FEFAFFC300440091
001B00C1FF36FF98
00DBFEC3FF9D003B
0124FF2200B90145
010CFEE0FEA500C6
FED3FF780013FE86
01C5FF67FF0D00C0
006A00C5FE59FF85
00B300C50026FFB9
FFE7000A0102FF88
00B20029006100D7
FFC3FF2EFE08FF0E
002CFF3EFF4F0164
023D0100FF6300A3
005F02EB00870023
FFE1FED00040FEBD
FFDFFF18FF7300A8
007D01CDFF39015A
FF98FF4DFFBD00F9
FF5300AB002C0111
0094FEEAFF1600C7
0147FFAAFE8700AB
FF97FF86FFA1FFDB
FBEB00F900870119
028800BD014E0156
FF2F0012FFF6FDBF
00AFFEC6FF27FFFF
00C5FF09FECAFF4B
FFCA00720070FFF8
FFDEFE75008100E2
00EF0057FE1700B0
FF8BFFAE0144011E
FF18FF8D0026007B
002300B7FF7AFFA7
00CFFEAFFFAE0027
0129FF2100A30135
00CEFF1EFE7800EE
FED4FF570009FE95
01DCFF68FEFD00CA
006800D4FE37FFE3
00AC00B80072FFD6
0001FFD100F7FF80
00B90036005F00DE
FFFBFF19FE2FFF0B
000CFEB9FF380134
023F0116FF4000C6
006302CD0081FFF3
FF8AFEFC006EFEE4
FFBCFEBFFF6300FC
004E0179FF2D0146
FFFFFF8AFFBE00CA
FF310071000C00D7
00A0FEF1FEE7009D
0114FF6CFE6200C5
FFB6FFA3FFD4FFAF
FBCD00AC00B70138
028900C80149016C
FF9F002EFFE1FD9A
0084FEF5FEE6FFD4
00C9FED9FECFFF52
FFF3008A0094FFD9
FFB5FE7C007C007D
0110FFFDFDFF00F6
FF490008016400DC
FEEBFFB400460092
0033009FFF85FFC1
00CDFEAFFFD0FFEB
012BFF3800AC011D
011CFF1DFEB9008B
FEC2FEEFFFFCFEC6
0191FF81FF850074
00C1009DFE4DFF93
011301120024FFA1
FFF5FF9B0125FF9B
00CF001B009E00A8
FFF7FF46FE22FF72
0030FF28FF3C0160
0209010CFF0B00A9
006002960099000E
FFA1FF090062FF09
FFFAFECDFFA800E0
006D01B1FF450102
FF9CFF9BFFE90089
FF1900F3003B010F
00A9FF0FFF2400B5
013CFF8DFE960116
FFA6FF9BFF970019
FBF500C3005100FC
022300E001270180
FF84FFF6FFC9FD96
00C3FF11FEF5FFEE
00C3FECEFEA0FF49
001B0087008B0036
FFE3FEB400380084
00F9004BFDD4008A
FFC6FFBC015B00C2
FF18FFBC002B0072
FFF300AAFFB9FFA7
00E8FE8DFF72002E
0103FEE700B400EF
00D8FF06FED500EB
FED8FF270049FEBE
01E1FF44FEFD00B2
004B00B4FE0EFF92
009200B70044FFE2
0021FFF20116FF82
00CA0051005800CB
001DFF31FE1AFF6D
0030FEEDFF66017B
02130127FF2E008F
002B0285005DFFF9
FFA9FEA8005EFED4
0016FECEFF5C00F5
003C01B3FF390112
FFA2FF45000F00E6
FF0E00F3004C00DF
0086FECFFEDF00A7
013BFF92FE7800D9
FFC7FF5CFF82FFE8
FBB700C400B00108
028400E30140014F
FFAA0046FFCEFD6B
0072FECCFF13FFA6
00F3FEFFFEBDFF2A
0037006E00D1002A
FFDAFE9A0064006E
00E70021FDF600F7
FF7BFFD5018200E9
FF0BFF92003D0093
FFF00097FFB6FF7A
010BFEABFF8F0040
00F0FF4500AB0117
00C5FEFDFED6009F
FEC8FF4C0025FE8D
01D9FF33FF190049
008F00BCFE1FFFAC
00AE00DE0017FFD2
0036FFE4013FFF85
00E60036008F00DD
0000FEEAFDFAFF28
000CFEE8FF85013F
02080143FF3D00F8
0039029C007F001E
FFB5FEE90004FF04
0006FE9FFFC300EC
00860194FF6E011B
FFABFF5C002600E9
FF2A00840032009C
008AFEF9FEEA00AC
0163FF52FE6300D5
FFA2FF7EFFAE0001
FC09012200AB0111
0281010B012E0153
FF830017FFDAFDBD
0076FF05FEFEFFE0
00B4FEF2FE9CFF1F
0021004F00BBFFF9
FFB9FE7E0086008F
01130074FDE600B1
FF9BFFDE019200BF
FF1DFF60007B0083
003B00E3FF92FF79
00B7FED6FF99FFEE
00C9FF1F00B50133
00F3FEF8FE6D00D5
FE89FF31003BFEC0
01B2FFBAFF0300BD
007500E4FDF8FF8E
00DE00C20075000D
005FFFDA00F0FFAA
00B3004B007600D7
0047FF41FE57FF5C
0058FEA6FFBA016A
024300E4FF44008F
00BC02820045FFE9
FFBBFED70080FF01
FFFEFEA0FF7900EA
005F01EAFF360123
FFBAFF5F000C00E6
FF42009A007900CC
0064FF00FEC5007F
016CFFD0FEB400C1
FF59FFD0FF98FFB7
FBB9009800B60141
027300F3012D0117
FFAA00260018FD69
0082FED6FF41FFFB
00C4FEABFE94FF7B
000200A500670023
FFCAFE8100880090
0107003AFDE700A0
FF61FFD7013600B5
FEFBFFD100660056
0034006EFFBBFFCA
00BBFE89FF6E003F
00FFFF2A00910147
00E5FEE4FE9A00D8
FE8FFF230008FE9E
0190FF69FEFA0078
0047010DFE43FF4A
00D200F0008FFF89
FFF9FFE70128FF7D
00D20041005A00C0
FFFAFF48FE47FF6A
001EFEBEFF63013E
023600F3FF05007C
005E02F10068001B
FF33FEC30047FE9E
FFF4FEEDFF9800C3
002D0189FF020144
FFD6FF70FFED00D8
FEF4008D000C00EE
007FFEC1FF1A00C0
00F9FFDAFE7F0110
FFAAFF92FF60FF8F
FBA600D600A20114
0257010100E30137
FF4700260018FD79
00DBFEE8FF10FFE0
00C8FEECFE86FF2C
002600D100FA0036
0048FEBC00660081
00EF005FFDCD009E
FF75FFC7014D0121
FF16FF7500470057
003C00AAFFD5FFDA
00FAFEB1FFBF0057
011DFEFC0092012A
00EAFEC8FE7300F8
FECEFF05FFFFFEBF
01DEFF6EFF31009A
00450109FDF2FF95
010F00C10056FFB0
0006FFBC00EDFF54
00BB0034005900F7
000EFF0EFE3DFF50
FFE1FEDEFF85016B
021C00FFFF1D0092
009D02FE00350033
FF88FEDF0038FEDA
0002FEC0FF5800ED
006101D1FF61018A
FF9CFF2EFFD900BB
FF2A0092003000FD
005BFEDFFEFB00B8
012DFFB2FE4700EE
FFA3FF8BFF8CFFB8
FB900109008E00E7
029E00FC013A013E
FF98FFF60016FD67
0083FEC7FECFFFFE
00DFFEDDFE8CFF53
0020007100BAFFEA
FFA0FE79006A006B
0107004CFDA600D5
FF63FFA9014800F6
FF15FFBA001A0077
004B00B9FF58FFD0
00CDFEA1FF8C002F
0102FEEB00C00127
00FBFEECFEDF00D8
FED0FF1B001DFED7
01D2FF6CFF2500CD
007400E8FE5DFF64
00EE0075008CFF76
FFF9FFF000BBFF81
008A002A005A00B8
FFE4FF10FE29FF3F
FFF8FEF0FF670146
01EF0105FF4E0089
0064023E00B5001A
FFC3FEC4007FFEAF
FFF7FEFAFF38009C
006E01C0FF38017E
FF94FEFBFFE200EA
FF1300BF00590103
0081FECDFEF7006F
0122FFA5FE6400CE
FF82FF73FF97FFE1
FBD900FD009D00FD
02A300DE0124013F
FF78FFF80014FD97
00C8FEE9FEC80017
00E0FED8FEA3FF70
00490080008E0028
FF77FE810059008A
00C2003DFDD200A3
FF93FFC7012E00D6
FF0CFFAC003700A2
FFF600B4FFB9FF58
00E9FEC0FFB50014
0154FF2300930122
010AFF15FF2500BA
FEB6FF41001DFE79
0218FF5CFF0100A1
005F0107FE2BFFAE
00F300A50038FF9D
003FFFFD00FBFFA1
00AD000700B400C5
000CFF1CFE56FF32
FFF9FEFDFF66018F
024700EDFF8200E9
003B0289006A004C
FFC1FED00053FF19
FFDDFEECFF8300F6
00730178FF780165
FFCCFF5AFFF400BB
FF0300DD003500F2
0076FEEAFEE10083
012DFF77FE7C0107
FF7AFF55FFABFFAA
FC0400D90087011C
026A009D01510158
FF5DFFFFFFAAFD88
0051FEE3FEFBFFD4
00EDFED7FE86FF59
003D007600A8FFEB
FFA7FE79009600A3
01070031FDE000D2
FF5EFFCB01A300BD
FF01FF9B007A0098
000200A7FF75FFB2
00F2FE9AFF9D004E
0115FF5000820112
00EAFEFBFEB100DE
FEB6FF57FFF6FEA3
019AFF9FFEE800BA
004F0105FE56FFBA
00C7010E0090FF8A
0016FFFB00FCFF9D
0109004B004400B8
FFD3FF22FE26FF2E
003BFED4FFA60155
0234011BFF4000CD
008A02BC00880022
FFB3FEEB0025FEDD
0016FEEAFF9600C0
0050019EFF2000FC
FF99FF3DFFED0107
FF210095002000CA
0091FEB4FECA00EE
012DFF9FFEA70105
FFC3FF95FF83FFCD
FBA000D6008E0117
029A00EF01220158
FF7A0008FFEAFD8C
00BAFEE2FF06FFCB
00B6FED7FEC4FF3A
000500F700830011
FFE3FEAA00350088
00D20039FE04008F
FF52FFC701800107
FF47FF95004D009A
003600B2FFABFFA2
00F3FEC7FFB10017
00F4FF3900950119
00FBFEF3FEC300BA
FEBDFF220028FEC9
01E7FF35FF2D00BB
005E00D1FE39FFAB
00E600D40066FF91
0058FF850108FFC1
00D2000F008300EA
FFB9FF08FE1FFF83
FFFCFEE4FFC1013F
01EE00F5FF3C00C8
00B802CF00890032
FFB4FF13000BFEDE
FFDEFEE4FF6F010C
006501B2FF490154
FFC9FF57FFF700B4
FEF9008E0023011C
009DFEBBFEF500A3
010AFFB1FE6800CE
FFC1FFA6FFAAFFDC
FC1700FA008300FC
02AC013A017C0122
FF5FFFD20014FDA4
009AFF0AFF190039
00CCFED2FE75FF35
FFE300AD007C0002
FFD2FEC3005F00D9
0116005CFDFB00E4
FF99FFE6016300D8
FF51FF60003A00DE
006200BFFFCFFFAB
00CBFEEBFFE2FFF0
0178FF2800B9012B
012CFF1CFEA10078
FF14FEE60022FE8C
01B3FF88FF19009A
00350054FDF7FFB2
016F00BE004CFF77
003FFFB30125FFA3
00D300280070010A
FFECFF73FE57FFBD
FFBBFEC2FF64012F
01A400BCFEF40082
00CF02E9006A0047
FFE1FEF7FFFDFEEA
003AFECBFF6B00CA
00A501CBFF0800F4
0009FF87FF94011F
FEBD00BE0076012A
0089FEDCFEBE0089
016DFFC8FE5400E1
FF7EFF32FF720002
FBF200D10064010E
0236012901470195
FF51FFAC0008FDA9
00ABFEF9FF010005
0131FEC3FE9EFF30
000900A90119FFF1
FF7EFE69003B0087
0104001EFDF0008F
FF85FFBB015D00CE
FEBCFFAF0031003E
0036006AFF97FFDA
00BEFECBFF70FFEA
0105FF14005A00C0
00B9FF1BFECA00AA
FEBBFF66FFEEFE94
01ABFF44FEBB0125
006200D9FDEDFF7D
00D500A600A6FFA5
0073FF9B01210004
00D0FFAE000400C9
FFF3FF22FE7EFFDE
0013FEB0FFAE013D
01C80134FEC7008F
004002A70083FFBD
FFB2FE71FFCDFEEB
0043FEDDFFA000AE
00610160FED70166
FFACFF4E008100A7
FECF0054003C00EB
006EFE6BFE9B00F6
00F40000FE7F00B2
FFD8FF50FF5D002F
FBA700B20055010E
02850121013E015D
FF930005FF99FD7C
00A0FEB3FED0000E
00E8FE96FEDCFF0F
0018013100DD002B
FFDDFE87007F0012
00E30044FDB800FD
FFBFFF98016F0122
FF1EFF77FFC60006
00610030FFC3FFF3
007AFEE3FF230020
0155FF34007400AE
0085FF8CFF3F00AD
FF24FF49FFB6FE8A
01ADFED4FEAB0182
001000A0FE06FF2C
00CF00A4005EFFF2
00ADFFD7013DFFF2
014FFF52FFD300BA
FFF9FF2AFE9AFFB3
000CFED5FFEF012D
01A70117FEF00068
003302B9003EFF9F
FFABFE3DFF89FEDD
0079FED1FF8F00A9
0015012BFEE60160
FF61FF45008A00A0
FE970025001D00B9
0024FE45FE7A0133
0118000BFE760056
0003FF28FF950039
FB8B005BFFF7011F
021C015001130149
FF850005FF3EFD9B
007DFEBFFEEB0009
011EFE8FFECEFF15
FFF201C600830017
FFD2FE7B0086003D
01200048FE070171
FFE3FFBE01B801AD
FEB1FF4BFFB5FFC1
0070FFCCFFF3FFFC
0020FF43FEB1FFF6
0164FF520045006F
009CFFA3FFC0009C
FF24FFBEFF7EFE94
0153FEDCFE5301AC
FFF2009FFE39FF22
00B2005E006BFFEF
00A4001E01890052
015BFEBEFFAD0047
000EFF73FECDFFD6
0032FF35FFD900BA
01930100FED50004
FFED026D0031FF41
FF8DFE17FF50FEDC
00A1FECEFFCC0054
FFF5010FFE8A0192
FF61FF9300F50048
FE78FF58FF9D0065
0026FDF7FEDC010D
00AB005FFE9FFFCA
0034FEF8FFF10063
FB9B002500120153
01C4014201120158
FF67004FFF28FE03
00A8FED0FED80011
00F4FE26FF0EFF23
00220233007A005B
FFF5FEB8008F001E
00D60065FE2801CE
003DFF8F018F01A0
FE74FFC0FF8CFF6A
00A1FFB200160032
FFDDFF17FE67FFEE
0146FF82005F006E
004FFFC1FFD50084
FF5C0058FEEDFEBE
00AFFEA3FE770187
FFFC002CFE1CFEDA
0050008600650084
007B0048022B004C
00F4FEAAFF2EFFB9
0075FFA6FEFF00B4
00A5FF5EFF9000AB
012C010BFEF0FFA7
FF6201E900C6FEF1
FFBEFDFEFF57FEFA
00E2FF6CFFF2001B
FFAF0071FECE012A
FEECFFA20158FFF4
FEB9FF1AFF9D0073
FFD1FDE4FEEA0143
000000C7FF14FFD8
00D7FF42005A00FF
FBB1FF7FFFE0014A
012701020050011C
FF9800E4FEEAFE9A
0026FF07FEE5FFE6
00A4FEE8FF2AFEDD
FFD602410086003D
0056FF4F00B6FF77
00A40077FE7E01F1
0083FF4701130194
FE5CFF90FF45FF43
00A0FF7900720030
FF94FFA5FE4CFF86
0111FF6D0091004E
00000027008A0017
FF7F0060FEEBFF6E
FFD8FEC6FEB101DA
0001FFA9FE01FE88
0082FFE1000F009F
0026007202310080
0105FE7FFF19FF32
00DEFFE9FEF00123
00A1FFBAFFBCFFF5
00D10108FF27FF71
FF5F016900BBFEC4
FFB1FE3CFF69FF62
0144FF50006CFFFF
FFBD0021FEE200AB
FE86FF87018DFF2E
FECDFE9DFF97FFCC
FFE7FDF3FEF50143
FFB3010FFFB1FF3F
00CEFF21007E0137
FBABFF78FFFE0193
0109011DFFEC00F5
FFA400B3FE29FF04
002DFFAEFF0A001A
0062FF11FF16FF30
FF940206004C0040
005BFFD60043FF4B
00880046FED501FA
00F2FECC006C00E9
FE5FFFDAFF3EFF4F
005AFF6D00BC0051
FF42FFA0FE12FF91
0189FFAC00C70070
0049007F00ABFFB3
000A00F6FEB3FF2C
FF98FE7AFEDD0163
FFD8FF2BFE69FDF3
002D006D000F00B7
FF4B00CA03610082
00F2FE52FF23FEB1
00E4004FFEC101CA
00DB00ADFF26FF4C
007900D2FF87FF8E
FFE801200184FE56
003CFE7AFF6DFF8E
0145FFE500A4FF41
FF780032FECD0089
FE44FFF901C4FEF5
FED0FEACFF4AFFC4
FF9DFE06FF020168
FF8F0135FFD9FF0C
0112FECF010E01A4
FC25FEE200420188
006C0176FF68005A
001C00F7FE4FFF74
002C0007FF5C002C
FFC6FFBEFF42FEAF
FFC701E5007A0039
009E001DFFFBFFD2
008C0083FF5A01C8
0174FEFAFFD100FF
FED10031FEBBFFC4
FFE6FF870111004E
FF57FFC9FE5EFF22
01B0FFE70111009A
0027011F011EFFAC
003400C1FEB8FFBB
FF66FF5CFF27016D
0032FECDFE30FE1B
FFBF002E003D00D4
FF0F010703AD0078
00D7FE5AFF41FDF7
012600B2FEE00210
00F200F6FED8FEA8
FFF3004BFFFCFFC7
0002001D021AFE96
00A6FEFEFFAB0005
011F005A00D8FEE3
FFA8000EFED2003A
FE67FFCE01DDFE9E
FE6BFEA9FF6CFF99
FF68FE01FF6E0138
FF6301920035FF30
00AFFE8D01020158
FC9AFF6300300124
FFF3014CFF230015
009E0076FDE7003E
FFC2007DFF7C002C
FFA4FFFFFEDCFEDB
FFFB014800B20046
007D0080FF850007
008600C0FF9A0189
011BFEACFF4E0042
FF370013FEABFFF5
FF8FFF5500C20056
0000FFA5FEAFFEBE
014F0021013F00B7
008F01B801370042
00AF016FFEFFFFF2
FF470011FF9E0154
00ADFE8AFDFBFE8F
FF4000D2008A0109
FF0C00DC041B0025
00A1FE4FFF69FDF4
017C00FFFE5A01E1
00F800B7FF24FE06
FF8F00B800220090
002DFF71027BFEC6
0085FF53FFC20031
009FFFF300F2FE93
FF5B0019FEE6FFDE
FF0A009201C9FEE8
FEA2FE80FEFFFFA9
FED0FE3AFFF90122
FF2E016000DAFF0E
0016FEDB01600135
FCF8FFA8006D00AD
FFA800FFFF0AFFCA
012B0048FDAE0065
002C00F0FFB000C3
FF380023FE79FF08
001600C100F2000F
007F008AFF570048
0044FFC0001101BD
00FDFE9EFEA2FFF3
FFAE0014FDF8004E
FF4EFFB101070067
FFEAFF82FF2DFEAF
01340090014300D3
00E701660175007B
00BD0187FF130035
FF7C00D6FFBF0137
00F7FEBBFD89FEAC
FEF4010200A600EA
FF1B00E60470FFA7
0009FE70FF89FDE0
01E7011BFE510223
010200A0FEC5FDAB
FF8D007800C700F5
0092FEE002A6FF39
00B8FFBFFF900042
0045001A009DFEF8
FF620003FEEDFFC9
FF6100F2017CFF22
FF09FEE3FF24FFBC
FE9EFEA2FFB500F2
FF7C014400F9FFCB
FFC4FF020175012B
FD63FFBA00C200CD
FF290112FEF5FF3E
01E1FFF4FE320108
FFBA0196FFE000FE
FF390028FE5AFF23
007E001100FEFFEF
007E00CAFF0D003F
0079FFDE000C020E
0064FE9EFE1CFF61
0090FFEEFE0C0065
FED2FF7200D80023
FFFFFFAEFFBDFE97
00A2013F018800CA
00ED01A700FC00A5
00C80176FFD1004D
FFF00148FFBD0106
00FEFF25FD79FF05
FE700179012F00E3
FF5900CC0468FF02
0028FEE3FFF9FD93
01F70115FE6601AE
00D8003BFF2EFD79
FF7BFFE7012100FF
0093FEAC02ABFFC1
00C50009FFAE0050
FFFE000B00DFFF06
FF69FFEDFF32FFAD
FFF9017D0114FF7E
FF3FFF2AFF0BFFF3
FE36FF0BFFF70088
FF3500980115FFA0
FEEAFF930157007A
FDC2FFD400EB00ED
FF5800C2FEEFFF1C
0235FFFBFEAC00B5
FFDA01A200040105
FF4F0085FE21FF52
0063FF8F00C00022
00650148FEFD004E
0041FF77008B01A1
FFF4FED0FE00FEF4
00B7004BFDEB00DE
FE61FF5200CDFFE7
0039FF67FFFBFEB5
009200FE019F00C9
00F6014F01270080
00BD013F002A0066
FFF7014FFFF4008F
00DEFF3FFD6EFF26
FE56018E014400ED
FF6B00E703F4FE9A
001FFF3C002DFD9F
01F90118FE81012C
00C70049FF7EFDFB
FF7EFFC1017F00FF
00B1FE7802760045
008E0088FFC3007F
FF8C001900B9FF3B
FF9B001FFFBCFFAA
001B013A0094FFF4
FFC0FFABFF420026
FE50FF80FFACFFF8
FEE8002500CEFFC6
FEABFFE601370019
FE140049018100A3
FF650025FEE2FF1C
021B001BFF0C00CF
FF73018C007E00B5
FF3A00B9FDE4FF7D
0027FECE009C0033
0037013AFEFB0090
005DFFA700480130
FFB4FF69FE40FEDD
0115009CFE7A00FE
FE53FF9500BDFFA6
0048FF8D0055FEC7
00720133015300F9
00E0017D007C00B9
00A60142001E0056
00270196FFFC0095
00FCFF30FDBCFFBA
FE31017301520071
FF7700AD035AFE0B
0004FFCF001AFE0D
01FF00DFFEBA00AC
0058FFFCFF8BFE48
FF92FFD0019D0117
00E8FE4A02910072
0079008E00550098
FF78FFB0008AFF27
FFD9001CFFF3FF55
004A016AFFF90077
FFB5000CFF550053
FE1DFFFFFFE1FFA5
FEF0FFBB00D0FFCC
FE93001D00F5FFE9
FE6C0039014D0091
FFA10022FF26FF65
0271FFEEFF5600C7
FFCC01080063009B
FEEF00B8FDCDFF76
000BFEB800E4003D
FFEE010FFEF800AC
004BFF55006B009B
FF0DFF85FE3CFEC4
00D9003FFEBD0104
FE97FFD400B4FF43
0031FFB000B6FEEF
00780136014F00F5
013A013E00650078
000800A30070002C
00690172000F005B
0096FF7DFD3FFFA4
FE93014701140087
FFD200E60314FE64
FFF7FFE40041FDFE
01F000E0FEF9003E
004A0022FFBBFEA7
0007FFA201C30130
016CFEB5026100C5
005A010E001B009B
FF50FFD9000EFF9B
001B00BB0059FF73
00810169FFA300CA
003C000BFF6B006E
FE7A0050FFD2FF8D
FF18FF8800A2006C
FE08008B00D7FF3A
FEB90046015A004E
FFC70068FF4DFF7A
024BFF93FFED00C2
FF8100E300A30069
FF1100ACFDFCFF6F
FFF9FEAB00B0FFFB
000700C5FEEE0123
0055FFC0005C006C
FE9EFFADFE71FEBC
00E00062FE99010C
FE6E0007005EFF3E
0043FF77011AFF64
00750127014B0110
010800F5FFA00065
FFEC004C0096004A
00AE0198003E0091
0083FFBBFD32000B
FE92015E00F3004F
000000B2026CFDB4
007900450080FE80
022800B2FEF9FFFE
0000FFC8FF37FF7C
006AFF8E01DC0131
00BFFEF5020100F0
0034012400320095
FF20FF9AFFFF005C
002D0087008CFF74
00A60168FF70015B
FFFB005CFF99005E
FE9D00B3FFE3FF42
FF52FF19008F00D3
FE0D00A9005BFEE8
FEA1007401590032
0022001FFFB60022
027EFFC6FFEA0065
FF5400A000DAFF9F
FF5D00ABFDB6FF9F
001EFE3B00CD000D
0035002CFF0800C7
009FFFAE0032FFE8
FE850059FEABFEB3
00FCFF8AFF15017C
FE93009E00BBFEC5
003CFF8F0132FF0F
006C012C01310112
012900FBFF78002A
FF90FFE100C50022
012401B3007F0144
0051005DFCE4005E
FE8B01C000E7001A
001700640204FD9F
00900043007DFE9B
024100B6FF2DFF1A
FFB0FF06FEDA003D
00BDFFD501BE0220
00F0FF7C01B40083
001C010B000200AA
FEF5FF09FF9A00B5
006500A40104FF51
011D01D3FF3A0221
FFE50089FF600082
FEE50065FF96FF3A
FF7AFE4A00040147
FD5300CB0076FEC7
FEA800BE014C001E
00650044008600B1
0301FF030069FFF7
FF320059008BFF9A
FF8DFFF4FDA3FFEB
0034FE8B00ECFFC6
FFA00002FF120167
00A6FF27FF590068
FDF60040FF50FEED
011FFF7BFF010185
FED000B30066FF13
FFF5FF550171FF62
00D00114011600F6
00FD00A0FEF3000C
FF10FF4B00BDFFF9
01D6013E0075016E
002600E0FC4E00A1
FED9021F0083000B
0101FFFF017AFDEB
00520065007DFF4B
01F20089FEC5FECE
FF2CFF0AFF2B00B3
016EFFE701F5021C
00CA0009014900E1
FFFF00FC0003005D
FEB3FE8EFF140171
00CB00A100FBFFBE
01560182FF32025B
FFB900C6FF8B00F8
FF120081FF34FF9C
FFE0FE72FFA4019F
FD5600E10050FE84
FE6E00CC01170063
013400C9009A00D4
02E5FF2E00C0FF90
FF02FF980055FF7A
FFE8FFD5FD9A0051
FFEFFEC200D6FFF4
FF9AFF56FF350154
010EFF37FF170021
FDAE0098FF97FF90
00EDFF1CFEDD0143
FF20007B005FFEEF
0009FF42015FFFA9
0090010100BF0100
00360065FE330023
FF0FFF1700F2FF8F
02E4005AFFF001B0
00210175FBB10114
FF1201CC0002FFEB
014E001C0102FDBB
00D10086004B005C
01D70023FE68FE41
FEA4FE88FFA10146
01E2007A021101E1
002800EE012200F9
FFD300E9FF96FFEB
FED9FE16FEE4019B
00C800E500D1FFF6
01890159FF510266
FFA90064FF5A00A9
FF1F0043FF5AFFCA
0055FDFFFF010192
FD49009D0030FE7D
FE1D00B1012B00ED
02090133008F0130
028FFFCA00C5FEFC
FEDAFF13FFF1FF3A
0068FFDAFD8B003F
0032FEE0010AFFF4
FFC2FF0DFF7E015B
013CFF3CFE7C00A3
FD6C00EBFFFE0027
006AFF12FF11013B
FF1000630044FEB5
0011FED500DDFF96
008C006000A400EE
001C000DFDE800A0
FEC3FF1400C0FF62
0356FFDCFF9A01EB
FFFB0198FBB30141
FF4F01FFFF4C0013
0171003C00B8FDD7
01510030009700F4
0182FFB7FE3EFDC9
FE9CFE38FF8A017F
02C700A9020701FB
FFFD0183007C00E0
FF590021FFE8FF8A
FEFEFD62FEB90217
00FD012F00960069
01920121FF7C01FF
FFEA0057FF320086
FF25FFEFFF1DFFFD
0038FE42FED10167
FD5900770069FE33
FD6C009D01320153
02B300FA00640199
022500320084FE4C
FEE7FEA0FFB3FF24
0093FFD1FD590028
FFFEFF3000AC003A
FFA9FF030011013B
01BCFF1FFDEE00F1
FD3C00AF009600B4
FFF1FF3BFF0500DA
FF3BFFF20020FEBB
0078FE8C0032FFCD
00C2FFA700AC00B1
FFCDFF71FDC600C9
FE96FF230064FF0F
034FFF05FF4B0144
FFA001AEFB72013B
FF7A012FFF1F0042
013700A5008BFDD7
017A002800C8015D
010EFF53FE79FD7D
FE9AFE4D001701A4
033200BD00F201B8
FFEC021400790109
FF00003CFFCCFF1F
FF20FD47FE8D01B2
013501C7006D0085
019700A1FFBF018B
FFF20013FED70049
FF0DFF75FF6EFFDC
002FFEB5FDFE00EA
FDDB00580098FE15
FC9C00BA018601AC
034A0132002201C4
019800D700B0FDF7
FE84FDDBFF4EFED7
00AF0021FDBFFFB6
007BFF5F00DD0095
FF5EFF21004F00E3
01A5FF86FD43015A
FD88008B00FB00FD
FF35FF9DFF3F002A
FFACFF9EFF71FEEE
0047FE43FFA50049
0094FF41004B00C3
FFC1FFC6FDAA016E
FEA2FF550021FE99
02F4FE8FFEE70113
FFAE01A2FC0F00A0
FFE40096FEDC0036
010200F4004DFE36
0193FF9E008101E4
007AFFA1FEBDFD7F
FF06FE4E000C01DC
033C00F100E300D5
FFC30268002900A7
FED4FF940019FEB4
FF45FDDBFE55013A
011301FBFFC7010F
013C0035FFF70101
00430005FF01004F
FF0EFEFEFF730029
FFCAFF7BFE4200DA
FEB100060074FE77
FC050035012801C7
033900A9002B01A8
008E011F0054FDA4
FEA7FD56FEDEFEB9
00CF003DFE06FF16
006CFFC0006400F9
FFD9FF20011500AF
01A00010FD220185
FE01007200BC01B6
FE74FFBFFF6CFFAE
0044FF76FF6DFF31
004DFDECFEDF0029
007BFF37000E00A4
FFA3FFA8FDF9016A
FE45FF90FFEBFE50
0299FDB1FE9F00CA
FFD0013FFCB1001E
FFF90072FEBD00A0
010D010F004DFE9B
0189FF1A000F019E
007CFF31FEC2FE03
FF68FE23002F020A
034A01400005009B
FFCA0295001A0043
FED5FEEE0042FE65
FF77FE10FE8F011C
004F01C7FF6F0160
00B5FFBF005C00BE
0035FF8BFEC9FFFC
FEFDFEA2FF60008A
FF9EFFC6FE3400CE
FF86FFF90094FEEF
FB53FFBD00C801A0
02FD008300220195
005401A50027FD5D
FEA8FD12FE7BFEC2
0065002FFE7BFE8A
0073009B005300C3
FFE3FEDC01340076
01B6FFFBFCDE01A3
FE51FFED01060226
FE04FFF2FF6AFF6E
00CFFFA8FFA1FF7B
FFF8FDDFFE500055
00D9FF0100040065
FF81FF4AFE970124
FE50FF8BFF97FDEE
0212FD63FE730099
FF5F00A0FCF2FFEA
FFCBFFABFEB800B7
00E80124009FFF1E
0143FED9FFD0015D
004FFF82FF3AFE59
FFC8FE7DFFF70264
02DB012CFFB2001D
FF7B02BB0069FFE8
FEC5FEF8002AFE0C
FFFDFE98FE4C009C
00110217FF4D0127
0065FF9500DC001C
0046FF9FFEDE001B
FF43FE2CFF85004F
FF0B0042FDED0086
0069FFCF0074FF85
FB49FF2D00E501C0
029700CD0007014D
0034021C000BFD7D
FE7CFD04FE61FE78
00E30024FEFFFDC9
0083015E0022018A
FFB8FED201210062
017B0030FCAD01F1
FF2D002C016B0279
FD2AFF9CFF3EFEF3
010FFFD1FF530005
FFE1FD97FE5FFFFB
00BFFF37FFD6008E
FF36FF85FF340119
FE68FFC1FF15FDC0
018DFD67FE92004D
FF950027FE03FFBA
0023FF64FE9700F1
008A012E002EFF49
0121FE77FF4C018D
0036FF98FF26FF02
008CFF0EFFAE0244
02970176FF7DFFF5
FF73028C00B1FF9B
FEDCFEBA0018FDC3
0049FF0FFECC005E
002A01B8FEE60197
FFCAFF4E0162FFA6
0054FF39FEA9FFD9
FF3CFE00FFC90097
FF6B0062FE7D0081
00DCFF4300D70048
FB4DFED4009801A9
026B001BFFE201E3
FF5D028EFFA5FDDF
FEB6FD15FE3AFE8A
00B40064FF1DFE09
00D0013F00200111
FFC2FF2B01160026
0084002DFCC301D8
FFB3FFB90144025D
FD0EFF8BFF3AFEAF
0110FFD1FF770071
FFCBFD82FE12FFE5
0078FF7DFF92007C
FEC0FF83FF9400D3
FEA50026FF21FDBA
011EFD29FEBA002C
FF94FFFCFE31FF61
FFE1FF56FE8E014C
005A00F400DBFFCC
013DFEA9FEFE00CD
001AFFBCFEF4FF70
0089FF4DFFA101CC
01CF0167FFBFFFF7
FF4B025B00FAFF64
FF2DFF2F003CFDEB
004EFF2EFF120020
FFCB017BFED50163
FF75FF1F01EFFF8A
003FFEA1FE71FF65
FF3BFE1EFFEE010E
FF32005DFE940036
0111FF7000EA00F9
FB8DFE90008A0175
02390059FF9B0165
FFA2028FFF56FDEE
FEC3FD74FE30FEC3
00910062FF8CFDEB
0085015500050134
FFEAFF6C0149FFF8
0086FFF3FD2801F2
0008000800F30217
FC68FFDBFF0AFEA6
00FDFFD5FFBA00DF
FF9BFD96FE1AFFB4
00D3FF56FF170073
FEC7FF90FFC600B5
FE6D0061FF06FDE7
00CBFD18FEE8FFDC
FFECFF99FEB0FEE7
0034FF2FFE55010B
001900D40185003F
00DEFEACFEC200D4
FFCF0002FECFFF91
0089FF9FFF5A0190
018A011BFFB9FFA1
FF1802420140FF32
FF28FF180050FE1E
00E2FF84FF87FF8C
002D00AFFEDF0174
FEE9FED301EAFEF7
002CFECEFE6CFF6F
FFD0FDEE00770175
FF3400C8FEE9FFD3
015EFF280104015E
FBACFEAC006C0187
0215003DFF5A0188
FF5702D6FF65FE76
FE91FDABFE0BFF1F
00C400DFFFBBFDDD
00A900C4FFEB00F7
FFCCFF920141006A
FFF9008DFD98020A
007DFFFF008601A3
FC91001DFF44FEDB
00CFFFF1002B0135
FF83FD98FE58FF72
00C0FF8BFF650088
FEEBFFEBFFFA0076
FEB200C4FEB6FE21
0067FDCAFED7FFC1
FFF9FF6CFEF0FE88
0084FF0DFE540141
FF99011501F7008E
0097FEC2FEB80011
FFDF003EFE680047
00750045FF5300D0
010A0126FFCFFF8C
FFB201BA0201FEF5
FFA0FF590065FE49
00F6FFDCFFB7FF4F
FFD800ACFECB014A
FE61FEF1025CFE6D
0019FED4FE87FF57
FFD0FDEA00870176
FF52013BFF73FFA3
0174FF36012801BE
FBFDFE9E007E0179
01DE00E7FEDA00ED
FF4D028BFF20FF05
FF17FE81FE39FF9C
004D0148FFBAFDCC
0046012D006D00B2
FFC2001100BE0081
FFC600B4FE1001CF
00EEFFE7FFE70171
FCE90024FF11FEF9
0109000A00510112
FFD4FD9DFE3EFF1B
00C5FF69FF9700EB
FF26FFFF00290083
FF5B0141FEF8FE63
0028FE1DFF31FFCF
0016FE93FF02FE74
006FFF24FE870149
FEA4015F02B70097
0063FEC1FEE7FF85
00410039FE5800D9
00A400C1FEFE003D
008E0138FFE3FF8F
FFBE01A50279FF14
0004FF8E003AFEBC
0135004FFFA2FE76
FFC000B5FE8500FE
FE24FEC601E0FE73
FFF8FEF8FEADFF5A
FFD6FE3C008B00F7
FEF401A9FFCEFF4C
0190FED7013B01F8
FC41FE79008900B5
015400B6FEBF0104
FF1A0236FEF1FF3F
FEFEFEC7FE27FFC5
000C01A7FFABFDC5
002D009900330079
FFD6000200A600A6
FFB40070FE5B01B7
0112FFABFF1300D7
FD620014FF0BFF71
009D002D00FE0146
FFE0FDC2FEADFF3F
0122000FFFF800D7
FF80004A0032000A
FF950142FECCFEE3
FFD0FF1AFEEBFFB0
0020FE81FEBCFE20
006CFF36FEF4012C
FE920127035100B1
004EFE99FEC7FF44
0036006FFE3D0139
009400ACFEA9FFB1
000C0103FFF8FF6C
00B000CB02B3FF1F
0049FF630023FEF6
01470085FFE6FEAD
FFB300CCFEF300B1
FE35FEF801D8FE32
FFDFFF20FEE5FFA6
FF91FDC900BF015C
FF2E01CF0042FF99
0105FED701200247
FC5FFEF300AD0111
0087012EFE670049
FFC001C0FEB0FFF1
FF74FFAAFED10037
FFE401C8FF4DFDDD
008900A500C80027
00110067001200CC
FF4C00C5FEC60182
0145FF9DFE460021
FDA1000FFEDBFFCF
0038001800F00114
FFA2FDDDFED8FF15
011E001D003700D2
FF72002F01030039
000E0131FECCFEAE
FFEAFFADFF5FFF54
008EFE67FEDEFDD3
0045FF73FF2C0141
FE47011803A60034
003EFED6FF2EFE87
00A300CDFE4401B5
00F200EAFE75FF63
FFC7010A007FFFBA
00A5006002DCFF5B
0067FFD10020FF2C
013300E9000CFE55
FF8B00B0FEED0041
FE25FF4B01ABFE70
FF92FF98FF3FFFA8
FF99FE2700580100
FF8C01880050FFF1
00F6FE99011C027C
FCB2FF0D00CE00C3
00460115FE310025
0007017DFEF00053
FF3B007DFF3A0040
FFEA01D9FF0FFE0B
0077003000E4FFFF
000100B6FFEC009A
FEF600A8FEFC01A7
0118FF57FE1FFF90
FE64001FFECC0027
001700180123011B
FFD7FDDEFF2BFF34
00EB008000940101
FFF0007A01000050
00650162FF10FEFF
FFAA00B2FF36FF80
00AEFE76FE94FE97
FF98FFE8FFD7013B
FE26011B0433FFD7
000DFF2AFF2AFE75
00EC00CBFE0A018C
00D600A6FE34FE68
FF51014B0097004C
00F0FF950329FFCF
00EDFFF3FFFEFFA5
010D0112003CFE2A
FF9700B2FF36FFE1
FE88FF8F00FCFF1D
FFC2FFB2FF4FFFB6
FF97FE63006700D3
FFB90125007FFFE9
00AAFEAC00F80252
FD03FFB9010D0091
FFF50158FE1BFFAF
005400EEFF0F00DA
FFAD00DDFF5500B1
FFE8019DFEC1FE1D
00A7FF900161FF8D
0006006BFFB500B9
FF5B0071FF760166
00C3FF18FDFBFF4E
FEFEFFDCFEDE0017
FF9E008D0156015B
004BFE71FF9CFEC4
00C100DC009C00FE
FFBC00A900BC004D
0068016CFF57FF65
00030176FF91FF8D
0108FE7EFE6AFEF0
FF7D000F00060110
FE600042045B0001
FFAAFF82FF73FE2D
00E200FAFE65016D
00E00070FE5EFE86
FF4700F200BF008E
013DFF950332FFF7
0134002EFF940011
00D500DB0033FE25
FFD300A9FFC6FF90
FECCFFE700BFFF51
FF9BFFD8FF6F000B
FF97FEB70064004E
FF9E00D300EFFFD7
FFF7FF1B00A00210
FDD9FFB900F4003F
FF9F0111FE82FF41
00A200C8FF2500EA
FF97013CFFCB0132
FF9B01C8FE6CFE5D
00A3FF900140FFD3
FFA20094FF880150
FEDE001AFF970187
007CFFA1FE1FFEF4
FFC2FFEFFEAE00A4
FF30008101C400FE
007CFEA7FFDEFF30
00AE010400E60100
002000B80102007B
00180115FFDFFF5B
00130212FF96FF60
012CFEDFFDCAFF1F
FF2B0084007900F6
FECB004D042AFF5A
FFA7FFE9FFD3FE21
012A008EFEA10130
0114006AFEE1FEA9
FF6700AD009300D9
015CFF2302EA0009
00EB007DFFAD0094
0081008F008FFF00
FFA2009D001CFF10
FF38007C0031FF7F
FF760020FFA80036
FF89FF3000430006
FFF2005500FF0010
FF7CFF4D005E0171
FDD7FFE201490037
FF7C010FFE96FF03
011B0061FF8B00CB
FF9E017A002F00FF
FF9B018CFE68FEC8
006EFF40012AFFCF
000400EEFF5B0134
FEFD00A3FFD90133
0064FFD4FE34FEA5
0027FF93FF2800B8
FF4C00F5018B009C
008EFEE40006FED5
0046011801290107
004C00D90061006C
001C01020056FF65
004E0240FF8FFFB3
0111FEEEFD5C0019
FE8600BA009D00E0
FF2AFFC803EBFF5A
FF6A004B0022FE50
016700DEFE7000E6
00D8FFF2FEEFFEBF
FF4F008400CB013C
0173FEEC02B60015
0106007CFFB60107
001800750001FF2D
FFEA007D003AFEBB
FFC800FDFFCB0017
FF470085FFE70056
FFA0FFAF0020FF94
0005005D01150062
FF04FFEF00810117
FE5BFFF40163003B
FFBF00CDFF29FF05
01820008000C00DA
FF6E014C002300FB
FF7300FFFE75FEC8
0070FF1A00F00008
000900BFFF430108
FF42FFE9FFF6011D
FFD7FFEDFE7BFEAD
00D7FFB9FF2900F1
FEBF0092014A0003
0106FF1F0038FF37
00000141015D012D
004E008A000700BE
000C00FC002EFF89
0080024C000BFFD4
0100FF2CFD040031
FEB2010F009800EC
FFA6002203B1FEDD
FF9700A60041FE32
019900D6FEA1006B
009C000BFF9AFEF2
FFD2004400F2015C
01A7FF2E028F0041
00C30090FFC7011F
FFAD0013FFF2FF3A
FFC200B3008EFEAA
FFE10114FF4F0095
FFA00061FFF00055
FF8C0055FFD0FF46
FFEB000C010D0091
FE72004B0010005C
FE8B00050172FFC9
FFE400D7FF5AFF09
0199FFC1002A00C2
FF3101130072009E
FF5400B3FE5EFF63
003EFEE600BDFFDF
0036005BFF7F013F
FF58FFEF00100071
FF490038FE9EFE97
0139FF6CFF49013C
FE820097010BFFE1
012CFFB0009FFF22
FFDD016A01CD0151
0050008AFFA600EC
000700C20066FFFB
00C8026400190047
0098FF9CFCB30085
FE7D011E00D2009B
FFD2FFD302FDFEAB
FFAD00A9004BFE70
01A600C0FEABFFF2
0071FFD3FF5AFF56
0020003500DE0155
0193FF5101F70049
00A70083FFB600EE
FF92FFBC0005FFC5
001500DE00E1FED4
003D010CFF3C00FC
FFC8007A0043007C
FFC80065FF9CFF56
FFCEFF7D00E500FE
FE470075FFD8FFE5
FE70002D01B80002
000800D6FFE5FF6A
01D6FFAD007A008C
FEF400A2007B0071
FF6600CCFE8BFF6A
0049FEEB0066000F
FFFB002FFF32011F
FF7DFFF80018002C
FF010024FED4FE8A
0156FEF9FF8C0155
FEA700B700BFFF65
00E3FFC800E4FF3B
0022016101B60109
009A0066FF2B00C1
FFB00060005E003E
010D0254003B00B7
004B0014FC3000D0
FE6A01900113006C
003BFF9402B0FEDE
FFE300DF00A7FE8F
01A400B7FED6FF69
0009FF6BFF57FFE8
00A3FFBC00EC013D
0154FFCB01A4008D
006F00CEFF9F00D2
FF52FF37FF5200A0
005400C6010BFEEC
00AB0158FEDE019F
FF8300B8003600A2
FFE60096FF4AFF5E
FFD6FF5F0076019F
FE0B00D0FF92FF10
FE7C004001800010
009701140024FFBB
022BFF2100CE000A
FF02002E007F0030
FF7C002AFE59FFB1
FFEAFEE400680022
0040FFEBFF6600EE
FFD4FFCF000D0015
FE70006FFF36FE9F
0174FEB9FFA00191
FED200B600B7FF2B
00EFFF7E012DFF84
0028012301CE0116
004E0000FEC400CD
FF75FFF3009C003D
01860210000D00E1
FFF1004FFB9F00EC
FEB601EF0141004E
00BFFF4E0279FE5E
0037011E00ABFF38
01E1002BFEDBFF15
FFDEFEEBFF940082
00F5002401190160
01470009013B00A0
006900CFFF70007C
FF9AFEE9FF270104
0090014B0191FEB7
00C200DEFE5D01E1
FF8E009C001F00D8
FFA0009DFEC4FF47
0014FEDAFFD401C1
FDFF00EAFF42FEC7
FE1E009201BC0075
00C901780081FFA8
0230FF1B00E9FFA3
FEDD000000A8FFCE
FFCCFFBAFE2CFFFB
FFA4FF050048004D
000DFF7AFF5200D7
007CFFA3FF9F0023
FE62007FFFC7FEF2
01EFFE7DFF960191
FEBE007B00B3FF0C
0101FF99011DFFF1
0078016C01F60120
0024FFF1FE4C00DC
FF57FF7000670040
02080184FFEA018B
FFE600B7FB5400C9
FEE8022D0116FFE0
0126FF630222FE3F
00C401060129FF4E
02100019FEA9FE84
FF71FE64FFB7006F
0181000D00F50188
014900A000CF00BB
FFC6008DFF47FFFF
FF1AFE1AFF1801E8
008101200154FEE0
011B0105FE910209
FF2B000A0001007C
FFEA0051FEA9FF63
0041FE66FF8101BD
FD7C011DFEC5FE50
FDB000E301DC00A0
018E01AF008B0003
028CFF07005DFF27
FEF1FFC90083FFB5
000EFF51FE040055
FFC0FF1700480051
FFF3FF69FF8D00AF
00B7FF93FF600037
FE1D00B4000BFF2A
0192FE26FF640183
FF02003A0047FED0
00DBFF12010B0027
009900BB01E300F0
FFEEFFB5FDCC013F
FF01FF0B00D1FFF4
02D30105FF8901C0
FF8D011EFB310162
FF0F024F00E0FFEB
0192FF7E01C5FE4C
013B00DA01C70017
01B4FF8CFE82FE3B
FF11FE0AFFA500C6
0207007900CD017A
00DB0141006500BD
FF91FFFBFF2FFFBE
FF76FD8EFED60273
00C1013F014CFF28
018200B8FE850225
FF34000AFFB000A7
FF8C002DFE82FF86
0098FE7EFEFE01E0
FD8800F7FEBEFE10
FD2800EB01B4010F
024E02290079004A
0239FF5600A4FE7D
FEDBFF40006BFF86
00BAFEFFFD9E0029
FFAEFF7600590042
FFE8FF1EFFF7002D
014DFF48FE9400A4
FDF4009D00A3FFBA
0149FEAAFF5A017C
FF08FF950027FEAA
00C7FF3200DD0042
010600AE01DF00E4
002DFF94FDB2017D
FEE0FEB70097FFCC
02C50087FF4B01A9
FF84014EFB1400D2
FFA1025A010CFFEC
01BBFFA40157FE71
013900DB01CC009A
0192FF64FECDFE2E
FF0BFDCF001B0111
02510010007A0132
00D4016BFFD600F6
FF71FFF1FF70FF86
FF79FD34FEE7026A
00C6019300FCFF8C
01700097FEC0025F
FF4A0026FFEA00B7
FFA40020FE95FFD4
0095FEB5FEB40193
FDAF0103FE9AFDEA
FC6500FB01E7015A
0278020000480090
01B1FFDF0071FE0A
FEDBFE9D006BFF41
0102FEB9FD5E002C
FFACFF9100530047
0006FEC3002F001D
01BDFFA8FE470024
FDE5006E00EA0035
00F3FEECFF340112
FF7EFF7BFFBCFE8D
00B1FF0F002C0097
012F003E016200DB
0046FF57FDBC0193
FEC4FEB00051FF6B
02AA0006FEDD01F5
FF500141FB4A00D4
FFE401940100FFEC
01C8001600F8FF0E
0196003301D80108
0131FF1BFF07FE7B
FF1BFDFE00460161
027D0054003D00E0
00CB01A5FFF100F9
FFB2FFA0FF8FFF1A
FFB1FD6BFEA10227
00B0022A00C8FFA8
0182FFF0FED001F9
FF020013FFD100FA
FF90FFCBFE5EFFD1
0078FF4AFE860191
FE780063FEEAFDD4
FC5B0098016D019C
02DC020900860092
0199000B000FFDA5
FEB6FE19FFFEFEF6
0136FE53FDA8FFD7
FFC6004000450087
006BFE940054FFC7
0203FF90FE080083
FD9B0000011600C8
006FFEEAFF7600F9
FFA9FEF2FFDEFEAC
006EFEB8FFC50063
013DFFA301AE00A5
0031FF43FDFC0206
FEDFFED10086FF57
022BFF6DFEED01A6
FF290176FC02006D
0025013E00F50044
015A002600BDFF13
01CEFFCF02210121
00FDFEEBFF43FE4E
FF71FDC6002C0154
02E4009BFFF700D0
00A401CFFFA90062
FF23FF5BFFE2FEF4
0031FCFBFECC0235
004702610078001B
0109FFDEFF670151
FF48FFA5FF9700AA
FF7BFF5AFE9F0017
0089FF62FE2700E9
FEFF0063FF03FE01
FC1A006101970237
02CD01E4004C0072
016800A5FFFEFD4C
FEECFE96004FFEF6
011BFEABFDEAFFAE
FF6B0083008000CA
0023FF0B00CFFF4B
01EEFF78FDF800A6
FE3D001201170101
FFE5FF80FF2F006E
005AFEC0FF79FECF
0018FEA0FF450112
015DFFD10175007F
001AFF5DFE6301F4
FEB9FECA0032FF00
01A4FEB6FEB20196
FF1C0125FCBF0025
001400AD00B3005F
018200B30070FF8B
013FFF88021B0124
0077FEDCFF73FE9F
FFC8FE1E000A0195
02A100E3FFA800A4
00860178FFCE0034
FF29FEEA000BFE90
FFE3FDE3FF1101E9
003D0229003C0061
00C3FF50FF9300C8
FF5BFF8DFF94007B
FFD3FF05FEF8FFEB
00230028FE5E010F
FFDE0040FF67FE20
FC02001E00FE01E2
02EB01D20018007B
00D700EDFFD6FDAA
FE9DFDF20014FEA8
0129FEAEFE18FF4B
FF7100D5004C00B9
0079FEFE00E6FF63
0222FFD6FDC100A4
FE56FFC3015601CC
FF97FF75FF6A001F
0079FEBAFF94FF25
001AFE7DFEFD00D8
0156FFA6010F006A
005EFF70FF0401D2
FED2FEB00082FEB3
0115FE83FEC90107
FF360135FDB2FFCC
002D007501190055
017400BC0037FFBF
01BBFEFA01CE00C2
0073FEC2FF88FEF7
0077FE57001B01D2
020400FAFF680036
00420153FFDA0006
FEF9FF1CFFFDFE9F
0033FE0DFF0501B6
FFB30222FFD6009F
0055FF42003200B0
FF11FF55FF4E005E
FFBFFEBBFF66FFE3
000D0028FE9800A4
0020FFD3FFEFFE93
FBF0000900ED01CC
027701D1FFD000BD
0098010CFF98FD78
FF32FE7BFFFBFEDC
0149FEAAFE66FF09
FF950150002B00C3
0058FEFC00A1FF3A
01B8000FFDFA008D
FF2EFFFB0100019B
FEA7FFDEFF52FFAB
006FFE9D0014FFD0
FFD5FE6AFEBF00AD
019EFFBC00BC006D
0047FF89FFC101B4
FE90FF1A003FFE91
009CFE28FEBB00A2
FF2300E6FEACFF27
009E000600890051
014100CD00CB0006
01B6FEE9019F00D1
005AFED7FFD0FF9F
0025FEB900260193
020000A6FFAA0045
0035011EFFD5FFAB
FF0FFEEA0054FE8B
0079FEACFF76011F
FF680195FF6F00CE
FFDFFF06003E002E
FEBFFED9FF2F0007
0041FE55FFEB007B
FFCE004FFEDC004E
0086FFABFFD9FEEF
FC74FFBD007701D8
02210172FFCD0082
004D015AFF89FDB3
FF61FE4FFFACFF2D
012EFE66FEB9FF04
FF72013A001A010B
00A1FF5E00E9FF82
0159001DFE480084
FF99FFB2011501EA
FE320013FF34FFAC
00DAFEDCFFE90046
FF72FE56FEAC0066
019FFF8700AF0088
003EFF8600160133
FE8FFF590065FE84
FFEFFE48FEE2005A
FF740074FF4FFEB9
00B7FFC7009F0099
00EF00C800D20096
012EFE7900CE006F
005EFF3AFF8F0097
008FFF35FFEA017D
014600C1FF68FFF7
003600F80062FF8A
FF01FF170021FE69
007AFF10FFDC00E4
FF290159FF6800D0
FF7EFEE700C6FF9F
FEFCFED3FF5C0003
0079FE09004000A7
FF740063FF190019
00F8FF920056FFE5
FC9DFFA600580197
01B7014CFF900060
0014018FFF6DFE24
FFBEFEC9FF68FF84
00EFFECBFF1CFEBE
FF400158004D00DE
009DFF8C00C6FF97
00E20024FE44005D
0056FFB400710184
FDD8006BFF35FFA6
0081FEF4002100A3
FF70FDAAFED30038
01A2FFBAFFDF006C
007DFF23004100F7
FED0FF810026FE77
FFCCFED2FEFFFF80
FF9FFFEAFFDBFE59
0162FFE40078009C
009E00C2017600AE
012AFE5B0101002D
004AFF56FF92010B
0089FFC0FF7C0147
00B600CDFFC5FFA0
004600C200C8FF8F
FF3CFF1C002DFE8B
00F3FF4B00110061
FF23018BFF2300F8
FF32FEE70100FF42
FEB9FF09FF6A0034
001EFE2600CE00D6
FFA300B1FF67FFB5
0109FF3B006700C1
FD1BFF96004700F1
01280186FF19006F
00380180FF60FE35
0002FF26FF7BFFB3
00CAFEF6FF39FEC1
FFA70126006900E8
006B001E00A7FF8F
0097004FFE270075
00A2FF63FFE3012A
FDD000CBFF55FFF0
0074FF1B003F00B8
FF7BFDB0FEF60025
01E2FF97003B00DB
00ABFF86007400E6
FEFFFF89FFFEFE65
FFC3FF36FF36FF1F
0050FFA80038FDD8
0186FFDD000A007B
FFD800EA01F60065
013FFE9800CD0009
0045FF84FED401A0
008A0006FF0A00BD
006E00E8FFE9FFEE
008F00A80113FF85
FF9EFF370046FF11
0104FFF0005D0010
FF21010AFEE9007C
FEB8FEF8013BFEFE
FEB7FF25FF43002E
0050FDE600C7016F
FFF300D1FFC9FFE9
011FFF1B0054014A
FD4F0032000000BD
01000166FF1FFFC2
FFF30161FF23FEB9
001FFFD5FF6EFFF6
0088FF79FF46FEB3
FF7F005000B70084
009B000C00980001
0007009DFE9E0037
010BFF57FEF700A5
FE1300DBFF6CFFE8
0049FF5700780116
FF8EFD64FF37002D
01DDFFBB005200EA
00FFFFA600E10103
FF17FFBE000DFE48
FF94FFB2FF6AFEDD
0050FFC10012FD9E
0154FFD100860098
FF9E00C702A40048
00ABFE8C00C0FF86
00F7FFACFECF01E6
00BCFFFAFEE2000A
0028011500110045
00FCFFCD01CDFF7B
FFBCFF57006AFF0E
010B00490090FFD9
FEE6012AFEC8006D
FEF0FF560165FED6
FEB5FF39FF880019
FFB4FDF50102017B
005C00FFFFC8000F
0120FEDD00D201FF
FD3100080032003E
00530164FEE6FF8C
009F0152FF0AFF19
FFFB008CFF63008E
0022FFD5FF08FEFB
FFAB001601190071
00A50068004EFFB2
FFAB008CFE9A0095
0130FEDDFE37005B
FDEF00F1FED1003C
003DFFEE00E10189
FFA9FCF5FF40FF9A
028DFFBC001800FE
0166FFC100ED00B5
FF91004BFFE3FE83
FFDF00B7FF64FE90
00B3FF5E0002FDA6
0167FFA1FFE800A9
FEAD00C40382FFE6
004EFE5A00A9FF69
010DFFE2FE8101F3
00B6002FFE09FF9E
FFC2014A004400C0
011EFF7701FAFF99
0051FF9A00EEFF7D
00AD0098006EFF8B
FF550103FEAB006F
FED2FF590160FEF5
FEE6FFE3FF85002A
FFFBFE1F011B0168
005F012300060029
00C1FEA701040251
FD560050005C0030
0038013AFEE7FF68
00A800F9FECAFFA7
FFFC00ECFF4B00F7
0050FFD0FEDDFEDE
FFC8FF390175FFFE
0034002D00070035
FFB2007EFEAB0105
00EBFEC5FDACFFD7
FE3700F7FF2B0098
FFF7FFDC0155021E
FFBBFCD1FF84FF70
0251005200160132
01A70015017000AF
FFED0056FFFCFE56
FFCD00FDFF74FE6C
00B5FF9BFFCDFD15
0153FF7A00510068
FE6D0037040CFFFA
0025FE9C0081FEFF
00F80019FE450206
010DFFEFFDEDFF32
FF38014B00B90108
0161FED602C1FFB8
00B2000600B1FF85
00A700D900AEFF56
FEC90163FEB80051
FE88FF950181FF1A
FE8A0004FF890061
FFEDFD7D018F0193
00B30108004F006E
00C2FE2D011E02CA
FD4C006B0094FF95
FFC1015FFEADFF34
00B300C0FED3001D
FFF90211FF53010B
00120053FE3BFEA9
004AFF220231FFBC
003F00E8FF6B0078
FF2C00A1FEE3010F
00D6FED8FD21FF95
FF350102FF4E00D0
0028001B01B501E4
FFE4FD1DFFCCFF44
029000DB00470113
01A4006F01CB008A
FFE500850095FE71
001A01C0FF67FE61
0137FF7DFF93FD7E
007EFFD10048002D
FE51006B040AFF12
FFF1FEE9007CFEEF
0195FFDDFE1D01DB
0150FFAAFD98FED3
FEFF013800C90197
0196FECB02EAFFDE
00DAFFB200BC0021
005A00C100D8FF80
FF330117FF0C0040
FF1F00260156FF50
FE7600A3FFBC0086
FFADFDF7015100C5
01350071003B0043
001BFE4200EE02A5
FD57004000D8FF4D
FFBF014FFED9FEE2
012E0060FF44006C
00220247FFAA0189
002A0049FD9DFEB0
0007FEA6029EFF7D
003B007AFFA80102
FF560086FF3A013D
00CEFEDDFCE7FF63
FF8100DDFF9B00F6
FFC7005301FC01E3
FFF6FD97FFDCFE8B
0244010700A4011E
01DD00DA01D7008B
003800E000FFFEA8
00360222FF87FE59
013DFFE7FF59FDD6
006CFFC7002AFFDA
FE1400070454FEED
FFA6FF1A00C8FED8
01790006FE2E01F1
013CFF7DFDABFE50
FEFE012C00AF022B
0214FE6F02E8FFA5
012F0019009500A5
FFE600BE010BFF6E
FF5A00CEFF04000A
FF3400D1012FFFA2
FE4200AAFFF10064
0054FDFF01590071
011B00710088005D
FFBCFE7301050229
FD8500350137FF4F
FFB6012BFF02FF0F
00FD0021FF9E00AA
003702C6FFF001BF
FFD40040FD85FEEA
0046FE6802D4FF67
FFEB00C8FF4A0188
FF050057FF400136
00AEFF30FCD7FF10
001B00BDFFE10118
FFA00034022501A0
FFE7FD920058FEC6
020D015800BC0101
022B00FC016600A2
000500AF0119FE94
006A028CFF44FE6C
00FC002EFEDEFE4B
0024002E003EFFD6
FE60FFEF03F8FE8A
FF7FFF71008AFEE1
01B5001EFE62013E
0113FF84FDEFFE9E
FF3400DD00AC023C
022AFE8202C4001C
00E0000F008F0116
FFDF008300F8FF8B
FF6A010CFF570011
FFD0013F00990040
FE9D0123FFEF0078
0055FEE600CE0026
0138FFE4005F0095
FF79FE8C00B401BC
FDD4001F018DFECE
FFC60141FFC2FEC6
0143FFBE000700D4
FFCE0299FFF2017A
FF97000EFD84FEFD
000CFE4F02A7FF1F
FFDA0086FF530178
FF21005DFF580117
005DFF6AFCFFFF56
008A008F004C0138
FF1E0062026A017F
0046FE3100BAFE8C
021201BC012D00DC
01D7011C011700AB
FFC90042013AFEDB
00CE0335FF9BFE99
015F0051FE9EFEFE
002500750055FF9F
FEC8FFA90373FDE8
FF46001900C2FE82
01EB0022FEC6010C
009DFF69FE1AFEFD
FF0B009300B0027F
0264FECE028CFFE9
00EF0019007C019A
FF8300AC00C90011
FF9200BEFFCB0011
FFF001A7006B009E
FE4C0161FFE40088
0067FED800CCFF6E
016AFFB6008800A3
FED8FEE400720143
FDEC002A0180FEBC
FFBB01030023FF07
0141FF31009300F0
FFCB0295003A0138
FFC30008FD73FFA6
003FFE8A0298FED5
FF9F00B3FF4501CB
FEE8004BFF730111
001DFFCBFD43FF13
0139005E00410111
FEF0007E0211014C
006DFE8000E2FEC3
01BB01D4012B00A4
0188010100EE009F
FFE500460162FF2E
00CA034CFFB3FF2A
00E100FFFDA3FFA3
FFB50079002EFF8C
FF36FF900299FE0A
FF4800220062FF30
01C6000DFF570034
0071FF32FE6FFF3D
FF2E008900A202C6
024BFEE302540015
00FD007BFFFF01CA
FF2C0077007E007F
FFD7007E00190057
00B401D00005015E
FE84012B0019008B
00A9FF4500C1FF10
0188FF55002700C8
FEAAFF16007A00DD
FE0F00330191FED6
FFEA00BB00ABFF37
012AFE8600D20102
FF650253006F00E4
FFD8FFF8FD9F002B
FFF3FE97023FFE99
FFAB006DFF9B01C8
FF3A003CFFCC0120
FFB9FFBDFD70FF69
011F005C00620152
FEF900CF01CB0140
0050FEFE011BFE89
019201D0011D00A2
0190011600AA00A6
FFA6FFC701A0FF7A
0161037EFFF3FF79
00740135FD81000C
FFC20080000FFF47
FF7EFF4F01E9FDF5
FF9D0045007FFF36
017FFFFEFF4B0003
002AFF20FE85FF5D
FF92007100D302F5
0222FF0701DFFFB0
00FA00A8000401D4
FF3F0022004C00CA
FFF500B700480050
00C101C1000901A0
FE640140005F006A
00F5FFC1002FFEF7
01F6FF20001D0110
FE4EFF6C00410073
FE68002C0178FECA
003E00840127FF9A
0126FE44012E00DA
FF260239007A0093
0009FFC2FDB60088
FFE4FF1301DAFEC0
FF6E002DFFAC01E3
FF5BFFCCFFEC0100
FF710001FE19FF58
015DFFEB004D0131
FEFE00CA01BC00D0
0063FFAD010EFEBB
00D301AD01510089
01070112003A0067
FF9DFFC80188FFD9
01C902CCFFDB002F
007B0172FCCEFFFF
FFB200830047FF13
004CFF0201A1FE4D
FFA100AD005CFF99
01D10041FF22FFB4
FFAFFEA5FF30FFB7
00060032008A0298
01B7FFAF016DFFBA
00CA0052FFC00157
FEF2FFCD0032018F
003800680097004B
00A501A8000401CA
FE9400CC00800049
00A4FFF3FF7FFF56
0201FEE6FFD50112
FE27FFCFFFBE0013
FDD200370180FFA5
00A900FA015CFFD4
010FFE73016600BC
FF040166009A0048
0016FF5FFDB100A3
FFE9FF7B01C6FEBE
FF76FFBCFFAC0189
FFA8FFE4FFBB0121
FF2D007EFEB1FF27
0182FF56FFEE0102
FEFF006301520097
001DFFAB010EFF24
003D019F0134006E
009C00C5000900B1
FF83FFD501AAFFD9
024C0269FFA700F6
005A01C9FC200012
FFAB00E2003AFED3
0104FED50156FE8B
FFDE00D20074003A
01FEFFE9FF01FEA4
FF25FDE1FFBCFFF2
008E002600B40265
0161FFF70109FF82
0053FFE8FFAE009B
FEE5FF12FFA201F3
005C002E00E80056
010E0180FFFA01DC
FEEF00A1002E0046
0019FFDBFF2CFF90
0201FEB0FF850127
FE1D0028FF79FFB9
FDA4004701870066
00EA00F40119001C
0130FE2C01710028
FF1D00A9006D0011
00BEFF3FFD9E0106
FFFC000E00D2FF24
FFA7FFAC003D015E
FFCFFF63FFBF0170
FEB900A1FEE8FF7D
016FFF1BFFE10124
FF46004B00E1FFD5
000CFF720126FF02
FFD1017F014E0063
FFF800B3001F00DF
FFB9000101310025
02DB02130032015C
FFF4018AFBCE0057
FFA7012EFFE8FEF3
00F5FF0B014EFE66
FFF300D30083004C
01C3FFD7FEDEFE44
FF1CFE0BFFE50025
00FE004E0081027D
00AC00B60107FF3A
FFF10012FF4A0047
FF04FE92FF3A021F
006D006000BA0048
00F0013FFFD501D9
FF500085FFF00010
FFEBFFFAFEC5FF73
023BFE97FF390156
FE2A00ABFF7CFF3E
FD36008601AA0070
018700FE00C000AE
0113FE7D01B9FFD5
FEAE002D00C1FF6B
00DCFF8AFE02013B
FFF6FFF40024FF36
FFE3FF8D00560124
FFFEFF34FF8301FB
FE8400BBFF91FF65
018DFF03FFA700CC
FF4FFFDF00AFFF79
0018FFA20011FF7B
FF5300D000EC006F
FF960041FFD70121
FFD4FFCE01600046
02DF0184FFAD01AC
FFFC01C3FB310074
FF63014A0025FEDC
013EFEF50128FEB0
003700D900770083
01CFFF79FEC2FE23
FF1BFD9F0089004A
0191FFE1005E0216
001C01650055FF56
FF5BFFB9FF2CFFA0
FEBDFDF1FF200248
0010009A00AB0063
01460157000E017E
FF5D004CFFE7000F
FF60FFFCFE6EFFBD
01BAFECFFEF200FD
FE450110FF83FEE5
FC78000001EF00F3
01D600C4007900E5
00FAFEED017FFEE5
FECCFF7E0089FF9F
013DFF76FDFA0132
FFC500D3FFB8FFE9
0089FFBF009400C9
008CFEF5FF2C0234
FE9300A3FFF7FFD7
01A6FEE3FF54005B
FF59FF50FFF9FF3C
FFFCFF77FFB5FF73
FF2B00B601340071
FF3900580009017A
0020003801270010
032A00C7FFB50202
FFDC0219FB800059
FF170145FFFAFF3C
0134FF28016EFEF8
0086007800EF00B4
011EFF56FE85FDB0
FF0FFDBB0087005C
01E6FFE6003E01FA
FFB30189002CFF2B
FF6FFF3EFF4AFF6C
FEF4FE05FF4B025F
003500270055009A
0115011F004F0126
FF8A0059FF90FFF4
FF0CFF8FFE5F002F
0186FEE8FEDD00F3
FE5500EFFFCBFEEE
FC34001A019C0181
023800AA0068008F
00E5FF730163FE81
FE87FEE30076FF82
011DFFBBFE100134
FFAA0115FF0BFFDD
007DFFC7010A00DF
007EFEF1FF1B0267
FEB500B9003D0029
0105FEAFFF9CFFC9
FFB1FF23FF89FF2B
0046FF6BFF00FFBF
FEC5005301290079
FE7C0054002401BA
004500570077FFE0
02890003FFF20192
0026017AFB94004A
FEC900ADFFCDFF8E
0117FF9A0182FF00
00AE00820070008F
013FFF3EFE56FDD2
FF3DFE2500D20082
01A7002A0033018C
FF7B01BD0059FECB
FF69FF32FF6BFF15
FF16FE75FEDE019F
001C00A400080061
006B00B4007D008B
FFECFFF2FF7BFFB2
FF04FF5EFE2FFFFE
00EDFF88FE9A00D6
FEB900ACFFEDFF03
FBEDFFBA01C60131
0239007A0004009F
0098FFAB012AFE7D
FE9BFE3BFFD8FF92
00DEFFF3FE3600D0
FFCC0173FEB8007A
00D4FFE101220081
004CFF22FEDD024E
FF18009D00350098
0092FF26FF8CFF4C
0034FF3FFF6FFF09
0002FF83FE84FFA9
FEF5FFDD00F90024
FEBC003800AD01E3
008500AE0083FFDB
023EFF70FFE70184
FFFB0154FC1DFFC0
FF3E00B4FFE3FF95
012A002A01EAFF2C
00A2002500560040
0120FF15FE89FE8D
FF9EFE5600EA0090
019FFFDEFFF9011A
FF0B0199009BFEB6
FF26FF29FF9AFED5
FF68FE96FED80136
FFD900DBFFE3009E
FFD500310103FFB5
0039FFC7FF76FFA4
FEDDFF2EFE5DFFFE
0035FFBDFE96005A
FF4100CC0017FEEB
FBB4FF6001900164
01B60066FFCE00A1
00C3005500D8FE64
FE74FE52FFF2FFBE
00E60042FE5E007F
FFE901F8FE790081
007C00360123002B
0079FF4FFEDD02C9
FFBA00A9004100EB
FFEEFFCEFF29FF3B
004FFECDFF04FF7F
FFDFFF0CFE25FFC5
FEB7FF98010700E5
FE4E00A800F101C5
004D00BD007FFF98
0182FEBC004100EA
FFAB00DCFD42FF1C
FF29001BFFDD0025
00CC009901D4FF77
00D9FFAA006B003E
00EAFEFCFE83FF92
FF99FE7101040061
0130002A002C00D9
FF2D015400E8FE85
FF73FF410027FEBD
FFB0FF15FF6000AB
FF1B00C8FFCF00AD
FF4AFF7E0195FF68
003BFF49FF21FF51
FF20FEF8FE8B0074
FFE8FFF9FECD000F
001800B3004BFF97
FBDDFF45015700DE
01790082FF8E0059
001C00C700BAFE9D
FE9FFDFFFF92FF2E
003800A6FE76FFFF
FF6A01F6FE59007A
00680077017F005B
0091FF00FF130231
FFF100B9004D0119
FF6EFF51FF28FECE
009DFF3CFF1AFF88
FFEDFF27FE25FFED
FEC8FF39012500C6
FE4F00C6013E019D
00540101002AFFDA
0100FE4B007100D3
FFD0FFF3FD96FEB6
FF350008FF92006A
005C00E6021EFF89
00BEFFDAFFD5FFBD
00ECFF45FE65002F
FFFBFF2300C7FFEC
009F0011000B0040
FF62015F0137FDC3
FF4BFF0F0095FEB0
FFF6FF99FF9EFFFF
FF3D009EFFDE0076
FEB7FEEF01DCFE78
0087FED1FF21FF08
FF64FF03FEA9005D
FF46003CFED7FFB6
009100A600CE004E
FBDAFEBA014900DD
0168009EFF86FFCB
004D00FA0069FF10
FE9FFEB1FF8FFF91
FFFC012EFEE5FFC3
FF9C01BBFE35006F
003D010100FE008A
FFF8FF86FF0D025E
009C0091FFCA0156
FF0FFFA4FF5CFED1
00C7FF2AFF2EFF74
FFC2FF25FDF0FFE8
FF0CFF5400DE00EA
FE590132013401A8
005C0118FFF50014
007EFE0E00EC00BB
FFBEFF85FE54FE8E
FEF3000A00050088
FF9D01700282FFD8
00D7FF99FFD0FF5D
00E3FF53FE5A009D
003DFFC000DEFFCC
00700050001D0023
FF82011601A2FDED
FF6BFF7500DCFEBE
004FFFCDFF7FFF8E
FECA00BFFFAD00A2
FE5EFEBD0210FE5C
0097FF23FF15FF07
FF8AFF1CFF2B007A
FEF20050FED6FF6D
01140072011800BD
FC4DFECF01C80091
017700D7FF88FFB6
004001540007FF28
FEE5FEBBFF39FF6A
FF9B0169FEF7FF36
FF7D0176FE2D0048
008E010B00EA00C0
FFECFFC9FF9401CB
00FC0081FF56015E
FE73FFC0FE98FEC8
0083FF88FF3CFFE8
0022FEECFDC9FFE4
FECBFED800B8012F
FE7F01300157015E
00640132FFDDFFD5
006DFE0200E9FFE1
FFB0FF71FE86FE96
FED1000EFFF600BD
FF150142026C000E
00F8FF76FFE6FF63
00B5FF8DFE15014A
00AAFFDE0054FFCA
0034FFEF00050001
FFA301080217FDE6
FF66FFD60099FEF1
0063FFB8FFC9FF2C
FED100A9FFA900F9
FE46FE9E0274FDEA
003CFF03FEE8FEC1
FF75FF2AFF9800C4
FEF7008BFF89FFA7
0112007501450124
FCD7FEFE0184FFF8
015B00AFFF01FFB9
00500153000EFF60
FEBAFECDFF62FF99
FF4F01F3FECAFEF0
FFC40172FEAF004B
008D015000CD0096
FFC2001DFF2801E1
01590083FF3D00FD
FE3EFFD0FEA3FEFA
00CCFF89FF5D0045
FFCBFEDDFE1C0000
FF18FEE900C7012E
FEA9012E017B012E
003300E9FFF6FF8F
0048FE3300CF0030
FFDFFF1FFED7FE24
FEEC0012004E00F8
FED6013C02C10036
00E9FF98FFB4FED7
00E7FF9FFDEB018C
00D500360037FF16
FFF800420025FFFD
FFE800B6025EFDC7
FF85FFF900E3FEDA
00BD00040023FE9B
FE7200F1FFAF00C2
FE0AFE830295FDA7
0088FF33FF3FFEFB
FFA1FF19FF8F00EE
FEF10058FF5CFF8F
013C002E015201C4
FCC4FEDA01AFFFAD
010B0116FECAFF63
0076018AFFB3FF94
FF16FF62FF7EFFE7
FF7001F3FE8FFECB
FFFE0138FF6EFFFA
0078017F003B00B4
FF8C0018FEFF01C3
012B0057FF26011F
FE73004AFEBCFF34
0086FFDDFFB7003C
FFF6FEA6FE700002
FFB3FF0E008A014C
FF4A015100F1012B
004D013EFFB7FF6D
002BFE75007DFFCA
0020FF21FF3FFDD5
FED5003500CC00F0
FE4A018F03C7FFBD
00B7FFAAFFE0FEE4
00EFFFD5FDDC01D2
00AF0085FFA6FECF
000600750022FFDA
000900AE02ABFE42
FFAF000100CAFECD
00F500670066FE20
FE9300A8FF6F0078
FE62FEC70234FDDA
006DFF85FF1BFF2F
FF3EFF3BFFA40100
FF11009EFF81FF9C
010CFF8F016401C5
FCECFF7401ACFFD3
009A014BFE91FF2F
00A001E1FF8FFFAC
FF93FF92FF680019
FF360215FE51FE62
001B00B2004CFFA2
009C00FCFFE900BD
FFA1003CFF32018B
00F4004DFEB000A1
FE400069FEC3FF59
00AAFFE7FFBF0061
0029FE4FFEB1FFE4
FF2FFF15008A0181
FFA400F60149011C
006B01300031FF73
0031FEC400B2FFA1
0066FEF9FF3AFDD9
FF07007A00CD0111
FE14011D03BAFF76
007BFFC9FFF1FEB5
013E0016FDF601B1
00E0002AFF84FE69
FFBD00C000B90035
0070003A02D0FE86
FFC6002500C9FF56
00C700350033FDD4
FED700CEFF91008C
FE7FFEEA021DFE75
009CFFAAFEFFFF24
FF23FF2FFFE50122
FF230096FF96FFD1
00DDFFF501520217
FD26FFC301AFFF80
00740137FE5AFF0E
00A90185FF83FFB6
FFD50036FF7F0076
FEBF022CFE13FE6C
0010FFEF0016FFC0
00850120001E00BA
FF8AFFC4FEFB01A6
00EAFFE5FE530025
FEC300C8FEEDFFE2
009C005000520034
0036FE4AFF0CFFD1
FFD3FFF20075015C
00520105012100DA
00A00163FFE8FF2C
001EFF590062FFDE
00AFFEDEFF55FDBB
FEFB00AC00F800CC
FDBC011F03FAFF70
FFE5FF690025FE9A
010A0044FE130249
0116006BFEF0FDFA
FF5F009300BF00BF
00A5FFCF02E4FEFD
0009008A00A4FFB5
004E00C60077FD98
FEAF00CAFF970052
FECEFF4401C6FE9F
00590052FF17FFAB
FF46FF44004F0131
FEED00C3FFCA003A
0078FFDC00F40203
FD9B00070195FF5B
004B0100FE5CFF48
00E70150FF58002D
002F0083FFAC00E5
FF0E01E2FE1BFE12
0094FF8E00C0FF60
00C30109FF9400D3
FFA9FFF7FF3000A8
00C70008FDE5FFD6
FF1200B4FEDE001A
0089007D0041006E
001BFE7EFF9CFFCA
FFFFFFFB00750163
008700E900E10083
007401310040FF3B
0050FFA60038FFD5
00D4FECEFF55FD9C
FEF200B000D000B4
FE0000FA03F8FEF2
FFDEFFE5FFD8FEA3
00F90060FDCE026C
0107005EFEF7FDBF
FF6F004A00DD00B4
00C2FFF802BBFF6A
003000580084FFE7
004D00B300B3FDB8
FF3100DCFF80003D
FEE3FFAC01AEFF37
001B0051FED7FF92
FF2DFF5400360145
FF5C0079FFD20019
FFF7FFF300C401E9
FD9C004E0178FF7A
00410139FEEDFF0B
00F7011CFF510013
004600B0FFD500F8
FF0C01C9FE0CFE47
00ACFF120113FF9B
006C0089FF4F00E8
FFC0FFE4FF6700D6
00B3FFFBFE19FFC4
FF3D00C6FF6D0087
005500E500C9005C
0040FE3CFFF8FFB0
FFE9008600260139
012000C100B2008C
0066013D0091FF09
009F00220006FFF4
00E5FEF5FF05FE26
FEF9012800A400A6
FE5B008B03BFFEAE
0020FFD40004FEE5
01380031FDEE01EA
00E00050FF04FD8E
FF1A008901170122
00D6FFBC02E9FFB2
0058008C007B0057
001D004E0092FE07
FF0A00FDFF72001B
FF7D00130157FFDA
004300C9FEE4FFB0
FF46000100650103
FF7A0064FFA60049
FFE8FFBC00AC0195
FDF3004C01ABFF0F
004400F0FF46FF1D
00F400A8FF4EFFE7
00D400DAFFC00126
FEE20153FE22FE53
00A2FEBF0119FF76
00A40059FF8600F4
0003FFA3FF8600D9
0062FFB2FE30FF47
FF9900AAFFA6009D
006C00F8007B000E
0065FEBB0070FF89
000D00FD008E0149
012600BA005C00D6
003A00D100A9FF45
007A00AFFFDCFFE8
00F1FF02FE97FE90
FEA4017E00750087
FE38005402E6FE74
FFCA002F0057FF3C
0147FFECFE34014D
00F50044FEE2FE20
FF94006500E6010D
012AFFA20268FFEF
00430095004600C3
FFA4003D00B3FE50
FF530123FFB7FFE4
FFDD004100CA006E
004700E9FF49FFE3
FF7E009C00340099
FFD10025FF8800E1
FFC8000500370128
FDE200410196FF1E
FFF80091FFBBFF2D
00AB004FFF9E005F
009400B30047005F
FE790125FDB7FE78
00C4FE9900DFFF5B
00C0FFEDFFB60111
FFEFFFACFFBB001C
FFF5FFD0FE78FF53
FFB1009DFFC800B8
003400EC00C30027
004DFEF400FC003B
002A00C5002E012D
0149002E002B00CF
004200C000F8FEF1
00E100B3FF64FF87
0081FF7DFE89FEAE
FEE101910070FFF2
FEB2FFB70288FE51
FF8C00980000FF84
010EFFFEFE3E011A
00D30071FF1CFE65
FFB5000E01010099
00A9002901E10059
0027005BFFF300C9
FF75FFEF008FFEB7
FFCB012AFFB6FFDC
FFE300C7005B0108
0024014CFF670047
FF6B006C002E0091
FFC6FFBFFF6E00DD
FF91FFE5FFA40112
FE06004D01A3FF38
FFF200830012FF6E
006C003DFF6AFFE4
00CD00D400030097
FED800FBFE44FEC5
0095FEB30129FFE4
007EFFA8FF9D007D
0020FF99FFB20058
0001FF8AFECBFF76
00250089001200C3
001F009000410005
0040FF0D00EE003F
0083008F002000E0
0124FFB9FFCE00BA
0017003E00CFFED7
011000B5FFB5FFC6
005EFFE2FE3CFF3B
FE9E01BF0057FFA2
FE9EFF3401FFFE3A
FF8400D2FFEBFFEF
00EDFFD9FE9C00EB
008C0037FF0FFEFD
FFED003300B4004A
00C0009601770085
00170049FF8C00B9
FF8200000045FF4C
FFDA00D2FFB6FFEB
003C0122002301A5
00220132FFA100C1
FF3A00A0FFB5008A
002FFFBDFF610146
FF79FFCCFF6B00D6
FDE900A80183FEFD
001A0082006DFFA3
0047000C0010002A
00BA005E0021001D
FEE8009BFE72FECC
0086FE9C00F5FF9B
00C9FF1BFF8A0062
0035FFE4FFA0002E
FFC3FFAFFF36FFBD
002D002F003500EF
00250098003EFFEE
0029FF1101550077
00F700E0FFEF00F9
00F3FF41FF5E00AB
FFAD006400B2FEDE
0149013BFF7CFFF4
00040039FE4FFF7F
FEE101B70032FF35
FF0EFF45019EFE82
FF5800C50035004A
00ACFFFDFED50070
00570036FED6FF34
000F0028008E007D
00C100D201120087
FFCEFFE9FF6600A3
FF81FFB8FFFDFFD2
006300CBFFE7FFCC
00820109FFAE01DE
FFFF0196000E011B
FFDE00B4FFB7006D
FFE8FFA1FF3A0193
FF53FFD1FED90032
FDD600B60157FF5B
002F005500FE001D
002CFFAC002BFFEE
004CFFFEFFE3FFDC
FF31FFCBFE8AFF08
0069FF1900EFFFD3
00C2FF14FFD3001A
0060FFF1FF250004
FF99FF7CFFA5FFAA
00460034000E013B
FFD1006500140032
FFD1FF6D01830082
00BB00B8FFEB00C6
00E3FECBFF06006A
FF61000D00B4FF26
01C00128FF5B0080
FFD500E8FDFFFF48
FF090206004BFF0A
FF55FF1C0130FE6A
FF5E00D20025004B
00900029FEFB002B
0002FFD7FF20FF91
00CAFFAA00BE0019
00730154008200C5
FFA8FFA0FF590044
FF25FF9A00130031
0017008C00310025
00BC014AFFCA01FD
FFE5016E002900F6
FFBD004BFF15007E
FFFEFF36FF430172
FEDF0048FE990001
FD9300690115FF83
00BE007000A70015
000D0007006FFF7D
00B5FFE4FFC5FFB2
FF50FFA5FEA5FF53
0096FF8700EFFFC1
006CFED5002CFFCD
008AFFFDFF11008A
FF67FFA2000CFFE3
0040FFCA003200C8
FFF900190014FFFF
FF89FFDD017600A3
00BC009900270098
0078FEACFE960080
FF41FFB00091FEDC
02180066FF3200EA
FFBE013FFD7CFF6E
FF09021DFFECFEE2
FFE2FEEE00D9FE5C
FF7100F5004D00F8
0047FFC2FF00FF51
FFAEFF73FF05FFDE
018BFFB000E5000D
FFF701FBFFED00BA
FF75FF04FF2FFFDE
FF7BFF19FFE400B0
0108008F00430020
00F40162FF830204
001F012D00020132
FFBE0025FEC300FF
FFDCFF4FFED201AF
FE850027FE4DFFC2
FD49005900DA000A
011F00A300DC0063
0002FFEA009FFF2C
0027FF05FFCDFF9E
FFC2FF81FE8CFF6E
0047FF9E00AC000A
009CFEEC0063FFA1
009E0019FEB1008D
FF1BFFBF00630071
0059FF6CFFD400CE
000F0024000EFFBA
FF6FFFEE00EB00A1
00C700450035006E
005AFEC5FE9F008E
FF3CFF760089FEA7
0226FFF2FF22011E
FFC80156FCFDFFA9
FF620229FFA8FF0D
006FFED800FAFEA3
FFA800B5002A0103
0023FFA5FEF8FF83
FFB5FF47FF400045
01D4FFB500B0FFFB
FFED024EFFE0006D
FF89FEE6FED5FFAC
FF33FEABFFA600E8
00EE00980057FFF8
00EF013AFF9601CF
FFB800D7001500FC
FF6BFFF6FE630104
000FFF52FEAF01D6
FE9A001CFE92FFBB
FD320031008B00CA
0132009C00BF00CD
00300021007CFF1D
0044FEE5FFAFFFD8
0027FF47FE88FF58
0033004300C3000E
00A8FEB800A7FF90
00DA0031FE9100BE
FF04001A00BE0086
0042FF19FFE50037
FFECFF7CFFEAFFD3
FF25FF8B007A0115
0089004B00240017
FFC2FE91FE700114
FEF4FF8F00A1FE8D
02B8FFABFE5D01DE
FF520211FC9BFF81
FF3B01E40013FF0B
00E8FEEC0084FEC0
000A006A002C015F
004BFF2FFF7FFECA
FF67FEF0FFC1005A
0270FFFA00B3FFDB
FFAA01E1FF54004E
FF2AFE57FEBEFED1
FF9FFE7DFFA50178
00CC00E6007A0000
010D013EFFE5018B
FFA4007B000C00FD
FF02FFA9FE180120
FFA3FF31FE570197
FEB6FFC5FE33FF13
FC45FFD900CD0178
01B600D700C000B0
00550072FFE3FE2A
FFF8FE45FF7CFF99
0049FEC6FEA3FF7F
008600DF007200AF
00CEFEF60118FED6
013D001DFDE30178
FF11FFFD01510130
FFA6FF5A0008FFEE
0021FF45FFF2FFD2
FEEFFFABFFF100C5
007A0010004E0052
FF89FEE1FEBF014D
FF2BFFB60072FE59
026FFF58FE9F0189
FF370221FCA7FFA7
FF3301A0FFD1FF61
00B3FF1F010FFEF6
0012FFD300200159
FFE8FFB0FF4BFEF1
FFEFFED1FF5200C8
02E4002000B5FFEA
FF570255FF54FFF2
FF43FDE9FEF3FED1
FFC5FE97FFD90126
00C300CD0061006A
00B70110001C00F4
FF9E0023FFFF00AD
FF21FF20FDE60172
FF9FFFD4FEA701C7
FF20FFB1FE61FF1D
FC77FF4B007601D0
01D100B100610085
001A00D8002AFE7E
FFA6FDD5FF82FF7E
004BFF0DFEF6FF3A
FFEC014100B800AD
00D5FEFE0173FEF1
01190028FE2101A5
FF0B00280139013E
FF63FF18FFA1FF80
0061FF19FFAF0019
FE87FF7CFF7C0111
00DB0011006EFFB0
FF38FEF4FF6801A5
FEBDFFBE0017FE0C
0243FEFAFE6C01C2
FF200205FD15FF3F
FF2B014AFF97FFC0
00D0FFBE0168FF3C
000CFF7A001400F1
FFEDFFC6FF7DFF6F
FFE2FF1FFF9E00EE
02F400190041FF56
FF2E0224FFA1FF61
FF0EFD81FEF1FE32
0014FEFBFFBD0119
004500DDFFFAFFF3
00290094003B007E
FFA7FFBC0000006E
FF0CFE65FDED0175
FF1FFFECFEC1018A
FFB2FF61FE63FF55
FC15FEFB003E0203
01C1008C004C004E
0067014CFFA8FE46
FF6DFDA6FF58FF64
0099FF63FF01FEEE
FFF401D5008A0104
0101FF6A016DFE92
00A800A5FDD90225
FF85FFE3018F01AF
FF21FF00FF98FF58
00C6FECCFF80001E
FE8FFF26FF3400FB
00DE00100053000C
FF18FF15FF7A01BE
FF1EFFD9000FFE04
0220FEADFEA30144
FEEA01DCFD82FF83
FEE500F7FF99FFFD
0094FFED018CFF87
0031FEEB005E00B8
FFCEFFD9FF65FF96
006CFF49FF4E00B6
030100320008FF6B
FF110262FF8AFF5E
FF04FDA3FF1CFDEA
0052FF47FFDA011C
0024010BFF92007D
000500B800A50041
FFA8FFA0FFF00071
FF41FE68FE0E0166
FF15FFFCFE7D0149
001EFFA1FEF6FFA5
FBCAFE4F005A01C2
01E50093002E007D
000E01AB0001FE17
FF08FD8AFF46FF13
00C2FF86FED8FEB4
FFB6021600890110
00EAFF620194FE85
00A0006FFD960202
FFD30049018701DE
FE7AFF35FF59FF07
00A8FEE2FFCC00C2
FE6AFF5AFED3009E
00E3FFAF0082002F
FEEDFF98003E01B8
FEFD0061FFF0FE62
011BFE5FFED00143
FEB90144FE03FEB9
FF4700A8FF7E0022
00830045020BFFE3
004AFE73FFC20047
FF94FFE7FF680045
0061FFAFFF0400B2
02720027007AFF34
FF0C01CC000DFE97
FF37FDBBFF46FDCF
00B4FFBE0013008E
FFBC00D7FFD00044
FF23FFCB0126FF31
FFEAFF03FFF10005
FFA6FDA5FE3501B8
FE700066FF0D00D3
00C2FF5BFF610038
FC5AFDE7FFD801B4
01A7009BFFD6FFE6
005101BBFF8FFE66
FF15FD88FF19FFAF
0088FFB3FF11FEC9
FFA2024F004C0126
00B9002A016AFF31
000D0077FDFD021E
0065004A00E501D2
FE10FF27FF9EFEF3
00C5FEECFFCA00D6
FE9CFF9CFE7E0025
0163FFDB004A0036
FEE2FFEF00790154
FEDC0036FFD9FEE1
0095FE60FFA1007C
FF07009AFED2FEB0
FF550029FF8E0063
00180072029B0035
006BFE2BFFE6FF7A
FF8B0067FF3100D5
00A00005FEB500D2
020D000100ACFF05
FF3A01A9005EFE6D
FF71FDDFFF9BFDAE
00E40036FFE60038
FFB100A300230052
FEE6FF8B016BFEB7
FFDCFF1E0023FFFF
FFFFFDB1FEC901AB
FED200B0FF89006C
009AFF69FFFE00A6
FCEFFDC7001801E6
01640034FFA6FFDC
0058023FFF69FEF0
FEE9FE21FF50FFD1
00C80044FF28FEC5
FF70024D006F0115
00B500980129FFDC
FF990061FEA501A4
0107009B00A1018B
FE04FF67FF96FEFF
0044FF04002A0135
FE7AFF66FE83FFA3
01850009FFF90051
FF3E006900A4013A
FF32009FFF9BFF64
0077FEDCFF6C0076
FF5F000CFF44FE3C
0015FFD2FFB20032
FFF900C802FC005B
00B0FDCFFFC0FF98
00050015FF3800C9
0053FFF9FEBE004D
01B3FFEB00D0FF25
FF8300C70086FE80
FFA2FDF80009FE09
00C60004FFFD003D
FF820059FFD1009B
FEB8FF6B014AFEA2
FF95FEF9FFD7FFB3
FFDEFDC1FF1C0176
FEC5009B000AFFB0
00B5FF20006C00C4
FD44FDCC00280251
00DD002EFF64FFE3
005B01C3FECDFF43
FF47FEB8FF460026
0088FFE1FF06FF16
FF87025B006B0088
004000EE00F4FFFB
FFDF0063FF210170
0171006DFFFE00ED
FE61FF92FFD2FF30
0026FEF3005400CB
FEB7FF0FFEA5FF86
0175FFE100590064
FF5200C500930095
FF8700B2FF5AFF7B
FFC9FF32FF55005D
FF8EFF79FF2CFE00
0077FF9CFFD9008E
FF64013E0308005D
00CEFDE1FF90FF0E
00540087FF5400E1
00BF0060FE88FFFF
01440059008AFF57
FFD700EB0119FE70
FFB1FE72001FFE4A
01130094FFF5FFD8
FF69004F0021002C
FEA1FF5D0148FE44
FFC2FF270028FFA8
FFEFFE00FF240129
FF0F00D20000FFB4
00F8FEC70084013E
FD55FE08006501AA
009B003FFF39FFC4
00700146FE81FFC1
FF33FF53FFA4FFD3
005D0099FF1EFF0F
FF5101EE00CE001F
004E011700A30047
FF780074FF4A00CB
016A0089FF3600F8
FE26FFA6FF7DFF99
0009FF2D007200C9
FEF3FEEAFEA3FF6E
017E0075007600A6
FF8F00FD00C2004B
FFA100AAFF3BFFA6
FFD8FF40FF2BFFF5
FFDEFF22FF68FE2D
00D5FFB7FFA000A0
FF75015E031800B1
00F3FDD3FFDEFECA
00A50076FF0200E3
008D004DFEBAFFBE
00F200800059FF98
000600990168FE87
0005FEA9005FFE8A
01040076001CFFD0
FF1C0089000300AB
FEAFFF5A013EFE20
FF52FF0AFFB5FF5E
FFF1FDCAFFAF0100
FF1C00F9007AFFBE
011DFF1A010D0158
FD6DFE20004D0179
00350044FEE4FFB5
0091010DFE4FFFE4
FF4AFFACFF73FFF0
004800ACFEE1FF35
FF6E021C00D1FFE5
000B0113008B0071
FFA40074FF9A010C
0113004CFF3000A0
FEC3FFBBFF86FFD7
FFDCFFA8009C00EB
FF17FEC0FEDFFF2E
01E2008900B80099
000100FA00EA000D
FFC200DDFF06FFA8
FF5AFFF7FF36FFD8
0022FECBFF3CFE2D
00A5FFF7FFD7011D
FF06018B03AC0087
0090FE12FFDBFE56
00C80088FF0C00FC
00C7006CFE20FEFD
00CC00C100AA004E
009A004401A8FE9A
0075FEF30072FEDE
00E100A70033FF8C
FF0A006FFFDB0023
FF51FFD60108FE2F
FF76FF160000FF7E
0019FE13FF8E00AB
FF79011000B3FFE2
008FFEC8014D01BF
FDA5FE8300A50129
FF6C0088FEE3FF61
00AF00AFFE4A00AD
FF9500AD0003006C
FFDB0081FE5BFF20
FF6C02060179FF46
0001010D000B00D8
FF890043FFB600BC
00D90006FEEE005F
FF06FFD5FF77FFF8
FFAE000B00F100A7
FF88FEB9FF05FF65
019700B00047009F
005A01620124FFDB
000E00D3FEADFFEA
FF780069FF9EFFAF
00CFFE68FF29FE65
004D001500680109
FEA1019E0413000D
00B6FE26FFADFE53
01400067FEF40127
010A0050FEB5FF17
007200FE0086007E
00F6FFDD0203FF42
009AFF400053FEF8
00A4007A002FFF35
FED500D4000A004D
FF3EFFFB00BAFE3F
FF6AFFBAFF90FF5E
FFAEFE68FFA800C1
FFE000C100B3FFE6
00D2FE9B017801C6
FDC6FEAD00EA00B4
FF7000D9FE76FF2E
011C0082FE790100
FFCA00FEFFBC0084
FFB300B4FE03FF11
FFAA018401B1FEC5
00150112FFA100E6
FFB500A9FF8700F4
00C6FFEDFECC0030
FF39000DFF020045
FF96004D00F500A4
FFC7FEEFFF81FF60
01DF00E0008B007E
00AE015C00B4FF99
FFE100DEFEDFFFE0
FFB50120FF7FFF93
00E1FE82FEA4FEC6
005CFFF1004F0110
FEF70169040BFFF6
0060FE1FFFC9FE71
013200EBFEF800C0
00B70051FEC7FEE2
FFF800EB002B0058
0128FF9F0221FF6A
009AFFB20034FF74
00A9007C0019FF1D
FF0E00C5FFF20045
FF81003D0081FE82
FF5FFFC5FFA6FFED
0008FE9F001200BF
FFD000D200B7FFC6
001AFF20015501BE
FDE1FF5500C4005F
FF60011AFEAAFF33
0151002DFE62012F
FFB000CC000D00B8
FFFA009EFDF7FF15
FFED011B022FFEC0
FFD600CEFF5F00DB
FF8700A9FFB70101
0073FFCEFEC1FFBB
FF71FFFBFF330093
FF5100AE01770081
002CFF01FFC0FF4B
01D300B500A200B8
00EF01C800C2FF60
001200CDFF1EFFAF
FF6A0171FF67FF93
0126FE52FE49FEF0
0052FFED00110121
FF020147042EFFA3
008DFE41FF25FE8D
01B000F6FEC300D1
008C0030FEB9FED6
000B0104004B013A
013CFFBC026CFFB5
0088FFAE0017FFD6
002D0041000BFF3C
FF4F00F1FFBEFFF1
001900DE0092FF75
FF34FFD2FF9DFFD2
FFF7FF0D000200A8
0071007400960010
000AFEE301A801C2
FE12FF7700F10031
FF1A0135FF30FF63
0110FFAFFE770183
00200136FFD70099
FFB00070FDB7FEEC
002B00D402B7FE89
FFFC008BFEF0011B
FFC20087FFAD00D5
00280024FEB4FF7F
FFDE0008FF9D00D0
FF63011A01AA000A
0065FF37001EFF24
01E700E1004B00D0
019502140074FF3A
0013007CFF57FFA5
FFA5017BFF7EFF86
00E5FE44FE0FFF68
0065FFC3001500D6
FF2F01140406FF83
0044FE1EFF16FEBF
01E40119FF0E00F1
00400006FEBDFF02
FFDC011B00860158
01E8FFA002460011
004E00120009002B
FFC9001FFFDDFF3D
FF4F0115FFC40019
00540137001AFF9A
FF54000EFF8F0002
FFBFFF2EFFDF00A3
0024008D00E7FFFB
FFC0FEFB018F015C
FE44FF8E01000009
FF140112FF89FF69
0163FFA0FE920169
0015015AFFFF00A6
FF520057FDF3FEF8
003E008602D5FE7E
FFAA0037FEB10179
00000059FF6200EB
FFA30023FE88FF3A
003AFFF7FF8E010D
FEF9011F01B5FFCC
00D2FF7B0075FF53
01A9011C00790107
019F02100059FF5E
FFFF0041FFA8FFCC
FFBB01EFFFD2FFA9
00CFFE80FD65FFBE
FFA80033004F00B7
FF6C00BA034BFF40
0042FED0FF30FF19
01F300F0FEAB0076
FFF9FF86FF05FEFE
0010009900B8015E
0211FFB5021B0052
002A0012FF9C00B6
FFAEFFA0FFE5FF4F
FFBE0146FFB50048
00E70191002F0092
FF7D0017FF660030
FF780020FFF6009D
00D5005E00DBFFF6
FF43FF8E019C00F6
FE5C000D010AFFEA
FF1700CA000DFFC6
0144FF35FF14014D
001300FB001C0030
FEFD001FFE0BFF6F
007600070271FEC5
FFE1FFE4FEA70144
0011FFC9FFAD00A2
FF5F0001FEF4FEFF
00B4FF9CFFB30103
FF5001970122FF4C
00BCFF8D00D2FF9B
018B012AFFFB00C1
019201DEFF98FF5F
FFEEFFB8FF7FFFC7
FFE30260FFBE0045
00D8FEC6FCDE0050
FFB40059FFD30076
FFEE003B0292FEE9
004FFF3BFF08FF90
022D00D9FEBFFFD8
FFADFF82FF47FF98
FFF800A5009B0180
022EFFD301E5005E
001C0013FF8100E2
FF65FF0CFF91FFD5
000000ECFFAD001A
00E90208FFE40109
FF700070FFB200DF
FF3400A8FF9C007D
00F30060009F00C4
FEFFFF9101130078
FE45FFDE00C2FFF2
FF58010D004FFFF5
0165FE6FFF4600F8
002901580014FFC0
FF33FFCDFE02FFA1
003CFFE60224FEA3
001EFF72FF030134
005FFFCAFFBD00A6
FEFB002DFEF9FF20
00B7FFAAFFA3010F
FF7A015600BAFF1A
00AEFFCD00C9FF96
016C009C004C009C
01AF0188FF95FF3D
0008FFB9FFE7FFC7
000F021EFF610089
00B3FF2BFC7C0081
FF6E008EFFDF0020
FFF70021027AFF1D
FFFEFF84FEE30003
0234010AFE7CFFEF
FFA3FF37FF68FFE9
00270098002C011E
018000300183006C
FFE10009FF0A00C7
FF50FF43FFA6FFD1
002600EAFF78FFF7
016B020CFFC70158
FFF9005AFFCD00CE
FF3B005BFF41006C
00D70035004500D1
FEEFFFBF00DA003E
FDA800800108FFC6
FF8A0104008B001E
00F0FE93FFA100D9
006800CB0039FF73
FF3A000CFE4FFF5D
006DFF5F01C9FF08
003FFEE0FEE000F0
0087FFC3FFB500D6
FF20FFD5FF4EFF39
00B9FF1DFF8B0126
FF45015400B5FE9E
00E9FFF600D7FFF2
01380080004A00DC
0199013FFF2DFF51
FFF4FF7CFFCDFF91
00A901ECFF7A00D3
0073FFA2FBE600F1
FF800120FFDEFF9D
007FFF8E01B5FF09
0035FF94FF2D0046
020500ACFE9CFF4B
FF38FEE8FFAF0025
0058007B0010011C
011E009C013D00B4
FF900029FED20067
FF21FE6BFF4B007D
0079011FFFC4FFC9
01A2024AFFC30204
FFC2003DFF930105
FF1E0074FF0700B1
00DAFFE5FFAD016C
FEE2FFEC0070FFE3
FD5D00B500DAFFC3
004A015100D900BE
00C8FE51FFC8003A
00850021FFDCFF5A
FF3AFF77FE4DFFD3
00A8FF730162FF5A
0078FEAAFF0B0081
0086FFCDFF3D00D1
FECBFFD1FFE3FF67
00CEFF58FF250109
FFB0014200F0FEB4
011C002400EEFFF9
0137003F001D00DD
01680078FED7FF60
0010FFAAFF9EFFBB
00E1019EFF38015A
0070FFB0FBC500E4
FF9A0112001CFF61
0099FFB201AFFF04
FFC8FFECFEA70129
021F00A8FE9FFFB5
FF1DFEB8FFCE0048
00810033FF8C010B
00CE014C012B0113
FFA00023FED60053
FF39FE3EFF0A0081
00A900B8FF61001A
019601D6FF8E020B
FFC0002BFFAA011B
FF340094FECE00CF
00C0FFF2FF5A0128
FF04001C000AFFC7
FD1800A900B90022
00A0017900FD0127
00D9FE7400360031
0028FFA2FF58FF41
FFD9FF90FE8DFF93
00ADFF340150FF75
0047FE6FFF20FFE0
010CFFF8FF7900FB
FE9FFF72FFD7FF75
007AFF31FF0700E8
FF9C00CC003DFEB5
009BFFD600D60001
0107FFB8002900FB
01010049FE97FF7A
FFEFFF43FF84FF84
012F00F8FF440194
0010FFB4FBA300CF
FFF900FAFFCFFF68
00F3FFA7013DFF37
0006FFBFFED80142
01BF00F6FE9CFF84
FF09FE9700430072
00BF0055FFCA00CE
00C9017B00BF00F9
FFC10016FF17FFDE
FF3CFE23FEE70089
00DD0134FF89FFFB
018E0173FFAA01E0
FF9CFFD8FFC8013E
FF2E0050FE5400DD
0076000BFF310106
FF090068FFFBFF9D
FC93009E008A0094
016A014F00F3013B
0096FF130015FFBF
FFFBFF12FF28FEF5
0019FF56FE8DFFAA
0068FF8B0100FFEB
FFD4FE48FF63FFB3
0101FFDEFF490114
FE51FF760050FFE1
003BFF31FEAE00D2
FFB0009B005FFEDE
0094001A006B0053
0108FF65001000F8
00C20017FE52FF78
FFADFF1DFFF4FF5C
01AC002FFEE701E5
FFFD0024FB2900A8
FFAA0122FFD0FF3C
0176FF6F012AFEF2
0025FFC1FF1D01C6
019D006EFE76FFB9
FEF0FE7C0088007B
01420021FFB50084
00A5020F003D00DA
FFABFFCBFF0EFF94
FEFDFDD8FF0100F5
00F90153FFE5001F
01900120FFE601C8
FF7AFFA8FF8900F5
FEC70033FE480158
0046000FFEB1011A
FF150080FFBEFF6F
FC45007500B00120
01BB016400EC0156
00B8FF72003EFF5B
FFBAFE1FFF21FEE3
0080FF7FFE7AFFAE
0080003600EC003A
0035FE26FFA4FF6C
01A7003AFED2013D
FE1FFFC600BD0078
FFE8FF0FFECE006D
FFDF005100A4FEE7
0075004D00150039
00E8FF45003300E0
00A5FF5BFE50FFBD
FF7EFECEFFE2FF5D
017FFFB2FF1301B0
FFB30080FB2A0068
FFF200E3FFF2FF52
0126FF6B0127FF1A
FFFBFFB4FF7601B9
014D007BFE8EFFB1
FF0EFEC7007C0088
01CEFFD5FFA70021
005C025F002400E3
FF38FF68FEFEFF4C
FFA4FE2CFF5400D1
00F30178000C003F
013900B1002A0160
FFA3FF5DFFD700EE
FECBFFD4FE7F0196
FFD500BAFEA500D5
FF48005EFFBFFF37
FC0700330062013B
023E013200B60109
00DD00200068FEBC
FFD0FDDCFF28FEE6
005CFFAFFE9AFFE8
00A7002900BA0071
003CFE72FFA6FF53
00F700A8FE92018B
FE11FFC700870087
FF96FEDFFEB3FFE9
002CFFD60033FF07
0084FFAEFFCF007C
00D5FF09002500C5
FFD7FF4BFE890040
FF53FF81FFD1FEE1
019FFF05FEA001C5
FF770112FB87003C
FF7F009EFFFEFFA4
0131FF740120FF4F
FFBCFF8FFF9A016B
00EC0021FEC7FFB0
FF57FE57005D00A3
0208FFFBFF940044
000A0249002F00A2
FF3AFF1DFED9FEE9
FFEDFE71FF4E00D2
0111013F0032002C
00E9002D00A000E0
FFABFEE1FF9200B7
FEA4FF6EFE54019B
FF4B00A6FE400106
FF980051FFB6FF49
FBB0004200350154
0270010600AC0103
00D7008C0005FE98
FF3FFD85FEE1FF41
0074FFABFECDFF9C
0074007A00CA00D7
001AFE910029FECB
00F0007DFE0101E3
FE6E001700AC00FF
FF76FEFFFED7FF94
0088FF68002FFF31
0034FF8CFEE70028
00AFFEED005900DC
FF7BFF21FEA20070
FF77FF6F0045FE83
0144FE42FEF201B8
FF740104FBA40028
FF6E008CFFA7000B
0121FF4C0173FFA1
0001FF27FFAD0123
009CFFF4FEDEFFF5
FF77FE58003A00A9
022EFFAFFF920038
FFF302B50017002A
FF27FEDCFEFFFED6
FFCEFED5FF4F00A9
00940128FFC90047
007A000A00D9009A
FFB6FE68FF610082
FEF5FEE7FE270224
FF010115FE690084
FFE700B4FFE5FF38
FBBDFFC8FFC60169
02C300FC008A011B
00BE00F8002FFE32
FF1CFCF9FEE5FF3F
006CFFBDFF55FF80
FFE500AD000F010A
004FFEB2009DFF12
01170056FE4101C6
FE79005B00B4014D
FF17FEFAFEC7FF10
00ABFF8E003AFFA6
FFE0FF2CFE7E005D
0077FE97004000E6
FF1AFF0BFF7B0093
FF14FF88FFF9FE41
007BFDEAFF91019F
FF7D00C5FC39FF65
FF3B0045FFDD005F
0105FF8501ACFFE4
FFE8FF09FF9F00CE
006C000AFEF000C1
FFB8FE9F000C00EA
022AFFB30041FFF6
001B0223003DFFEE
FF1FFEFAFF2BFEBC
FFDDFF47FF9C0086
006C0106FFFAFFD2
001CFF8C0179FFD4
FFC8FE1EFF790041
FF3DFEE8FE0A025B
FE4B011CFEB4009A
006C0081FFD7FF6F
FC16FF66FF6A019A
02CB00B800090079
010601760026FE35
FEAEFCE7FE6DFF7C
0067FFBAFFA7FF24
FFBB00A6FFAA01AE
008EFF6B00E3FED4
00A20095FE1D0182
FF21004D0057013C
FE52FF43FEA7FEC1
0081FF80005B0025
FFF1FF26FE540033
008EFE570047009A
FECDFEFFFFE400EE
FF2AFFE90034FE19
0053FD5CFFFC00C0
FEF900F1FD1EFF0C
FF44FFCBFF9A0052
00D0FFBF0228004D
FFD4FEB1FFDF0047
001B005BFF260188
FFF3FF5CFFDB0134
01F9FF940083FFB8
002F021E0098FF71
FF10FF23FF3BFE84
0070FF87FFAF004B
002B00EFFFFF0050
FF49FF500223FF2E
FFAAFDEFFF99FFD1
FF80FE63FEBB024E
FDA2012CFF1D0057
00A10037FFCDFFDC
FC76FF0BFF930134
029100DCFFF9004E
011901E4003FFE57
FE8EFCB3FE80FF91
00120089FFAEFEDB
FFA000D1FFA70213
0035003D00D8FF19
001E00A8FDDD0164
FFB20069001B00EE
FDE9FF8CFECEFF1C
00A6FF7E009F0009
FFAAFED8FE0C0002
00E5FE76003700C9
FF08FEE4005E00B9
FF13000B0032FE5E
FFDAFD6F0053002B
FECF0019FDCAFEC2
0009FF98FF53006C
0038003702E70085
FFD2FE600021FFA2
FFB5005CFEE601D0
FFFCFFB8FF67015A
01EEFFBD00BFFFC0
FFF4026300D2FFA6
FEBEFF08FFBEFE41
0091FFFCFFEC0034
FFB500B40036FFFB
FF54FF0001C8FE6D
FFC7FE22FF50FFC9
0024FE06FF1F021A
FD3C0172FF91003E
00BE00290014FFFF
FD3FFEB7FFE00127
0262008AFFB4001B
00E1023E002CFE74
FEBBFD6AFEBDFF94
005C00CFFFA4FEA0
FF4700F4FF9A01C4
005100DD00BEFFBD
FFC80072FE420153
003600EDFFA800A5
FDB6FF7FFEF4FEF8
0063FF8D00890070
FF2CFEABFE5C000D
00E5FE7B003800EC
FF11FED700B200A8
FEDEFFD4003DFE4A
FF5FFDE300F1FF8F
FEE3FFDEFE33FE50
0052FFAAFFA30095
00060090035200D6
0000FE8D0020FF29
FFDC009EFF08029B
002D0080FF540124
0191FF6F00DFFF9F
005A019A011AFF5F
FF39FF96FFD0FE99
00C600AB00340014
FF5700AE0064FFC2
FEDFFF0F01DDFDE0
FF8DFE49FF94FFB6
0080FE5FFF6C0224
FD6C0161FF950011
00E2FFFD009F009C
FD65FE65FF9B00AE
01E7008DFF2CFFB2
014D02260006FEB5
FE96FDDCFED9FFB8
001B00E4FFBFFED7
FF1A012500050156
006401670096FFDB
FF6900D0FE6E00C2
00C60059FF2D0054
FE16FFE7FF1CFF01
0022FF7800B400B3
FF35FE42FEA9FFE2
0148FF15001100FC
FF5CFF0800F1009B
FEED0020006AFEAC
FF0AFE4F013EFEE3
FF8DFF35FEFFFDA1
00F9FFACFFBE00ED
FFE300AA03B90117
FFCAFE0C0056FEDD
FFF8006CFF12033B
00830098FF1500D5
015EFFC20140FFD1
00FC015A0125FFD1
FF74FF87FFE7FE92
00DE00D4000D000B
FF3600D70049FFE2
FEE4FEBC01A4FDE0
FFA7FE90FFF0FF9F
0036FE95FF9D0193
FE180149006FFFC9
00ADFFFF006A00A3
FE44FE83FFC900B9
014000B2FF14FF89
015D01F1FFDBFF47
FE99FF09FF95003F
003900D4FF45FF39
FEE8011CFFE40092
0053016400D70048
FF510095FEC00019
012F0058FEAEFFEC
FE200045FEE3FF59
0048FFC0013B0140
FF4DFE27FF32FF83
019DFFB6FFE60119
FFE6FF3C014CFFF7
FF1CFFD1004AFF1D
FEEAFF6C0126FEEA
FFC5FEEFFF3FFD87
0139FF55002800C1
FF4500A303F500B7
FFA6FE0A0052FE7D
006600DCFECF031E
00D80088FE5D001C
00BCFFD6014C0074
014400CD0158FFFC
FFE9FFF10043FF39
00F401530066FFBC
FF6300A300730018
FEDAFEB201D7FE08
FF83FEF2FFC8FF8D
0070FE77FFE9013B
FECE018A00F3FFAB
002B001E008B00DA
FEA9FEE900040067
00DE004CFEDBFF4F
019101EFFF9BFFF7
FE85FFA1FFCE007A
00AC00CFFF04FF74
FF5600CE005D0046
00370111005D0073
FF3B00B6FF540052
01110037FDF9FF57
FE80002DFF32FF98
0003001D015A0123
FF66FDCBFF5DFF90
01AF0038FFDA0150
003DFFB201180015
FF870008005EFEF2
FEC9FFE90125FE60
FFF7FEE9FF76FDAB
0163FFB200950118
FF0F00E0047700FE
FF7DFDBC0087FDFC
002300D3FEBF0323
00F6010EFE32FFD5
00C9FFEF018500F1
012A006E01B10059
00490009FFE1FF04
0084014E0039FF82
FF23011A0056FFF2
FF5FFEF5015FFE40
FF71FF77FFD1FFB2
0072FF0800440113
FEF501AB0132004A
0026FF8C00D900E3
FF30FF0000370049
005A005EFEB2FF39
017101B9FF5D0005
FEF20031FFF700F7
00370096FEF5FF7B
FF1B010B0120FF83
00C5010FFFE100DC
FF1E008DFF4DFFB9
00F20058FDA6FF1D
FEDE0056FF5B0015
FFDE005101800159
FF57FDF0FFC5FF85
022500C700440124
0088001301500008
FF68FFE4003AFECB
FEF2004D0125FEAE
004CFEF2FF99FD73
0142FFCE006B00FA
FF0700E304A3006B
FF44FDE70078FDE6
00C600E2FECC030B
00F80139FE18FF6D
00A0008B01960182
01B4000601E90056
00660002FFFBFF5D
008D01B6006BFFA8
FF0A00D30025FFFF
FF66FF7E00FAFEE0
FF43FFDFFFCBFFA1
0085FF05004400DD
FF7A01430139009D
FFCFFF3900A40105
FF0CFF21005DFFD9
FFE90088FEEAFEF2
01AB0160FF4A0076
FF3900E1002D00F5
000A009BFE4FFF92
FF4A01260179FEF3
008F00BEFF77012A
FF3400AEFF75FFBB
009E001DFDB3FF2E
FF50007BFFC5008F
FFAE00AA01A4015B
FFAAFE280005FF55
01C3014D00160178
00D3006C011DFFFE
FF61FF9DFFFFFECE
FF6001050171FE22
00C9FEEFFF94FDC9
01410034004A00B1
FEBE00D8042DFFCC
FFAEFE360091FDC7
010100C1FEDD030E
012500E3FE16FFC3
00B900B0017101BF
0249FFCD025F00CF
00CB0060FFC0FFB2
003501650023FF69
FF110170001AFFFE
FF5FFFB000AFFF5C
FEF60058FFA2FFD0
0044FF5A0031006B
004100BA019800AB
FFC9FF0C00AD0130
FFA6FF91009FFF75
FFCB00A9FF1FFF0A
019E00AFFF7600FD
FF210171002600CF
FFB700ADFE03FF62
FF8F009901B5FEF5
007600C2FF690160
FEF7009EFF28FFA5
00790033FD88FED9
0005004CFFF800BA
FFCB015801DD0139
FFF6FE480074FF79
02170191004A0153
012100AF00E5FFF5
FF7BFFB0FFFDFE94
FF91019F00FFFE87
00EEFF5CFEE4FE2A
0121005F00A50052
FEC40089045CFF87
FF67FE770067FDB6
014700D2FF4C02C7
012300EEFDF3FF38
007A00720132025B
027DFFBD024D00AB
00F00063FF670037
FFDE016A001CFF9D
FF5D01290024FFB4
000F007A00A9FFAC
FEC100B200180009
006AFFB5FFF50028
009900CC014E0128
FF3AFEE1006B0109
FF48FFA60091FEF8
FF690097FF85FEF2
01A50031FF6200E9
FF51019A00040106
FFDD0012FE04FFBB
FFF2008E0250FE91
00C0008DFF2C0190
FF16009AFF04FFAB
003FFFF9FD6CFEDA
004F003D001C01AD
FF6A01A202040102
FFD8FEAF00B4FF5A
020801D500320136
0160010B009CFFB2
FF02FF4F0071FE96
000A01E200E4FE4F
00F4FF89FEAFFE75
011000860054002C
FF8A007F03E6FF9A
FF7CFED7008CFDFD
015A00ADFEB20252
00AE00E6FE8AFFCB
00E30047011902A0
02AFFFD3026D012E
0100004FFF6C0041
FFAF00B800430031
FF7401670022FFED
002600C3004D0037
FE88011B002DFFD5
0042005BFFCFFFBB
0109009301860109
FECFFECF006A00B2
FF78FF9100A0FEE1
FF5700D10001FF69
01C3FFC6FFCF00D5
FF5A019EFFF600A9
FFBE0004FD5C000D
FFC600D20288FE79
00690017FF2C0207
FF630088FEF5FF92
FFE10042FE37FED2
00CCFFF30013019F
FF5201BC01BD0097
003AFEE9012AFF88
022701DD003B0114
019801150049FFD5
FF2FFF420077FEAB
0073028300D4FE83
00B2FF9EFDECFF25
00F500AB004EFFAD
FFB200720354FF45
FF59FEF1002DFE67
01A900D4FEE601C8
006F00B5FEB3001C
00A2006900FE02D5
02EB002001F0010F
00FD0088FF1E00D1
FEEC00AAFF71006D
FFA2017B0018FFC8
00F70135FFD10139
FE68011FFFEA0027
0071009BFF8EFF58
0162000D01720175
FE7DFF0A0066FFFE
FF77FFBD011DFEB6
FF7D00DB00DCFF70
017CFF02002100F4
FF16015E003E0016
FF94FF87FDE60016
005000B7024DFE70
009DFFBBFEF701D0
FF950066FF20001F
FF33FFE9FE56FEBF
00CEFFB6004401E7
FF6501E0017D0088
0041FF4201A5FF72
02190265005400FC
01870173FFE4FFE3
FF36FF1C000FFEF1
00F8027C00EEFF2E
00620024FD73FFC5
00DA012A0005FF34
FFEDFFE1027AFF22
FF9EFF1A0037FEDD
01C300E0FF1F0101
00320062FECF0021
00E8002A00DD0348
02DB000F01B00119
0151007CFF290113
FEE00015FF5F00B2
FFEF01470075002A
00EB01A7FF9E01F5
FE470145FFE80047
006400D2FF7AFF89
01A2FFDC013B01ED
FE3BFF4300240014
FF19FF6F011CFEC1
FF9900780132FFDC
0156FEBD000C00DF
FF110123000EFFB8
FFF9FF13FD980079
00650112024DFE42
002BFF3EFF3B01A0
FFC7FFDCFF240008
FECCFFFBFEABFED5
00D4FF79FFF701F5
FF40020E015F0047
006BFF910190FFB2
01A501ED005C00E0
010A0156FFA8FFAF
FF35FF000037FEEB
0198026200CEFFB4
00A90054FCC0004A
00690162FFDDFF0C
0081FF5A01F2FEE2
FF95FFB0FFE8FF75
020A009EFECE0058
FF890028FF75006F
00C3006300CA034E
027A0052018900E0
011C00C1FEF600F2
FE90FF83FF340119
004100DC0088001C
013301A5FF9D025D
FE6A0141000A0028
002D00D7FF06FFC4
01F3FF70008D0238
FE0DFF3DFFB7FFC9
FEE000020130FECB
000B00B90180003F
0185FE5C003900CD
FF100061FFC6FF6D
FFDCFEF6FDBA00C5
00BE00C90207FE93
004CFEC6FF260177
0044FFC4FEDA004F
FE910010FF56FEF8
00B0FF26000401D3
FF4501ED010A0043
0063FFB001ECFF9D
013B01B4003400BD
00E30102FF5BFFD2
FEF3FEF4004CFF3A
0216022A00780038
008D0091FC6D00A3
005601CFFF8FFED0
00FBFF440125FEEF
0000FFF4FFE1FFF2
01DF0072FE93FFBF
FF38FF83FFF70091
010E007700AD031C
020F012501120099
00FC0098FF0400D7
FEBAFF0BFEFD01B2
008100C400A5FFFD
015201AAFFC302B9
FEB0010DFFDF007B
003500D8FEA1FFE5
022DFF1B0032020E
FE18FFC1FFD2FFA1
FE17002100F5FF0A
00C400BF01C8006C
011DFE4700A90050
FF73FFC2FFC1FF5A
0006FE98FD9800BD
0078010B01B5FEAC
004BFE68FF380153
003DFF9BFF040090
FE62FFFEFFCFFF1D
00CEFF2AFFEA01B5
FF4501730093FFCB
0094000D01B2FFE2
00E10165005E00C3
00C500A7FF26FFDE
FF3EFEE9FFA2FF51
0283016A006E00D8
003A0117FBF90139
001101F4FFBCFEAA
0149FF370094FF12
FFFE0080FF9B0073
01C20079FE98FF0D
FEC6FF98006300B5
01500048FFEF02C6
0153019F012800A2
00B3007BFEDB0065
FEADFE7DFED70178
009800A1007B0026
019201AFFFA202E2
FF2400AEFFC900D8
FFEA00B6FE3F0032
01BCFF3CFFA0022F
FDFEFFC1FFD1FF54
FDB3008800F6FF21
00E100E801750148
0103FE6700DA0009
FF43FEFFFF5CFF01
003CFEFAFE0A00CB
010B00CF015DFEE2
0039FE5EFF1D00D0
0074FF78FEA100B4
FDF300010067FFC0
00B6FF23FF9C0178
FF3C0101FFF5FF5F
0079001501750007
003E00BE000C00B5
005A004FFF06003D
FF76FEF0FF96FF1D
034200F2FF98015A
00540108FC070144
FFFF01BAFFB2FEA0
01CBFF5EFFF6FF2D
005300AFFF820127
01B4001DFEBAFED5
FEBDFF2801360099
01780047FFE60231
00C801CE00BB0076
0076003BFF28FFFC
FEEBFE51FEBB01A6
00BE007000630024
0137016AFF9902D9
FECB0073FFDB00DF
FF6300C8FDF40053
01D1FF08FF4F01E0
FE4EFFCEFFDFFF6A
FD57008B00AEFFFB
017400CE018B0150
00D0FE9300D2FF8F
FF5CFE94FF1AFECF
00A7FED5FDF700C9
00DE00DD0103FF06
0046FE41FF980017
00BAFFC7FE880104
FDA7FFD201140033
008AFF17FF5301AB
FF6B009AFF62FF16
005E000300CA001D
0054FFADFFDE009E
003C0015FEBE002D
FFB2FE99FF6EFF05
033C008FFFB50134
FFED0119FBB2016F
FF9D016EFFC4FEE5
016BFF6EFFADFF88
004900D1FF6C0164
01330056FEC4FE72
FECCFF04015F00D3
018DFFF4FF4D019C
0079022C00A60074
007C0054FF58FF6E
FF12FE27FE5F015E
00CF009D00610075
014F0139FF980297
FF0D0089001700FB
FF2500B7FDEB0087
0180FF75FEC201CC
FE7EFFDB0005FF8C
FD1600AE00A1FFF8
01AB00B1013C01D1
004FFE900109FF10
FF3AFE0DFEDBFE46
00E5FF22FE8500C5
00A5008500FFFF68
0053FE0B0024FFEE
00D2FFF5FE680188
FDA0FFAC01B300A6
0086FF63FF03015C
FFBE0009FF11FEC9
0048FFED00000062
0068FF53FFCF007E
0021FFDFFF180054
0025FF11FF10FEE6
03340034FF760170
0002011CFBC5013E
FF830159FFB5FE9E
015FFF9BFF9EFF6F
002E00C5FF27018F
01020018FEB9FE20
FEEBFEF601B4010B
01C6001EFEEF0147
FFD8024400640031
0027FFD0FF2EFF63
FF05FDFDFE4C0111
0084007A00360008
01170141FF670249
FF2F00A700290178
FEF10075FD99003D
014FFFC8FE800182
FEFF000DFFEDFF61
FC76006C00AA0000
019B002F012001C7
0045FF1D0132FF0B
FEEFFDABFEDDFE42
0118FEDFFEB10079
00AB013900CAFFAE
005AFE40FFF9FF95
0131FFF4FE5101F7
FDE8FF9601C40140
0050FF8EFEDE00C2
FF75FF69FEFFFEC0
FFD8001AFF7A0088
FFEDFF10002C0015
FFACFFB6FF59008A
0008FF29FECCFE9C
030EFF9FFEBC0222
FFD70143FBE300C7
FF8E00A1000CFF2F
01C5FFD8FF7FFF96
0099006DFF050180
00ED0034FEE2FE6D
FEFEFF09022C00CA
02040021FE8A00BA
FF7B0260006F0019
FFDDFF65FF5EFEF3
FF22FE5DFEC10103
004B00B500080034
00B200CFFFE001EF
FF02001A005300F0
FECD0028FD73009B
00CFFFAAFE5400E4
FF7CFFDBFFBFFF6A
FBF3FFFB006C0090
0265003600B101DC
FFFCFF7D00B7FEA8
FF26FD08FEE5FE28
0145FF05FEFA0062
009E016700CD0007
0072FE770061FF14
0113005AFE120237
FDAAFFA9023701A5
0035FFADFED50075
FF81FF10FECAFEF2
FFC6000FFF800080
FFF1FECD00540051
FFD9FFD0FFC000B1
0051FF74FEB4FEB2
0278FF7FFED901F0
0017012CFC770052
FF9A008E0074FF21
016D0035FFD1FFAE
00720026FEB6011A
00770068FEE1FEE7
FF60FF4A022300C3
0197FFD4FE860055
FFC502350086FFF9
003BFF8EFF4EFED0
FF42FF0AFEC60059
005D0098FFA3006B
FFE20059001D01AA
FEEFFFDD0048013E
FF08FFBFFD8300BA
00AEFFF9FE5C005C
FFF700090046FFA3
FBAEFFC6FFF2010F
027A0057008E01AE
FFF8FFAE00EBFEB2
FF1CFD68FEECFE79
0190FF0DFF3E0029
006201B600BC0024
0037FE8F0048FF08
0071009AFE8B01E8
FE3EFF61017A01F4
FF57000CFECA000C
FFF4FED9FECCFEFE
FFA1FFDFFEB5004F
FFD6FE58003C0028
FF77FFD40012007D
0024FFDEFECDFE98
023EFEDDFE8801E2
FFF8013BFCB9FFF4
FF69FFE000AAFF92
0119005B0064FFF2
0063000FFEBF0107
006B0054FEF3FF6C
FF7EFF3A022500A9
01BEFFD2FE5DFFF6
FF2B021B00F4FF85
FFF1FF77FFB2FE9C
FF9CFF4CFF09FFC0
FFC000ABFF9F0079
FF4EFFE600AB00D3
FEF4FF4BFFF200F5
FF12FEF4FDEB0114
FFD4004FFE3B0003
006C002900410015
FBB8FFB6000A00F1
027E005A0011018B
FFE8004500C7FE96
FF66FD38FEDBFEA1
0133FF92FF76FFD4
0058015A00EF007F
0048FEF200ACFF09
001D0080FE920242
FE4DFFA101630229
FF330013FE87FFBA
FFDCFE9AFF47FFA1
FFC9FF58FE48007A
FFEBFE2400660019
FF62FFC8007D00EC
00220057FECBFE6B
01BBFE58FEBB0176
FFE80127FD4DFF9E
FF00FFE3009EFFF0
009800A300C50012
0090FFE5FF0D00A0
00340025FEB8FFD6
FFDDFF6F02190041
0194FFCFFE77FF95
FF680204014DFF3E
FFC0FFB0FFAFFEA5
FFCAFF8AFF26FFDC
FF670083FFB1004F
FEB1FF83011E0042
FF1EFECBFF9000D7
FF3FFEC5FE24015B
FF260038FE49FFB8
012300160076004B
FBC5FF5EFFF0011B
0260002CFFF7011C
004A00B10098FECC
FEF2FD3EFE93FEF3
00D00018FFB5FF5F
0009013D00A600DC
0031FFC40086FEF4
FFFC00A8FE7F01E2
FF18000001260249
FEB70023FE76FF42
FFF6FE27FF52FFB5
FFA0FFB6FDDCFFF6
FFF5FDB700B00053
FF5A000900C70113
002600E6FF45FEB3
0142FE69FED5011A
0004005DFDCBFF68
FF3BFFAA00EE0044
003400CE01890044
00EAFFA8FF190030
007DFFFEFEA50073
FFC7FFE601D5FFED
0152FFCAFEECFF22
FF6601CA01B1FF00
FF97FFDA0019FED3
0016FFB4FF4CFF19
FF4C0066FF8E0088
FE67FF090103FF4D
FF55FEF8FFC8008B
FFC8FED7FED5013D
FEB0004DFE96FEF7
013BFFD700B70095
FC4AFF17004F0109
02530081FFA7010B
002800B80073FF21
FF2BFDC7FE96FF41
00830075FF9BFF46
FFAF00DA000100B3
0027008300DEFF53
00050088FECB0190
FFAAFFD8009201CE
FE740037FE48FF67
FFADFE38FF75004A
FF86FF50FDE8FFD2
0002FDDD00D100C4
FF3E001D00CF0100
FFC300DBFED2FEDA
00E3FEC3FF790089
00450015FE80FE9C
FF5AFFA200830091
FF44013A01E20017
01240016FF4D000B
007A0056FE4200D6
005C00560124FFDB
011EFFC5FF22FEFA
FF9A0171020FFE99
FFB5001900AAFEC7
009C0014FFC7FEF3
FF1D005EFFC4004F
FD8DFEC60192FE5E
FF5AFF28FFE2005A
FFF6FEE8FF2D00EB
FEDB004DFEF7FF07
016AFFEE00E6012D
FC88FF0D007100D6
01F5000CFF2F0079
003D0136005BFF6F
FEFBFE41FEB9FF61
00940139FF79FF27
FF90004A002700F1
0042013500C0FFA7
FF6D010FFF100128
00560029FFC701B0
FE5F003FFE78FF63
FF78FE81FFD80035
FF73FF0BFE07FF7E
FFE7FE1300DF00BF
FF7F0023012700E3
FFF200DBFF45FEF8
0075FEE9FFE7FFCD
00ABFFB2FF0CFE58
FFE4FFE400F700F6
FF18012502B60069
0109FFFBFFD9FF36
004AFFFDFE4C015C
0034005E0106FFB0
0093FFE5FF69FF00
FFF700B20249FEBD
001500610096FF3D
00E1006D002FFE94
FF140066FF920010
FD99FE67016FFE27
FF46FF06FFC7FFD9
0021FF19FF8600D1
FE950080FF1EFEBE
014BFFD301200191
FD15FF7F00440056
018A0074FF01000B
005E01200016FF7C
FF46FEEAFF1C0029
FFF70164FF57FF1C
FF660009001C0079
FFEF0162003EFFEF
FF2700BEFF5500D3
00CB0018FF4800B8
FE95009CFEA4FF9E
FFB0FE6E008200C8
FF6CFEB2FE2DFF72
0018FED500ED00D1
FFE5FFED01290125
000A0167FF44FF61
FF95FF95FFDFFFB8
00EFFF17FFA6FDF2
FFF8FFB4012D0111
FE5A010F0300001C
00C7FFB20067FEA5
009A0016FE8D01A8
00C5006A003DFEFD
00360026FFA7FF6B
006C00300298FEDE
0017003C0114FF8E
011D00E90090FE39
FF0E0058FFE1FFFE
FDA8FE34011AFDE2
FF48FF88FFF8FFC0
0047FF120025003B
FED700CCFF76FE74
014EFF8F00F801A5
FD81FF74008C0042
013D002EFE9FFF83
00FF0116FFAEFFE9
FF4FFFDAFF6E0095
000B0188FF00FF35
FF3AFFD7002E0054
002E01A1005FFFFA
FF1C00C4FF650041
0120FFFBFE590088
FEB900B8FEE3FFAC
FF7DFE8B011D00C5
FFBCFE70FE85FF73
008BFF6200D900C2
003F004E011C00E5
FFF200FCFF61FF86
FF4E0054FFE1FF55
00FDFF2BFFC5FDAF
009FFF470176012D
FE6F0131034F000A
00D6FF55002CFE3F
00C20067FEF1018E
00E0FFE3FFD5FEE8
0014002F001EFFB8
00C9FFDA028BFF3D
000F00290134FF9E
013C0137008BFE4A
FEC400A7000DFFEB
FD8DFE6F011EFE06
FF36FF4FFFC7FFA2
0030FE9B009E005B
FF4D00A3FFD1FE90
00E0FF8D010301AC
FDC3FFB900690041
00B00057FE57FF2C
012200F0FF4C0039
FF9C00D6FFD200B0
0025015AFEB3FF82
FF5BFFDA00A9FFD5
FFFD01DD00270082
FED100A1FF78FFF6
00A60007FE1E002C
FF2C0114FF08FFEE
FF61FEBE00F500C0
FFA9FE4EFEB3FF34
00B3FF8F01220106
0091008301110101
FFF900D0FF6EFF99
FF2200970021FF0C
0123FECBFFDFFDCC
0062FFEC0188014B
FE18016A03B8FFE1
0097FF5000B9FE36
00A40020FF23018A
00FD001FFF9BFEBA
001F00450040000E
011CFF26029AFF77
0058008200E6FFBD
0128015600AEFDF2
FEC300E4FFF0FF96
FE2BFE7D007AFE64
FF02FFBCFFDCFF9E
006EFEE6009E001F
FF7D0067FFDEFF11
00F1FF5E00DC01B7
FE91FFE30093001C
007A0063FE7CFED5
0110005DFF38004E
FF7C012E003600D7
FFAF0115FE91FF3C
FF0DFF5000C3FFA1
0006019F004E00EC
FED40097FFACFFA8
00A8FFD8FDFC0038
FF2100EEFF060071
FF57FF0301A70138
FFD7FE48FF28FF3A
01350002010D0132
0113008F00D800C9
FFDB0075FF96FFA1
FEE4010C007BFED7
0147FEF2FFEAFD8F
00C6FFFA019E0114
FE2500970398FF8A
005BFF7F00F1FDBF
00A60056FF510212
010C0043FF6DFEC5
FFFDFFFA006600A0
01FEFF4B027EFF8A
009A00D700C60057
00E6014C00B9FE0C
FECB0108FFE5FFD5
FDF2FE8D00AAFF22
FE950003000CFF65
00DBFF2F00920058
001500B4FFE1FF70
00C5FF4900A901C2
FE8F002200BDFF8E
004C00AEFF12FEC7
0129002DFF4C0077
FF5301C0006100D2
FF7E0115FE33FF5E
FF3DFF7B017EFF78
FFD7015FFFD8010D
FEC900E7FF8BFF4A
00480029FDB5FFEA
FFEF00C6FF7500C8
FF74FF4C018C0125
001DFE91FFA7FF54
014300E1011C01A6
00FF011C007C00FD
FFB2000FFFB5FFB3
FF6F01280072FEB1
0196FEA1FFC2FDB8
008A0057014200F7
FE5600B6036FFF38
008DFF8300D5FE29
00DA001CFF4A017B
00FF0039FF3FFEB0
000C0001007B00E5
0254FEE70230FFD4
00AB009E00FE0051
006000DC00ACFE53
FEDD0128FFEFFFCF
FE9AFEF40007FF9C
FE8300390045FF91
00B0FFD90078FFF0
00AA00030028FF83
0056FF3F00A001AD
FEEEFFE200F3FF82
00440088FF7CFEA5
0166FFB5FF1B00D1
FF5A01A9000200C1
FF960071FDBFFF85
FF17FF1E016FFF42
FFA2010100300162
FF1800ACFFA9FED8
FFE7001DFDB3FFCE
007A00A3FFC60113
FF63FF9401EA0108
001FFE8BFFCDFF4C
0186015E00D30190
013B0128003000E4
FF8DFF9BFFCFFFCB
FF7801CA0047FE99
0146FEE1FF28FDFB
00BC007F011B00DE
FEA8003B0316FF27
0035FF9B00E2FDD7
00F2FFCBFFCC015E
00D60059FF36FF7D
002CFF86003800F7
027EFED90205005D
010E0090009100AA
FFE900C8007CFEA1
FEBB01B00005FFA9
FF17FF26FF99003D
FE1300B50032FF79
00D6007F0023FF95
00CA000B001C000F
0014FEF5FFEB0165
FF0AFF860126FED0
FFD900780011FE80
0127FF09FEE400A3
FF1201EB00470058
FF390022FDC9FFA9
FF3AFF5A0164FF1E
FFD700B7003501B5
FF3F0057FF3FFECB
FFA80058FE0FFFC9
009D008800210195
FF7FFFE501B300BC
001BFEBE0034FF0D
019101F300F201A7
01570168000000C7
FF87FFBA0037000E
00150225005BFEB6
015DFF2AFEC5FE82
0067011A006500AC
FEB800180315FEF9
0030FF4300C9FE1D
0111FF9AFFA500C0
008E0067FF2CFF9C
0041FFA4003F017B
028EFF3501DA0091
00E10096006600AA
FF93004F0071FF3C
FE9201B2003FFFFA
FF63FFCCFF66008B
FE6B00E4FFE5FFAA
00D200C0FFC5FFB0
012CFFB10014005E
FFECFF49FFE800DD
FED1FF840133FEDA
FFDD0069008AFE80
00E7FF1BFF4800D3
FF5E0197FFF90022
FEFD0000FD86FFA9
FF3DFF6E0155FEC4
0005002D002A01E2
FF93001AFF69FED3
FF750014FDE9FF9C
0106FFEC008901EB
FFC1002C016C0040
0025FF040080FF93
01A701FB010901D3
0121017BFFB300B0
FF73FF59000E0027
003902620036FEA3
0144FF17FE52FF16
009800FF0028005B
FF42000B0261FF09
0026FF6F0071FE99
0124FF8FFF830051
007D0015FF3B0006
00C5FF9D0013018B
02CBFF72012F009A
01050032004300A5
FF46FFF0FFF9FFCA
FF3A01FC0083FFDA
FFDE0018FF0400F7
FE5600FB0073FFEF
00EB00C7FF11FF26
01AAFF9AFFE500DC
FFD2FF87FF8E00AB
FED8FF5E0164FF1D
FFCA00820145FEAD
00E0FE8DFF4C00C0
FEF50176000FFFAC
FF34FF47FDE10001
FF60FFC50177FECC
FFC6FFC7004D01D9
000F001EFF42FEE0
FF700032FE8FFFE3
011CFF6100590203
FFCA00170194007A
0099FFAB009FFFCE
01AD02C901020223
01000127FF9000C2
FF6AFF2AFF94005F
009E023C0057FEA0
00E8FF61FDB5FF5F
00930178FFB8FFAF
FF57FF6901B8FF0D
FFF8FF8B0086FEFA
0155FF7BFF81FFD7
00480019FF1B0050
00E0FF54FFD201B1
02BB000E00C400D9
00E60002FFE7004A
FEAEFF8FFFCA0046
FF2B01EA0061002A
0042009AFEED0193
FE3A00BD0054FFF9
00E600DCFF10FF2A
01C6FF5AFFCB0147
FF91FFBFFF410067
FEA0FEED0197FECC
FFF60038016BFF51
0092FE41FF3F00A3
FF1100D9FFA7FFB4
FF77FF20FD92002F
FFBC0046010EFF3E
FFCCFF7500560198
FFFAFFBCFF0BFF0F
FF2BFFB5FED3FFD1
0100FF480077025C
FFAB0022017E0088
0075FFBF00F0FF87
01660271012B01EB
00C50145FF9800D7
FF9EFF17FFF2009A
013501DD005EFF66
0079FF95FD18FF9F
00AB01E2FFAAFF3C
FF8BFF220157FF55
0025FFD6005FFF41
0111FF92FF72FF45
FFF70028FF6F0082
0162FF45FFE201D0
0263004C007900A8
00CCFFF9FFBB000D
FEB6FEC0FF9900A3
FF3A01F1008F0044
004700BDFF0D01EE
FE1C00FD0028004E
00F900D5FE95FF6D
01EDFF1BFFD0014C
FF65FFE1FF1C004F
FE78FEFF01AAFF82
004400510173FFBC
0055FE8EFF1C001E
FF280094FFB5FF53
FF8FFF1FFDAE003F
FFA000BD0118FF3D
FF95FF67001A0153
0053FF53FF29FF60
FF02FFE2FF68000D
012FFF0E00470295
FFC700540177001B
009C005D00FCFF68
018102180111019D
00810166FF7400A1
FFAAFED9FFF7009F
01F201C000280025
004E0004FCA40025
009801A0FF22FEED
0042FF400105FF68
0034FFA30009FF9A
012CFFA3FF6FFEF1
FF97FF92FFAD00AA
014EFF29FFBD01F8
02150103000D0062
00E9FFF4FFE6FFEE
FE69FE60FF380120
FF93017000AA0061
00620103FF340204
FE5000AC00170026
00ED004CFE2EFF79
01F1FF02FF7D0159
FEF70035FF18FFF2
FE1EFF090193FFB8
00C8009601ED0044
006BFE65FF73000A
FF0EFFC0FF59FF60
0034FED0FDDB0075
FFCF00E700C8FF76
FF81FEBA0058015A
00D4FF90FF260002
FEB2FFF00021001D
00B3FECFFFFE023C
FFCD006B0123FFAB
00A600C700ABFF5C
00DB01C4011C0181
006500F1FF4800B0
FFCCFEDEFFA80086
02330124000F00A3
002A0030FC060084
00B401C9FEFAFEDE
004DFF1500C6FF8A
003EFF98FFC70039
0116FFE4FF98FEE4
FF7EFF55FFCD00DB
01B9FF61FFE501E5
01C60122FF88008B
00C20014FFBAFF9F
FE38FE33FF0E0132
FFBA019400980082
00D00129FF170207
FE600075FFEEFFDF
00F30034FE20FFFA
01B4FEEFFF5801B2
FEFA0089FF13FFBF
FDEBFF0A019C003B
012B007201C800EA
FFF6FE66FFA9FFE3
FEFDFF5AFF36FF39
0090FE84FDF1005D
001101260037FFB3
FF9EFEB7005E0106
0125FFA0FF30006F
FE53FFA0007E0040
0072FE32FFBA01E7
FF99FFAB008FFFCB
001501210098FF76
0081013901340181
FFB200D8FF3900F3
0019FF03FFB5008A
029400AFFFA300F4
FFCB007BFBEF00CE
001F013FFEDBFF0D
00C5FEC300940017
0083FFAAFF65004C
00A8FFFCFF50FE30
FF56FF31001700C6
01D8FF61FFC70152
00D801C7FF470016
00F5FFC0FFF8FF5A
FEAEFE2CFEFC013E
001A01AF008B008F
005F00F8FF4F021F
FEBB0022FFD9000D
009DFF87FDC2005F
01C3FF07FF030156
FF52007DFF3BFFA0
FD4CFEE4012900D0
017800AC01C0008E
FFDDFEAEFF98FFA1
FEE5FEC3FF23FEEA
00C5FECBFE660073
003B01B4004D003A
FF8FFE81002500ED
0144FFAAFF4F00D5
FE4F0004011400A2
005AFEA5FF9E0189
FFE6FFA20069FF28
FFF60134FFD8FF85
0015008C01240149
FFE40081FF4B00E6
0009FF39FF7D0061
0280FFBFFF910137
FF4800B8FBE700A9
FFF30115FF15FEC9
00B8FEF9009AFFEC
005FFFB3FF860069
00CB0001FF86FEB2
FFBBFF1DFFE8008B
0284FF8CFF630120
001901FCFEEFFFC4
007EFF530053FF2B
FEC7FE01FF0E010E
FFF501890078008E
006600E4FF8D015E
FF16FFFF0021FFE6
0036FF44FD8B0076
0102FF3CFEF20164
FF5A00DFFF1DFF71
FD18FED601380137
0180005B016C00C7
000AFF46FFAFFF0E
FEF5FE51FF27FEEE
00DEFEE1FEEB0031
006B01A9002C00BD
FFF6FED000820066
0167000AFF1A018B
FE36FFDB019900DA
FFBBFEEFFF6400DC
0099FF5DFFF3FF4C
FFAB00E8FF12FFE4
0040FFF9010D0108
FF40FFFFFFB200D2
FFFFFF47FF63FFB2
022DFF00FF97015B
FEFD00C5FC23005E
FFBB00A5FF02FEFB
00B8FF49007B001A
0050FF7DFF2E0053
00730033FF92FF01
0033FF32FFF7009C
0284FFDFFF1D00FE
FFA00243FF0CFF5B
004FFEFA000AFF2F
FEF9FE61FF0D00C7
001701B100800092
002800AA00330147
FF37FF930010FFE8
FFFEFEB6FD740068
0075FF67FE8D018D
FFE200BFFF6DFF97
FC96FEB0014A0128
01AF0027014A00BF
00000000FFCCFF31
FEBDFDA3FF01FED5
0111FEF3FF17FFA0
004B0231002000F2
0028FE9A00BD003C
014F0049FEF701C0
FE78000401C4015B
FFAEFECAFF280082
00B1FEEFFF67FF39
FF4C012CFEB4FFE8
FFBBFFB2011500FC
FF33FFE9FFD80143
0082FF8CFF2AFFB9
0205FE7CFF750190
FEA300DCFC780074
FF6C0075FF1AFEB2
00D5FF8E00820024
0048FF56FEDE002F
00260055FF9BFF8C
007CFFB6001B0047
02AEFFAAFED50039
FED3024EFF17FF37
0020FEECFFEDFE80
FF34FEC7FEFC003B
FFF50194000F00C5
FFF0007100700086
FF62FF50FFCFFFC7
000AFE81FDBC009A
FFCFFFC2FE830165
001000C7FF92FFD5
FC27FE4E00E001CC
01A5FFC800EC0102
FF9B007A000CFF1C
FEE3FD90FEDCFE99
013FFF97FF80FF68
007B029FFFB70184
007FFF3E00BC0015
010E00A4FF14021D
FED2FFDE021701FE
FF53FF07FEE6003E
00F4FEFBFFA0FEFA
FF160111FE59000E
FFCEFF05010D00F7
FF17FFEA003900F8
00BEFFD2FF55FF64
01BDFDE6FF5601CE
FE4A00A9FCD00041
FF87001BFF79FEEC
00B8FFCB00F20061
FFFBFF1AFECBFFD2
FFFD006BFFB60024
00E6FFF300230018
0280FF95FEF6FFEF
FEC80284FF23FF00
FFD5FEF80019FE58
FF2BFF32FF07FFFB
FFAC0149001300B2
FF99000A00A8FFEE
FFCAFF24FFFFFFCB
0090FDFEFDD600B9
FEDE000FFE79010B
005800BCFFC90004
FBEDFDCE011601D1
0215FFDE00AA0144
FFE800EB0005FF04
FED7FDA6FF10FEEE
01A9FF83FFD2FF49
003002C7FFB60141
0075FFBD00C80016
00DB0070FF180247
FF34001D01F50253
FE7BFF63FEA40015
0113FF4EFFDBFFE0
FF0B0098FE21FFDD
FFDDFE9B009D0117
FF0100040080010C
00BB0018FF9EFF65
0198FD87FFB1015D
FDD500A4FD670045
FEFF0022FF6BFF14
0045FFD7016E0084
004DFED7FEBEFF4D
FF9200B6FF73015D
0109009EFFF7FFDD
01DFFFA1FF3AFFB7
FEB90261FFF6FE50
FF71FF33006AFE67
FF66FF7EFF4CFF9A
FF310129FFF800DC
FEFBFF9E0180FF50
FF9BFED600090026
008FFDBDFE6C0138
FE260059FEC400B3
00A9007F00720099
FBCDFDD300F90182
01FAFFFE002E0126
004401A70075FF05
FF19FD84FEB7FF20
0145002E0038FEC4
001202FCFFE70199
004700630058000A
0091004AFF040246
FFD60033016D0226
FE62FF61FE6BFFB6
00F3FF72FFEA001A
FF3C00B1FDEEFFC8
FF83FE6C007E0119
FF120004011200E3
00EA00E0FF89FF6A
017AFD71FFEB00F4
FE020045FDE6FFF2
FF19FFE7FF78FF37
FF89005A01EC0052
007CFEFBFEB2FF37
FF900050FEE701A8
015700EE0011FF56
019DFF91FF81FF4B
FEA4026D0056FE2E
FFC6FF7E00C7FE5D
FFA3FFB1FFACFF2E
FF1000D7002B00C6
FE7DFF6B0187FE33
FFC9FEC3FF960007
009DFDC7FF22016D
FDC6004DFF5DFFD5
009E009700E1010D
FC50FDAE00F201BC
01ECFFC8FF9700E4
00120202FFFDFF3F
FF8BFE11FEDDFFD8
014D00BE0020FEC8
FFC802D9FFE10137
006A01530024002B
00180072FF820263
00BA003D00F401B6
FDFAFFB1FE89FFD8
00A3FFAB0028FFEF
FF45006AFDF6FF89
FFC4FE37008A0152
FF72002501140055
00F90111FF92FFB1
00F1FDE1001200A4
FECFFFE0FE2CFFAE
FF57FFCAFFE6FF66
FEDC00A802A900BB
003DFEEDFEAEFEAE
FF8900AEFEEA0195
018400DEFF7AFF3A
0120FF8FFFC4FF31
FEFE021400E7FE39
FFABFFBD00F9FEDE
FFCC003DFFCFFED1
FEE80098004100EE
FE72FF28017DFD89
0016FF28FFDB0068
00DFFD3EFF78017C
FD8B0095FFCAFFCB
00C6006A01410156
FC60FE0501090188
01A3FFB7FF4800AE
005B01D5FFF7FF99
FF91FEB9FEEA000C
00F6013E0030FEAD
0020020BFFD800AC
00300213FFDE007D
FF9D00D0FFC80209
0102001FFFCB010B
FDB6FFD9FE6EFFA7
009DFF610059005E
FF85FFEEFDDDFF5A
FF98FDDA009A015B
FF64FFDA01750091
00FD015CFFE7FF76
0097FE39FFF3004C
FECFFF5FFEECFF2A
FF8BFFA60003FFE1
FE3500E1038F00B2
0013FEC9FE80FE4D
FFA100C3FE990283
0176011DFF3DFEAE
00A3000E0002FF0C
FF3D01AA0133FE37
FF97000400CFFEC0
007100D4001CFE28
FEB000A3FFB800C7
FE51FF090205FD3E
0083FF47FFC40060
00F0FD1CFFC60199
FD5800C30010FF57
00C80067016901DD
FCDAFE9C012E0108
018B000FFEDA0045
003E024FFFECFFC3
FFCFFEFEFF01009B
00B101C20015FE53
002D0179003200BF
001D0235FFB6006D
FF6000C8FFBE01D7
019DFFFFFF560098
FE1B0043FE89FF8D
0036FFE700CA00B4
FFD0FF5DFE41FF67
FFCFFE4000800158
FFA6FFFF01860093
00F2019CFFB9FFA0
0050FF2C0008FFDD
FF6EFF68FF61FEA7
FF70FFA800A6002A
FD98010603FE0049
0007FEF3FF0BFE2F
0017009EFE790248
016B00DDFEB8FE84
005C004B0047FF77
FFCE00F2014AFE6A
FFA4FFDF00E0FEE6
005F0136002BFE10
FEBF0073FFD500B0
FE5DFF1201D2FD48
0024FFCDFFB70082
00C7FD6FFFB70120
FDDB00CF001DFF5B
00C60022018601D7
FD34FEF5016200D6
01200049FE42FFB9
004A0234FFB5FFFF
0003FFE3FF5C00F9
008001B1FF8AFE8F
0002016100D90019
003A023CFF400051
FF0600B8FFC00192
0175FFEBFE810070
FE4F004FFE86FF6A
004EFFC3010700C7
FF96FEFAFE5CFFB8
0013FE0F00660133
00480002018400A7
01330196001CFF58
0001FFFFFF61FFA8
FFD6FF53FFA3FE7B
FF94FF5B00F60044
FD4C015304700018
FFBBFEFEFEDDFE50
001F009BFE6C0270
019800EBFE7DFE46
002D00F00063FF6E
001000550161FEC0
FFFE000200F2FEEA
00D5019B004CFDC2
FEA9008DFFCA004B
FE69FF2D015EFD70
006F0050FFDE0093
00CFFDB100150133
FE2A00D00065FF41
009EFF99011C0231
FD58FF40014000FF
00D800A1FE5BFF54
004401C6FF83FFF2
005200A4FFC40102
00AC01E1FF63FE79
FFEB00A7015DFFC2
00340206FF400071
FEF100B900200151
016DFFFAFE3E0052
FE6800F1FEBAFFED
0013FFF70154010D
FFEFFE9FFF3DFF9B
0094FE8C006E010B
00B9FFFB0160009D
00CA016A0084FF39
FFDC0088FF54FF54
0002FF6BFFECFE0D
0006FF9D0162002D
FD3C015E04A7FFDC
FFBEFEF7FF90FE29
002F00C5FE5C0251
015400B7FE5DFE05
FFF600B6006BFFB1
00B7001401A9FED7
FFBAFFFE0090FF55
00CF01B10065FD95
FEF700B0FFBA0031
FEB7FF3E0151FDC6
FFFD00960010009C
00F5FDC8005000C0
FE9F00EB0037FF63
0046FFA3010301CB
FDD5FFFB013E009B
007100A2FE0EFF4F
009601A8FFBC000A
0086010AFFEE013D
009201B0FEE9FE9F
0006006E0204FF8F
003E01B1FF4900A5
FEAA00B8FFF400DB
0129FFF7FDD6FFEA
FEF00115FEB8FFFF
FF63FFBE01430105
FFE4FE7CFF96FF65
0071FF00009D012B
00C10026016B008E
00EE012400A9FF74
00070128FF5CFF59
006AFF35000BFE83
FFDCFFF401CB0073
FD3A01230484FFB2
FFA1FEC4FF89FE16
0034006EFE9B021D
0151003EFE98FE0A
FFDB00B60043000E
00D9FFC601C4FF61
FFF000260064FF72
00ED01C400BFFDCF
FECB006FFFBD0012
FF0BFF5C00D2FE3D
FFA100A9FFFF0096
00DBFE04006000AA
FEF3005D0041FF36
0003FF88012001C2
FE16000C0133006D
004500B5FE89FF68
00D80167FFB90016
0067016A0014012B
006A017CFEB1FEE9
0057002301D8FEF0
0008019EFF1200C9
FE930082FFEF009E
00FDFFF5FE18FFDE
FF5F00B9FF6C005A
FF58006001EB0102
0051FE51FFFBFFC4
00A3FF9800720140
0113001F00D60040
005300EC00DEFF32
FFDD019CFF2FFF06
005FFF89FF79FEB4
FFEDFFDC01BB0097
FDB300B1045EFF83
FF6BFF2F0022FE46
00520091FEC801E3
00B2FFF3FEA9FE68
FFBF009800E3004A
0181FF8E01E40028
FFC5001C0006FFBD
0097016100BEFE42
FEF900BFFFD1FFAF
FFB9FFA5003EFEFD
FF6400DF002300AA
00DDFE7F009E0059
FF4600CB0064FF92
FF9DFF56008D0147
FEA400940136001C
005F00EDFEBEFF19
00CC00B7FFA20004
008A01DA0053017C
FFFF00FCFE74FF1A
FFFA00030297FF15
0038018EFF230099
FEC00052FF770061
00BA002BFDE6FF6C
FF9D008CFF9C0067
FF1A008B01F100CC
0079FE190051FFCC
0076001900810164
012F002F0049006C
0033008A0128FF26
00040188FF8CFEDB
00A2FFBAFF05FEEB
FFCA001C015A00CF
FE2D005B03CAFF0D
FF6EFF88FFF5FE79
00640027FEBB00F7
0054FF7FFEA7FEF0
FFCE006F011700A2
017CFF3601D8004C
FFB7FFE8FFDF0059
007E011E0075FE8D
FF4500A6FFDDFFF0
FFDDFFE600520004
FF88010BFFE70058
009DFF1F00620045
FFD5009C000F0002
FF21FF3000A00125
FE9C00B90145FFCD
001200B5FF52FF45
00BE0031FFC0FFFE
004901C1FFEE012B
FFCC00F8FE81FF7A
004BFFC50211FEC0
FFA900F4FF6600C2
FEC8FFEEFF620018
001C0058FDD8FF2B
000BFFCA001A008D
FF5A00BD01F900A9
00A6FDE70080FFC6
005800C600890181
00A9006AFFC00088
FFCC002D0169FF24
0019022AFF5FFF24
00C2FFC7FE83FF89
FF87003D011A005C
FEDCFFBB030FFEF1
FF9EFFCC0032FED9
0111FFD0FE790071
0018FF0CFEC2FEAF
FFE80094010A0127
01DAFF5E01BB0068
FF75FF81FF97009B
0046008B005DFF51
FFB9009DFFF8FF9F
004F003D003A0095
FF3F00BB004F0038
0026FF9200540005
003E006A000C007E
FEA5FF75FFD200EA
FE9400CF00DEFF91
000B008A0032FF52
00D7FF90FF9DFFD6
003D01C5FF8B00C6
FF670053FE4A000A
005FFF650211FEEF
0011008BFFA700BB
FECDFF46FF02FFC5
0004004CFE2AFEE5
00DFFF87001C00F8
FF4F00D401B60093
00BDFE010153FFCD
FFF9017000DC016A
000F00C2FEE10075
FF9C00100136FF3D
00E9020CFF56FFC1
004D002FFDADFFB9
FF5F00D900C20037
FF7AFF3D01DDFF1D
FF6B00050014FF9F
00F1FFE9FEA5FF48
FF46FEB3FF56FF39
0058006201000153
01E1FFD2013800D7
FF88FF57FEE3005B
FFB0FFDDFFE3FFBF
001600AC0017FFEF
011C0066FFE001B5
FF1E00EB00570050
00680081FF83FF9C
00AA0005FFB300FE
FE7BFF7FFF0A0060
FE67008B00E0FF69
00A000ED0091FF77
0020FF2DFF92FFED
FFDB00C5FF930044
FF2FFFD9FE450093
000CFFCF0211FEF0
FFFBFFA1FFC600BA
FF2CFE8CFEF8FF61
FF7A0080FE5BFF21
0110FEE900850120
FFB500FB01D7006F
00B6FE550188FFDB
001E019500790177
001800F6FEA2007D
FFAEFF96015EFF35
0147024EFF0B000E
00A3006AFD4D0018
FFEE00E60031FFC6
FFF5FEB5015FFED8
FF110055FFD6002A
010EFF60FEB1FEB2
FED3FE7BFF64FFEC
003D009600CD0166
0203000C00F600B6
FFA5FF32FEC2002F
FF51FF62FFD20027
00500089004DFF86
015200A8FF9C01D8
FF2200FE006B0072
005500A4FF2FFFAE
012A0021FF3D01C9
FE99FF12FEE1003F
FE51003800BAFF79
008E00E30134FFBC
000BFE9EFFB8FFC7
FFD200BBFF1C0023
FF5BFF71FE5500A2
0008FFB50202FED9
FFFCFF41002400C0
FF5EFE8FFE8BFFBB
FF4300A2FE7EFF70
016BFED4008D0158
FFE6010E01A30076
0094FE9702070009
0088022100680195
FF7F00DBFDFA008E
FF6BFF240131FEE9
02210221FF2D0075
0065009FFCC1009E
FFA8012AFFDCFFE5
0077FEC90060FEE6
FF9E003C001300E6
0110FF75FED1FE4B
FE9CFDF0FF9C0041
009C007000FC0177
01EC008300B300E3
0007FF0FFEEAFFFC
FFBFFEA4FF77010E
009100DD006FFF9A
01270105FF860240
FE8A009300A600D4
000100D5FEBAFF90
01CCFF6AFF3D0142
FE4EFF6FFED1FFF5
FE08FFB9006BFF7A
01140147013A0015
009CFEFDFFF9FF76
FF71FFC8FEFFFFAC
FFD5FEF4FE3800E4
FFE9001801EFFEE2
FFB2FE8C007E0067
FFF9FE4EFE4CFF93
FEB200C0FF73FFA8
011BFEDE006E01A7
00420120016E006A
004AFEB6017BFFEE
008E01EA00170178
FFB400D3FE380085
FF27FF0D0124FED7
023501A7FEDE00F1
00570058FCA70023
00320112FFCFFF87
00DEFEDB0033FF46
FFAB0017FFD20107
00EEFF27FED7FE43
FEB3FDEA001400C1
00CE007900B70157
020E009100BD008F
003AFEFDFF2EFFB5
FF5FFE46FF06012A
0056015A004FFFF8
013A00CEFFBD0227
FE2600C1005400F1
FFB10092FE70FFB9
01B4FFB4FF450181
FE7FFF75FEBEFFB6
FDD6FF670066FFCE
01280121015C0056
0061FEE5FFB3FF83
FF35FF98FEA1FF0D
FFF8FEB3FE1000BD
002B00C801BBFEFA
FFC0FE8500A40021
001CFE51FE2EFFD7
FE3F0067FF91FFDE
00DBFEB8004E0161
002A00F30158FFFE
0052FF3A018D0024
002F0168002401BF
FF4F0111FDB300A0
FF5AFEC400E1FEED
027E009CFECC012C
00270073FC80001F
00470103FF9DFF92
00F7FECCFFCFFF75
FFCBFFF4FF91016E
00E0FEF9FEB3FE83
FE6FFDDA003200C7
016000150078010F
01D100DA003700F8
0032FED8FF34FF1F
FF64FE01FF410167
00B6019BFFEC0028
00F400A1FFE6022D
FE4D003100430062
FF6D009BFE69003E
0136FF6EFEC70131
FEA7FF97FEA2FFB3
FD65FF080080FFF9
017E00F9017700F3
002CFF52FF3CFED0
FF25FF11FE7FFF18
0005FED5FE3500A0
004E01160153FF70
FF83FE43008EFFE9
0084FE75FDD1FFD4
FE510091001F0039
00D8FE7E001E014C
0029009200E0FFD0
FFF1FF4501240024
0022015C003901A6
FEDE010CFE9400E0
FF9BFE9C00C6FEBA
028CFFEDFED70188
000C003FFC830045
002300D5FF2EFFB8
0166FEB5FFD1FFFC
0037FF77FFC20140
00A4FEF5FE9FFE7A
FE80FE4C007C0103
0180001200230136
013D0109001A00B6
0050FE59FF38FEC9
FF82FDF7FF4201A3
00BB01B7FFDE0026
00CB006D004C0187
FE5D002D00500073
FEA70029FE2D0055
0155FFD0FED700FD
FF13FF80FF32FFEB
FCFCFED9FFFA007E
019500C801730114
0067FFB6FEE5FE61
FEF6FE47FE54FF10
0071FECAFE6400DA
004B01A300C6FFF7
FF8DFE5800BCFFD8
00A5FE4FFDDD006D
FE5D0032008400A3
0010FEC2000F0096
0075007E00300011
FFA9FF350073004B
FFC3005CFFDE01C9
FEED00BCFECB0108
FFA1FF09005EFEA0
0238FF28FEBC0147
FFD40034FCE0FFF2
00730033FF4BFF81
01B1FEA6FFE50044
FFE2FF65FF5B0168
00B4FF69FEE2FF23
FEB0FE2400C300CB
015C0068FFE40106
00F700D3FFD7FFFC
0060FE0F0035FE8D
FF4CFE89FF1F0147
00BE0179FFCD0024
0067001600450133
FE31FFE30086002A
FE5DFFBFFDF000CA
00980088FEF20125
FFABFFA5FF27000A
FCCFFE86FFC800BD
016A002D016000E7
0028FFD2FEBDFE08
FEF6FDBFFE1FFF95
0055FECDFEFD0102
0041021700BD0090
FFBBFE6E00B3FF6C
0068FEBBFDC300D4
FE25FFD900720146
FFA3FF05FF41002E
007FFFFAFFBBFFC9
FF81FF0BFF8F0025
FF98001C00340183
FE39007DFF67010E
FFE0FF5A0028FE76
021CFE28FEF6019C
FF910038FC9FFF7D
002DFFBAFF18FFD8
01A5FF12002B0089
FFF3FEB5FF09010D
003CFF92FF32FF83
FF62FECF00CC010A
01C9003CFFD300C7
001900B7FFB2FFC8
0085FE120020FE53
FF56FEB1FF1A00D2
006F01AAFFF90056
FFFFFFBC010100B7
FE89FF8500490019
FE3FFF24FDE700FB
FFBA00BDFF2A010E
000EFFB0FF7D001B
FCA7FE25FFD90130
018AFFBE014800EB
004800EEFE82FDB8
FE31FD2BFE2EFF3F
007EFEF1FF6100C5
00B6022900730112
FFE5FEA000E6FFB7
002DFF05FD9B0132
FE3EFFAA00A8019A
FF0FFF1DFF4BFFCA
0123FF93FF68003D
FF2EFEE1FF040013
FFFFFFA80025015D
FDE200E9FFD80188
FFD6FF9C0003FE67
01ACFD38FEF801E3
FEF7FFC8FD79FF7A
FFA4FF4CFEBD001A
015EFF5100380098
0033FE5EFEDD0101
0022FFEBFF110005
FFE7FF52005F00E7
01A500A8FFCF0095
FFC100F10012FEE6
0028FDBD0056FDD5
FFE6FF1CFF4A00B0
0039015FFFB50033
FF59FF2001660022
FEF8FF09004FFFBF
FE4CFE6CFE0B012A
FF570112FF20009B
00E4FF60FF960059
FC6FFDB9FFA2011B
019BFF6A010400D1
002A01A9FE75FDEE
FE0FFC85FE25FEFE
0092FF60FFA50020
002702600049019E
0019FEDF00C2FFCE
0099FF3BFD6F0184
FEE8FFFD00F1025A
FE9FFF62FF5CFF61
0163FF8FFF740019
FEA1FF54FE7FFFB4
0016FF2700050196
FE3400F900570126
FFE8FFCAFFD0FE77
0152FC87FF4F01A5
FEAFFF77FE25FF30
FFA6FED1FEE2001C
00E4FFE100C80157
0006FDDFFEBAFFE9
FFDD0071FF000119
009B000D001400BA
01A6FFEDFFB9FFBF
FF6A01640066FEC4
0034FDF100BDFDB8
FFF1FFEEFF460014
FFF30118FFDF004E
FED3FEE20188FF1B
FF07FEDD0038FFEE
FECCFDD5FE410117
FE1E0191FF4A0061
013EFF7F002D007A
FCAEFD2FFF760146
0186FF4300CB0119
0042021DFE76FE48
FDF9FCAFFDE0FF5E
00B7FFDFFFD6FF9F
001002A2002D017A
0039FF9800790036
000CFF91FDD9019C
FF8AFFEB00D8026D
FE1CFFA9FEEAFF86
012AFF5DFF6E0041
FEB2FF68FDD0FF5F
0047FE9900460195
FE6C008200B90101
FFF7FFDEFFD5FEB5
00C2FC7DFFE90105
FE6AFF2EFE9BFEEF
FF91FECBFEE20061
003B0055011D00DE
00BBFE0FFEB6FF75
FFB90085FEE401DB
013700D5FFB200A4
0199FFC70005FF75
FEFA015A00EBFEBE
FFF1FECD00F1FDC5
00710004FF94FFCD
FF6F011DFFFB0076
FE4CFEAE01F6FE97
FF2AFEF80021FFB5
FF2DFDD3FEFA010C
FDB10157FF6A0006
013CFF93009E00C4
FD0FFD66FFD300F3
019FFEFD007C012B
00760294FE84FE90
FE01FD2CFE20FF38
00BA00D7FFD3FF55
FFD301D800010178
FFFE006700540057
0015FFCBFE44016D
00400001009701F2
FE09FFCEFF14FFAE
0148FFAEFF730052
FEA8FF83FDF3FF6B
0074FE9800080167
FF41009D011E00A0
00070056FFB2FEE3
00DDFCAEFFF000D2
FE23FF11FF39FED1
0050FEA6FEB80026
FFE7008201A90125
00A2FDCDFF25FF78
FFA600CAFEAD0231
011B0156FF51FFD1
0125FFE8000DFF5D
FF25016C0130FEBD
FFFDFF0E016CFDD7
00570079FFC1FF97
FF2E00F2001F002E
FE38FE9801A6FDE6
FFC2FF230031FFD8
FF81FDA7FFA60146
FD420193FFE6FFF7
0174FFAC0108015D
FDACFD60FFE400E8
0163FF22001600F0
003D02A1FE95FEC0
FEAFFD9DFE7F002B
00D701280015FEDB
FF7001F2FFFA014E
001300C0FFF400AF
FFDC001AFEAC01CB
00D1FFFE00040191
FDA1000DFEDBFFB2
00EEFF73FF9F00B5
FEA4FFACFE02FF24
009EFE63003E0187
FFAE002001CF007F
FFFE004A000AFF28
0048FD200091000B
FEDDFE8EFF9CFE3C
000CFEDEFF51006F
FF0B00B202750142
0098FE28FF17FF2E
FF8800C4FE4C031F
01AB0205FF0CFF89
00D5FF77006EFF1D
FF32011101A8FEB4
0027000F0146FE46
007C00CF0035FED4
FEBF0150FFB8006D
FE05FEA001F0FD40
FFDCFF8C0050006E
FFCFFDBF00000174
FD6E01750033FFD9
01A8FFA901CC01D7
FE11FD87002A00AB
0116FF0DFFDA00A1
00C602B8FF10FF5B
FE86FE39FE760045
008301B3FFA1FE30
FF6200EA000F0134
FFEF01B5FF7800B2
FFAC00B8FF030109
0148FFC5FF6500F2
FDE50052FF17FFF7
00B5FFF1FFFA0078
FF10FF36FDF4FEC2
0071FE730010015C
00600053020A009A
004D0067006EFF72
0002FD690091FFE8
FF61FE86FFF6FE2A
007AFF28FF7000AA
FF2300BC0328010D
00E5FE25FF9EFE78
FFD30054FE1A0385
018E01BFFEFFFEEC
0031FFCD00C1FFB8
FF73007601E6FEFE
004E006201D4FEA7
005D00BC0084FED5
FE6F0111FFA20070
FDE3FE9101BEFD54
FFCBFFD1000D0050
FFB6FD9700950177
FD2F0164006BFFC7
013DFF9B01D601DE
FE7FFE43002D0081
00CCFF71FF84007A
01010226FEB6FF0B
FF88FF6AFF200135
003901B3FF57FE76
FF4800BC001700B2
002901EDFF560106
FFD800B3FF830117
015CFFE1FEF00050
FE4C0091FF350074
003A0014005500AB
FF0AFFA3FE63FF0A
00BEFEA700470142
00CA00C3023E0076
006C00630087FF50
FFCAFE650091FF9D
FF8CFEBC004AFE0F
0003FF6000370087
FE7500B8038700EC
0030FE22FFDFFE11
FFDE00BEFDE70393
01CD0247FF0BFE95
0033FFF400980033
FFFA001701EBFF31
009B00990129FEF3
0038013B00E2FE8C
FE3C0115FF88000A
FE23FF09017AFDD8
FFA4002F00570046
000BFDC300C6016E
FDD601460099FFA3
010CFF5D01E701F6
FE9CFED00083FFE4
00A9FF8DFF390001
011E0229FEDBFF52
0033FFDEFF780159
FFD80203FF36FE60
FF6000DF00B90083
004D01A5FEBF014E
FF6D00DFFFF8008F
0187FFD6FEBD002B
FEB000D1FF38004D
004200590052008F
FF10FF67FE36FEED
00A7FE9E0064010B
016D00C101F2000E
006C005900A4FF6A
FFF6FF1C0055FFEE
0003FEA2FFFDFE06
001EFF9400AC00B4
FE6900F3040A0062
0068FE6DFFC8FE22
002600D4FE280380
01870186FEFAFE4D
FFE20015007C0037
004EFFA9022EFF48
005C00AD0172FF62
FFE000D000C3FE3C
FE230151FF5B0059
FEA8FF5A0146FE04
FF7200990015008D
FFF1FDBE00E00151
FDDB00BF0096FFDB
009DFF9201DB0213
FF12FEF8009A0043
0052FFE9FF28FFB8
018B0176FF26FF44
007B0089FFDA0181
FFF601EEFF1CFE1F
FF8100730112004C
00680202FEC9013B
FFA300ACFFFA00D1
01470004FE8BFFEB
FEFB00E9FF1600DA
FFB2004100910093
FF6DFF3AFE94FF09
00EAFF37009B00DD
01A600EA020CFFFE
006100890105FF2B
FFFC002BFFEDFFFA
0076FF270009FE4C
0014FFD100E100D2
FEDC00CE041A0037
003AFE6C0032FE32
0065007EFE0B02F9
01510125FEF0FE5E
FFD7007A0079010F
006DFF300238FFC3
00C700A40102FFB1
FFCA00ED0128FED1
FE140129FFAA0006
FF27000A0106FEB6
FF8600BD0007004B
FFD5FE0A013F0118
FEBD00600079FFF3
0048FF6B01E201F1
FF05FF8600E1FFEF
001F005CFF37FF7C
01940117FF59FF7C
01030118003001A5
FFEE019CFECAFE5D
FFB1005A01ADFFBC
00550192FED201AD
FFB50053003400A2
0147002EFEBBFFB0
00490102FFF70123
FF9100840124003B
FF8EFFAAFF0BFF3D
00FDFFB700B800DC
02450133015CFFAD
006000100104FF07
FFB7011F0001FFD0
0082FEE7FF65FE98
0006FFB9013600C0
FEB500C9040AFF77
004DFEFAFFC5FE36
00BF005AFE9502BA
014700FEFF50FEB3
FFC50066FFFC00CB
0178FF2302890044
00D800DC0095002F
FFDC009C0129FEA4
FDFE019FFFA9FF8D
FF7100A5001DFFA9
FF3D012A0013012D
004BFECF00E40086
FF5AFFED0057FF94
FFBFFF52017A015B
FF5BFFB7010EFF72
FFFC00CFFF85FF38
020C0087FFC3FFFA
011A01B400CF0140
FFD4014BFE55FE3E
FF67000C0237FF07
00730183FE5E01E6
FF7C00C80004FFFE
00D30083FE97FFDE
003B00BE006A01B0
FFC1011C0147FFCE
000BFFCDFF9CFF6B
017B0035008700E2
027301300093FF77
0004FFB10162FEF5
0005021DFF93FFCF
00A0FF5BFF2FFF7B
FFC00013014000CB
FEED00AC03AFFF5E
004EFF2D0052FDEA
00C90049FE9A0255
00B9009AFF23FEE7
FFDF003A0058011C
0215FF16029400B4
007200E2007A00BC
FF67003E00CAFEF5
FE7701FFFFAFFFB5
00230146FFAC005D
FF01019E00290150
00AFFF78010C0056
FFA9FFB5003A003B
FF0CFFAE013C00E5
FF6DFFF90149FEFE
003B00EAFFC7FFB9
020DFFA5FFFF0023
0177021B00C40129
FFDB00F4FE0EFE63
FF4F001C029CFEEC
00670121FE7901C0
FFD90055FFFBFF68
003E00B5FE9FFF58
013D009800D60202
FF10010401AFFFA0
003EFFCE0020FF4B
01B700F4009F00B0
02DD011B0043FF06
FFB5FF430158FED9
FFF902FBFF8C0010
0086000DFE78FFDC
FFAD00760150007C
FF660046032DFF3B
000AFF4E0083FDE7
00F1000FFEE2017C
0056006BFF10FF50
FFF50058003701BC
02EBFF4A028C0102
008A0119FFB70184
FF12FFBF00BBFF75
FEAF01E4FFD9FFC3
00A8022AFF3B0199
FEA001A3FFF201B5
011800050092FFCC
0019FF2300120089
FE67FFAB01030054
FF8B00150135FE62
003001A2008FFFBD
022DFED200BA0067
014A023500CA00D3
FF4D0022FE14FEAE
FF54001D02D9FE8E
005800A3FE4C01E9
FFF20058FFEFFEED
FFAD00BBFEF8FF59
017E003701270280
FEF4015F01C2FFB5
0065FF86005BFFA0
01C10185007D00BB
029B00F9FF80FF3F
FF54FED8017EFE92
002B0352FFBBFFE1
00A50080FE390024
FFC2012D019F0020
FF6CFFD00283FEE1
0002FFE30107FE56
00DEFFBEFF3100CB
FFF30057FF3FFFB7
000A0058006501DE
0351FF6A028A0180
007B0130FF0F0173
FED6FF210078FFD3
FEF10201FFF0FFE7
018B0257FED9026C
FE31020E002301BE
013500D9007AFF9B
00A4FECEFFFB0129
FDC3FF3E0043FFCA
FF9B0035018EFE22
0048017400D00032
01F5FE7100E90011
013C022B00A40089
FF120027FDEEFEDA
FF28005B02F9FE41
0042007AFEA50191
0022001EFF83FEAD
FF7000DDFF3FFF2B
01F4FFC9016D0280
FF2D00F1016EFF66
00CBFF7900C0FFE7
018001BD008D00DB
01F500D5FEF8FF76
FF39FEB701B2FE8D
00E30368FF96003F
00F500C6FDDD00B7
FF87017F016FFFE5
001DFF7C0185FEA7
004000280117FF2E
015EFF6CFF070009
FF77FF79FFAEFFF0
006B005100660203
02F9FFCE023401D8
003C00C4FEBC0139
FE8BFE94004500D7
FF7501C7FFF1FFC0
01DD0279FEC7031A
FE12016D000D018F
0100013C004EFF9B
0116FE64FF8A0176
FDDEFF980019FF72
FEE600930169FE7A
00B601C301290087
01B1FE010117FFC1
012701DF004A0033
FEF5FFC9FDE7FF32
FF11FFE20296FE96
00B4FFAAFF5B0111
0035FF7EFF5EFE82
FF5300D4FF7DFEE1
0240FEC5015D025A
FF4F00F20175FF3C
00A5FF8400C00027
014401EF00AE00E2
0162008BFE4CFF78
FF14FE0B017FFEC7
00DC0333FFBA008C
0119010CFD25011D
FF6601D200C40025
00CCFEFD00F9FEB5
002D00D300D1FF62
0176FF4CFED7FF08
FED1FEF5FFB600B8
004E0042007501DB
0290003801F801F5
FFF2002FFE5800D5
FEBFFE0800170166
FFA601540007FFA8
01D7027DFEE00370
FE990131002C01CD
00B50131FFBCFFBE
018DFE83FF3801D6
FD80FF87FF7BFF17
FE62009500E0FEB2
01030215013F00B0
0183FDF6011AFF7E
013C01900008FFF4
FF23FF6DFDF7FFB1
FF28FFE50206FE63
007BFF6BFF5F00E4
007AFF6AFEEDFE96
FEFE00BCFFECFF1D
0219FEA801120247
FFAB00AB00B8FF21
008EFF5D00C70077
013101F800DD00E1
00A30052FE21FFC3
FF21FE6100EEFEB8
019E0274FFD8013B
00DE014AFCCF0195
FF2A02210036FFD9
00BFFEEA0038FEFA
000B00A900CF0037
00FEFF5BFEF8FE61
FEB0FEEF000F0116
00FC00BD00450169
02280108016C01B6
FFFFFFEAFE73008D
FE77FDAAFF8301DC
003001630007FFBD
02050247FE9C03AA
FE8E0113003D021E
00AE0131FF4AFFAC
0176FE67FEB80213
FDFD0004FF4BFF10
FD9D007800F5FF17
018601D601430108
010FFE67013CFF47
0093004EFFA2FF79
FF5AFF53FDFFFF81
FF53003A0181FEEB
0085FF07FFC60057
00A1FF31FE5AFEDE
FEA100680071FFFA
01E5FE99014B0219
FFCF00340090FEED
0095FF6100C9006A
00FB01CF0085012C
0065FFD8FDFC0041
FF44FE4800D2FECB
021B0184FF8A0150
00CC0178FCBF017F
FF4902400063FFA7
0172FECEFFBAFEE7
005F00D9007F008F
012DFF0BFEE4FE59
FE96FE9500A0017C
00FE008400570142
0196018500EF01D5
FFBBFFD6FE2B0034
FEC4FD7EFF330200
004201BCFFB90008
01C801F4FF3503AA
FEBD00D8FFFD01CA
00120118FE7FFFAF
017DFE81FE2701BF
FE1E001EFF5EFECF
FCE700A70135FF48
01FA01FD01310142
008DFEA8013EFEEF
002EFFEAFF67FF3F
FF85FEECFDDBFF68
FF4B008200C9FF10
0047FE7D001CFFE7
014BFEF1FE20FF6C
FE76005D00C5005D
0193FE50014C018A
0008FFE3FFEAFEB1
0022FF9D005800BE
00EE018A00C70105
FF9AFFC2FDDD0049
FF34FE580056FED2
020A011FFF5E021C
00E9011CFC9A013D
FF5501810031FF99
01EAFF6BFF2EFF32
004D00CC000D00B9
010DFF23FE9AFE04
FE91FE7100D50150
017D00BE006A00D5
014001B800E3017D
FFC3FED1FE94FFAB
FED0FD84FEFF01FA
009E01DAFFBBFFEC
015801A9FF4B0336
FEFC00A1003F01B2
FFC500ECFE21FFFB
017BFEABFDF30195
FE58001DFF4DFEE6
FC56FFB900EE0027
029E020200DB0160
007CFF0C00F8FEA3
FFEDFF0CFF31FF21
FFECFED9FE50FF7C
FF62015C0064FF88
006AFEA30043FF96
011FFF4AFDFCFF8F
FE760041012200AA
0169FE8801160187
FFEAFF56FFB5FEA3
000CFF90FFF100CD
007E012F009B0158
FF8BFF66FDDE00AD
FF73FEA8FFCFFEA5
0216004FFF7C01D2
00820132FCC700EC
FF4101580014FF96
01C4FF4EFF6DFF62
FFEE00D9FFD600A3
00A6FF0FFE80FDFB
FE71FEBD01520171
01D6007100000078
00BA01ED00C1017E
FFCEFEBEFE8DFF15
FEB9FDE0FEF60191
007201D7FFA1FFDB
00F30169FF5902A0
FF19004C001F0190
FF470073FDF90009
00A7FF3CFE010145
FE9F0051FF68FEE7
FC2AFFDA00EEFFE1
02AC018C009C0168
FFEFFF650097FE54
FFA3FEBFFEADFEC5
FFDAFF02FE9BFF76
FF94018A000AFFBE
003AFED30093FF6E
013CFF9AFDB1003A
FE70003901770135
00DFFEBD00E600F4
0027FF50FF32FE9D
FFCFFFA9FFBE00F2
009800B0006C0171
FF54FFC4FE3700CE
FF6EFED1FFC5FE8F
0225FF9FFF9701D6
006A0135FD02010D
FEC400DF002DFFB6
0190FFC7FF35FFCC
00400086FFC10089
00B2FF78FEEEFE6A
FED5FEB701380187
01AC008EFFFB0032
004701E0009A0133
001BFE56FF0CFEE2
FF20FE36FEC60148
00A701CEFF650011
005000EAFFA40254
FF20000E007A015C
FEE10008FDBC0038
00C0FFBCFE580104
FF47FFFCFF77FF13
FBBAFFB4005D0017
0285019A00620185
FFA8FFC9006FFE2B
FF63FDDDFE7FFEBE
FFEEFEE2FEF0FF78
FF5A01A4FFDB0036
006FFE5B00AEFF36
0178FFDCFDC4007A
FE51FFD701A1016D
