FF1EFFD0009E00B3
FFBE00EFFE61FF8C
008AFECAFFEB006C
010FFFA40037014B
011BFED3FF07000C
FEECFFE2FFACFF4B
0152FFE6FFD20044
0110FFFEFEDFFEE5
01BE00DCFFF5FF28
0054FFE70152FFD2
00E30043004C0137
FFC5FF26FDA5FF03
FFB3FF8AFF70016B
01D600B2FF6DFFFD
FFAE02E5004900AE
FFFCFECC007BFEDD
FFA3FF31FF2500E3
00E30158FF2A00E2
FFDAFF0EFF0300A8
FFE90154005800E2
0039FF80FF2800A9
01C9FFF3FF770079
FF61FFD7FF200043
FC700143005D0177
01A6002601340145
FE9CFFC8FFC7FE04
017BFF27FF5F0027
0104FEFAFF5F0001
FFF10057FF5C0026
FFEDFEA7005A00DC
00DC0073FEFDFFFB
004FFFAC00B8004D
FF3CFFA9009300A0
FFC300EDFE85FF9D
007EFEA4FFFB0057
0119FFB9001F0134
00EBFF13FEE80023
FEEEFFE0FF9BFF70
0155FFF8FFD20031
0122FFE5FED4FF25
01D500C5003DFF2A
0086FFB60150FFD6
00ED00490037013D
FFFFFF21FDCDFF02
FF8AFF14FF670151
01CA00C2FF3E000B
FFA502CF00490090
FF95FEE30096FEFF
FF5FFEE1FEFF013C
00B200FDFF1B00BF
0052FF4FFEF30071
FFC20134004200AA
0036FFA5FF060074
019BFFC0FF6A008E
FF7BFFF3FF42001C
FC550100008301A4
0184001401200158
FEEFFFF1FFB2FDF6
0171FF65FF1C000A
0101FEC2FF810011
000F007BFF5D000B
FFD4FEBC00460078
00FC0014FEF30021
002E000000C5FFF3
FF06FFA9009C00B1
FFDC00C4FECAFFAF
0077FEB700000019
011AFFAC003D0127
0126FF2AFF21FFE8
FED1FF46FF93FF7B
012DFFEA00290004
014FFFE0FECBFF00
01F80120FFFCFF1B
006EFF760178FFD5
0105002C008D00F3
FFECFF40FDCDFF76
FFD3FF77FF650163
01B200C7FF08000B
FFC1028D00630097
FFB6FEF70086FF28
FFACFEE1FF5F00FB
00CB014EFF370091
FFD6FF5AFF2D004C
FFA20194006F00D5
003BFF97FF3D008E
01A8FFCFFF8700F2
FF71FFDCFF190074
FC75010100320153
013E00480103017E
FEEDFFCBFFA7FDD9
018DFF63FF2E001A
00F2FEC5FF35FFEB
0045007DFF810069
FFFDFEE300110078
00D80073FE9FFFEA
0076FFC200DE0007
FF3BFFC9009900A1
FF9A00EBFECFFF96
0095FE85FFC30054
0100FF7C001900FA
00E7FEFEFF34001B
FEF3FFAFFFD0FF9F
015BFFD7FFCD0027
0101FFC0FEAAFEE8
01C000D80002FF2D
0096FFD30170FFD2
0109006900300134
0021FF2FFDA1FF67
FFADFF42FF8D018E
019300C9FF31FFD1
FF690294002D009D
FFBEFEA0008FFEF4
FFBFFEF1FEF6013D
009B0128FF2D008E
FFE9FF00FF300088
FFBD01AB007F00A6
0014FF7EFF00007E
01C1FFEDFF87009F
FF87FFB5FEF50061
FC46011000820177
017A002E01160147
FEF5000FFFAAFDC8
015DFF3FFF46FFD0
0131FEE0FF770008
0055005AFF850045
FFF5FED8002F006A
00CB0033FEF3002E
0060FFD600DB000B
FF21FF9C009500B3
FF9800D9FEDCFF67
00B7FEA7FFD50076
00ECFFD500350119
00DAFEEFFF2FFFEF
FEEBFFC0FFBAFF52
0157FFC4FFDAFFD0
0139FFD7FEBCFF06
01BE00EEFFE3FF3B
00A8FFC90189FFD4
010C00540070013C
000BFEF9FD98FF29
FFA0FF3EFFA6015E
019600E2FF3E0043
FF9102A0005600B5
FFC0FEDA0035FF0C
FFBAFEC0FF630132
00E1011DFF6100A4
FFECFF1AFF520097
FFBF013E00680071
0023FFA3FF07007A
01E6FFABFF6A00A9
FF73FFBFFF2A0061
FC8D016800880178
0181005C010E014A
FEDCFFE5FFBBFE14
015CFF5DFF22FFFC
00F4FEE3FF46FFD6
004B0044FF870025
FFD2FEB40051008E
00F60085FECFFFE4
0069FFD80109FFDD
FF39FF6C00E700AB
FFE20124FEB1FF67
006CFED0FFDB001F
00B1FFB400300133
0101FEFDFEED001A
FE92FFB4FFBEFF8B
0126003CFFD0002B
011F0000FE8EFED9
01ED00CB003EFF69
00D9FFBA0146FFF0
00E50059004A012C
0032FF46FDFBFF57
FFDDFF00FFE40187
01CE0090FF47FFEB
0009027D00030087
FFC9FEBC009DFF12
FFAAFED5FF210122
00BC016EFF2700AC
0004FF1CFF490099
FFDF014B00AF0095
FFF7FF9CFEDF005D
01E6001CFFBF0095
FF1E001DFF040022
FC4C00DA008801A0
017500410109010B
FF01FFEEFFFFFDBC
0168FF3CFF790027
00FAFE9AFF4E002E
001D0097FF38005A
FFE5FEBB0060007A
00DB004BFECBFFEA
0032FFD0009CFFDE
FF20FFE300D20088
FFCB00ADFED7FFB1
0070FE93FFB30076
00E0FFAF00040143
00E4FED0FEFC0020
FEB3FFADFF8CFF71
0108FFF1FFBEFFF6
00EF003CFED3FE9E
01E800F60048FEE1
0065FFC6017FFFD3
0110006D004F0129
FFE8FF3DFDE0FF49
FF8DFF11FF8D0152
01C60099FF09FFD0
FFA602E5002600B9
FF4FFEC2007AFEC3
FFB4FF0BFF4400FB
0095010CFEEF00BD
0010FF30FF290077
FFA2013F003A00B4
001AFF74FF2800A6
0196002CFF7B00C8
FF7CFFECFEE2FFFB
FC43012100710185
0160006100C30131
FEA6FFCDFFECFDC8
01B6FF53FF470010
0107FED0FF2CFFF2
003C00B0FFBB005C
0061FEF800490074
00D40070FEC4FFE4
0049FFCA00A30032
FF3DFF8B00B6007F
FFD500F0FEDEFFC3
00AAFEA30008008B
0107FF9200010129
00F7FEBCFEE5002E
FEEAFF91FF7EFF9B
014F000700070000
0101001BFE8DFED5
023900CD0010FF02
0083FF96014AFFAA
00F700500036015A
0005FF0AFDD7FF3A
FF58FF30FFB30187
01A3009DFF1AFFD4
FFDE02FA000200DB
FF94FECE005AFEED
FFAFFEE4FEED012F
00CE014BFF4B010D
FFE1FEE9FF0B005D
FFDB014E005E00C2
FFE7FF97FF140093
01C7000FFF5800B3
FF68FFDDFEFC0028
FC1E015B005B015E
018F004101140134
FEE1FFB1FFEBFDBF
0167FF38FF040021
0123FEC4FF410024
003D0051FF700016
FFBDFEB80046005E
00E80062FEA2000F
0047FFA2009CFFFD
FF37FFC80089009E
FFEC00F0FE89FFBB
007EFE9AFFC80057
00F3FF6E003C0137
0103FEEBFF3B001C
FEDDFF97FFAEFF9B
0154FFF7FFE4004D
0112001EFED8FEC3
01F500890054FED5
0060FFD10118FFC8
00C3004000440113
FFE0FEFFFDBDFF30
FF80FF30FF8D014C
018400B8FF4BFFE5
FFB3023D007700AE
FFDBFEC400ACFED0
FFB1FF15FEE100D1
00D20150FF20010F
FFCFFEBBFF2D009F
FFB80164008400CA
001AFF5DFF030059
01A1FFEEFF580098
FF55FFCBFF180055
FC5D014D0069015A
01C3004801030134
FEDCFFB6FFECFDE6
0192FF55FF040043
0118FEBCFF3C002B
00600062FF710053
FF89FEB300380085
00B10060FEB60001
0052FFC40094000A
FF26FFB700A200BD
FF9F00F0FEDAFF49
0096FEB7FFF9003F
0147FFB3001B012A
0126FF12FF88FFF5
FEC5FFB6FFA9FF49
019AFFE2FFC5001A
010D0023FEC0FF02
020200B7000BFF04
00B6FFE30154FFE1
00E200180091011C
000FFF1EFDEBFF31
FF8BFF51FF8C019B
01D500A0FF7C0033
FF8C028E003900E8
FFC8FEBD0073FF39
FF8BFF0FFF250128
00CD0109FF6A00E4
000DFF1BFF260072
FF9B0193006800B9
0003FF93FEF3005A
01A2FFCAFF8100D2
FF3FFFA2FF260014
FC87012C005A017F
0167FFF501270154
FEBAFFCAFF84FDDC
0132FF44FF2E0003
0127FECAFF35000D
005B0065FF7B0020
FFBCFEBB006600A4
00F1004BFEC90017
002AFFC50108FFED
FF20FFB200DC00C7
FF9A00DBFE93FFA1
009FFE9EFFEC0086
0104FFD4FFF2011C
00EAFEE4FF0F0019
FEDDFFCFFF81FF78
01170027FFAE0038
00FA002EFEE4FF13
01E9011A0043FEEC
0090FFDA014EFFF8
01420075002E011A
FFD3FF1AFDB8FF29
FFAEFF2BFFCC0165
01C400BDFF460013
FFD002C1004E00B6
FFC9FEE10053FEF7
FFD9FF04FF3200FD
00BE0121FF17007A
FFD8FEF7FF2600A6
FFC6014700470093
0032FF6CFEE200C9
01CAFFF5FFA600C4
FF89FFE8FF0A0036
FC2B012C005A0186
019900410101014B
FECDFFC2FFC3FDDD
0193FF4FFF3AFFF0
00F6FEC6FF68000F
002200E0FF4C0035
0008FEE700110087
00BF0047FEF5FFC7
002EFFC400E0001A
FF67FFA200B500BE
FFCF00E9FEC7FF8E
0098FEBEFFF1004D
00DDFFC600170124
0107FEEEFF37FFFE
FECFFF97FFB0FF9C
0164FFBEFFE90033
010AFFF7FEC8FEFD
01F500E00033FEFF
00DCFF620164000E
0106002600630143
FFB7FF00FDB9FF83
FF89FF3BFFEE0155
018800A0FF330013
FFF402C8005200D5
FFBDFEFD0033FEFB
FF86FEF8FF150139
00CE013AFF3400DD
0007FF0DFF2B006B
FF94014B005800E9
0029FF65FF0D007E
01910003FF6D009A
FF8EFFF4FF1C0043
FC94014A0054016F
01A6007F014F011E
FEACFF93FFE6FDF8
017AFF70FF59005B
010CFEC2FF1FFFEF
00120094FF4A0042
FFF3FEF7003300D4
00EF0076FEDA0028
0068FFDE00C9FFFE
FF6BFF7F00AE010A
FFF000DDFEE8FF81
0069FEC800020026
0164FFAA004A0132
0126FF1FFF06FFDD
FF1FFF63FF9CFF4D
01410009FFB9001C
00D6FF9BFE5FFEFF
025200BD0014FEF4
00B7FF82018AFFED
01110027005D014F
FFE0FF4FFDFBFFA8
FF57FF11FF8E0116
0169006DFED9FFC6
000B02CF003A00E6
FFDBFECEFFFCFF14
FFE4FEDDFF1300DE
0119016CFED70092
0038FF28FEE200DB
FF510165009C00DF
0016FF78FED10077
01FF001FFF3C009E
FF6AFF90FEFE006A
FC580149002901A6
013E0072010B018C
FEB2FF70FFD6FDF1
0170FF76FF58001E
0171FEA8FF30FFDE
00350078FFFF004D
FFB0FE8D00160096
00DC0035FEAFFFF9
0054FFB900BD0001
FED8FFC5009F0088
FFBA00A2FEA0FFBC
0071FECDFFC6002A
00F7FF8AFFCA00C0
00B3FF01FF14FFF6
FEF4FFE4FF6CFF79
0124FFD6FF8500B5
0118000BFE85FEE4
01FE00B4004BFF09
00E9FF7C016D0067
012DFFEA000C0153
FFE2FF12FE09FFBA
FF7AFEF7FFD50143
017200E4FED5FFD9
FF7702A600420058
FFC2FE60FFF8FF1A
0000FEDEFF3700E0
00D900E0FEC300DD
FFE9FF10FFB20056
FF7F011E005F00AA
0003FF36FEAF00D3
01B30052FF6F0060
FFB1FF91FEFE009C
FC32011E003501B3
017F007900F9015A
FED1FFB8FF84FDE0
0188FF3AFF130037
0130FE7AFF64FFDF
0031011BFFA2004F
000CFEC300610018
00DD0035FE950040
009FFF8600D50036
FF37FF9700360059
FFDA005EFEC2FFC8
0036FEDDFF820050
0145FF9CFFD400AC
0087FF64FF69FFF5
FF58FFBDFF30FF88
0122FF75FF77010A
00D7FFC8FEA7FEA2
020400B8FFFEFF3B
011EFFB10192005D
01B7FFA6FFE70156
FFF3FF16FE0AFF8D
FF65FF0F001E011C
015600D6FEFDFFA4
FF5D02CA00020030
FFC5FE28FFC2FF13
0048FECEFF2900E1
00910096FEC700C6
FF9FFF11FFB2003D
FF5B00E8003A0080
FFB5FF19FE85011A
01F00056FF5FFFF3
FFE0FF6CFF4100A3
FC0000E3FFE301D1
012200B300C20144
FEBDFFB5FF29FE06
0155FF6DFF330027
016DFE7DFF3BFFF5
001E019AFF4E0026
0004FEBB0073004F
01200024FEE700C3
00CDFF8F012E00C8
FED3FF78002C000C
FFEAFFF5FF07FFBC
FFF7FF5FFF170042
013BFFABFFB80053
0090FF7CFFEC0003
FF710036FF0EFF89
00DEFF75FF0F0143
00AAFFF2FECAFEB3
01DA006A0000FF45
00F8FFF601D900BB
01D3FF20FFDF00FF
FFF2FF40FE4AFF7F
FF75FF5D00120095
014C00D8FEF3FF5D
FF250266FFD5FFB7
FFC6FE03FFA1FF2C
0080FED2FF83008A
0066008AFE6500E9
FFA3FF81002AFFD6
FF39000BFFB90034
FFBFFECEFED20110
01A200A3FF5DFF53
001EFF39FFBF00C3
FC1A00B00004020D
00E300D800C10133
FEB5FFD2FF09FE63
0174FF7BFF350040
0130FE12FF68FFE6
00430204FF5B005B
001DFEE600940025
00F5003BFF04013B
010DFF53010B00C3
FE8FFFEEFFD7FFBB
0012FFCBFF3EFFF5
FFC7FF54FEDA0041
00FEFFB3FFDE0026
0046FF9000010038
FFD300C0FE7FFF9D
003DFF25FF160139
00AAFF8BFEA8FE8E
014C008E0003FFF3
00D50016027200B9
0177FF18FF700099
004AFF77FE860040
FFF3FF62FFDA0082
00FF0107FF18FF48
FEB501CE0057FF53
000FFDEAFFB0FF3D
00BEFF7CFFC00040
001EFFF8FE940089
FF31FFA50092FF81
FF68FFB8FFBF005C
FF68FEA2FEE10147
011C0104FFA0FF67
00C1FF6B003B0140
FC2C0012FFEB0200
005A00B0FFEA00F7
FEFF0063FEC6FEFB
00F2FFA6FF52003B
00F5FEC0FF6DFF71
000A0235FF810030
007AFF6500C9FF55
00CB0033FF4A018C
0134FF0500C400C4
FE78FFC4FF69FF7F
0041FF8AFFC8001F
FF8DFFC6FEA7FFAD
00E0FF9C002DFFFE
000FFFFD00BD000B
FFE900AEFE8E0001
FF80FF36FF1E0195
007BFF27FE75FE70
0124FFF3FFF50040
007B0030028800AA
014AFEAEFF29FFE9
00C3FFCFFEA200C1
003FFF8B0020FFD2
00A80130FF32FF56
FECB01270050FF2C
0000FE2BFFA6FF75
0114FF6D00500003
0007FFD2FE800037
FECBFF9D00EBFEFD
FF5FFF0FFFBBFFE4
FF70FE4EFF070154
009701330001FEF7
00B3FF6800640164
FC02FFFD000B0216
006300D5FF7300DB
FF260077FE0AFF42
00C8002BFF740080
00B3FED3FF35FF86
FFC00211FFA60053
006FFFB9005BFF16
009FFFF9FF6401E0
015BFEAA004E0071
FE75001FFF3AFF7E
0019FF7D000F0061
FF57FF9AFE76FFCE
0160FFD500660009
004F005300F2FFE9
00780152FE4AFFA8
FF38FEF8FF1F0117
0064FEBCFEE1FDF3
00A5007400130076
FFC4007D03AB00A6
011DFE74FF33FF7B
00D5003DFE88015D
00870066FFC1FF43
00420114FF69FF95
FF5600B00107FEB6
0088FE71FF84FF7D
010F0025009EFF31
FFB6FFE5FE4C001D
FE7F001C013FFEE0
FF48FF07FF680002
FF1AFE3CFF160182
0074013F0020FEC0
0100FF3700E501C2
FC81FF6C004801FD
FFCB0120FED90034
FFA400CFFE27FFA8
00C4005DFFD1009A
001DFF63FF5CFEE1
FFFE0212FFEE0080
00AAFFD6001EFF79
008D0019FFBE01D3
01CBFED7FFE200AE
FEC60076FE9DFFD7
FFABFF98005B0081
FF62FFC0FEB8FF38
019C000D00B80043
004400F90161FFED
006F0107FE67000D
FF1DFFDCFF480110
00A7FE80FEA8FE1E
00120027006D0097
FF9600B303FE0071
00D7FE65FF38FEA2
0125009FFEAF01CE
00D400A4FF7AFE96
FFB600A4FFC3FFC9
FF9FFF8B01A9FEDF
00E4FEF8FF8CFFDD
010F008D00C9FEB5
FFE6FFC6FE44FFEB
FE9AFFE70182FEB6
FED9FEF8FF9BFFFA
FEE1FE19FF8F0145
002A0180006FFEF4
0085FEFA00EC017B
FCE4FFE800420190
FF5900EAFE860005
002F0079FDBC0050
004100BDFFE000A2
FFFAFFBEFEE2FEF9
00290177004900A8
008B0051FFBDFFCB
00610059FFF101AE
0166FEACFF6A000D
FF2A0045FE93FFFB
FF3FFF5300290061
FFE6FF9DFEF4FEBE
0134002F00F60064
00AD019F01630070
00B30196FEDE0031
FF15005BFFB200F5
00EBFE4CFE52FE7F
FF8E00B800CA00B4
FF7100830453000D
00B2FE53FF69FE5D
018E00E0FE28019C
0103008DFF9DFDE2
FF7700ECFFFB0064
FFF3FF0C022EFECC
00A8FF41FF8F0021
00B5002000E2FE77
FFA9FFC0FE71FFC1
FF3D00A00198FF09
FF1AFEDAFF500012
FE88FE5E001B0113
FFCA013B0108FEFC
FFE4FF0D014D0166
FD27001D00A600FF
FF2E009FFE9FFFE7
00D80049FD5F0082
007801350007011D
FF6C0022FE8DFF22
004200E9009F005B
009C0080FF700025
0012FF8B006501D0
0155FEAEFEB3FFB3
FFA50026FDF8003B
FF0EFFA9007D0060
FFC7FF7FFF56FEAD
011A00B100F70076
00F70161018700A3
00AD01A4FEEA0078
FF5B0112FFC400D8
0117FE83FDDEFE97
FF3700EE00D00094
FF510094048FFF88
0002FE71FF99FE3C
020200F7FE3701DD
01150082FF22FD6D
FF6300AF00A000BB
0075FE870256FF1E
00D4FFB9FF62003B
005D004D008CFED9
FFADFF97FEA5FFBF
FF8C00E10164FF41
FF6BFF2FFF60001A
FE67FEC2FFCF00D0
FFEF01140130FFC8
FF97FF24015A0141
FDA4001200EA00FD
FEBE00B9FEADFF4B
01A2FFF5FDE00118
FFEF01CA0030013F
FF51004EFE7AFF4C
00A9002E00980027
00A100D5FF260017
0044FFB80068020B
00B9FEA7FE39FF21
009EFFF0FE0D0064
FE98FF6400550017
FFD0FFA7FFD5FE83
008301580158006F
00FE01A1010200BF
00AD0194FFA50082
FFDC016EFFD700B8
0111FEF0FDC2FEDE
FEBA01720152007A
FF880084047BFED6
001FFEDE0017FDC8
02080101FE440179
00EB002DFF69FD2D
FF5C0022011900C5
006CFE7B0261FFAB
00C90003FF780040
0015002F00C4FEEB
FFADFF87FEF5FFC4
0026015E0108FFA6
FF85FF7BFF3C0043
FE19FF18001C006D
FF9C00610145FFB9
FEC0FF95013C008A
FDF00025011800FB
FF08007FFEB7FF2E
01F7FFFFFE6000D3
000A01D2003F013F
FF5B00ACFE42FF71
008BFFAA006C004F
00A4015BFF030028
0015FF6200DD019E
003FFED1FE0DFEBB
00D4003EFDE500D6
FE48FF370045FFD6
0009FF590001FEA9
007C0116018E0068
0100014B012800A0
00A70157FFF200A1
FFEE016F0004004B
00F3FF07FDB1FEFA
FE97019801620082
FF8E00B103F5FE6B
0000FF38004EFDD5
020A0105FE5700FE
00D40043FF9DFDA5
FF58FFF7018900CA
008AFE63021F002B
0084008FFF990064
FF940032009BFF1F
FFCDFFB9FF91FFC4
004A010A008F0018
FFE7FFF1FF66006B
FE44FF7EFFCFFFDA
FF36FFE900EFFFE7
FE95FFE60115000B
FE52008C01AB00AD
FF24FFF0FEB9FF1A
01E5001CFECF00EA
FF9C01B100B300E7
FF3F00EBFE0BFF96
0052FEDF004A004E
00770152FEF7006E
0040FF86008E0134
FFFAFF57FE4EFEA6
0135008AFE730106
FE46FF6F0030FF9A
001AFF87004CFEB7
0056014A0159009D
00F1016F008900DE
00970164FFE0008B
002801A80027004C
0121FEF6FDFFFF7F
FE81018901670006
FF92007E035EFDE6
FFE4FFC70045FE4C
020000D2FE930093
005AFFF7FFA7FDDA
FF6DFFFB01AB00E7
00B5FE49023E0076
006F0098002C0073
FF74FFBA0061FF10
FFF9FFC9FFC5FF6A
0095012FFFEF0080
FFC50048FF74007F
FE0E00050017FF85
FF39FF9700FDFFEF
FE82000500C2FFC6
FE9D007901730097
FF54FFE4FF02FF45
02300002FF1B00E8
000A013B008A00CA
FEF600E3FDF4FF8E
003FFEC3008F0062
0032012BFEE8008C
0046FF3600A800A1
FF5CFF62FE48FE87
010B0043FEB800F9
FE8EFFA0000CFF30
000EFF9A0094FEF9
005301630156008E
0142013E006E0098
000900DC0012006E
005A018F0033FFF0
00E0FF21FDA1FF5D
FEFE016501140012
FFF000BE0304FE3D
FFB4FFD00078FE6A
01FA00CFFECD001E
00570023FFE0FE29
FFD1FFC601C700F1
012EFEC4020700DE
004B0112FFFC0073
FF2AFFE0FFE9FF88
0026005A0014FF88
00E40119FF8F00D1
00590047FF8D008D
FE76004F0007FF60
FF63FF7000DA0087
FE0B006E0090FF05
FEF0008C01720066
FF6C000EFF43FF36
01E9FFAEFFA400D5
FFCC012D00C30087
FF0D00E9FE2DFF97
0041FEB1003A001D
004A00F0FEDF0101
004DFF9700B8006F
FF0AFF69FE75FE65
01130080FEB600EA
FE57FFD0FFA5FF18
0032FF6A00D3FF68
0051014B014A00BC
01360100FFB70086
FFEC008600410079
007501CB0043FFFA
00FDFF41FD9BFFC4
FF16015200F8FFE0
002500B4025DFD9B
0034003900B3FEFA
02250099FEE4FFF5
0024FFD5FF66FF0E
001DFF9801C100E0
00A3FF0E01BC012A
00170105002E0082
FEF7FFACFFE30037
002C004E0043FF8D
01170124FF410146
001700A0FFB90071
FE8D00C2000DFEFA
FF95FF2900DA00CA
FE1C007A0019FEA2
FED3008F01740054
FFB0FFA6FFBCFFC2
01F2FFE7FFB50085
FFA400F600FAFFBE
FF3F00F3FDFEFFBE
0064FE4C003B0018
007C007CFEFC00A5
00A1FF9200A4FFED
FEF40013FEA6FE58
01610013FF67014F
FE4B002BFFB4FE87
004DFF8900C7FF1C
003D0155011D0096
01870108FFCD0053
FFAE004100850077
00A0020B00810021
0128FF6FFD7EFFCD
FF76018000FBFF7F
005700750204FD8D
0018002C00BDFF50
021A0078FF12FF30
FFE0FF16FF57FFB7
0049FFC601760168
00CCFF6D016E0108
FFDF00B1001000C0
FEA3FF34FF7E0098
005600840086FF6B
01C10199FED001CA
0036012FFF92008C
FEB400B2FFC8FEBE
FFDFFE95009500FF
FD7D0089FFFEFE6D
FED400D70174007F
FF84FF630075FFFF
01F4FF260007003B
FFC400F100DBFFD1
FF500062FE1D0002
00A8FEA0FFF8FFD4
FFF8007CFF10013D
00B7FF2700490059
FEBAFFE2FF24FE51
017A002BFF7C0142
FE58006CFF2EFEB3
0009FF5200F6FF7B
009B015700DF006A
017400B3FF4E0020
FF3AFFCA0062004E
011301C10081002E
0119FFD8FD09FFEF
FFC801AD00ADFF6E
0131003301A0FDFF
FFE6004500AEFFFE
01B5005FFEC2FEE6
FF6CFF24FFB20048
00F1FFA4018C0157
00B5FFEE0128016E
FFBD007A001B007B
FE44FEE9FEF20140
00C10088006FFFDE
020B0163FE9B01E7
002C018DFFD400E8
FEBC0115FF51FEFD
0048FEF0007A0135
FD8500A2FFD7FE2A
FEA600D6013400E9
0009FF8E00A2002B
01C4FF34005AFFE9
FFA600410094FFA5
FFB40037FE3D0058
006CFEE5FFB7000E
FFF7FFDAFF340112
0106FF410033FFE5
FE930025FF5DFEB3
012DFFFAFF7300F1
FE740067FEDBFE76
0030FF3F00EDFFD9
003401700071006B
00D90076FEDB0002
FF2BFFE00080FFF4
019101280042002C
013E001AFCA9000C
0027010A002EFF29
017700590142FE18
005D006D00540102
01910025FE69FE4F
FED8FED5001C011E
0151FFF0017F00E5
001D00CD011E01A9
FF7B0034FFBFFFEA
FE46FEB5FE9C017C
00B800A40045001A
0240013EFE8901D6
0059016AFFAC00A4
FEA4011BFF57FF10
00CDFEAA0038011A
FD9E0078FF9CFE2F
FE5300B80123018F
0077FF9B00B0009F
0114FF87006CFF71
FFCCFFD90038FF3D
00410032FE840048
00A4FF0BFF8F002E
0036FF89FF850129
0101FF3F000A0028
FE810059FF93FEE8
00A50000FFB300F4
FE65008BFE98FE61
0028FEC100B1FFD1
002E01120034005D
00BD0013FECE003D
FEDE0003003A0007
01CA00CB003C0063
0138000BFCE0000C
008E0148FF6BFF31
01BE00720109FE52
00CE0033007B01A1
0149FFCEFE2DFDDF
FE9DFEAD00060194
0200FFEE017E00E2
FFB2015A008501AE
FF02FF73002EFF6F
FE42FE32FE59021D
00F600AB00140056
023C00FBFE920165
00B90175FF9A0086
FE9400FFFF1EFF3D
00C1FEE9005000F8
FDA60082FF98FE10
FDBC00A7011001FC
00E0FF3B00820122
008CFFD50033FEDD
000BFF63FFEEFF1F
007A0014FE8B0061
0067FF4EFEE40083
0010FF7200040107
0158FF0DFFBF0029
FE94001A0011FF48
000A0018FF9E00BF
FE82005BFE4EFE82
0081FE6800620005
0063008E00160030
0052FF42FEBF0035
FEBD003CFFC9FFEE
01A10035003CFFCF
00FFFFE3FCD5FFEC
00E900A5FF11FF49
018D00D500EAFE78
0108004F00800214
00E9FF8CFE31FD69
FE5BFECB007201F7
0242FFDA00850088
FF6501FF008501F9
FEADFFAC0018FED9
FE5AFE29FE1501F1
01310107FFE9004C
022A006DFEA100ED
00F1012FFF440054
FE7C009BFF6AFF39
00E4FF47FFAE0070
FE1B0095FFA7FE16
FD1700ED0150026A
0164FF7000210189
000D0061007AFE9E
FFCFFEB2FF7DFEBC
00D5003DFF170031
00D1FF56FEC600CC
FFA3FF77001F00B5
011BFF44FF4A003E
FEF7FFF6004AFF5D
FF460045FFC4002E
FF13001AFDD1FEDB
002AFE2700370070
00400019FF960063
0021FF67FE8200A1
FED10046FF88FFAE
018CFFA3FFEEFFFA
00FC0004FD66FF86
01650062FEACFF48
0159010400B7FEE6
014BFFFA00260297
0079FFD2FE46FD4D
FE6FFED400540234
025B001F00B6FFBD
FEFC0263002F0186
FEA1FF3A006FFE76
FEB1FE8CFDD401B8
01380106FF6D009A
01B1FFFBFEDE0068
01430105FF5E006D
FEA50024FF7DFFC4
009DFFD7FFC50055
FECD0066FFA4FE97
FC9A009A00E90277
0196FF45FFF70192
FF5100A00022FE37
FFECFE33FF0FFEAE
0127002CFF23FFD9
00BCFF82FE6E010C
FFF8FF5E00D50086
011AFFB1FEFB0052
FF5AFFFC00000028
FE9A0053FFF6FFE6
FF8EFFF8FDC9FF12
000FFDE0FFA6005C
0024000FFF2B003F
FFE7FF1DFEAD008F
FEA80087FF34FFAE
0154FEC4FFBCFFF8
0131FFAFFE05FF0C
01C0005BFE5CFFAA
016D011100B9FF66
017DFFACFFDF027C
0077FF61FE29FDA6
FE82FEAB006F0263
026C007DFFFFFF93
FED002820000012F
FEBDFEB600A0FE33
FF17FE8EFDFF01BA
00BA00B5FF2A00BD
0122FF72FF2C0005
014C00A0FF190003
FE96FFE4FF6E0031
00BD0018FFB2001E
FF880060FFDFFF2C
FC25004000900271
0163FF4AFFC1018E
FF36011EFFEDFDF6
0005FDFCFEA3FED7
00EF0007FF74FF9C
00BD0041FE5000BA
FFFCFF2800FB0043
0141FF8AFEA6005B
FFC3FF8300260062
FE2B004DFFF0FFC6
0006001DFE0FFF45
FFC0FDE0FF22009E
0084FFBAFF02FFF5
FFA9FEBCFF100049
FEC4006AFEDFFF72
00F0FE78FF90FFE8
00CCFF23FE3FFEED
01BCFFBBFE34FFD2
0132011400FDFFF0
0190FF90FFC50276
003EFF9EFE75FDB5
FEACFEF6002802A0
0202007AFFB9FF10
FE7C029E000A00D8
FEE2FEEE0097FE06
FFD0FEDAFDC9014D
00920107FF07006C
00D5FF62FF8FFF60
017B00BFFEFD0017
FEC4FF77FF8A001A
0062008BFF57FF98
00520040FFFFFFD6
FC3FFFC700BA02BA
0115FFDEFF6B0151
FF290188FFD2FE05
FFEFFE02FEA7FEA8
016FFFF8FFDAFF0C
00D800F0FE34014C
FFB1FF2700DE003E
0140FFC0FE6F00C3
0077FFBE007400B7
FD690001FFD6FF41
00600028FDFEFFA9
FFBDFDD6FF3D005F
005FFFA6FF030020
FF60FF19FFAA0061
FEFD0090FE84FF28
00CFFE40FF7DFFC8
00CBFF05FF05FEFA
01EBFF82FE08002A
00B30121006E0008
01A1FF29FF7A02B0
0020FF5EFE6CFE57
FF61FF49FFFF0236
01E60100FF8AFF16
FE92025F002B005B
FF29FEB1008FFDFB
0031FF40FE620109
00A300DFFEAF00CA
003EFF260046FED1
016B003CFEC4FFD6
FEB7FF29FFCC0084
00B700B4FFA0FF95
00E3FFB900A4009F
FC3CFF8B006B02A1
0112FF93FF5601C3
FE7901D8FF41FE57
FFFFFE1EFEAAFED9
012B0037FFCBFF2A
011900E9FE6100D2
FFB5FF57010FFFFF
0090FFE1FE5F00EF
00E1FF45006B00D1
FD4DFFDAFFABFF07
0062000DFE4E0010
FFB2FDB2FEE30061
0019FFD7FEC40003
FEE1FF130001004C
FF4800DAFE96FF1D
0062FDECFF7DFFCD
00BCFEE4FF2BFEBF
018AFF5EFE0B00AF
009000E600F5007E
01C2FF4FFF3901FA
000CFF8DFE44FEC1
FF87FF8BFFFE01B1
013E011AFFC7FF2F
FE6D021A005F0022
FF72FF1400AAFE1F
0047FF5AFEB700BC
004700AEFEA200AD
FFE5FEFF00CCFED2
0144FF9AFE8BFF5D
FEA6FF25FFFE00D3
008300B6FF94FF4D
0101FFC300C4013D
FC67FF59006B0281
00F0FFCCFEF0015C
FEC001EDFEE4FE5E
001AFE72FEA3FF2F
010E00410014FEE9
00EC0121FE7700F7
FFE8FF7E012FFFD7
0092FF96FE930125
010DFF8B004900AE
FCAD0036FF66FEE5
007CFFF6FEC70077
FF96FDD6FEDC0046
0071FF9AFE9EFFFA
FEE7FF38003B0055
FF2F0101FEA3FF18
0051FDC5FF72FFA4
00EFFECFFF78FE70
018EFF2AFDEF009C
003F00D2019300BB
0151FF2DFF2501F0
FFC2FFBCFE45FEEC
FFB4FFABFFC10144
01060112FFB5FF0E
FE6501DF00A1FFD2
FF79FEE800BDFE6B
00DAFFC2FF3E0015
0083002AFEB700C7
FF54FEB800F2FE5D
0101FF9AFE85FF74
FF33FEB800730150
00580115FFB1FF06
0163FF66010E0196
FC5EFF760049028E
00F4FFF6FEB5016F
FEB1022FFEE4FEC9
FFC6FE7EFE72FF93
012D00C80011FE95
00FD00ABFE9D00D4
FFADFF7C013F003E
001A0048FECA016A
0139FF83000E0087
FCCC0067FF78FF10
005B0003FF5100E7
FF85FDC7FEFFFFF6
0063FFBCFEFB000C
FF05FFAA006E005D
FF6E014DFE4BFF14
FFF2FE61FF43FF8E
00DCFEBFFFA5FE44
0188FF0CFE1E00F6
FFE900EE021700E7
00F3FF39FF13011C
FFD20003FDFFFF9B
FFDB002BFFC5008A
00AA013BFFD7FF46
FEFB01410163FF88
FFF5FF3200BBFE75
00D40029FF89FFA3
0023003BFE8600A6
FEBDFEDD018BFDF6
00CEFF7CFE99FF71
FF32FE8D0099015E
00730172000BFF04
0179FF70011B01E9
FCA2FF60005E0251
00DF009AFE3C00D8
FEAE020DFEAEFF45
002BFF2EFEAC0013
00B80107FFEAFE43
00A50130FF5B00C1
FFB1FFE000BF0038
FFE40058FF040164
0178FF73FFB5009A
FD1C0070FF25FF18
00B20019FF8700F0
FFE0FDB5FECBFF89
007CFF98FF330063
FF3DFFD100A1009B
FFFD01BAFE78FF21
FFC6FE9EFF91FF9D
00CEFE10FFACFE51
0124FF1BFE740117
FF03011E02EF00CE
008FFEFBFF280079
00420018FE140044
00390094FF84FFFE
003C0156FFC8FF79
FF0F011401EDFF95
004FFF79006FFECB
00FF00A4FF7EFE9F
00080054FE21006C
FE82FEC20144FE29
00A1FF7FFEBFFF7D
FF42FEAE00AA00E2
FFF701C60042FEDC
0198FF1D012A021A
FCC6FF3000610166
0061005DFE1D00ED
FE9801EBFE92FF70
FFE0FF44FE820033
006F0150FFCDFE15
008900AAFF6F00B4
FFC8FFBC00B00044
FFBC0009FF200170
018BFF57FF130038
FD810051FF08FF70
005A002C003A0144
FFFAFDC0FF0EFF91
00ED003BFF980070
FF95002E009B0040
FFF701A6FE62FF5E
FF79FF9EFF26FF66
00AFFE1EFF4EFE1D
00DAFF2AFF1100F6
FF0400D3039B00D5
004FFEC6FEEE0015
00460047FDFC00BC
007B006BFF35FF7A
FFBD013EFFBCFF71
003000350240FF7A
008EFF6F001AFEF1
012700EAFFDAFEB3
FFFA0074FE99003C
FE71FEF7017FFE0D
0053FF88FF06FFED
FF1AFE1100E20135
FFFD01C3009EFF3B
0107FF2500F10261
FCDCFF78008F0179
FFC400D4FDFA003F
FF4D0197FE610003
00040009FF1F0091
003D017EFF5FFDFC
00F100BE00340096
FFEE002900200070
FF340055FF3F0168
019CFF5DFE73FFCC
FDBD003EFED9FFB2
000200030043011D
FFB8FDD3FF1CFF45
00F4003BFFE30080
FF89001401500078
00520179FE82FF11
FF9A001BFF7BFEFE
00FCFE16FF5FFDD5
0097FF67FF690107
FEA900BE03F40047
0021FEF7FF34FF2E
00BE00A0FE170151
00F600A9FEF0FF24
FF86014B0041FFBC
0048FFC70271FF91
00AEFFDD000CFF20
01200149000AFE4B
FFD00055FE9CFFF7
FE5AFF460171FE6C
FFE8FFE1FF67FFF2
FF24FE58007B00CB
0034016000A4FFA7
00F5FEE000EA0285
FD15FF6F00CD0108
FFA200B5FDDD0019
FFA70179FEAB004F
FFA400D0FF870087
002A01A9FF26FE25
00CB004E00700068
FFDD0082FFFC0048
FEC8005EFF610199
0159FF1CFE4BFF55
FE6E0044FECB0000
FFD70001008E0125
FFDDFDD6FF5EFF4A
00C40099005000B3
FFFB005D012F007D
00760194FEF5FF4E
FF720103FF45FF21
00F7FE39FEF5FE7E
FFE2FFE5000A00F3
FE7200C40463FFE4
FFE7FF43FF3FFEEB
01040097FDE9014B
00E90085FEA5FE36
FF27017F00580024
00B3FF2002CFFFD0
011A0003FFD7FFA2
0115015E0044FE1D
FFE80054FEEFFFBC
FEADFF8B00E7FF1F
000CFFEBFF810010
FF59FE82008100AB
004100F000BBFFC1
009FFEDE00C70269
FD540000011F00BB
FF780102FDDDFFA8
000700E7FEC500D6
FFF3010FFFA800E4
00000199FEEEFE32
00E9FFB900F7FFEC
FFF1005EFFCD0078
FF1C0043FFCA015B
0110FF02FE18FF12
FF17FFE1FEE3000B
FF75006000D40153
0037FE73FFB1FEC5
00A300E9007D00A9
FFCC009600E70074
006E0194FF41FF9F
FFE001A6FFB3FF37
012EFE45FEACFEBF
FFBD0018003500BC
FE7CFFF60481FFF6
FF80FF96FF86FE82
00FB00D3FE360136
00F6005DFEA2FE39
FF2C011300A80058
010CFF4402E1FFEB
01520036FF7A0006
00D701060025FE1F
00240053FF8FFF8B
FF01FFD800B9FF47
FFCF001CFF9F0049
FF6FFEDE0081002C
0000009B0124FFD7
FFE6FF2400650212
FE1CFFE4011B0053
FF3100C7FE57FF3A
006400C1FEDF0101
FFC7016F00080156
FF9F01DEFEAAFE68
00E3FF9E00E20015
FFA30092FF820116
FEAB000FFFDB0179
00C5FF7CFE2EFEB5
FFE6FFCCFEAB0083
FF0B0040013A00DF
0043FE8BFFDBFF26
00A5011E00DF00A3
002C00A4012400A3
000C0137FFA5FFA9
000A0242FFAEFF10
013AFE9DFE1CFEDF
FF6900AA00AC0087
FEC6FFF70440FF4F
FF65FFE5FFEAFE68
014B0062FE6C00F1
012A006BFEFEFE3F
FF5500D60094008D
0136FF0502A2FFF3
00F6007FFF7F0064
007200A8007DFEF5
FFDB002CFFEAFF25
FF7600530025FF8C
FF9D006EFFE4006A
FF6BFF390070FFCF
003F0024011C003C
FF6EFF4D000C015F
FE2E00170165003E
FF0C00CBFE84FEE9
00E2005AFF4C00DC
FFCA01AF005E0116
FFAB01BAFEA3FEE3
00B0FF5200BA000E
003100EFFF500101
FEE2009A00230130
00B3FF98FE45FE51
005AFF72FF2200AE
FF3800C000F3007E
0062FED30018FEDE
002A013A011D009C
005300C500860095
000B01280011FFC6
0042026AFFC6FF57
013BFE9FFDB7FFCD
FEE400EB00AE0082
FF21FF7803F0FF48
FF2500470047FE9F
018700B3FE4C00B0
00E00004FF1EFE67
FF2E00A200D800E1
0133FED4025B0005
00FB008AFF8300D9
000F0086FFE6FF27
002700060006FEC9
000B00D3FFB60016
FF7F00D8001600A2
FF8AFFBE004CFF70
0058002C0137008D
FEF6FFEA001F00F2
FEB1002C01750048
FF420084FEFFFEDE
0141000DFFB900F7
FFB20184006F0118
FF760136FEB9FEE9
00B1FF2600840040
003D00BFFF2D00DA
FF3AFFD4003C0103
0032FFBAFE7AFE3B
010AFFA1FF2C00D8
FEBC005A00B8FFE4
00D5FF03002BFF44
FFE8016E015F00C1
005E0087001C00E4
FFF7011FFFD1FFDE
0078027B002EFF67
013CFEE3FD5EFFE9
FF1B014000A70085
FFA5FFE603A4FEBE
FF4D0091006FFE96
01B300B1FE820043
00A7001CFFC5FE84
FFA2006800FE010A
0168FF2F02360049
00C2009CFF9B00EA
FF9E001FFFD3FF29
FFF0003E0057FEBC
003500D8FF350092
FFC700AD00190083
FF7C004F0001FF1D
002EFFF7013600BF
FE640032FFB00021
FEE4003C0181FFD8
FF70008DFF42FEC9
014DFFCCFFDC00D8
FF71014900AD00BF
FF530106FEA5FF8B
008AFEEB004B000A
006D0073FF69010E
FF5BFFD900580064
FFA3FFFBFEA1FE2B
0170FF7FFF650117
FE68004E006DFFB3
0106FF950063FF31
FFBE019E01C700E5
00810084FFC1010A
FFFA00EE00040050
009C029D002FFFB6
0105FF27FD21002B
FF08012F00E2001E
FFEFFFAC02F8FE8D
FF5B008B0081FEEB
01AB0090FE9CFFEC
008EFFE3FF97FEDE
FFE5004600C400EB
0152FF6401B00088
00930074FF8700CB
FF70FFC3FFE5FFB6
002D0089008CFEED
00A800CAFEF900DF
FFFB00D0006D0091
FFA80068FFD8FF06
0010FF9801230102
FE44004BFF78FFAA
FEAD006201C30024
FF770070FFD9FF0B
014FFFC9003000A0
FF53010300B4008F
FF58011CFED3FF9B
00A5FEFDFFDE0032
00390061FF270102
FF8FFFEB00780030
FF72FFE5FED3FE14
0191FF4AFFC60134
FE6C00640000FF2C
00CDFFB40083FF4F
0017019E01920099
00EE0070FF3F00D0
FFB3009B0009008C
00B002A5004CFFDF
00E2FF73FCA60069
FF28017A0137FFDB
0073FF9C02B5FEC7
FF9C00A400DEFF2B
0194008EFECDFF86
003BFF72FFBBFF5F
005AFFB400AA00BF
011DFFCD016F00F1
0057008BFF8E00D7
FF13FF54FF44007E
0065009600A0FF02
01430119FE7F0163
FFD3012F0077009C
FFA500C6FF87FEE3
0026FFBB00D6017A
FE0A009EFF39FEE3
FEA8006C0195006B
FFC7005B002AFF53
016FFF38006B0030
FF7200A800B5005A
FF5D0081FEB2FFD0
005CFF0EFFBC0044
00850034FF5800CB
FFF0FFCF008F000F
FF1A0012FF1EFE18
01B5FF310000015B
FE7B006DFFD3FEDC
00E7FF6D00B3FFA5
0018016501A200A5
00B50018FEF800D1
FF720054003F0083
00E702770026FFC4
00B7FF7DFC2E005A
FF9801AC016BFFAE
0109FF68028AFE53
FFDE00E100D9FFDC
01C80007FECFFF37
001DFF06000F000E
0099FFFD00C000C1
01130000010D0120
00410061FF71008D
FF51FF1EFF1000E6
00A60128010BFECE
017400ACFDDF018A
FFF70142006600C9
FF5400F3FEF2FEBC
0072FF6300660180
FE0A00ACFEE1FE9D
FE4800B601D000E7
FFCD0086008BFF31
013FFF25007FFFE8
FF65009000E3FFFD
FFA30020FEA60017
0017FF30FF630074
005AFFE2FF4500B4
008AFFB10054FFFE
FF2F0015FF91FE3F
0225FF16000F0159
FE410048FF9CFEA7
0107FF9000A6001D
005501C001B200AE
00A70018FEB000BC
FF4FFFEF00030091
01180223002A002F
00C6FFADFC040009
FFE401B40142FF26
0170FF8F0245FE54
006400B90146FFF5
01DC0003FEA2FEB5
FFADFE9B002F0016
0113FFCB008800BD
0121009400A70159
FF81FFFDFF4D0016
FEC2FE75FEE601C8
009900F700CDFEFB
01E000E1FDF10194
FFB500DC004F0063
FF8200D7FECAFEBE
00A6FF1200580172
FD9A00DDFE5FFE2B
FDD9010301D70126
004A007700A6FF84
015DFEFC0006FF8A
FFB1007A00C7FFD6
FFD9FFB9FEB50067
002CFF5CFF260089
0065FFD7FF820090
00AFFFA50069FFEE
FF030044FFBCFE4D
01D1FEE1FFFA0146
FE6E0035FEF6FE6E
00DFFEFC00AF0069
006D015401890087
0085FFE7FE7200E8
FEF6FFC5005F0076
018B01D700160041
008EFFD3FC110060
004101B20104FF0A
01F7FFA8020BFE77
00D7009801C100BA
018CFF95FE6CFE6F
FF32FE68002F00AA
0179FFFB004C007D
008B012C004F0187
FF3AFF4DFF47FFBC
FEF8FE1DFE7C026E
00E700FD00C2FF2A
02460090FDAF0197
FFE0010F0016008B
FF0500F2FE9FFEDC
0117FF44002C018A
FDAE00DFFE27FE11
FD60010A018F01AC
00B900A80095FFD3
00CFFF320049FF0A
FFD5FFFB00ACFFA3
0090FF52FE920056
0013FFABFEE80099
0063FF8FFFDD001B
0120FF68FFEC0015
FF1F00230023FE9F
015FFF4CFFE30157
FE7DFFC0FECDFE6A
00B6FF0C00B10080
00CD015E017800A1
009BFFAFFE6600F9
FED8FF91000E0054
0172016B00050044
0077FFF6FC07FFBF
00C301BF011DFF00
0225FFBD01AAFEBC
00E100A301AA011C
016AFF90FEA3FE57
FF14FE3A00930115
01C4FF7F0006003E
006A0161FFD201BC
FF1DFF4FFF89FF67
FEEAFDDEFE7A0273
00E50130007BFF72
021B004CFDEE01E8
000A010A004B0091
FF2200DFFEA8FF4A
011EFF710006014E
FDD40106FDF9FE04
FCA9013201B601F7
00EC007C00640052
0063FFA90028FE90
FFE2FF4B0099FF52
00F7FEF2FE6E0068
FFF2FFADFEC600AB
0074FF20000C0000
0165FFABFFADFF75
FF18FFFA0056FF11
0104FF85FFCE010D
FEF6FFC3FE3FFE68
008AFEDB003C00C6
00F6011600DC00AD
009DFF5AFE8200D8
FEBEFF9EFF9F0032
015200F7FFC000A7
004CFFD4FC54FFB9
0122012200F8FEE9
024100190164FF67
0164001601A10186
0120FF3EFEB0FE8F
FEEBFE7700BD0175
01DFFFBEFFDAFFD2
002201A5FFF301D7
FF5DFF0EFF98FEF5
FF15FE13FE180243
00E101960051FF69
021EFF91FDE50185
FFE700F1002400CB
FF0800A8FE7DFF64
011DFFF0FFF30142
FE820098FE39FE1C
FCB500EE012C024E
013600850074006F
0047FFCFFFCFFE3F
FFCBFEDA002BFF0D
0147FE69FECA005D
FFFA0039FE8D00EA
00D4FEF1001EFFBE
0191FF79FF86FF9F
FEEDFF9A005DFF9B
0072FF710012010D
FF35FF57FE6EFEA9
003AFE8100050089
010C009A010A0085
0078FF47FEC5011C
FED7FFD5FFC60043
00CF00720010006C
0021FFF9FD1BFF55
017300EE00CBFF27
01D5002D012FFF6E
01A6FFBF01D3019A
00FDFF1AFEC7FE64
FF18FE510090018C
022BFFF3FFADFFC6
FFCE01D8FFA10143
FEDCFEE60001FEAF
FF97FDAFFE360270
007301990017FFB8
0197FF79FE7800DC
0047006DFFF60082
FEEF0034FEB9FFC4
0132FFEEFFA900A9
FEF900C7FE43FE7D
FC9400C2014002CB
012D0071003E006B
00210063FFD4FDF8
0014FF4E0067FF0D
0134FEA2FF1B005E
FF820069FEB40118
0087FF5D0091FF3D
016DFF4BFF92FFA8
FF9BFFAD0042FFD1
0011FFECFFCA0096
FFE5FF3DFE16FECF
FFE1FE77FFC10136
012900A600A50068
0048FF2CFF0800E6
FED1FFBBFF80001D
0083FFB0FFDA0096
0013FFC5FDCBFF29
018200920058FF47
01E600A300ECFFF3
014BFFB801DB01BA
0073FEEFFED0FE8C
FF2CFEB1006501C6
01DD0049FF83FFA8
FF970184FF9E0105
FF19FEB20034FE70
FF74FE72FE7E0250
00940158FFEFFFC4
013DFEF9FE9D004D
00640053FFD9005C
FF5CFFF5FF0EFFC0
00F00098FFB800A2
FFB400BFFEB2FEA9
FCA2009200A30275
017100A6FFE80073
FFD10097FF9BFE44
FFB8FEB80032FEDC
0162FE9AFF27003E
FF830097FE8300E7
00B2FF4500A2FF51
01C4FFAFFF57FF94
FFA2FF76006C0093
FFB8FFB900060054
000BFF37FE5BFF00
FFE3FE72FF770113
011A00450040003A
0065FF41FF9D00F1
FF00FF92FFD7FFD9
002AFF59FFD70036
00190008FEA0FEF0
0185006900A0FF68
01BF009F00A00025
01F3FF4A01A30160
005DFED5FEFAFEC8
FFBBFED200600206
015A0067FF55FF59
FF62014DFF8000C1
FF18FEF9003CFE8D
FFDBFE8AFE96021E
000E015AFF93FFFE
00BDFF09FF4A003D
000E000BFF890039
FF3DFFA6FF68FFD1
00EC0073FFC9002A
00010051FF57FF1D
FCA70077009F0258
013500EDFF9800B1
FFBC00A5FF77FDFF
0049FF2D0020FF0D
017FFE98FF57FFF9
FFAD00FEFE9500DC
0083FF39007AFF20
017BFFEDFF67FFA3
0052FFA300250074
FEF8000BFFE5FFE0
0007FEF7FF09FFAC
FFAFFE61FF3C00EA
01600032FFFA003C
005EFF45001400D3
FEE3FFD4FFAAFFBF
FFF9FED8FF88000D
FFFAFFFFFF69FE8B
01E8FFFD0016FF93
014F00C1013A0055
020BFF4A0193017C
0045FEC1FF3AFF4F
FF73FF1700730187
01550054FF87FF93
FF620107FF600057
FF62FEE300B3FEBA
0037FEF9FF1E0195
FFD400F5FF490016
0041FED7FF6FFFC8
FFACFF8DFF58FFE6
FFB5FF2AFFDF0077
009F0082FFB7FFBE
005C0021FF76FF5B
FD1B00390047025C
011C00CFFF790077
FFB300E8FF40FE15
0043FF0AFFE9FF79
016DFE67FF6B0000
FF7A00DBFEB10106
009EFF9000CEFF55
0156000BFF8AFFB0
0076FF56003600DC
FEA40042FFC1FFD6
0078FF14FF210003
FF6EFE6FFF1000D2
014CFFD2000A002E
0048FF69005A009B
FF0FFFFFFFEFFF92
FF75FECEFF67FFFB
001DFFD7FFD4FE50
01C2FFA7002EFFFE
00D500A2013A00C3
01ADFECD00FB013C
002FFF09FF2A0015
FFEAFF37003B0121
00CA0093FF41FF88
FF8900B3FFAB0019
FF8AFF1500ACFEC7
0038FF5DFFB40138
FF9500E9FF2C0016
FFDAFECF000DFF47
FFC9FF64FF75FFDD
FFD8FEAD002C00B4
004D0098FFA5FF7D
00EF000D0007002A
FD42001E00370224
00EC00E9FF350045
FFA40109FF09FE5C
0082FF8AFFE1FFEE
0124FEC1FF88FF94
FF510104FF2F00DA
0091FF9000DCFF5D
011C0032FF5CFFD8
00F9FF50FFCC00B0
FE47007EFF9FFFBC
0037FF22FF920062
FF76FDD1FF1D00AF
015BFFECFF6A0012
0076FF30008400AF
FF510000FFB4FF32
FF78FF20FF5CFF57
0018FF9C0040FE1C
020AFFBC0032003F
0079008901B200BA
019BFEA0015500EC
001CFF10FF48007F
001AFF89FFC900C6
006D00ACFFA0FF74
FFC1005C0014FFF8
FFBDFF2B00C1FF05
00A8FF9C00060080
FF7E0124FEE1005F
FF7DFEE50071FEFC
FF6CFF8AFF840002
FF8CFEA500BC00D1
005700E5FFCCFF3D
010DFF96003800E3
FDA5FFF5003C0168
008F0149FED7005D
FFE700FFFF05FE5D
008EFFB6FFF4000B
00F6FEE4FF7CFF64
FFC300E3FFA200FF
005DFFFC00D0FF30
00D80054FF030019
0117FEF9FF9000AC
FE3D00D8FF96FFF1
004FFF2FFFD900A0
FF88FDC5FF2A0088
01AAFFC8FFE0008A
00ACFFA500C500C1
FF5EFFF7FFA7FECE
FF65FF81FF6EFF04
008FFF720096FDCF
01E4FFB500090033
FFC40097022B0052
017AFEC0011E00A8
002FFF55FE9F012B
006DFFC4FF5D004B
003E00DFFFB2FFDD
001800390081FFD6
FFFCFF4A00C5FF71
00B5004A006B001E
FF5E00ACFEA4FFFE
FEF6FEFE00CEFEDE
FF3FFF91FF680018
FFEBFE2A00D2014F
006800E8000FFF95
012EFF750017014D
FDBD007000000107
00830126FEFEFFC7
FFA20103FED6FECA
007D003DFFE50041
00ADFF5DFF6DFF0A
FFAC0031002E00D1
008BFFDD00BAFFA4
00350088FF3B0001
0163FF00FEEE006F
FE6A00DBFF8AFFDC
003CFF5200170109
FFA2FD6AFF5C006B
01AEFFF5FFF400A1
010CFFBA012F00F8
FF550017FFC2FEAD
FF32FFF8FF81FEC4
0096FF820072FD9A
0195FFA700B00062
FFA3007E02C30037
00B5FEB200F00009
00E6FF89FEA80185
00D3FFC0FF45FFAA
FFEA012BFFC7003C
009BFF5D014DFFAD
000DFF6500B4FF5D
00CA00AD00A7FFC3
FF1900C3FE9B000C
FF2FFF4D0115FED4
FF0BFF89FFB60028
FF5CFE3301270122
00A500F4001EFFC1
011BFF33008F01DD
FD9C0034003F006E
FFDA0108FEC1FF99
0057011CFEBBFF14
005400E4FFCC00ED
0043FFCFFF37FF43
FFDA000F00A800CA
00990044005DFF5B
FFAD006DFF1B005D
0181FE94FE500038
FE2500EFFEDB0008
0034FFD400880187
FFB4FD07FF75FFC4
024EFFF1FFD500B7
0166FFD5013B00C4
FFAE0074FFC1FED4
FF9100F0FF73FE70
00E4FF310060FDA0
0192FF990028007D
FEBC007D0397FFE4
0034FE8500D5FFDC
0105FFB4FE6701B5
00E30012FE69FF4E
FF860169000C00A9
00E5FEFE01A0FF85
008FFFB30118FFBC
009000FE0090FF67
FF800098FEA50034
FEF7FF51013BFEEB
FF2C0014FFB50059
FFBBFE51012F0123
009500EA005AFFF7
00C1FEF000C40240
FDC7005700620045
FFC400EEFED8FF68
007000CFFE85FF9C
003A0111FFB6012E
0053FFF1FF14FF0A
FFFAFF3700FF0054
0012001C0019FFDB
FF870065FF1C00CB
0121FE9CFDD3FFB3
FE5E00F7FF2D0050
FFECFFCE00E60219
FFC4FCE7FFD3FF98
020F0082FFD400D2
0196002101B800CA
FFF40074FFE3FEBF
FF870139FF7DFE39
00E8FF6E002EFD10
017EFF83008C003F
FE7BFFEC04140006
FFFBFEC500A1FF74
00F2FFD7FE3901C6
012EFFDCFE59FEF1
FEF3015D007600DC
0130FE5D026CFF8E
00E4002900BEFFC0
00A0013300D1FF29
FEF400E6FEB00035
FEB0FF8B016FFF14
FEDE0026FFBA00B1
FFBAFDB4019A014E
00E800BC00A10042
00C2FE8A00DB02C4
FDC200750098FFA7
FF3E00FEFE8CFF26
007A009DFE900014
003C022CFFCD0135
0009008BFE7FFEDC
0075FF2401B00020
002800DDFF88001F
FEEE007EFF5800DC
011EFEC2FD42FF5A
FF5600FBFF55007A
000A0001014B01D8
FFD8FD280026FF61
024F010B001100AB
018C006E020500AC
FFDB008B0080FEE8
FFE101FCFF66FE1B
0159FF5BFFEFFD64
00A5FFE00089FFF9
FE5400140412FF2A
FFADFF04009FFF5E
019CFF8FFE1301A8
0164FFA0FDFFFE86
FEC9015200920154
0169FE640297FF95
00FBFFD300B60043
005E011000F5FF49
FF69008CFF040046
FF3E00190149FF51
FED300BFFFF200E0
FF81FE1C015F007E
0174002200820032
001CFEA400A402A3
FDD5004F00E6FF60
FF3800F1FEB3FECA
00EE0048FF00006A
005F0253003C01A6
0010009AFDECFEE5
0030FEA6020AFFE0
0031006DFFC000A6
FF130075FFBA0111
0120FECEFD09FF0F
FFB500D5FF9400B6
FFAF0028018B01DA
FFEDFD950039FEA1
0207012E008000A6
01C100C4021800AA
003B00E400E4FF2A
0001026FFF92FE08
0158FFB7FFACFDB3
009AFFEC0061FFA5
FE07FFB70453FF09
FF4AFF2600E5FF3B
0182FFBBFE1001C2
014CFF77FDFEFE02
FEBB014D009A01D4
01D4FE1E0293FF65
013D003A008900AF
FFD300FC0126FF3A
FF810047FF07001D
FF5E00BC0123FF9A
FE8800C8001400BC
0035FE1C01740044
014F002400BC0056
FFC4FED300B40215
FE040051013AFF56
FF2A00D4FED6FEE2
00B6000AFF6200BF
007E02D9007E01D9
FFC00092FDDEFF16
0070FE5D023BFFC7
FFFE00A8FF51012B
FED8003AFFBD0109
00F1FF12FCEBFEB5
005800BAFFD200D3
FF84FFFB01A70186
FFD4FD7800BFFEEA
01CD0184009C0070
020400D801A900D1
001100B600E5FF3E
004902E6FF58FE00
011CFFEBFF49FE13
006300650062FF91
FE49FF9503EBFEA9
FF0CFF6B00A6FF4C
01CCFFBCFE460109
0115FF73FE42FE3E
FEEB010100A601C7
01DAFE4E0263FFDF
00D60030006700F4
FFC000AE0105FF66
FF870071FF4B0029
0002011C008C0034
FEE2014A001500D7
002DFEF70102FFFD
016EFFAC008700A7
FF8BFEEF00470199
FE5D0061017FFEDD
FF2000DBFF8BFE7D
00F3FFAFFFBE00E2
002202BF00880188
FF90006AFDDFFF33
0046FE3E01F5FF7D
00070063FF500128
FF0D0032FFDE00EC
00B8FF38FD0FFED7
00CF0095004E00F3
FF06002801E30166
003EFE21012CFEB8
01BA01F00111003B
01B100F9017C00DA
FFE3004C0102FF9A
00AD0390FFB3FE1B
01970005FF16FEC7
006B00AB005DFF64
FEAFFF4F036AFE10
FED0001800E6FEEF
01FCFFB2FEB500D0
008FFF65FE6EFEA0
FEB400BC00A401F7
0209FEA3021EFFBA
00DD00410044017A
FF6700D400CCFFF4
FFAB001BFFBF0028
001D018300500089
FE960181000E00F0
0044FEEF010CFF4E
01A8FF8100B400B0
FEF5FF41FFFD0111
FE7600710163FEC8
FF08008FFFDEFEA4
00DEFF2D00460100
003302C400EF0140
FFB90072FDD4FFDC
0086FE6B01DCFF2B
FFD4008BFF47017D
FEDA000E001000DC
0077FF9BFD52FE7E
017E006C005A00DB
FED6003D01870125
0063FE760141FEEC
015A020C01100005
017900ED014F00CB
FFFD005A0122FFEE
00A603A6FFD4FE9D
012F00A0FE24FF5E
000A00AA0022FF4F
FF1FFF460292FE29
FED800210087FF95
01DDFFA0FF540006
0063FF24FEC9FEE2
FEE000B10094022B
01EEFEC201F0FFFE
00DB0091FFBA01A1
FF040097006A0069
FFE7FFEAFFFD0066
00E601A4FFD2013E
FECD015E004900ED
0074FF610105FEF6
01C5FF3A005F00DA
FEC9FF61FFF80096
FE7F0078016CFEE9
FF2C0041005DFECA
00B8FE910080011B
FFDC028E012900F2
FFD0005CFDF40053
004EFE7F0188FED1
FFED0055FF980198
FF33000D005F00DD
0025FF95FD76FEC1
018700790081012F
FED5006F0132010D
003FFEE50157FEAB
013101FE010C0002
019C00FC012300CB
FFCDFFEB0156003D
012803E3001AFEDB
00DC00B1FE0CFFAF
002E00A30009FF02
FF68FF0E01F9FE05
FF1A004400A4FF95
0191FF98FF3EFFD8
0022FF1EFED8FEFA
FF3B009000D0024E
01B0FF000187FFC9
00BE00A5FFC901A1
FEF50038002700BC
FFEB003B0023005A
010E018CFFAB016F
FEA30193009100B7
00BBFFEB0084FED7
0227FF240065011C
FE7DFF9AFFA70016
FEC00078014EFEE4
FF66FFF600D9FF0F
0090FE5600DF010B
FFB202A0012900AD
0002001CFE1200A7
004FFEF70116FEF4
FFC3001EFF8901C8
FF6EFFB2009000C0
FFDAFFCBFE14FEA8
01B70021007C00FB
FEC100790103007F
004DFF86011FFED4
009201CF0132FFE2
011700EA00960094
FFC2FFDD0135009F
016B0356FFD7FF76
00EB00E5FD5EFF92
002D00880053FEBD
0036FED501B7FE5D
FF240095007C000E
01DEFFC3FF1BFFA6
FFBCFE9DFF8DFF4E
FF9D0042006201D8
0154FFAC011CFFEF
007E0040FF83013A
FEAAFFDB000E015D
00280000005E0066
0108017CFF8D018C
FEE3012D00AA0077
005C0033FFD7FF01
0235FF02002500EE
FE510007FF39FFBF
FE36008A0161FFC9
FFB100400113FF32
0065FE8A011D00FE
FF9E01ED0136005F
0008FFC8FE2800E0
0053FF6B00E3FF09
FFE8FFC1FF90015C
FFBDFFC9007E00F6
FFA10046FEB5FE6F
01D8FFAA004400CF
FEA90015007C0026
0008FF8D00D2FF32
001601B800FBFFEB
00D900B6005900BD
FF99FFFB014D0073
01B502F9FFAD0012
00E50123FCA9FF89
004C00AF0053FE5F
010BFED9017EFE8E
FF7000AB008800A0
01F3FF8BFF04FECE
FF4BFDF6002AFF8D
00350015006501A2
0109FFF600D2FFEF
000AFF9EFF820099
FE98FF3BFF7801C0
0060FFFC00900075
01940160FF6D0187
FF4B012B0064003F
FFBB0044FF7EFF0D
0234FF07000500DE
FE44002EFF14FF7E
FDDD007E016A00A0
FFE4001300F5FF7C
0066FE4A0122007D
FFBB014200CB003A
009CFF94FE1B0135
0068000DFFF7FF63
0027FFE2002C0141
FFD3FF7D008B0140
FF540053FED3FED3
01C6FF9A004200DC
FED50007FFF9FF74
000DFF6500CBFF23
FFB501AC00F80000
006300CC007900CC
FFB6004200D700A9
020E02A5005A004D
009B00C8FC55FFC0
006D00C80000FE63
0124FF33016CFE72
FF9700AC008E00BB
01BBFF9EFEDCFE89
FF44FE3A0069FFE6
00960019001601B3
006500A200D7FFBA
FFABFF93FF470054
FEB5FEE2FF1401FB
0085003D005F0055
01860123FF420166
FFB4012B00320001
FF86007BFEFEFED9
027DFF1BFFE300F1
FE5100A0FF18FF21
FD5D009E018800BC
0069000800BF0013
0029FE87015D0038
FF4E00C50101FF96
00ACFFC8FE8A015E
006E0000FF54FF63
0059FFD90055011F
FFF9FF62005F01BB
FF4E0057FF55FEB3
01C5FF820011008F
FEE7FFDDFFB3FF4A
0010FF84FFE4FF9B
FF3B013200810031
00150065004300E2
FFB6003200E000EA
01EA021D00180094
009C00D1FBE2FFC5
004800DA0048FE14
0184FF1B0141FECD
FFF100AA005400EF
01DFFF66FE9CFE77
FF24FDE50115002E
011EFF94FFF3013D
FFB90150003DFFF8
FF1FFF36FF3FFF8B
FE61FE62FEE10233
002F00410056004C
01E00120FF6100FB
FFF40100003CFFFB
FEEA009EFEAAFF16
020BFF63FFC60096
FE4F0113FF11FF06
FCAD001B01C6014C
009DFFAC00760083
FFE1FEE40113FF5C
FF890028009BFFD3
012CFFA3FEA80164
002D00E0FEBA000E
00FC0006008100D0
006CFF09002E01CB
FFA20035FF92FF1F
01D5FF58FFC30038
FEE8FF6BFF00FF34
FFEEFF4CFFA6FF84
FF2C012C00B60049
FFC800800061012A
FFFC00A1009E00C8
022A0160003A0105
00790113FC43FFB9
000E00DC0028FE66
0185FF5C018CFF0E
004A005300CC011F
0142FF5DFE47FE08
FF11FE0B011C004B
016EFF9CFFDB011A
FF41017A0023FFD7
FF29FEB4FF59FF48
FE9DFE81FF060259
0056FFB800050079
01B100E9FF9500A3
0032010EFFE4FFE2
FE920032FEAEFF85
01E2FF7EFFB90086
FE540101FF60FF2A
FC69003D017601E1
00FCFF9900550052
FFB5FF7D00F7FF01
FF47FF960078FFC2
011DFFC7FEBB0159
000E0123FE03FFE9
00EB001500E500F2
004FFEF0001F01EA
FFDB004DFFCBFF7D
0125FF00FFFEFFAF
FF3FFF5FFEA3FF36
0013FF36FF26FFC5
FEC800D5009C0064
FF0F0065006D0153
001B00BEFFE200BC
019800A1008800C4
00BA006EFC5BFFBB
FFCC0060FFF7FEBF
015FFFB001A4FF31
008F0073003300FA
0187FF5EFDEAFE16
FF2AFE810152007A
0130FFEAFFE800B6
FEFA01B6005AFF77
FF26FEB9FF7CFEDA
FEE1FEE4FE8401AC
0058000CFFD2002D
01070072FFB90008
00A000ABFFD0FFAB
FE91000CFE86FF4C
0166000EFF6D0061
FE9400D1FF94FF57
FC24FFFD01A90190
0114FF8CFFDA0091
FF71FFB600B1FF01
FF64FEF8FFCBFFD9
0105FFEAFED4011E
003A0168FDAA0073
013C002700D200A5
0017FF0EFFE001BB
00440035FFAFFFD4
00AFFF47FFDFFF41
FFB1FF88FEB2FF19
FFC4FF3DFEE4FFA6
FEE0005700690020
FF3C002800F10171
00630112FFE800D7
0166000C007100FE
009A0053FCDFFF3F
003C00690021FEE0
016000320210FF81
00B60025000F00A4
0176FF4DFDFFFE85
FF7AFE9F01400082
014DFFC8FFCD0068
FE7C018D007DFF61
FEF6FEBBFF95FE9C
FF59FEFBFE770150
003F002FFFB80065
007BFFF8002AFF59
00FF0084FFB1FF9F
FE60FFBFFEA7FF4D
00CF002BFF48FFD9
FF0E00F2FFDEFF42
FBFDFFD7019001DC
00CEFFAEFF6700CA
FFBD00650058FED4
FF42FF22FFF90023
0145002AFED100D2
005801D6FD8F0063
00D3005D00A50052
004AFF2FFFD10232
00BD0040FFA0001D
003AFFF1FF84FF51
FFAFFEF6FE74FF60
FF85FEAFFE90FFBF
FE9F0009007500B8
FED70065011D0167
005E0131FFEF00B6
00C0FF58009300C1
0059FFF8FDE5FEA0
0019FFB60041FF75
00E30097020DFFC2
0102FFC000340083
015FFF4CFDE9FF42
FF93FE9501480020
01000043FFFB0061
FE7D01320092FF3B
FF44FECD0034FE83
FFC2FF81FEF400D7
FFBC0019FF990087
FFE9FF5000A0FF37
00FF000EFF64FF4F
FE83FF3CFEDEFFB2
009A0056FF47FF70
FFE100F1003BFFE2
FC10000B0177017D
00E4FFEDFEE700AA
FF3E00DD0013FEEB
FF74FEEBFFC4FFD9
00C5005AFEBB006D
FFE201BCFDB80046
00DA006200F60078
0076FEF9FFE901A9
00B60042FF9B0050
FFE0FF9CFF59FED7
0012FF2AFEA4FF75
FFA4FEB7FE93FFE1
FE9DFFA300A4007D
FECF0067017B016B
00980184FFBD00DF
0055FEDF008100C8
008CFF28FE30FE43
000BFF9B0010FFE8
008300CE0275FFB2
00C9FFD0FFB6000D
0146FF83FDD6FF9C
0008FF04010BFF8C
0083006BFFDE0004
FEB100F300B5FE6E
FF34FE960099FE7C
FFEEFFFCFF3D0008
FFD1000BFF74005E
FF4FFED700F1FE8A
013FFF8DFF4CFF1A
FEB0FF06FEF4FFAE
00220093FF23FF20
004E00E400D20078
FC0DFFA10174019C
00D10018FEA50020
FF96011CFFB5FF35
FF6EFF92FFF10045
00A600C5FEF6002D
000E01A5FDC50052
009800B40083007C
FFEDFF7BFFD20211
0110001CFF4400A5
FF8CFFF2FF76FED5
005BFF0AFEB5FF71
FF99FEB6FE5DFFEB
FEE5FFA6006A008E
FEC700CE017101A1
00B90192FF9000F5
FFEDFE9800E500B0
007CFEE0FEE1FE32
FF99FFAF007E0032
FFC6015402D8FFF3
00CDFF85FFB9FFC0
012AFF95FDF20015
0044FF8D0131FF6F
005400B1FFE10019
FED2008A010EFE8C
FF6CFF0D00DCFE82
003B0033FF29FF87
FF4E0046FF300087
FEE3FEB10144FE81
012CFFBEFF2DFF23
FEC7FF00FF65FFE5
FFC40093FF13FEE3
00EC00CB011200C9
FC8BFFAF01EC0153
00E20055FEA0FFE0
FF9D017AFF69FF30
FFAFFF6DFFA70020
003A00F3FEF4FF96
FFE20172FDE20058
00DF009B00990091
FFEAFFB90040019D
01560016FEFA00CD
FEFF0020FEA9FED4
000AFF66FED9FFD5
FFFEFE6FFE3BFFE7
FEA9FF33004000CA
FEFD00C4019D0160
00D401CCFF6F00B2
FFD1FE8A00D5FFD6
006FFECBFF0FFE43
FF82FF97007F0060
FF4A011A02C40011
00E6FF5DFFDBFFC9
00F9FFD2FDBA00A5
00DBFF9300C0FF56
00170070FFC60000
FEE500720179FE93
FF5EFF5B009BFEB5
00320035FF70FF25
FF68002FFF1900E9
FED4FE8D01A6FE2A
00E3FFA3FF0DFEDE
FE9EFEF2FFE80026
FFD000E4FFBAFF30
00D100BE013A0133
FCF8FFEB01B400C6
00C7001BFE130003
FFAC0180FF55FF6E
FF8EFF8BFFDF005E
FFF7016BFECAFF4C
0027017FFE50005F
00E800C6007B005A
FFB80000FFD901B7
01A50016FEEB0063
FED00041FEAFFF08
0066FF67FEE90037
FFB1FE66FE8B0000
FEFEFF3F004F00C2
FF2200BD01CB0136
00A50187FF81005C
FFB2FEB300B50015
00A0FE77FF70FDDC
FF89FFA300DA009F
FF1B0105031C0022
00C7FF75FFA2FF3D
0119FFE0FD9900F2
010DFFE700B4FEA2
FFC700C4FFE2000A
FF24001101B7FE77
FF92FF8800E1FE9C
00880089FFD5FE8F
FEFF0076FF170096
FE89FE6C01D0FDFF
012BFFD2FF6DFF28
FEC2FED5FFE20055
FFB600A5FF99FF23
00FD0083013101C7
FCF1FFCB01DF0068
006B0067FDD7FFA5
FFD701BBFF03FF9A
FFEC001AFFFB00B0
0019016AFE9DFF2E
00580158FF0E0025
00CF00EA00050070
FF7BFFF0FFAE01A5
0171FFEDFEF0009C
FEFD00A3FEC4FF47
0036FFBAFF4F0030
FFE9FE46FECD0001
FFAAFF4E001D00F1
FFA900EF0128013C
00AB01CAFF560003
FFACFED90061FF9B
00B8FE9CFFBDFDA4
FF53FFDD01460099
FE890153040DFFAA
0095FF89FFE1FF43
0118FFFBFD9A014E
00DA00490009FE7C
FFD100D6FFE1FFE1
FF5F001E021CFEC8
FFB5FFA500C2FEA7
00CD00E3002BFE38
FF100030FEEF0053
FEC6FEBA01A9FE29
00F6000FFF4EFF6A
FE9FFF11FFF40085
FFA800C8FFC2FF53
00E3FFCF013401C1
FD18003201D70064
000C00A9FDDAFF61
002001F4FF03FFBB
0029002AFFD500B0
FFB001A4FE72FEB9
006400D7FFF4FFD5
00D90084FFCA007D
FF89001CFFC30169
013EFFF7FE8E0036
FECE00B2FEC9FF61
0056FFB8FF72003F
0002FDF3FEF8FFD4
FF2DFF430027012D
FFF3009D0166012A
00B301BBFFE4FFE4
FFC5FF1D0097FF6F
00D2FE8CFFA4FDAF
FF75002C016000A1
FE4C00D303FCFF50
004CFFAD0002FEED
0163002AFDB90131
012DFFF0FFD8FE19
FF940120007B0030
FFDBFFBD0259FEE8
FFB4FFD200BBFF33
00B200A40005FDFB
FF540056FF160089
FEDAFEE201ACFECD
011B003BFF44FF5D
FEB1FEEF003100AE
FF9C00A8FFD2FFA7
00C20011012C0227
FD29006801EEFFEA
001000A1FDCEFF4E
00380193FF08FFCF
004000C9FFD800E4
FF2301B8FE3AFEB2
00520025FFCCFFF5
00CF00C20008007E
FF5AFFC0FF6D0199
0124FF9CFE34FFC7
FF1500F2FED4FFC6
00500025FFDE0031
0016FE13FF53FFCE
FFCCFFEE00340114
007A00C9014C00F2
00B001B7FFC1FF76
FFDBFFA70066FF85
00F8FE98FFB5FD9D
FF4E009401590063
FDFE00C0043DFF5C
FFB1FF6C0032FEF3
01310032FDD501EC
013F004BFF49FDD0
FF4500CB00890093
004FFF6B0295FF28
000300690078FF99
0055010F0053FD9F
FF150065FF240049
FF10FF490197FED0
00C400B6FF660000
FF0BFF25008500EF
FF590099FFFF0027
0063000300CE0223
FDAF006F01BEFF97
FFD8009EFE06FF6B
0089015CFF110042
006700E5FFE6011D
FF4601A0FE42FE2D
00DCFFC00076FFAF
00E300DCFFA000A8
FF6AFFE4FF8D00BE
010EFFD7FDE7FF7A
FF6100D5FECC0007
003D0049FFE50053
FFF5FE4FFFD5FFBF
FFFFFFF7003F0116
00AC00B20104009D
00760182002FFF76
0012FFF30036FF77
0102FE8DFFA8FD88
FF42009F013A003B
FE3400980429FEDB
FFADFFEDFFF4FEED
011C003FFD910200
01390046FF39FD98
FF5E007F00B60076
0077FFA00279FF80
00220033005CFFDB
005600F8009BFDCA
FF930073FF140048
FF1DFFB5018CFF6A
008A00BBFF2FFFED
FF09FF3C006C0107
FFBD0044FFFE0014
FFEA000400A50213
FDA600A501A9FFA8
FFE000DFFEAFFF39
009D0118FF120037
006B0111001B0119
FF2B0199FE37FE54
00F1FF4900C3FFE3
00900068FF5900C3
FF7AFFDBFFB900ED
00F4FFD3FE1CFF6D
FF7D00CBFF540061
001700BE00730035
0014FE1C0036FFAE
FFDA0078FFF600EA
0128009100C700A7
005301760080FF46
006C00620016FF9C
00F9FECBFF52FE07
FF38012E0104002E
FE73002D03DDFE9A
FFE0FFE60030FF35
014F0005FDBC0192
01160049FF3FFD67
FEFE00A200F000E3
009FFF8202A3FFAE
003B008700580047
00370085007DFE0C
FF670091FF14003F
FFB0001C0150FFFD
00A3011DFF2DFFFE
FF3EFFF1008600CC
FFBD0013FFD70050
FFE3FFC7008A01B8
FE07008A01CCFF2C
FFF200A6FF1EFF3C
00A6009DFF25000F
00EE0134FFFB012B
FEE30143FE62FE6F
00DAFEEE00C4FFBC
00BF0047FF9200CF
FFBCFFABFFD400EC
00A1FF9CFE35FEEB
FFE500A8FF750083
003900AF0026FFFB
002AFE95009CFF86
FFF600EB0074010E
01360092007900E6
0018010C008CFF7F
004E00E2000EFF92
0112FECCFEDDFE5B
FEF3019700CF000E
FE5DFFF20300FE4C
FF8200410083FF89
0159FFD0FDF00114
01350047FF0EFDEC
FF83006D00ED00DA
00D9FF7E02240005
001D008C0033009B
FFAC00550099FE56
FFA600BDFF5D0002
0022003900C40096
0084013CFF89001C
FF8200740055006F
000BFFD8FFB500FA
FFC1000000010140
FDEA007801BFFF31
FFB20061FFA7FF3F
0053004FFF7A0075
00B90108006A0070
FE6F0115FDFCFE8D
0103FEBA0091FFA8
00DBFFE5FFA20100
FFC0FFBF0003003A
003DFFA5FE72FF05
FFE1009AFFA5009C
000800AE0073001A
0014FEDC010E0039
001400BF001E00FD
0164000F003C00E0
001A00EC00DBFF24
00C200DAFF92FF4C
00A5FF4EFEC5FE7E
FF26019D00AEFF8B
FED1FF7102A0FE36
FF5700A30021FFC1
0117FFEAFE1500E5
00FE0072FF3BFE3C
FFAC00170112006B
006E000001A9006B
0009004CFFE9009C
FF7AFFFA0077FEB6
000F00DEFF74FFE4
002700BF00450118
00450188FFA60068
FF630057004E006D
FFF4FF8FFF9100E5
FF78FFE2FF72011A
FE16006C01B4FF40
FFAD005E000EFF6F
00330040FF44FFF8
00F0011C001200AD
FED600F9FE79FED0
00CCFEC800DE0016
008CFFAAFF8E0070
FFFAFFACFFE60063
0044FF5DFECCFF32
0055009EFFF100A0
FFF00061FFE00003
001AFEED00F00060
00600094000A00B3
0143FF9FFFCF00C1
FFF9006500ABFF0E
00E200CAFFE7FF8F
00B1FFAFFE82FEF5
FEF301B1006DFF4F
FECFFF0F020CFE25
FF5000D6FFF20032
00FDFFCFFE8500C2
00AB0047FF38FEE4
FFDE002800BA001A
00820078014600A3
FFFB002BFF84008A
FF7300060032FF59
001C008FFF68FFDB
007C011B000501A4
00340160FFE300CB
FF32009AFFCB005C
0058FFAAFF89012C
FF66FFD1FF3200CC
FDF800D2018BFF16
FFC700540079FF93
0017000FFFD90025
00E300A8001E002B
FEEB0099FEA7FEE4
00B3FE9B00B4FFC5
00C6FF20FF830059
0022FFF2FFDF0022
0026FF72FF22FF65
00520051002A00CC
FFF40062FFE0FFEF
0012FEF9013900A5
00C400FBFFD400C5
0120FF35FF6C00AE
FF93007C0091FF26
011F014AFFA3FFB4
00640003FE92FF3B
FF41019A003FFEFB
FF42FF2901A8FE7A
FF2F00C00041008A
00B7FFF1FED9005B
0069004CFF0CFF17
FFF40022007C003A
008400AA00E700AD
FFC7FFD0FF75008D
FF5EFFC30004FFCD
00970090FFA6FFAB
00BF00EFFF7F01C1
001801BF0048010D
FFB400D0FFC50040
0010FFB2FF760170
FF3FFFD9FE990020
FDEB00D00154FF76
FFCA001801140000
FFF2FFAEFFD7FFE4
007F003BFFE8FFF7
FF2EFFE8FEC1FF23
00A5FF070097FFEF
00BCFF22FFD0000F
004D000EFF77FFE1
0001FF47FF8CFF4B
0063006600240119
FF900049FF970015
FFB6FF590154009D
008800EDFFD50099
011AFECDFF310065
FF4A0030008EFF62
01730151FF81002E
004E0095FE4CFEF3
FF7001CE0051FEBE
FF85FF070153FE64
FF3500CB00320079
00900011FF050007
000EFFEFFF51FF81
00A8FF9C00A8FFC1
00420130006E0105
FF9BFF7FFF610036
FF01FFBA0009002A
00470063FFF1000C
00F2012EFF7701C9
000E01AC005F00E5
FF86007EFF230055
003BFF65FFA4014D
FED60051FE54FFF0
FDAE007D0112FFA3
004B001400B7FFE6
FFBDFFFC0017FF8D
00FA0020FFCDFFD1
FF50FFC2FEE8FF72
00CFFF700077FFD8
0080FEF50024FFBF
00710025FF89004B
FFD1FF84FFE0FF70
00690028006100AA
FFBC001AFF6BFFE0
FF81FFB8014D00C8
009900EFFFF60072
00B3FE9FFEE70048
FF43FFFE0070FF39
018500BEFF75006D
005400B8FDEBFEE9
FFA201D5FFE0FE7B
0006FEE70108FE7B
FF4400EF00490130
004AFFB2FEEFFF46
FFA5FFA7FF41FFEA
0137FF6E009FFF7E
FFB301DAFFF3011A
FF64FEE0FF4AFFD9
FF2FFF6EFFC800B9
012600510001FFFB
01220130FF0B01B4
006C017D0034011E
FF7C008EFED800CC
0030FF9FFF710171
FE9A0058FDE2FFB9
FD82007000C5004D
0064FFF700EB0037
FF78FFBF0041FF54
0092FF48FFE4FFAD
FFBAFFA1FEFFFFB5
0080FF6FFFE30029
00BCFF0F0055FF9A
006A002DFF790020
FFC2FFA00013FFD4
0089FFD1001500BB
FFCA0032FF3BFFA1
FF66FFCB00D500B7
00A000B3FFED0047
0096FEB4FEE40044
FF44FFDB004EFF25
01820068FF7B008F
007D00A9FD9BFF18
001B01EEFFA0FE86
0093FED80130FEC8
FF7E00BA00230144
0023FF9AFEDBFF7E
FF9FFF8BFF810052
016CFF590067FF4D
FF8A022DFFE600DF
FF7EFEC2FEF6FFA3
FEE2FF0BFF760102
011100430014FFC5
01230105FEFF016E
00240145004200EF
FF290083FE7600C5
0071FFAEFF7A0179
FEB60054FE2AFFBE
FD7B005A006F011C
0047FFCE00BF0099
FF86FFEE001DFF52
00CAFF43FFB9FFED
002DFF5FFF15FFB8
0076001DFFD7002F
00CDFEE9008CFF81
009A0035FF7A0024
FFCDFFFD0058FFD6
005AFF9500420053
FFA1FFB7FED6FFCC
FF17FF5400B1010C
007900E6FFA50002
FFF8FE54FEAC0082
FF0800240031FF4B
01DC0055FEFC0143
002E011CFD6DFED8
003D01B6FFE4FE33
0115FEFC00E7FEFE
FFEB009D001201B9
006AFF2BFF1CFEBE
FF1EFF3E000B007A
01C9FF820075FF09
FF0E01F3FF6E00ED
FF0EFE32FEF1FEB1
FF46FEF6FF4101C2
00F5004A0038FFA6
01480107FF1F010F
005D00F7004200E3
FEBD006DFE3400E3
002AFF94FF61011B
FEB80031FDBBFF42
FCA4002B00AE01EB
0099FFDC00AF00B1
FF77003AFF9EFE87
0096FEE1FF75FFA1
006FFEADFF580034
00AF009BFF1F00A1
00FDFF2F00F5FEDA
00ECFFE9FF2100AB
001DFFCE00B10046
FFD4FFC9006A0009
FFBEFF7AFEC3FFC9
FED7FF82005200B1
006000B0FFB7003A
FFD0FE90FEE60098
FF3F0047FFE5FF55
01990004FF6000FA
00380111FD8BFEFC
006C0188FFA2FE85
00E8FF200173FF57
00170019000601CC
0011FFAFFEBFFEC7
FF7CFF34FF9900CF
0243FFB7009AFF13
FE920262FF61009C
FF37FDC3FF2BFEC5
FF8EFEF3FF6C0191
011800080030FFE9
010200DEFF380074
007100C60022009E
FEDF0000FE040142
0055002FFFC20130
FF100024FDFFFF63
FCEBFFCD00600259
00ACFFCF0026008A
FF37008EFFCCFED8
0066FE99FF8BFFA5
0096FEF7FFA9001A
002100E7FF50008E
0102FF490142FEF5
00D5FFF1FF7000B9
0027FFEF00810032
FF9CFF810011FFD1
FFEBFF48FE8E0005
FE65FF68000800F0
00C600ACFF9CFFB2
FF77FE88FF7100BF
FEF50066FF76FF3D
0189FFB2FF380146
003C00E8FDF2FE9F
00B2014DFF3CFEC6
0109FFCC01CDFFAB
004DFFD900130184
0014FFB0FEBDFF17
FF3BFF7AFFE300DE
0237FFD30045FE82
FE490241FF7C001F
FF1EFD67FF30FE3F
FFFBFF33FF3D01B1
00BF0003FFE7FF52
0085005DFF3AFFEA
009A007900110057
FEBDFF4AFE15013D
FFF7004CFFE000D5
FF71FFDAFE1EFFB4
FC9AFFA8002F02A0
009BFFBAFFEE0065
FF8100FDFF3CFEA6
004AFE9BFF6EFFB0
0103FF28FFB80028
0010018CFEF800AA
012CFFBB0131FE96
0086005BFF51012D
00A5FFAC00A80084
FF65FF690015FFA8
0037FEFAFE54000A
FE6BFF18FFD900F3
00AF00BBFF89FFFB
FF5AFEA3FF9100E1
FF700088FF72FF61
0161FF6CFF7200DA
001500B6FE6FFEDE
008F00F8FF34FF0C
00D6FFFB01DEFFFD
0080FF520070016A
FFF6FFBAFE9EFF29
FFB0FF9EFFA70099
0250FFF0001EFE8F
FE0E0264FF4A0026
FF1EFD7FFF6FFDFF
0034FF75FF5C01B5
00A1002BFF76FFC9
00720075FF80FF9E
00A5006E0001005F
FED7FF5DFE3F0121
0016006DFFA5007E
FFE00019FEBA000C
FC68FF14004D028C
009DFFC6FFB50093
FF270153FF7BFE78
000FFE90FF73FF7D
0136FF43FF88FFEC
FFE101C7FEDC00B3
011FFFA9014EFE81
0081002DFF1A00F0
0101FFF90099009E
FEEDFF9EFFD6FF47
000EFEE1FEE20088
FE42FF3AFF7A00A2
00A20043FFD30001
FF44FF14005F00E7
FF74010AFF63FFBD
007BFF05FF630104
FFF1003CFEC6FE1D
00E00081FF45FF5D
00AF004F026A0050
00A6FECBFFEC00FE
FFCBFFBEFE9FFF9C
FFC4FFCAFF5D0042
01E50033007CFE90
FE1401AFFF96FF66
FF61FD76FFA9FE11
008AFFE8FF9E011F
00540026FF9FFFA1
FFAEFFA30003FEC2
00E0FFF4FFFBFFF3
FF1DFE5CFE610155
FF7700CFFFF50012
007CFFC0FF3C0079
FCC5FED3FFED0290
009CFFF3FF34000D
FF8D016CFED3FEB6
000EFEA2FF7A003B
0107FF69FF8AFFF0
FFCD0208FEDA00C5
00DD003C011CFF0E
00310062FF6F0135
013DFFCF000C00B6
FE99FF93001FFF2E
005CFEE0FF0A0096
FE9AFF8CFF140042
01110048FFBEFFF3
FF32FF7600B200BC
FF8000DDFF780004
0011FEE0FFE30051
000FFFBCFF80FE31
009DFFFDFF6AFFE0
0026008502DE0087
00C4FE6D001C0026
FFA9002EFE9D0033
001EFFE6FF1B005F
018000210089FEA0
FE650165FFAEFF21
FFB5FDA60007FDDC
00B10078FF9400BE
00130032FFE4FFCB
FF53FF72006EFE69
0098FFEA001CFFFB
FF65FE22FEE10156
FFA201000042FFB1
0080FFDCFFDE00B2
FD60FEA9002D02B2
007EFFA6FEFBFFED
FFB501F5FEB1FF27
FFC3FF1BFFD50072
01390014FF7FFFC3
FF950235FF3F00C2
00C7008200FCFF86
FFCF006CFFD000FC
019C0025000B00BB
FE76FFC4FFF7FF22
0000FEFCFF9C010D
FE86FF5DFF09FFC8
01300054FFAC000A
FF83000700E800E5
FFC30120FF59002F
0016FF42FF890062
001EFF6EFFC3FDF1
00F3FFB3FFAEFFEC
000D00CC0323009B
00EBFDF5FFF2002D
000FFFE1FECE0053
0005FFC2FF28FFF1
014C003600A2FF02
FEE50076FFF3FF09
FFE2FDC30051FE1D
009C0058FFC60097
FFC6001BFF98002E
FF0BFF600098FE66
0009FF87FFCFFFBD
FF65FE00FF2C0139
FF6100D40084FF25
00A8FF7C005300C8
FDA2FE82003102E3
0037FFD1FEDBFFE8
FFE40189FE3DFF74
FFECFF6AFFC700B4
00E7FFCDFF2EFFB4
FFA50266FF8E006A
004500C400E9FF90
0009006AFFDE0114
01CA0018FFB20069
FE9FFFE00000FF39
FFF9FEF5FFBC00D1
FEC6FEFCFF0FFFAB
01310015000B0013
FF7A009000DF0088
0005011AFF0A0019
FF6AFFA4FF74003D
0023FF00FFB2FDD5
0106FF85FFE80058
FFA1011503420083
00EFFDF4FFA1FFB6
005E0065FF010077
007E0009FF0CFFB7
00FD00950054FF53
FF58006C008CFEE7
FFFBFE5A003EFE3D
00E500E3FFD1FFE7
FF9A001EFFB8FFC0
FEDAFF6300B3FE2C
0037FF930026FFCC
FF64FE28FF26010C
FFBD00F10060FF41
00EDFF4800600141
FDC2FEA800590231
FFF2FFF7FEA2FFB1
FFF70128FE22FFDE
FFCDFFCB00170058
00B50068FF2CFF6C
FF780201002D0046
004A00DC00B1FFE2
FF94004FFFDE00B4
01B9004BFF2800A9
FE4EFFE6FF93FF9D
FFDCFF2EFFDC00D7
FEF7FEDFFEFBFF98
014B00A800290051
FFC300E701150054
FFFD010DFEEA0026
FF7EFFB6FF4DFFC7
0054FEB6FFEFFE0F
0141FF91FFC30069
FFC10123035A00B8
0116FDECFFE3FF74
00B5006DFEB00079
007FFFF8FF36FF7B
00BA00BA0021FF7F
FF9A000C00E7FEF4
004AFE900072FE7E
00D700C6FFFCFFB5
FF510057FF9B003F
FEDFFF5900BDFE1C
FFCCFF75FFCFFF8E
FF60FDFDFFBC00DB
FFBE010800CBFF58
00FBFF8D00E20163
FDD2FEB0004501F5
FF8CFFECFE54FFB8
00190109FDFBFFF8
FFDC0020FFE6006A
00A80088FEE1FF6D
FFAA0227004C0021
001000D9009E002A
FFB3003400140108
015E0013FF360064
FEC30000FF98FFC4
FFC3FF9F00030110
FF0EFEC8FF25FF52
01A800CB00770045
001501000128002A
FFE40126FEC7FFFC
FF170062FF3AFF83
0081FE7CFFADFE19
00EFFFD0FFF300F0
FF59013E03D40079
00A9FE1BFFD4FEEA
00E6006FFEDB00AE
00D30022FE9FFED9
009100FB005E001A
0063FFB00149FEC0
00B2FEEE005CFEE5
00CA00E00029FF52
FF400033FF8BFFCC
FF59FFC500C1FE3D
FFD2FF67001EFFC6
FFB0FE42FF8D0097
FFF700F100F4FF8F
0064FF3C011101C3
FE0BFEDF00A20179
FEE9001FFE6DFF4E
004800C3FDF900B7
000400E4007A00C1
0020008EFE65FF51
FF93020D00F7FF94
FFFF0104003300AF
FF6E0004001600B3
0129FFFBFF13003C
FEF6FFEFFF88FFCB
FF8C000A006000A3
FF78FEC4FF30FF8F
016500E6FFFB0051
0060016A0149FFFA
00190103FE77003F
FF4400C0FF95FF52
010DFE28FF9BFE54
0080FFF6007800D0
FEE0014304240009
00C5FE3FFFB8FEE7
015B0030FED300DE
0114001CFF1AFEEE
0044012B0036003B
00E3FF6401AFFF37
00D9FF41002BFF07
009800C00036FEFE
FF090070FFC5000F
FF40FFE10098FE4E
FFC9FFEDFFC3FFA9
FF53FE9EFFAD009D
0051009900F1FFAC
00B2FEF6013C01CA
FE35FEF200E900F4
FEFE0075FE27FF1C
00C60082FE2B00F9
001C012E002700B6
FFDA00E1FE1FFF3E
FFD5018C0123FF14
0014011BFFD600C2
FF80006BFFEF00EA
011EFFE1FF00FFF9
FF320016FF0E002A
FF6E0031006B00A2
FFACFEEEFF8FFF6F
01B301140055003C
00BA015B00CBFFC2
FFE900FEFEA6001C
FF8F0169FF89FF50
0104FE50FF02FEA8
0090FFF0006F00D0
FF210127040EFFF1
0057FE26FFE4FEEE
014D00CAFED00080
00C7003BFEFFFE88
FFDA011A0000002D
0106FF4601D2FF5C
00D3FFB40019FF6C
009A00B10026FEEF
FF36006AFFBE002B
FF9A0015005EFE8B
FFA1FFEFFFD40027
FFBEFECC00240094
002800B500FFFFAC
0004FF55012601BD
FE37FF8A00CA009B
FF0200C0FE7FFF24
0108002AFE1B0139
FFF50105005D00DE
001200C6FE0EFF2E
0018011B01B1FEFD
FFDC00D6FF5E00BE
FF600080000900F4
00BDFFAEFEE4FF99
FF540005FF590064
FF2E00A400E50078
000DFEFFFFD3FF63
019B00FF0062006A
00E601C500C2FF98
001100E6FEE5FFFB
FF5401B5FF60FF43
0151FE21FEADFED6
0095FFF5002000DE
FF3400FE0414FFAC
007CFE43FF56FF17
01C900B5FEA9008A
00910015FEF5FE7F
FFE6013200120106
0127FF640214FF8B
00B8FFBEFFEBFFD4
002F0076002DFF16
FF71007BFF8AFFE2
003200BD0084FF7B
FF7AFFEFFFC20016
FFBAFF3200060085
00D6004E00DDFFF1
FFFDFF19018501C3
FE70FFAE00E8006F
FECC00DCFF0AFF3F
00CEFFACFE240185
005E0169003800A4
FFBA00ABFDD7FF15
004B00D00221FEBF
FFFC00A3FF0400F6
FF950051000200BF
0079000CFED6FF4C
FFCA0014FFBD00A2
FF4F01090102FFFF
0047FF15001CFF4E
01B101400018006E
01810208006BFF7C
000900B1FF10FFEE
FF9E01BBFF73FF28
0120FE06FE81FF3F
00C0FFDA001B008A
FF6100C503E4FF7A
0024FE0FFF4FFF5D
021000DBFEF4008E
003FFFF0FEF0FE90
FFA8015500480116
01C5FF4C01EBFFFC
007F001AFFE0001F
FFBE004BFFF6FF2D
FF6A008CFF7E0008
007C00EC0015FFA9
FFA6002AFFB90041
FF88FF46FFED0078
0086006C011FFFDE
FFC6FF2F01570160
FE9EFFE700ED0057
FEC100A6FF5FFF42
0112FFA1FE300160
0055019F005A00A5
FF6B00ACFE02FF2C
006300660220FEBA
FFA9005BFEC70163
FFD90011FFB800CC
0007FFFCFE95FEFB
004AFFEAFF9600FD
FEF200EB012BFFCB
0093FF4B004AFF58
01800169006700AC
01AE01F20051FF8F
FFF6006BFF4C0001
FFC1021BFFF3FF5B
00FEFE34FDCEFF82
0019006C00580057
FF8000770332FF24
FFFCFEB3FF6BFF92
020900D8FE850033
FFF9FF8EFF17FE7D
FFE700C800A90134
01C2FF9801CC005D
00420014FF90007B
FF91FFA8FFE5FF51
FFAE00D2FF740048
013C0133001B00AB
FFA90039FF800047
FF58001500170088
01160050010C0003
FF44FF87014F00D7
FE8200600102000B
FED7007DFFFEFF7B
00F5FF42FECB0158
0054015800470042
FF1A006AFE21FF9E
00A5FFF601E0FEF8
FFF9FFFDFE840133
000DFFA5FFF9008F
FFA5FFC5FEF4FECB
00C7FFA8FFCB00F2
FF32015400AEFF43
0084FF5B0095FFAC
0160017AFFDA008F
019F01D7FF8AFF6E
FFEBFFDEFF24FFFA
FFF3027EFFECFFEB
011BFE70FD360009
002A0077FFD20026
001800040296FED0
0010FF19FF28FFF1
023400C1FEA8FFCA
FFCDFF81FF65FF0E
FFE800C700840152
01D5FFB901BA007E
0027FFF4FF7500BD
FF34FF1FFF8EFFCC
FFFD0099FF75000C
015501B2FFB6010C
FF9900A6FFE000CF
FF0B00A1FFC6005B
0137007C00D800D0
FEE7FF7F00D0005C
FE4D004800BD0019
FF0800A20045FFB6
0115FE8DFEF100EC
006701B20034FFD9
FF4F000BFE20FFC8
0081FFDD01A7FEE9
003CFF93FEC3012D
005BFFC8FFF80089
FF55FFEAFEE9FEE3
00CEFFBDFFD800FD
FF57011D0039FEF9
007FFF9C006FFF9F
013E00E50023006E
01CA0187FF8BFF46
FFFEFFE7FF96FFEF
00000245FF72002A
010CFECCFCDB0045
FFE100A2FFDBFFD2
0025FFF9026FFF02
FFC0FF6EFF040055
023E00E1FE80FFCF
FFB6FF4FFF81FF83
001700B0001400EB
013A001E01630093
FFE1FFD5FEF900AA
FF24FF45FFA4FFDE
002800ABFF35FFEB
01C201C6FF990152
0021009CFFF700CB
FF160061FF59004F
010B0058007C00C8
FEF7FFA400AD0022
FDA200D500ED0003
FF3600A50083FFCE
00A4FE9AFF5C00D0
00A6011E004EFF82
FF3F0040FE6BFF7F
00A5FF5C014FFF2F
0058FF18FEB700FE
007FFFCBFFE900B3
FF78FFA3FF30FEFD
00D8FF6BFFD20110
FEFB01190000FE66
00C0FFCB00790011
010C00CD0022009A
01C7013DFF4BFF4D
FFFDFFC2FF7AFFCD
005E0229FF950044
00F9FF1DFC510086
000B00EEFFEFFF41
00BEFF8201CEFF13
FFFBFF72FF43009A
01F4008DFEA6FF4A
FF5EFF07FFEAFFCE
003F006DFFCF00BA
00E10073012D0100
FF79FFC9FEC6006A
FECDFE96FF470067
00830100FF70FFBA
020D0209FF6D01E0
000100AEFFD100E8
FEDE00AAFF1E0060
0121003700160139
FEF8FFDC0033FFCA
FD5D00FC00CE002D
FFAC00AA00DF0071
0045FE4CFF76003D
00DE0087FFF8FF78
FF42FFA6FE98FFE2
00EEFF7600C4FF98
00A6FEE6FEE40084
007CFFE4FF9C0098
FF5DFF8FFFAAFEF3
00DDFFA6FF7C00FC
FF4B011A0031FE6F
00DBFFEF00900016
00FC0093FFEF00A1
0193006BFF07FF63
0011FFFDFF370003
008B01E8FF5D00D9
00F4FF38FC240066
002200CE0027FF04
00DAFF9801D4FF20
FFA4FFDBFEB40167
02100089FEB9FFA9
FF3DFED00009FFFE
00810023FF4400A3
008E01180123016C
FF81FFC0FEA90057
FEEFFE69FEEE005E
00DE0099FF090015
01F6018EFF3501DB
FFF4009DFFDD00E8
FEDF00DEFEE8007A
011E004EFFC600EA
FF14001AFFCDFFB7
FD2100F800AF0092
FFF700D300F300E8
0062FE63FFE4003A
0084000AFF79FF69
FFF4FFA7FEDCFFB5
00F8FF2A00B8FFC8
007FFEADFEF6FFEF
00F0000EFFCF00BF
FF36FF36FF95FEEC
0086FF87FF6F00F0
FF2B00CCFF5FFE71
005AFFA600A30024
00BC0027FFF500BD
01330035FEF8FF62
FFF3FFB5FF0DFFEC
00A40162FF92010A
0098FF17FC1B0040
009A00A9FFDDFEFF
0133FF81016FFF76
0000FFAEFEDA0184
01A500E9FE9DFF71
FF06FECE00840041
00BB0036FF79004D
006F014900BE0168
FF93FFABFEE0FFEB
FEE8FE60FEAC0068
012200FCFF2FFFFE
01E8012EFF3101A5
FFF00061FFEC0108
FED400BDFE6B008B
00F10064FFC900B1
FF200077FFB4FFA8
FCAA00F2007D0122
0098008700D10117
FFF8FEEFFFCCFFE8
007FFF8DFF5EFF25
0044FF5DFF00FFD3
00AFFF7200470051
001AFE86FF3BFFC5
00D1FFD4FFD300C0
FF06FF3AFFF4FF32
0044FFA8FF2F00E5
FF2400C4FF37FE8E
0054FFE8005C0073
00A6FFFFFFC2009F
010CFFE1FED9FF65
FFC1FFD3FF4BFFEC
00D500DCFF640145
00B0FF41FBDDFFE9
007E00B9FFEEFEAD
01AEFF490166FF64
001FFFDBFF1F0227
0178007DFE5FFF87
FEC8FEB200C40084
011CFFE2FF64FFEA
003A01E000500168
FF77FF51FEE6FF7C
FE9EFE32FEAF00E5
014D00E3FF79002C
01EF00E1FF46016A
000D0065FFA900C1
FE6A00E1FE5300F4
00FA0070FF8E00AB
FF4B009EFF5EFF88
FC8D00C600B301CF
00B3007100B60141
FFE3FF22FFFDFFB5
0064FEACFF50FF0C
00C8FF7FFF1AFFDF
00CCFFFEFFED0090
0076FE81FF7BFF69
01570013FFB400B8
FF0EFF670045FF6B
FFE8FF7DFF44008F
FF47008BFF67FEB0
003D0015003D005E
00940001FFDD009E
00DFFF1DFEE8FF91
FFA9FF94FF21000C
00970079FFC40115
0076FF79FBF7FFA4
00DD0077FFF5FEB1
0174FF490179FFA3
0003FFD8FF6A0223
013100A2FE52FF76
FEC7FEF700AF00AF
018BFF8FFF75FF7D
FFD9024C00400180
FEF7FEF0FEDCFF19
FF2EFE89FEEF00D1
014500E7FFAC0039
01910071FF6D0106
00530026FFF900B1
FE630092FE86013B
00A80116FFA80073
FF690091FF4AFF64
FC6D0087006701EE
0126003200780118
FFEDFFD20049FF24
007FFE68FF48FEFC
00B9FF94FF49003D
00DAFFDEFF8B00B5
008DFEC9FF7EFF41
0093006EFF9900D9
FF16FF61FFFAFF59
FFA4FF48FF25001F
FF7A0023FEE8FEDA
0046FF820037009B
0096FFCDFF9B0087
002EFEEAFEF7FFDD
FF8B004BFEF9FFDC
00A4FFEAFF850127
0062FFD8FC7CFF7E
00C5004DFFE5FED5
0177FF58016CFFF2
FFE8FFD4FF8D020E
00E80050FE53FF56
FEDEFEA0009B00C8
019DFFB1FF7FFF71
FF59023F0034015E
FF14FEB7FED7FEB5
FFA5FEBBFEC9010A
0181007AFFE5FFF8
0156FFEDFFAE0060
0099FFD5FFAA0080
FE3A0055FE7A012D
00510116FF590072
FFA50098FF4BFF9A
FC3500C700400223
0128000B004E011C
FFBB0033FFCAFF1A
001FFE4EFEFBFF77
00F4FF83FF800033
00BB0029FF6300E4
006CFEF4FFEFFECD
009D0023FF4E00FE
FFA3FFA3FFF2FF99
FF9EFF60FF43FFDD
FFBEFFBBFEDCFF0E
FFEAFF64FF80005C
0061FFC1FFAE0098
FFDAFEAAFF01FFFB
FFBD002BFF67FFCB
0040FF2BFFDF0140
0083FFAAFCB0FF6C
00FC004BFF82FF38
017CFF3C01B30049
004AFF87FFA901EE
00A70031FE4AFF8C
FEDAFEB3008500CF
01AFFF7BFF89FF64
FF0702A2FFF200FE
FF00FE78FF28FEA7
FF99FF07FED100FE
011D003BFF8CFFE5
00F5FFC0FFB5000A
00B1FF75FF790058
FE75FFDCFE5801A0
00340184FF7CFFC9
FFD400FDFF74FF97
FC5F0066FFD40254
0172FFF800060145
FF97009FFFD0FEBE
002BFDE5FEFFFF93
0117FF83FFF2003A
0042005CFE9900F1
00A3FF070053FF0C
00CEFFDFFF9B00BC
FFC1FFD4FFE7FFD5
FF55FF4AFF26FF58
FFF0FFCBFF1AFF6F
FF92FF0EFF2E008A
0030FF67FF900096
FF80FE7EFFC00012
FF85002BFF2BFF97
FF96FEC2004C0155
0091FF82FD2CFEC2
00CE0008FFBAFFA9
014AFF7D01F9005F
0042FF6EFFA8019D
00850039FE46003D
FF31FED9005E00CB
019BFFB1003FFF57
FF290210FFD900C8
FF10FEA2FF7AFEA6
FFBBFF65FF1B00E5
01060030FFC6FF6A
00A0FF450046FF60
00BEFF2FFF7E001C
FEA5FFBCFE3D01C1
FF880187FFA3FFDA
002700C8FF96FFAC
FCAD001EFF96028C
01A5FFC0FF6200B9
0008012EFFA0FE9B
FFBCFDE0FE93FFFA
011DFF7D00290008
0021005AFE420162
00D2FF9C0081FEB4
007D0033FF830078
0037FFC7FF90FFDE
FED9FFA4FF16FEFF
FFC3FFA5FF5BFFD6
FFADFEE9FF0D0064
0041FF37FF870041
FF48FE68001E0058
FFBF009BFF67FF98
FF70FE30008F009B
0040FFB4FE02FE5F
00F4FF6EFF95FFA9
00FBFFC402810099
0045FEF6FFFA0127
0050006DFE6700C9
FF87FF45003300A7
015EFFC20071FF3B
FF1501D5FFD80071
FF08FEC2FFA4FE96
0040FFADFF2A00A9
00EF002AFFA7FFE9
FFE1FF0D00D1FEDA
00B3FF1BFF82FFA4
FE97FF01FEF40199
FEF201B9FFF5FF79
003F009CFFA8000D
FD09000AFFD00255
017CFFE7FF14009F
002801ABFF66FE8A
FFB2FDE1FED40041
00E30026000D0000
0001007BFE4801B0
00710028006FFED8
003B0070FF5E0063
009CFFC1FF47FFAD
FE81FFD9FF1DFF37
FFFFFF75FFC1FFDD
FF86FEACFEBD003F
0096FF18FF910064
FF5CFE6900A60035
FFB0008EFF9AFFAA
FF0AFE2700A20014
FFFAFF19FEBDFE38
0159FF40FF6F000B
0058003E034000BF
0028FE9000290081
00050070FE38010E
FFB3FF91FFB500BC
0176FFC80093FF6A
FEFA01E5FFF80095
FED4FEC4001FFE5A
005E0027FF7C006E
00540021FFCBFF90
FFC0FEDD0087FE56
00B9FF38FF37FFB8
FF2CFE6EFF3C0170
FE5E01DD0035FF5C
006D00AAFFF20004
FDD3FFB000070230
0150FFAEFEB9005C
FFFB0226FF52FE82
FFD1FE75FF27005A
0114007BFFD0FFA5
FFB800C1FE8B018C
0085008D005AFF71
FFF60057FF8A007E
00CC0051FF1CFFCA
FE62FFE9FF2EFF13
FFE7FF7BFFE5004A
FF27FE61FEFC004D
009CFF25FF9B007A
FF61FE7701070067
FF9D006BFFA1FF73
FE98FE7900F2FFA4
FFF3FF0BFF06FDDE
0154FF2DFFF40064
001D009403A800DE
0032FE85002EFFEC
001A00C3FE9301D8
001D001BFFC40050
011BFFBA009CFFA5
FF7400E4001C004E
FF5AFF4A0028FE9B
007F010CFFD9001D
FFEF0031FFE2FF68
FF45FEDF00C8FE00
0053FF32FF5DFF99
FF60FE69FF880167
FE6A01D2000BFF54
009C008700790073
FDF0FF66FFCA01B3
0103FFC2FE1FFFE8
008F0236FF28FE98
FFAAFEBDFF45009A
00D9007FFFD2FFD0
FF800114FF340141
009D00DD003FFF6B
FFA100B7FF910029
0126FFBEFED1FFC1
FE9C0022FF47FF05
FFE4FF70004400A7
FF47FE12FF060016
010CFF95FFAB009C
FF90FEE0013E0086
FF81007EFFF7FF64
FE72FEB50127FF01
002FFEBEFFA5FD56
0184FF49001400D3
FFE4009C03F500F4
FFE6FDFC0061FF6F
002F0084FEC702AD
00A40033FF720026
0107FFF300F8FFF6
006C00B9005A006E
FF98FF5B0026FE90
00A30137FFD2FFEE
FF940084FFF1FF93
FF22FE9000EBFDFF
0025FF2EFFCCFF87
FF5EFE9EFFA60100
FEA1019200C0FF3D
0084006D00420063
FEC4FF22FFEA0166
00930014FE62FFB1
00D50203FF3BFF23
FF45FF9AFFE000E6
00B700A1FF49FFDC
FF3D0115FF6900A3
007700F3009AFFDA
FF6D0080FF81FFB5
016BFFE0FE92FFAD
FE7B006FFF05FF47
0021FFBA00E50141
FF5CFE19FF6BFFA9
01630010FF9F00C9
0003FF3C019CFFF9
FF710011FFF9FF92
FE75FFB90114FEF1
0023FE9CFFBEFD58
017FFF11007200B0
FF420089041D008E
FFA4FE0B0055FEE8
008B00DEFEA102BA
010D0042FEB1FFAD
0072FFFE01100083
00EF003D00CC004D
000CFFD4006AFF3B
00C901B0004BFF92
FF9700560035FFDA
FEFBFE910166FE1E
FFDDFF5CFFBEFF90
FFDBFE85FFED00D6
FF1D01A0012DFF41
00120070006400A8
FF1DFF44001300C7
0060FFDBFE72FF6A
012F01FAFF23FFD8
FEFF0004001100E7
00FF00BEFF0CFFD2
FF9B00C40003006F
004300BD00400020
FF2A009CFFDB0013
0139FFE9FE08FF36
FEB00044FF4AFF65
FFFC001D010A012C
FF72FDDBFF93FFBD
0172007EFF980109
003FFFD3015A0014
FF9F0044001DFF4C
FE7400200114FE40
0033FEABFFE2FDA3
017BFF7F00BF010A
FF0D00B6049100EA
FF77FDDB0092FE72
003E00BBFEAA02DF
012C00D6FE8BFF8E
007F0001013500E0
0111FFF4015A006C
007F0012FFFBFF27
007201AA0035FF54
FF5000BE0032FFB1
FF68FED70123FE49
FFCCFFB2FFE1FFC4
0018FF22004100C8
FF30019A0166FFF9
0015FFE200A200C4
FFA8FF300035006F
FFEB0004FE76FF3D
011901BBFF09FFE6
FF46005D00450139
006A00BEFF03FFC0
FF5E00FD00BBFFC1
00B700EFFFF200A3
FEEE0065FFBBFF89
0133002EFDD6FEF1
FEFB0067FF82FFD5
FFDF00460131015B
FF5FFE0BFFF4FFB4
01DC0109001300CF
00740030018C0022
FF6600140013FF23
FEC00078010EFE6E
007FFEB7FFF4FD69
0160FFBB008000DC
FF1700A6049F0058
FF30FE14008BFE5B
00DD00A8FEC402CE
011E0112FE68FF38
005400A3014F0152
01ADFF96019C0038
0094000B0007FF92
008E02030073FF81
FF360066000EFFD2
FF64FF5E00E3FEDE
FF89000DFFE6FFCC
0051FF2D003C00A1
FFAA011301740059
FFC2FF83006800EC
FF82FF3A0054FFEC
FF88002AFEC3FEE4
0166015DFEFD0064
FF7100FB008F0108
001000E2FE72FFCD
FF8301040103FF2A
007D00C2FF9D00F1
FEEE0087FFD8FF86
00EBFFFFFDDDFEF7
FF7E0067FFCA003F
FFAC0084014B015A
FFA5FE270019FF76
0188017DFFF30122
00BF00720147001C
FF59FFBFFFC3FF20
FF440124016BFDE9
00EEFEBAFFF3FDB3
015F0048006A007D
FEC700920438FFBD
FF75FE5800B0FE3D
010F008DFEC502D1
014400D9FE4FFF76
007100C8013F0191
0234FF88021D009F
00F50067FFC8FFC3
002D01A10027FF4A
FF3000EE0007FFEB
FF77FF7C009BFF61
FF310079FFCBFFF4
0027FF7200370032
0062007E01CB0093
FFC7FF41005B010C
0019FFA5009AFF74
FF6B0053FF1EFEEF
015A00A1FF3A00E4
FF3D0194006E00D3
FFBF00FFFE31FF92
FFC300750132FF35
006700C9FF840125
FEBA0088FF86FF84
00C2FFF9FDB2FE94
001F005100070063
FFB80134017F013C
FFF3FE36008EFFA3
01D201D5001000F7
00FC00B10107001A
FF7BFFC5FFC2FF04
FF8701C600FEFE40
0116FF25FF41FE10
0153007800980022
FECE00490457FF8F
FF20FE8C008EFE2C
01560086FF480281
012A00E1FE34FEF3
0035009400FF0225
0264FF7B0207006D
0109006AFF5A003D
FFD9019B002AFF82
FF78009E000DFFB1
0033005700A0FFAF
FF0100C00044002F
0056FFBFFFFE0005
00D2009F017E011E
FF2BFF0C002400EC
FFB4FFCE0084FF04
FF060034FF7BFEC2
0171002EFF1D00D1
FF7401BC005E00FA
FFD7006BFE3BFFEB
0027006D01BEFEB9
00B00095FF460151
FEDD0075FF67FF86
0091FFC3FD85FE78
00780041002D014A
FF4D0168018C00F7
FFC5FE8E00D6FF7D
01B60221FFFD00CE
0134010000CFFFE4
FF05FF590017FF1D
001B021200EBFDF5
012DFF44FF21FE51
015300AB0046FFF4
FF9F001F03EEFF9F
FF15FEE100BAFE7C
0168004CFE9F020A
00BC00D0FECBFF67
0097007400F40253
0271FFA6022000F3
010F005DFF56002C
FFA500DB00460012
FF8600B90009FFF2
0064008A002E0039
FED40132005BFFFE
00320059FFEFFF97
0150006601B30112
FEB5FEF3000E0087
FFF3FFD8008EFEDE
FEE60057FFE8FF1C
0177FFD7FF8000C6
FF8601DE0066009F
FFCC007AFDAE0057
000700A101D6FEB8
0070001CFF2F01B5
FF30005CFF73FF6C
002BFFFCFE60FE52
00F4001B0039013B
FF19017F013E0086
0023FEB4012DFFAF
01CC0237FFF600C2
0178010F006CFFEB
FF2BFF560020FF32
008002BB00E3FE1E
010BFF49FE65FEF6
014F00C8002AFF7C
FFDD00220364FF4B
FEF1FEF1004CFED1
01BD0075FEE6017B
007800B2FEF8FFCC
006D008A00D90276
02A1FFF401C100E8
00FA0078FEF600B5
FECA00CDFF77005B
FFA900E9FFECFFBB
01460100FF990138
FEBC014000230048
0058009DFFACFF48
01AF000B01A10173
FE73FF2C001EFFDC
FFBD001C00EBFED4
FF06005900C0FF16
0139FF15FFC600E5
FF4001A8009FFFFC
FFA1FFE3FE2B0051
0095009101ABFEA3
00A6FFCCFEEA01AB
FF61004DFF8CFFE3
FF90FFA6FE55FE36
00FFFFFC00750199
FF1C019200E3006A
0022FF0201A2FF9C
01BB02BE001100A9
0177016C0007FFF0
FF3DFF36FFB9FF82
00F102CB0102FEAA
00D3FFB8FDEEFF75
01540130FFE1FEFB
0026FF9A029FFF25
FF36FF0F0054FF41
01CA0082FF2300CE
00460065FF26FFC6
00BB003F00AA02C2
0274FFE20183011A
0132005CFEFA00F8
FEA70033FF53009D
FFF700D600360018
014C016BFF5001E2
FE9E017D00210060
003A00EBFF9DFF6E
01FDFFEC018201D4
FE36FF63FFD7FFE8
FF44FFE700E7FEF6
FF05FFD500FFFF72
00F5FEDAFFA800E2
FF53018C007AFFAC
0004FF63FDE400AE
00BC00E701A0FE87
004FFF54FF19018C
FFA0FFD0FF99FFC1
FF36FFBBFE93FE40
0112FFD7003C01A3
FEE001C000990008
004AFF4F0163FFD7
01610236001C0087
01190159FFC5FFBB
FF41FF27FFDAFF79
016702C700D0FF0C
013AFFCBFD40FFDB
00F80147FFC8FEB9
00ABFF33022AFEE9
FF2DFF93FFFDFFDC
02090042FED00036
FFAC002FFFDA0008
008D005E007F02A8
0228002501660107
00E30083FEC900EA
FE49FFA9FF1A00FA
0047008C00350015
01A60171FF2E022E
FEBE019C0047002A
FFF00113FF32FF78
024CFFA300F701F8
FE16FF53FF61FF8F
FF0B006F0108FF16
FF4AFFF30150FFBC
00FCFE73FFCB00E6
FF6300ED0024FF71
FFE1FF3CFE1B00F6
012200AB0147FEDA
0082FEEFFF040168
002AFFD3FF6B0009
FF20FFC5FF37FE4C
00FEFFA40061018B
FED001960024FFE8
0039FF6C0197FFC1
01010208FFF6006A
011C0111FF8EFFCC
FEFDFF30FFF2FFC5
01B002A20087FF74
013BFFECFCEC0007
00FB018CFF92FE6A
0134FF2D016CFEFC
FFA4FFD3FFEA004E
01DB0021FE98FFC2
FF69FF9F0060002E
00DC004F0048025D
01B300F1010300EC
00BE0031FEE400DA
FE51FF42FED9018C
009A00960044FFF1
01D00171FF2D0273
FF0C019A0029006C
FFD90143FEC7FF74
0287FF7C00C501B8
FE2FFFD1FF76FF72
FE25008000C8FF79
FFD0FFD501A6FFE5
006EFE5200340078
FFE1005A0011FF6B
0001FECFFE0A00EB
00ED00F300E8FF05
0092FEA0FF0D0155
0024FFD6FFA6003D
FF1AFFAAFF95FE5F
011BFFBC00590179
FEB9012BFF7DFF65
0063FFC901430002
00B201B5001F0071
011C00BCFF6EFFD4
FF48FF3EFF3BFFD5
01EA01F20085FFFA
01050048FC7D0075
00D5018CFFCEFE29
0193FF3200E3FF2B
FFB3005FFFA100C5
01B80038FE95FF22
FF01FFC400D70053
011C0004FF7301ED
010801650128012B
005BFFF8FEB60074
FE2FFEC0FE9F013A
00BE008F00050027
02100170FEF40282
FF82015E001300A8
FF6F0147FE6AFFA5
0223FFBA006601BB
FE11FFD0FF65FF25
FDBF00DA00D1FFB3
FFBCFFD4015800CE
0021FE6900620044
FFCFFFA6FF9EFF1D
0034FF1CFE940100
018400C20066FF37
009AFEAAFEF900DD
0058FFB3FF60005A
FED3FFB2000EFEEB
00E8FFAB000A0152
FEB400DEFEDDFF1A
0038FFCD01300028
00100125FFCE0076
00B9005EFF5F0017
FF71FF5AFF16FFB5
02830182FFD4008C
010D0035FC8A007F
00D4014CFFC8FE0F
021BFF510044FF60
002D0097FF6F0172
01C2FFF5FE98FEEF
FEDAFF6801A5004F
0146FFF8FF6D014B
0067019600C3010F
0026FFB0FF07FFF9
FE71FEA0FE6F0172
00F4003500030019
01A90115FEE20278
FF400127001F00B2
FEE4016AFE2AFFC9
0247FF8F0025016B
FE5BFFEFFF70FF60
FD6900E0008B0095
0039FFB901660108
FFD8FE88005AFFD7
0004FF40FF53FEEC
00B2FEE0FE8C010E
015600C40001FF64
00ABFE7BFF6F0038
0089FFD7FF5F009D
FE9EFF7800AEFF56
00BDFFA0FFC201A7
FED20084FE39FEE4
0016FFBD00A6003D
0027001DFF870062
00A00015FF21FFF0
FFADFF16FEE4FFBB
027701380007006D
00B40029FC4800A7
0095010EFFDBFE43
01D4FF56FFF1FFC2
003C00C8FF5B01C0
01460030FE89FE89
FED3FF4A01D70097
015DFFA9FEE3009F
FFFF01EE00B90121
0021FFC9FF30FF6E
FE97FE76FE05012F
0116004AFFF7005F
01B600CFFECF0222
FF9A0141005200C3
FEA1016BFE2FFFFB
02130008FFA20141
FE860007FF94FFA4
FD38010D007F00B8
0066FF9B0102019B
FF48FE820093FF6D
FFF2FECAFF16FE6C
0101FF1CFF150122
0118006AFFECFFB8
00B6FE4CFFF60015
008EFFF3FF45010D
FEB5FF660132FFC8
00A9FFD5FF6B016C
FF340011FDFFFEAF
FFFCFFB5000F0078
0038FFCCFF5C004F
006DFFC5FF6D0006
0024FF8FFE80FFB7
027100DAFFD600CB
00BF0031FC660099
008C011BFFB7FE02
01C1FF7AFFCDFFB8
003600E4FF1201F6
0119FFFCFE6DFE2E
FEBDFF40022300EF
0183FFCCFEA30057
FF450212007800D2
FFE5FF63FF1BFF5E
FEA4FE3DFDEE00F8
00D5FFFEFFE3FFD8
016A00D5FEA401CC
FFC901520058014D
FE870143FDE1FFBE
01F30045FF5B00E4
FEF7004EFF8CFF90
FCAE00D1008300B6
0061FF3900D401A6
FF4CFF0700C7FF6F
FFAFFE5DFF09FE6B
0147FECBFF3600F9
011D010AFFBAFFDE
00B1FE82FFC9FFBE
00E4FFCFFF330166
FF02FF5801430060
005DFFE5FF3A00E4
FEECFF87FDE9FEB8
FF86FFE7FFCF0087
FFC0FF90FF900004
0003FF71FF98000A
0003FFB4FE29FFA4
02450063FF5B0189
00970029FCA20031
00D30090FFF1FE6D
021CFFACFFB5000C
00C900B7FEDD0207
01140021FE45FE65
FE95FF64028800BC
01AAFFDBFE68FFB9
FED60258007F00BD
FFB9FF12FF59FEE2
FEE2FE8BFE4E0118
00A8FFFCFFCDFFEB
01120062FEFE0160
FFD100C7007700D2
FE6D0113FDBF0028
01AB0021FF490038
FF55002BFF75FFC4
FC49008300480147
0129FF56005201E0
FEFBFF4F0057FF22
0001FDE3FF10FE56
0198FEE4FF890111
00FE0124FF870001
00B5FECF0021FF52
00D00010FF33018B
FED3FF61018F009A
0030FFDBFF1800A8
FEF4FF35FDD6FEF3
FF66FFE7FFE80083
FFC5FF37FFBA004A
001FFF7DFFDC0035
0059FFE9FE1CFFBD
01CD0038FF80018A
00CC0027FD22FFD7
00E6008F004AFE78
01C5FFFAFFF2002C
00D60089FEB101B6
00990056FE31FED2
FEDFFF94027100B3
0162FFB5FE91FF78
FF21023300890088
0026FF50FF46FECA
FF25FF11FE58006F
00D1FFDFFF750019
003FFFEEFF3F012C
FFB50081005A011A
FEAF00A4FDC00058
01B50063FF32FFB9
FFB900400019000A
FC08005FFFE301CF
016BFFB6001F01C4
FF1CFF7E0095FF25
FFFBFE31FF11FEB3
01FDFEECFF9E00DD
00C4016FFF8B0010
0076FEF00005FF44
004A0048FF8D014C
FF4CFF2400DA00F2
FF5E0033FF0D004C
FF4AFF07FDD7FEE5
FF3FFFCAFF4E0054
FF9FFEBCFF840015
FFD1FF5F00310006
0038005DFE28FFC9
018FFFA3FF450183
00CF0021FD6BFF79
00EEFFE6007FFEDE
0167001E008D0083
00D4007FFEC201D0
008B0045FE16FF28
FEE3FF7E026C008A
0184FFD1FE8EFF23
FE78021500D1002B
FFF4FF3FFFB9FE93
FFA1FF40FE9AFFF3
0056FFE0FF68001D
FFC4FF92FFA60040
FFDD001C000300D8
FEA7FFE3FE2C00A5
011500C1FF04FF4F
001A005F00290082
FC31006F000801D6
0174FFCDFF8501AA
FF00FFFB005CFF15
005EFE2FFF0CFEF2
01D8FF6AFFC50093
00C00109FFA60040
0078FF53005CFF3D
0011001CFFBE01AA
FF61FF5400AA00F4
FF530030FEB7FFEE
FF21FEBDFE43FF77
FF64FF3BFEF20080
FFB2FE8AFFA10001
FFCFFF3B0096007C
005300CEFE25FFBE
0119FF34FF740129
00F2FFF5FE00FF1B
0094FFE8007DFF4C
00E50063011000A7
00FE0058FF0B0181
00640016FDBAFF74
FF40FF8E026C0004
014BFFF1FEB4FEE3
FEAE01EE0101FFFC
FFE7FF80FFD9FE9B
FFCFFF71FEAD0019
000FFFBCFF5AFFDB
FF42FF33FFF0FFC0
001BFFBBFFA700C6
FEA1FFACFE6500DA
009800ACFF06FF01
00B7005A006900B4
FC3F00470009020D
0153FFA7FF3C0137
FF6500700011FF3D
0007FE58FECDFF75
01A5FFD8FFFE003C
007D00EAFF570089
006900170017FF0B
000D005AFFD30140
001DFF99005F00FA
FEFC0065FE99FF64
FF6BFE40FE7CFF99
FF6CFF88FE83000B
FFBAFE23000D000D
FFBDFF8D00EF00E2
008D014FFEB5FFEC
00AFFF1AFF3000FB
010DFF6CFE7AFEF1
007AFF96010CFFE1
006200A801C90099
011DFFD0FF1F00EE
00AA0000FE05FFF9
FF5CFFD80249FF88
00FF0019FEFDFECC
FEA40165012BFFB9
FFC5FF9B0051FEC4
0008FFD3FEF5FF35
FFDCFFBCFF27002C
FEF3FED0FFFAFF13
001EFFA9FFBE0092
FEF6FF43FF0700C6
FFE700BCFF0BFE4A
00F4003100B900BF
FCB7000C00640200
017C0008FEB800FF
FF7F008BFFCDFF44
0037FEA6FEF3FFF4
014B0015FFC0FFF9
001000A0FF200084
004C005B0088FF3F
001F0051FFEC0116
0060FF70FFE900EA
FECF0087FE5BFF7A
FF4DFE49FECF002D
FF6BFF18FE71FFFE
FFCAFE3D00530063
FF99FFBB011E00F8
00420151FE59FFDE
005AFF48FF99006A
012DFF65FF21FE46
0039FF6C00CF0055
FF73010B0223002C
012B0014FF5100B1
009A0066FDD50057
0029001901B3FF60
00CB001BFF16FEEA
FEE300DA016EFF3C
FFEDFFD000E8FEAA
00690061FF82FEF3
FF93FFCDFF43FFF0
FE19FE9500B3FE5F
FFFFFFBCFFF30071
FF13FF0EFF67008A
FFD300AAFF4EFE83
0134005400E5014B
FCEEFFF3008201B9
013CFF9DFE40006F
FFAF0115FFB4FF80
FFF3FF01FF230020
014700CBFF9EFFA9
FFDF0030FF8B00EC
006400CA0077FF71
FF7500E3000D00E2
00D9FFCAFF570116
FEBC0086FE6AFF6D
FF3BFE84FF51002B
FF69FEBDFE69FF90
FFD2FE5C0079006F
FFC2FFDB015E00F5
00660133FEDAFFB1
0001FF4DFFDBFFC6
0165FF31FF94FE15
006BFFA8015B00D8
FF57010102F9005D
00EFFFDAFFCFFFA9
006D0023FE0300FC
00310010018BFF41
0058003EFF4AFF1F
FF5F001601B8FF4C
003B002600B2FF05
00A700BAFFEFFE7A
FF7AFFFBFF12FFC7
FDFEFE4200C9FE57
FFADFF77FFD0FFE9
FF3EFEFDFFB7006E
FF4D00BFFF57FE6B
011D0030010E0187
FD64003C005F010D
00F1000AFE2B0009
FFF30132FF95FF70
000BFF65FF6200D4
008F00F3FF6CFF91
FF9E001DFFC60097
001700E40010FFAE
FF2A009CFFFF00B8
010FFFCAFF090066
FEE400C5FE76FF8A
FF80FE6AFFE200EB
FF72FE89FE6EFF7A
0011FEDA00A600A1
0007FFCC015A013C
00410190FF06FFBB
FF3DFFE8FFE1FF89
015CFEDB0012FDC2
002EFF9801950103
FE9C00DA0353000F
009DFF9D003EFF07
00AF002FFE430176
00CE002300B7FEB5
0016004EFF79FF76
0012FFA60232FF24
0046003F0100FF55
00FE01210068FE01
FF5B0012FF73FFB3
FDE6FE2E00CEFE03
FF8CFFDB001B0003
FFACFEFC003E0012
FF4C00CAFF9EFE42
0137FFFA00D6019D
FDECFFD600A2009E
00A8FFF7FE11FF7C
00A40129FF61FFD2
FFC10022FF990113
00700137FF1CFF5F
FF73FFFB000900A8
002D01440056FFBB
FF0600A5FFD00057
0148FFD5FE4F0053
FEEF00D4FEB9FF9A
FF65FE87008600E0
FFBEFE5EFEBDFF83
007DFF6200A0008D
00480039015C00F8
001C011AFF38FFC5
FF0000A3FFE9FF25
0150FEF4002AFD7F
00C8FF4001CE0129
FE9E00F20383FFFB
00ADFF530011FEA1
00D20070FEAE0169
00EFFFAB0042FEB7
FFE90050FFF4FFAC
0089FF53022EFF61
00430033011EFF7A
012801620079FE0C
FEFB005BFFBBFFAB
FDB9FE6500EDFE20
FF69FF9AFFE5FFE0
FFB4FEB300A20041
FFA2008D0001FE5A
00D1FFFD00D401A1
FE30FFE9007E0089
002B0029FDEFFF16
00C400F2FF19002E
FFFE010BFFFE010B
00720134FEDBFFB1
FF86FFF8007B0039
FFF8019A002B0054
FEB90078FFDC000B
00CEFFF4FE1F000F
FF610114FEE4FFD4
FF4FFEAF008300C3
FF9FFE46FEDAFF45
00A3FF8C010400D7
008C007A013800F6
FFFD00E3FF5BFFCF
FEE400C70020FEDB
0150FEB10021FDA1
0079FFE901D6013C
FE34012E03CEFFD7
0078FF5900B3FE7E
00AD0016FEE70180
011AFFFCFFE9FE87
000300530020FFE6
00F1FEDA0256FF71
0071009000D3FFB3
0114016F00A0FDBF
FF020098FFBCFF6B
FE4FFE6A006CFE6F
FF1BFFF1000BFFCC
002CFEFA00AC0004
FFA50041FFFDFF05
00E7FFB200A801AD
FEEFFFFA00AE0043
00170038FE4BFECE
00D30055FF0E004A
FFB601470065010A
FFD20119FECAFF6D
FF27FF650089FFF6
000B018A005F00C9
FEB50087FFFBFFB1
00DCFFCEFDF80014
FF4000EDFEF0004C
FF4EFEFC011E0128
FFCEFE49FF63FF68
0115001100E800E4
00EF0078010600E0
FFE60081FF74FFF5
FEB70150007DFE89
016EFEC90031FD62
00EC000A01DD00F4
FE290052038EFF8A
0028FF8800FCFE26
00BA0029FF3201F2
011D001DFFBEFE86
FFC5001900380057
01DEFF000226FF75
00AF00F700AB0061
00D6016700BEFDD8
FEFB00A8FFBFFFC7
FE1BFE7500B5FF1D
FEAB00270021FFA0
0098FF5E00A60032
003500820005FF55
00C6FFA5006801BF
FEFF003400CAFFB7
FFDB0070FEE3FE9D
00DC0018FF220080
FF9201ED009B00F2
FF99013DFE81FF92
FF59FF8B0113FFCE
FFE1014DFFEE00DB
FEB100B4FFEEFF44
00930018FDBDFFAA
001A00AAFF5E00AB
FF71FF28011E0112
FFFBFE8DFFCFFF65
012500FA01180151
00ED010600A4010C
FFAB0019FF970006
FF53015E0092FE71
01A8FE80000CFD7D
00AE0080018000C4
FE4A00760367FF2E
0056FF8600EFFE81
00E3FFFDFF23016B
01180023FF75FE5B
FFDA0018006600A8
0222FEC901E0FFBB
00BE00B100EB003D
004E00EC00A3FE21
FF0300C7FFCFFFD2
FED3FED0000CFF9D
FE8E00580068FFB2
007EFFF30093FFCC
00B8FFDE004DFF95
0054FF7C00560198
FF58FFF60105FF9F
FFD50049FF6FFE83
0124FFAAFEF400D4
FF9001C9003A00E0
FF9C00A4FE0EFFB0
FF3CFF290103FF8F
FFB800F60034013A
FF0B0092FFFEFED7
0030FFF6FDBDFF8F
00940088FFB600FB
FF52FF63017E00F5
FFE6FE72FFF7FF5D
0160018A00CB0130
0127010E004D00F0
FF7DFF9CFF9F0033
FF6002120070FE4A
015BFEB7FF75FDB4
00F700B30156008C
FEA9FFEE030DFF21
FFF0FF910104FE34
0109FFA3FFAF0155
00F8003CFF76FF14
0001FFAC002500B6
023CFED101B9004F
010D009D006C0083
FFD300D30074FE65
FEE7013BFFD2FFC0
FF5AFEFDFF990042
FE2D00D30062FF91
00990081004DFF73
00EAFFF600330038
0003FF26FFA0015B
FF60FFB30135FEF9
FF6800310003FE62
00D7FF04FEB8009E
FF4E021500870074
FF3A005EFE16FFD2
FF6EFF6900E3FF69
FFFE00A60035018E
FF350044FF90FEC8
00010031FE12FF74
00BA0070000D0186
FF61FFA6014700B1
FFC8FE940046FF13
0167022C00E3013F
0161014E001600C7
FF6EFFC5FFEC0079
FFF802750095FE5A
0172FEF3FF17FE38
00C2014D00A40032
FECEFFBF0318FEEB
FFE9FF260101FE8B
012DFF76FF8000BD
00AF0055FF72FF1B
001CFFD600300137
0233FF2D018C009C
00DF009E00480075
FF7500550070FF02
FEC70132FFFC0015
FFC0FF8CFF6200A1
FE950106001CFFB3
008F009C0000FF90
015DFFAD002A009D
FFC9FF63FF8F00D5
FF15FFCB0142FEF7
FF61000F0077FE70
0094FF1EFF0700D2
FFA901D3003A004B
FEF80045FDCEFFD5
FF81FF7C00C0FF1C
00380025001201B6
FF850013FFBDFECF
FFD2FFD9FDE9FF49
011AFFEB008C01EA
FF92FFEA01010032
FFCDFED00072FF93
0182024200F40179
0135015BFFCD00A8
FF64FF64FFB9007E
002202C00069FE3C
0165FECEFEA6FECB
010C011B0057FFE5
FF67FFB1027BFEFB
FFE4FF4400A8FEFB
0136FF62FF62004F
009E0008FF7AFF84
00A3FFD5FFFC0139
0259FF6600F000CA
00FE002C00280074
FF20FFEFFFF7FFA4
FF5D01920036FFE4
0041FFC4FEE00104
FE89012B00A8FFE0
00A800AEFF58FF16
01EEFFB800040103
FFA5FF8EFF380097
FF01FFC00168FF40
FF52000D0126FE86
0087FE96FF0200C5
FF3F01D60051FFD7
FF43FF92FE190030
FFB1FFCC00DFFF2A
0004FFC2002201BA
00050014FF92FECD
FFC0FFFDFE89FF8F
0134FF6F00760204
FF7EFFCF010E005B
0025FF6D0066FFBC
018C031100E101D7
013A010EFF9D00A7
FF50FF2EFF3200B6
007302A50096FE31
011BFF09FDFCFEFD
010E0168FFF1FF24
FF91FF1301F9FF01
FFC8FF5000BCFF49
016DFF50FF68FFE9
006E0013FF61FFCC
00D9FF79FFAD013F
023FFFF4009B0131
00D0FFEDFFC50021
FE78FF88FFBE001B
FF7401A1FFEA0030
00B9004BFEAA018C
FE7200FC0096FFC5
008600E0FF5BFF03
0221FF9C000F0157
FF4FFFB4FEF80057
FEA4FF530194FEFC
FF63FFB2014EFF32
003DFE5DFEE500BE
FF610161FFDFFFE4
FF8AFF52FDCC0060
001400490079FFA2
0023FF74002A0187
FFF1FFDEFF59FEF2
FF8CFF84FEBAFF6D
0118FF7300AC0261
FF46FFE100DA0056
FFEFFF7E009DFF74
014902CE00FA019C
01130138FF9B00AA
FF7BFF32FF8700F1
00EA025D009CFED7
00CAFF26FD67FF2A
014801BAFFE9FE9B
FFDCFED401A9FF40
0004FF80009DFF97
0125FF63FF5EFF6B
002C0022FFC7FFEA
0166FF5BFFB1013E
01D6002B00630124
009FFFCBFF92FFF3
FE6BFEC4FF880071
FF8A01C0FFFC004A
00D10068FEAB01DA
FE65014E00710005
007100E6FEEDFF3A
0256FF89003A0149
FF28FFDEFED00054
FE6AFF6A01A4FFD7
FF90FFA30154FF97
FFE1FEB4FEB40049
FF910137FFF2FF87
FF97FF44FDEE006F
FFFF00C90063FFB2
0003FF6EFFEE0155
0047FF84FF80FF37
FF84FFB5FF41FFA0
0154FF6800A502A5
FF4D00190098FFDB
0023001B0096FF58
015E028800CE0147
00E90160FF890069
FF96FF11FF840109
017D02560075FF75
00BEFF69FD0CFF88
01580160FF5CFE33
00A2FF000160FF5D
0012FF4B00470005
0134FF72FF5EFF2A
FFC4FFA800250006
0152FF26FF56013F
017900CFFFFA0103
00B0FFA7FFB0FFEF
FE0CFE74FF1B00EF
FFF10148FFFC0061
010500A6FEAF01D8
FEB8012A006BFFD7
0055008CFE97FF28
0275FF8C0012012C
FECD0033FEC70005
FE00FF8C01850041
FFCBFFA901B50011
FFC2FE87FEF3004C
FF9F0087FFA4FF97
0040FEEEFE3300A1
004E00F7FFF60002
FFF2FECF00290166
00BCFFC1FFA3FFCC
FF6CFFBAFFE2FF89
00DAFF3900690243
FF5A00450037FF73
003E0090005CFF6B
00BF023F00C70146
00BB0104FF870054
FFBAFF21FF2E00FF
01A501B8007AFFD3
00ACFF88FC7EFFD8
017E0184FF1EFE2E
00BAFEF1011CFF85
0016FF43FFE60097
011DFFC1FF7FFF25
FF98FF8B00450065
01A0FF3BFF77011D
012D00ECFF710133
0086FFB2FF8AFFA0
FDDDFE67FEE00110
0018016AFFFF006D
017400CFFE8B01C8
FED400F50043FF97
0066009AFE74FFA1
022DFF770014017C
FED50091FEC2FFE5
FDDCFF79016F00C7
0019FF74019500B6
FF2AFE7DFF3B0036
FF940013FF6FFF6B
0090FEA3FE6D0096
007B0130FF62002D
0008FED600340120
00FDFFC8FFC4001B
FF33FF68001DFFA7
0097FEAE00390207
FF30FFA6FF8DFFB7
FFBF00D9005CFF89
007101C400C90165
001400F1FF730076
000CFF69FF31011B
01DB015C0039001E
0065FFA9FC920017
011D00F7FEF5FE35
0145FEA800D6001A
006EFF65FF6B00C2
00BCFFEAFF1BFE7F
FF58FF6C009E006F
01AEFF1AFF430072
002C019AFF3B00DD
00B1FF5FFFC8FF57
FE34FE71FEB40121
006D015FFFF50072
00FD0094FEA201D1
FF5000B90027FFC2
FFFB0010FE260007
0248FFB0FFE20106
FF2A008FFEE6FFF1
FD45FF5500F6017E
003DFF8D01830080
FECFFEC7FF320004
FFA9FF90FF55FF19
00C9FEBCFEEE00CC
00A501BBFF4A009D
0000FEA900030113
0107FFB2FFF50069
FF5CFFC8009F0007
007DFF1A002201AA
FF87FFC5FF5DFF3C
FFC300EFFFD9FF92
000D011E00A70149
00370094FF860059
0006FFA1FEED011B
01C6006700380076
FFF6FFCEFCAB0005
00F900E7FF16FDF3
0127FEF400E0000F
0054FF91FF6100DD
00DFFFF3FF31FEE5
FF9DFF62006F006C
0226FF37FEEE0039
FF6F01E0FEEB0082
0048FF000035FF12
FE43FE59FEC90103
0023010B000D0056
00EF008FFECD00FD
FFBE00910060FFB8
FFA4FFDAFDED0030
0181FFCAFFDE00F5
FF3A011CFEC0FFD1
FD4AFF3E010C01D0
0047FF56011F00C9
FEE2FF5EFF5BFF74
FFB4FF21FF52FF1A
00F0FEBAFF9100A7
00BC019EFF1200E9
0059FEF700600084
011EFFDEFFD8010A
FF4BFF9C01150036
FFE0FF5AFFE50104
002CFFA3FED6FF78
FF8600B7FF75FFF4
002100A100640109
FF87FFE9FFEC0025
0012FFBFFECA00C8
0164FFD1005800B7
FFDBFFBCFD1AFFD6
0106009DFEE6FE1B
010EFF4100BB0068
006AFFB5FEF600F1
008E0028FF0EFEF8
FFB9FF7F007800A7
01F3FF64FECC000C
FED10232FEF80017
003FFED00013FF02
FE8EFEB7FEB400DF
004B00F200310023
00A10060FF3900B8
000F00350042FFE5
FF71FF82FDD70030
0130FFD5FF8600D0
FFBF012BFF19000E
FD0FFF36011301DE
0051FF3A00C700CE
FEC7FFFBFF72FFA2
FFA4FE93FF27FF0E
014FFEA6FFBF0059
00AB01F9FEE600E3
0070FEBB00910056
00FEFFE8FFF3010F
FFA8FFB301160079
FFD1FF1DFF9C00B0
0039FF3BFE5EFF69
FF37011DFF2DFFF8
FF7F0036005C00F8
FF63FFBD000400AA
00A1FFFEFE9F00E1
015DFF4700290116
FF8DFFE3FD61000E
00B7008BFEDDFDF4
010AFF8800CD0089
0089FFBCFEAE00D3
00380037FF01FF34
FFDDFFF70088005B
0211FF3FFEA9FF57
FE0C0234FED5FFD8
003BFEDB0007FE60
FEEEFF07FEBB005F
001C00C1FFD10046
005C0048FF62FFEF
0047FFEDFFF7FFD8
FF7AFF5AFE07007C
00B00012FF600076
FFDB0141FF63003B
FCCAFEDB00B30272
0069FF1100580109
FE760062FFA5FF74
FFD2FE8AFF10FEEF
0194FF2400100039
00D10260FE950143
00B1FF5500920022
00D1002E0021017F
FFDAFF88015A0106
FF89FF5AFF530049
0062FF31FE7BFF38
FF1100FDFEF0001C
FF7FFF81004D00DD
FF5BFFA400740059
00FE0040FED800C7
0112FED200030161
FF6BFFABFDC6FFC5
00F0002EFF46FE47
00E0FFCA015B00DE
003EFF88FE900095
0022004DFEF4FFA1
0031001A00910014
01E5FF3EFED0FF1D
FDF2024AFEA6FFA7
0016FEF60039FE38
FEF4FF69FECF000F
FFDD0075FFC5002C
0014FFFCFF7BFF63
00BEFFD80015FFEB
FFCEFED2FE04009A
FFF80053FF46FFF9
001E015CFFA4005B
FCBEFE8600EC0298
00CDFF3EFFDE013D
FEC000D1FF72FF3E
FFE8FEB0FF69FF75
022DFF10003E002C
00910282FE9600F9
0091FFB8008B0018
00BE0006004901B1
0021FFB5012B013A
FEEAFFDDFF040005
0047FF52FE9FFFFA
FF100064FECFFFE8
FF7AFEF5FFD400D6
FF6DFF9300E50081
012200A0FF1A00ED
00D4FE7500350102
FF25FF94FE6BFF95
007DFFFAFF6EFE78
006BFFD7020C011D
0094FF39FE910033
FFCA00A2FE84008D
005D008D006BFF76
016CFF88FEFEFF19
FDD601DFFF2BFF2B
FFDAFF21008CFE4F
FF3FFFB5FEFFFFA4
FFAB006AFF71006E
FF8DFFA90047FEF2
00B4FFD70003004E
FF85FE4DFE8000F0
FF9400A7FF78FF82
00760141005F00D2
FCB3FED900EB0288
00B7FF7AFF0D0125
FF1C0189FF95FF15
0058FEC1FF420002
020BFFBD0059FFB4
009B02B6FED1015E
005F001E000BFFEC
00AB000F007001D8
0097FFA300A700F2
FECFFFDBFE9CFFA3
0046FF56FEE70041
FF490068FE88FFD0
FF31FEB8FFDF00C2
FF7CFF8A01800099
015B0154FF1800AE
00CCFE3E002900B9
FF2FFF66FEC6FF61
0041FFB0FFA7FEDF
FFAF0058028000B2
0092FF16FE8AFFF3
FFDE005FFE3200EB
00F600BF0085FEDE
014AFFB3FF49FEF3
FDD201CAFF89FEFA
0018FF5400DCFE28
FF7CFFF2FF6BFF24
FF830043FF950081
FF0EFF84007EFE23
00B3FF9CFF880038
FF8FFDF8FF3F0117
FEFE0097FFD4FEE1
006A014800D8011D
FCFCFEB900F702B7
00E5FF56FE7400E7
FF2C020BFF25FF2E
00AFFF0AFF5F00C1
0212004C0012FF70
004F02B3FF26012C
008B00D0FFD20001
002E004000A70219
012CFFB6006E00D4
FE5E002DFE91FFB1
0010FF86FF360038
FF64001CFE82FF92
FF89FE67FFFC00F3
FFCCFFC001920044
01690169FF2800B1
004CFEA4003F0077
FFC3FF3DFF0BFF38
0015FF980032FF3B
FF180088035400F0
001FFEE9FE7EFF6C
FFCF00D0FE4E00FA
014C009A0002FEC4
00DEFFB8FF7CFF1A
FE450140001AFEF0
0004FFAC00E9FE80
FFB00084FF92FE8E
FF480034FF8B00AD
FED7FF5200A9FDB4
00EAFFE8FFC700AC
FFCFFD2BFF77013A
FEAB00CE0015FEFA
009E013001360154
FD05FEFE00FA026A
00A3FF5DFE2900A9
FF8A0202FF4BFF75
0096FF80FF5800F5
01AE00CF0001FF15
00A1020CFF5E00E4
00480165FF9F004B
FFAC009B00C001FF
013AFFC5FF9B0074
FE1A0054FE67FF8C
0028FF36FF8A00AD
FFA2FF99FE57FF65
FF6BFE0A00270101
FFAEFF8901E7008C
016701ABFF8C0048
FFF9FED0000A002B
FFA1FED1FFB3FEC7
0017FF6B0066FFBB
FE7F00C3042400C8
FFE7FEB0FE56FEEA
FFE500F5FE1B0201
015E00DCFFC0FE35
00750034FFB9FF06
FE9100DE007EFEDD
FFD8FFF000BDFE68
00490126FFECFDEB
FF090051FF0A0084
FEA5FF290154FD80
012DFFE5FFB400A5
FFFDFCE8FFD20155
FE4300EF0045FEB9
00A9011A015201D9
FD5CFF7C012301CF
00ABFFB8FDDB0052
FF92027EFF56FFA5
00B5FF9AFF5A0169
0154014DFFF1FE99
0099018CFFE2010E
00320188FF7D003B
FF6C0098008401D8
01C2FFB1FF410039
FE73009CFE70FF7B
FFE7FFCF001400FB
FFE5FF16FEA8FF6F
FFB5FE5E0026011B
FFDDFFBD01DE009A
014201DCFF6D002C
FFDBFFA90019FFA7
0004FEF6FFF7FE6E
FFD6FF8A00FC000B
FDED00CC0481004D
FFD5FED1FEE6FEB4
004400C1FE1701F4
015B00A7FF3DFE30
0035007C0004FF76
FF4F004B00D1FEEF
FFD5FFDE00C0FE9E
0035017C0009FDE2
FF02003DFF460064
FE9BFF23015CFD7E
00A0003DFFC000CE
000AFD43FFD300F9
FE9300DA003CFEFD
00AF00B1016201DB
FD93FFA401520163
00650004FD80FFBA
FFCB0258FF53FFE8
00AC004AFFA2019B
00FF0153FF71FEB3
0055017B00930073
003F01BAFF280023
FF030085004F01A6
019CFFBEFE7C0029
FE9C0093FE72FF61
0016FFAD006F0102
FFA9FEC7FEA8FFC2
FFFAFE1800230101
0069FFD501D000AE
016801CEFFF0FFBA
FFA5005CFF71FF6C
003EFEFF0015FE58
FFE8FF5601410027
FD91011904CD0017
FF91FEE2FEC5FEB3
004600A8FE240234
018900C6FEF0FE0E
001301110034FF5A
FFADFFCE0108FF15
001E000B00D4FEBA
00B001D4003EFDA3
FEEE005EFF5D000C
FE96FF3E0117FD97
00CA00A4FFF600DB
0057FD95002B011A
FEAC00C6007DFF0A
0095000500EE023F
FD94FFAF013C015C
0045006BFDD6FF54
FFE201D2FF42FFEE
00CB00E8FFFB0175
00FE0194FF5CFE85
002D00C101290019
003401A9FF33004B
FEEA009300850161
01A0FFDCFE3A0024
FEA50120FEA9FFDA
FFE9FFE300D70135
FFF8FE7BFF78FFA8
0076FE93003A00DF
00CBFFDB019B00AB
00E7019F005EFF78
FF8D00C6FF5BFF1C
004FFF2B0047FDF7
0044FF9401A7000F
FD74012804E3FFE0
FF9CFEE9FF82FE81
005100C5FE26021C
014A009CFEB4FDD4
FFE600D10043FF9A
0069FFA9016DFF11
FFCD0007006FFF3E
00B501E1005CFD82
FF30007AFF690005
FED9FF3B0121FDDC
004300D5003000D8
00A0FDBB006900A3
FEF900D40050FF3A
0048FFF700DB01D8
FE010042014400DA
00030074FDB5FF53
004201AEFF8A000E
00DC0145001B0185
00CE017EFEEBFEA9
003A007F01D2FFD9
00360177FF430085
FE970098004000E9
015EFFE2FDDCFFC7
FF270131FEAEFFE6
FF41FF9D00C90121
FFE4FE59FFC2FF72
0055FF04007D00FB
00CF000A0197009D
00F7014B008EFFAC
FFC20161FF63FF1F
00A9FEF90058FE62
0018FFFD02090054
FD6600EA04ABFFB2
FF74FEBAFF81FE65
005A0068FE6201EF
014D0034FEE0FDD9
FFCF00CF002EFFDD
009CFF6D0189FF82
FFF500330042FF59
00D001E400BAFDB9
FF030037FF76FFF5
FF25FF4D00B1FE52
FFD200E6002100D6
0099FDFC006E008F
FF3900390058FF21
000CFFCD00EB01CC
FE420039013800A3
FFDB0093FE42FF64
008B0168FF8C0025
00B1019600440162
00880168FEC4FEF3
007C00300194FF2F
00060179FF0F00B3
FE82006E003100A4
0134FFE1FE19FFBA
FF8E00BBFF6C0032
FF460041017200FC
004BFE38001CFFDE
0075FFB4006A00FD
0105000E00F50052
0045011100C2FF70
FFA001BFFF29FECA
009BFF54FFC2FE90
0028FFF001E0006C
FDC90079045BFF88
FF38FF38003EFE9B
007B0073FEA001A6
00B2FFF9FEE1FE2A
FFA000AC00CC0000
015CFF5A01A60025
FFB80029FFE3FFB3
0084017A00BDFE32
FF30006DFFA1FFAD
FFCEFF840031FF03
FF910105005500E7
00C3FE7F00AB0033
FF73008A0079FF90
FFB2FF91004F0147
FED900A401350040
000E00C4FE9BFF0C
008600B4FF700013
00C101FF00960192
FFFC0120FE91FF31
0015FFFD0229FF41
00350188FF300084
FEA1003BFFB90050
0101001BFDE3FF2F
FFE4007CFFA6003E
FF0E0054017C00C1
006CFDF20056FFD9
003F003A00890118
013F0013006F0086
002300BA0100FF67
FFD601BAFF9CFEA8
00D7FF71FF55FEBB
001C005001720092
FE32001703D7FF02
FF22FF960024FECC
00870007FE9700A9
004FFF99FEC7FEA4
FFA7008F010B0051
014AFF1301940052
FF9EFFF0FFBB0032
0068012A0065FE98
FF690050FFAAFFFF
0008FFBA00380001
FFAF0134000F008A
0086FF1700890026
FFF90062002E0005
FF3AFF54004E0105
FEC400CA0137FFDF
FFBD008EFF39FF1D
00680037FF9E0016
008302010034012E
FFBE011CFEA1FF8A
0071FFAC018FFEDB
FFA700FAFF6A00BA
FEABFFE2FFAA0005
005E002EFDDBFEE1
0066FFE00024006D
FF5B0076019300AE
00A7FDD300B7FFE4
001400E1008A0120
00AE0042000600AE
FFD400520159FF82
FFFD025FFF86FEC1
0102FF6DFEC7FF42
FFF9006401180036
FEE8FF60030CFEE0
FF38FFE0004CFF2B
0117FFA0FE5D0048
0007FF18FF0AFE81
FFA600A2010500C0
0194FF2C01650077
FF5DFF93FF7F0080
0046008B0055FF5F
FFD80046FFD5FFA2
0083002900290076
FF5C00FB005E0070
002AFF9700710008
007E003300240075
FEAEFF8BFF6800BF
FEC700ED00DDFF84
FFAF005BFFF9FEF6
0071FF9EFF69FFF6
008701FCFFF500D7
FF5000A3FE960039
0092FF420195FF1F
000E0085FFAA0096
FEC9FF47FF70FFAC
004F0038FE1BFE8E
011DFFD5005100D3
FF18009D014B007A
00B0FDE8014FFFEE
FFD4019A00B40118
003D00AAFF020075
FF9E0048011EFF8E
00A30259FF6BFF4D
00B6FFC8FDEBFF6E
FFEF00C400C9FFFA
FF94FF1B0206FF1E
FF2EFFEE003FFFF5
00DFFFBFFEB3FF46
FF49FEBAFFABFEFB
0024005300D000E0
019AFF97010E011A
FF66FF3EFED60065
FFAEFFDEFFDBFFD0
00340080FFD8FFED
01770053FFA80183
FF3E0144006B0046
0042009DFFAEFF87
00ED0028FFE700C0
FE85FF86FEB9003A
FE7A00BB00D2FF8E
001E006E006DFF20
FFB5FF41FF4D000B
00310134FFE4004B
FF1A0009FE8600B5
005AFFB80199FF1A
001CFFAEFFBE00AB
FF2BFEA4FF55FF38
FFDE0051FE3FFEC4
0161FF4400D100F0
FF6B00BE014B0042
009DFE23015EFFF8
FFFC01C8004F0129
006000E2FED4006F
FFB4FFD5013FFF91
00ED02A2FF21FF90
0121FFE3FD8CFFB6
008E00B8003CFF7E
001AFE92019DFEDD
FED70033FFF00070
00FFFF38FEBAFEB8
FEE3FE92FFBFFFAA
00140075008A00DA
01A6FFC600E30116
FF7EFEFEFEBF0047
FF2AFF64FFC40035
006D0069FFFAFF8C
01C0008AFF420198
FF4D0175008D0056
001900E1FF65FF83
017E0062FF8D0177
FEA6FF18FE8E0014
FE55007400A9FFB2
FFEA003D0119FF64
FF8DFEABFF63FFEC
0038013DFF6E002F
FF50FF92FEA500BF
006BFF94017DFF1A
002AFF56000C00B8
FF60FEBCFEF5FF7F
FFBC0058FE59FF00
01BBFF6100F40134
FF7C00CC00B40027
0056FE4001AD002E
004D02850037012F
FFF200CCFE3F0055
FF52FF8A00DAFF72
017F0292FF6BFFC7
010FFFF5FD28FFE6
008300BBFFFBFF49
00CFFE9D00CCFEFB
FF7D00020031013F
0115FF40FECFFE67
FEB4FE1C0013FFD5
0096003E007D00AB
0161003000A80174
FFC0FE90FED60026
FF64FEC6FF4700F9
00E200A7FFE8FF93
01BB00BBFEF601FC
FEEE013A00ED008A
FF89014FFEFBFF3B
0253FFECFFD200D5
FE57FF8DFE68FFE5
FDFB00280057000B
FFFA00410111FFD2
FFDCFEF1FF6FFFB7
0002008AFF6AFFD6
FFD5FF0AFE950112
006CFFF70133FF65
000BFEAB00600087
FFE1FE87FEE4FF42
FF880060FF26FEFB
0163FF6F00E1018E
FFD400F100660019
FFE8FE4B011F0015
00480267FFE10119
001900BAFE8A0040
FF0EFF8600A0FF73
018D0229FF32004C
00EFFFB0FD13FF59
01000098FFF5FED7
014AFE9800A8FF5E
FF8DFFDAFFDE0158
00FBFEFCFECCFE5F
FECBFE1900880050
00DE004200310079
0170003300C4012E
FFE4FE68FEFEFFD8
FEF3FE77FEC600FB
00BA0112FFB8FFF2
01D00067FF2E01E9
FE9B0167009A008F
FF33011AFEC7FF5F
02560060FFE70110
FE90FF99FE5EFFCE
FDCAFFEB004A0080
FFF80017011E0028
FFA3FECBFF22FFD1
FFCC005AFEFFFF44
0001FEB4FE7300E7
00B0009800FFFF9A
0027FE9F00760050
FFFBFE80FEBBFF7F
FF380003FF2EFF29
0111FF5C00BE0161
FFB300E9002FFFC7
FFF2FEB701450048
FFF90211FFF0016C
FFBB00F1FE0B0045
FF42FF5E0044FF9A
01B0013EFF5B0084
00DBFFA1FD14FF3D
01370079FFB7FEB0
016EFE940040FF91
FFB5FFB7FF9701D8
00FDFEE9FE88FE99
FE7BFE0D00A60074
0163FFD0FFFF0020
0120007F004F01B8
FFC9FE43FEFEFF22
FEE1FE50FEE40149
011E013AFF4F001B
01880024FF4001EC
FEDE00E9008CFFF7
FEE1012BFEC6FFDD
01F8002DFF9700CA
FEC6FFCBFE28FFEF
FD6CFFA0007100D0
0033FFE4013700EB
FF43FF38FEBDFF3B
FFD8FFDEFECAFF49
001DFEBBFEAC00D5
00B900E300640017
FFF4FE600064002C
0055FE77FE8BFF68
FF73002EFF9CFF65
010BFF1600880159
FFB10096FFB6FFC4
FF96FEC701060036
00090211FFF40172
FF5D00FDFED60079
FF7AFF270012FF94
01BE0090FF8600E8
00B0FF53FD2DFF79
012D0065FF4AFEB4
01ECFE8F00390009
002CFF4EFFB601CB
00CFFEF0FE47FEA8
FE7CFE8000FC00AA
016EFFD7FFBB0038
008000C500410177
FFE0FDC3FF0AFEBE
FF00FE46FED9017A
0121013AFF52FFF8
016AFFE8FF8D0133
FF0800EF0092000B
FE1800CBFE97FFD4
021B009CFFB50094
FF13FFAFFEB90050
FD17FF6FFFF60156
002AFFBB01220127
FF61FFB4FE69FEE4
FFAAFF28FE7EFF4A
009AFE9DFEDA011B
00B8017FFFC00074
FFFAFE7C007B001A
007DFE34FEA5FFF5
FF9FFFCB0001FFD7
003DFF37006A00A8
FFE1009FFF250009
FF4BFEBD00A1005C
FFB40108FF8E01B0
FF6300A5FF0E0096
FF81FF87FF99FF98
018AFFD1FF8E00CE
0067FF61FD73FF47
0186FFE2FF5DFE8E
0229FE71004A006C
FFFEFF60FF3F0200
00DEFF63FE4CFF2D
FE8AFE52012A0079
015A004EFFC4002C
003E00AA000600AB
FFFCFD930000FE7E
FEF2FEBFFE9D0125
014800E5FF69FFE4
00E3FF90FF9500D7
FEEC00A900B7FFCD
FDED0063FE54005E
01760137FFAE00B8
FFA0FFDBFED10090
FD0EFF34FFC80197
003AFF6F00EC0111
FF35FFB9FE57FE8D
FF96FEA0FE45FFD1
00A8FEA9FF44014D
00A101C1FFC600E9
000EFE970071FFAF
0040FE83FE790072
FF58FF74FFEA006A
FFC4FF64FF9E0060
FFE00052FEAFFFCF
FF21FEC5000B002B
FF8B00C0FFAB017F
FEDC004DFFAB007C
FFD4FFE1FF57FF9E
0160FEEFFFF90123
0030FF33FD57FEED
0187FF8FFF10FEC8
0200FEE7008100C2
0034FEE6FEE901E4
0065FF8FFE49FF74
FEFFFF00013100BD
018F002AFFD3FFF9
FF6300B1FFCB008C
0048FDBE0010FE35
FF1CFED9FE9300CE
00F50104FFA9FFEA
007EFF4300250021
FF76006B006FFFDD
FDBCFFF6FE5B0087
00BD0158FFF5007E
FFE5FFF6FF3A00BB
FD14FEE9FFD6020D
004FFF1F00B70134
FF2C00BCFE12FE67
FEFEFE35FE47FF8C
00FFFEC5FFAF0130
011601CAFF340111
000EFEEA0093FFF4
001AFE9FFEA900D3
FF8EFF3300070090
FF4FFF82FFB5FFF7
006DFFF3FE420036
FEE6FEB8FFB2002C
FFD8003AFF790142
FE820099001B00D9
00060037FF3BFFCD
00F8FE2300090169
FFD2FEB3FE3EFEDE
013EFF2FFE8DFF07
01B1FF2400A600EE
008FFEB6FECE0204
003DFFBDFE08FFB9
FF49FF6300E20090
0145009FFFD5FFD2
FEE700D7FFE4FFBF
0026FD8A007CFDD1
FFBCFF37FEC800D5
00D400B2FF5CFF8D
FFDCFEBD0067FF67
00150002006DFFA4
FDA8FF53FE6B00D8
009301ABFFF7FFD5
00B8FFD2FF6C00F8
FD0BFEA6FF94021A
0059FEE400500101
FF070148FDE4FE84
FEFEFDB7FE64FF70
0129FF26FFF300BF
008701F1FED1017D
0023FF1B0095FFDD
009EFEE0FEC0011A
003AFF7B00370119
FEEEFFB9FFA9FF7B
00B8FFE1FE410015
FE78FF28FF4BFFEB
FFEBFFA0FF4C0156
FEC1009200B100A3
004C005FFF18FFCF
00AEFD79002D0124
FFC9FE6FFEFEFEA4
0140FECAFEB0FF5C
013BFF9B015B0199
0054FE2FFEBF0120
FFEE0046FE0F0095
FFE4FFE300C00052
01200017FFB0FF39
FE8B0104FFD5FFB5
0062FDD600FCFDB0
FFBCFFFDFED70032
007C0092FF49FF98
FF5FFEB0007BFE95
001EFFD90039FFF8
FDE3FE90FE8F00ED
FF9001FE000FFF87
0111001E001D00E6
FD57FE38FF610257
0048FECBFFE0011E
FF2F01CEFDE5FE9C
FF0AFDCAFE4DFFFA
016AFF7D00010051
00740242FECB015F
0032FF9E007B0006
0037FF37FF3B0149
008EFF6B00380147
FE840014FF34FF8C
009BFF99FE5E0047
FEA4FF2BFE98FF9D
0008FF0AFF93012D
FEE70021013700A9
008A007AFF330003
001EFD63007900AB
FF86FE43FF78FE72
00F1FEACFED9FFE2
0071001D01AF0107
00F7FE42FEAC0093
FFD2005AFE180131
009D0084006A001F
0112FFEEFFCFFF24
FE1500BA001AFFAF
0044FEB50135FDAF
00250042FF43FFD3
FFDE00A3FF45FFE0
FED4FE9200E9FE49
0034FFD7001AFFCD
FE18FE46FF3500D9
FF1301B90005FF20
011B004A00930100
FDBDFE7AFFBB020D
006DFE7EFF630125
FF7F0262FDCDFEB8
FF2AFE2DFEA8FFFB
01710063FFEDFFFC
003E0195FEDF016E
FFF6001D004A0007
0045FF7FFF9F0127
0101FF7F00160103
FE6D0032FF3CFF9B
00DDFFCDFE91006C
FEB2FF46FE9AFF9A
0044FEE8FF820105
FF9C004601990074
008E00CFFF33FFDE
005BFD5D00430093
FF13FE5FFFF8FE6E
0153FE84FECDFFED
001A004E0235013B
00B6FDDDFF170058
FFBD00B8FE1C0193
00B300F80000FF5B
00B60021FFCAFF47
FE6E00BF0062FF89
004EFF010194FDB0
001E00ADFF8CFF92
FF8000A4FF76FFB1
FEA9FE9E00DAFDCF
008CFFDD0017FFFD
FE86FDD4FFCC0121
FE6301D3004AFF42
0164005A0105016E
FE4EFE50FFCE01C5
006EFEC4FF1600DA
FF810290FDF3FEB8
FFA3FE66FEF900EC
018300B9000BFF64
FFCB01D5FF340164
0007005DFFFB0053
000FFFDFFFB501A7
013FFF97FFBC00E8
FE17007AFEF3FFAC
00B2FF8FFEEA00DA
FEBBFF5DFE8BFF5A
0084FEC5FFBF0113
FFFDFFE202470075
008C00CBFF7AFFED
FFC7FDA700A5FFEA
FFA0FE030053FDFD
00B9FE9AFF86005C
FF34007F02EE011A
0083FE05FF03FFDF
FFA300D7FDF50292
018601A3FFC8FF0F
005EFFBD000FFF34
FE89003E00DFFF76
006AFFFE0163FE17
00270126000AFEB9
FF0E0106FF14FFFC
FE65FE960157FD6A
0081002B00360082
FECFFDB500320134
FE3C01B90070FF4B
019A004D01B301BF
FEA5FE6C00190169
002FFE91FEE70091
002B02CBFE7BFF42
FF68FECAFEE40107
01230153FF9AFEB3
FFB100E8FF7B0174
FFF70133FF820057
FFC50078FFE200E6
0196FF70FF4F008C
FE4500A2FF09FFE0
008EFFEEFF6000A8
FF20FEF5FE5AFEE4
0060FEAEFFA80105
0094002C02720091
009C00C5000BFFF7
FF93FDE1009FFFB4
FFE3FE0E008DFE10
00D7FEF7FFB20094
FF4E007A03A100ED
00C5FE03FF75FF0D
FFF00071FDD20320
01980178FF98FE99
FFE800000065FFBE
FEFAFFBE0160FF92
008B005B01D7FE7B
001E0104005CFEA5
FEAF00D6FF170017
FE1FFE8C014AFD8D
004C004B00080078
FEFFFD7900BB013C
FDC7017D008FFF5F
012D002D01A101C8
FEF0FEEE00170101
0008FF05FECC0076
00750251FE52FEF6
0030FFCFFF6B01CD
00B80171FF40FECD
FF9800C3FFB60117
00340186FF6C00CB
FFDC007D001D010A
0198FFA9FF03000E
FE9800C5FF1C0052
00170006FFC200D7
FF10FF74FEB4FF22
00B3FEBCFFF800F8
00F200AE028B0072
009800A60040FFAD
FF7FFEBF00A7FF5F
FFE0FE6600C5FDF9
003DFF40006E0067
FE9A007403E600D9
001BFE12FFB8FE8C
FFFC00CBFDA6034D
01D30216FF89FE5A
0005000A00540014
FFAFFF870194FF86
00CE00970117FECE
0008017300BEFE69
FE7600DAFF14FFC0
FE53FF0B013EFDFF
0000009500630072
FF8CFDBD00E30143
FE46014200BFFF56
00F6FFDA01AF01E1
FEFAFF4E007D0033
0006FF3FFEB6FFF7
00B80244FE95FF4D
009F002DFFAA01BE
003201DCFF2AFE9C
FFA400E3007500E5
005C0167FEDA0124
FF6000B2006F0090
01CFFFA6FED4FFF0
FF0300FCFF140035
00250044FFD400AE
FF0CFF43FE85FEFD
0097FEA4002600C9
018400B102440001
007B00960077FFB4
FFAFFF67005FFFB3
0044FE4C0063FDF5
0051FF7D00F10098
FE8C00AA0459004B
0057FE63FFACFE84
003B00D9FDE00346
019E0167FF5EFE23
FFC1002F004D0007
0008FF3601F1FF8A
008400A40169FF48
FFB500FB00A8FE1B
FE5A010EFEFB0023
FED4FF52010CFE2D
FFC700F6003200C2
FF95FDB60101012D
FE3300A800B0FFA8
008F0003019F0207
FF5CFF62009B0081
FFC3FF9BFEB8FFBE
01220190FEEBFF4C
00DB00D1001201CE
004101D6FF18FE5A
FFB2007200CF00AE
008201CAFEE6011F
FF900087006600D5
0182FFE3FE9DFFB9
FF4B00F2FF0900BB
FFA00026002B008C
FF57FF23FED1FF1D
00D3FF3D007C0094
01AB00E40246FFE6
005900B200F7FF6E
FFBE0060FFF8FFBE
008AFEE10058FE33
003EFFCC012800A2
FEE1008404390027
0024FE69002DFE77
007D006DFDC902C2
01770123FF30FE28
FFC10087005D00C1
0045FEEB020AFFC8
00D400A700FDFFB9
FFA90113011AFEBC
FE4900D7FF79FFF0
FF49FFF900EDFED1
FFC0011000290082
FFAFFE12015C00EE
FEE600320092FFE6
0043FFBE019F01E5
FF49FFC900E9000C
FFB3001FFEF7FF87
01450117FF25FF9E
01470151007501D7
000901B4FEECFE8C
FFC9005301600011
00720177FED70191
FFA1004500950097
01810018FECCFF7E
009F00EEFFC100F5
FF87005100A70025
FF73FF79FF31FF59
00E6FFBE00B70088
023201120189FFB0
005C001E00CFFF5D
FF9401540011FF98
00A2FEA6FFC0FE64
0037FFE40173007F
FEB30077040AFF6C
0015FEF6FFD4FE90
00D80043FE4D0287
015E010FFF75FE5D
FFA2006CFFF7007B
013AFF1E024C0042
00D800E400870008
FFA500AC011AFE8C
FE27013DFF7BFF92
FFAC0073000CFFBE
FF60015A00410162
0036FED10106004D
FF7AFFB4006CFFA7
FFD1FFA001250142
FFA2FFF00117FF97
FF970092FF66FF1F
01B20085FFA2000C
015401F60102015B
FFE1017BFE8AFE7B
FF7BFFFA01D0FF60
00970167FE5701CC
FF7C00AF006E0001
01240051FE9DFF92
009B0096002C018A
FFC700D400A5FFC1
FFE8FF89FFAFFF8E
014E006100A50072
0261011600CBFF8A
0000FFE3010DFF5C
FFE80253FFBBFF89
00E4FF01FFB3FF29
001B005E01710061
FF00005703A3FF45
FFFFFF240094FE6C
00F20033FE5001FE
00C900BEFF42FE70
FFAE0055005B00C1
01B7FF2C023600C2
006000E1005F0074
FF20004300A5FEF3
FE950176FF6AFFD2
007500F3FF8F007B
FF2C01CA00730196
00A4FF640148001E
FFD9FF7400630068
FF2FFFE200C800BD
FFAC004A0144FF40
FFCF00A1FFAAFF92
0184FFB1FFD8002F
01C9027101130140
FFE00137FE3CFE9A
FF72FFFC0209FF40
00910117FE6F01AD
FFDF00280073FF5D
00A90072FE97FEEB
0186009E00A301F8
FF1000A70100FFA4
0026FF7C002BFF8F
0191014600C2001F
02C000EA007AFF38
FFCDFF950102FF56
0006031DFFC2FF9A
00F9FF99FEF6FF7C
003700C4015A0014
FF8EFFFF031AFF2D
FFBBFF2B00BBFE8C
0114FFF5FE9B012A
00510073FF42FEBF
FFC2007E00310156
025EFF51021B0130
008400F5FFA60142
FEB4FFC6009DFF8E
FEBD0158FF76FFC5
011001AFFF2701AD
FEE101CB005501F3
010DFFF400DAFFAC
006EFF16002D00AD
FE94FFCE0079003E
FFBC0095013AFEDC
FFB2012C0069FF82
01A5FEE20058005A
01A60292012900E9
FF6B0073FE3EFECB
FFAEFFE60231FEDA
0074009BFE3B01D5
000B00090049FEE5
00540055FED3FED1
01C5005B01160271
FED7010C0120FFA5
0047FF3E0071FFDE
019D01D300910037
029A00D6FFD1FF62
FF7CFF250134FF1D
00240382FFEDFF60
01200002FEABFFC3
0045015B01A4FFCF
FF96FF940294FEE5
FFB9FFB6012DFEE1
00F2FF97FEFE0090
FFF5004FFF75FF36
FFDA0066004F0162
02CCFF70023701BD
00620104FEE5014B
FE77FF2B0057FFE1
FEF10191FF95FFE1
01ED01ECFEA40261
FE7A023F008501EB
010F00EA00CBFF76
00F0FEE4002E012C
FDEEFF69FFBCFFAC
FFBF00B10181FE9B
FF9A00EE009FFFEF
015DFE840086000F
01A7029A0112009F
FF300066FE2CFEF9
FF9700270255FE95
006B006EFE890188
0036FFE3FFF6FE99
00120082FF1DFE91
022F0013018A0275
FEF200A600B9FF3E
00A3FF3A00A60015
015E0217008C0067
022400C4FF4BFF82
FF50FF0B0176FF11
00AA03BAFFC4FFAA
017C0036FE3E003B
00270173017FFF83
0060FF5A01B7FEB3
0011FFF70138FFA1
0162FF47FEDFFFFA
FF7EFF7DFFF9FF7E
0042004A00260170
027FFFBD01FA0239
0015007BFEA00129
FE2CFEA3002400D5
FF8A017CFF89FFBF
02490216FE6E02F6
FE5A01C3006B019E
00B9016E00A0FF58
0172FE9FFFE80156
FDF4FFAFFFA6FF5B
FEF30100015DFEFD
FFE4011600F60046
010DFE0E00ABFFDA
01A2026000BA0042
FF040004FE37FF4E
FF8DFFB301E8FEEF
00E5FFB8FF480113
003FFF6DFFDBFE69
FFFF007DFF4EFE41
0282FF3501A2023D
FEF900AC00A0FEF5
0081FF47007E0049
012E0246009E006E
01BE0088FEABFF74
FF20FE62014BFF3E
0071039EFFDCFFD9
01B6005FFD7D0088
001D019400E1FFB3
0116FEF30143FEBF
000100A000EBFFCD
016FFF21FEBBFF11
FEE7FF10000F0056
00220025000F012A
022F001301D40273
FFBDFFCDFE4D00E6
FE5AFE1DFFF80153
FFC7012FFF94FFAD
024C022FFE650332
FEE701B7008301C7
0055018DFFFEFF5C
01F0FEDBFFBC0192
FD92FF99FF0DFF02
FE6400F200D3FF42
0011013A01110067
00C2FDF700A3FFAB
01BD022500770007
FF23FFAFFE5CFFC9
FFA7FFBC0143FEB9
00BCFF90FF4D00E4
007BFF86FF89FE6E
FFB60067FFB1FE74
0262FF3601760229
FF380074FFADFEC8
0051FF2900680098
0103025900B30073
0126004EFE93FFA6
FF22FEC500A7FF36
00FB02F8000C005A
0198007FFD4500D0
FFF801B50064FF53
012BFEDA0094FF10
FFDE007700E60095
00F2FF36FEE5FE86
FED4FF1B007F00BC
00D50080FFB10097
01CF00CA01590259
FFB1FF6FFE6200AB
FDFDFDDDFF5B01A8
006C0146FF79FFB3
027F01F8FE000354
FEED01BC00A001FB
002401BAFF82FF2D
01E7FEEDFF7C01B0
FE080014FED9FF0B
FD9200C300DAFFB8
005600CE012500C0
0027FE5600ACFF87
013500F50006FF98
FF51FF87FE7CFFAA
FFE7001B0091FF58
00D6FF34FFBB0064
008FFF6CFF20FE95
FF850020001DFF2D
0229FF4501B001E8
FF500022FF5FFE9A
005AFF27007800A9
00B50255005900B6
00DEFFC9FE960019
FF46FED00076FF5F
013C0218FFEA0070
018B009AFD470090
001F01A80081FF05
01E3FEB80020FF29
002B00BC008500E2
012FFF0AFED4FE72
FE99FED801060158
00C10016FFB40069
0127013B00E3027E
FF72FF53FE3F0032
FE37FDE0FEF601DE
008B0173FF36FFED
023A0195FE8E034C
FF2A0194006701A6
FF8A01BFFEAEFF2E
0215FF11FF13015D
FE42004CFEC7FED9
FCEF00E8010BFFE7
00A800DD0131010B
FFA2FE6E00AEFF42
00ED0082FFB4FF50
FF8CFF14FE81FFB0
FFD9004AFFC6FF95
009DFE950016FFF2
011AFF24FF10FEF1
FF8700000065FF59
01C3FF0301AA017D
FFA0FFF6FEBBFE84
FFFAFF6100350100
0099022800840096
FFF3FFB1FE7FFFF6
FF31FEF2FFF9FF72
011501B8FFE70157
01910049FD3E005C
0030010A0031FEE5
0258FF44FF80FF85
003100BF000F010E
0111FF2BFE83FE1B
FE6DFEC801360145
012F0042FFD1FFFC
00B3017400D90214
FF85FE5AFEADFF9D
FE3EFE04FEB001F1
00DB0157FF59FFBC
01B5013AFEAC02DB
FF7E013B00950191
FF42019AFE5CFF8E
0215FF38FEF00134
FE770066FEB7FF0B
FC68FFFE00B300C0
013C00D000DA013C
FF8BFED00082FEF3
00C1FFA1FF74FF27
FFEEFED7FEFDFFEB
FFDD0129FF5F0016
00C9FEA8003FFFAA
00CAFF4BFEF6FEFA
FF8BFFE400BCFFB7
0198FF25016A0187
FF7BFF77FE7BFE88
FFDFFF5FFFF30113
002A01C0003F00EE
FFC5FF46FE780053
FF7FFF41FF5AFF5C
011A00E80015011E
01380055FD800014
002D00F1FFF3FEDE
0241FF2EFFAEFFC2
FFD600ECFFD80101
00A4FF27FE5BFE0D
FE35FF2201AE0183
0179FFE6FF85FFA2
001701AB00B2021A
FF89FE58FEB2FEF9
FE34FE57FE9A0197
00B60138FF4FFFA2
013F00F5FEB6023E
FF9900E500620166
FED80135FE30FF9E
015AFFC1FF0800D3
FEB2009BFECFFF12
FC62001500AE0075
014B005E0092014A
FEFCFF220032FEB5
0081FF4BFED7FED9
FFEBFEF2FF4A0002
00010150FEF0002A
00A6FEE60093FF75
00D7FF7EFEB0FF83
FF90FFE901080037
0109FF3B0127010A
FFB5FF74FDF6FE91
FFA4FF81FFE60130
004A0136FFEA0119
FF79FF89FEB7005C
FF83FF6CFF3FFF71
012B0034004D0133
01290047FDD2003D
FFDB0094FFEEFEEA
0210FF97FF700045
005800B7FFC600FD
00B4FF8CFE9DFE5D
FE69FF2701950198
0150000CFF97FF50
FF9101AC007001C0
FFF5FE01FF29FED9
FEBEFE97FE5B016E
01040101FF2CFFBC
009A006DFEF601EE
FFC200AC00AA0134
FE7E00DCFDFCFFEA
01980037FF5A007A
FF4A005EFEEEFF5E
FC110019001F00B5
01320088002C016E
FEBDFF790012FE84
005EFE83FEBEFEF1
001CFEBCFF8D0030
FFC9015CFEB6008A
00DAFE7600A9FF49
0115FFAAFEC6FFBD
FF76FF7F0125006E
