FFFD00600000FFD8
0009FFF9FFE9FFD0
004200F2FFE6FFC0
024FFFFD000C0004
FFE2FFFFFFD70044
00180000FFE1005C
0004003DFFD00006
00B9000900060021
001800440033FFC2
00F0FFE70028FFC7
007700BC00000053
0029FFF3FFE90047
FFF5FFDFFFD2FFFD
0014024BFFD6FFEB
FFF60050FFEBFFCC
FFD4FFF3FFE8FFEF
0021FFC8FFE00000
0001FFF8FFFEFFEE
01B1FFCFFFD9FFBD
FFFBFFCA00120006
0007FFFB001AFFFE
012CFFC300110001
0077000D00070073
0004FFF0000100B5
00A5000000320046
0053FFF9FFD70041
01AAFFD600050080
FFE7000BFFF90000
004E0077FFED0014
0039FFE4FFE8002A
0050FFD1008C0077
0000FFFA0007FFE3
0024FFC1009AFFC1
00A00000001AFFC9
00B6005C0017FFBB
001800250039001B
FFE300B7FFE20022
00010018FFCE0000
001EFFECFFD80007
FFE2FFDDFFCB0079
00030035FFBCFFE7
FFFD00000069001F
FFD8005D00410014
00AB009FFFDC01B0
0126011CFFE10113
0074019EFFD5FFD7
00010094FFD10003
FFE6000500050068
FFEAFFE5001D0045
013DFFD3FFECFFE1
0054FFC20026FFE0
0088FFFBFFF5FFCD
FFD7FFB90000001B
000BFFB8FFE8000B
00B6FFE6002B001F
FFF501E9FFFEFFF6
FFF9001DFFF60042
0003006200040003
00CD00AE0006FFFF
FFFD009D00730027
00540017013E0002
002C0143FFF90031
FFF1FFF600110005
0000FFF0FFF3FFE5
0009004F0002FFDA
FFFFFFFCFFF7FFC8
002300E2FFFCFFC1
0250FFFB00170003
FFE00015FFD2001F
00310001FFD80060
0004002EFFD30005
00A7001600060025
001B00240043FFC2
0126FFE60021FFCC
008600CAFFFF0047
001AFFF2FFE5005D
FFF5FFD6FFD0FFF8
0018025BFFD6FFEE
FFF4005BFFE2FFCA
FFD8FFF4FFF6FFEA
002EFFCAFFE40001
0015FFF8FFF9FFEE
01C4FFD1FFDBFFBF
FFFEFFC900190004
00080002001CFFFF
013CFFF3001F0006
0082002100140062
0009FFFE000200ED
0092000A00360050
004C000DFFD90069
0166FFE90008009E
FFE70024FFF7FFFE
004E00C5FFE10015
0072FFFAFFF3001B
0052FFD300A5008D
000000040004FFE5
0017FFF9009DFFC0
00A9FFFD0030FFD0
00ACFFB30018FFBA
0016001E00230014
FFED00B9FFE70026
00020016FFCD0002
000EFFE8FFD1000D
FFE2FFE1FFCD0067
FFF7003EFFBBFFE6
FFFC00030058001A
FFD300510050000F
009B00BBFFD801A8
011B0124FFDC012A
007B01C8FFD8FFD7
000100A6FFD70004
FFE500050005007E
FFEBFFE300150048
013DFFD7FFECFFE2
004BFFC7001CFFEE
009FFFFDFFF5FFCC
FFD5FFB900000010
0009FFB8FFEAFFFD
00AFFFE70025FFFE
FFFE0222FFFAFFE6
FFE10032FFF50046
0004002F000AFFFD
00D4008A0004FFF9
FFFD009700770023
0068000501460019
00340136FFF6002A
FFEEFFF00011000C
0000FFF2FFECFFDE
00030055FFF8FFD3
00220002FFE9FFD2
0036011CFFE1FFBF
023DFFFA00100002
FFE20010FFDC003D
0028001AFFD30045
00040065FFD00002
00A900080007001F
000B0037003BFFC2
00E9FFEA0003FFD1
007100A20001001E
FFFFFFF1FFE80054
FFE5FFDAFFCFFFFF
00090247FFD4FFE1
FFF20057FFD8FFC8
FFD4FFF3FFE3FFE9
0036FFCCFFE40001
0015FFF500000006
0186FFCFFFFFFFF0
FFFCFFCB00140031
FFFDFFFB00240008
00D9FFBF00110004
007600060035006C
0004FFED000100B4
00960000002D004E
004AFFFFFFDB0050
0173FFEA000C0058
FFE60004FFF4FFFE
00660095FFF40013
004FFFF7FFEE0011
004CFFD2006C0083
0001000E0004FFF5
0036FFF900BEFFBE
00BF00150018FFC6
00CA00B3001BFFBE
0026003B003D000D
FFE80086FFDD0045
00000019FFCD0002
0018FFF4FFD1000C
FFDFFFDEFFD40061
FFF8003DFFBCFFEB
0001FFFF00970020
FFE1006E004E0016
00DF0097FFDB0179
01670157FFD2010F
006801E1FFD2FFD7
00020090FFC90008
FFE8000800030088
FFF4FFE10011002F
014BFFD2FFE6FFE0
0043FFC7002AFFE2
00950004FFFBFFCC
FFDBFFE4FFFD000A
000FFFCEFFCC0001
00BF0003000D001E
FFF4020EFFF6FFF6
FFE9004FFFE6004D
000C0025FFFD0006
00990068FFC9FFFB
FFFC00980039003C
003C001601480005
00420137FFF8001F
FFE9FFF9000B0007
00010000FFF1FFDD
00000058FFF3FFD9
0008FFF90005FFD0
005700D9FFFEFFBD
0280FFFA000E0003
FFDE001CFFD3002F
00220013FFD90064
0004005BFFD30005
00A800140003001A
00170033002EFFC2
0112FFE90022FFC6
0080009E00000039
0019FFEEFFE90056
FFF3FFD2FFD00008
000E0253FFE20000
FFF3005EFFE3FFEF
FFD6FFF1FFF8FFF0
0028FFCDFFE70003
000FFFF2FFF9FFE4
01C8FFCDFFDEFFBE
FFFBFFCB0011000B
0002FFF9001BFFFF
012CFFC000160001
006B0006003F005C
0007FFEF000100A3
0082FFFF0033004B
0063FFF9FFDC0056
0171FFDB0004007A
FFE4000BFFF8FFFB
004400B6FFEB000D
0051FFEFFFF30019
0052FFD200970077
000000070007FFF6
0021FFF900B0FFBF
00BA00020034FFC3
009E008D0018FFB9
0005002A00380019
FFF500B2FFE7002D
00020017FFCF0003
0017FFF1FFD40006
FFE1FFDFFFD90067
00030031FFBCFFE6
FFFFFFFF00730024
FFD90042004E000B
00B200AEFFDA01BB
01320133FFD80126
008E01B4FFCDFFD8
0001008EFFD50008
FFE700050004006E
FFE7FFE600210037
014DFFD9FFF1FFE6
005CFFC8002BFFED
009E0002FFF3FFCC
FFD8FFE300000013
0006FFCEFFEA0012
00C3FFFE001B0026
FFF20259FFFCFFF7
FFE50064FFF10046
000F004700050004
00AD00A20005FFFC
FFFE00BD0078002C
005A001D0151FFF9
00260138FFF6000A
FFF0FFEC000DFFFA
0000FFF3FFF2FFD6
00010053FFF3FFD4
0004FFFD0001FFD2
006000E8FFFAFFBC
0261FFF900130003
FFE2000AFFD6001F
00260014FFEE0042
0004005AFFD70004
00B7000A00070022
001D0030002EFFC1
00FAFFEB0017FFC7
008A008F00000036
FFFFFFEFFFE9005A
FFF3FFDDFFD0003A
00080291FFD5FFF6
FFED005FFFDCFFDC
FFD2FFF3FFEAFFF4
0030FFCCFFEF0004
0013FFF70004FFE9
01B3FFCEFFF3FFC2
FFFEFFCD000B0005
0003FFF50024FFFE
0141FFC2001AFFF4
0073000D00330040
0009FFEF000200D0
00B90001003B0063
0065FFF2FFD9006A
0194FFF5000800A3
FFE5FFFFFFF60000
006600D3FFE50013
003FFFE9FFFC001A
005BFFCD008600A3
000000090006FFEF
001EFFF800AEFFBF
00BD0010001AFFC2
00B000AB0018FFB9
0009004E00340010
FFE00095FFDE0022
FFFF0019FFCD0002
FFCDFFEEFFD40010
FFCAFFE3FFD50075
00010038FFBCFFE9
FFFAFFFF007B001A
FFD50051004C002C
00B500AAFFD8016B
013C013DFFE10138
006F01DFFFD8FFD7
000200C0FFD00008
FFE7000600060089
FFEDFFDC0016004C
0164FFE1FFEBFFE3
0065FFC90020FFEB
00750009FFF6FFCD
FFD7FFE3FFFE0010
0009FFCCFFCB0011
00BD000000140016
FFFB022BFFF6FFF6
FFE3002DFFEA0052
00080020FFF00005
00E10085FFE8FFFC
FFFE00AE00540033
0066000F01330010
003E0130FFF50040
FFEEFFF30010000D
FFFFFFF4FFFAFFDD
00070048FFF2FFE8
000BFFFFFFF2FFC9
004600D5FFFAFFBD
025BFFFB00110003
FFE00013FFD4002B
002F0014FFCD0050
00660061FFD00002
010400200004001A
001B00340031FFC7
0124FFE60002FFC5
008A00D3FFF00059
0022FFF3FFD50062
FFEFFFD6FFC7FFFA
00030284FFD5FFF2
FFF10037FFECFFC9
FFD0FFF1FFEBFFDE
002EFFD0FFCF0001
000DFFF40002FFEC
01A3FFCDFFEFFFBD
FFFDFFCA00160008
0002FFEE0022FFFE
0131FFC20006FFF2
00820008000F0064
0008FFEC000100CA
007000000030004F
00C1FFF8FFD30057
015DFFDF000100C0
FFE8FFF4FFF10002
00540085FFEF0008
0044FFFBFFE30015
0048FFD4008C00B9
FFFF00080007FFF6
0014FFF900A9FFBE
00C700030033FFC0
00B500930019FFBB
00160035002B001D
FFE100AEFFE60024
00070018FFCE0002
000DFFF1FFD4001D
FFE1FFE1FFDF0063
FFF40024FFBBFFE3
0006FFFF007C0025
FFE1007800390004
00AD008EFFD6017F
01400111FFE60123
00B801E4FFCDFFD9
0001007BFFD50005
FFE7000A00090076
FFF2FFF200200053
0143FFCCFFE6FFE4
0065FFC3001FFFEC
00C50013FFF9FFCB
FFD4FFDFFFFC0012
0005FFCDFFCC0013
0099FFFF00080043
000002420026FFF9
FFEB00370021004F
0005001CFFF80003
00D40068FFD3FFFA
FFF800B600530024
00670017012B0008
003A012BFFF3005E
FFEDFFEE000C000C
0000FFF1FFEDFFE0
00080080FFFEFFD7
0000FFFC000BFFCD
002D00E8FFFAFFBD
0256FFFF00130001
FFDF0022FFDC004C
00360000FFCC0051
00030022FFD00006
00A00008000B0018
000900580036FFC2
00F0FFE70008FFCD
0065008800000032
0023FFEFFFE9004B
FFF5FFD4FFCF000B
00190234FFD60000
FFF60049FFE0FFF1
FFD3FFF1FFE4FFF6
002AFFD0FFE0FFFE
0014FFFB0007FFF6
01AAFFCEFFF7FFBC
FFF7FFCB00280007
0003FFDF0024FFFE
0110FFC00018FFE5
008C000800330066
0002FFF1000100AE
008F000000400092
00640003FFD80062
0174FFF6000600CA
FFE3004EFFF9FFFF
005B007CFFEE001A
0067FFFBFFF50013
004FFFD0006800AE
FFFD00040003FFFC
002FFFF9008DFFBF
00CA00050035FFCA
00A500860017FFBB
000E002700330012
FFEB00B5FFE70026
00020017FFCE0001
001BFFE3FFD60005
FFE1FFE5FFCE007A
FFF40032FFBCFFE7
FFF300010079001C
FFCD006F00500005
00BD00ACFFD901C5
014C017DFFDA00EA
007101D4FFCAFFD6
00020084FFD00007
FFE800070004007D
FFDFFFEA0015004D
0147FFD0FFEBFFE4
005BFFC30034FFE6
0088FFF3FFFAFFCF
FFD7FFB900010014
000FFFB8FFED0008
00BBFFE400180026
FFF602240003FFF8
FFEE005700630046
000E0029000C0007
00E1009E0017FFFD
FFFC008B00970030
002B002E01290002
002B015FFFF7003E
FFF8FFF6000B0004
0000FFE9FFE6FFE3
FFFE0068FFF4FFD8
FFF8FFFFFFE9FFD0
000800E5FFF0FFBD
0253FFF600070004
FFDF0033FFDC002C
00220013FFDA0053
0002005CFFD80002
009A000EFFFE0010
000B00500015FFC1
0117FFE6000DFFCF
006300A6FFFB0045
002AFFF2FFE0004D
FFF3FFE2FFCAFFFB
0015020EFFE0FFEF
FFF4005AFFDAFFCA
FFD6FFF1FFEFFFF2
0036FFCBFFE8FFFF
000BFFF70002FFF3
01CCFFCEFFF3FFC0
FFF7FFC800210007
0002FFE70023FFFE
0141FFC10017FFFB
0070000500340052
0006FFEE000200D2
006D0000003A005E
0051FFE6FFD50069
0198FFD5000300BE
FFE70007FFF80002
005800A0FFF90014
0054FFFBFFEE0020
003BFFD700AA009B
000100080004FFDD
002DFFF800A0FFC0
00BE0001004DFFCB
00AD00740018FFBE
001F003300240007
FFDB009BFFE40024
00020014FFCE0004
001AFFECFFD2FFFC
FFE5FFE3FFCC003F
0001002BFFBCFFE4
0000000500600028
FFD90046003C0012
00C800B1FFDB018E
0150013EFFDF012D
00A2020DFFD0FFD7
0002007EFFD00003
FFE9000800040076
FFEAFFEB001B003A
014BFFD3FFF5FFE2
0044FFCB0023FFE9
00970007FFF0FFCA
FFD6FFE3FFFD001B
000AFFCEFFCC001A
00A2FFFF0016001B
000702330009FFF7
000200410065004A
00190038FFFE0006
00E800A9FFDAFFFC
FFFE00BD0044002A
003D000A0100FFFE
002E0128FFF5000E
FFF1FFF1000CFFFD
FFFFFFDFFFE9FFD9
FFFE006EFFF7FFD7
0004FFF8FFE0FFD7
003300F8FFE5FFBE
0261FFF700050007
FFE10012FFD4002F
00230016FFD6005F
00040073FFCC0004
008E001AFFE6001F
002B0066000FFFC2
00EBFFE8000EFFCD
006400A9FFFC0038
0034FFF2FFE1003A
FFF0FFD9FFCD0002
00150233FFE30000
FFF0006DFFE8FFEB
FFD4FFF3FFF8FFEE
0017FFCAFFDFFFF6
000AFFFBFFF6FFF5
01C0FFCFFFD5FFBB
FFF7FFCE001E0004
0001FFF00016FFFF
00F2FFC00001FFF6
007B000500160067
0000FFED000000A2
0088FFFF002A005C
0068FFF0FFD40060
01A5FFD800030092
FFE70015FFF40001
004C0095FFED000A
0018FFF4FFE30017
004EFFCD00A9008F
000200000009FFE5
001CFFF700A9FFBF
00A3000A0025FFC9
00A200830017FFBA
000E000C00330010
FFE1009FFFE00030
00010019FFCE0006
001DFFEEFFD60007
FFE2FFE0FFCA005F
00080026FFBDFFE9
FFF9000000660023
FFD80055004A000C
009A00A4FFDC0197
01140123FFDC012A
008701E4FFCEFFD8
0001007BFFD30007
FFE8000C0005005C
FFF5FFED0024003F
0134FFD1FFE3FFE0
004EFFC70023FFE5
00990010FFF7FFCB
FFD6FFE3FFFF001C
0008FFD0FFCD0021
00BC000000140023
FFFE021B0009FFF8
FFF70039004C0033
0008005D004A0003
00B3009DFFF7FFFD
FFFC0095006B001F
004200130124FFEC
00100123FFF50010
FFF5FFF000100000
0000FFF3FFECFFDA
FFFE0067FFF2FFD5
0004FFFBFFE4FFD1
004500F1FFF8FFBC
025CFFFD00060004
FFE30015FFCD001E
001F000BFFE90031
0004004AFFCE0003
00A0001300060016
001700460043FFC1
0119FFEA0032FFCD
006100AB00020039
0002FFF2FFE9005F
FFF0FFE2FFCF0001
0012026AFFD70000
FFF50057FFE7FFEE
FFD3FFF3FFF0FFF8
003EFFC9FFE5FFF3
0004FFF40002000D
01EDFFCCFFF5FFED
0000FFC9000F001A
FFFF000200240004
00EDFFF3001E0009
006D002F002A0047
000CFFFF000300D0
00B200030045003A
005CFFFFFFD60043
0193FFE4000E0094
FFE6000CFFF9FFFE
006500C1FFE8000F
0034FFEDFFE8001F
0071FFD500920093
0077000D0005FFE1
0026FFF80095FFBF
00AF000B0028FFC9
00B6008F0018FFBA
001E0038003A0012
FFE3009CFFE1003A
00010019FFCD0001
001BFFF4FFD5000A
FFE0FFE1FFD6006D
0004003AFFBCFFE8
FFFEFFFD008A0020
FFCD00660038001C
009B0088FFD901A4
01180114FFD70129
005901AAFFDCFFD8
0000008AFFD50005
FFE500080007008F
FFE5FFD60019005A
0146FFE4FFE2FFE1
0056FFCB0023FFEB
0084000DFFF2FFCD
FFD8FFE200000010
000FFFCDFFE9000E
00B9FFFC001E001D
FFFB0224FFF7FFF6
FFE50030FFF30047
000B002AFFFA0002
00C90074FFCBFFFA
FFFF00900046003A
006600030115FFFF
00450123FFF4000C
FFEEFFF7000FFFFB
0000FFEEFFF0FFD4
000200530001FFD8
FFFCFFFF0008FFD5
001D00F5FFF4FFC0
0264FFF900200001
FFDF0012FFD7002F
002E0006FFD90061
00060064FFD70004
00A8001400030018
00120048002BFFC5
00FBFFE9002CFFC9
007E00BF0000002E
0024FFEEFFE7005B
FFF5FFD4FFD1FFFF
00170243FFD7FFEE
FFF50049FFE3FFC9
FFD4FFF1FFF0FFF8
0024FFCAFFE10000
0009FFF8FFC0FFEC
0185FFCEFFEDFFBD
FFFBFFCC001C000C
0004FFE7001EFFFF
0129FFC40011FFF9
007B00050015005C
0002FFEE000100AD
009CFFFF0030006D
0081FFF9FFD8004B
0182FFDF0003008B
FFE40002FFF9FFFE
005F0086FFED0014
003EFFEDFFF00017
0063FFCF00760086
000100070006FFEA
0017FFF8008CFFC0
00A800020031FFC7
00C80095001AFFBB
000E003600360015
FFF200BAFFE50019
00010019FFCD0001
001AFFEFFFD4000E
FFE1FFE3FFD80069
FFFC003CFFBCFFE9
00020001006E001C
FFDF003F00360015
00BE00B9FFDA01BD
0148014BFFDF0114
007701C4FFCCFFD4
00010096FFD20002
FFE7000300020076
FFE8FFE2001A004C
013BFFD2FFEAFFE1
0067FFC30029FFE3
007CFFFEFFF4FFCC
FFD7FFB800000011
000DFFB8FFE9FFFA
00B5FFE900210000
0002021AFFFAFFE6
0004003EFFF80044
0012003FFFFCFFFE
00E80096FFC9FFFD
FFFE0084003F0019
003200150121000A
00200146FFF60040
FFEEFFF90010000A
0000FFFBFFEBFFE1
00030061FFEDFFD6
00080002FFE5FFCE
00510121FFEAFFBD
0256FFFC000A0002
FFDF000FFFD20022
001C0011FFDF0035
00050045FFDB0002
00A50019000A002A
000A00450028FFC2
00FDFFE7001BFFC4
006D0096FFFF0035
000EFFEFFFEA005A
FFF0FFEBFFD1FFFB
0015024DFFD6FFEA
FFF40060FFD6FFCA
FFD5FFF3FFEEFFFB
003EFFCCFFE70000
000DFFF500020001
0199FFCEFFF2FFD7
FFFBFFCA0008000F
0004FFE200240003
010AFFC2000DFFEA
0095000900170064
0006FFEF000100A5
00A70000003A0062
006EFFF3FFCF006E
0196FFE6000200AD
FFE6FFFEFFF60003
00670096FFEE0011
0023FFEEFFE60008
0063FFD00081009A
FFFF00090007FFE6
0035FFF6007FFFBF
00C600190028FFC4
00B3009A0019FFBC
000E001D00390013
FFEA00A1FFE0003C
00010017FFCD0002
0018FFF0FFD20007
FFE1FFE4FFC90061
FFFE0024FFBCFFEA
FFF40001007B0017
FFC20065003C0019
00B80095FFD801A0
01270135FFD80146
007E021CFFDAFFD8
0003007CFFDC0009
FFE8000C00050096
FFECFFDC00170051
013FFFCFFFE6FFE2
0065FFC60036FFE9
00A60014FFFCFFCD
FFD8FFE40000000F
000AFFCEFFEB000D
00D30001001C000A
FFFD0245FFFDFFF7
FFEC003FFFF80055
00070020000A0006
00D7007E0006FFFC
FFFD00A900660031
0046000A013E0002
0026013AFFF30030
FFECFFF2000B000B
0000FFF3FFE9FFE0
00050055FFF7FFD9
00060002FFE4FFE1
002701A1FFFCFFC2
0217FFFB00050006
FFE00037FFD70014
00230045FFDA005B
00060053FFDA0000
00A000160001002C
FFF700490024FFC2
00C0FFEC0000FFE4
00750057FFF90019
0030FFEDFFD60042
FFF3FFDAFFC50030
000C0219FFE10001
FFFC007AFFC8FFEB
FFD4FFF0FFF0FFF7
0044FFCEFFDC0002
001CFFF6FFF70004
01ACFFD0FFE4FFEF
FFFAFFCC0018002A
0002FFED0017000A
00F6FFC4FFFBFFF5
008A0007001600AF
000CFFF2FFF70099
00A90002000C003D
0063FFE4FFD10050
01A8FFE40003005A
FFE3FFFBFFF70001
005B00A5FFEA0012
0060FFF6FFE60015
006AFFCF00AC0095
000400070006FFD0
001AFFF800B9FFBF
00EA00110045FFC9
00C7008E001AFFBB
000E0013003C001A
FFD4006BFFE10040
FF8D0015FFD00004
FFF9FFEDFFD70002
FFDBFFE4FFCA002F
0003001BFFBEFFED
00040000009D0021
FFE700650033001B
00F000AAFFDA018A
017D016FFFD30113
009D0223FFD6FFD5
00070098FFD4000B
FFEF000D00060064
FFF2FFEC000E0042
012FFFD2FFE9FFDC
0066FFC90042FFE3
0097001FFFEDFFC9
FFD9FFE3FFF20003
000BFFCFFFCD0040
00AA000300180016
FFF902080004FFFA
FFDA005800500080
000B002DFFFA0007
00C60077FFDCFFFB
FFFB00D2004E0046
003400200109001E
002300F8FFF10039
FFE6FFFB0005000B
0001FFDDFFF3FFE0
000F00740005FFD8
0004FFFC0003FFD0
006700D00046FFC7
02A1FFFC0026FFFF
FFDB0021FFD10004
00250006FFDC0061
0005007DFFD60000
007F0016FFFC0019
00050074000DFFC4
00F2FFEE0033FFD1
00540073FFF6000D
0012FFE7FFE1003F
FFFBFFDBFFCBFFFD
000601DBFFD7FFF7
FFF90085FFD8FFCB
FFD2FFECFFF10000
0026FFD0FFEA000A
0004FFF9FFF4FFF2
018BFFCBFFD8FFCB
FFF9FFC800200007
0003FFE10019FFFE
011AFFCD0016FFFA
007700070059007B
0002FFEFFFFF0067
008AFFFF003300B8
007AFFF0FFDF0054
0183FFF600090064
FFE20024FFFEFFF9
00330060000A0009
0029FFF500050012
005EFFCA00D70057
FFFF00070006FFFE
0038FFFB0094FFC1
00AEFFF50042FFBD
00F4FFAF001BFFBB
0012001B00210025
FFF50096FFE60034
00020017FFD2000A
0024FFECFFDB0015
FFE4FFE2FFCA0074
FFEE0032FFBFFFEE
FFF700050053000F
FFC400230045FFFE
00D600A0FFDC0160
016501A5FFDB00F9
006701E4FFC9FFD6
00000052FFD90004
FFE8000A0003006B
FFDFFFEA0015003A
0102FFD4FFEAFFDC
007BFFC10041FFEC
00C3000EFFE9FFCA
FFD9FFE8FFFD0006
0014FFCDFFC8001D
00C9FFFA00140021
FFFC0226FFF6FFFB
FFE6005EFFE70038
00040037FFFF0006
00B80083FFC8FFFB
FFFA00DB003B001A
002F00490133FFED
003A0130FFF8000B
FFFCFFED000BFFFE
0001FFFDFFEDFFE0
001D007B0020FFD4
FFFDFFFB000DFFCB
006000B30090FFD0
024900040043FFF5
FFDB0009FFD0FFE1
0027002AFFDC0011
00060083FFDA0004
0084001600090021
FFFC00800025FFC3
00A8FFF50097FFE5
0065005FFFFBFFFD
0021FFE0FFE8FFCB
0005FFE5FFCF0001
001401E5FFDB0002
0003006EFFEB000E
FFE5FFE6FFF1000C
0041FFDCFFEF001B
0001FFF4FFFAFFE1
017FFFCAFFDFFFDA
FFFCFFC400200002
0012FFD0001BFFFD
012CFFCA0013FFFC
00420013004600A4
00ADFFF8FFFA0035
00840005002B00DA
004FFFF2FFEC0040
012CFFF8000E002E
FFDF00270036FFF6
0011002F00390007
0015FFF900130018
0094FFCD011D002B
0004001200020011
003CFFFC0063001E
00DEFFEC005DFFD2
0128FFB20018FFC7
0014001600340053
FFFF00AAFFEA002D
00070011FFD20009
002DFFEFFFD90005
FFEAFFE1FFC50082
FFF10025FFBEFFF1
FFF3FFFF003C0014
FFC500100045FFF6
00F700A1FFE10180
015101AEFFD500CD
007B019FFFC7FFD7
FFFD005DFFE2000A
FFE5000800010061
FFE7FFDE0017002C
00E2FFE6FFE8FFDC
00C8FFC10073FFEF
00C4000EFFEDFFC8
FFDEFFE7FFFAFFF8
0010FFCEFFC9002E
00DCFFEB002D0030
FFF90222FFF7FFF8
FFE5006AFFF50059
FFEE001B000A0006
005E0073000AFFFE
FFEE00E300640012
003F0044012DFFEB
005B0143FFFCFFFF
0001FFE9000CFFD0
0014FFFCFFE5FFD1
0049007E0038FFD6
FFFFFFFD001DFFC5
00AD00950110FFD2
021600230063FFE8
FFF10005FFD0FFCF
002C0023FFD90009
0000008FFFDDFFFF
0063001600070006
FFFC00A10005FFC1
0091002D00BF0002
005A0076FFF5FFE3
001AFFE1FFE7FFF4
00100007FFCEFFFF
001401CCFFD40002
00010059FFFAFFF6
0007FFE3FFFC0011
0033000100000022
00010086FFFFFFE0
012FFFD8FFDDFFF1
FFFFFFCE0015FFFC
001FFFCD001A0000
010FFFDD000CFFFF
0039001500660098
0004FFF9FFF70001
0067000A0026011E
004D0003FFFB003E
00D7001800240019
FFE8010B004AFFED
0002FFFE005F0005
001D000B0014001B
0090FFFC01370002
0007002C0014003C
006C000200880018
00B5FFE3004DFFD3
00EAFFC5001CFFC9
0003FFFC0023005F
001D0053FFF0001A
003A0001FFD50008
0059FFEAFFD90023
0002FFD8FFC300C3
FFF2001CFFD2FFF6
FFE30001001C0000
FFC4FFF50047FFF2
01030019FFE40181
014B01AAFFD40047
00410119FFC6FFD9
FFF60034FFDB0014
FFE0000800010051
FFDEFFE000110021
0081FFF8FFEEFFDD
0113FFBF0087FFF1
00E5FFFCFFEDFFC6
FFEFFFBA0004FFF1
0002FFBEFFEF0035
00CDFFA9003D0044
FFFB01D8FFF7FFFF
FFEA0079FFFF0049
FFE5001000150004
00530079000E0006
FFF200FA006B0019
00340069010DFFEE
005B0120FFFFFFF6
0043FFEB0007FFCF
0009FFFDFFE7FFDB
007500A20077FFD5
0002FFFE0040FFC7
019100330158FFEA
021600380074FFD4
00970009FFD6FFD4
00570048FFC60014
001A00AEFFDBFFFD
00B7001300040004
FFF9009B0020FFC5
003C00180099FFF1
00590072FFE7FFBE
0008FFE5FFDBFFD3
00590006FFCA0005
00000172FFD30029
FFFD0041FFF8000D
FFE1FFE1FFFFFFFB
FFF60017000B000A
FFFD003A000BFFCC
00B9FFD70004FFF6
FFF9FFD20004FFED
0015FFC900290000
00E6FFFF003F001D
003B0003009700BA
00060004FFF5FFDC
005D0027001C001C
0043001A003E002B
0049002C003AFFE8
FFEF011B0097FFC6
FFF9FFFA01240000
0031001D001F000B
008A00010111FFDB
000500560041007D
006E000B00B7000D
009DFFEB0073FFD3
00E0FFF0001FFFCA
001A0029002B0094
009F00C2FFF8001A
00750014FFD7000C
0077FFF0FFD7003A
0006FFD1FFCA010D
FFE70040FFE3FFF8
FFE600030005FFF8
FFC8FFD80040FFCD
01080018FFEE0143
014C01C5FFD3FFFA
002100E4FFC8FFC1
FFEF0015FFD6FFFC
FFE10002FFF80034
FFE7FFEBFFE60009
00480010FFF9FFDB
00FAFFF4007EFFFD
0100FFE9FFF4FFC4
FFFDFFBF0003FFEA
0005FFBBFFEB003F
00D5FF88004B0042
FFDC0156FFE80018
FFE70094FFFD003D
FFE500110040001A
002F006B000D0046
FFEF00F600670006
002800BD00F2FFE8
009000F30000FFE9
008BFFEF0006FFCF
00130007FFECFFDE
00D200760075FFD6
000D0000003FFFC6
01CBFFF20184FFED
015000020066FFC1
0148000CFFE0FFCA
00880094FFC9000E
001200CEFFE3FFFF
007B000BFFF70002
FFFF0089FFEBFFD9
00190032FFDD0008
00410030FFD4FFDC
FFF8FFEBFFC9FFF6
003CFFFDFFCF001A
FFFE0053FFD40029
FFF9001BFFF9000F
FFE4FFDFFFF3FFF1
FFDF005300020009
FFFE0002FFFDFFD0
0070FFDCFFEA0003
FFF8FFDCFFF10035
000FFFCDFFBEFFFF
005400000008003A
0015FFEA007400B5
0000FFCFFFEEFFDA
000EFFD2000A0044
001E002000690037
000100430025FFE0
003A00B6008CFFC3
FFF500010193FF69
003C0056001A0000
008A000200ECFFD7
FFF50067005F00B0
0067002800AA0008
0085FFEB0041FFD6
00A0FFEC0021FFCC
000D0004002A008A
00A5005EFFEB000C
00680014FFD3000E
003A000DFFCE002B
0002000BFFC80113
FFE700380000FFFF
FFE60003FFF8FFF0
FFC1FFDA0022FFCA
00C00017FFF400D7
00D201C1FFCFFFE6
FFFF00BBFFC7FFC4
FFCD0000FFD0000F
FFEFFFE5FFE5001E
0012FFF4FFF8000C
0027000F0001FFDF
010DFFF300E40002
011CFFF1FFFDFFDC
0021FFC0FFFCFFF8
FFFDFFD0FFF10059
0056FF9E002E001E
FFD6010EFFE3001A
FFED009DFFF60016
FFE9003000590009
0019006500050056
FFF000FD00590012
003F00DF00B7FFE4
005A0094FFFFFFE2
00CDFFF60004FFCF
003C0005FFEDFFDC
011200580075FFDB
001E00020076FFCE
0210FFE101080007
009C00000072FFF0
01E3000CFFF7FFEB
007100E0FFCA000E
000A00FFFFF3FFF8
00500008FFE10012
FFF70062FFD10003
FFD9003EFFF6001B
FFE3FFFFFFDAFFED
000AFFDCFFC9FFF7
0095FFFCFFCF0028
0011002DFFD70025
0013FFF6FFFD0001
000FFFD7FFF6FFE9
FFD3005300000007
0003FFFD0013FFDB
0046FFD000030004
FFFBFFE7FFF80024
0020FFC7FFEAFFFF
002B00000024002F
000FFFE9003B00C5
000AFFE1FFF2FFDF
0015FFC900140044
001E00350093001C
0008006D0015FFE3
00680057006AFFC2
FFF70006016BFFE7
0039001E0019FFFA
00A7000B0076FFCE
FFF20082005500C8
004A002F00B50008
0074FFF00021FFDF
006AFFEF001DFFD1
00330018004300AE
00F9004BFFED003C
00260013FFD30005
00230000FFC80021
0002FFDAFFC7015F
FFEC001800020006
FFE6FFF7FFE7FFEA
FFC5FFD00024FFC9
00B9000900050070
00E5017EFFFBFFE0
FFF8006FFFE2FFCC
FFCD0003FFD60027
FFDB0000FFCF0009
0021FFF4FFF8000D
0001001DFFF7FFE4
00BDFFF900810000
00C2FFDF0031FFE7
0079FFC5FFFDFFFE
FFFCFFC900210091
0050FFB3003B003A
FFC90041FFE60051
FFDD0097FFE5FFFD
FFE1000E006EFFED
0017002F00000028
FFF400CE00210001
002000D5005EFFDC
005F0036FFFEFFE6
00D1FFFEFFFBFFD5
0088000CFFE2FFE0
010B002E0070FFD5
00050002007CFFD6
01E9FFE300CC000C
0001FFF50051FFED
0203002B001AFFEE
00690151000A0009
000400F3FFF6FFFB
0036000EFFD7002F
FFF8003FFFCF004F
FFCE002000080020
FFE80003FFE6FFF4
0003FFFDFFCA0002
0035FFEEFFFD00BE
000F0025FFF0001F
000EFFF7FFE00017
000EFFE0FFD30006
FFD10083FFD1FFE3
000AFFFEFFFDFFF9
0026FFD7FFFCFFFF
FFF5FFE6FFE1001C
001EFFC9FFD3000D
FFED000300100053
0006FFE1002C00D0
FFFF0004FFF0FFE9
FFFD003300060036
FFFD003E007F0009
FFDE00A9000AFFE7
00900007FFFFFFC2
000200060073FFD4
002D0033FFF40000
00D8000B0047FFD1
FFF800AB001A00CF
0046002200D40008
0067002C0020FFF6
005500860010FFD4
001E00320052009B
0153000AFFE10069
0000001BFFD60003
FFF20013FFC5FFFB
FFF70001FFC800C0
FFE1001300050003
FFEAFFF7FFE4FFDD
FFBBFFE40029FFC8
00590005003E0017
00740115FFF5FFDC
FFF70067FFE3FFF7
FFD00005FFD8002C
FFCE0001FFCBFFFF
004CFFFBFFDB000E
FFF00017FFE9FFE0
005DFFF8007B0004
0096FFE4003A0008
00D1FFD100010003
0000FFEA00C800F9
0035FFDD0050000A
FFCDFFFFFFF00054
FFDC0021FFE4FFF9
FFF100100041FFF3
00010022FFF70005
FFF400B90021FFFA
001F00810021FFD7
0031FFFEFFF7FFF9
0096000FFFFAFFE2
00EF0011FFDAFFE7
00E9FFFB0049FFD8
FFFFFFF80079FFD6
0152FFD0006F002E
FFEBFFDB0093FFE7
01230035000C0006
0066013B000F0006
FFFA0086FFF00003
003E0012FFD00081
0015FFF2FFD1006E
FFF4FFE00003FFFF
000E0026FFFFFFDC
0009FFFDFFD1FFFF
0010FFCBFFEE0077
00600058FFF4000A
0012FFF0FFCB0015
0004FFF4FFC40013
FFD2006CFFC1FFE7
0008FFFEFFF10023
0014FFDDFFF90007
FFF4FFD5FFDC0023
001CFFD0FFD60018
FFE7000100150053
0005FFE200020101
FFFF002AFFFBFFE7
FFEF003900020021
FFF6004B008A0019
FFDB010B0011FFE5
008B000EFFF7FFBF
002CFFEA004DFFCC
00170030FFF00000
00C20001002FFFD0
FFFE0095FFFE0114
003A0001005D0004
004A0071FFF20016
003600C3FFE7000D
00440050FFFD00B9
01DBFFFEFFD20052
0001FFE7FFE70007
FFED0014FFCFFFF2
FFF4FFF7FFC500D4
FFED00280007000D
FFEEFFF4FFE1FFDB
FFBDFFEA0040FFCB
001C00010059FFFE
005800C5FFF0FFD9
FFFC008AFFE10011
FFD4002CFFE60012
FFC80005FFCB0012
00380006FFC30048
FFE70017FFE1FFF6
001D00080053000E
009EFFE700600025
0103FFD1FFFB0004
0007000000DF00C3
0014005F00550017
FFD1FFF8FFF1003A
FFCF0025FFDDFFFB
FFF5FFFE002BFFFD
FFEC0006FFEF0003
FFC1004B001AFFF3
001300390047FFD0
FFFCFFFAFFF40001
0020003DFFF3FFF1
00F20018FFD4FFE5
00BAFFEF0035FFDA
FFFAFFFF007CFFDC
0114FFDA0012001E
FFE6FFE4006AFFE4
00B6004C003FFFFA
005D01800010FFEB
FFF6002FFFF0FFF6
004C0017FFCE001D
0024FFEBFFD30093
FFEFFFE600030014
00100004FFF6FFF3
000A0021FFD20016
0003FFDBFFEE00EC
005C0084000CFFFE
000EFFEDFFFB0010
00000000FFECFFFF
FFD100B9FFDBFFD8
FFFF001100020065
0009FFEE0040001B
FFFAFFDC0001003F
0012FFD3FFF6000E
FFE7FFF500350052
000EFFC2FFFE00BD
FFFA0008FFFBFFE2
FFDE002BFFE60005
FFF30029002E0008
FFDA00F40003FFE3
0054001AFFEFFFC0
0061FFF8002AFFC2
000E0021FFF0FFEF
009E00000034FFBC
000100CCFFFE00F0
00180006005A0002
004500ABFFFC006F
001D00A700050011
00570082002C0072
01B1FFFDFFD70074
0005FFE7FFFF0006
00100011FFD5FFF0
0008FFF4FFD1007D
FFFC003500030012
000CFFF2FFD8FFD9
FFF2FFE4003EFFC7
000600000065FFF6
00660054FFEAFFD0
FFFF0084FFE9001B
FFD80047FFEF0001
FFC80004FFD60002
0046FFFEFFBE0066
FFE80008FFE2FFF5
FFFEFFEF00360021
0049FFE600810053
00CFFFD5FFFD0006
00010007010F00E9
FFF4003A00630002
FFC6FFF3FFF3002D
FFC2001AFFE0FFF9
FFFEFFEF00130007
FFE80004FFE7FFF7
FFD50021FFF9FFDA
001500040008FFCD
FFF8FFE4FFE5FFFA
000D004DFFF6FFEE
010BFFFCFFC9FFE4
00B2FFD4002DFFDA
FFF7FFF2006AFFDC
00E7FFD2FFF3000E
FFE2FFCD004AFFE8
0071003500370015
0065014C000CFFE9
FFF40001FFE8FFF2
0056FFF6FFCD0049
0028FFD9FFD700A4
FFEEFFD3FFD3000B
00150014FFBDFFED
00100029FFE50018
FFF4FFD8FFFE00D0
002200E50019FFF5
FFFCFFEDFFFA0010
00020005FFEC0002
FFDB006FFFDAFFD5
000C000E0003008E
0008FFF200450006
FFFDFFDD00060009
000BFFD7FFF9001B
FFECFFE3004C0037
000CFFC6FFFC00E2
FFFB002B000AFFDF
FFDF001AFFF9FFF9
FFE6002300200005
FFDA00F3FFFEFFD6
0024001DFFDBFFC8
007D00670007FFC4
00450084FFFCFFE2
006500170026FFDC
00010113FFFC00E2
FFFFFFFC00410001
FFF700C3FFF000B1
FFF700980008000F
000B008E00250050
0134FFFCFFE3004A
0000FFEF000A0003
FFED0012FFEBFFF4
FFDCFFF4FFD70086
FFFE002B000D0010
0007FFF6FFE5FFD9
FFF2FFF50048FFC5
FFDD0001005DFFD2
000A0017FFE5FFE2
FFEF0082FFE6002C
FFCE0055FFC20003
FFC20003FFE8000C
002EFFF6FFCC0092
FFE90005FFE1FFFC
FFE5FFEB001C003E
0050FFE1009B0053
00ADFFD7FFFD0006
00020014012600E8
FFEA0013006B0002
FFD2FFF9FFF60003
FFC20008FFDAFFF7
FFFDFFE3000A0012
FFE70001FFE3FFF6
FFD4FFF3FFFDFFE1
0014FFECFFFFFFD2
FFEFFFBFFFC9FFF1
00090022FFFDFFE7
00CEFFFCFFD6FFDE
00B4FFD60019FFD8
FFFBFFF7004BFFE1
00CEFFD2FFF0FFED
FFE0FFC90041FFDE
003200240029001D
0063014E000EFFE5
FFF20002FFE4FFE8
0064FFF6FFCD0042
0044FFDBFFD900B4
FFEBFFCDFFC8FFF5
000E002CFFF8FFD2
FFF7003BFFE6000E
FFCEFFDAFFEE00D7
000201130013FFEF
FFEEFFEBFFF50007
00060018FFE80002
FFDA004CFFD9FFD1
0005000F001000B6
001FFFF70060FFFB
0002FFE400070002
FFFCFFD9FFF9000F
FFCEFFD4003B003B
0007FFCCFFFE009D
FFF30030000EFFE0
FFFA0015FFF6FFE6
FFE7001200070004
FFD900C2FFFCFFD6
0013001BFFDFFFCD
00CA00D8FFE8FFC6
004C004D0008FFE4
0040001500180001
000300F3000300D6
FFF3FFFD0048000B
FFF400DDFFE800D8
FFEA008C00130011
000A00A4002F0052
0116FFFDFFE90049
0000FFEC001A0001
FFEE0018FFF1FFE6
0009FFF3FFDE007F
0011000F000F000C
0007FFFAFFFBFFD6
FFFD0017003BFFC4
FFDB001C003EFFCA
0002FFFCFFE3FFFF
FFF10051FFF9003E
FFD000680002000D
FFC50001FFEC0003
0031FFF9FFD800AB
FFEE0006FFE1FFFC
FFDAFFED001C0057
002BFFDA00A40064
0073FFE2FFFF0005
0000000B012C00DB
FFEEFFFF00500003
FFD9FFF5FFFCFFF3
FFBFFFF4FFE0FFDB
FFFBFFDF000D000E
FFE50000FFE4FFF4
FFCFFFE1000CFFE4
0011FFD8FFF8FFC6
FFECFFBFFFD6FFEB
000700360000FFE8
00A8FFF5FFE1FFD7
0082FFC9001BFFE4
FFFAFFF40029FFFB
007BFFDEFFF1FFE8
FFDFFFD3005CFFF4
001000280035001E
005C0122000AFFDE
FFF30006FFE3FFDB
005FFFFAFFCB0066
0026FFE3FFD500C3
FFEDFFCAFFBFFFF6
001100510012FFCC
000800360011000A
FFFBFFDF004600CC
004801460047FFEF
FFFAFFFA0003000A
00120019FFF20008
FFE30007FFE2FFD5
0012000CFFFE00B0
0024FFFE001CFFF2
0002FFDBFFF0FFF4
FFF2FFE4FFE40007
FFCFFFD0002C0020
0007FFCDFFF700F4
FFF1004F0019FFF2
FFFC0009FFF2FFD9
FFE00009FFFC0005
FFD900A5FFD5FFD9
FFF4001BFFCFFFCF
00BF0153FFC3FFCC
00790065000BFFE0
00290011001A0006
000A00C400000089
FFE900000044000C
FFF900FBFFF600E8
FFF2009A001C000E
001500C50022002F
0137FFFAFFF00022
0001FFED002F0001
FFF2000AFFF8FFE7
0003FFF1FFEB0044
00320019000C000B
0020FFFBFFFFFFD7
FFFD002E0031FFC2
FFD7001D0069FFC3
FFFAFFFEFFDE0018
FFD90065FFF90103
FFBD00960006FFF8
FFBC0000FFEF0003
0004FFFBFFD60056
FFED0002FFDDFFED
FFCAFFF6000E0032
002BFFD900770055
0043FFE3FFFFFFFF
0000000000FA0099
FFEBFFF300330005
FFDFFFEC0006FFEF
FFBEFFF6FFF8FFF0
FFF7FFD3FFF80013
FFEAFFF9FFC6FFF5
FFD2FFC90008FFE9
001AFFD0FFFCFFD0
FFDEFFB9FFD2FFD3
FFED00240002FFEC
002BFFEDFFE0FFCD
0071FFC8FFFFFFE8
FFFEFFE6FFF6FFF7
0058FFF8FFBDFFD7
FFDBFFDD00550006
FFDF001C00420074
001F01170009FFDF
FFF00009FFE1FFF0
005BFFFCFFCB0066
002EFFE1FFE3007D
FFE8FFCDFFBDFFF6
001200630008FFC7
FFFD006AFFFE0013
FFCCFFDE000800CE
0010016F0011FFF0
FFEDFFEDFFF90005
00140019FFEB0007
FFE5000CFFDDFFD2
0007000F001600DE
0026000C007DFFEE
0005FFF200070003
FFEDFFEBFFF4000B
FFCBFFD7001E0019
000DFFDDFFFD00A8
FFE7005300170009
0019FFFBFFF30005
008A000BFFE30007
0001006FFFCCFFEB
FFED0018FFD6FFD8
010E0164FFBDFFD6
006900510014FFEA
003A0014000A0022
000500D1FFFF0058
FFE4FFFB00380010
FFF5010AFFF100EB
FFEB00AA002C000F
000E00C90026002C
00D4FFFCFFEE0008
000EFFE9002F0000
00170008FFF7FFEC
001EFFF10002002B
002B000A000E0004
0030FFF80015FFD8
FFFB006D0055FFCA
FFD4000C0050FFC3
0005FFFFFFE10015
FFF8005B0000010F
FFD100EA0009FFFE
FFC50002FFF60005
0022FFEFFFDC0097
0009FFF7FFE1FFED
FFE4FFDB000C0025
002BFFD400700060
0050FFEA0001FFFC
0001FFFA010D0090
FFEAFFF6002A0003
FFE9FFFE0011FFE5
FFBEFFFDFFFD0001
FFF5FFBEFFF7004A
0003FFFFFFC4000A
000CFFCA00100000
009DFFBFFFECFFFB
FFEBFFB8FFD4FFD3
FFE000370005FFE9
0022FFDFFFDFFFC9
0047FFCBFFF5FFF0
FFFFFFDDFFFFFFF0
002A0019FFBFFFCA
FFD6009100700012
FFC50013002C0093
001E00F10004FFE7
FFF8000CFFD7FFE8
0057FFFEFFCA0057
0050FFE4FFF2006A
FFEEFFCAFFBDFFF5
001300B4FFFBFFCE
FFF7005D00010011
FFCFFFE4000100C4
000D01D0001FFFF4
FFE8FFF70000FFED
00160020FFEDFFCA
FFF2FFF4FFDFFFC6
000AFFD8000500A7
005DFFFF0080FFE9
0006FFE400010007
FFE7FFF2FFEF0024
FFCDFFCB0017002D
000BFFE5FFF80067
FFE2004A00130098
0032FFF3FFF10007
00970002FFD50002
0002004BFFCC0003
FFE20015FFD7FFF2
0104024CFFB9FFF8
00A600620005FFEB
0009000D00070058
00070093FFFC002E
FFDFFFF9003F000F
FFF200D6000600D5
FFF6006A00870010
000E00FF0044001E
00DDFFFD000DFFF4
0028FFE6010AFFDB
00200002FFF6FFDD
0015FFF500110027
002C000FFFFBFFFA
0049FFFC003EFFD7
FFF7009F0048FFCE
FFD3002B0017FFC2
00020000FFDE004D
FFF80046FFFC0102
FFD10102001E0009
FFC80017000A0030
0019FFF3001C00E8
003CFFF2FFF5FFFC
FFE9000700090043
0012FFF00036001D
0021FFFA0001FFFD
0000FFFD00BC0070
FFEDFFEC000D0001
FFFE0029001DFFE1
FFBE000200030010
FFF7FFEEFFEA002E
000B0003FFC70013
000AFFD5001A003D
00C1FFCCFFF30011
FFECFFC3FFE90123
FFD30057000FFFF5
000BFFE4FFDEFFD7
0029FFCAFFF7FFFC
FFFCFFE5FFD1FFD8
0008002FFFBDFFCD
FFD7004600590015
FFC9001200010049
002600B70001FFE8
0008000BFFEBFFF4
011BFFFBFFDB0068
0072FFE1FFF4FFF4
001AFFCAFFBFFFD9
009000DDFFDDFFDA
FFF90068FFEBFFF9
FFDDFFE8FFF6005C
002102540005FFF5
FFE9FFFFFFE9FFE3
0021001DFFDCFFCB
0014FFEBFFD0FFCC
0076FFDE000A00ED
00B300060067FFE8
0014FFE3FFFB000A
FFE90001FFEC0024
FFD6FFE6000F0016
00050005FFF10058
FFDB00F0000C00DF
001FFFF8FFF00005
00910004FFC70006
00000039FFE7001A
FFD80019FFD3FFF5
012C02CEFFBCFFFC
0052003A0024FFF4
0002000800140071
0010008EFFFE001C
FFF3FFFA0039000B
000600B1FFFF00A6
00020094001B000B
005700CA00050025
00C2FFFC001BFFFD
005DFFE500C6FFDC
002E0002FFF5FFE5
0000FFF1001CFFDD
00150015FFF1FFC2
0082FFF80074FFCF
FFF000B2002EFFE6
FFCE00490010FFCE
00020001FFDE005E
0009005BFFFB00B7
FFEF011E00420001
FFD10008002F0033
001DFFEA002100E3
0046FFEBFFEEFFF8
FFEEFFF900070039
0009FFF100250029
001AFFEF0002FFFC
0001FFEF0081001C
FFE6FFE600040003
0006004B0039FFE4
FFCF000500040046
000AFFDFFFE90048
0009FFEFFFCB001A
000DFFC500230087
00CFFFBE00030058
FFE9FFBFFFF8013C
FFCC00680012FFED
0004FFE3FFDFFFD0
0020FFD2FFF7FFEF
FFFCFFF1FFC2FFD5
FFFD006CFFBBFFC6
FFEF0058005C0028
FFCBFFFBFFE10031
001B001B0000FFF1
001EFFEAFFD90006
0128FFE4FFD800D1
0037FFCFFFFCFFE4
0065FFC1FFD3FFD8
008E00F8FFE10005
FFF8007DFFD600AD
FFD6FFE9FFD00067
00150280FFFEFFF7
FFE80002FFCAFFE0
001F0016FFBAFFCD
0054FFE6FFB8FFCF
0048FFF5000400FF
00EE001B0053FFE3
0015FFE9FFF00009
FFEC0005FFE4001E
FFF8FFED000A001B
000D0015FFEC0048
FFE1007300030185
0059FFF9FFF20002
00B7FFF1FFC30005
003F0006FFD90085
FFF2FFFFFFD0FFF8
012102E6FFBDFFFB
005400140010FFF5
00100007005000A6
004F0076FFFEFFE5
FFF1FFFF002BFFC2
000C009A00250029
002E00880059FFF9
005900D6000F000D
006AFFFF00300003
0090FFE8007AFFFD
0031FFF5FFF1FFFB
FFFBFFD3001CFFD3
000F0002FFF0FFBF
006CFFE8006CFFCD
FFEE00C1001D0000
FFCC0039FFFBFFFD
0009FFFCFFC300C3
0022005EFF5300A4
FFF300ED002E000B
FFD50012004E00A2
0017FFE5002300F5
00C2FFDAFFECFFF9
FFF1000700100030
0037FFFB0009000F
FFEDFFE90004FFF9
0008FFFE0060002E
FFF1FFED00090022
000A00A50024FFFC
FFCC000D000F006F
0009FFE0FFFC0041
00670001FFD60024
000CFFD7001200C0
00DFFFCC0002006A
FFF3FFD7FFF5012D
FFCA0070002EFFF0
FFF9FFE7FFD8FFD0
001BFFD80002FFE2
FFFBFFFEFFD9FFD6
0006008BFFC7FFC0
00510065006F0028
FFF9FFF1FFD70023
002900020008FFF6
0038FFE1FFDD0002
019CFFDCFFDE00BA
0026FFC6FFFDFFCF
00ADFFC7FFDAFFE7
00740118FFDA005E
FFF90064FFCD00D0
FFCFFFF2FFC00023
000902ACFFDEFFFC
FFE6000BFFD0FFDF
000A0001FFB8FFD8
0078FFD7FFB8FFF7
004F0000000200BC
015700340014FFE2
0015FFFFFFE60005
FFF2000FFFDE0015
002AFFFE00040005
005D0018FFE50031
FFFB001FFFFB020E
008B000400040000
00BBFFFFFFCC0010
006FFFF9FFDB0111
FFF4FFC0FFC6FFFE
00DA02FDFFBE0007
007D0019FFF10001
0016000700A90198
006E004CFFFEFFF1
FFEBFFFA0040FFBF
000D00510034001C
002D00570001FFFC
004C00D4FFFF000A
004E0014004FFFE9
00AA000D000CFFCD
0035FFF1FFF10001
FFFAFFE9001BFFE0
00090019FFEDFFBE
0036FFF00086FFED
FFEC009F00380006
FFCD0063FFEA0019
0011FFFAFFD20164
00450061FFD90042
FFF7010D00170016
FFE00021005D00B9
FFFBFFDE00200100
00CAFFDDFFEC0007
FFEE0001000500AF
00670002FFEF000A
FFDEFFE9FFFEFFFA
000FFFFE000A002A
FFF40007000E0046
000501700011FFFD
FFC90017000C008D
000DFFE6FFFB003D
00BC000DFFD60023
000AFFE300250100
00FFFFD00001009A
00020007FFF400FF
FFEE005F0039FFF2
0009FFF6FFD0FFCF
0020FFE90005FFD4
FFFD0002FFDCFFC7
00150086FFD3FFBE
00EC00680081001C
FFF4FFE9FFD10019
0031FFF8000EFFFA
0042FFC1FFE4FFF7
01E6FFC1FFFE001A
001EFFBAFFFDFFCA
010AFFC0FFEBFFD4
00810157FFD60093
FFF40064FFC600F6
FFCCFFEFFFBCFFF6
000502BAFFC6FFE9
FFE4001EFFEFFFC4
00130000FFBDFFD6
00B9FFD1FFBAFFF6
0019FFFC00010068
01B800250004FFDF
00180006FFDC0007
FFF50014FFDE0022
0076000100010009
00590035FFEB0024
0002FFFFFFF9025A
00B7FFEC0010FFFE
00C2001DFFCD0025
008BFFFAFFE1015D
FFF8FFDFFFBEFFFF
009902AAFFB90007
00AF000CFFF0000A
002B000300D2019B
006D00350009FFFC
FFE9FFFD0044FFBE
00220020002E0012
004D0061000DFFFC
003C00ADFFFE0006
003A003C004FFFE8
00E1000B0000FFD2
0037FFEAFFDD0000
FFF6FFE70013FFF1
0002002AFFE6FFBD
0030FFF40082FFEE
FFE600A5002C0002
FFCB005BFFE00071
FFFD005EFFDA0166
004D00A6FFD4FFFE
FFF5010C000A0002
FFDF0030005D0088
FFE1FFDE001700A2
0136FFD6FFF60011
FFF300020000006E
0097FFF6FFEC0019
FFD4FFCEFFFCFFFA
0009FFE8FFF5FFF6
0008000200140027
0004021E0000FFE7
FFD300160001006F
000EFFDEFFF70023
0120001BFFC80018
0008FFE1002000C5
0151FFD5001F0050
00170012FFFE00B6
FFE7002B004DFFF6
0000FFFCFFCEFFD1
001EFFF00013FFCF
FFFE000CFFDEFFC7
000C00AAFFF2FFBA
0187005A0072000E
FFEEFFF0FFD3002C
0036FFFE000CFFFB
0039FFCFFFE9FFE1
01DEFFBE000E0003
0000FFCE0071FFC3
0117FFC5FFFDFFD4
005E011DFFED00B0
FFEA001CFFCC00F1
FFCAFFF0FFC2FFF1
00040245FFC2FFFA
FFE1002FFFFBFFC7
0008FFFDFFDBFFE9
00B6FFD5FFBE0006
0021000300030029
01FA000BFFF2FFE6
00140009FFC50008
FFF70010FFD00021
00DEFFF0FFFE0002
0057000200090009
000DFFF9001A0217
00BE0001003D0002
00A2001DFFCD005A
00D0FFF7FFD901C9
FFFBFFEFFFC1FFFF
00840258FFBF0008
014E0005FFEE0015
0025000200DC0195
003600130057FFFD
FFEDFFFF0046FFC2
0027FFFD00360002
0019FFE40016FFFC
001C0091FFFC0004
000A00240067FFE8
00B40005FFFFFFD1
0034FFDCFFDEFFF7
FFF7FFE20013001C
FFFD001BFFE7FFD1
000600010065FFFB
FFE600AB00330002
FFE1007CFFD700D8
0008004DFFEE013E
00810103FFC7FFEA
FFFD014CFFFA0003
FFEC0037001F0064
FFDBFFE800000072
0158FFDB00220039
FFF9000100360051
00A0FFF1FFF7001E
FFCDFFCF00020001
0004FFF8FFF60003
002F000300150087
001702740017FFFC
FFDC000B0020005F
000BFFDE0026FFFF
013A00330001FFFD
000600020061002F
0124000DFFFD0021
00310077FFE6008A
FFF1FFFF001CFFFC
FFF5FFD0FFCBFFD5
0022000F0029FFCF
FFFE0018FFE7FFC7
002400A9001EFFBB
023A005200CD0006
FFE8FFE1FFD50045
0020FFDEFFE30007
002EFFE9FFC10000
01BCFFBE00110018
00000003008EFFCA
0104FFE1002AFFD6
004B010DFFFE00D9
FFF5001DFFE000EC
FFCEFFEFFFCDFFED
000001D5FFC10008
FFE00027FFE80000
FFF7FFF7FFFEFFEF
004FFFD7FFCA000F
00010005FFF9FFEF
01D2FFEFFFCBFFBC
0007FFC6FFCEFFF7
FFFFFFEFFFC80007
011DFFC800000005
00780001000A000A
0012FFEB00110206
00F00000007E0037
00840038FFD40059
00C5FFF3FFD3019F
FFFA001BFFEDFFFB
00370178FFD80019
01510008FFF30029
0028000300DC0153
000DFFFA005E0022
FFF3FFE1005F0013
0034FFD00036FFF5
002EFFCA001DFFD4
00240067FFFC0002
001D005E0058FFEA
00EE00030000FFDA
002AFFD2FFE6FFEF
FFF5FFDD00120055
FFF5002CFFEAFFD1
FFF400150055000B
FFEE006E002BFFFD
FFF00063FFD60135
000300AA00030102
00950102FFF7FFDF
FFFC00F6FFECFFFC
FFEE0041001F0067
FFD1FFEE0021004D
0183FFD40039005C
FFF7FFEF00420006
00C7FFCDFFF70023
FFCCFFC100050007
0003FFD5FFF4FFFF
0048FFE20023000E
FFF802870011FFE1
FFD1000300200020
0004FFE5002EFFF9
0147005200060006
000100220069003F
00F90001000C000D
004C00E200000037
0005FFE000410007
0006FFE1FFD2FFE1
003200220035FFCD
FFFAFFFDFFF3FFC3
003C005C0057FFBB
02A9003F00C80000
FFE5FFDFFFD4002E
0021FFE2FFDD0012
00210007FFC70002
0197FFFF001F000C
0001003200A1FFC8
00E1FFE40062FFCB
005C00F4FFFD00B9
FFF0000EFFE100EF
FFE7FFECFFD2FFEE
0000018BFFC10016
FFDF0024FFCF0004
FFF4FFF2FFFEFFF6
005CFFE7FFEA0010
FFFFFFF5FFF7FFD5
0127FFD9FFCAFFBD
FFF5FFC5FFE8FFF3
000BFFDFFFD8FFFF
01C8FFD200000014
005A0000002A000A
0013FFEB0006019E
00D5FFFF00B40099
0086005EFFED004E
00B1FFFAFFE0019F
FFF5004AFFE9FFF5
001400C80014000B
013BFFFF0006002A
004CFFD4012200E2
FFFDFFF10094005D
0004FFE700500012
006AFFC10036FFE4
0033FFC40021FFD1
0029006CFFFC0008
003A0093004EFFF3
00EA0004FFFEFFDE
0019FFD0FFE5FFFA
FFF2FFD900160087
FFE90043FFEDFFD2
FFFA0031003C0011
000300440028FFF0
00290063FFD6018C
0196010E000000C2
00EC0109FFF2FFDB
FFFD00C8FFEBFFF8
FFF2003500150064
FFCEFFF2003F0037
018FFFDC00380057
0013FFE100490004
00D7FFC6FFF4FFFF
FFCEFFC000020005
0005FFC4FFF2FFF3
0061FFB800260014
FFF2027CFFF9FFE5
FFD70007FFF90014
FFFAFFEA0050FFF8
00C3004BFFFE0019
FFF4005C005B0022
00E8002B001EFFFF
008900FE000F0001
0042FFDB008AFFF8
0006FFFFFFE0FFDB
004600220053FFCD
FFFBFFF5FFFAFFC5
005700220091FFBB
02F1002500BAFFF8
FFF6FFDCFFDC0021
0018FFF1FFD10017
0016001AFFD5FFFF
0156FFFB00280004
0000007C0085FFCB
00B7FFF20085FFDD
00480074FFFE007E
FFF2FFF7FFE100B2
0005FFE5FFD7FFF5
FFFF00BEFFC1001F
FFDC0015FFB80004
FFEFFFEFFFFFFFF6
004D0008FFF6001B
FFFF0103FFF8FFCC
0104FFE3FFC7FFC1
FFF4FFDBFFE5FFEA
0007FFDCFFF60001
01FAFFE2FFF80013
005CFFF800240009
0012FFBAFFFB00F0
00A7FFC1FFFF00AC
005D0058FFF60059
007FFFF5FFDC015A
FFF2005AFFD7FFEA
0004003A00340005
016200080006002A
0044000400DD006B
0043FFFD00CE007B
0024FFF90051000E
0072FFC10047FFDD
0018FFD4001FFFD1
00170046FFFB0027
002300A30055FFFC
00E70000FFF8FFE7
0006FFCCFFE2FFD7
FFF3FFCD002B0090
FFE60033FFEDFFD1
FFE3005500220017
001D0038001CFFF3
0077007CFFDA01B9
01B0014900000061
010300E8FFEDFFDC
FFFB00A3FFE0FFF0
0001001700070038
FFECFFF6005A000C
0170FFE800590058
003FFFD8006C0005
00EEFFCEFFF4FFF8
FFD2FFC300070008
0010FFC9FFF1000D
0094FF86001700E0
FFE5024CFFFCFFFD
FFD9004DFFF40016
FFF9FFF500980002
00AA003400000035
FFF20099005A001F
0093005FFFFBFFF9
0090012D0006FFEE
0046FFD9004BFFCD
00020001FFE4FFC9
002200240059FFCF
FFFCFFF3FFFDFFCD
0053002A00CCFFC9
02B000120088FFFE
003AFFDAFFE30019
000CFFECFFCB0017
00010033FFDAFFFE
0107FFF900100003
FFFD00C20090FFD8
007EFFF300C2FFEE
003F0052FFFE0067
FFEEFFF9FFDF00BC
0031FFEAFFD0FFF6
FFFD0068FFC2002A
FFE40016FFC60008
FFE2FFEFFFFEFFF4
00490018FFFA0013
FFFF0079FFE4FFCC
0123FFD7FFC6FFC3
FFFEFFDEFFF3FFE7
0007FFECFFDFFFFF
01C8FFFCFFE80016
0055FFE60028FFED
0014FFCAFFFE00A6
00C0FFC6FFF70092
0030007D003F0046
005FFFF8000800E5
FFF100A800C8FFE6
FFEAFFF700B60003
00D6FFF30024002B
004FFFD000EF0018
FFFCFFC500AC00BA
0030FFED00A20008
0058FFCE0010FFDA
000DFFEC0021FFCF
0026003BFFFE001A
0030007600320000
00BD0008FFF9FFE7
000DFFD1FFE2FFFA
0000FFC7001800A5
FFE90050FFEEFFD4
FFED007F001B0016
00250001001CFFEB
008E006EFFDD01B9
019501A700040030
00B900EFFFEFFFDE
FFFC0097FFE0FFEE
FFFF000800030023
FFDBFFF8006CFFFE
00F8FFED00540046
004CFFD200580009
00C3FFD1FFF5FFEA
FFD6FFC200010013
000FFFBFFFEFFFFC
0089FF6B002D0037
FFDD01F3FFE60013
FFE20043FFFC0007
FFE0001F00800019
00710075FFFF008E
FFF000C40059000E
007B00950020FFFD
00EF01080012FFE3
0089FFDE006FFFD6
FFFF0007FFFEFFD2
004D0017004EFFCE
FFFBFFF8000CFFCD
0075FFFF0143FFD6
028C000A008DFFE3
009AFFD4FFE8FFF8
000EFFEFFFC80000
00090050FFE7FFDF
00C7FFF60015FFFF
FFFD00AE0074FFE2
003F000200C3FFEB
004C0047FFFC004A
FFF1FFF9FFDD009C
0054FFF4FFD1FFF8
FFFF004CFFC40031
FFE8000DFFC6000B
FFE7FFEF0000FFF2
00310035FFF8001C
0055004AFFDAFFCD
0154FFD6FFC4FFC9
0000FFECFFEBFFEE
000FFFE1FFF0FFFE
01A5FFF500000020
0046FFE50056FFE8
000AFFCAFFFE005C
0093FFB7000800D5
003C008900780050
0016FFFE000B0083
FFF200AA00FCFFE2
FFD1FFF4012AFFFF
00AA00020026FFF1
005A000500D3FFF8
FFF4000100AD00CC
005200060085FFFC
005AFFE60002FFD6
0000FFFDFFFAFFD0
000C003CFFF10025
0064009000290000
00980009FFF1FFE8
000AFFD3FFDB0002
0002FFCA00190128
FFE70066FFEDFFDE
FFDD00990002001E
002AFFEC002CFFEC
009D0015FFE10172
0179015600040013
00B800C9FFEFFFE1
FFFB0072FFE2FFF9
000B0094FFFB0023
FFF4FFF8FFEDFFFA
00F1FFF90037003F
0055FFC8004B0006
00CFFFD2FFF6FFE5
FFDCFFBE00070007
000EFFBFFFF00010
0090FF50003E00DA
FFD701B6FFDE0028
FFEF0053FFFE0000
FFD8003800B7FFED
0069006700030058
FFF000E100440001
006900AE0016FFF2
00F400F0000AFFD9
00CAFFE5006FFFCE
0000000F001AFFCC
004800220058FFD0
FFF9FFF50016FFCF
006FFFFB0166FFCA
027A000B004CFFF4
00E3FFDF0006FFF4
FFFCFFFEFFED0002
FFED0081FFF5FFE1
000FFFF4000E0000
FFEF00BF0077001B
0012FFFF011BFFFB
003B0004FFFE001A
FFF9FFF1FFE0008A
005E000AFFD0FFFF
FFFF002FFFC50038
FFEA0028FFDA000F
FFE4FFF20001FFF2
000B003C00090010
00060024FFE9FFCE
0148FFD8FFCEFFCC
0027FFFBFFFAFFEC
0086FFDCFFD80005
020DFFF4FFFF001E
0049FFE8007AFFE1
0007FFCEFFF90012
0093FFAE000500D0
00120071007A004B
001F0004000F0027
FFF5012C012AFFDE
FFD20005016AFFFB
0095FFFB0023FFFB
0056FFCD00BAFFED
FFE6000300B200D6
0079FFFB00B3FFFC
005AFFDD0005FFD4
0001FFF8FFFDFFCB
001A002DFFF90029
006A004E00040000
0050000CFFEDFFEB
0067FFD3FFDBFFF9
0003FFD1000900A2
FFEA005DFFEDFFDF
FFD80098FFFD0015
0016FFDC0014FFE6
008E0017FFE6012D
011A016D0004FFF4
007300E8FFEDFFC8
00090041FFDFFFEE
0013000CFFF60016
0000FFFCFFF1FFFA
00D4FFFC003F0027
002EFFC600460007
00D2FFD8FFF7FFE3
FFE6FFBF000B0006
000EFFC0FFFA0016
00AAFF56004400AB
FFD2011AFFD60074
FFFC0047FFFBFFFD
FFDB005000B1FFED
002B006800060064
FFEE00DD00330002
003D009D001AFFEE
00FE00CB0000FFD1
00F3FFEC002EFFDD
002E0018002FFFE0
007600130068FFD1
FFFCFFFA001EFFD5
00A0FFF00131FFD5
0215000A004FFFE3
0175FFE80045FFFC
FFFE0002FFF10001
FFE300C8000EFFE4
0028FFFCFFFA0004
FFF100B30016004B
FFF4FFFC00CF0003
FFE9FFF00000FFF3
0012FFD4FFDAFFFF
00A70002FFCC0018
0003000FFFC30049
FFF50010FFEE0013
FFEEFFF8FFFFFFF6
FFD9005DFFEE0007
FFFE0000FFD7FFD2
0091FFCFFFC5FFD6
000FFFF2FFFEFFEE
0097FFCEFFBC000A
018CFFEEFFFF0018
0064FFDD0057FFF8
0000FFD5FFFBFFD6
0082FFAEFFFFFFE8
0013006F00B3001A
000100240019FFEE
001900F000DEFFC0
FFE4000B018CFFEE
0088FFFF0022FFF4
008FFFC90064FFDC
FFE10014008B0103
0075FFFA00C8FFFF
0078FFE10005FFD9
0000FFF3FFF8FFD1
001D002C00040042
00980032FFF30019
00370013FFCD0013
002CFFDAFFC4FFFB
0007FFE0000200BB
0005005AFFEEFFE7
FFE100A5FFEC001B
000BFFDD0017FFE2
00AC000FFFFC00D5
0126015DFFEFFFEA
00490109FFC3FFC5
FFFB002CFFC0FFFB
00010012FFD2000F
000AFFFEFFD70001
00C5FFF800350001
0030FFC40052000C
00D0FFDF0024FFE6
FFF8FFC100290000
0005FFBF001F0037
00B4FF5D006C0094
FFCF00A8FFDC00AB
FFFF0063FFF9FFFB
FFE8005800ACFFEA
002E006F0002006B
FFF300E500180005
001200E30024FFEC
00D7009FFFFFFFD3
00FDFFF20026FFE9
009E001B001DFFE1
0053000F004CFFD0
FFFBFFFD003DFFF0
00B3FFE900F5FFF4
019A0005003EFFDD
01E100150038001F
FFF80082FFFB0028
FFDB01700008FFFD
0028000AFFEE0019
FFF40093000D008E
FFD7FFF300A1FFFC
FFF2FFEA0050FFD0
000FFFE6FFFCFFE2
00A4FFF9FFE4001A
00010002FFD00035
0022000FFFF5000D
00100004FFF7FFF5
FFD500A8FFE40002
00010011FFD2FFD6
00AEFFE0FFC6FFD3
000BFFF1FFE7FFEB
00A8FFD2FFBA000B
011EFFF1FFFE0037
003EFFDC00370024
0014FFF1FFFAFFDD
0061FFA5FFFF0010
0022006900D10011
000600350017FFDD
003800C6009FFFBF
FFE0000E01ABFFDC
009900060024FFF6
007A0011005EFFD3
FFE800280052010B
006B000301040005
0058FFE00005FFE4
0000FFFAFFFAFFD1
0026003F0001005D
00F80047FFE60015
001E0011FFCD0016
0029FFDCFFC6FFF1
0010FFF5FFF600B2
FFFF0078FFD4FFEE
FFDD0092FFDB001F
0008FFE0000BFFDE
008D0012FFFF0088
01060162FFD9FFE9
00290107FFC2FFC5
FFFE0028FFC10000
FFF80000FFCE0007
0005001AFFEF0002
0059000C0035FFF1
00140003004BFFCF
00A0FFEA003CFFCD
FFFFFFDD0019FFFA
0004FFCB00730032
00AEFF8A00670071
FFCF0033FFDF0095
FFFE0060FFF8FFFC
FFDD007F0082FFE9
00080068FFFC0051
FFEA00D600260004
001A00B7001EFFE8
0092002AFFFEFFD4
00CFFFF90013FFF2
00DE0023002AFFE6
0098FFFA004EFFD1
FFF6FFCD0059FFEE
00A2FFE500B4FFDE
00E600000025FFDC
01DA003A00E50017
FFFB010200010007
FFDA014A0010FFFE
00330012FFE80044
FFF3006A000400A2
FFCEFFF200880017
FFEBFFE0003BFFE8
002CFFDD00000010
00B6FFE2FFEE00A3
00020004FFD40037
00220008FFD60003
0010FFFAFFFAFFF2
FFD2007DFFDCFFEA
00020003FFDFFFDE
0061FFDEFFD6FFE2
FFF4FFF0FFECFFEB
FFFFFFCEFFBE0010
00520006FFFA000A
006DFFE300240067
00010005FFFAFFDB
002B0067FFFF0015
002400710098000E
000100670006FFDA
006C0058001AFFC3
FFFB00080149FFDA
005A0011001DFFF9
00A900140023FFD8
FFF3007AFFFF011D
0070FFFD00C9000E
006D0009FFFDFFF1
FFFE002EFFE4FFD7
002B006A00010057
00D80013FFD50059
0000001AFFC60013
0002FFEBFFC8FFED
0022FFF1FFF400AB
FFFA003DFFD8FFFB
FFDF005AFFDC001D
FFD8FFE6000CFFE2
0056001100260036
00C20126FFE6FFE3
00170158FFD4FFD2
FFF80039FFC90003
FFE40000FFD20002
00280011FFF70024
0033FFFA0020FFE3
FFF8FFD90059FFD4
005DFFC20077FFF1
0010FFDB0009FFFC
FFFEFFCF00E20093
0046FFB900600041
FFCD000DFFE900E2
FFEB0097FFF8FFF5
FFED006A0062FFE2
00010049FFF70029
FFE800D4000AFFFA
FFFF00B10012FFE1
0029FFFFFFF2FFDD
0073FFEA0004FFEC
016500060010FFEF
0089FFEB003EFFCF
FFF3FFC5007D0003
00B9FFF1004EFFE9
009000000000FFE4
019C005200BF002B
FFFD01310002FFFE
FFD701490005FFD1
00460011FFED0018
FFF3004EFFF500A1
FFC9FFEC00250011
FFE6FFE50034FFE7
001AFFFEFFF7001F
005BFFD9FFF500F7
0000000FFFDE001C
FFF1FFF5FFCE0002
FFE8FFF3FFE6FFF1
FFC70058FFCBFFDE
FFF6FFFDFFE1FFFD
0052FFDEFFF6FFE3
FFF1FFEEFFD8FFE9
0005FFCCFFBC0009
00210004FFEE0023
0041FFE500200040
0001000AFFFCFFDF
0022006BFFF1000E
00180050008A0007
FFFF007B0029FFDF
005C001DFFFEFFC1
00340008006EFFD7
009C0010FFFBFFFE
00A600140012FFDA
FFFE0098FFFD010F
005FFFFB00E60013
007A001FFFFC0009
FFF8003FFFE90011
00270092FFF90081
01000000FFD40094
0002FFDEFFC70013
0007FFEBFFCFFFE7
0039FFFEFFFB0093
FFF90037FFE50003
FFEF001AFFFA001E
FFD3FFE60011FFE2
0040000F001D0009
009D00D3FFE4FFE3
00000128FFD7FFEE
FFE70034FFC80009
FFD80001FFCDFFF9
001D001CFFFB0013
002300130010FFE1
FFFA00030054FFE1
003DFFF900BF0001
0037FFDA0002000F
FFFEFFCD011800FE
0032FFCB006A003A
FFD1FFEEFFEE00EE
FFEC0014FFF8FFF8
FFF7004B0041FFE7
FFDA002EFFF1001B
FFBC0085000CFFF9
000200880005FFDD
0043FFFCFFF0FFEB
007600080005FF72
0158002A000DFFEB
006EFFDB0041FFD3
FFF0FFC900830007
009000030008FFEF
002800000004FFE4
013A006C015F0026
FFFD017B000EFFF9
FFD500EB0006FFCF
00470018FFF20039
0006FFF9FFF000BF
FFE9FFDC000E0019
0000FFEC0057FFEE
003AFFF8FFFA0016
0067FFC700010149
001B002FFFFF0013
001EFFFCFFDA000D
0007FFECFFD9001F
FFD8002FFFCDFFEF
FFF9FFFBFFED002A
0021FFE1FFFFFFFD
FFECFFE2FFEE0009
000DFFCCFFE10004
FFFA00050010001A
002DFFE70011008C
0000002B0041FFDF
00130080FFFB0009
002C0025008A000B
FFFA00BD0009FFE2
003F0007FFF7FFC2
0061FFE6003BFFD0
005B0007FFFAFFFF
008600080002FFDF
00090099FFFD0106
0042FFF500D70015
005A005BFFFE0043
FFF4005EFFF30012
003000A0FFEB0073
010AFFFDFFCB0088
0008FFE1FFC90011
FFF7FFF3FFCAFFED
0013FFE6FFF50065
FFF9002AFFFC000E
FFF00006FFEC0001
FFC2FFE80014FFE4
001C000E003FFFED
0075007DFFD9FFD6
FFFD011AFFD60007
FFE0007CFFC30003
FFCE0000FFD7FFFE
0022001FFFE80036
00070017FFFEFFE0
FFF2FFFF0031FFEA
001BFFFF00C40012
0042FFDFFFFF0022
FFFEFFDB00CC012F
000FFFEC006B0088
FFD3FFDFFFF10093
FFE4000DFFF1FFEF
00010038001DFFDE
FFEB002EFFEB0008
FFD5005B000AFFEF
FFFF00490014FFE1
000BFFFAFFEBFFFF
0024002E00000002
019C0018000AFFF8
007AFFC80012FFDD
FFF0FFDE00820002
007AFFE3FFEFFFF4
FFFDFFFCFFEDFFE4
0066004E00DD0017
FFF9015A0002FFED
FFCF00A2000EFFD6
003F0018FFF70065
FFFCFFEFFFE800B1
FFC7FFD8000C000E
FFDD0001007BFFF1
0022000CFFFA0011
0024FFEB000D0147
001E00490002FFFA
0015FFFFFFFE0013
FFFD0005FFF0000B
FFD6004CFFD9FFE4
FFFB0008FFED0068
0008FFEF0004FFFD
FFEEFFE8FFEE0005
000CFFD2FFE50008
FFF20001001E000D
0028FFEB000200C2
0003004A0007FFDE
FFF70075000CFFF9
0003FFF3006D0002
FFE1004A001CFFDE
0026FFFCFFEFFFBF
009CFFE5001EFFD2
003D0012FFFC0000
0056FFFEFFF6FFE7
000F0089FFC300D8
0040FFECFFB80015
004900A1FFF4008E
FFF5005400030012
004800C900180065
0104FFFCFFD400AC
0008FFE4FFDF000F
FFF20006FFDDFFEB
000FFFFAFFEC0021
FFF9003CFFFC0011
FFF7FFFFFFF7FFFF
FFBFFFDF0013FFD9
0003000B0058FFC6
002F0026FFD9FFEF
FFF9013CFFE00019
FFE10074FFC7FFEC
FFCE0000FFE1FFEE
001B001DFFD2000A
FFFD00040000FFD6
FFD8FFFA001CFFF8
001B001B00FC001C
0033FFF2FFFF000F
FFFBFFFE00DC011D
FFFDFFFC005D0005
FFC3FFE4FFF6007D
FFDB00050002FFE7
FFFE00190009FFF6
FFE3000AFFEFFFE3
FFD30017FFEBFFD1
0002000D001EFFDE
FFF4FFF8FFDFFFF4
FFF6004FFFF4FFF8
009A000BFFFFFFE2
0068FFC60007FFE4
FFF0FFF300B0FFF6
006FFFDCFFE6FFC9
FFEBFFFDFFFCFFE6
0016008701010035
000501AC0006FFDF
FFF9006B0002FFE4
0091001FFFFB007A
0015FFF6FFE700A0
FFE4FFD9FFDFFFFF
FFFF000A001CFFCC
00200004FFF10018
FFFCFFE600140185
0013009E0022FFF4
FFFCFFF3FFFC0013
FFEE0003FFEE000C
FFCD004FFFDCFFE3
FFDE000C000C00AD
FFFFFFF6005FFFFB
FFC8FFE1000D000D
FFFFFFCF0000FFF8
FFDFFFDF0063FFF9
0021FFC2FFFF0098
FFFDFFFC000AFFD4
FFE30043FFF7FFE5
FFFCFFF000350001
FFDE00470003FFD8
00060001FFEAFFBE
01210024FFEEFFCA
003E0041000BFFEE
00290018FFE5FFDE
00120117FFC800D5
0025FFF2FFAA0013
004F00FB000100AE
FFF4007F004B0015
004B00FB005F005F
010FFFF9FFDB00DF
000AFFE200020007
FFF50013FFF7FFEB
0011FFF2FFCD000B
0002002400030012
0010FFF90019FFF3
0000FFEF003BFFE5
FFF00006005CFFC3
0003FFFEFFDA0003
FFF000CAFFEE00AF
FFD50089FFCBFFF2
FFC4000CFFF60001
00110019FFC30064
FFF8000EFFFAFFE8
FFDAFFF9000B000B
0011001200F9008E
0020FFF00008000D
FFF70006019E011A
FFF200230027000F
FFC40002FFFF0043
FFD60029000EFFE6
FFFBFFF6FFFB0005
FFE10001FFCAFFF4
FFD600060007FFFB
000100090021FFE0
FFF1FFE5FFDCFFEA
FFE00068FFFDFFF5
0065FFEEFFE9FFD9
0048FFC3FFFF0013
FFEEFFFE00410006
004AFFDDFFE1FFF7
FFE8FFF30001FFED
FFEF0040010E0020
FFFE0152000AFFE0
FFD30001FFFAFFED
003EFFF9FFCD0088
0018FFE2FFD10082
FFE3FFCBFFC8FFF9
00000018002AFFCA
00230003FFFD0018
FFFBFFE20015012B
0019012A0025FFF1
FFF9000CFFF60033
FFF1002AFFEB0010
FFCB0024FFD8FFE5
FFDA0015000100BF
FFF1FFFF0068FFFA
FFCFFFDE000C0008
FFEEFFDCFFFA000E
FFBEFFDC005BFFFA
000CFFC7FFFE00B7
FFF400230014FFD2
FFE1003DFFF1FFD1
FFECFFE3000F0006
FFDE00550000FFD7
FFE80006FFE3FFC5
00C700B5FFDBFFD7
003A0061001EFFE2
000D0015FFE5FFF5
000E010AFFCB00B0
FFFAFFEFFFBC000F
FFF200F6000C00B8
FFDB009D00950012
001800F4004D0053
010BFFF8FFDA00BE
0005FFE4000B000A
FFF60006FFF4FFFB
0004FFF20012FFD3
0004003F0001FFBE
001EFFFA0015FFE1
FFFC000A003CFFFF
FFDA00330060FFB9
0007FFFCFFD80011
FFF900B4FFF700C4
FFDC009CFFE2FFE3
FFC5000800010006
00060016FFF20068
FFF30002FFFEFFEB
FFCCFFFA00120010
001900240118009E
0018FFF600050017
FFFA0016017800E8
FFE8004700130010
FFC7FFF20000001E
FFC70001000DFFEE
FFF3FFE4FFF10012
FFDFFFFBFFCBFFF6
FFD3FFEBFFF3FFFD
FFFDFFD000050016
FFE0FFBBFFD100A3
FFC9002CFFF2FFFC
0065FFF3FFF0FFDF
0043FFC3FFEB0031
FFF6FFF5004A0009
0042FFEFFFE3FFF5
FFE2FFFE0022FFFD
FFCD005000950037
0005013B000DFFDD
FFF30003FFF5FFE8
006FFFFCFFCB0089
001FFFE8FFCC0042
FFE7FFCEFFBEFFF5
0008004C003DFFCE
001C001E00120019
0001FFE1003700F2
0027016D0050FFF0
FFF6FFF200030019
00030011FFF2000E
FFE5FFFBFFE1FFE2
0009FFDA001E00AD
FFFCFFFD007DFFF0
FFDAFFD9000F0006
FFF0FFD7FFFB0001
FFC4FFD00059FFFA
0007FFD3FFFF00C9
FFF200210012FFDD
FFE20025FFEFFFCC
FFDEFFE0FFF70006
FFDD003CFFDBFFD2
FFD80006FFD5FFD5
0115012FFFBEFFDA
0041006F0018FFF5
0006000FFFEEFFFF
001600D2FFC6005A
FFEAFFF0FFDA0013
FFFA00FD001B00D6
FFE3009B008E0014
00170144003A0055
00DFFFFEFFDC004D
0002FFE200220007
001D00090014FFFB
FFFFFFF20019FFD4
000600360008FFBE
0014FFF9002CFFD7
FFF800300039FFFF
FFD1001D0074FFB8
00070001FFDB0035
001100A0FFFA010D
FFEB00C6FFE9FFE8
FFCD002900040016
00130028FFF60091
FFFEFFFEFFF9FFF1
FFD0FFD400090011
0020000800DE008A
001BFFFA000D0011
FFFC0029016E0098
FFE9FFFC0004000A
FFD0FFDFFFFFFFF1
FFC9FFF40008FFE8
FFF3FFD4FFEE0014
FFE8FFFEFFCBFFF3
FFD2FFDD000A0005
0002FFCC001C0018
FFDAFFC1FFE3010A
FFC9003E001DFFFF
003CFFDDFFE9FFE1
0036FFC5FFE8003E
FFFBFFEE0036FFFA
00160001FFEAFFDB
FFE0000600310009
FFC800C300740078
000A01840008FFE4
FFFE000EFFEB0001
00760005FFCB00F9
0040FFECFFCC0025
FFEEFFD1FFBBFFEB
000B00840037FFD1
FFFD00190010001F
FFCFFFE3001B00E6
000D01B40048FFF3
FFEAFFF600010007
0012001BFFED000E
FFE5FFECFFDDFFEA
000AFFD5002D0089
FFFAFFF90072FFED
FFDDFFD8000C000A
FFE5FFE1FFF6FFFA
FFC8FFCB0030FFE3
0004FFD8FFFA00D1
FFED002C000EFFF1
FFEF0011FFEBFFC4
FFE5FFE4FFD7000B
FFEC002BFFD3FFD8
FFD10006FFDEFFDE
011B01D5FFBAFFD7
006B0080001BFFE5
FFFC000900030013
FFE700ACFFFC001C
FFD1FFED007F0010
FFED00F8003500D1
FFDF008F008F000E
00040149000B0032
008CFFFFFFDE0032
000BFFE3002C0002
001E001600090005
FFFBFFF4002DFFD9
00110015001DFFC0
002DFFF8004AFFCE
FFF7004F001C0009
FFD1002C0041FFFF
00030007FFDD006C
FFFF008C00000139
FFD800E7000CFFF4
FFC40032003D0019
000D0015001C0090
000AFFFBFFFFFFEF
FFE4FFDBFFF60018
0032000300440074
FFFDFFF3FFFE003A
FFDD0029007C0063
FFD2FFEFFFF8000E
FFEF0006FFFEFFEF
FFBF000500050012
FFF6FFE9FFED0075
FFF00004FFCA0012
FFD2FFD700150023
FFFEFFCA00400020
FFD4FFC7FFEC0146
FFC60056002AFFF7
0017FFDAFFEAFFD8
002DFFC8FFE4004C
FFFCFFE80019FFF1
FFFA0024FFECFFD6
FFD1001200670017
FFC000A50021007D
001001140001FFF2
00110011FFDF0009
01120004FFD100DE
003EFFE7FFD6FFE3
0016FFD0FFBBFFD4
008000C40014FFD9
FFFD0017FFF40008
FFDFFFE5FFF200AA
0020021A000EFFF5
FFF3FFFBFFE5FFEA
00130017FFD7FFE8
FFE9FFE9FFCCFFE3
0007FFD60026008D
000CFFFA0074FFEB
0002FFDD00040013
FFE7FFE5FFEEFFFC
FFDDFFC9001EFFE8
0009FFF5FFF600E7
FFEC00170009004B
0003FFFDFFEA000A
00D9FFCFFFC9001F
0000000EFFCBFFF2
FFD9FFFEFFDFFFDF
013E0267FFBBFFF5
009B008B001CFFE0
FFFD000600130041
FFF7009AFFF9FFE6
FFCBFFF10068FFC6
FFE900C30068002E
FFF40095006BFFF8
0000013B0005000A
007F0011FFEE0009
00370011002BFFFE
00250013FFF10016
FFFA0006001FFFD4
000B00270027FFBF
003EFFFF005DFFCF
FFF400850022000E
FFD0003EFFFFFFFC
00090006FFC500A0
0014006DFFFC00FD
FFFD00D90018FFFC
FFD600230055003B
001F0011001E00B3
0035FFF9FFFEFFF1
FFE9FFE100010017
0049000200820036
FFF3FFF300000025
FFE3001C006D0051
FFD1FFEAFFF60009
00080030000AFFE9
FFD00007001C0043
0009FFE9FFF7006E
00130003FFD2001A
0003FFD7002C0061
006FFFC800430060
FFDEFFD3FFF1014C
FFCC006D0027FFF2
0007FFDBFFE4FFD1
0028FFCCFFE4004D
FFFEFFEE000DFFF3
00010036FFECFFD0
FFF6000000540016
FFCA005B0015005D
001700E10001FFF6
0033000AFFF00011
014BFFFDFFE200B7
003CFFDBFFE3FFD0
0050FFCCFFBDFFC7
007D00E60002FFBD
FFFBFFFFFFF50038
FFDCFFCFFFD60096
00150238000BFFFB
FFECFFFFFFEAFFF4
0027000AFFD8FFCD
FFF4FFE4FFCFFFFA
0009FFE400240070
003700000084FFEB
0004FFE3FFFD001A
FFEAFFEAFFECFFF8
FFF4FFCA000FFFE1
00080000FFF200D2
FFEA001F00040050
001DFFFFFFEF0007
00E9FFCEFFC4003B
002C0009FFC40044
FFF2FFFEFFD6FFF6
016F02ACFFBCFFF8
0081006E0000FFF7
FFFC0004002000A6
00020087FFFDFFD3
FFDEFFFA0079FFC1
FFFC009C00A60028
000100920022FFFD
001B00FC00050016
0066001FFFF2FFF7
005800110013FFD5
002F0016FFE5FFFD
FFFD0007001CFFCC
001F000FFFFBFFBA
004300000075FFD4
FFF3009A000B000E
FFD30065FFF0FFF8
00030007FFC900DD
0038006DFF5100B7
FFFE00F0001D000A
FFD90020006B0091
00270009001E0120
0097FFFBFFFBFFF9
FFF1FFE80005001D
00520004005F0031
FFE5FFE700030045
FFE600190027003D
FFD8FFEDFFEE000A
000E008A000BFFED
FFCC001300300068
000CFFECFFF5007D
00460003FFD30020
0003FFE800580082
009DFFC80036002F
FFE1FFEBFFF4017A
FFCC004F0035FFF1
FFF2FFDBFFE3FFD1
0045FFD4FFDB0034
0003FFF70016FFEA
000F0051FFE9FFCE
FFFC000600870018
FFCD0080FFE80043
002800BBFFF9FFF4
0027000EFFCB0012
014C0002000000AF
0042FFD8FFEFFFCB
00A9FFCFFFC7FFD2
008E0100FFFB000A
FFF4FFFBFFC80081
FFD5FFCDFFC0006C
001602710002FFFE
FFEC0000FFEBFFE7
0037FFF7FFD5FFD4
0019FFD1FFCDFFFB
007BFFFE001C003A
008D002A0050FFEE
000EFFF7FFF3000F
FFF1FFEFFFE6FFFD
0006FFD00007FFDB
003D000FFFEF00DE
FFF9FFFF000100D5
0018FFE7FFFCFFFE
00CEFFD4FFC30045
003F0002FFC50099
FFF0FFF7FFCCFFFE
013402EBFFBC000C
008C00B1FFF7FFFC
FFFF0001004F0165
FFFB00630000FFD1
FFCBFFFC004AFFC1
FFF0009200A70022
002000880000FFFE
001000C5FFFF000C
001C0025000BFFE8
0063000E005BFFD6
002E000AFFEDFFFD
FFFB00090007FFD7
00100010FFF8FFBA
0022FFFD0070FFD5
FFF000B500250001
FFCF005EFFEBFFFE
00020005FFC700CE
003C0070FFF10088
FFFD00F10021001D
FFD70021007700C5
0029FFF6001B010F
00D5FFDBFFF9FFF7
FFF8FFE90006002F
0074FFFB0037000B
FFDDFFC700060034
FFDCFFE8001F0038
FFD9FFE8FFF20007
000E01190009FFEE
FFC90012001E00A1
000DFFEDFFF50061
00B2000DFFD60023
0003FFE6003D00AD
00E6FFC8002F0043
FFE30005FFFB0169
FFCA005A0032FFF1
FFE9FFE5FFDEFFD2
002DFFE9FFE8001C
00000011000FFFE7
0011006EFFE6FFCC
00730000009C0015
FFF30041FFE20035
0057006A0002FFFE
004B0004FFE5000E
01BDFFFA0006008A
0044FFCE0005FFC8
0104FFC6FFECFFD0
00960110FFF2002F
FFF1FFFAFFC50094
FFCFFFD1FFBE0048
000C02AC00000000
FFEC0016FFF4FFE5
00350005FFDAFFDB
004AFFD8FFD00006
004FFFFE00130015
00F20025004DFFEF
000F0004FFE7000C
FFF7FFF1FFE20002
002CFFD20001FFDF
00580017FFF700D5
0000FFF900000115
003DFFEF000DFFFF
00DDFFD7FFCD004E
00930002FFCC00FA
FFEEFFF4FFC60003
00DD0303FFBB0011
00A60094FFE7FFFF
FFFF0001008801A4
000F00610000FFD2
FFE0FFFB0050FFC0
0021004600C10011
003C007A00050001
00070098FFFF000A
0010002D0018FFE3
008F000A000FFFCF
0033FFF6FFEFFFFE
FFFAFFEF0009FFE3
0013FFFFFFF6FFBA
0011FFE6007FFFE4
FFEB0096002EFFFF
FFD10054FFDD0028
FFFCFFFEFFD20154
00610070FFDA0023
FFFF00CC0016004B
FFDB0014009800E4
0005FFED001B010E
0161FFDFFFF8FFFB
FFFEFFF100050026
0097FFFD001CFFFB
FFD6FFBF00060024
FFFCFFF1FFFF0034
FFFCFFF2FFF6000E
000501F000000005
FFC80021001B00D3
000CFFEBFFF40036
01280014FFD40028
0001FFEF004000C3
0106FFC700330036
FFE9000D00010124
FFC9002400D5FFF7
FFF0FFEBFFE8FFD1
0031FFFEFFEF000D
0001001E0002FFE6
0002009BFFE5FFCA
00D00012009F0012
FFF00038FFD70037
00530041FFFE0007
00470004FFC7000D
019BFFFA00050089
002DFFD20017FFC9
0114FFC7FFEEFFCD
008E011EFFEB0045
FFF0FFF8FFC600A6
FFCDFFD0FFBE0057
00090293FFE70000
FFED0007FFEDFFE7
00200004FFC2FFE0
007FFFD3FFBE0000
0045000000090008
014100190034FFEA
000F0008FFE20012
FFF7FFEEFFE2FFFF
005EFFD4FFE7FFD9
005E001DFFFC00DC
0003FFF3FFE30136
0070FFF2FFF1001C
00F8FFE0FFC2005E
00CFFFEAFFC00166
FFF1FFDDFFBD0008
00AC0291FFB90012
00C60092FFE80000
0000FFFF00A001CE
000000450000FFD2
FFE000000044FFBE
0032003000CBFFB2
004D006B000AFFDF
000400A9FFFF0002
FFF2002C002BFFDF
002E00080006FFD2
000BFFF0FFF4FFFE
FFECFFEF00040012
00090000FFF6FFD8
000FFFE70096FFF0
FFE600B800250001
FFE50051FFD60067
FFFA0063FFD60128
007D00C1FFD30019
FFFE00E4000F006C
FFE0001E00860114
0003FFEF00110102
01BFFFDCFFF8FFFA
0013FFF90009001E
00BEFFE80003FFF6
FFD5FFBE0009002B
0003FFF9FFFE0030
0017FFF7FFFC0026
0065024C00020003
FFD8001D001D00D2
000CFFEBFFF8001C
01800025FFD20025
FFFF0008004200AD
00F800100035001A
FFF40062FFFD0103
FFCD00210041FFFD
FFF9FFF4FFD5FFD5
00330020FFF7FFFB
0000007A0004FFD3
000900DEFFEDFFBB
0122000900BA0009
FFEA002AFFD00035
004D0032FFF0001D
00430001FFC60017
0191FFF700140072
0006FFF80024FFC8
013CFFCCFFFAFFCE
00650112FFED005D
FFF3FFF6FFC800C8
FFCBFFD2FFC0003F
00090241FFDA000E
FFEE0016FFF90019
0015FFFDFFDAFFF4
009CFFDEFFCB0005
0026FFF8000AFFE9
018BFFFE002EFFC4
000CFFEBFFE1FFF7
FFF8FFDCFFE6FFFD
00AAFFCCFFDAFFE3
0071000B000200DE
0007FFF3FFF80129
0074FFF40014003C
00F9FFF3FFC6005E
00E6FFDBFFC10189
FFEFFFFFFFC30004
00860256FFBD000C
00BF008EFFF60000
0022FFFF00E7018A
000400350000FFCA
FFEB000C003EFFBE
004900080107FFDB
006B009A0011FFBA
000100AAFFFDFFFC
0002005A002CFFD8
00A40004FFFEFFD5
0031FFE8FFDEFFFF
FFF3FFED00050030
0011FFFFFFF1FFD6
FFFFFFED0079FFF7
FFDB009D00230000
0008004BFFD600C8
00F50039FFD6013E
00CD00F7FFC5FFF6
000300EA0007000C
FFE40001007600B7
FFEEFFEF000400AC
0139FFD6FFFAFFF4
0039FFED000A0008
0113FFDFFFE8FFF0
FFD3FFBCFFF10029
0007FFFDFFE6003C
003500170005002C
006702BA001CFFFE
FFE1003E004900B2
000BFFEFFFFE0001
01BA0033FFD70019
FFFE002A00590078
00FD000C000DFFFF
FFF400720000003E
FFD1FFF6002AFFE8
FFFEFFCEFFD4FFCE
004B00340004FFEC
0004004C0018FFC4
001200B4FFF2FFBB
018A001500CE0000
FFE60020FFD20038
0070002CFFE1003E
004CFFFFFFD00078
0196FFF30020004B
0038001F0029FFC5
0156FFE0FFF9FFC3
00930129FFE80069
FFF4FFFAFFC900C1
FFCDFFD2FFC3001C
0004022CFFD1001B
FFE90013FFE20021
001DFFF7FFE6FFF7
00ADFFF3FFD30025
002BFFF9000CFFCF
01A1FFF9002CFFC3
0008FFC6FFDEFFED
FFFAFFCFFFECFFFA
00D4FFC0FFCFFFDD
0056000C000E00D8
0005FFF3FFF80110
0087FFF90015007A
00F40008FFC50061
00C5FFF9FFC101CD
FFF20012FFD20002
005D01F1FFC50008
0107009BFFF80003
0019FFFF00D401E0
FFFC0023002EFFD1
FFD400220067FFBE
004EFFFE00DAFFC2
0055FFF70016FFBA
00020059FFFE0003
FFEF005D0052FFD9
0042FFFFFFFCFFD8
000BFFEDFFDAFFF4
FFEEFFE900030078
0007FFFEFFF5FFD2
FFFFFFEE00630002
FFE300780038FFF6
0020003DFFD300F4
00F40070FFE60106
00E1010BFFC6FFE5
000000B30000000D
FFE50003005C00A3
FFF5FFF800200086
017AFFDCFFFDFFFA
005FFFEA000F0005
011DFFD2FFFCFFEC
FFD0FFB9FFE00031
00020001FFE6002E
0034001F0002005B
0063033E001FFFFD
FFE5006C005F00B1
FFF2FFEC003A0004
01180028000D0008
FFF1003E00A40083
011300040020FFF3
FFFE007000120047
FFEDFFE70070FFED
FFE6FFD1FFE6FFD1
0050005E0037FFE2
0004003B0014FFC7
002700870023FFBB
01C80005015AFFF7
FFE50001FFD70033
0053001CFFD90045
004FFFFEFFC90001
0175FFF00051001B
001D00850042FFC3
0140FFDC0020FFC8
006C00E7FFF90089
FFEAFFF6FFE100D7
FFD8FFE5FFD10033
0001019DFFCB0044
FFE80001FFB40027
001EFFF00000FFF7
00A7FFF6FFE8000D
000000A30017FFCA
011FFFEC001AFFC1
FFF4FFC9FFE8FFEB
0004FFC8FFFAFFFF
014AFFC9FFC6FFE3
0077000E00170098
0006FFF8FFF600DF
00ACFFF8001300CB
00C10027FFC6004D
00FAFFF9FFBF01BB
FFF30047FFF6FFFD
003A0155FFED000B
00D9007BFFD5000C
003FFFFF00B8017E
FFF90016004EFFE0
FFD300360029FFC0
0068FFF90121FFBC
006F00070015FFBA
0004005AFFFE0018
FFEB005B002BFFE0
006AFFFDFFFBFFE3
0007FFDAFFDFFFFB
FFF0FFE300020092
00030001FFF3FFD0
FFEFFFFC00340003
0003007C001EFFF7
00500025FFD4018D
0138008FFFE300AD
00E200F1FFC4FFDC
FFFF0094FFF4FFF9
FFE00002001C009E
FFEDFFEB0022006F
0173FFDA000BFFF8
0061FFE00038FFFE
0118FFC6FFF9FFE7
FFCDFFBAFFEE002C
00050004FFE90023
007A0033000C005E
0041030E0001FFFB
FFEE006700450087
FFECFFF000820002
0191003E00120014
FFF500570079002F
01130001FFFFFFED
000D007800040025
0012FFD8004DFFF6
000CFFE2FFDFFFD9
004700600030FFD7
0002001A003EFFC7
004100650039FFBB
01DE0000017DFFF9
FFEBFFEEFFDA003F
0060FFF7FFCF0041
00340001FFCB0000
014DFFF9004B000F
004500D40052FFC2
0112FFDF0002FFC7
005F00B7FFF00060
FFEFFFF6FFE300C2
FFE1FFEEFFD20014
0002018FFFC7007B
FFEA0005FFAA002A
000CFFD80000FFF7
00BA0032FFEE0020
000F012A000EFFC9
01C9FFDD000BFFC2
FFFDFFCEFFF6FFE9
0005FFC6FFF1FFFF
0142FFD4FFCEFFE4
0072000400210064
0003FFF9FFF700B1
008E00010014010F
00D20059FFCB004E
00D0FFFEFFC601E1
FFF80060FFEFFFFC
002500F0FFF80005
00C10087FFC70000
0044000200910154
FFEC001D0054FFFF
FFE30018005BFFC1
0072FFF800C4FFBD
005C00120014FFBA
00050035FFFF002D
0018005C004AFFE6
008EFFFCFFF6FFE7
0011FFDAFFDA0003
FFF2FFDE00060134
00080000FFEFFFD4
FFEDFFFE003F000E
0004005B0020FFF0
00B4002AFFD80178
0150010BFFE40084
00F400F8FFC5FFD8
0000008FFFF00005
FFE1000D000D00AF
FFEBFFEE0030004D
0177FFEDFFFDFFFC
00D6FFDC000FFFFF
0100FFC3FFF9FFE7
FFCDFFB9FFE5001E
0004FFF4FFE6002F
00A1FFED0004007D
0063030A0004FFFA
FFF5008D0031009E
FFEBFFF400A20007
015F002000150039
FFF700770094002D
00CD000B0002FFF2
004100F300010019
0023FFDE0030FFF9
0011FFFEFFE9FFDB
0077007D002FFFCE
000300000062FFC9
006E0046007EFFBE
01FE0018014CFFFB
FFFA0007FFF70014
003C0007FFCC0024
00140070FFDC0007
00F8001E006F0003
0030011B0034FFD2
00D5FFE7005AFFC8
007C005BFFF1002E
0007FFEAFFE4009F
FFFC0020FFD4001D
00080157FFC50057
FFF70005FF81002C
0013FFD1FFF8FFF2
00B30058FFFB0011
0003012F0003FFCD
01A8FFD2FFFFFFC5
FFF9FFD00002FFE5
0004FFC10030FFFF
011FFFD9FFF3FFEF
004C001100740044
0005FFFDFFF60032
00A9FFFD001601C3
00BC0055FFDF0054
00B3FFFFFFCD018A
00140094FFE6FFF4
FFFE002C00410003
0095008F00070007
00570002008A0101
FFDA001F00840018
0013004300350019
00DFFFF700BDFFDD
006500160016FFD0
00090013001A0045
002100330040FFF3
006AFFFDFFFDFFF3
0009FFE0FFE0FFF0
FFFBFFD600040117
0012FF9DFFF7FFDB
FFEBFFFA001C0004
FFFE001B0019FFE7
006F0010FFDE01AE
00C60143FFE1001B
00A200D1FFC9FFD8
FFFB001DFFD7000A
FFDD0008000A00AF
FFE4FFEF005F004A
011BFFEF0003FFF4
0100FFC70056FFFE
00D9FFC2FFFEFFDD
FFD3FFBAFFEC000F
FFFBFFED00020030
000EFFD100020073
001A028EFFEBFFF8
00000095FFF80050
FFE8FFFD00A30008
0135002500140069
FFF8009800830001
00A40025FFF1FFE2
008900B8FFF00005
00A4FFE4FFFF0000
00080003FFD6FFE2
00C900A0004AFFCE
0000FFF50075FFC7
0093001200A7FFBB
01D800100108FFF9
0089FFFC0021000C
008F000AFFFC0032
00090096FFEB0004
0124000900810007
0037014F0049FFED
0072FFEB0054FFC9
00650011FFF30003
FFFFFFEEFFE60076
0026001DFFD30037
000600ECFFC6008A
0012FFFFFFA60027
FFFEFFCDFFF4FFF2
0053009400040013
000600E7FFF9FFCD
0175FFD3FFEDFFCE
FFFBFFE0001DFFDD
FFF8FFC4001AFFFD
00C5FFF2FFF1FFF5
007F000500710032
0002FFFDFFF1FFE5
00A0000100030056
0084009E0019003A
008B0016FFF400FD
0073011E006DFFE7
FFF6FFF90080FFF5
005A00550010FFFF
006E000400410069
FFD5001F00640073
0038004400550011
00DDFFF2005BFFDF
005600140017FFCE
001A00010021006A
0034003A001DFFFD
003E0007FFFAFFE9
0048FFE5FFDFFFFC
0070FFC900010143
0018FFE5FFF7FFE4
FFF2000200070008
FFEB0008001BFFE5
00BBFFFFFFE30176
00B4014AFFDBFFEF
008100DEFFC9FFBE
FFF80000FFCDFFFB
FFE2FFF30002006B
000CFFF200760045
016CFFEEFFFFFFE5
0128FFBC0033FFFF
00B2FFC50016FFD9
FFDAFFBB00080007
FFF3FFCB00190075
000CFFBEFFFB004F
FFF40210FFCD0006
000000BCFFEA0052
FFE9002A00FE0021
01030043001300DD
FFFA01030080000D
005D00870002FFEC
009500A70001FFEC
00FBFFE70001FFE6
FFFF000BFFEBFFCA
0082008D0021FFCA
FFF9FFF6009AFFE8
00770026008BFFBC
0190000D00E0FFEF
00B5003500BC0014
005C003D00000014
000D0132FFF50005
006D000F00550008
FFFF015C00330022
0019FFEC0040FFEE
0037FFF2FFF8FFD0
0026FFBFFFE6FFD7
0046001DFFCF002B
000000A7FFC90035
FFEEFFF9FFDD0013
FFF4FFC9FFF8FFE7
003A00D70001FFF9
001E0068FFF0FFD2
015CFFD50002FFCA
0022FFE60037FFE0
0022FFC5000F0000
00DB0000FFFDFFFB
0071FFF500A20021
000BFFCFFFF1FFD5
0096FFE2FFFD0042
00B400650033001A
0060002FFFFF0087
00A900E10060FFE3
FFF9000600A4FFE4
004D0044000CFFFC
0078000A00300015
FFDB005E005B0085
0084002C00A90010
00EDFFEF0045FFDB
00380014001DFFD2
0059002A00200068
00840008FFFE002C
0000000CFFD40009
002EFFE0FFCBFFE8
0007FFCB0006013B
00210008FFF8FFEF
FFF40008000D000C
FFEAFFF50019FFE3
00BBFFF7FFEB0105
00D40136FFD7FFF1
0061011CFFCDFFC3
FFFA0007FFC4000B
FFE1FFF2FFEA0066
FFFA0005FFD0001C
007EFFF90003FFE2
00CFFFD50073FFF5
009AFFCA0039FFC8
FFE7FFBE00030001
FFF3FFC3004D00AE
000BFFBF00080055
FFDF0127FFE80045
FFF90104FFF8FFFD
FFEA004700A6FFE9
0048004600110053
FFF800FD00580005
000900AEFFEEFFE1
00D70027FFDCFFFB
00FBFFE8FFF4FFFD
00060018FFCEFFEA
007800A40023FFCC
FFF8FFFB00D1FFF6
00AB00340030FFBB
013AFFFF005CFFF5
00BB004501140045
003F00970009000C
0011015CFFFA000B
0073000C00390027
0025010C00110073
FFEAFFE10025FFEA
FFFAFFDCFFFDFFC3
0036FFBDFFE0FFF1
005C000BFFD60066
000000BFFFD00030
FFECFFF4FFEA000F
FFE6FFCAFFDBFFEB
FFF400ADFFF5FFF2
FFF70008FFD5FFDE
0092FFE20000FFC8
FFFCFFDF0041FFE7
FFF3FFCA001CFFFD
0041FFF6FFFD0006
0062FFDC0076002B
0001FFCBFFF2FFD7
0093FFD8FFF90040
006F006100620015
00500064FFFF0003
00E1008E005CFFDE
0003000A00A6FFE9
00380029000EFFFE
00910015FFEDFFEC
FFF0007400020090
009C001700A40011
0100FFFF0016FFD9
002C00070011FFD0
00880019004B0078
009CFFFFFFEB0078
0005FFD3FFD6000B
003BFFEEFFC7FFE4
001FFFC7FFE70130
00200010FFD2FFFD
FFEFFFF7000C0013
FFD3FFEB002BFFE3
00ABFFEEFFF300A3
00B9010BFFD2FFEB
0028012CFFC6FFC7
FFF9000AFFC0000B
FFDAFFF6FFCF007D
001E0002FFD90036
0112FFF9FFF4FFE6
0099FFD4003EFFE7
001EFFCA0066FFD0
0006FFBDFFFCFFFE
FFFBFFBD008F00B4
005FFFD00017002B
FFCC0079FFE7006B
FFF500F00000FFF9
FFF00077007AFFE6
001D007900120045
FFF6010000330003
FFFB00CA000CFFE0
00580000FFFF0002
00C2FFDAFFFD0023
00780005FFF6FFFA
0060005D0020FFCE
FFF0000600BD0003
009600260005FFD8
00B00000003EFFF0
00E4008F016A004D
004A00DD0010FFFE
00070141FFF4FFD1
004D0012FFFD0007
001D00CE00010077
FFE0FFE0FFF8FFEE
FFFDFFE3FFF6FFC5
0032FFBFFFC20006
003CFFE8FFFF00B8
0001003CFFF2001C
001DFFE2FFE10005
0003FFC6FFECFFEE
FFDE00C4FFDAFFD7
FFFE0001FFD80021
008AFFD80004FFF9
FFEBFFD600270014
FFFFFFC6001EFFFD
0007FFFF002C0002
0062FFC300900030
000AFFFBFFFEFFDC
0034FFEA00060030
006E0059007F000C
000C0087002BFFE8
00E400290019FFC5
0034000500D0FFC3
0004003B0015FFFF
00950015FFE1FFEF
FFF800AAFFDC00C7
00A2002B0047000D
00D2004E0006FFD8
000F00C60004FFD3
00C000610037005B
00E6FFF5FFE600BD
000BFFDCFFD3000F
00290001FFCBFFE5
003BFFFFFFDE00EE
00090038FFE00005
FFEFFFFB000C0002
FFCDFFEA003BFFE6
007AFFE0FFFA0044
008A00D0FFCBFFE5
002A0138FFC4FFEA
FFFA000CFFBFFFC9
FFE0FFF3FFD30023
003A0018FFEA0025
009DFFF9FFEEFFEA
0040FFD40039FFF4
0021FFD1009DFFE3
0009FFC0FFF6FFFF
FFFAFFC100FD0107
003DFFE5001E002F
FFD10009FFEE007A
FFFD00E10010FFFB
FFF200470042FFE7
000200570008002F
FFED00E60018FFFF
FFF100A1FFEEFFDC
004BFFFEFFCF0010
00D5FFF3FFEA0021
00BE000EFFE1FFF9
004E00370012FFD0
FFF00000009B0003
0071004CFFF3FFDD
0068FFFFFFF1FFCE
008E00A301300026
001401310006FFFF
0009011CFFFAFFCF
00380012FFDD0021
0030004B000000DE
FFDEFFE4001DFFFA
FFFDFFEC0019FFC6
004CFFD5FFF60010
0044FFE1001700F2
001F0034FFFFFFF8
001AFFEDFFE8FFEB
FFFEFFD1FFEDFFD7
FFD1007AFFDFFFC3
FFFA0001FFCF0062
0075FFD9000AFFF5
FFEAFFD800280020
FFFBFFCD001BFFFE
FFF900010040001B
002BFFE500980011
FFFD00090000FFDE
001A0024FFF50023
003B0034005EFFFD
0018009E004EFFC5
00BA0001FFF9FFBD
0031FFE40037FFC0
FFFF000FFFF2FFFD
002D000DFFE3FFE7
FFED00B7FFC700AA
00980000000B000F
00A20055FFFFFFE7
FFFF0087FFECFFD3
005F0056FFE40034
00B5FFF0FFCD0106
000AFFDEFFCC0013
00280003FFC5FFEB
00400008FFE60083
002D0083FFDD000F
FFF300040006FFF6
FFCBFFE0003FFFC3
0047FFA4001D0007
006B0082FFE3FFE4
00040163FFDB0006
FFFB0009FFC7FFE9
FFE5FFF0FFD90008
00510015FFF20040
0066FFF9FFEEFFE3
FFFEFFD7002FFFF4
0002FFE900BC000A
0016FFC3FFF9000E
FFF9FFBD012C0142
0027FFEC00430004
FFD2FFE7FFF400AB
FF98000D0018FFF7
FFFF005B000FFFE3
FFDC004200020010
FFC40094FFFCFFF5
FFFC00440008FFDA
0037FFFAFFE50007
007000140000001E
0149001C0003FFFD
00410005000BFFCF
FFEA000100790007
00430041FFE7FFE2
00220000FFEE0003
007E00830142002E
000E01190007FFF1
000200F1FFFEFFD6
002A000EFFCE0035
0031002DFFF700B9
FFDEFFE70002FFFD
0001FFE6000BFFCA
0060FFE2FFEC001C
0023FFDA002A013B
001600350004FFF6
001AFFEA000A0005
FFFCFFD6FFFFFFFC
FFD00073FFE7FFDC
FFFBFFFFFFDA00AA
003AFFDD0011FFF7
FFE8FFD7001E001A
FFEFFFCA001BFFFB
FFDCFFFD00580001
0026FFC000410016
FFFFFFEF0015FFDD
001D001100120019
0035001E007DFFF6
0000009E0082FFC7
00A60009FFF1FFBF
0066FFE60024FFC2
FFE7001AFFEEFFFE
002F000CFFD3FFD1
FFEF00B7FFC1009F
007FFFFFFFBD0003
008F00B9FFF3FFFA
FFFB008B0001FFD0
005D006A003F001B
00E0FFF0FFD90124
000EFFDEFFDD000A
00320013FFE5FFE4
00440001FFF20060
001C0065FFE6000E
FFF60003000FFFFC
FFCEFFE0003EFFC6
002E00000017FFF6
004F006AFFDFFFD4
FFFF0181FFDA0015
FFE50004FFC8FFE1
FFCFFFF4FFCD0002
002F0008FFF9002E
0042FFFDFFE9FFE8
FFF5FFD6002CFFF5
FFF2000100DE0015
0005FFEAFFFAFFFE
FFE2FFC6015B0100
0009FFFE00490002
FFD2FFDFFFF90077
000000160009FFE9
000B0041FFFCFFDB
FFF8002BFFD0000A
FFE70063FFE9FFF1
FFE800500004FFE6
0031FFF7FFDC0008
002F0033FFF90024
016A00260001FFFD
0030FFF3000DFFD4
FFE9FFCF00680003
004B0027FFE3FFE4
FFF5FFFFFFDF0017
000F008E012D002D
001201310006FFE9
FFF9009AFFF6FFD9
00540013FFCE0069
004EFFF6FFE200EE
FFDEFFCAFFE10012
0001FFE90003FFEC
004AFFDEFFE30025
0006FFCE002B017E
001D00980029FFF6
0015FFF200070008
FFF3FFD8FFFC0003
FFD10039FFE9FFDF
FFF7FFFEFFE100CD
003AFFDF0012FFFD
FFEDFFD300110011
FFF6FFD70017FFF6
FFD0FFE10091FFF9
0021FFD100230031
FFFDFFF0002BFFD7
0010000A000F000B
004200020082FFF3
001100C20086FFC6
00460015FFF0FFBC
00A6FFFDFFFDFFBC
FFE60012FFD7FFEF
0018000BFFC7FFEE
FFF200D3FFBC00B5
004EFFFDFF8A0004
008300FD00010009
FFFB0082001C0017
0072007800A80044
00C0FFF0FFDD0150
0011FFDEFFE4000E
0026000FFFD6FFE8
003BFFFBFFDC0012
00300038FFDC0013
0002FFF90020FFFF
FFFFFFE80050FFCB
001900000024FFD6
00300025FFD90000
FFFF0188FFE90055
FFE4001FFFCCFFEC
FFD60004FFD60001
0039FFFDFFD50048
003EFFFEFFCCFFEB
FFF2FFC200180005
FFE5000800FC0054
0001FFE6FFF7FFFF
FFDFFFC901470133
FFFF0001003A0007
FFBEFFE2FFFC0060
FFF10005000CFFE6
FFFD0017FFF3FFDE
FFE00002FFCEFFF1
FFD40037FFE4FFE9
0000002C0005FFE8
002BFFF9FFD6FFF7
00070055FFFE0014
0180000E0002FFFA
0035FFDFFFFFFFDA
FFEBFFE2002E0001
0035002DFFDFFFE8
FFE8FFFFFFD70019
0006008801000013
001101360004FFE5
FFF30056FFFBFFD9
003D0011FFCD0071
0064FFEFFFD200CB
FFDFFFCFFFDE001E
0005FFED0005FFF2
0043FFEFFFE6001A
FFFDFFC500370165
001A00A90035FFF0
FFFAFFF000010017
FFE4FFE3FFF60009
FFC80021FFE3FFE2
FFF0FFFDFFED010D
0015FFE50013004B
FFEFFFD000040021
FFF1FFDE0013FFF8
FFCDFFDF007DFFED
001EFFD4000B0030
FFF7000A0042FFD8
00190004000C0006
003EFFF20053FFF3
000C0055009EFFC8
004FFFFFFFEAFFBD
00C20012FFE9FFBF
FFE8001CFFE6FFE4
0017001DFFC1FFF5
FFF400F1FFBD00A0
0037FFFEFF6A0015
006E0134FFF10033
FFF8007E0010000E
00680061004B002B
00AAFFEFFFD30167
0011FFE00005000A
001E0013FFF5FFE7
0041FFF9FFE4FFF4
003700280000FFCD
0015FFF60029FFDD
0001FFE80046FFCB
00050000001BFFC7
001E0012FFDBFFF6
FFFC01630000003A
FFE50023FFE1FFDE
FFD30001FFDFFFFF
002FFFF8FFCE004B
0013FFF8FFCCFFEF
FFEFFFC100120008
FFDD000B01200086
0001FFEEFFF80000
FFDDFFD1017000D9
FFEBFF9300250008
FFBFFFD4FFFC0059
FFE3FFF0FFFDFFE4
FFFC0005FFE0FFEC
FFDB0000FFC2FFDB
FFD4FFFCFFDAFFE8
FFFEFFFA00010001
000EFFD3FFD10065
FFFE0042FFFC0030
00D00001FFFFFFFE
0025FFD8FFF3FFE4
FFE9FFF100200001
002C0048FFDFFFE7
FFE6FFFFFFD90031
FFDB009200F6002B
000701210006FFE2
FFE90014FFFBFFD9
00470013FFCD007E
0064FFF1FFD500BC
FFDCFFD2FFCE001A
000700000006FFEF
0042FFFEFFE50020
FFF8FFCA00390171
001C00FE004DFFEF
FFF9FFEB0001001E
FFE4FFEEFFF4000B
FFC9000CFFE5FFE4
FFECFFFEFFF90159
0010FFF00026000D
FFF6FFCFFFFF004A
FFEDFFE2FFF0FFFE
FFCEFFD40050FFF0
0017FFE1FFFF003B
FFF6000A0018FFD6
001B0002FFF00002
0043FFE00035FFEE
001C0055007FFFC5
001F0002FFE8FFBF
010E005AFFD1FFBF
FFE500100007FFED
FFD2001DFFDAFFF5
FFD90101FFCD006E
00160003FFB10012
006D019D00070052
FFF4009200650012
007B0093007C002A
00B2FFF1FFDB014F
0010FFE000050008
0001000EFFFBFFE8
0036FFF0FFE6FFD1
00420032FFFCFFC9
003AFFF5002BFFD6
0001FFF2003AFFDA
FFFB0000001BFFBD
0009FFF8FFDA0006
FFF300F00000009D
FFDB003BFFE8FFDF
FFCFFFFFFFE80003
001BFFFDFFC3006D
0025FFFAFFCDFFF0
FFEEFFC3000E0011
FFD5000401180087
0000FFF3FFFBFFFF
FFDEFFD1017D00CF
FFE0FFF200140007
FFC5FFC00000002D
FFDAFFD1FFFFFFE9
FFFBFFE8FFD1FFF2
FFDCFFFFFFC6FFCF
FFD5FFFBFFD20004
FFFEFFFB00010021
0004FFD2FFD400B7
FFF90057FFFD0014
00D6FFEFFFFC0000
0014FFCBFFF8FFF3
FFE700020012FFF0
000D0059FFE6FFC5
FFE20000FFD00031
FFCB00A000D60017
000501140002FFE1
FFE90005FFF9FFE2
004AFFFEFFCD0087
007AFFE1FFCC007F
FFE2FFCCFFC80024
000EFFFF0005FFF3
00390005FFE70028
FFFBFFE5004A0154
000E01290069FFEC
FFF9FFEEFFFC0022
FFE70000FFEF000C
FFC8FFF0FFE1FFE3
FFEBFFDD00010174
000400000052FFFF
FFF9FFD900000013
FFEBFFEBFFFDFFFB
FFCDFFCD0075FFE0
000DFFF400010034
FFEF002C0030FFDF
0004FFF8FFFDFFEF
0052FFCA0011FFD5
0021004100ACFFBB
00000001FFE4FFC2
00D500C0FFC9FFC5
FFDF00260016FFE5
FFEA0019FFDAFFE5
FFBC00FDFFCE0050
0005FFFEFFAB0013
004301710015007B
FFF3004E00A6000B
006C0076007C001E
00A4FFEEFFDB0153
000DFFDE000F0003
00060011001AFFE7
002CFFEAFFF9FFBF
0034001EFFFEFFD0
0068FFF20049FFE0
000100060014FFF7
FFEE00100036FFB9
0004FFFAFFDA0010
FFF300F6FFFE00DA
FFD8004AFFFCFFEB
FFCF002AFFFF0002
001DFFF7FFC1005A
001EFFFAFFCCFFEE
FFEFFFD0000B0017
FFD20008010200A4
0003FFFCFFFEFFFE
FFDEFFDF015D0089
FFD8FFCF00090009
FFCBFFC800010026
FFD1FFDD0002FFF3
FFFCFFD8FFDEFFFE
FFDDFFEFFFCCFFC3
FFD4FFE4FFD10019
FFFBFFE8FFFE0032
0001FFC1FFD400D0
FFF90037FFFD0001
00CDFFE1FFF5FFE8
0004FFCBFFFAFFFF
FFE80006FFEAFFE1
FFF20076FFBAFFCD
FFC30000FFC50049
FFBD0088008BFFFB
000100D1FFFEFFC8
FFEE000CFFF2FFEF
0048FFFDFFCC0073
009FFFE3FFCD003D
FFEAFFCDFFCB0039
0016FFFF0003FFF8
002C0016FFE9003C
FFFFFFE900540110
001B013A0085FFEE
FFF7FFEFFFF70023
FFE6FFD0FFE9000B
FFCEFFD7FFDDFFE7
FFECFFD6000C018E
0003FFFD00410009
FFFCFFD800040034
FFEBFFEEFFF8FFFE
FFCDFFD20062FFE0
000CFFF7FFFC002E
FFEA0036000BFFEC
0015FFEAFFE4FFE4
0050FFC50002FFCE
0042002B0078FFBA
FFF70003FFE1FFD1
00C80143FFC6FFC0
FFDA00170021FFE6
FFDD0014FFDEFFD1
FFC600DDFFD00020
FFFBFFFCFFC10015
FFC8014E002E0098
FFE8003C00880007
003A009000320015
007CFFF1FFE1011C
0005FFE1000F0000
00010010000FFFE7
0032FFE6FFFCFFBE
003300190007FFD7
008CFFEF004CFFCD
0000000400000012
FFEA00140016FFFF
0002FFFDFFD70043
FFF300BAFFF90137
FFD9007C0027FFEF
FFCC00480025000B
0020FFF7001B006D
0014FFF7FFF5FFF0
FFF2FFD400040025
FFD20008010400C6
000500050003FFFE
FFE1FFF001310060
FFD0FFD700030007
FFE4FFD20004FFFD
FFD0FFFCFFFD001B
FFFDFFD3FFCF0022
FFDBFFF4FFCA000D
FFD2FFD3FFDE0037
FFF9FFD7FFFD0071
0001FFC0FFD900FF
FFF8003900020001
00B9FFDBFFEFFFE3
FFFAFFCDFFE8FFFF
FFD5000AFFD2FFDB
FFE500B7FFBBFFD2
FFC2FFFFFFC30056
FFC3006C0051FFF0
000000C2FFFDFFCA
FFF3000DFFEE0001
0049FFFDFFCC00CC
00A4FFE1FFCEFFFF
FFF6FFCBFFCA000E
001C00000002FFEF
00250029FFEA0047
0003FFE8005500E3
00120168008DFFEA
FFF6FFF5FFF70024
FFF1FFFCFFE80008
FFDAFFC8FFDCFFEA
FFEDFFCA0005017F
FFFBFFF800470004
FFD6FFD30004005F
FFDDFFF7FFF2FFFE
FFBEFFC70044FFE1
0001FFFDFFF9002B
FFE6006600060001
002DFFECFFE00005
0064FFC7FFF5FFE1
00430026FFD7FFC5
FFF40003FFD4FFE2
00AD019EFFC1FFC6
FFD600280025FFDF
FFE00011FFE3FFC4
FFD900C5FFD00002
FFEAFFFAFFCE001C
FFC60152002E00AF
FFEF004500A40004
0023006000360010
0053FFF1FFE20112
0001FFE00014FFFE
FFFE0011000FFFE8
0011FFE50003FFC3
001E001B0022FFD9
00BEFFEE007DFFC9
FFFD001AFFFF0015
FFE30025000CFFFE
00010002FFD8005E
FFF1009CFFF6014D
FFD80072004CFFF3
FFCA00520038000E
0021FFF6001F0068
001AFFF1FFF1FFEF
FFF6FFDD00060024
FFD2001300FE00A9
0009000E0003FFFE
FFE5FFF80105002E
FFCFFFD3FFFF0006
FFFFFFEEFFE5FFF6
FFCEFF5AFFF6002B
FFFEFFC6FFC0003B
FFDAFFF2FFC10012
FFD0FFC5FFDA0059
FFEDFFC9FFFB0079
FFFDFFBEFFE50119
FFC4003A000EFFFF
0008FFDBFFF2FFDA
0007FFCEFFF2001C
FFEE0018FFCFFFED
FFF200BBFFBCFFD8
FFD10000FFC0005F
FFC8005B0017FFED
000000B1FFFBFFD0
FFFF000DFFE70006
0044FFFBFFC700DD
008CFFDEFFCDFFD3
0017FFC9FFD3000C
006F0016FFEBFFFB
001A0012FFD00039
0010FFE8001C00CE
000A01D70067FFF0
FFF6FFFCFFF4002C
FFE7FFF2FFE50001
FFDFFFC6FFDCFFEF
FFE1FFC1000D0143
0003FFFE00240029
FFFFFFD70003004A
FFEFFFF1FFEFFFFE
FFCCFFCA003DFFD6
0009FFFDFFF90044
FFE9002C00030042
001BFFEEFFDD0005
0086FFC8FFDAFFE6
005E0020FFCFFFD3
FFF30003FFD4FFDC
00A40220FFC3FFD2
FFD500440022FFD5
FFD70010FFFAFFCB
FFFB00AAFFCA0008
FFCF0003FFDB0012
FFC601DB005C0077
FFFC00280084000A
00090065001A0008
0029FFF7FFF400E0
0034FFE7000FFFFD
000A0015FFF7FFF5
0009FFF1FFF3FFC2
005A000A0001FFD4
00B5FFEE0061FFCE
FFF90024000D0010
FFE3003BFFF6FFF9
00030005FFC60077
FFFB0099FFDD0119
FFD1008600730012
FFC300590073005F
002EFFF1002000FF
002BFFF6FFF0FFFE
FFF9FFD7000A0058
FFDE001B00CB0091
FFFDFFFF00030000
FFBC0003009A0030
FFBEFFE6FFFA0007
FFF9003BFFE5FFF2
FFCB0001FFFB004C
0006FFDBFFC10070
FFE5FFFEFFBC001D
FFCDFFD4FFE6008B
FFE5FFC70007007D
0001FFBAFFDF013C
FFF400400015FFFA
0074FFD7FFE8FFD0
000EFFD00001000C
FFF20005FFDFFFE7
FFF800A8FFD8FFD1
00120007FFD1006A
FFF5005CFFE1FFE9
00140087FFE8FFD2
00230010FFC10003
0140FFFFFFBD00A6
008EFFD9FFD5FFCA
0063FFC7FFE00009
009E0077FFCE0018
001A000DFFBD00B0
000FFFE5000D008B
001D02380033FFF8
FFF30002FFFDFFF9
FFE8000AFFEBFFCD
0004FFD4FFDCFFEA
001CFFCE000E00FE
0038002F000A0012
000BFFE3FFFF0036
FFF6FFE4FFEB0002
FFE2FFCB0029FFD0
00130004FFF5006B
FFEEFFFC0002009B
002AFFC9FFE70001
00C3FFC0FFCDFFEE
0067000BFFE10003
FFF2FFF8FFD0FFF7
0085027DFFC1FFEB
FFD300690015FFE2
FFDC000D00470059
FFFF00A00005003A
FFE10013005E0004
FFEF018B0084004C
000B0047001A0012
004D006A00010002
0031FFF700310097
00C1FFED00410006
001A0017FFFC0000
FFFBFFFDFFFDFFC1
FFF300250002FFCE
0059FFF3006BFFD3
FFEE0022002C0006
FFD00032FFE8FFFC
00020006FFC7008B
003400A5FFFF00CA
FFFB007900750018
FFDD005100AD009D
002CFFEA0025011D
0062FFE8FFEDFFFC
FFFEFFCA00040058
001E0034008A0064
FFF0FFEE0002FFFD
FFCC000C00610025
FFC7FFEA00080003
FFF000C80003FFEF
FFC8000000020067
0002FFDEFFF30084
000D0001FFD70022
0001FFDC0001009C
0050FFCC008E005E
FFFFFFCAFFEE0163
FFCC004A0038FFF4
FFF4FFDDFFE1FFCD
0006FFD4000BFFFF
FFF60009FFDFFFC0
0002009DFFF0FFC3
0058006FFFE70049
FFFA003DFFBCFFEB
002F0076FFF5FFDB
00310007FFC10000
01ADFFF8FFCC0097
008BFFD1FFD7FFCB
00A3FFC4FFE30002
00AE00C7FFDC0045
FFEF0021FFBB00EE
FFD1FFE700030048
0002025E003FFFFC
FFE500020000FFF1
FFED0006FFECFFE0
0007FFD2FFDD0003
001DFFD5001D0090
005D003600030012
000DFFE9FFF80062
FFFFFFE4FFE60007
0009FFCF0015FFD3
002D0003FFF3004B
FFFDFFE6000200D9
003FFFD6FFEF0001
00D8FFCAFFC9FFF7
00540004FFF30018
FFF5FFF8FFD4FFF8
008602BBFFC1FFF0
FFED00570005FFF4
FFE60007008400C4
FFFB008200040032
FFD5FFFF00600003
FFFC00B000950022
000800250002000C
00120061FFF30009
0035FFF900390037
012AFFEA00350004
0027000FFFF8FFFD
FFFC0000FFFCFFBE
FFE300300003FFCB
004CFFF70070FFDE
FFE5002B00500000
FFD0004FFFDD0017
00030005FFC90100
0054009EFFFF0085
FFFA00B1003F0069
FFDB0045009A007E
0017FFE900200127
009EFFF2FFEDFFFD
0002FFC500090050
0052002600710038
FFF4FFEE00020000
FFD0000F0038FFF3
FFD7FFEB001BFFFB
FFF101660002FFDD
FFC5000500060053
FFF8FFE0FFF10069
0026000AFFD50021
FFF4FFDF00110098
0071FFCA008E005E
0003FFDCFFF0011D
FFEF00330043FFF5
001EFFE2FFDDFFCE
001CFFE10010FFF8
FFF80001FFEAFFC0
001C00440011FFC2
00E30034000F001A
FFF50031FFD8FFE9
003E003FFFF4FFE8
005B0002FFBFFFFC
01CCFFF5FFDC003D
0040FFCBFFF0FFCF
00C9FFC8FFE0FFF4
00770124FFCC0037
FFE70002FFBA00C3
FFCAFFE200000011
0007027500170015
FFE7000E00040004
FFE70003FFEFFFFA
001BFFD3FFDF000E
001CFFFF00220040
00B60060FFF5004B
000CFFFDFFCA002B
0013FFE7FFC90000
0042FFD6FFEEFFCE
00420005FFF10079
0001FFE2000000F6
001CFFE0000B000D
00E1FFEBFFD30014
0032FFF9FFEE00AE
FFF8FFC6FFC5FFFF
0039025CFFBEFFF2
000C0093FFF6FFE7
0000FFFE00BC010D
0026006A00030089
FFE5000F00460007
001400A10083000B
0004002D0010000D
0002007CFFEEFFFE
00500014008F000F
017600040025FFFE
00290012FFF80005
FFF8000CFFF9FFD0
FFDF005A0000FFD1
003300000072FFE4
FFE00030006D0000
FFD7004AFFD5004A
00000001FFCF00FF
007D0090FFD20039
FFF70070002E0063
FFE00021009000B6
0001FFEA001A00FC
009AFFEDFFEEFFFE
0030FFC2000F0054
00D8002100610006
FFE2FFE30012FFFF
FFDE000A001CFFEF
FFF5000B0015FFF6
FFF7027B0027FFDA
FFCA000C00080055
FFFCFFE6FFFF0068
00450019FFDC0018
FFEEFFE900380070
0092FFD300750010
FFFD000DFFF3011D
FFEA003D0039FFF5
FFF9FFF2FFD9FFD0
0029FFEE003CFFE9
FFFAFFFEFFF7FFC2
003F00210027FFCD
01310058001D000E
FFF3FFFCFFDAFFE8
00440007FFFDFFEC
0055FFE6FFBEFFFA
01FDFFDFFFF9000A
0068FFC30000FFC6
00C4FFBF0011FFE8
00890142FFED0041
FFE3000DFFD200AD
FFC6FFE0FFE3FFFA
0006027A00010008
FFE300040004FFF9
FFED0001FFFD0005
0012FFD1FFEA0008
0009FFFD0031FFFE
00D6004CFFF4FFF6
000EFFFFFFCBFFFB
0035FFEBFFCAFFF3
006CFFDCFFF7FFC4
0035000AFFF10071
0000FFE600020100
0034FFE4001A0030
00C60002FFD40027
005FFFFFFFE9009A
FFF8FFF8FFD8FFFD
00160255FFC7FFF3
00110068FFF7FFF3
0000FFFD00EF00FE
0044005F00020097
FFE1FFFC00390008
0020002F006AFFFE
000200240014FFCD
0002006DFFEEFFFF
006F002E008E0007
01A3000100290001
002D0005FFFB000A
FFF7000EFFE9FFF0
FFE200790002FFD5
001B00000061FFE8
FFDC00210087FFE4
FFD3003BFFD30024
FFFF0000FFE800D2
00680082FFC80000
FFF400560019002C
FFDA002D0069007B
FFF8FFE6001500BC
008BFFF7FFECFFFD
002EFFC100070039
0110000E0070FFFD
FFE2FFDF000AFFFF
FFE50006001BFFE3
000A000C0047FFEC
002802E10008FFD9
FFDB000300070036
FFDCFFDA000C0066
00890019FFF90004
FFF7FFDF004F0051
00E3FFD200970000
00100012FFF7004B
001F001D004BFFE6
0018FFF9FFD9FFCA
0043FFEF005CFFE5
FFFCFFF90004FFBF
0089FFED008AFFDD
01AB000800420001
FFFAFFFEFFDCFFFA
00470000FFE3FFF9
0056FFEDFFBCFFE6
0226FFDEFFEDFFF9
006AFFDBFFF2FFC4
00AFFFC2FFFBFFE0
00640160FFEE004C
FFDD000EFFCF00AB
FFC5FFE1FFCFFFF2
00030238FFE8001D
FFDD0004FFEFFFFE
FFEFFFF0FFD2FFFC
0004FFD4FFCB000C
0000FFFD0025FFCE
00900023FFECFFDC
FFFDFFFFFFCAFF56
003DFFEAFFC6FFF4
0093FFDFFFFAFFBF
0021FFF8FFEE007E
0010FFC6000700F8
0029FFEF00250040
00BD001BFFDF0079
0020FFFDFFE00086
FFFB0018FFE4FFF9
001001FAFFF2FFFB
002F0084FFF5FFF6
0000FFFB010D00DD
001A0049000100E2
FFDFFFFD00530009
001F0003006EFFF4
FFF5001C0017FFD1
FFEB007DFFF10003
008E00690088FFE7
01BD00030004FFCE
0027FFFDFFFB0004
FFF5FFE7FFED0011
FFDB0015FFF2FFE1
0009000000200002
FFD900210086FFFA
FFDA004FFFCF00B0
00020026FFF600E0
009700BAFFC1FFF2
FFF2007D0001002B
FFE0002200290062
0001FFF4000A0088
00B4FFC7FFFA0015
0034FFCF00060079
0179000400580004
FFE2FFE0001B000F
FFE800150002FFEB
000C003200350005
000202E70035FFE2
FFE200070008001D
FFDDFFE3003B0048
00B4002AFFF80017
FFFAFFFD00790023
0111FFDF0050FFEF
FFFD000FFFFD0037
003EFFF40042FFEA
001FFFD5FFDAFFCF
0059FFFF0062FFD5
FFFEFFFE0008FFC0
00E5FFD100C6FFD1
020F0007006AFFFD
00470002FFDEFFF5
007E0048FFD8FFFD
004CFFFFFFBDFFEB
0244FFEEFFEAFFF3
0051FFFDFFFEFFC2
009FFFC7FFEEFFD3
00620134FFDB0026
FFD50002FFCA0092
FFC2FFDCFFC5FFF6
000001C1FFE10034
FFDD0008FFDD0002
FFF3FFF4FFD2FFFF
0002FFF1FFCB000E
FFFEFFFB0033FFCB
00A8000DFFEDFFE3
FFFAFFFFFFCBFFFC
004DFFE9FFC7FFF7
00A9FFE6FFFCFFC4
0015FFEFFFF3005A
0019FFC50009008D
001EFFFB00470056
00BB002DFFDF0084
0003FFFFFFDB008A
FFE10030FFFDFFEA
000B0159000FFFEB
003A008B0001FFFF
0005FFFB012200B5
0031005D00000132
FFE70004005A000E
0030FFFC004CFFEF
FFF6FFFE0017FFD1
FFF00069FFF30011
009400860095FFE8
01E400130070FFD7
0020FFFFFFED0009
FFF3FFE4FFE3005F
FFD60013FFF7FFE4
FFFF0008000E0009
FFBF000A0099FFF7
FFF1004EFFD000E6
FFF70058FFE70089
006E00BDFFC1FFF0
FFF0006800000044
FFE4000000150037
0007FFEC00030070
00B40007FFFD0003
0081FFDD000D0081
019BFFF6006F0006
FFEAFFCF0008FFFC
FFE000060002FFE9
000E00420050FFF0
FFF9032F003CFFDF
FFC7003200090010
FFD4FFE000A90030
00B50021FFFF0042
FFFB001300870001
0114000B0033FFDB
FFFF008FFFFC0014
00A2FFF0002CFFEB
FFFFFFE1FFDDFFD0
008C00270071FFD1
FFFE0009002EFFBD
0125FFD600D5FFDC
0238000C0061FFFC
011BFFE2FFDBFFF6
00830001FFD00005
002F0022FFBEFFFC
02260003FFE90017
00AA0037FFF4FFCC
0029FFE1FFE6FFC2
00650119FFE80025
FFD70001FFCF009F
FFC9FFCDFFC4FFFC
FFF30175FFDC0062
FFDB0006FFB80009
FFF1FFEBFFCEFFF5
FFF30017FFC70005
FFFC00200024FFC9
0035FFEBFFF2FFDF
FFE8FFD2FFC8FFF6
0037FFCCFFC8FFEB
0070FFE80000FFBC
000CFFD5FFF1004B
003BFFBE000B002A
0070FFFF005000D8
00C2006B000C0092
0004000AFFFC006B
FFE200F4002BFFE3
FFE000A1005CFFEA
002000760010FFF6
00160000011A0079
FFF2002B000101A2
FFD200000048000A
0027FFED0035FFE5
FFF1FFF80015FFD1
FFEC0041FFF8002E
00CD009E0074FFE6
01DA00020010FFD3
0013FFFCFFFEFFF3
FFF3FFD9FFE800EB
FFD5000F0002FFE8
FFE60018000E000F
FFC4FFFF00D9FFF3
FFF80006FFD30117
FFF60058FFE0007B
007A00A5FFC1FFF0
FFE80036FFEF004A
FFF20000FFEB002E
000BFFF0FFF4007A
00BA0010FFEEFFF9
0091FFE3FFF80017
016DFFE9005CFFEF
FFFFFFCB0002FFFB
FFDC001C0020FFF1
000C0070005CFFDE
FFEC02E20033FFE0
FFCE003D0011FFF7
FFC3FFE70108FFFE
00EB001B0007005F
0000001B00D20003
014200160037FFD9
001F00C7FFFF000D
016BFFEE0027FFEE
FFFE0002FFE2FFD7
00C400180070FFD3
0000000D0059FFBF
01A3FFD200DFFFEE
01C700070062FFE0
01D8FFF6FFDEFFF3
0075000AFFCE0008
0008003AFFC2FFFA
01C1FFFEFFE7000F
007B004BFFD0FFE4
0016FFE1FFE0FFCA
009000ADFFF0FFF8
FFD90000FFE6FFAC
FFD0FFD1FFC3FFFB
FFF000C7FFD60020
FFDF0000FFB6FFFA
FFFAFFF4FFD0FFE8
FFCA0041FFC9FFFE
FFFD00000029FFBD
00B4FFE1FFF6FFDE
FFF2FFCEFFCAFFFC
004FFFC6FFCAFFEE
0055FFDD0008FFBD
FFFDFFCFFFEE002F
0007FFBA0006FFE9
001DFFEC00570029
00480070003C00A0
FFFE000BFFF8000E
FFF100FC0040FFDE
FFECFFFD0092FFE2
002800460014FFFB
001FFFF600E30023
FFED0020000101C2
FFD40003004E0009
0024FFF20000FFEB
FFF0FFFFFFDFFFD5
FFEF0018FFF80042
008E00A60027FFE4
019100030004FFD4
00080009FFF7FFEA
0001001AFFD300BB
FFF600170001FFEB
FFE3001BFFF3000D
FFDCFFED0096FFF5
FFFE000BFFD900DE
FFFD0057FFDB0005
005600ABFFC1FFF7
FFE50026FFCB005D
FFE90006FFC9FFFE
00300006FFF5002F
004700280000FFF5
00A5FFF8002D0013
0190FFE800AAFFF6
0044FFCFFFFEFFFF
000700460027FFF6
00820075004CFFEA
FFDC02410033FFF0
FFD90059000CFFDF
FFC6FFF90145FFFF
00A7001B0006008C
0004004700980006
01240018002AFFDD
FFFF0088FFFFFFFA
019CFFF2001AFFC8
000C0003FFE8FFC2
00AD002B0062FFD9
FFFF000F0069FFC5
01AAFFD700A00006
01610007008C0002
0288FFF7FFDD0038
00630005FFCE002E
FFFC005CFFC5001D
0098FFFAFFE70039
00750060FFD00003
FFFBFFE1FFF2FFE2
001B006EFFFFFFDD
FFD60001FFFCFFE1
FFE0FFD3FFC0FFF8
FFDE0067FFE60026
FFDD0001FFA6FFFB
FFFE000AFFD3FFE6
FFC5006DFFCC000C
FFFD00080028FFD6
00A9FFE1FFFAFFDA
FFF0FFD4FFCFFFFD
0046FFCCFFCCFFD8
004FFFF30008FFC4
FFFBFFC4FFE60042
000BFFBE000EFFDF
0020FFDB00450026
0043008B00680083
FFFB001EFFF5000D
000401230045FFD9
FFEFFFFB0083FFE0
002F00360017FFFF
001EFFFB00A8FFEC
FFE50013FFFF0146
FFD3FFFF005F0001
0017FFEBFFFFFFE6
FFEDFFFAFFE4FFD0
FFF6001DFFFD0040
00A900BB001CFFDE
010300060001FFE1
0000000FFFF9FFE9
0008FFEDFFD50115
FFF1FFFC0009FFF3
FFDE0004FFF60011
FFEAFFDF00ABFFF3
00130002FFE100A7
00260078FFD6FFF8
00620085FFC3FFC8
FFE5002BFFC50008
FFE60006FFBE0000
0026000CFFF30025
002A004C0001FFF2
0089FFFA00330002
013EFFE200B6FFF1
006EFFD1FFFCFFFF
0008004800450003
008C0098002F006F
FFD5018C003FFFFE
FFE7006E000AFFE4
FFC500010159FFEC
00A1001D0003005B
0002005F00AAFFFE
00EF003D001DFFDC
FFFB00710001FFE6
017EFFFA0001FFCE
00230014FFEDFFC5
008200540038FFD1
000F000F007FFFCB
022CFFD700AE0015
014B00010064FFFF
029B0007FFDF0047
00440087FFCB0039
FFF900EBFFC6001A
00830008FFC8003D
0075007DFFD70033
FFF9FFE3FFF7FFDF
000F00620007FFC7
FFD800020001FFE6
FFFAFFCCFFF7FFE7
FFCF0052FFE00067
FFDEFFFEFFF70001
FFE20006FFE0FFEF
FFC400D3FFCFFFF8
FFF4000E0013FFBF
009DFFE1FFFCFFE5
FFEFFFD7FFD2FFF5
0018FFCFFFCFFFE2
0036FFFE0004FFC7
0008FFD6FFEE0014
0070FFD1001DFFE0
002FFFC000330023
003D00830092007E
0004004DFFF4FFFF
002200FC0028FFC9
FFE6FFFF008FFFDB
002800220015FFF3
00340004005DFFD3
FFE20047FFFF018E
FFEA000000800000
0010FFF5FFF7FFEC
FFEBFFFFFFE2FFD1
FFFA001F00010037
00AE0076000DFFEF
00A400080000FFD0
0000FFFCFFEBFFDA
0002FFCAFFD9013B
FFF00011FFFAFFF8
FFDC002CFFCF001B
FFE6FFE5005CFFF3
00140008FFD90078
002100A7FFD6FFFE
003800AEFFC3FFCB
FFEA001BFFC30011
FFF50007FFBCFFF9
001B0026FFF1001D
0016002E0000FFED
0064FFFA002B0001
0119FFE600DCFFED
0099FFD5FFFAFFFE
0004002200500008
0085009A002B006C
FFD30133003C001A
FFDF00860007FFFA
FFC7001D0128FFF2
0049002B0003007A
FFFC004E00990007
00860048002AFFDC
001200710002FFEF
01DDFFFCFFFDFFDB
00460018FFDDFFCF
008A0039003DFFCF
000F00120085FFE5
0224FFD9007F0019
00F600020060FFFA
027C000AFFEF0037
004200CAFFCC001F
FFF50108FFC9001A
007B0008FFC00040
00550064FFDB0041
FFFBFFE6FFFBFFE1
0014002A0009FFC5
FFE200010003FFF9
0003FFD0000A001E
004A0038FFED009F
000CFFF7FFFF0005
FFFE0007FFE8FFF4
FFD000E4FFD5FFEB
FFFE00100013FFBD
008AFFE5FFFEFFE0
FFF0FFDBFFD5FFF4
001DFFD0FFD2FFD4
0015FFF60005FFCA
0008FFC2FFEE0022
0071FFD9001BFFE0
001BFFB40020001F
001C007900C6005B
FFFE0051FFF4FFEF
003200DF001DFFC2
FFF000040087FFD3
000500240013FFFD
003D00060030FFC7
FFE6004600000187
FFF2000000780003
000B0016FFF4FFFC
FFE90023FFDDFFE3
0000003C0002004E
00B800A4FFFCFFFA
00770019FFF7FFCD
FFFF0014FFE2FFD0
001A0006FFCB00FD
FFEF0014FFECFFF7
FFD9001CFFCE0025
FFDFFFEC005EFFF3
00190006FFE6004B
000F0085FFCEFFF2
003100C0FFC0FFD3
FFE80026FFBF0020
FFEA0007FFBBFFF2
0030001AFFFF0023
0004003FFFFCFFED
005EFFFD000D0001
00D6FFED009EFFF8
0091FFD6FFF40000
00040013005F0035
0075009D0040006F
FFD100B1001C002C
FFF300BD0001FFFF
FFD100480119FFEF
002B001600010077
FFFD006D00740006
005C005C0023FFDB
0008004AFFFEFFE4
01EDFFFFFFFEFFEF
005A0025FFE1FFD5
0078004E003BFFD4
FFFF001000D7FFFA
0185FFD5002A0015
0089FFFD0046FFF3
02320027001E008D
004B00E8000A001E
FFF600EAFFE50017
0078000DFFC90067
0039003BFFDA008D
FFFAFFE3FFFFFFE2
001100040028FFC2
FFFC0000001AFFFE
0015FFCE00090050
00630054FFF8008D
000CFFF8FFF60003
FFFE0013FFD4FFF2
FFD300D3FFC6FFE4
FFFB000D000FFFC4
00A9FFE8FFFEFFDF
FFEEFFDCFFE0FFE9
0015FFD0FFDBFFC8
000DFFFE0014FFD4
0015FFC3FFF10032
0054FFFE0023FFDF
0006001400260013
0009009300CA0044
0000008BFFF5FFED
0036008C0001FFBF
001700020049FFDB
004000090010FFF9
004E000A0017FFCA
FFF100460001015A
FFEFFFFF00950002
000A0026FFF50009
FFE7002FFFD9000A
FFFF005FFFF50071
00DC008EFFE70005
00270018FFE60006
FFFFFFF2FFDCFFDC
001DFFD9FFC60149
FFF2001AFFD9FFFB
FFD50005FFD90023
FFDCFFE90063FFF1
0018000AFFF80026
002D00A2FFC8FFF7
006600DBFFC2FFDD
FFE3004DFFBE002D
FFD40007FFBBFFF4
00160017FFE4002F
000E0059FFFCFFEE
0018FFFC0011FFF2
00A2FFE10094FFDC
00A0FFDDFFF4FFFF
0003FFF7007E002B
0066FFEE0038003E
FFCE002500070048
FFE3009CFFFDFFFC
FFE8002E00BDFFE8
001C0019FFFE0048
FFFB006400610000
003D00560014FFD7
00040022FFFBFFEF
01930020FFFBFFFA
008F0054FFE5FFEC
005F002B0018FFD5
FFFA001300B10004
0121FFD5FFFD0010
0095FFFF000AFFF6
01DE003300240092
003200CC00070015
FFF500E4FFE20013
0072000FFFC80051
00670017FFDD00A4
FFF6FFE3FFDAFFE0
0013001D0017FFC4
FFF9005E001B0000
0009FFD800000042
006F00A1FFF8005C
0006FFF8FFE40002
FFF70009FFCCFFF3
FFD100ABFFC7FFDE
FFF5000E0009FFD1
0098FFEBFFFDFFD9
FFEDFFDBFFDCFFF6
0011FFD1FFDCFFCC
FFFCFFF10006FFD9
0008FFC4FFEF001D
004E0003002CFFE0
00110023000E0013
002E009200BC0048
000000B5FFF8FFE7
0026005EFFE8FFBF
0041FFFF000CFFD8
00100008FFFAFFFD
00400008FFFBFFD5
FFF80056FFC70194
FFFBFFFD004A0002
00080035FFE6000C
FFE3005EFFD2000A
FFFE006AFFF50052
00DD0074FFDC000E
00150020FFF3000C
0003FFF5FFD6FFDE
002CFFD9FFCD0134
FFF20035FFD90000
FFD80000FFDE0026
FFC8FFE10051FFEF
FFFB0006FFF3000E
FFFF006DFFC70006
00050112FFC6FFFA
FFE6004FFFBD001D
FFDA000CFFBBFFF8
00080028FFD30032
001A0039FFF0FFF0
FFF5FFF80005FFF5
003AFFE700A6FFE9
0069FFD3FFEFFFFE
FFFDFFF700950050
003A0001003B003B
FFD20014001B003B
FFF60084FFFFFFFE
FFEF0021007CFFE8
00050023FFFB0032
FFF8003B0054FFFB
0036004C0028FFD2
00030005FFF9FFFE
01610036FFFC000B
00A4005CFFF6FFF6
0045002F000EFFDD
0005000D008F000B
0165FFD4FFE9000D
002BFFFE000BFFEF
01980049005B00B1
000400E40006FFF6
FFF400CDFFE2FFCB
004A0014FFC7FFF3
003EFFFAFFE300A9
FFF6FFCDFFD1FFE3
000B00040016FFC5
00060012001B0002
0035FFDF002B0088
00BE0096FFFE003C
0017FFF7FFE20008
00000016FFD6001D
FFD6005AFFCCFFE5
FFFB000A0007000A
007EFFED0009FFFD
FFEBFFDAFFF9FFF9
000EFFD2FFF4FFDE
FFF2FF91003AFFE0
001AFFD5FFF7002F
002E00200035FFE0
0010004300000007
002700920089001B
000100A0FFF7FFE0
00220003FFD6FFC0
0078FFE70004FFD9
0008FFDBFFFAFFFE
0061FFE3FFDFFFD3
FFFD003BFFC30165
FFF5FFF000180001
00000071FFE0003B
FFE20069FFD4000B
0007009EFFE00043
00BD0051FFD10076
0001001E00010007
FFF0FFF2FFEFFFE3
0021FFE5FFD50115
FFF10044FFDD0005
FFDBFFFBFFE2001B
FFC1FFEB004CFFE8
FFF000010007FFF6
00020053FFDFFFF7
FFF2012CFFDFFFFC
FFD00077FFC80004
FFC7000CFFBFFFF6
FFE40004FFC50033
0003001EFFE5FFEC
FFE1FFF8000FFFF2
0014FFF200C6FFED
006BFFE0FFF2FFFF
FFFCFFDB00BE004A
00260005002B0018
FFD3FFEDFFFD0061
FFF1000FFFEFFFF6
00000012003EFFDF
FFF90016FFEF000C
FFDC002B000AFFF0
00090048000CFFD6
FFF80006FFF4FFFC
006B005CFFFC0010
00D300500005FFF8
0047000F0000FFE2
0006000A005E0008
016AFFD5FFE10010
0011FFFC0002FFEF
012100420073009C
000900FC0006FFF3
FFF400A5FFE3FFCA
00610017FFC9FFFB
002EFFF1FFDD00AB
FFF0FFCCFFC3FFE9
000CFFFD0013FFCA
000DFFFC00180000
002DFFCB002F00A7
00AD00CD0003001F
0015FFF900140007
FFFD0007FFFC001C
FFD70045FFE6FFE3
FFFD000800010034
0087FFEC0015FFFD
FFEEFFD7FFFEFFFB
000FFFD7FFF9FFDB
FFF0FFEB005CFFED
0014FFCEFFFA0031
002800000030FFDF
0012002700010004
003A0050008C0016
000200BDFFFDFFDC
001A000BFFDAFFC1
0072FFF10006FFD9
0001FFEFFFFFFFFD
0033FFC4FFDDFFDB
0001FFFDFFC30158
FFF8FFE500030001
0003007AFFDA0048
FFE1006BFFD70010
000F007BFFCF003F
00A20032FFCD006C
0003002000000007
FFEFFFF5FFE7FFE5
0022FFE1FFCC00F5
FFF5003CFFD3000A
FFE4FFFAFFE90016
FFC0FFF30051FFE8
FFED0006001BFFF0
0001003EFFDD0007
FFF4013DFFDEFFFE
FFCF008BFFC9FFF9
FFC4000DFFBEFFD1
FFE8FFFFFFBF0013
00180004FFDAFFE3
FFE2FFE30018FFFD
0004FFF300CAFFF6
0069FFD8FFF4FFFE
FFFBFFDB00BD00A6
001F0004003E0018
FFD5FFF20000005F
FFED0005FFE6FFF6
0001000C001CFFDD
FFF3001EFFEB0001
FFD9003CFFFDFFF1
000C00470011FFE0
FFF70006FFE5FFF4
0054006FFFFF000F
00DF003C000CFFFA
001DFFF7FFE5FFE7
FFFAFFD6002B0010
00A3FFCFFFD90012
FFFAFFFD0009FFEA
003C004B0065009A
FFF900C90005FFE8
FFC5005DFFE2FFC9
0033001AFFC7000D
002AFFEAFFE000B6
FFECFFCFFFBCFFEB
000C000E000AFFC7
00170004001D0001
0024FFE10058007E
00CE0131000CFFFF
000E000100100005
FFF10032FFFA0004
FFD2002FFFE7FFDD
FFF10014FFFF0073
007AFFF70005FFF8
FFF5FFDBFFEC0001
0001FFDFFFEBFFEF
FFF3FFF1002FFFF4
0018FFEAFFF30037
002200190032FFDC
002A002BFFFF0000
0065005B007D000C
000500CAFFFAFFDF
FFF20017FFD9FFBF
006D0011FFFBFFC9
FFFEFFF4FFFEFFFE
0010FFD7FFD8FFE3
FFED001BFFC60156
FFFEFFE6FFF90004
FFF800A0FFD80061
FFE000B0FFDA000D
001600A4FFDC002B
00EB004BFFCB0069
0008002000000008
FFF6FFF1FFE4FFED
001DFFDBFFD500AE
FFF80072FFD3000F
FFE6FFFBFFFBFFFF
FFC1FFFF0046FFC8
FFD400010019FFD6
0001001EFFD80018
FFF4014BFFE80004
FFD000BEFFCDFFE7
FFC5000CFFBDFFE4
FFE7FFF6FFBC001F
001C0003FFDBFFE6
FFE3FFE3001CFFFD
FFECFFF600C50000
FFF0FFDAFFF80000
FFEEFFD100BE00B0
0002000A0031000C
FFD2FFEFFFFB002B
FFEB0000FFE7FFF5
0000FFF5FFEDFFDB
FFEE0002FFC1FFEA
FFD9001EFFEBFFE1
0007002B0012FFBD
FFFAFFFFFFE90015
001A0089FFFD001A
00E600460029FFFC
000AFFEFFFDD0005
0001FFF5002A0027
00DBFFECFFE2001F
FFE4FFFD0010FFF7
FFFA004B006800C5
FFE600C70008FFE2
FFC1001BFFDBFFC9
00290023FFC60025
0045FFF2FFE20077
FFE7FFD4FFBEFFEE
000A00320010FFC4
FFF4001A00340007
0001FFE4004D00A5
007A019A00050000
FFFB0004000B0004
FFDF005EFFF4000A
FFCC0002FFE6FFE3
FFE1FFF200070081
0079FFE0005BFFF2
0000FFCA0000000C
FFF3FFEBFFF8FFF1
FFDEFFD80051FFE6
000B0000FFF80050
001500AD002AFFDB
0072003AFFFDFFE6
007400480072FFEE
0001009DFFFCFFD7
FFE8001BFFE0FFBC
00B30078FFD8FFC8
0009FFF2FFFEFFF9
FFFDFFD6FFD8FFF7
FFDA001FFFC70115
FFD3FFE80015000B
FFEA009FFFE60071
FFDE00B3FFE5000B
001000FEFFDD0017
00A5003EFFC80055
0004002300010002
FFF9FFF3FFE4FFF5
0019FFD7FFD90079
FFF80074FFDC000F
0007FFFB0014FFF6
FFE6005400CDFFD9
FFD1006E0005FFD1
00030003FFDD002D
FFEC013000000031
FFD00145FFEBFFE8
FFC5000AFFCAFFF0
FFD2FFF5FFC80013
00390004FFDAFFE4
FFE2FFE20013FFF3
FFCEFFE300D5FFF9
FFF0FFEAFFF4FFFB
FFECFFCA00A90057
000000040005000F
FFD1FFF20009FFFF
FFEEFFF9FFFFFFD3
FFFCFFEEFFDFFFCC
FFF80001FFC5FFCB
FFD50007FFFD0001
0008001900210028
FFF7FFFFFFFC0097
FFEB00D8FFFE0022
003D004C00480004
000CFFEEFFD10006
FFF8FFED001F0044
007CFFF2FFE6FFFE
FFF5FFFE000CFFF9
FFCD006E005C00BB
FFDF00780004FFDF
FFC90002FFD7FFD1
00130023FFC7001D
0003FFF1FFF00083
FFDEFFD5FFC4FFF8
000500150002FFC5
0002FFFF0034FFFF
000CFFD3006F00B6
00BF01D1000BFFF4
00080019000DFFEF
FFE7001DFFF7FFCC
FFD80003FFE8FFD2
FFF0FFF1FFF800D1
00ACFFE1001FFFEE
0002FFC9FFEB0011
FFEEFFFCFFEAFFF6
FFE3FFD4003BFFF5
000CFFFAFFF00063
0019007A001DFFD8
008F00210002FFD9
0059FFFF007EFFEE
00020024FFFFFFE6
FFD9FFF5FFE0FFB9
00CA0099FFCCFFCF
0014FFF1FFF7FFFF
FFF6FFD3FFD4FFFF
FFE1000DFFC900EA
FFEAFFE800120012
FFE40073FFE80093
FFE400BEFFD90010
003A00EAFFD8FFFD
00AA0035FFCD0041
000A001FFFF4FFFA
FFFAFFF2FFBFFFF4
0005FFD7FFCB0046
00110086FFC6000D
0009FFFC0023FFFE
FFFC0042008FFFFA
FFD3008F0013FFDF
00030002FFDD0039
FFF0010FFFF30030
FFD30105FFDBFFDE
FFC60009FFC2FFEF
FFEAFFF0FFBE000F
005A0002FFE2FFE8
FFE5FFE5000F0001
FFCDFFDD00AEFFF6
FFE7FFD4000B000D
FFF2FFBF00E00094
FFFD0001000F0001
FFC9000C0023FFFD
FFEF00620002FFDF
0000FFFDFFE1FFD0
FFF70026FFC6FFBF
FFDD002CFFE50004
0005004E002A0042
FFF0FFFFFFEC00D4
FFDD00F8FFFE001D
00110029003EFFFF
FFFDFFFAFFD20018
FFED0000001D0026
00430037FFEC001E
FFFF0011FFE00001
FFC40057003B018F
FFD50024FFFBFFEF
FFDA0004FFD3FFDA
FFD3FFF9FFC40022
FFFEFFD9FFFF0023
FFC3FFC8FFC3FFF6
FFF2001C0001FFC5
FFFD00010026FFFD
0000FFE90061009F
006002410022FFF8
FFF5002D000DFFE8
FFD50021FFF2FFC9
FFE70006FFEBFFDB
FFEFFFEFFFFD00C1
00B0FFE90017FFEC
0005FFCAFFEC0016
FFEF0003FFE6FFFE
FFEAFFEF0026FFF1
000A000AFFEF005A
0014005D0012FFEE
007600400014FFD9
0047FFE50039FFE4
003A000DFFFE0002
FFE7FFF5FFE2FFE2
0109011CFFC7FFEE
0021FFE9FFE1FFF4
FFF7FFCEFFD70000
FFF30009FFCB0097
FFE2FFEB00320010
FFED0038000F0075
FFF400CB0003000C
003A01220016FFF6
00840044FFE10034
0008001AFFE0FFF4
FFFAFFEEFFC2FFF1
FFF6FFD9FFC50002
FFF8007AFFC10001
000DFFFC0033FFF9
FFE5007B00850020
FFD500A2FFF70002
FFF90024FFC900ED
FFF500D7FF70002B
FFD2014AFFE7FFEE
FFC70009FFC60003
FFFCFFFCFFC00024
00930008FFE3FFFC
FFE8FFF300130005
FFCBFFD20062FFF4
FFD0FFDE00170025
0002FFBB00580087
0006000000060000
FFDC00210043FFE9
FFF1004E0005FFE3
0014FFFB0002FFC3
FFFA003FFFD8FFBE
FFE50014FFEF0006
00050024002E007C
FFF0FFFE000400F1
FFCD010400370012
FFF8004A0064FFF9
FFF80004FFCD0021
FFE3003B000B0018
0011009BFFE6FFFE
002CFFFF00050018
FFF9006000280137
FFE0FFFFFFF9FFF2
FFE5FFE2FFCCFFF0
FFBEFFDBFFBF0024
FFE7FFC5FFFD0007
FFDDFFBEFFD30026
FFFC0021FFF8FFE0
FFEAFFF600060002
0000FFCD004500B9
00520206001FFFF1
FFF700440007FFD8
FFD20003FFF1FFCA
00000001FFE9FFC7
0008FFE8000900D2
0100000200B1FFE7
000BFFE5FFF80025
FFEE0015FFED0001
0001FFF60052FFEB
0034002EFFF5007E
000C00380006000E
00C0001F0012000E
0041FFDF0017FFEE
00C9FFF4006D0005
FFE7FFC4FFF1FFED
01270146FFC90001
003EFFEBFFFD0008
FFF8FFCCFFE20027
0003000BFFCD0037
FFEDFFEE003D0016
0004001C00730071
000E00BB00050006
00D801350007FFF3
0051004AFFDC0026
00050018FFDBFFF9
FFFAFFEDFFC6FFFB
FFE9FFDCFFCAFFDE
00010081FFC8FFBD
0032FFF50049FFE8
FFF4009300250048
FFD40093FFFE0038
FFF5001BFFCD00D6
FFF400DAFFFF0029
FFD5011CFFE7FFF1
FFC50008FFF3000D
FFE1FFE5FFBB0031
006AFFF0FFE9FFFB
FFE9FFF600010001
FFC9FFC9002BFFEB
FFC2FFCF00240038
0003FFB90037007F
0008FFF700700002
FFE70042001FFFEB
FFFA0034002D0007
0028FFF80002FFEC
0012003EFFD9FFE3
0000000FFFE50059
000D00040035008E
FFE6FFFA001800EC
FFC800E200810003
FFF0FFF60075FFEE
00090025FFCD0019
FFF60053FFEDFFEE
00100097FFBDFFDC
0066004D00030013
FFF90049FFF100D2
FFF90002FFDCFFF7
FFEFFFE7FFBB0008
FF84FFDDFFB9003E
FFDEFFC6FFF6FFD1
FFFAFFC2FFD70012
00020036FFDCFFE0
FFEBFFFDFFE6FFFC
FFF3FFC900110075
000202280012FFEE
000100360002FFD2
FFE60004FFEDFFD6
000EFFE2FFEBFFCC
0005FFD7000E0104
00FFFFF1006FFFE7
000EFFC0FFFC0030
FFF20006FFED0001
0008FFEC0067FFF5
0038004FFFFB0093
001CFFFDFFFF004A
009CFFFD00080009
0078FFCBFFF8FFEC
00DEFFD20003004E
FFEAFFC8FFE6FFF2
00DA0157FFC60009
005EFFF0FFEA0005
FFFDFFCDFFFB0059
00200008FFDD0059
FFF1FFF500160013
000800040077007F
0027008800020008
00CB00E9000AFFEE
000F007400070021
000B00130008FFFE
0014FFE8FFEE0006
FFF0FFE1FFD9FFE3
FFEC0064FFCDFFD5
0013FFF30057FFFC
FFE800A1003B002E
FFD20096FFF30055
FFE7001CFFD00113
FFF100B6FFDB0018
FFD300CA0000FFF8
FFC30007FFFF0015
FFC3FFE8FFCF0038
00A8FFEAFFDDFFF9
FFE800050009FFFF
FFCCFFE60019FFEC
FFC3FFD2003B001C
000DFFC0FFFB00A1
0005FFF700070005
FFF500CF002DFFFC
0004002A002A0001
009CFFF20000FFF7
0049004AFFDBFFEC
0009FFEEFFEE007C
0003FFF800520061
FFF40003001D00E1
FFD500DA00C50002
FFFBFFF6FFFDFFEB
00040027FFDD0010
FFFE009DFFD9FFEA
0004008DFFB9FFD6
00DE005C0000000E
FFF7000DFFE2009E
FFF70000FFF2FFFA
FFF7FFE0FFBB0007
0053FFD7FFC6001B
FFE8FFC9FFF5FFCB
002DFFC2FFE20012
00360043FFDE0017
FFF3001AFFD80019
FFF8FFECFFF00073
0007023DFFE1FFFE
00110053FFE9FFDE
FFE70004FFF2FFF0
0020FFE1FFEAFFD6
FFF80002000C0078
00BC0013003FFFE8
FFFDFFFAFFEF0024
FFE90029FFDB0002
0028FFF90042FFE7
002F00B3FFFA008B
000FFFFDFFF300DC
009FFFFB00100002
0051FFD5FFE6FFF3
015AFFC3FFEB0083
FFF2FFF3FFBFFFFC
0091015CFFC60025
007BFFEEFFD9001F
0000FFCF003D00B4
004E000600070001
FFEDFFFC004A0016
0019FFEE00C10034
0045FFC7000A0001
008A008B00020001
FFDE006E000FFFFF
001D0008000BFFFD
0002FFE1FFF3FFFF
FFE0FFE4FFD9FFD7
FFE60045FFCDFFD1
000EFFEF00580001
FFE4007B00230093
FFD20099FFE800DB
FFE80024000000F6
FFFF0097FFFFFFED
FFD900A7FFFDFFF6
FFC5001400180016
FFC0FFE500180019
00EFFFE1FFF8000E
FFEA0005000B0044
FFEDFFE7FFFE0023
FFC7FFCD0003005D
000FFFC2FFE3004C
00080000000D0027
FFF501AA00140000
000A00150039000A
0073FFF2FFFEFFFB
00F60067FFDEFFEE
0004FFFBFFEF008C
0026FFF80042003A
0004001E003D00CA
FFF5008A010B0005
FFD7FFF6FFFBFFED
001C0039FFE90006
00010092FFDFFFE2
00210074FFC6FFD4
012B00610006000B
FFF3FFFCFFD5004D
FFEEFFD9FFEA0003
FFF0FFC5FFBB0066
001CFFC1FFCF0029
FFE3FFC8FFF8FFC8
0055FFC6FFF10015
004B005AFFD4001D
FFEE001AFFC9003F
0001FFE9FFD9005F
001A0258FFCDFFFF
003A005EFFF1FFE1
FFED0000FFF20003
004BFFD7FFE9FFFC
FFFA000C0009005D
00D700070039FFEA
FFFEFFFDFFEC0023
FFEF0020FFD50001
0059FFFB0039FFEA
005A00BE000100A5
0083000100020109
00A5000300750001
0054FFDDFFE8FFF2
0128FFC8FFFC0094
FFF0FFE9FFC4FFFE
0078016BFFD20023
007BFFEFFFE8000F
0003FFCD008000A9
0074000C00360013
FFF00001005F0018
001CFFF5009B0028
007CFFF400110004
008B009C0010FFE8
FFD800790031000D
00360007000FFFF8
0002FFE0FFF7001C
FFDFFFE7FFDBFFDD
FFDB0046FFCDFFD4
000AFFF000580006
FFE00065002C0076
FFE60084FFE500E2
FFF30078FFFA00ED
000900B3FFCEFFE7
FFFC0097FFFB0001
FFE6000E001A0061
FFD0FFE50005001A
00FBFFE2FFE70000
FFF000020007FFF9
0024FFECFFF4FFED
FFE5FFC600030016
003AFFC0FFE30047
0024FFF9000F002C
FFFA021D000CFFFF
FFF4001E004B002A
001FFFEAFFFCFFFD
00E6005CFFDFFFF0
FFFE0013FFFA008A
002800170049003D
000C009800230092
FFF4005E010B0006
FFFEFFFDFFF3FFDE
00380025FFF7FFEE
FFF80057FFF6FFC2
002700440002FFBF
01720070003BFFF8
FFE9FFEEFFDE0023
0007FFD0FFECFFFF
0026FFC7FFBD001B
0178FFBFFFF1FFFB
FFFBFFE8FFF3FFBE
0093FFD60014000C
00250055FFF2003C
FFEEFFF0FFE0002B
0005FFCDFFD20022
FFFB018BFFD1FFFF
000A003CFFE5FFE3
FFE9FFFBFFF00004
0032FFCDFFF6FFF4
FFF300180012002C
00C300110028FFEC
FFF70003FFF0000F
FFE9000AFFD10000
0069FFFA0031FFDE
004200B60022009A
00060006000100CA
006EFFFD00860050
007AFFECFFE40001
00DEFFC5FFEB0100
FFF20009FFE10001
002B015BFFF1001F
00620016FFF2002B
0003FFF500A700B5
005E0007003C0038
FFF6001900280019
001EFFF900DCFFF9
005D0011000FFFE3
0050006FFFFAFFCA
FFE800810054FFE9
006E00010005FFFE
0008FFD8FFF0001E
FFE2FFE5FFD6FFFF
FFDD0029FFD1FFCB
0002FFEC0023FFA5
FFE6004000270020
FFE50061FFE2012F
FFEA0079000600C1
001C0056FFF7FFE6
FFF7006000030005
FFE40012005B0045
FFC9FFE700020015
00F0FFE6FFFB004A
FFF5000000080069
004FFFE3FFEB001E
FFE2FFC400010040
002CFFD3FFE30053
001EFFEB0017004D
FFFF02AEFFFE0000
00020031000A0026
0032FFE7FFEFFFFD
0168006BFFCFFFF3
0002001E00030041
0047000E0037FFF8
000B00C000470036
0024FFEB0138FFF1
0006FFDAFFE8FFDE
005B00500021FFE7
000500730004FFC3
00660042003CFFBF
020F0094003EFFF0
FFE6FFECFFDF0018
0010FFCFFFE2001A
0046FFCCFFBE0031
017CFFBEFFF80001
FFFA0005FFEEFFC2
0095FFEA00310009
002A0077FFEE0048
FFEE000CFFDD0041
000BFFEAFFCB0020
FFF601BFFFC80007
00080034FFD7001D
FFE8FFF000010004
0030FFCAFFFE0012
FFF500120026FFF6
00B7FFF1000FFFD2
FFFBFFCAFFE4FFF9
FFFD0005FFCFFFF8
00A8FFED0036FFE5
00510096003C008A
001100010001010A
009B000100820070
0068FFFCFFFF0016
00CEFFCDFFF200DC
FFF10022FFF9FFFD
001300E5000B001E
00ADFFFF001B002B
0002FFD2010F00B2
0085000C00540023
FFF60011007D0015
0025FFF500E1FFF3
006B00050011FFE5
003A0063FFFCFFCF
FFEB009F0043FFE8
008B00030005FFFE
0004FFDAFFF3002A
FFE1FFE1FFD90014
FFDA0035FFD5FFE6
0001FFF700180008
FFE90007002F001D
FFFF004CFFDE0188
000700BA00090093
00090056FFF6FFE5
FFFA0032FFF60003
FFEF001800370064
FFC7FFED00010028
00FEFFEAFFF80021
FFF1FFEC0000003F
00C0FFC9FFF2001E
FFDDFFBAFFFC003F
0025FFC8FFE0002E
0027FFCD00220092
FFF70294FFF4FFFD
0000002AFFFF0009
001FFFE1000E0013
01A9005BFFFB0006
0006001600150121
0062002B0062FFFA
003400D900370036
0046FFEA0149FFFC
0005FFD4FFE8FFE2
009C00530054FFDA
FFFD004D0040FFC4
0098FFFB007AFFBE
02200028005DFFF4
FFE0FFEEFFDD001F
0013FFDDFFCC001D
001BFFE0FFBD002F
017BFFBB00090004
FFF800350052FFC7
009FFFE800E60015
00410051FFFA001A
FFEC0004FFE40045
0013FFEBFFD00048
FFF3010BFFCA0022
00050002FFA40021
FFF0FFE50000FFF9
0025FFD6FFFE0001
FFF50006001FFFE0
00BAFFF10013FFD4
FFFAFFD1FFF0FFEE
0004FFE6FFD10000
00FBFFC00042FFFA
0042004F00680098
0027FFFCFFFE0084
0056FFFE00780096
00440014000F0014
00A30003FFFE007A
FFEC0081001EFFEE
000900680046001C
00A6000B00060036
FFFFFFFC00EF005B
00670021006F0065
0006002700750016
004DFFF900CDFFEF
007B000E0010FFD8
005100460008FFDB
FFFD00A60077FFE0
00B700010017FFF6
0001FFD8FFFA0014
FFE0FFD8FFDB003C
FFD80024FFD7FFEF
FFF6FFF8000A000F
FFE8FFEA00200002
00110000FFE701DA
00E700AC00030025
00190030FFF4FFE5
FFF6000AFFE80006
FFE7002300290033
FFC7FFED00270010
00CDFFF10005004B
0005FFD9005C0048
0107FFC4FFFD0017
FFE0FFBA0013001D
0018FFD2FFEB005B
0044FFA10036008A
FFEA02C2FFECFFFC
000D006DFFFF0001
0004FFE400450000
01750066FFFE0014
000B004B0014006F
005C00420024FFED
002300EB003F0004
00D0FFDF01580001
0002FFD7FFEAFFED
0099005F006BFFD4
000E003F0049FFC2
00EDFFFE0099FFC2
024500320088FFF7
FFF3FFDFFFDC0021
0020FFDAFFC80034
001BFFEFFFBD0000
018BFFBB000BFFFD
FFF40056005AFFCB
006FFFE600D50017
003E0043FFF5001D
FFE40003FFE30051
001FFFEDFFCE004A
FFF4010EFFC8002E
FFF80003FFA10026
FFDEFFD50001FFFB
0018FFDB0001FFFF
FFF1FFEF0045FFC2
00D5FFD60009FFD7
FFFCFFD4FFDCFFE3
0012FFECFFD60000
00FDFFCC002DFFF6
004C0030005D0085
0037FFFBFFFC00A4
008C0004004C00B4
003E003700330024
007C000600040077
FFED00D400A3FFED
FFE9003B00670017
00C3001300190029
FFFC00010119004A
0065001B00590066
FFF7001400A60010
003AFFFC00B8FFE9
002100100011FFDA
002A00370006FFDA
000B00D80076FFDB
014A00030015FFF8
0005FFD3FFF7001A
FFE7FFD2FFDA0098
FFDA0035FFE5FFF0
FFF2000D0009000F
FFF7FFE50020FFF7
00320003FFDC018F
011C00E70004000F
001F003BFFF3FFE5
FFFA0000FFE30005
FFEDFFFF00260032
FFC7FFDC001F0009
0100FFFF0017003B
0015FFDA00580032
011AFFBD00000013
FFDCFFBA000D002F
0016FFC8FFED0066
0066FF80004100DB
FFE602C4FFE6FFFC
0005007AFFFD0006
FFF7FFEB00720001
011B0046FFFF0033
FFFF003A001F0062
007200580029FFF4
004E00D8004EFFF1
00F5FFDB012EFFCB
0002FFEAFFECFFDE
010F0076007DFFD2
001A0012006BFFC6
016BFFE200B5FFC1
023A002B007CFFFD
0066FFE6FFE2FFFF
00510004FFC70004
00030033FFC10001
01ED000100030000
FFFD00AD0028FFF1
0045FFF001560016
00440020FFEFFFEC
FFEC0013FFDFFFEB
003EFFF9FFD00012
FFF90066FFC70030
FFECFFFBFF7B0011
FFE8FFD0FFFCFFEC
000300110004FFF7
FFF100770031FFBD
009FFFD60002FFE2
0008FFF2FFD3FFC0
0083FFD7FFCBFFFF
00DEFFCF0022FFC5
004F004A0047007C
0034FFFDFFF8000D
0081FFFF003700ED
002D00580080003C
0041000300000006
FFF001100059FFE0
FFE0FFE600A4000B
005500090012003D
0018FFF6010C001C
002C002300330087
0021002600A50007
0054FFF0007AFFE3
003F00030012FFD3
002D0004000FFFF7
002700BF0028FFEF
015D00050014FFE8
0008FFE4FFF40009
0002FFC7FFDB00C5
FFF1001FFFE3FFF5
FFE40012FFF2000A
FFE5FFD1000BFFEE
00290001FFE4017B
009C00F60000FFE8
FFF60045FFF2FFC7
FFDCFFF9FFE0FFDB
FFE2FFFC0009000B
FFDAFFE5004D000B
0058FFEF0017FFF2
0020FFC6004FFFFE
0165FFBF000FFFDC
FFDFFFB8001F0004
FFE9FFDAFFFF0065
FFEAFF6A003800A9
FFCB024CFFE1FFFF
FFFC00840000FFEB
FFEFFFFF00F3FFFE
0102003500050062
00030058001F0018
0069007F001EFFF5
002700910033FFDF
0175FFE600FFFFD9
FFFDFFF5FFF9FFF0
013700660094FFD1
004900020074FFC6
017CFFE200D9FFC2
01D200340064FFFF
00DCFFE6FFF1FFF9
0061000CFFC70004
00030066FFC2FFFB
00DEFFFD00060001
FFEE00F100160011
0017FFE8016D000F
00370010FFEFFFF1
FFEC0013FFDDFFFB
003C0001FFCE003D
FFF8004DFFC60044
FFEA0008FF8A0014
FFEBFFDFFFFDFFEE
FFFA00350005FFF8
FFCB00490031FFBC
0049FFD50006FFF4
000FFFF9FFD1FFD3
00BCFFDCFFDCFFFB
00D0FFCF000E0003
0037004600510076
0031FFFCFFF2FFFC
00510002001D0025
000C0078008B002E
000B00030018FFF6
FFFF0105014DFFC4
FFD7FFEC0116FFF3
005A000E00240016
0031FFFF00CFFFF1
0009002000000070
003C00020097FFFD
0068FFED0026FFE2
000700000008FFCE
001FFFF7003A0015
003900490032FFFF
00F4FFFA000D0016
0020FFFCFFEAFFFF
0002FFC6FFD800C2
FFF30009FFDD0005
FFED001CFFF8004D
FFE2FFD3000F0002
0042FFE9FFE50133
006500970004FFDE
FFF4003FFFF6FFC8
FFDDFFF7FFE2FFE0
FFE7FFFBFFF8000C
0001FFED00060005
00A5FFF60005FFEC
0033FFC7003C0001
017FFFCD005EFFDE
FFECFFBB0006FFFF
FFCDFFE1FFFF005B
FFEFFF6200330093
FFC901D1FFDB0045
FFFA009C0000FFFC
FFE9002201640001
00D8000C000600CD
00040051001E000D
0074008DFFF1FFFE
002900880005FFDD
0187FFEC0066FFDD
00020003FFF1FFEB
01600050008BFFCF
002500010069FFC7
0185FFD700F1FFC0
015D00170066FFFD
0147FFF50005FFD3
006E001C00000000
000A006BFFE0FFF6
00A1FFFEFFF30008
FFF500D200010045
0007FFF300DD0015
003C0011FFE3FFE8
0003000DFFD1FFFF
00800007FFCA0054
00050023FFC80044
FFF5FFFBFF93000F
FFF9FFDBFFFCFFEC
FFED0052000BFFE2
FFD6002B0011FFC4
003DFFD600060001
00120000FFD90013
00AFFFEEFFE40013
0076FFE50008000D
00460036003700AA
0017FFF9FFF2FFEB
005400010014004A
0029007A00A6001E
000400100045FFEE
003901140174FFC4
FFE8FFF80102FFFD
004C001B00200018
0066000500E2FFE9
FFE9004EFFFE007D
0022001100A1FFFF
005EFFEF002BFFEA
0009FFFD0008FFCB
004DFFF7002E001C
009000340015002C
00C9FFFE000C0055
00060013FFE7FFFC
0001000EFFDD00F7
000200040000FFFF
FFFE001CFFEC000C
FFD6FFD90009FFEE
0039FFE3FFEF00CC
002B0090FFE3FFDE
FFEA006EFFC8FFC7
FFCAFFFBFFCAFFFC
FFD7FFF600000014
0015FFF0003C001F
0066FFF4FFFDFFE3
0071FFC700160002
016AFFD8005EFFE0
FFFEFFBA0002FFE6
FFCEFFE300210072
0007FF69002C0086
FFCB014DFFE4006E
FFFB009FFFEEFFFA
FFE5000E010B0004
0090FFFCFFFF00D4
00040048001D0008
007000610005FFEB
004400260079FFD6
0162FFF20069FFDA
004D0007FFFAFFE3
0174002A009DFFD2
001F00060080FFC4
018BFFDB00B9FFC4
00EC00130060FFF5
01CBFFFA0030FFF8
0075003700080004
00080084FFE6FFF4
008BFFFEFFE6001A
FFFA00CBFFEA003A
FFF0FFF9FFC90011
FFE60001FFF6FFEA
0011002FFFC9FFFF
0073FFFEFFC4001E
00020003FFD00050
FFF3FFE3FFC60005
FFF5FFE1FFF8FFEA
FFD4005EFFF1FFEE
FFE900010010FFC3
0039FFE10000FFFE
FFF8FFFCFFE80013
FFFCFFD6FFD10000
002CFFDE0005000D
003E0008001400B4
0004FFF6FFF3FFDD
00310005000A0033
0006007E00DDFFFE
FFFD001B0024FFC7
007300EC0155FFBC
FFF0FFFE00E2FFF3
004700120022001A
0088000B008CFFE1
FFE80036FFFC006F
0016001100C00000
005CFFF50022FFEA
0000FFFB0008FFD0
001E00050031005C
00740068FFFF004A
00C0000AFFD10031
FFFC0031FFCDFFF5
000F0009FFDB00ED
FFFE0004FFF0FFF9
00080013FFE70016
FFEFFFE0000AFFEE
0067FFDEFFF80077
003A0082FFD3FFE2
FFF20079FFC4FFCD
FFCDFFFDFFC00014
FFD3FFF6FFD60005
0039000800020038
001DFFFAFFFEFFE2
005AFFD30021FFF3
0153FFD80069FFDC
001AFFC40004FFEE
0003FFE700480057
0037FF6600270082
FFCE0090FFE6006D
FF8700C5FFF5FFF7
FFD7003800DBFFFE
0054FFFEFFF90085
000000620030FFFF
00430095FFFAFFE1
002500060002FFD5
0107FFF8002EFFEA
00B1FFFEFFF8FFE3
017A0023009FFFCF
0009000A0077FFC5
017EFFE100F7FFC3
00A300090085FF79
01C300160040FFDA
0079012C00090002
000A00CCFFEBFFF5
008A0013FFE20032
FFF800B5FFE2005E
FFE3FFFAFFEC0015
FFD5000FFFEDFFEA
001C0025FFC5000F
005EFFF8FFCC00BE
00000009FFC40066
FFF3FFE1FFDC0008
FFFBFFDBFFFCFFF2
FFD50097FFE6FFE0
FFFF00010005FFD0
0052FFD5FFFE0001
FFF7FFF7FFE8001C
0022FFCBFFD5001F
002EFFEFFFF90017
004FFFF5000300C0
000CFFEFFFE6FFDE
0054FFE2FFFD0032
0017006800C40001
FFFF00530053FFE3
0097009700F0FFC0
FFF0FFFE00E9FFFB
0043002F001B000F
00D200110069FFE1
FFE80083FFFD00B9
0026000700C60005
006700350009FFF1
000100470008FFD4
0060001300460067
00F1005AFFF10056
009F0018FFD00002
FFFF004DFFD7FFE9
000B0007FFF700FE
FFFE000DFFF5FFFC
0001001AFFE3001C
FFECFFE1000DFFEF
0073FFEC00050046
003D0082FFECFFE1
FFF800A6FFDFFFD5
FFCC0000FFD0001E
FFCDFFFFFFE00014
0057FFFAFFFF005B
0020FFF6FFF6FFE3
0072FFC1001EFFEF
0129FFEC007CFFE6
0056FFC20004FFDC
0007FFD7009F006C
0037FF74003B0070
FFCF0064FFE7007E
FFE500C9FFE8FFF6
FFCE001500D3FFF1
003FFFFEFFF90068
FFFD0061002FFFFD
004600760015FFDB
0049FFFCFFFEFFD1
00CCFFDE000EFFE1
00DE0003FFEEFFD1
014CFFF80084FFD1
0063FFD00089FFC6
015CFFE00074FFE1
000CFFFB0056FFEC
0156002300A7FFCF
008301840011FFEC
00080083FFF4FFC7
00820017FFD60007
00080044FFCF005B
FFF3FFF6000C002D
000B000B0004FFF0
0027005C0001000F
0064FFFDFFF2012F
00000019FFD80047
FFF1FFD9FFFF0000
FFFD0001FFFEFFEF
FFCB00D8FFD9FFD4
FFFE001400130002
0036FFE600110029
FFF7FFF2FFFC006A
003FFFD9FFE70021
FFFFFFDC0004001D
00240003FFFD00CC
FFFC002FFFE2FFDF
002C0028FFE70021
000800760081FFF3
FFF70096006FFFCD
00880030003AFFBC
003AFFFC0088FFFF
001E0015000D000C
00F400100020FFDF
FFFB009BFFFF0094
001C000000A20007
00550063FFFD001E
00080074FFE80010
008C002AFFF400D0
00C30045FFD400A2
0084001EFFCA0004
FFFE0052FFE8FFE8
00250000FFF600A1
FFFD001EFFF90003
0015000CFFE9FFFF
FFECFFE60007FFC9
004AFFF000340005
00280054FFE5FFD8
FFF700BDFFE20004
FFD1001CFFCD003E
FFC7000AFFD4000E
00800008FFE60081
FFFDFFFFFFDFFFEA
0046FFDA0019FFF4
00A6000300AF000E
00B1FFED0001FFFA
000AFFD200DE00B2
0020FFAB00330055
FFD2FFF1FFEE0083
FFEA000FFFE8FFF7
FFD10015007DFFF2
001AFFFDFFF00037
FFFF0034002AFFF5
00330062001AFFD4
0036FFF6FFFDFFDE
006800050006FFEA
014C000FFFEEFFC9
0108FFEF0085FFD0
FFFEFFCF0088FFD6
00F6FFDF003CFFD7
FFEEFFF7006BFFE4
00DF005C00E4FFF1
007301AA0011FFE5
FFFE0098FFF8FFC1
00900019FFCF001E
0004002CFFD00066
FFF2FFFB00150011
000B000EFFFCFFF2
002F0058FFC50017
004EFFF4FFE10150
00150031FFF10050
0020FFDFFFD20013
00040006FFE4001D
FFD500E4FFCCFFE9
FFFA001A0016001B
002CFFED001E0045
FFF6FFEBFFFE0054
0033FFD3FFEFFFFB
0008FFDE001B0012
0042FFD5FFF900B8
0001FFE8FFF6FFDB
FFF00027FFE40010
FFF3004F0070FFF9
FFBB00B40046FFC9
004200020010FFBB
00AAFFDF0028FFF8
002700060007FFFD
00CD00090018FFD8
000000D3FFFE00AF
000EFFFE00DA0007
005100B8000E0041
00000071FFFD0014
0041008E0038009F
00C9004BFFD700A7
00140020FFCF0003
FFFC00550005FFE2
0024000000090098
00060012FFFF000A
004A0006FFF00012
FFFBFFE40025FFE9
006EFFF6002FFFEC
0046004BFFDFFFCF
FFFB010AFFE50003
FFD7006AFFC7003F
FFC8FFFFFFCD0005
005C0003FFCD009E
FFFA0017FFE9FFEB
00440001001AFFF2
0093001400A20014
00D2FFF4FFFEFFF7
0009FFD000CA00B7
000DFFD6001A0027
FFD2FFD7FFF20076
FFD7000BFFE6FFF9
FFE8FFF40040FFE5
0000FFD9FFE90022
FFF900330025FFF3
0019003A000DFFD4
002CFFF0FFF3FFE0
001B0021FFFEFFEB
01A5000CFFD4FFCA
00EFFFE20084FFD1
FFFDFFE7003EFFDE
00B80002004BFFCF
FFE6001C0062FFF1
008D00A5011AFFE2
0060021A000EFFDD
00050074FFF9FFC1
006B0022FFCD003F
FFF8FFFBFFD3006E
FFD5FFF200170054
FFC5FFFA001FFFF6
00380051FFFE0010
0027FFF00007019E
00220030FFFB0031
0017FFDCFFD70029
0003FFFEFFE1001E
FFD30060FFC8FFEA
FFFBFFFF00130069
0010FFE20024005B
FFF5FFE40000005D
002BFFCEFFF50002
FFFAFFEA0011002B
0037FFD3FFFC00EB
FFFBFFDBFFEEFFDA
FFEB0038FFDA0008
FFED00180050FFF6
FFC300AE003FFFCA
00420011FFF0FFBB
00C7FFE200010000
002F0017FFF4000A
00DD00070016FFEC
000500E3FFFE0084
001AFFFB00AD0007
003200EF0011006E
0009007E00070016
00BB006E00C000A4
00D50019FFDD00BA
00020021FFD30008
00000034FFFFFFE7
0039FFFFFFFB006D
00110011FFE3000C
0029FFFFFFEDFFFD
0002FFD20019FFC6
006200010064FFD3
005F004BFFE0FFC5
FFFA0140FFDF001F
FFDA0095FFCC0029
FFC9FFFFFFD9000C
00680004FFC200DE
FFF6FFFDFFEEFFE9
000EFFD300240004
009F001A00890061
009CFFEE00010005
0008FFD4010D0116
FFFEFFDC0030001B
FFC5FFD7FFF9008B
FFCAFFFAFFEB0001
0000FFFA001E0006
FFF1FFE3FFE9001E
FFCE00340019FFF6
000500260017FFDC
0018FFEEFFEDFFDB
FFFF0029FFFEFFE6
011FFFF0FFDFFFD2
00B2FFD1007BFFD6
FFFB00000027FFE9
00A8003F0016FFEE
FFE200230052FFEE
0049008500DCFFD1
006801F5000CFFD5
0001002DFFFDFFC1
006E0021FFCD0056
0011FFEAFFCB0043
FFF100020012004A
000500420016FFF7
003F0096FFFA001F
0039FFF30010019A
0033008BFFFF0027
0013FFE4FFD10047
0002FFF7FFD7001F
FFD60040FFCBFFEF
FFF20000000C0092
0019FFE500240088
0000FFD6FFFF0067
002CFFDEFFF1FFFE
FFF5FFEA0028001A
003FFFD4FFF9008F
FFF5FFDA0001FFE5
FFF7003AFFF70001
FFF10018008BFFF9
FFC200E8007CFFC8
003D0022FFF5FFBB
00E3FFEAFFE5FFFA
0009000400030005
00D800060011FFF6
000600E10004005C
000CFFFB00C20007
0043011000050071
001F0071003F0012
00BB008300B4008C
00DF0012FFD700BF
00B70026FFCA0005
FFFE002E0007FFEC
002FFFFC000D0037
000E002500030010
0068FFFAFFFFFFEE
FFFEFFD3001CFFC5
00650002005EFFC8
008A0052FFDEFFD9
FFFD016AFFF30023
FFDE010FFFD30006
FFCBFFFFFFE6000C
0059FFF1FFBB00F9
FFF20001FFE8FFEB
0013FFF500370007
005500490064009D
00D9FFF400010007
0008FFC9011100FB
FFF7FFF0001A0016
FFC5FFD4FFFE0073
FFBFFFFBFFE70064
FFFEFFE5FFF80006
FFF1FFE1FFBFFFFE
FFCF003D0006FFFC
0004002C002C000F
0011FFE7FFE6FFFF
FFFD0053FFFFFFF0
014CFFEAFFDAFFD6
009EFFCA0053FFE1
FFF8FFFF0044FFF7
00810051000BFFE4
FFE0000E004BFFFB
002500A600DEFFDA
006301F20008FFC8
000500010001FFCB
00590007FFF90059
FFFEFFDCFFE20038
FFDEFFF500140050
FFCFFFF6002BFFF4
0040005BFFF90028
001FFFE900120171
003E00A100090000
0014FFE7FFFF001B
FFFF0004FFF50010
FFE30080FFDDFFE8
FFF40016000B00D5
0024FFF700310086
FFFFFFE00000006D
001AFFEAFFF10000
FFF6FFED001A001B
0041FFDAFFFB0096
FFF1FFDB0009FFF9
FFF10033FFF7FFE3
FFF80020005CFFFA
FFC300E60065FFBA
003D0026FFF3FFB8
0149FFF4FFD4FFF7
001C000200050004
010C00030017FFFA
000700CB0005002B
0005FFF900A2000F
0057013400070090
003C007C00700015
00C8006B0094007F
00CC000CFFD800AD
00080023FFCB0005
FFFA001B0011FFE9
003BFFFB000A0015
0026001C00040010
0067FFF9FFFBFFF2
0000FFE90010FFC4
003F0002006EFFCD
009F003CFFDEFFED
FFFF0187FFFF0036
FFE2012AFFD9FFF2
FFCDFFFFFFEF0003
0057FFE9FFBC0094
FFF4FFE4FFE1FFDF
FFF0FFC8003B0006
002000270045008F
007AFFF100020003
0002FFCA012800F7
FFE8FFF50004000C
FFC7FFD40002006D
FFBEFFF2FFE600B0
FFFDFFD9FFEB0003
FFF1FFE0FFC6FFF0
FFCF003AFFF90001
000700160004005C
0001FFE3FFDB000A
FFFF004CFFF3000A
013CFFE2FFD7FFEC
0046FFCB0036FFEF
FFF50001FFECFFFE
004700B3FFDA0002
FFDB0025002C0010
FFDD00A2005EFFE8
002401970003FFD1
FFED0010FFF6FFCE
00550009FFC9005D
0012FFD9FFD7FFF0
FFF7FFE5FFD2001D
000AFFFD0020FFE2
0041005EFFEA002F
FFFDFFE300250143
003101340014FFFA
FFFEFFF7FFFE001A
FFF2FFF0FFF10012
FFF1001BFFDCFFEA
FFD4FFFC000B00F3
0027FFEB00310077
0002FFD00000005E
0007FFF6FFF20000
FFFBFFEB0019001C
0032FFD6FFF600AD
FFF1001900070050
FFF30033FFF20001
FFF7000A00330000
FFE300DF0031FFC9
00260025FFFCFFBC
012E0099FFD0FFFB
00270003002DFFFD
00D2002900410008
000B015B000A0004
FFF7FFFD00AA0013
FFEA0154000D00B3
00190085009F0016
006F00A1005B0053
009DFFFEFFD7007A
000AFFE5FFCF0004
000100000005FFEC
001FFFE30004FFFB
002100210004FFBD
008CFFF00004FFCC
FFFD000B0053FFBD
0038003D0058FFC8
00E70055FFE10004
000F01A7FFFF0082
000A0199000CFFEF
FFE200020005000F
006CFFE6001B009F
FFFFFFE1FFFAFFE1
FFE1FFCB00840010
0016002C00370077
0082FFFB00030001
0003FFD1012000E9
FFE1000C0015001E
FFD3FFD400020027
FFC3FFF7FFE70108
FFFCFFD3FFD10004
FFFEFFFEFFC7FFEF
FFD2002AFFED0019
00010008000700C4
FFFEFFE1FFDE008A
FFC5009DFFEF0007
002FFFE0FFD6FFE3
0030FFCA002AFFF7
FFF20006FFEB0002
002300D7FFE30021
FFD8000600540022
FFC7006F0033FFF9
00200142FFFBFFE1
FFF7001DFFEE0002
0068000CFFC30131
FFFBFFDAFFE5FFE6
000DFFE4FFC80037
006F000E000AFFE0
0076006AFFE6001F
FFFBFFE8001E00EE
0033019E0022FFF8
0000FFFDFFFE0008
FFEFFFEBFFF0000D
00150001FFDBFFEE
0074FFF9000E010F
004800060056003A
000FFFEEFFFE0087
FFFA0009FFEC0011
0002FFF400200022
0062FFEDFFF400B0
FFF80042000900D2
FFEE0025FFF30002
FFF8FFF400230000
FFE600490022FFCE
FFEB000DFFF8FFBE
011F00EDFFCAFFFE
00150011002AFFFD
00AA0024005A0004
0005013A0006FFEA
FFE5FFFE0096FFD7
FFE4011D00590033
0050009A005DFFFB
008500DB004F0029
00A40017FFD80045
001E0021FFCCFFFE
001D0000FFF2FFF5
0019FFE40001FFC8
000C0037FFEBFFC1
00B7FFF10016FFD3
FFFA00280045FFD5
002E0034007AFFCE
01520036FFDF001F
004601B6FFFA0072
000D01AF0007FFF0
FFE600030014002A
0056FFE1001B00A4
0003FFD8FFFCFFDE
FFF6FFCD00860007
002900410006005D
0069FFF90000FFFF
0001FFCC00B900B9
FFE2000D0009001A
FFDAFFD80003FFFB
FFC1FFF4FFF200F1
FFF7FFCDFFD1FFFC
00030000FFC5FFE6
000C002AFFE90042
004F000700100115
FFF4FFD7FFE90098
FFD30080FFFE0002
0001FFDEFFCFFFDD
0036FFD2003A0011
FFF7000AFFEEFFFA
004000D7FFDF0016
FFDC0019003D001D
FFC30064000E001B
00250117FFFAFFFE
FFF90018FFE00002
007C0004FFC2010C
0007FFD4FFEEFFD0
0020FFF8FFC0001D
007800240002FFDD
0030004DFFE7000D
FFF9FFEC001900B8
003702080016FFFF
00080000FFFEFFF4
FFFBFFF1FFEDFFC9
0009FFE3FFDAFFF3
0071FFC1001100F7
0051FFF000280018
0012FFBCFFFB00B1
FFF9FFFEFFEE0001
0002FFEC00230015
0064FFE5FFF00084
FFFF0015000800B6
FFFE001FFFFB0003
FFF9FFFBFFFF000E
00050050FFFFFFE6
FFEF000EFFD6FFC1
0123013AFFBAFFFF
0036FFFC0016FFFF
0060FFE200470017
001F006800050007
FFE9FFFA008D0016
000000A9005A006D
0054009000160017
004C00C000340045
00860018FFDA0027
002D001CFFCCFFFD
0022FFFFFFCBFFFF
0011FFE00001FFCE
0002002DFFE8FFBE
0090FFF30038FFC5
FFF8005D004BFFF5
0040005D0030FFFF
01A5006DFFE20033
00500160FFF3003E
001101DA000CFFF8
FFE8000700020014
003EFFDF001C00AF
001BFFE2FFFFFFE4
FFF3FFC200930009
00090022FFFB003F
002C000600000000
0020FFF0007D00B2
FFFE002C0000001C
FFE2FFFA0001FFF8
FFCBFFF3FFF100F6
0002FFCDFFD3FFFC
0011FFFEFFC9FFEA
000E004700060052
00560002005A011B
FFEEFFDFFFF0009F
FFCD00ACFFFDFFFF
FFF6FFE3FFCEFFD9
0024FFE10018000A
FFF8001BFFE3FFF9
00130105FFE3000A
FFEF00090064001E
FFC00046FFDC0020
00240091FFF20006
FFFE0011FFCB0017
00670000FFBB00F3
FFFCFFCFFFFCFFCC
00560006FFBB0011
005400EEFFE3FFDC
0008002CFFB8FFF9
FFFAFFFA00070071
003D026E0003FFFE
0015001AFFFDFFE8
FFF5FFF5FFE8FFD6
003AFFDAFFD8FFF8
0069FFD9001200AB
007B000000320008
0012FFE8FFF2008D
FFF20008FFE80005
0018FFF80013FFFC
007CFFF4FFEB0082
0003000D0003012E
0016001800150001
0033FFFDFFE30025
003B0021FFED002D
FFE5000AFFD8FFF3
012001BFFFBB0004
003B00000022FFFD
005EFFDC0083005C
003800540003FFE6
FFE8FFFB007DFFC6
0005006C006C0011
0076008B0002FFFA
001900BA00020009
00570022FFDBFFFF
0035001BFFC7FFCD
0028FFFCFFC4FFFE
FFF9FFE7FFFFFFD9
FFFF0034FFE6FFC3
0040FFF30066FFC2
FFE70068005F0007
004E0074FFFC001C
01E10095FFC600AA
00950135FFDA0012
001201CF0009FFFE
FFEA000A002D0032
001DFFDA001E009F
003BFFDAFFFFFFEB
FFF8FFC20077000B
001E0023FFED0019
FFF9FFED00080001
0018FFCC002D0083
FFF20010FFFF0023
FFFC00700003FFFA
FFCB000EFFF7013A
0010FFECFFD4FFFD
00450023FFCAFFED
0009004900090067
004F00AE0066012A
FFE6FFF5FFF600CD
FFCC00B8FFADFFFC
FFCDFFE6FFD0FFD2
0010FFFB00220015
FFF4002CFFDF0003
0001014AFFF50007
00310016003B0023
FFE800ADFFD50022
002A0088FFEE003D
00000006FFD10030
007AFFF7FFBB00D6
FFF2FFCA0000FFCB
0054FFC1FFD70017
004E0088FFF0FFE1
000C0009FFBEFFF6
FFF7FFF500030065
003F0212001FFFFF
001C007BFFFEFFE5
FFF6FFF4FFE7FFEC
0038FFD3FFDF0000
0081FFF2000C00A0
00AB0003000C0017
0011FFE9FFF100A2
FFF60002FFE80011
0037FFFF001B0012
0082FFDEFFF200AB
000E000700010116
FFFD0035001C0003
0001FFEAFFDA0032
00260008FFD40041
FFD60004FFD0FFF3
00E001E1FFBEFFF8
00BA000A000AFFF1
0040000F00D00029
004000C50026FFE3
FFE8000E00B3FFC1
0008005600FA0016
0071004100090001
001B00EDFFFCFFFA
001D0029FFDFFFF4
00290011FFC1FFC4
0022FFF7FFBEFFF6
FFF9FFE8FFF9FFD3
FFEF0028FFC5FFC1
0033FFF5002EFFC6
FFE7003B00520008
004C009EFFF40048
01EE00B3FFC600BA
00AF0181FFE1FFFD
001501AD000AFFEC
FFEE000300590020
000CFFE0001C007D
0053FFDD0015FFE6
FFFCFFC400E8000E
004F001FFFEBFFFE
FFE9FFEA00050008
0031FFD500010084
FFF60018000D000B
000A00A5003BFFFA
FFE6001E0002011E
0043FFEE0003FFFF
00550041FFDCFFF4
0008007A000C004E
00420003005D00E2
FFECFFFAFFE800A2
FFC900A8FFFFFFFF
FFD3FFE7FFC7FFD8
003300080020FFF6
FFFA0073FFDDFFF8
FFFF01890010FFF7
009500010070000B
FFE20053FFD20000
00270068FFDB0026
000E0000FFCF0027
0127FFF3FFBF00A3
FFF9FFD10002FFCF
0090FFFEFFE00010
005C00750002FFEF
000C0004FFF1FFD6
FFF2FFEEFFE8003D
002601FAFFF40002
0006007BFFBF0001
FFF5FFEFFFBEFFF3
0068FFD0FFC00007
006DFFFEFFFF0060
00D9FFFFFFF9FFFB
000FFFCBFFC3002B
FFF60002FFC0FFFE
0059001B0000001C
0095FFE8FFF300AE
00110000FFF60150
00410020FFF1FFFF
0052FFEDFFCC0057
0086FFE7FFC40066
FFE6FFC3FFC1FFF3
00B40179FFD10001
00F600290001FFF9
0052000D01160078
006400750044FFE0
FFEE001E009AFFBF
0013001A00EC0003
0089005E00120000
00060091FFFDFFFE
00140021FFEEFFE7
007C000FFFC3FFC5
0024FFF1FFC4FFF9
FFF7FFE6FFEAFFE0
FFE80024FFC4FFBF
0025FFFA002BFFC9
FFE4004600440003
0052008BFFEA0097
021400E8FFC600C2
01000181FFCEFFED
0011015C0002FFF9
FFF20009005A0024
000BFFE7001B006D
008BFFD00018FFE6
FFFCFFC400F2000D
00B70022FFE6FFF7
FFDBFFE00004000C
001EFFDAFFF6007F
0006001A001A004A
000F015B003DFFFB
FFF10024000100E4
003DFFEBFFE70001
00BC0052FFCEFFF7
000500770012003C
0064000200540087
FFED002DFFEA0081
FFC6008600050000
FFE3FFF8FFD5FFD6
003800250031FFF7
FFFD0088FFDFFFDC
00000135002BFFD3
0119003000540008
FFE3003AFFD4FFFB
00190049FFE7001A
001DFFFBFFC60030
0134FFEDFFC60064
FFFCFFE30003FFCF
00A0FFFDFFEE0008
004A0083FFE3FFF5
FFF9FFFCFFC5FFBD
FFE5FFCCFFD30038
00110199FFD30017
000B0098FFBF0006
FFF2FFEEFFC0FFFE
0081FFD1FFC5000C
0060000300000025
0119FFFAFFF8FFF7
000DFFC7FFCB0018
FFF9FFF0FFC3FFFC
009F000000010005
00B2FFEFFFFA00A4
0015FFE4FFE70154
0040FFEEFFE9FFFF
004BFFFFFFC90048
0099FFDEFFC100F7
FFE9FFCBFFBEFFF7
0058017BFFE90002
0100000BFFFEFFFA
004200060133008D
0074006E00A1000A
FFF60022007C001C
001A001200F0FFF7
008D004F001AFFD2
000C00A4FFFDFFDD
FFEE00250018FFE8
00100007FFFFFFBC
FFF5FFEBFFE8FFF6
FFE4FFEAFFF2FFF9
FFDE001AFFCFFFBD
0018FFF90022FFD5
FFDF0039005B0000
004A007EFFE000D9
01E400DEFFC900D4
010B014FFFC9FFE2
000E011500040000
FFF5000C00680052
FFFDFFDF00160076
0064FFD20012FFEB
FFF7FFC800DC000F
00FA0017FFE6FFF2
FFD7FFDE0006000F
0026FFDDFFF10078
001C0019000F0050
0026020A002AFFFD
FFF10031001F00BF
0035FFE5FFF80002
0106005BFFD8FFF9
00030090000E0037
00710006003F0045
00370078FFEE0078
FFDF005D000D0002
0002FFFDFFD3FFD7
003A0041002AFFEE
FFFD00BAFFE5FFD1
FFFB01250024FFC4
0140005300550004
FFE0003FFFD60019
0019002CFFDD0056
0031FFFBFFC4002E
0137FFE9FFCF002E
FFFC00030006FFD1
00C7FFFCFFF10008
003100A2FFF2FFFF
FFFAFFFEFFC4FFAA
FFDAFFCEFFCE002B
000E014FFFCC000E
00030072FFCA000E
FFF3FFE9FFCD0001
0086FFE3FFD1001F
0048000900060001
012FFFE8FFECFFF3
0008FFC9FFC6001F
FFF8FFE4FFC7FFFE
00E100000001FFFE
00A0FFF60010006E
0017FFD600010182
001BFFEC003DFFFF
0065000AFFCD0073
00B0FFF4FFC2013D
FFEFFFF1FFC2FFF8
004F011300090004
016F001A0013FFFD
003B00040194009B
0023005C00D3FFF1
0010002D0096FFBF
005BFFFF00E8FFDF
0092FFFB0020FFC4
00030080FFFCFFC9
FFE1001A0013FFD4
00320002FFFDFFB9
FFFBFFE2FFE8FFF8
FFE1FFE3FFEA0006
FFD50013FFCDFFDB
000DFFFB0026FFE2
FFE3002C004BFFFB
00610080FFDA00AA
01FD0127FFCF008F
00F20173FFC6FFD9
000900ADFFED0001
FFFF0011000D0046
FFF0FFE8FFFC0060
0089FFCE001DFFF9
FFF2FFCB00C50007
01610005FFE3FFEC
FFD4FFDD00040016
001CFFEFFFF1008F
0029000B00220063
001002550033FFF9
FFF6002800240068
003BFFE4FFFC0002
01320073FFD6FFFC
00020093000F0034
0060000400140009
FFFB00AFFFEF006E
FFFF004D00170008
FFF6FFFDFFD4FFDB
00500058002FFFE5
FFFB0077FFF0FFC9
001600B80057FFC3
022D003C00450001
FFEB0023FFD70005
0016001AFFD40068
0029FFF9FFC30016
012EFFE2FFDB0021
FFFC00320009FFC9
00D4FFEF001DFFFF
001F0092FFFB0001
FFEBFFF9FFDC0084
FFD2FFCFFFCE0030
0025012DFFCB002A
FFFD0086FFD2001B
FFDBFFE9FFD70004
0054FFE6FFD30017
0017000C0002FFDF
016FFFDFFFEEFFEC
FFFEFFCBFFC7FFF5
FFF8FFF1FFC3FFF5
00E4FFFE0006FFFD
00AAFFF600310069
0015FFD200000145
0022FFDC0049002B
00580004FFCF00CF
00C7FFF7FFC10126
FFEC0013FFD7FFF7
0028010B00230005
014C002BFFFE0008
00240002016300B7
0024004700A90012
00130014007FFFF1
0052FFF800DEFFDF
0089FFFF0021FFCA
000C0073FFFCFFCA
FFE40032001BFFCB
004B0002FFFCFFBB
FFFFFFDBFFECFFFD
FFE6FFE1FFD8002B
FFD3001FFFCCFFDB
FFFB0003000FFFEA
FFC50001005AFFFE
003E0083FFD90115
01BD0139FFE6008E
00EE014EFFC6FFD9
0003007AFFE0FFFF
FFF7000F000C0042
FFEBFFE90006004C
00A3FFD60035000D
FFF2FFCC0094006A
0184FFF2FFE50012
FFD5FFBA0003003C
0021FFF8FFEE008F
004AFFDF003F0071
000C02850016FFFA
FFFB004600550035
0020FFED001A0001
01710085000AFFFF
000200AA00200018
0074000D0005FFF4
FFF800D5FFF4001B
003AFFFA002DFFF3
0029FFC7FFD7FFDC
0076005F0046FFF0
FFFC0073FFFAFFC1
003000680087FFC6
025B0081004FFFED
0012FFFEFFDCFFFC
001B0000FFD4000A
0085000FFFC70003
01880013000D0000
000F00470062FFC3
00A6FFE90042FFDF
003000A20009001B
FFF0FFFB0011009C
0009FFD9FFE4FFFE
00380106FFD00012
00000062FFEC0004
FFE7FFE5FFE00011
0077FFF3FFE4002F
00020012FFFBFFC9
016AFFDCFFC2FFE6
FFFCFFD4FFBDFFED
0005FFD9FFBAFFF4
013BFFFE00040003
007300010039005B
00120003FFFC0127
0022002100420076
007A0034FFD200EF
009C0002FFBF0104
FFF00032FFECFFF7
FFEB007D007B0005
01230027FFFE0002
0032000201850091
0000001C00FD0013
002E001800450022
005BFFF900B3FFE4
006B00000026FFDC
00010049FFFBFFD8
FFFA004A001DFFC9
00740013FFF7FFBA
0000FFECFFEA0005
FFE2FFE8FFD60048
FFCF0044FFCEFFDB
FFE3000D0004FFF1
FFCDFFFF005CFFD4
00420010FFD70150
01AF011DFFED0050
00F30107FFC8FFDD
0000001DFFD8FFFD
000B0012000C0067
FFF0FFF5000F002F
00C5FFD3003B0032
FFF7FFC500BC002C
01A5FFE0FFEAFFF7
FFD1FFBA0007001B
00250005FFEF005C
00660090004B0085
FFF702C9FFFFFFF9
FFCF002600000022
FFFDFFEB00710001
00A2007800050012
FFED00A700210021
008E0016FFF4FFF0
000D00F0FFE10013
00A4FFE5FFF0FFFA
000DFFCCFFD2FFDA
00A90085003CFFE4
FFFF0045000FFFC2
0055FFFD0092FFC1
02880018003AFFD5
006DFFFEFFE20001
00280000FFC70040
00A7004DFFC3000E
0142000D00150007
000F00990067FFC5
0073FFE40044FFDA
001E007300080008
FFECFFFD000E009C
0021FFE7FFE60008
001F00A0FFD10036
0001002E00000026
FFECFFE3FFE2FFFA
00620024FFEB0010
FFFF0118FFF7FFC4
008CFFD6FFC1FFE1
FFEDFFFEFFB9FFEE
FFFDFFDDFFBEFFF1
010A0000000A0020
0073FFFE003E001C
000FFFD3FFFB00C2
0002FFE6003B00C8
00670058FFE50150
0048FFFFFFBF00E6
FFF20049FFDCFFF4
FFEE000C00CC0004
01010043FFFEFFFF
002B0001013B0049
FFF4002000E30039
00570032003D0021
0046FFF4008EFFE4
004AFFFF0025FFDE
00130050FFFAFFD7
FFF6004A000EFFD7
00A30008FFF3FFBB
0001FFE8FFE50008
FFE7FFDEFFD50059
FFCE003CFFC9FFDE
FFD30005FFDDFFF7
FFD7FFEA0023FFCC
00320006FFD50147
015B0140FFF90017
00D100EDFFC8FFE5
001CFFFDFFC90000
001FFFE4000C0069
FFFD000200370015
0094FFF600500013
FFF1FFDB00B10074
01DEFFE1FFED0002
FFD0FFBE000E001E
002A0015FFF10088
006B009C0031008C
FFE80285FFF8FFFA
FFD30029FFFEFFEB
FFF3FFFB00B40000
008200780009001A
FFEC0095000C0008
008B001BFFD7FFE8
000500B8FFE2000F
012AFFDFFFF3FFFC
0025FFD5FFD8FFDF
00D100790025FFDA
FFFF003A0043FFC1
0087FFEE00ADFFBC
029D001E0029FFD3
00EF000CFFE80006
0026000CFFC80033
005900CCFFC9FFFC
010A0010000AFFF5
000900F60038FFD7
003EFFE1006BFFD0
0005002D0065FFD8
FFEAFFFDFFFAFF79
0035FFECFFE00000
002E0048FFCE0017
00060007FFF70012
FFF4FFE7FFEDFFF2
003A0066FFFAFFDD
FFFD00F1FFF6FFC0
0090FFD4FFBEFFE6
FFFFFFFBFFB9FFEE
FFF8FFEDFFBFFFF2
00C0000500040012
0059FFFE0057FFEF
0009FFDBFFFA0047
0011FFED002B00CE
0061006AFFFA0139
00330002FFBE00B4
000F0072FFDDFFEB
FFF5FFE600D80005
010B001500010001
0035FFF800F60030
FFDF002200ED0073
0070002A0055001F
004AFFF00039FFE4
0017FFFF0022FFE1
001C002FFFFDFFD0
0006001E0002FFE2
00E4000FFFEEFFBC
0005FFE5FFE1FFF8
FFF3FFD6FFD90050
FFD60020FFCEFFDD
FFC90011FFCF0004
FFE0FFE00015FFEB
00230001FFD8015B
00E801600000FFF4
008200DBFFE6FFCC
003EFFFBFFD8FFFE
004AFFE4000E002E
FFFE000800690003
0084FFF20056FFF6
FFEBFFD90091FFFA
01DDFFD9FFF5FFDA
FFD2FFBE000E0003
000E0028FFF900A0
008F00AC001D00A4
FFE00287FFEC0015
FFDD004D00000005
FFE8000D01280005
007200DF000F006E
FFEF00AF00080007
00840047FFD1FFE6
00090090FFD50004
01DBFFE3FFEAFFFE
001BFFDEFFDCFFF0
011800950028FFD6
007A000D005EFFC1
00EAFFEB007FFFBB
026D00200015FFD3
01300008FFEF000D
003B002EFFCB0030
004100C3FFD1FFFD
010B000B0015FFF8
000301020029000A
0022FFE00085FFDC
00060007000CFFD6
FFEEFFFE0012FFA6
0041FFFBFFEE0009
00360023FFD60012
0008FFF6FFF50014
FFFBFFDFFFFFFFF3
003E00820003FFF6
FFFC00EE0027FFBE
009CFFD5FFE4FFEE
000EFFF9FFC0FFD8
0051FFEEFFCEFFF8
00D7FFF800020017
005C0001006AFFE6
000EFFF7FFFC001D
00130009003200CB
003B00BD0020014C
000A0003FFED0079
003D004F003FFFE5
FFF5FFE401260007
010C0014000A0004
005AFFFF008E0014
FFD7003200B0007F
008D00290051001E
0067FFED0002FFEA
0003FFFEFFF4FFDB
000D0002000FFFEC
00210030FFF5FFF2
00E30001FFD6FFCB
0000FFE7FFC4FFDB
0001FFD5FFE10056
FFFA0013FFC4FFF2
FFD40029FFDE0007
FFD4FFE4000EFFEA
0024FFF4FFDC0119
009B00F3FFE8FFE5
003900CAFFC7FFCD
0042FFF6FFC30000
0044FFE400040038
0003FFFE005C0021
00CFFFCE0047FFED
FFF3FFC200930000
01A3FFDD000BFFDD
FFD9FFBA0036FFEA
FFF8002000320058
FFD100CE002C0060
FFCA0222FFE7003A
FFDC007800030003
FFF0003001D10003
008100850012009E
FFF3006A001C0006
00830056FFD3FFE9
FFFC007AFFD2FFE4
0191FFE8FFF4FFF6
0012FFE3FFDFFFD7
0128008C0030FFD0
0000FFFF0070FFC5
00BFFFD50052FFBB
01D00003000CFFC5
01B600290013000C
0036006500000013
001D0140FFE3FFFC
00980006000FFFF6
0003010C00220025
FFF6FFE0005AFFDD
FFFFFFF8001EFFC3
FFEDFFFF000EFFD4
00380007FFF10024
00130002FFDA0019
000DFFF4FFF90012
0000FFE1FFF1FFEF
002500B7FFE0FFE1
FFFE00630003FFD0
0089FFDAFFEFFFFE
0018FFFAFFC4FFDC
0056FFEFFFD3FFEB
007D00050004001A
006AFFF80064FFDE
000BFFDBFFF9FFD4
0007FFEE001B002D
00440096005900CC
0005FFFFFFEE002E
0065004F0066FFDA
FFF6FFF201480002
00B70025000B0004
005200020036FFF2
FFD4003E004D006C
008800510077000A
0039FFE80095FFE7
0004FFFF0003FFD9
001C000D00290004
004C000FFFF7002B
00B50003FFD8000D
000DFFE6FFC7FFE6
0048FFF1FFED0071
00050009FFC6FFFB
FFDD0022FFCC0010
FFD7FFE80006FFEA
0031FFDAFFE700AD
008200DFFFD8FFE6
002100ACFFC7FFCC
0047FFFDFFC3FFF4
0023FFE5FFF9FFFD
00200012000D001C
0061FFF0002CFFEB
FFF6FFD5007D0000
013CFFDF0037FFEE
FFE8FFC70028FFE9
FFE50012008E007E
FFDF00C600120055
FFCB0122FFE50054
FFFC0082000C0003
FFED004001C30001
003C005B000F00AE
FFF00090001E000D
001E0053FFD2FFED
00060032FFCDFFE0
021BFFF0FFF2FFF8
0041FFF3FFDDFFEA
00EE00720005FFD6
0000FFFD009EFFC8
00A8FFDB0004FFBB
01100004007FFFCC
01660046003B0015
0028009500050038
0000016EFFEDFFF4
0043000D00090007
FFF1010D001D005E
FFE2FFDB0042FFD8
FFF9FFF8003DFFC4
FFEEFFFF0009FFE6
0037002EFFF10055
0004FFFCFFD9000E
000BFFCAFFEF000D
FFFEFFEBFFEEFFEF
002500ADFFEAFFD6
FFFE00320005FFE5
0093FFDEFFF30002
000CFFFFFFC8001A
0069FFEFFFDBFFF9
0060FFF9FFFA0025
0047FFF40005FFE9
000AFFD2FFEAFFC9
0007FFEDFFFC0020
005B005700750069
000AFFFFFFF50008
00A5002C0072FFDD
0020FFF20120FFFE
009600060007FF90
00950002001AFFE9
FFDC0053FFFF0047
0078003400550009
006DFFF7FFFEFFE9
0001FFFEFFF8FFD6
00340024000E0029
003C0007FFE50051
008C0005FFDE0009
0000FFF5FFD2FFE0
0038FFFCFFE90081
FFFB0001FFD0FFFD
FFEA0003FFD2001C
FFD2FFEEFFFAFFED
002BFFD6FFC6003B
003F00BCFFC5FFE4
000300EEFFC0FFCD
002D0006FFB8FFF4
FFFFFFEA0001FFF7
004100170037002E
006BFFEE0012FFE2
0000FFDE006A0007
00C7FFF3009FFFF6
000AFFC50001FFDF
FFF1001100A200BA
003900AA00020066
FFD50093FFE7007E
000200830013FFFF
FFEF002A01A20003
007C0021000B0081
FFFC00710005000B
003D004DFFD5FFEA
001CFFFAFFCFFFE4
01BEFFE6FFF2FFF5
0089FFEFFFE4FFE7
00B20049FFFEFFDA
FFFF00020021FFCF
0064FFF7FFFCFFBC
008F0014FFD3FFD5
010800600039FFFE
002800F6FFF8FFE8
00030182FFEBFFDC
001D0011FFE8FFF8
FFF700AB00020071
FFCFFFDD0018FFE4
FFFAFFFB005DFFC2
0005FFFF00020017
00470022FFFF00CC
0004FFFBFFDFFFFE
0016FFC8FFD7FFE9
0003FFEBFFDAFFCE
000D00AAFFDDFFC3
FFFFFFFEFFEA001B
005EFFD4FFE20032
FFF5FFF8FFC40060
FFFAFFEDFFC4FFFE
0012FFFDFFF70042
003BFFECFFECFFE1
00050000FFE5FFC7
FFED000BFFF9000B
000C005B004A0035
FFEB001CFFFAFFE6
008600000038FFC3
001FFFE000FEFFED
004A0017FFFEFFF3
00920002FFF3FFD7
FFE60091FFDA005E
00950020FFFD0008
00560048FFF6FFF7
000000070010FFD1
0052002B00460028
003DFFFCFFE30099
0051FFEAFFEB0010
000F0008FFDEFFE5
008F0020FFE2003F
0005FFFFFFD1FFFF
FFF7FFFDFFD40021
FFC6FFD90002FFEC
0011FFCEFFF00003
00120051FFCBFFE6
FFFD0100FFDAFFDF
00150006FFBFFFE8
FFF6FFE90001FFF2
0084000F00130047
002BFFEDFFFDFFE1
FFF2FFDE0037000F
008D000C009C0011
002DFFEFFFFDFFFC
FFF3001A00F2012B
00240086001B0037
FFDA002CFFEC00A7
FFF20090001DFFFA
FFEA004501340006
0016000000040045
FFEF0037FFED0005
0016001CFFC4FFDF
0024FFF0FFC3FFEA
012EFFF7FFE3FFEF
00FAFFEBFFF0FFE5
00910036FFF2FFDD
000200070036FFE0
0083FFF5FFDCFFC3
002E000CFFE6FFDA
00DA006C004F000D
001700DAFFFDFFF3
00020134FFF3FFE7
000A0017FFDD0014
FFF6007B00020090
FFCEFFE10016FFE5
FFFAFFFD008AFFC3
00140004FFFD002F
006A001400030113
000FFFFCFFF3FFF9
0018FFC7FFDEFFF9
00020003FFE7FFD1
FFFD0128FFCBFFC2
FFF3000F0004004D
0013FFE30005003A
FFEC000AFFF3004C
FFFCFFF3FFE7FFFC
0010000D0003002F
0061FFFE000CFFE9
0004000FFFFFFFCC
FFF4001EFFF1FFFE
000700570076000B
FFE9003B000BFFE5
009600020019FFC4
0043FFDF00C6FFF0
000DFFFD0002FFFE
00C1FFE4FFE5FFD0
FFEE0035FFC4001E
0070FFF7FFFC0007
004F0053FFED001F
FFFD000A001A000E
0059005D00430054
0068FFFFFFE100C6
0027FFECFFE00007
00000001FF9FFFE5
003A0020FFF40058
FFFC0027FFD50000
FFFF0007FFE3001D
FFC3FFF8FFFAFFE5
001DFFE3FFE9FFDB
002C006DFFB9FFC1
FFFC0122FFE3FFE3
000C0009FFBAFFDA
FFF4FFEAFFFFFFF5
005E000AFFF90067
001FFFEDFFE9FFE5
FFF2FFE200110005
0064000900AD001E
0068FFF2FFFCFFFB
FFF9FFE501290103
0023FFE1000F0033
FFDDFFDDFFF40096
FFFC0012001AFFF5
FFF4001800DB0006
00180000FFFB002B
FFF1002EFFEBFFFF
FFE50017FFC2FFE2
0012FFEEFFC1FFEF
0092001FFFEEFFF0
0150FFFDFFF7FFE2
007A0009FFF9FFE0
FFFA00250028FFEB
0065FFFAFFD3FFC4
FFF50006FFDDFFEE
003400720067000B
0016010B0001FFEA
FFFC00D9FFF2FFEA
002B0019FFD30030
003F003CFFF5009D
FFD8FFE30005FFF6
FFFFFFFF0050FFC5
00190020FFF7002C
004A00230012015A
000C000DFFF7FFF2
0017FFDEFFDBFFFF
FFFF0007FFE4FFD0
FFF200DFFFCFFFBD
FFEE001500080098
0027FFE7002F002F
FFE8000FFFFC004F
000AFFF7FFEBFFF8
FFFBFFF7000E0027
00240000FFFFFFEC
FFF70033FFF5FFC6
FFF90010FFDAFFFA
FFFD004A0058FFF9
FFE400650045FFC5
006F000CFFFEFFBD
009BFFDF0027FFF6
FFF0FFF4FFFDFFFF
0043FFE5FFD5FFEA
FFE30038FFC10031
003D0000FFC10004
004A00A1FFF30040
FFFA002A001E0010
00760065005B0056
005CFFFDFFDB010C
0021FFE7FFE10006
000000070006FFE6
00520013FFF80022
FFFD002BFFE20003
001AFFFBFFE7001D
FFEEFFE5FFECFFE3
0028FFD20006FFD5
002F0028FFD9FFC4
FFFD0107FFFF0005
FFF40002FFC8FFE7
FFCBFFED0000FFFE
0053FFF0FFEC0077
001FFFDCFFDDFFE6
FFF0FFDE001A0009
002A000700BF0042
0080FFF6FFFEFFFC
FFF9FFD401590112
000DFFEA00060024
FFE0FFD4FFFB0090
00050006000FFFEF
FFFEFFF7008AFFDB
0026FFE6FFF60004
00020013FFDEFFFE
000C000AFFC3FFE2
0020FFEAFFC7FFEE
00590037FFE5FFEC
0186FFF7FFFDFFDA
003EFFF0FFE5FFD9
FFF4000200240002
00320028FFD5FFE0
FFE60001FFDA0007
FFFE008D007D0043
000301270005FFEB
FFE800BFFFFAFFED
003D0018FFCE005A
00000023FFEB0082
FFC5FFE6FFECFFF3
FFF100080025FFC5
00130091FFE30066
0022000700090167
FFFF006B000EFFF3
FFDDFFE10002000F
FFE10002FFF80005
FFEE00ACFFDEFFDC
FFFC0017000700E0
004BFFEE004E002D
FFF3FFFC00010064
0009FFD3FFF4FFFC
0004FFD900130033
0040FFD6FFFDFFFD
0000FFF50005FFD5
FFF4000CFFF7FFFA
FFFE0012005BFFEB
FFE4009B0063FFC5
00510014FFF1FFBE
0105FFE20005FFF5
FFEFFFEC001DFFE7
003DFFD8FFE9FFD9
FFED002FFFD0000D
0047FFF3FFE90007
005A00F4FFF6006D
FFFA003B002B0010
008800B700470043
006EFFFBFFD8010C
0003FFE7FFEF0008
FFF3000C000DFFE5
0029FFF9FFFE0009
FFFD0018FFEB0005
0035FFF5000A0025
FFEDFFE7FFFAFFDE
0033FFDA0007FFCF
004F001CFFDBFFE3
FFFF015EFFFE0013
FFED001CFFDBFFE2
FFCD000500010009
003CFFFAFFEF0066
0041FFDAFFDAFFE8
FFF4FFF100150002
0007000D00D10037
0098FFF4FFFEFFFA
FFFCFFD6013C00F7
FFF8FFF9FFFE0014
FFC5FFD5FFD2007C
FFFF00020003FFEA
FFFFFFEC0016FFF7
0003FFE5FFECFFDC
00010005FFDA0004
000C0005FFC3000E
0024FFE8FFCC0025
FFFD0062FFF60052
00E8FFF3FFFE0008
002AFFE3FFE0FFE8
FFF0000B00210001
002D0042FFD7FFEB
FFE40002FFD9000B
FFDD00A90069001F
0004012B0003FFEA
FFE40064FFF8FFFE
002A0015FFCC0069
0002FFFBFFDA004F
FFE6FFD0FFE20029
000CFFFC0023FFF2
00250088FFE60079
001DFFFD001F0196
FFFF005E0031FFEF
FFDEFFD700000018
FFD80006FFF4000A
FFF10067FFDBFFDD
FFFE001300130133
0052FFEF005E0052
FFF8FFE800010057
0001FFE1FFF7FFFA
FFF9FFDB00330022
002AFFF7FFFF0006
FFF2FFFC0009FFEA
FFDF0006FFF3FFF7
FFFAFFFB004BFFD3
FFE70035007FFFBA
002D0000FFE8FFBF
0134FFF3FFE5FFF5
FFDEFFF90018FFF8
003CFFD6FFDFFFD9
FFF20029FFD0FFEF
0029FFF4FFCAFFF3
0040010800090044
FFFF004100AFFFFB
00A800C10088002C
005BFFFBFFDD0130
0004FFE8FFDF0006
FFF30004000AFFE9
0026FFF0FFF6FFD6
FFF70034FFE5FFCB
0043FFF1000C0004
FFF0FFECFFFCFFDD
0023FFE00022FFCD
00660012FFDCFFEB
FFFE014AFFFD0025
FFEC0054FFE3FFE0
FFD100020004000D
0032FFF1FFF00079
0016FFDDFFDDFFE7
FFF2FFF2001E0005
FFF7000D00AA004F
FFFA0008FFFFFFF9
FFE0FFE2015500DE
FFE6000400430000
FFC0FFDAFFEC0031
FFEAFFFF000DFFEB
FFFDFFE2FFF3FFFA
FFFEFFE9FFCEFFC6
FFD2000FFFC60019
FFFF0002FFC2003B
0006FFDCFFCE0049
FFF80061FFF30020
00F8FFE7FFFD0007
0019FFD9FFD9FFE0
FFEA0011000D0003
0020008AFFD9FFE8
FFDC0001FFD5002B
FFC5008F003B0007
0005012B0002FFEE
FFE8002BFFF90006
00570015FFCB0106
FFF3FFF7FFE30029
FFCFFFD0FFD40024
FFF5FFF80015FFF1
00190090FFDF0097
FFF9FFFD002B01A3
FFFB00B30030FFE9
FFCEFFDE00030016
FFD40002FFF80008
00090061FFDEFFDB
00050019001301B7
0084FFF20063004A
000DFFD80000006B
FFFDFFE1FFF6FFFD
0001FFCE00300021
0046FFF9FFFC0019
FFF80041000B0027
FFF4FFFFFFF00005
FFEFFFE00035FFE7
FFF1004E00B6FFCB
00110002FFE9FFBF
01590038FFD0FFE8
FFD8FFF80025FFED
003DFFECFFE30000
FFF3008BFFCEFFEF
0021FFF8FFC8FFEE
005E0185000A005D
000C006200D8FFFE
012E00E80099002A
006EFFF8FFD70126
0002FFE7FFE40004
FFFB00050007FFE9
001BFFE60005FFC5
FFFC002B0005FFC4
006CFFEF00490005
FFF10014FFF7FFE4
002C0000001BFFCB
0079000FFFDB0011
FFFE019AFFF90084
FFE80067FFFBFFE3
FFD1000300090020
0030FFE2FFF8009A
004CFFDCFFDCFFE7
FFF5000300280004
FFF2005C00A20052
000400170002FFF8
FFE3FFE6014A00E9
FFE50006FFFB0008
FFC6FFD6FFD10025
FFD5FFFE0000FFFF
FFFEFFD6FFE2FFFF
0011FFDDFFCAFFC9
0007000BFFC4003D
00110004FFD1007E
001AFFD8FFC4005E
FFFE008DFFEB0006
00F9FFE3FFEC0004
000DFFD0FFD5FFFF
FFE70025FFF30005
001000DCFFBAFFF2
FFDB0003FFD5003B
FFCB00970018FFFF
000600E2FFFBFFC8
FFEC0006FFF20008
005CFFFDFFC800ED
FFF7FFE0FFDEFFDE
FFF1FFCAFFD60022
0000FFE70013FFE3
000B0098FFDC0091
FFF4FFEF0030015A
FFFA00F90050FFEA
FFD4FFE6FFFE001E
FFD9FFF3FFF00008
000D0013FFD8FFDF
00080003001401CF
007AFFFF0074004A
0010FFD0000100AC
FFF7FFE3FFF10000
0007FFD0001F0023
0042FFF7FFF80001
FFF6000700060061
FFFDFFF7FFE9000A
FFF2FFD9000FFFE6
FFFF00390098FFD4
FFFB0007FFEAFFCC
00FE00C9FFC8FFFB
FFD5FFF8003BFFF3
002BFFEEFFF1FFF5
FFFC008EFFCBFFD4
000DFFF7FFDAFFE2
0044011D00300055
000D005300D7FFFB
00F000E70052001C
0097FFF9FFD700C8
000AFFE6FFDAFFFF
001B0001000AFFE9
001BFFE10012FFBF
FFFE00290005FFC2
008FFFED0043FFF4
FFF00019FFF6FFF8
002A0000001AFFC0
00CF0004FFDF0019
FFFF013BFFF900A8
FFE800D40017FFE9
FFD20002005C003D
0020FFDF001F00BD
003FFFDAFFF5FFE5
FFF8FFF6002B0009
FFE10017005C0061
001400130002FFFA
FFE8FFE401310095
FFDC0006FFF60002
FFD3FFD7FFD4FFFF
FFC5FFFFFFFE0034
0000FFC1FFC3FFFF
000CFFEEFFC6FFE9
0007000CFFC40072
00170009FFD4010E
0005FFD5FFC80083
00000093FFF90004
00E7FFDAFFE9FFE2
0008FFCFFFD5FFFB
FFEA004AFFC80008
FFEE012BFFBBFFFC
FFC40002FFE6004D
FFC5006CFFDFFFF2
000200B4FFBDFFCF
FFED000AFFE80010
004AFFFFFFB800FE
FFF7FFD9FFE7FFD2
0002FFCAFFD7003E
004DFFE2000CFFE7
002000BBFFDC008C
FFFCFFEB0039011F
FFF9013A0049FFEA
FFDDFFEDFFFC001D
FFE0FFEEFFED0007
0023FFE5FFD8FFE3
0005FFBF000F01CB
0074000500840036
0010FFDD000000A1
FFF1FFFEFFEA0000
000DFFDF00120024
0047FFFDFFF30039
FFF5003E000300E4
0024FFF9FFE7000A
0096FFD4000BFFE1
0010002B00A1FFD6
FFEF0006FFE9FFD5
00EF013CFFC60000
FFD4FFFD0038FFF9
0025FFEC000BFFF9
000F0090FFFDFFC8
FFF9FFFA0067FFD5
FFFC013400550052
0026005100CEFFF9
00E000E100480009
006AFFFAFFDA00A6
0027FFE7FFDBFFFD
001B00010001FFEF
000BFFE20012FFBD
FFFC00380003FFBD
00C2FFF0003DFFF8
FFEF0018FFF60004
001C000F00190000
00F0FFFCFFE00058
FFFF00B7FFF700BB
FFE100BB0037FFF4
FFD0000000900063
001EFFD6002200BD
0057FFDAFFF2FFE4
FFFB0001001C0008
FFE100640032003C
0013001A0003FFFA
FFEFFFED00E40057
FFD60003FFFF0015
FFEBFFE4FFD6FFFA
FFC0FFF1FFF60081
0002FFC1FFC3000D
0025FFE0FFC10018
0006FFC2FFC000AD
0020FFF000010153
000FFFC5FFEA0095
00000075000B0004
00C3FFDDFFF5FFDB
0004FFCFFFD70003
FFE80048FFC50013
FFF60125FFC1FFFE
FFD00000FFDA0061
FFCC005BFFC4FFF2
0002009CFFD5FFD1
FFF10008FFD9001C
0052FFFDFFB800E1
FFFAFFD5FFEFFFC8
001EFFCFFFDA002A
0040FFFC0001FFE8
000600A9FFDE0062
FFFDFFEA003E00D3
00070192003EFFEB
FFFAFFFAFFFB001F
FFE3FFECFFEC0002
002CFFD8FFD8FFE8
0008FFC0000B01AF
0089000E00620038
0012FFE0FFFE0073
FFEDFFFBFFE60000
0017FFD900160014
0040FFFCFFF2002B
FFF800240001010E
001EFFFBFFE00009
0084FFCFFFF0FFE4
00290026FFD0FFF2
FFE60006FFD5FFD0
00E201ECFFC1FFFE
FFCFFFF9003AFFFC
0016FFE60030FFFA
0031007AFFFFFFD6
FFF3FFFD0060FFD3
FFFC011700700041
003D0059009DFFFA
008400F3002E0002
0052FFF8FFDC0089
0030FFE6FFDAFFFB
001F0000FFEBFFF0
FFFAFFE7FFFFFFC0
FFEF003BFFF0FFBB
008AFFED003FFFED
FFE80035FFFC0013
001400330017FFFE
010AFFFAFFDE00A2
001E008DFFF8009E
000900DB0055FFF7
FFE6000B00A4006F
001FFFE8002500B9
0050FFE1FFF0FFE6
FFFD000200290008
FFE5006D00050046
000900120015FFFC
FFF6FFF300B60040
FFD60002FFF8000F
FFFB000AFFDEFFF6
FFBC000DFFFD0093
000AFFE6FFDF0011
0030FFFFFFCA0019
00080015FFC700DF
002E000E0006014F
0009FFD6FFE500BF
0001008800120000
00BAFFDCFFE9FFD7
0002FFD1FFD60004
FFEC0059FFBEFFFA
FFF5013CFFC4FFF8
0009FFFDFFED0037
FFF20028FFBBFFEE
00120063FFDEFFD4
FFFE0006FFD30021
0085FFFCFFB900D6
FFF9FFCDFFF0FFC9
0054FFCBFFE00020
00650045FFF0FFF2
FFFD0088FFB80036
FFD1FFEB001B0087
000201FF002AFFF0
FFF70000FFFE000D
FFD7FFE4FFEDFFFC
003FFFCAFFD8FFEF
0002FFC40005015E
0083001B0044001B
0011FFE9FFFA0092
FFF0FFFEFFE10001
0024FFDB0010000E
0054FFFCFFF00048
FFFD000AFFFF0179
004EFFF9FFE10005
00BEFFCFFFE8FFE5
00760013FFD8001A
FFE60005FFD6FFF4
00CF021EFFC00003
FFD5FFFA002BFFF7
0007FFDC00550024
006400600001FFDD
FFF0FFFD005AFFCF
FFFE00CF007C0022
0051005B0052FFFB
006F00BD0024FFFE
0056FFFAFFE50036
006BFFE3FFD4FFF1
001FFFFDFFCFFFF8
FFF5FFD70001FFBF
FFE60011FFF0FFBA
008BFFED0060FFE9
FFE60034FFFB0019
0012004BFFFB000A
012EFFFFFFBF011A
00570091FFF3006C
000A00D20051FFFD
FFE7000F00A00086
0010FFE1002800D0
0092FFDFFFEBFFEB
0000FFF6002C000E
FFF20038FFF50029
FFF3FFFA0001FFFD
FFE8FFCD002B0014
FFCF0005FFFC0019
FFFA008AFFE0FFF9
FFC60011FFFF00B7
0016FFE1FFC60008
005C0005FFBE0021
0006001BFFD000DE
0035001600220144
0009FFE5FFEE00A3
FFFC0089001FFFFF
0079FFE2FFE6FFD2
FFFDFFDBFFE9FFEB
FFE10058FFBEFFC6
FFE70169FFD80011
0033FFFD00080050
FFF3002EFFD0FFFA
001C003DFFF4FFE1
00000000FFCC0021
007BFFF8FFBA009C
FFF2FFCF0000FFD0
0074FFDCFFEB0024
0045007CFFF1FFF5
FFF40092FFBE0005
FFCEFFED00120042
000702030014FFF4
0001000AFFFEFFF5
FFEEFFFCFFEAFFF7
005BFFD0FFD7FFF2
0007FFD600150102
009D002A0030000A
0014FFEBFFF40058
FFEDFFFAFFDF0002
004CFFE6000CFFFB
00470000FFEE0055
0003FFEDFFFF01B9
00420001FFEC0006
0090FFDAFFCDFFEC
00860006FFF2003D
FFE80001FFDDFFF2
00C90267FFC1FFD8
FFE9FFF9001DFFF6
0008FFD800A20031
0059004AFFFFFFD7
FFE7FFFF0044FFC3
00010095008B0019
00600049000BFFFA
002B00E80003FFF9
002EFFFFFFF60011
0094FFE6FFD1FFEC
0022FFFAFFC80001
FFF1FFDD0000FFC7
FFDA0003FFEEFFBD
004DFFF00057FFE2
FFDE00580008001F
001C005DFFF50044
01890016FFC40117
0081010DFFF20041
000D0175002B008A
FFE8001D007E00C2
0001FFE4002200C5
009EFFE6FFEAFFF6
0000FF9D002F000D
0012002FFFE50007
FFEB0001FFFF0000
000CFFFC0002FFF4
FFF300160014FFFA
000800DF0003FFDB
FFCF0013002B00B2
001CFFE2FFEAFFFD
0090001CFFD2FFEC
00050020FFE70069
00350017002300F9
0006001DFFF100A9
FFFA01020016FFFD
0043FFF1FFD5FFD0
FFFCFFE4FFF8FFE1
FFDF0030FFBF000E
FFF5017B0006000D
0091FFFB0019003E
FFEF0008FFD5FFFD
0012001DFFF7FFEE
0003FFF8FFC80017
0092FFF0FFBF0064
FFF0FFCCFFFFFFD3
009AFFE100060014
006100C1FFF50012
FFF90056FFD50126
FFCAFFEC000E0022
00030222000AFFFC
000F00490007FFEA
FFE9FFF8FFF10003
006BFFCEFFDEFFF9
000DFFF6000500A8
00C000300023FFFA
0014FFF5FFF1000F
FFEEFFEDFFDBFFFF
0068FFEB000BFFF7
0053FFF5FFF6006B
0006FFC7000001B2
005CFFFEFFFE0003
00A1FFD5FFCAFFF9
008CFFF4FFFD0061
FFEBFFCCFFDFFFF4
008A021FFFC20001
FFFD00060008FFFA
0004000900F00062
006700710000FFEA
FFE20006003DFFC3
00040074009C0009
00750063000AFFFC
001400D0FFFFFFF6
004B000C00170002
00C500160004FFEE
0020FFFEFFE30003
FFF2FFEBFFD0FFCD
FFDB0043FFE8FFBD
003CFFF6005EFFEA
FFDB004B0018000D
000C0053FFEB007E
0143001AFFC9015D
00BA00E5FFDA0024
000B013D0021000F
FFEA000D008500DF
FFEEFFE2002000CC
0074FFEDFFE90019
000DFFF2002A0061
0060001EFFDC0009
FFE2FFF1FFFE0013
001DFFD3FFECFFF5
FFFD001200240002
0009015D0000FFDF
FFD3000BFFFF0089
001CFFE0FFD7FFFA
00880032FFC8FFE8
FFFF003B00030037
00410014005F00AC
00170062FFF2008D
FFF5007D002CFFFE
0017FFF4FFD6FFD1
FFF9FFFE000DFFDB
FFEA0013FFDB0013
FFE5019800260027
00EAFFFC00130054
FFEDFFFDFFD5FFFC
000AFFFF00040014
0003FFE1FFE60021
00A1FFD5FFCE0044
FFF0FFE4000AFFDA
0098FFFB0003000E
004F00CFFFF9002F
FFF90049FFD7010F
FFC7FFEC00050044
000501DE0005FFFE
00280078000BFFD9
FFE6FFF3FFF50008
007AFFD0FFE00006
0018FFFD000A0078
00E2004C0009FFF3
00130000FFEE0019
FFF0FFEDFFDBFFFF
00A8FFF40004FFFB
005CFFDA00080080
0008FFBF0000019C
0054FFEB000C0005
0077FFD5FFD5FFFD
00A1FFE0FFEB0063
FFED0000FFC4FFF4
003D0218FFC0FFFF
003EFFF9FFFBFFF5
001EFFCF0107003D
00B4002A0016FFF2
FFECFFFF0058FFC2
0004001A009B0001
00680044001AFFFA
FFFE00A2FFFDFFF6
002D001E0034FFF4
00CD000E0001FFC3
0015FFF8FFE7FFF6
FFF0FFE50002FFCC
FFD60035FFF9FFBA
0021FFFE0079FFFC
FFDF006100490005
003E0057FFE000DC
0181003FFFD50153
012100C9FFD2FFFF
000C00F2000AFFFE
FFF0009A00550069
FFE3FFEB0014006D
007EFFEFFFEE0046
000AFFE60030002C
00A50020FFD9000F
FFDDFFF9FFFF0032
002DFFD4FFE9FFFD
001E001500360011
004101740029FFE3
FFF00001001C0069
0019FFDFFFF5FFF9
00790045FFDBFFEB
FFFC004F002B002D
001E001000700086
002500B4FFF40071
FFF00056001F0002
0006FFF7FFD3FFD7
FFF900190031FFDC
FFE50003FFE2000A
FFFB016000480020
015FFFFE00290042
FFE9FFEEFFD8FFFB
0013FFFFFFFE001E
0000FFE2FFC5001C
0090FFD2FFC8001F
FFEFFFF90005FFD7
009BFFED002E0008
002300D1FFF80030
FFF60033FFD600D2
FFC6FFE9FFF3FFFF
0005019400080009
001B0086FFFBFFF9
FFEDFFECFFE70024
006DFFCAFFD50010
0000FFFD00100033
00AA005D000BFFF3
0003FFFDFFE70014
FFF6FFE7FFDB0000
00ABFFF800080001
003CFFD3001300B3
0008FFBE00050149
0047FFD4005A0005
004AFFD2FFDFFFFB
00A4FFCCFFE80062
FFEE0000FFD4FFEB
003F01F2FFC8FFFB
0057FFFFFFFAFFA5
0016FFCB0124001F
00F00030005B0006
FFE9002A0034000C
0002FFFD00D4FFFA
0057FFFE0021FFD6
FFFC00A0FFFDFFFC
004700440049FFE6
011700060002FFBC
0003FFF1FFE9FFFC
FFEFFFDDFFF8FFCE
FFD40033FFCEFFC0
00180000002EFFF5
FFE300430035FFFF
00420070FFE10133
01940060FFD50146
0130008BFFC7FFF5
000A00D80001FFF6
FFF1000700330054
FFDFFFF2000B0040
00680004FFF10067
001FFFF300440043
00B6000CFFDC0016
FFDEFFFE00020027
0044FFD7FFE8FFF2
005100170039001C
0035018E004CFFE6
FFFB00160014004A
0022FFEBFFF2FFF9
0072005FFFE2FFEC
FFFD0042002B0016
0020000C00630032
000C00E7FFF6004D
FFF20039001D0003
FFF9FFFBFFD3FFDB
00060021004FFFD7
FFF8FFFCFFEBFFF8
000500E7007AFFC3
01CE00040035000D
FFEBFFE9FFDAFFF3
00160000FFE7001D
0002FFF8FFC3000A
0085FFCEFFD90006
FFF0000C0005FFDB
00B4001F0042000C
00220170FFF6004B
FFF5000CFFD700B1
FFC5FFEBFFE5FFFC
0001012DFFF40016
001C0072FFFF0001
FFEDFFE6FFE30024
005CFFD5FFCF0017
000A00050007FFFB
00FC002CFFF6FFE8
000C0002FFD7FFFF
FFFBFFE0FFC6FFFD
00C1000000060009
0047FFE2002400A4
000AFFD5FFFD0118
0040FFEC002D000C
0043FFE8FFD7000D
0081FFCAFFD60079
FFF00016FFFDFFF0
00110160FFEA0003
008A0009FFEDFFFF
0039FFFF010F0035
00B0001C008D0029
FFF600320025000C
FFF9FFFC00BCFFED
000B00070022FFD3
FFEC0087FFFAFFFD
003D0045006DFFDB
013C00040000FFBC
0006FFF4FFEAFFFE
FFEEFFD7FFEC0001
FFD20016FFD8FFE0
000B000100100000
FFED0025003E001B
0051003EFFDE01CE
01510068FFD8012E
0129006AFFC5FFEB
00040091FFFFFFF0
FFFB001500240034
FFD9FFF4000A0039
004E0004FFFB006B
0055FFEE00630052
0136FFFAFFDE0013
FFDCFFE80008002E
0042FFD0FFEBFFF8
0066FFEB005A0022
002401E00035FFE7
000500280004002B
0008FFEDFFF0FFF8
008C007DFFD8FFFD
FFFC006400300009
001B0003005FFFF6
001D011AFFFA0012
001CFFFE0022FFF5
0007FFCBFFD7FFDA
001100320071FFD5
FFFAFFF8FFEE0008
000600F800710003
020D00010040000D
FFFEFFEAFFD5FFFA
000D0001FFCE0041
00030034FFC4001D
00700010FFCD000C
FFED00450006FFDA
0085000B004C0011
002E0176FFF90025
000F0012FFD5009B
FFE5FFEBFFD40007
000100F600020054
0014005A0000001D
FFF3FFDF0000001E
002FFFD6FFE7001A
001600000004FFF1
00DD0012FFF6FFDC
00080003FFD4FFFD
0010FFDBFFC8FFFA
0102000000020018
0062FFDD001900C5
000AFFDBFFF900C3
0047FFE0001C001F
0045FFDCFFD40012
0099FFC7FFC80041
FFEF002CFFF0FFED
001700E70003FFFC
00A6000D0002FFF9
004A00030192000E
008D001500940018
FFF70038005F000B
0002FFF900BDFFEA
004300030024FFD3
FFF80070FFFD000F
005A0033006EFFFC
01130004FFFFFFE0
0015FFF6FFE90002
0003FFD3FFDB0017
FFDC000AFFDDFFED
0010000300090004
FFEAFFEE0034FFFE
00880008FFDF0184
01710075FFDB00E2
013B0088FFC6FFEC
0002005C0000FFE1
FFF5000100100028
FFE10007001A0035
00430011FFFE003B
006F000600650047
0186FFF2FFDE0011
FFDBFFE100090043
0036FFD0FFEC003D
007BFFED00700052
002801B00049FFF4
00110029000B002F
FFFFFFFBFFEDFFFE
00280078FFCF000B
FFE9007100280013
FFFB00010054FFF2
000A0118FFFD000B
00350005001CFFFF
00020001FFDBFFE7
0033005A0081FFD4
FFFBFFF5FFF50003
002D00B200C9FFF3
027E0023002FFFFC
0070FFF1FFD2FFF5
0019FFFFFFC80028
000A0068FFC5FFF7
009F000CFFCDFFCC
FFF7006E0006FFCB
006A0030005EFFFE
0026011AFFF30014
0021FFFCFFD5003D
FFE3FFD0FFD3FFFC
0007008CFFEB0032
000E0062FFFA0006
FFF9FFD7FFE70010
0010FFFDFFCA002D
00240006FFF8FFE1
00EDFFEFFFC5FFDA
0000FFC6FFCEFFFA
0013FFC0FFB9FFF3
00EAFFF20006000E
0061FFD1003C00AA
0004FFD4FFF70059
003BFFC300140060
0049FFF2FFD70033
005AFFCCFFC40044
FFEC0060FFE8FFE3
0004006A002AFFFB
00BD001C00070000
005A000401720007
003F000100AB006D
0010003A0060000E
FFFDFFF80089FFE5
000E00030022FFD3
FFF200490005001B
0072004700D0FFFE
01190004000BFFE8
003EFFFFFFF50004
0005FFCCFFE20075
FFDA000DFFDFFFF7
FFFD0010FFF70007
FFE1FFE2005CFFF5
0074000DFFDF01BF
0137008EFFE100C2
011C0078FFC9FFE2
FFFD0023FFDFFFE5
00050000FFEC0017
FFF50019FFE0003D
0044002E0004003A
007E000700CE0028
01E5FFF2FFE8000D
FFDEFFD5001E002B
004DFFD6FFF10006
009AFFCC00910088
FFF801A10049FFFD
FFD300770009FFFE
FFF700100014FFE3
000A010F0004FFE4
FFE300A9009CFFFC
FFF80028005DFFD0
001101DE0004FFFF
00C6FFF30014FFE3
FFFEFFD8FFE1FFDE
004F0062007AFFD3
FFFBFFF8FFFFFFE8
004F005A00A9FFDA
02BE00220055FFD1
00FBFFF7FFCE0005
001EFFFFFFC00083
000A00A6FFCF0001
0084000BFFD90002
FFF700910003FFCA
003500020072FFE0
00360106FFF6FFEE
002CFFFAFFD3FFC6
FFE7FFD2FFCD0002
000F0052FFE5005F
FFFC0047FF4A0015
FFE6FFD5FFF0FFFD
FFF2001FFFC8000B
FFF20055FFF5FFCA
0065FFEEFFC8FFDD
FFFEFFD6FFBBFFFE
0002FFC5FFBAFFF2
00C0FFF9000D001E
005EFFD5003500A3
0013FFD6FFF50030
0033FFA60007004C
0025FFFFFFE0003E
0029FFCBFFBE0028
FFF10067FFF1FFDE
FFFC00270050FFF3
00AF0018000AFFF7
004100030143FFE3
FFFB000F00BC0062
002300400071FFFE
0008FFF50050FFE1
000100000022FFD0
FFF20067000B001F
0097005A00CA0000
00EB00010004FFEB
00240007FFEFFFF5
0007000FFFD80070
FFDD005EFFE80006
FFEB000DFFFB000B
FFF2FFD6005DFFFF
006B0007FFDD01D3
00F300AAFFEA0083
011B0082FFCBFFE3
FFFA0008FFCCFFEC
00010000FFD50017
FFFB003EFFD5001B
003700320011004A
008C000700B80042
0202FFE1FFE9000B
FFDDFFD200220022
0040FFE8FFF10015
00ADFFBE008D007F
FFEF017C002DFFFD
FFD000AC0006FFF0
FFDB003D0059FFE1
0001012D0004FFFA
FFE500C4008DFFF5
FFF100210026FFD5
001201CD000AFFFD
0132FFF3000EFFF7
FFFDFFE2FFE8FFE5
008A006D0078FFD1
FFFE00010024FFF1
00A8001E00D7FFC7
025A00530088FFCD
01CF0018FFD80027
00160089FFC40085
00050161FFC90009
0056000DFFDE0000
FFF7008E0001FFD4
000B00160063FFC7
002300C90002FFD9
0026FFFB0001FFF1
FFE5FFD9FFECFFF7
000F0025FFEE0012
FFFA0027FFFBFFFC
FFEDFFDAFFF4FFE5
FFCC003CFFD40007
FFF4002BFFEEFFC8
0067FFE6FFC1FFD8
001DFFE2FFBAFFF8
008BFFCFFFBBFFD5
0084FFFB000C0015
0036FFD7003700AD
001BFFCFFFF0FFDF
002EFFB3FFFE001D
00290009FFF6004E
0000FFFCFFBEFFFF
001000D90017FFC1
FFFBFFF9005FFFED
00CE0024000FFFF8
0047FFFD013DFFE2
FFE7000500B10068
002B002300A8FFFA
0009FFEF002CFFE2
0007FFFD001DFFCE
FFF4004C000A0045
00DC0048007DFFFD
009A00030000FFE2
001E0017FFEAFFFB
0005000CFFD700AA
FFE9001E00020013
FFD6000100010007
FFEFFFD200B4FFF8
004EFFF2FFEA0146
00720055FFE20046
00A3005EFFCDFFEB
FFF3FFF9FFC7000E
000EFFF4FFC40011
0008004CFFF7003C
00190051001DFFFC
00DD000300A60003
021BFFDEFFF9FFEF
FFE6FFD300180009
00360003FFF8002B
00BD00E500630058
FFE001280039FFFE
FFD800C20003FFE2
FFD4005600B5FFEA
000100F800060040
FFED00CF00E6FFFD
00050035001FFFE2
0024017F0012FFEB
01D5FFF9FFFEFFF7
FFFDFFEFFFD9FFF5
009800740077FFD1
000000040054FFF3
00CAFFFE0090FFC7
01ECFFFF004CFFCF
020A0018FFF6004E
001700D4FFCA0087
000301C7FFCC0010
00630008FFDC000E
FFF70088FFED0006
FFE5FFF10002FFE6
FFF3004E0010FFD2
002CFFF60000FFFC
FFEAFFD1FFEB0018
0008000DFFF30076
FFF8000CFFFC0017
FFEEFFE60001FFF1
FFC7005DFFEA0003
FFF2FFFFFFEEFFC8
004FFFD2FFCAFFCC
000FFFE4FFBDFFFD
0082FFC6FFBBFFE4
0043FFF700090014
0049FFC1002C0099
0033FFBDFFF0FFE3
0023FF8AFFF80021
0002001000240040
FFFBFFFCFFE4FFEF
001A00D10069FFC3
FFF4FFFC00A7FFE1
00CB0039001BFFF8
002E0002008DFFCE
FFE7000900580099
0033002700E9FFFC
0011FFF70000FFE7
0006FFFEFFEAFFD3
00000050000E0057
00D9004500440022
007E000D00160012
002D004E0007FFE8
00020007FFDA00ED
FFEA0012FFFA0038
FFD100030000001F
0001FFD5007EFFF6
006CFFEAFFF100C8
0032003DFFE9000B
007D0066FFC9FFFB
FFF1FFF6FFC40024
0001000CFFBDFFFE
0052009E0001000F
00030038001E000F
00A6000300A4000A
01EFFFDD0025FFFF
FFF2FFD7002A001C
0020000300220057
00C900BC007E0079
FFD300990025001D
FFE500FC00010006
FFD000B500A5FFF9
FFDC00C7000500D2
FFD6009800D0000C
FFEF00410022FFEB
000F0132000DFFEB
01D3FFFCFFFCFFDD
00200000FFD80000
00B600500052FFCF
FFFD0006008DFFB2
00F3FFEC0031FFCE
0179FFFE0015FFCA
0258004B00360052
0012011B000B0068
FFFA0208FFEB0012
00290006FFDB0016
FFF80061FFE20036
FFD8FFEE0009FFE2
FFF00023002CFFC5
0021FFF6000BFFFC
FFEAFFDA00100000
00060008FFFD0043
FFF5FFFBFFFA0005
FFF0FFEAFFF8FFEB
FFC90070FFCAFFEA
FFF4FFF7FFEAFFCB
004AFFD4FFCBFFCF
0008FFEAFFBEFFF1
0088FFCCFFB9FFC9
0067FFFD0006000A
0020FFD60028007B
003FFFCFFFF2FFEC
0005FFB5FFFE003C
002900090020004B
FFFA0015FFE9FFEF
007000EC0058FFC2
0016000D00BFFFD2
00D20029001AFFF8
004F00070049FFC7
FFF300160003008F
0047000F010D0000
0023000CFFFEFFEC
00050027FFE6FFD4
00090067000E0076
010F001A000F003E
00230015002E0011
002B003E0003FFE3
00060001FFDB00FA
FFFCFFF900020039
FFD9FFE800050001
FFECFFC700B4FFF2
0043FFEDFFF7003C
000F003EFFDCFFFB
00370093FFC9FFF6
FFF5FFFAFFC40012
FFF9FFFAFFBEFFFB
002000720005001E
001B0043000BFFEC
0087FFFE007E0002
0171FFDE0070FFFC
FFFFFFD900090005
000D001000A4005F
00C700A200570044
FFD4001D000F002F
FFF000DE00040004
FFCF00AE00C3FFF9
FFD1008B000900BB
FFDC00A500E0000C
FFE1003C0013FFEB
000900AB0009FFEE
01B80002FFFBFFCC
004E001FFFD9FFF6
00A10039003AFFD2
FFFC000500B90001
00ABFFE6FFF2FFD3
00BCFFFF0002FFD5
0213007100970078
00110158000D0051
FFFA01FDFFED0014
0011000BFFE20034
FFFD0045FFD700AE
FFD4FFE20004FFE2
FFF7001C0064FFC5
001FFFF5003D0001
FFF1FFD60008006E
000FFFF5000E0046
FFF8FFE400040003
FFF1FFFEFFFAFFF6
FFCD0052FFDAFFE4
FFFCFFF1FFE8FFD8
0033FFD7FFE5FFD4
FFFE0002FFC3FFF1
FFEFFFF5FFBCFFD3
FFEEFFF3FFFF000B
0008FFCC00130095
0034FFE3FFF1FFF0
FFF5FFC400020035
0007000100400024
FFE10031FFEEFFEE
0067007B003CFFC5
0039000C00A5FFD0
00C5003B0017FFF3
002200070001FFC2
FFFD0020FFF80095
005A001800A80001
002F0048FFF7FFF9
0004002FFFDFFFD3
003700A3FFFE005E
01020003FFF70074
000400140026000F
001B0044FFF9FFDF
002D0015FFD900CC
FFFE0001000C0034
FFDF000CFFFB0006
FFE0FFE50049FFF0
001DFFE2FFFCFFF5
FFF5001FFFCFFFEC
000600B0FFC80008
FFF5FFFDFFC0003C
FFDEFFFFFFBC0000
0023006F0008001C
FFF5001B0007FFEB
004DFFF800410002
00F7FFDD00DB0009
0000FFE0FFFC002D
FFEE002400A300CD
FFFD006A0028001A
FFCAFFFD0004004F
FFFC006C00380004
FFE0008F00A5FFF8
FFD100300004009E
FFE60061008B0005
FFE60040FFF7FFE6
FFF70013FFCD0003
008C001DFFE70055
0094002DFFC0FFFD
00B600120045FFD2
FFFE000700BA0001
0088FFF0FFEFFFD4
0054FFFD0003FFDE
01C200790108004F
002C016700100034
FFFD01D3FFF70016
FFFA0010FFE10055
00030032FFDA008F
FFDEFFE2FFA6FFE6
FFFC001A004AFFC6
0052FFF300170002
FFF2FFE1000400B7
00100001000D003F
FFFEFFE200040004
FFF5FFE8FFF70011
FFCD0082FFDDFFE7
FFFCFFF6FFE9FFFD
0027FFDBFFF4FFE1
FFE80001FFE3FFFF
FFF4FFF4FFBDFFE2
FFEBFFEDFFFD000B
000EFFC8000B007D
0018FFFFFFF1FFEF
FFEA0020FFFE0040
0007000100310011
FFDB004FFFF0FFED
009100340036FFC3
007100090078FFDD
006B0055000FFFFC
005D000FFFEBFFDC
FFFE0041FFCB0074
005B0015001F0002
004100A7FFEB0008
00040020FFF1000D
004B0074FFF100B4
00DDFFFFFFF0008C
FFFEFFE400210011
0006003F0005FFE0
004C000CFFEF00AB
0000FFFA0006001E
FFE8FFDE0006001E
FFCBFFD3007EFFF3
001DFFDA0015FFDC
FFF1000CFFE9FFD8
000300D4FFDE0014
FFED0000FFCA0024
FFDC0002FFC20002
005100A800060041
FFF80009FFF8FFE8
005A0000002E0007
00BBFFEC00CC0037
0025FFDFFFFB0000
FFFB0029010400B7
002E005F00420000
FFD1FFFFFFF80049
0000006C0008FFED
FFE7006A0071FFF4
FFD000160000007D
FFD7005D0076FFFC
FFE20043FFEBFFDA
FFFF0000FFCC0007
0049000FFFEB0049
00B9000BFFC2FFFC
0089000F001FFFD8
FFFE000A00CF0003
0071FFF6FFE3FFD5
FFFAFFFF0005FFF2
00DF009901330074
001D0199001A001F
FFF501A0FFF90019
00050016FFF30080
0023001AFFD100B3
FFEEFFE7FFEEFFE8
000D000F004FFFC8
0041FFFF00330002
FFF6FFE4000400D1
00180006001D002C
0001FFDC0001000F
FFF8FFB500010014
FFCD0095FFF4FFE9
FFFB0000FFF90021
001BFFE500040002
FFE5FFF4FFF70010
FFFEFFCCFFE6FFF0
FFEBFFD000190010
0007FFBEFFFD00A3
0022FFF6FFE3FFEF
FFF90013FFF20029
0007FFFE001FFFFD
FFDA0017FFEDFFCE
0088000C0018FFBE
00A0FFF6003AFFD5
0042002100080000
00510009FFE0FFE9
0005002BFFC40049
0037000600150004
004B00D0FFE9002B
00000062FFF0001C
00590088FFE700DF
00CBFFFFFFDC00B2
FFFFFFE20026000A
FFF500320013FFDF
0016000BFFF500A7
0023FFFC00110025
FFF9FFDD0014FFFC
FFD4FFDB006CFFD3
001AFFDA001EFFC5
FFF30002FFE7FFE5
FFEB00BCFFEF001C
FFD50000FFCA0020
FFC40001FFC10000
002E00C4FFF5004A
FFF80001FFE3FFEB
0056FFFC000AFFF2
0060FFE700D4001E
0067FFEAFFF70012
FFFE001F012400C5
0021002000130003
FFD30008FFFB0020
FFFC0064000EFFEC
FFE800560025FFFA
FFD40004FFFC0051
FFE500360098FFF5
FFE40022FFF7FFD3
FFFA0002FFD6000A
00160032FFD50059
00DA0018FFC9FFFC
006500020001FFE1
FFF8000100BE0004
002E000EFFE3FFD7
FFF10001FFECFFF7
008500CF01060049
001001B00013000F
FFF301A000010014
FFED001AFFFB007F
0013001CFFE10090
FFDDFFE7FFD9FFEB
0000000E0047FFCD
003A000100200010
FFF5FFF3000E0139
001E0007004A0001
0001FFDC000E004B
FFF2000200000016
FFCB00BBFFF7FFED
FFFE000AFFF9005D
0015FFED0018FFFF
FFE4FFF5FFFF001A
0001FFCBFFEEFFED
FFEEFFCF00190010
0003FFC2FFFC0079
0022FFF8FFDFFFEB
FFF9001EFFD8001A
0008FFE9000CFFEE
FFDE0023FFF6FFCE
00A7FFF7FFF7FFBF
00CBFFD40004FFDE
000F000FFFF6FFE6
00340002FFD0FFE2
0008002AFFC0001E
00390005FFE60008
00780134FFEE003E
0002004400040018
008400AA003900A2
009EFFFBFFE90103
0002FFE40045000A
00050032004EFFE2
0084FFFCFFF70072
001CFFFD00120012
0021FFCA000BFFFD
FFFBFFD8003AFFCF
0043FFEC0014FFC3
FFFAFFF0FFE8FFF0
FFEE00850002003E
FFDAFFF9FFDDFFFF
FFC50001FFCCFFFF
0038009FFFE70045
FFFBFFFEFFD6FFEC
0036FFDB000BFFFE
0010FFE800E20022
005EFFE1FFF90017
FFFF000C014A00CB
0015FFFFFFFE0008
FFDAFFE2FFEE0040
FFFF0011000CFFE6
FFEB0033FFF7FFF1
FFD50000FFCB001B
FFE6002B0023FFED
FFD9001DFFFDFFCB
FFFEFFFAFFD50011
00000059FFDA005A
011C0006FFDBFFF9
0050FFE8FFF7FFE8
FFF8FFD800590004
002A002CFFDDFFD7
FFE500000002000F
002300D5010E0076
001D01C0001FFFEF
FFF80150FFFCFFD0
00170023FFF0005F
0026FFFEFFCD008E
FFEAFFD5FFC8FFED
00180008006EFFC9
004C002700200022
FFF7FFED0005013F
001600380072FFFF
0002FFDF000F0026
FFF70000FFFF0004
FFCB0075FFE6FFE2
FFF6000DFFF60065
001CFFF10017FFFA
FFE5FFE0FFFF0013
0003FFC9FFEFFFF0
FFF5FFC10015000E
FFE6FFCCFFF900E7
0013FFFFFFE3FFDE
FFFB000DFFD0000D
0002FFEA0016FFEB
FFDF002DFFFDFFCB
006AFFF9FFF1FFCC
00E0FFE9FFE9FFDC
000900190000FFE7
002D0001FFEBFFFF
000D0033FFC5FFFA
0016FFFDFFEAFFFD
009B014100020040
0000007400410007
009D00CE007A005E
008AFFFCFFF000ED
0007FFE3004B0008
FFF1002D005AFFE3
0020FFF5FFF70048
003C000700100002
003FFFF300190001
FFF8FFF20039FFE3
001BFFEB0031FFD5
FFF7FFDBFFE3000C
FFED00BCFFFE00DB
FFCE000AFFDCFFFD
FFC20007FFD20000
003700ABFFCD0055
000FFFFDFFC8FFEB
0048FFF20004FFF7
000FFFF000E80026
0075FFE0FFFE000F
000D000A016D00D9
0002FFFCFFFD0005
FFE2FFDFFFE7001A
0005FFF50005FFE3
FFF3000EFFE4FFFF
FFDFFFFFFFC8FFFB
FFD900250014FFD1
00020002000BFFC4
FFFFFFF8FFF1FFFB
FFE20057FFE90035
0071000FFFF4FFF4
0049FFE0FFE10002
FFF4FFF2005D0024
000F004CFFE3FFEC
FFE6FFFFFFEB002F
FFEE00F100AB007F
0004019E001BFFEE
FFE600EFFFFEFFD9
00150025FFF80063
00180000FFCE0034
FFE7FFDDFFC5FFF1
001900030058FFCB
002E0037FFFF0038
FFF7FFF200010168
000B0047004DFFF8
0000FFD9FFFA0030
FFF9000600020007
FFD30049FFF3FFE1
FFF50011000600DB
003CFFF300A3FFF7
FFEEFFD800080034
FFF1FFC7001DFFF3
FFF5FFC00045000F
FFF1FFD9000600FD
0003FFFEFFEAFFD6
FFF50001FFD60002
0000FFDF0011FFE1
FFE100260012FFC9
0080FFF8FFEAFFC9
00F70005FFDCFFD9
FFEF00160004FFDF
000A0016FFEBFFFB
FFFF0038FFC8FFD6
0010FFFEFFEDFFFE
009E014200320041
FFFD005A00430000
00A501110046004D
0099FFFEFFEE00F7
0006FFE1003C0001
FFEF001F007AFFE3
0022FFEBFFFC0013
0038001100110005
008AFFF0004CFFF8
FFF700140000FFC4
003800000011FFC3
FFFDFFDEFFDE001B
FFEA00C7FFF200EF
FFCB000CFFE8FFF2
FFC2001EFFD80008
003000A9FFC20053
001BFFFCFFC2FFEA
006EFFFC0001FFF9
FFFAFFED00EB002F
0017FFF600030009
FFF00002017B00A9
FFFAFFF8FFF70006
FFDEFFDDFFECFFF1
0000FFEA0005FFD2
FFF0FFFCFFDC0000
FFE0FFE9FFC9FFDF
FFD7002B00140002
00000005001EFFF1
FFFDFFF0FFFA004A
FFC50079FFE20036
00770004FFEE0003
004BFFDDFFE10000
FFF1FFFC00220002
000C008EFFE4FFE7
FFDF0000FFFB0040
FFD100D30068006C
0007019F0017FFED
FFEB0085FFFDFFDE
004B0023FFED0081
00280000FFD30019
FFE6FFD9FFC4FFF2
001D00110046FFCB
00200077FFF00048
FFF5FFE900010138
000E00B90053FFF5
FFFDFFDFFFFD0040
FFFC000C0001000A
FFDF0006FFF7FFE4
FFE70016001300F8
003AFFF700B0FFF2
FFFAFFD100030034
FFF9FFC70002FFF3
0002FFC100300007
FFF8FFFAFFFB0129
00080007FFEDFFD9
001C0008FFD2FFFF
0067FFE20014FFDD
000100300033FFC9
0056FFFFFFE3FFD6
011B005CFFCAFFD4
FFED0008000DFFE6
00080019FFF7FFF5
00010056FFC8FFD4
FFFFFFFEFFFEFFE3
FFE501700044004D
FFED007A0044FFFF
00410121004D0025
00900009FFE400D3
000500210027FFFF
FFF10042006CFFE2
00170000FFFEFFFB
003E00340017FFDD
00CFFFF9005BFFE7
FFF600240009FFB8
0030000E0011FFBA
0023FFF4FFE8002F
FFFA0102FFFA00D3
FFDA0046FFF6FFF0
FFCD0032FFF10019
00280056FFC30088
0048FFFCFFC1FFEC
003F00050004FFFB
FFF3FFF700E1001F
000FFFF40006FFFC
FFF2FFE701830058
FFE5FFE8FFF80001
FFF9FFBBFFE2FFE5
FFFBFFDF00000002
FFE3FFDBFFDD0003
FFF5FFDBFFC7FFFF
FFBF001900070014
FFF50001004A0010
FFFDFFEA001300B9
FFC500910003000F
0051FFF8FFFB000F
0042FFDBFFDE001F
FFF4FFFD000C0002
FFFF00FCFFE3FFF3
FFBF0001FFFF0078
FFBB00CF002D0022
000501A30012FFF0
FFF40025FFFDFFF1
005D0021FFF0008C
0017FFFCFFCCFFDB
FFF4FFD7FFC4FFE3
002000140041FFC2
00150072FFE60044
FFF7FFE6FFED0149
FFF300FA001DFFF8
FFCDFFE4FFEE002B
0001FFFAFFFB000A
0008FFF5FFD9FFEB
0055FFBC001B00D9
0074FFF2009FFFF6
000CFFBA00030045
FFFDFFBEFFF6FFF7
0014FFB80010FFF4
0000FFFCFFF3012D
FFF7001CFFECFFED
002DFFFCFFD0FFF5
0061FFCB0005FFBD
FFFF001D0030FFC4
00310000FFE6FFDC
014200C4FFC5FFE3
FFE5FFFF0017FFED
0004FFDB001EFFF2
000500240002FFBE
FFEC000C00CBFFD6
FFF2018F00B20043
FFFC009700490005
001F011A00480030
003C0024FFE000A4
00020021000B0005
FFF3004E00570013
000E0001FFFFFFD2
0045002B000AFFC3
0128FFF7006AFFF0
FFF10043FFFAFFBF
005900110008FFB8
0058FFF6FFDB0047
000700F2FFD800AF
000800790008FFF7
FFE3002300240031
00660046001A0087
0075FFF9FFF2FFE5
0069000F0007FFFD
FFF2000700C40025
000B000000110018
FFF6FFEC01370061
FFE4FFEBFFF30001
0003FFC2FFEDFFE1
FFF0FFD2FFFF0050
FFF3FFD5FFDD000C
0005FFDCFFC70009
FFED003F000C0051
0028000000610061
FFEDFFD7002400F5
FFD3005D00020006
001BFFECFFFAFFEC
0039FFDEFFD50013
FFF00008FFEA0000
FFED012EFFBBFFDB
FFBF00000009005A
FFC000ECFFE8000D
0003013AFFCBFFF3
FFFB000AFFE20004
0055001EFFEB00CF
FFFBFFFDFFC9FFCD
FFF4FFDDFFBF000B
FFFC003A0031FFE7
FFF90080FFDE007E
FFCEFFE4FFFE012C
FFFC012A0015FFF5
FFCBFFECFFEE0023
FF91FFEB00000009
0031FFD3FFF2FFE9
003FFFBD002500C3
00900000009AFFF1
000CFFD900060038
FFF5FFD0FFF5FFF7
0026FFC20005FFF8
0004FFFFFFEC0154
00020001FFE8004B
003CFFFEFFCD0002
0067FFD10003FFE1
0001000C005FFFE0
0004FFFBFFE8FFE3
0101012CFFC5FFEA
FFF5003B0022FFD6
00010016006AFFF7
000500640004FFBE
FFF6001300D2FFC6
FFFB015E00D40052
00040072002E0002
007C014500140001
00240027FFE20071
000300210004FFFE
FFF90043003EFFEA
FFF30002FFFFFFC5
00100054000FFFC0
00F8FFF80085FFE9
FFEC0067FFF7FFC8
00430045FFF4FFBF
0099FFFBFFC3003F
001100F2FFB000A2
0007007C0013FFF8
FFE10014004C006B
00490020001B006B
00A1FFF9FFF0FFE5
0057001C00000002
FFED000700A60032
FFF8FFFC000F0025
FFC8FFED00EE0050
FFD1FFF4FFF50004
000DFFE7FFF0FFF5
FFE1FFE4000000A3
FFFEFFD2FFE1001A
0011FFE4FFC8000F
FFEB0024FFFF0066
0034000200330095
FFF1FFE4002B00EB
FFD60097FFFF0007
FFE4FFEFFFF0FFE7
003BFFDFFFD3FFF8
FFF6000EFFCFFFED
FFED0134FFB9FFCD
FFC40001001C0044
FFC000ACFFCBFFF9
000700FBFFD4FFDA
FFFC0002FFEE0000
00520007FFE500A3
FFF3FFF0FFCFFFC7
0007FFD7FFC80007
00990047001DFFE7
FFFB0089FFE30072
FFD8FFDEFFEE00F5
FFF1016C0012FFF3
FFD8FFF8FFF5001B
0005FFE700000004
0077FFCBFFD8FFF6
0039FFC2001C00CA
00A80003009BFFF1
0013FFE10000003F
FFF3FFD6FFF0FFF7
0037FFC4FFF9FFF0
0004FFFCFFCC017C
000DFFE9FFE0006B
007BFFF9FFC10003
0083FFC7FFF7FFDE
00130005FFD0FFEE
004FFFF5FFD5FFD3
00B9017AFFBDFFF0
FFF500410014FFD9
000900160092FFFD
0001004E0004FFBE
FFE7002400C9FFC3
FFFF016000C1003E
0017009C000D0003
0061010E000E000E
00300025FFE80078
000F0023FFFFFFFD
001C0056000BFFEA
FFF10006FFF8FFCD
001400560009FFBF
0104FFFC0078FFE8
FFEA0057FFF8FFCB
0045005CFFE1FFDC
00AFFFFFFFC4004F
000800F2FFC7009B
000400980024FFFD
FFDF002E00570085
0039000C00200078
00D5FFFAFFEEFFE7
0067002700060001
FFF300140088000F
FFE3FFFB00120022
FFC8FFEA00A0001E
FFD4FFF2FFF3001A
00150034FFEFFFF7
FFDA001FFFFA00EF
0000FFF4FFC7002C
007FFFEFFFBF0015
0000001F0003008A
0065000600B8008F
FFF5FFEB002600F9
FFD9008C007B0005
FFDCFFF3FFF0FFE5
003CFFE0FFDF000F
FFFA002CFFBFFFF2
FFF0013EFFD4FFDD
FFD8000000100059
FFC0007BFFCDFFEE
000600EAFFEFFFE1
FFFB0007FFE30005
00500007FFE800A1
FFEEFFE9FFCCFFCE
0028FFDEFFE70014
00A600570006FFEF
FFF3006EFFEB0053
FFCFFFE2FFF600A9
FFF001A10012FFF3
FFEEFFFFFFF8000A
FFA6FFDFFFF5FFFD
006DFFC3FFDD0003
0021FFEA001700B3
009900150051FFF8
0011FFE9FFF80036
FFFBFFDCFFEAFFF6
004CFFC6FFF1FFF0
00110002FFD1017E
FFFFFFE7FFD800CC
0066FFF5FFC80000
0080FFCDFFD0FFD9
00370000FFCCFFFB
FFF1FFF5FFD7FFD4
005B01C2FFBDFFF2
FFFD0044000BFFD8
0009001100E4001D
FFFC00670005FFC5
FFE1001B008CFFC3
0008012700CE0028
0034007A00050002
002B00BC000AFFFA
FFFC002EFFF00044
00040022FFF8FFFC
FFF20048FFE9FFF6
FFDD0007FFE2FFC4
00050045FFF7FFBB
00E4FFF90071FFEA
FFE6006BFFFCFFD8
0037005FFFE2FFFB
00C40009FFC10086
003B0167FFCA006C
000300D5002E000B
FFDF003200990184
003CFFF8002400CD
00C4FFD8FFECFFEE
00770007000D000B
0000004500370021
FFD8FFF6000A0008
FFC7FFF4004D0006
FFD3FFFBFFF20016
000C00B6FFF2FFFD
FFD1000AFFF8013D
0002FFF1FFC90041
00ADFFF0FFC3001C
0002002F00040086
0088000100C3009C
FFF5FFF3001300A1
FFD9004F0030FFFF
FFDEFFE8FFF1FFDD
0035FFEBFFE6FFFB
000C0034FFBCFFD4
FFFA0153FFFAFFD2
000200000017003D
FFF10067FFD4FFE9
00230099FFB7FFE1
00080006FFE0000C
014E0000FFF20063
FFF4FFE4FFE0FFD6
004F000300000013
00950162FFF8FFFC
FFED00B8FFCF0045
FFD1FFE9FFDD0059
FFEB01A20001FFF5
FFFB0008FFFC0001
0001FFF4FFF1FFFF
00C9FFC8FFE1001D
0030FFF800190086
00B4002D0031FFF6
0018FFF5FFEE0033
FFFFFFE1FFE9FFF3
0075FFCCFFDFFFF2
001F0002FFD8013A
0000FFE2FFD600F6
007EFFFDFFD10000
0068FFE5FFC9FFE4
002CFFEAFFE4001E
FFF3FFCEFFE1FFFA
0036018EFFC10001
001B005A000AFFF2
002F000C01200065
001E006A0001FFCD
FFF4001B008DFFC1
003000D300C40023
0048007500020000
000F0093FFFBFFF1
FFEC0030FFF00022
000C001FFFE7FFF9
FFF50034FFCE0006
FFDB0006FFF5FFCC
FFF8004DFFF5FFBF
005FFFFA0065FFE8
FFDA004FFFFEFFE9
0033007AFFD5FFF3
010B003BFFC00077
00430121FFD70039
FFFF00E900350000
FFE4001900D000C6
001AFFF500220084
00BBFFDAFFECFFE3
007EFFF000090009
003E003D0012000E
FFECFFEC00050016
FFE2FFEB0011FFEF
FFDA0003FFF10001
0006017AFFEEFFDD
FFCF0005FFEE011B
0007FFE6FFD00056
00DF0005FFC6001B
0003002B00090082
0097000100C5009D
FFFE001C00170067
FFD400810031FFFC
FFE4FFF4FFEAFFD8
005BFFE90013FFFA
00180037FFE2FFCA
FFFC01240020FFEA
00610013002F0023
FFEE0009FFDCFFE3
00250083FFC6FFF5
000B0006FFE2000B
016EFFFFFFE2004B
FFF2FFFCFFE7FFDB
00660013000B0011
00950164FFF30004
FFEF0092FFCF00D2
FFCFFFEAFFD00060
FFE40167FFEEFFFD
FFFE0003FFF2FFFE
FFF9FFEEFFF30005
0059FFC8FFDE0031
0016FFEC00110014
006F002F0012FFF7
0013FFF9FFE30023
0020FFE2FFEAFFF5
0101FFD6FFE0FFE7
00250008FFDA0148
0002FFE9FFCC0108
00AA0001FFE4FFFF
0060FFE9FFC8FFF0
0047FFE2FFED000E
FFF6FFFE0001FFF9
FFF00171FFD20004
001D004E0005FFF7
000E000A017F0079
005A003B0001FFD2
FFF000160092FFC0
0037005C00CD0009
003E0048000CFFFE
00010041FFFBFFEC
FFF800490013FFD9
000F00190001FFF4
FFF3003FFFE1FFFF
FFD00007FFF2FFE0
FFF50044FFFCFFBD
0048FFFC0041FF8A
FFDB002D0009FFEC
00550086FFE3002C
0125003FFFCD0083
009700C8FFF4FFFD
FFFE00AF00290001
FFEE002400AE0092
001AFFF40015005B
00B9FFE0FFE9FFE0
0098FFE5000A000B
008A002CFFFB0009
FFE4FFE7FFF7002C
FFE3FFEAFFF1FFF0
FFEB00090001000D
000501F0FFFFFFE4
FFD40015FFF30125
0000FFF1FFEF0056
0116000DFFCF0018
000300610013007A
009D000C01030077
FFFB009B0006004B
FFCD0032005B0000
FFF1FFF8FFECFFD6
00640015000E0000
0050005BFFEBFFD4
001700E00069FFEE
00C90031003C000C
FFEE0007FFE4FFDF
00360071FFF90001
00160002FFD40031
0183FFF4FFFB002C
FFF30009FFE0FFE2
0076003D0004000E
0088018CFFE2000E
FFE20076FFCE00DA
FFD1FFE1FFCB0025
FFE6016CFFE60000
FFFE0018FFE3FFEF
FFFAFFE9FFF10015
005FFFC9FFE90054
001DFFDE0027FFE9
00810030000FFFEB
0010FFFDFFDEFFCF
001BFFEBFFE8FFE5
0113FFD5FFDBFFE3
00250008FFEF0124
0003FFEFFFD900E8
00800000FFFAFFFE
004A0015FFD0000C
0013FFFCFFFC0036
FFF7002BFFFBFFFB
FFE50135FFDD0003
006900660000FFF9
00260002016B0068
008800370045FFEF
FFED002D007DFFC1
0025002600BBFFF6
0045004F0019FFF1
00030024FFFBFFC8
FFE4009F0023FFE5
003300100001FF8C
FFF8004AFFDE000F
FFD20008FFED0007
FFDA0044FFFEFFDF
0032FFFD002D0001
FFE700380043FFF6
003D0072FFE100D6
010C0074FFD20060
008A0072FFE3FFE8
FFF90080000FFFFD
FFFC000300930073
000BFFF5000C003E
007EFFE5FFE9FFE4
0092FFD20011000A
00DB0019FFF3FFEF
FFE2FFE8FFFA0009
FFE4FFF6FFE8FFDF
FFB4000AFFFB0005
001D028D0000FFE1
FFE2002DFFFC00CF
0008FFE900110062
0130001DFFF10016
0003005400410056
00BA001D0115001E
FFFD00FD000D002F
FFCDFFFE0034FFFF
FFFEFFD6FFE9FFD6
0087002A0035FFF8
006C0032FFF5FFC1
003D008D00CC0004
01840026002D001C
FFF3FFE8FFEAFFEF
00230005FFF00009
0021FFFEFFCC002B
0177FFD4FFFD0016
FFF0003FFFECFFE0
006C0043FFFF0015
00620143FFDF0021
FFDA0050FFCF00BD
FFE6FFE2FFC4001A
FFE60113FFCA0050
FFEE000BFFC0001A
FFE7FFE1FFF60054
0051FFC6FFF00085
FFFEFFE7001FFFD7
00610015FFF9FFED
FFFAFFFBFFC3FFC6
002EFFF1FFF7FFE6
014AFFE2FFD8FFEE
002A0009000700CB
0002FFF7FFEE00D9
0097000800030000
002D002FFFE70018
0026FFFCFFF30034
FFF8007DFFE0FFF4
FFD700C700100002
004F00600013FFFB
0018000101BB0034
00F500220080001F
FFF3005100670001
0013FFFC00ACFFE2
003600060021FFEB
00020016FFFCFFD1
FFDF00D50042FFDA
0078000B0003FFF0
00080037FFE00005
FFED0009FFEA000C
FFD60045FF89FFDE
00280026000D0008
FFF1001B0039FFF9
005C008BFFE1014F
011500CFFFD80030
00A60049FFD8FFDB
FFF400740001FFF2
000D000100770048
0018FFF600010026
0074FFF6FFE7FFE4
00B6FFCC001B0007
00F30016FFEDFFE6
FFDFFFE8FFF50008
FFEBFFEEFFE6FFE1
0010FFFE000E000F
000A02CC000BFFE6
FFF2003C00060079
FFE7FFEC0078003A
013D0020FFFD000A
FFFE006A005B0033
009F002900E3FFF8
00020143001BFFF7
FFF4FFEF004FFFC5
FFEFFFE1FFEDFFBE
008B0043005EFFE0
009E000EFFFEFFC4
006F004100DC0016
018E004800540009
0056FFE7FFEAFFEA
00510005FFE60010
00200003FFCB002F
020AFFFFFFF70000
FFFC006FFFEFFFD7
003E0078FFFB0019
004F0111FFDE0010
FFDA005EFFCA0098
FFE4FFE0FFC40002
FFE10090FFCA005E
FFFD0003FFC00024
FFF5FFDD0000008E
0033FFCFFFF40098
0001FFF2003BFFD9
0078FFFAFFF9FFDE
0003FFC3FFC7FFCD
005BFFD8FFF6FFE3
0132FFE8FFD9FFE2
0022FFEC000A00AF
001AFFCDFFEB0061
009DFFE100000000
000A002EFFE50033
0004FFF6FFE00015
FFE400B8FFDCFFF2
FFC80052003B0002
0090006D0002FFFB
0014000001450002
00E7000E009F0065
FFF500460065FFF9
FFD5FFFF006EFFED
000400060024FFFF
FFEEFFF6FFFEFFCE
FFF800350051FFCE
008DFFF800010001
0000002BFFE0004F
FFD0FFFFFFDA0058
FFC500370001FFF2
0009003B00020008
001AFFFA0057FFF6
00710013FFE60186
013600BDFFE8FFF4
00690001FFD2FFC4
FFF0002FFFEBFFCC
001E0002000E000E
FFFEFFED00040000
0021FFBAFFF9FFF0
00D5FFD200160000
0138FFF9FFF4FFDB
FFE7FFCE00000002
FFF8FFF5FFEBFFE1
000BFFCC00200020
FFFB02A50013FFED
FFCF005200110058
FFF5FFF100C6002A
00A10033FFFC000D
FFF4004D00640031
005A003800C2FFFB
FFFD01AA0012FFE3
002BFFE8002DFFCA
FFF9FFEEFFEEFFC3
00C60053005CFFE1
00CAFFF70002FFC2
00A3FFF901170008
01C3FFFE00510001
00F2FFE2FFEDFFD5
00440001FFDE0005
000C0018FFCD0016
0193FFF4FFF30000
FFFA0083FFF1FFD3
003E0090FFE20017
004900B1FFDC000B
FFDE0059FFC8005C
FFEFFFE1FFC30009
FFF5005AFFC70066
FFFC0002FFBC0029
FFEEFFD3FFF4006E
001BFFE1FFEA007E
FFFDFFE90037FFD9
0040FFF4FFF4FFEA
0011FFD1FFC6FFBF
00DCFFD7FFF7FFDD
0112FFF4FFD0FFF0
002DFFEB00090074
000FFFCAFFEA0009
006BFFD7FFFC0004
FFFF003FFFE90072
FFEFFFF4FFD2FFFF
FFD300E9FFD5FFD8
FFC0FFF7004FFFF8
008200370004FFFD
0037FFF40132FFDC
00F9000D00A6004E
FFF90044004BFFEE
FFD7FFFE002DFFF0
FFFA00040020FFF2
FFD0FFE60009FFD9
FFF0003B0078FFDA
00A800040008FFFF
00150035FFE80044
FFF70005FFD6007F
FFD800150001FFFD
0005005EFFF70009
000BFFE5003CFFF1
0065000FFFE101AC
00D500C5FFE0FFEB
004F0002FFCEFFC4
FFEE0006FFD5FFBB
0034000400090003
000BFFF1000D0007
004F00010004FFE5
00CFFFE3003E000A
019E0002FFFDFFDF
FFECFFF400140001
FFF5FFFBFFF6FFE3
0003FFE30030001B
FFE102AF0012FFF1
FFD0006D0010003B
FFFD00150162003A
009300720004004C
FFF6006C0077000B
004F004F0090FFFD
FFFB01BA0000FFDA
008CFFE90014FFCD
FFF3FFEFFFE5FFCD
00DA006F0049FFD1
00DBFFF60001FFC5
00F1FFDF01360018
01FFFFF700600002
01B4FFE3FFEAFFD2
0048FFFFFFD10009
00020050FFD4000C
008BFFEFFFCB0003
FFE80098FFEEFFCE
00040054FFD4000E
002F004FFFE0FFE9
FFE5002FFFCBFFFC
000FFFDAFFC9000C
001E0038FFCA0041
000E0001FFC40014
FFFEFFD5FFE60035
00070018FFE10058
0000008F001CFFD6
003BFFE8FFF9FFF1
0043FFDFFFCAFFCB
0107FFD3FFE8FFE1
00AEFFFDFFD9FFF0
003CFFE000150042
002DFFD0FFF1FFE6
0087FFCCFFF90009
0000005B000E0089
FFEDFFF9FFEDFFF6
FFEA00F8002CFFCA
FFBDFFED0091FFF6
00790035000DFFE4
004BFFFB0108FFBF
0098001A00970084
002D00390065FFF2
0007FFF60000FFF6
00090002FFEDFFDB
FFF7FFDD0017FFD9
0036002800480000
0112000C0004FFFB
00400035FFE7001F
FFFC0003FFD400E6
FFDC000C00020012
FFED0085FFEC001C
FFF4FFDD004D000B
002D0008FFE501DC
00870116FFD8FFEB
00340015FFCAFFC7
FFEBFFF8FFCBFFD3
002AFFE0FFFA0002
0019FFF5FFFCFFFE
FFF9FFFF000BFFD1
0073FFBB00650004
01B7FFF10014FFDD
FFF2FFBF0077FFFF
FFEEFFE2000DFFF4
FFF8FFB500450016
FFD302680013000C
FFCD00A7000E000E
0001004901DA0015
008F005F000A0091
000200570061001A
002B0057006DFFED
FFFC017C0005FFD3
0122FFEB000AFFCE
FFEC0001FFECFFEC
00DA00690048FFD0
00F0FFF90000FFC8
0137FFD20117000E
0190FFEE00560001
022FFFECFFEAFFD8
002D0000FFCF0007
0000006AFFDCFFFA
007BFFECFFC4FFFA
FFEC0066FFE1FFDE
FFEE003EFFD20004
FFF40044FFE5FFE8
FFEF0019FFD00004
001FFFDBFFD30010
003E0016FFC90035
00100001FFE10014
0001FFDDFFE3001C
FFEF0024FFE00045
0001004D0019FFD8
003AFFE6FFFEFFFB
0062FFF0FFD1FFE7
012BFFD8FFDDFFDD
0047FFFDFFFBFFFE
0040FFDA0009003E
002FFFC9FFFEFFE1
0048FFC5FFFA0008
00030061002E00A7
FFEAFFFCFFEAFFF2
FFEE00D70038FFCB
FFBEFFF2008EFFFC
007F0040000FFFE7
0041000000A0FFBB
005C003C005F009D
00550012008DFFF3
FFFAFFF300050002
FFE50000FFEEFFEB
FFDBFFDB0027FFE4
00290021002D0002
009600070001FFFA
002F0053FFE50016
FFFE0000FFCC013C
FFE2FFF800010037
FFD9001DFFEB0030
FFEAFFD300580005
00100002FFEA0150
00240100FFDBFFED
00000022FFC8FFCC
FFD0FFF8FFC5FFEA
0019FFE0FFDDFFFF
003800010004FFFF
FFF300050011FFC7
007CFFF500480004
01D50006004EFFE6
FFFDFFFD005BFFF7
FFE4FFF10005FFF4
FFF9FFE800420001
FFCD01DA0004001C
FFDF009F0004FFF4
0001006F01E60003
002F00590008009A
0004003D0070000D
00170069005AFFE1
FFFC016C0008FFCE
0174FFF20003FFD7
FFEA0003FFED0001
00E500620054FFD2
00BDFFFE000AFFCA
00FAFFD20131FFBF
0164FFEE0050FFDD
02850001FFF2FFE5
002B006FFFD00008
FFFD00DAFFDFFFF4
005FFFF4FFBE0000
FFF00060FFE6FFFA
FFDB0021FFDCFFEC
FFF6002BFFEFFFBC
00060033FFD30000
0022FFE1FFD7001E
005D000FFFCE0032
001DFFFFFFF7000D
0009FFF4FFE60001
FFDA002FFFE40013
000200100023FFDD
0021FFEFFFFEFFF7
0066FFFEFFD5FFE1
010EFFDAFFD1FFE3
001E0000FFF8FFFB
0051FFDB00050019
0023FFD0000CFFE2
0030FFCF00240001
0005006C002F00AA
FFE5FFFAFFF0FFF2
0004009D0029FFC6
FFDFFFF40088FFF3
007D002F000FFFEB
005B00050065FFB9
002000600016009D
0065000400CFFFF5
FFFEFFF70008000F
FFE6FFFFFFEDFFEF
FFDFFFDF002AFFFE
003B001A00020010
005200040000FFF8
004E0055FFE50003
FFFE000CFFD60150
FFE4FFF7FFEF0049
FFD80028FFCD0025
FFCFFFD90027FFFC
0010FFFEFFEA00E9
001A008CFFD1FFEE
FFFA0042FFC7FFD4
FFD4FFF8FFC0FFF8
0011FFDFFFCCFFF4
0056000A00010006
FFF400010019FFDE
0035FFF6004B0008
01B3000B006AFFF6
0011FFFE004CFFF0
FFFBFFE4000C0005
0038FFEB0055000C
FFCE010600030061
FFDB00A90000FFF7
0003009E01EF0008
FFF00038000600BA
FFD6003D00790010
FFFB00560042FFE0
FFE700F80006FFCF
0103FFFBFFF9FFF3
FFF00005FFD8000A
00C400570039FFD4
00B0FFFD0027FFD9
0126FFD500BAFFF6
013CFFF40023FFBE
027B001100040004
0020007FFFFD001C
FFFB010BFFF00005
0045FFF3FFC80004
FFF50044FFE60030
FFD00005FFF6FFE8
FFFBFFF6000AFFC5
000600020001FFF2
0044FFD6FFFCFFF1
0051FFF5FFE50016
001FFFD0FFF10001
000BFFF7FFD4FFF4
FFD60025FFDDFFFA
0002FFF80010FFD4
001EFFD4FFFCFFFE
0078FFFCFFD5FFEB
0102FFCFFFD0FFDB
FFFCFFFB0001FF9E
0021FFD700280007
0019FFE10019FFEA
0019FFC80017000A
00010067005800AF
FFE3FFFFFFF3FFF1
002300760010FFC6
FFE3FFFB0092FFF5
005A0022000DFFF9
004500080021FFB9
FFF30055000100B2
003FFFFF00D5FFFE
FFFCFFEB000A0012
FFD8FFFBFFECFFF1
FFE3FFDD0021000E
002A000BFFF00062
0018FFFCFFF50002
002E002CFFD2FFF5
00080045FFCB008E
FFFBFFF4FFED003A
FFD5001CFFD00018
FFD0FFDD001CFFF3
000AFFF0FFF60082
00120097FFD1FFED
FFF50055FFC4FFD8
FFDBFFFAFFBF0005
000DFFDFFFC3FFEE
004D001200050008
FFF4FFFE001DFFE2
0024FFCE005A0006
0129000500A4FFFE
0021FFF5002FFFF9
FFFAFFE70048001F
0033FFE9003A000B
FFCF009200030098
FFEB00AFFFFBFFFA
000300B401C2FFFF
FFE500490004005F
FFE0003600580002
FFE90074001BFFDA
FFDE00960003FFCC
0104FFFEFFFAFFFB
FFFA000AFFE00022
00BE005A0038FFD3
006800000050FFE4
0147FFD50060FFE7
00D6FFF50002FFC1
025C003B0062000D
003500B800030010
FFF800EDFFF40009
003DFFFBFFCB001C
FFF90032FFD90068
FFCEFFECFFF9FFEB
FFFEFFE6001BFFC6
001AFFFE0000FFE5
004CFFD1FFFFFFF2
005F0007FFFC0019
0020FFF3FFDFFFFE
000BFFFFFFCCFFEA
FFD70037FFD0FFE5
0001FFF40016FFE9
0026FFD9FFFDFFFF
0039FFF5FFD80005
00ECFFCEFFD6FFEA
FFFFFFFF0009FFF6
002DFFDA001B000B
0011FFFF0025FFE9
FFFEFFCE0003000D
FFE7004F006B0097
FFCC000AFFF6FFF0
001F00880002FFC4
00080006005CFFF1
008B0026000AFFFA
0061000D0002FFBA
FFEE0073FFFC00B1
0037FFFF009F0000
00030008FFF50034
00000002FFE4FFFB
FFFEFFF500010020
004D0017FFE600AB
0000FFFDFFF20003
001D0023FFDDFFE5
0021004AFFCB0090
FFFEFFF9FFE9002F
FFD70017FFD10013
FFC7FFDD0028FFF1
000AFFF8FFFF003C
0001006DFFCBFFE9
FFF40089FFC6FFF2
FFE1FFFEFFBE0009
FFF7FFE1FFBEFFF1
000D001600020018
FFE500060019FFE5
0012FFF80057000C
0103000B00ED0003
003DFFFC00100002
FFF9FFDD009B0063
002EFFEF0037FFFF
FFCE0039FFFD0073
FFE700B4FFE0FFEE
000300C20122FFFA
FFE0002FFFFD004B
FFDC00180044FFFA
FFE500670011FFD6
FFDD0036FFFBFFD2
00C6002AFFF9FFEF
00260014FFDA001B
008C00400033FFD8
004E00010073FFF7
0112FFDA0016FFD5
009CFFFA0002FFCA
0207004300C2002F
001A00CFFFFF0018
FFFC00E2FFF70008
00320000FFCB001D
0008001CFFDF0089
FFEEFFF3FFFEFFEF
0001FFD90027FFC7
005600000019FFD2
0059FFD5000A0001
00600008001A0012
001DFFEE0011FFFA
000BFFF2FFFAFFE6
FFDB0028FFE4FFE4
FFFFFFF30018000B
0020FFDCFFFE0000
0034FFEEFFE10008
00D3FFD0FFDBFFE4
000300000012FFFF
0033FFDC000D000A
000800070027FFEA
FFF7005E00010006
FFE3005200670060
FFCB0024FFF5FFEF
002B0067FFFAFFC5
002900080004FFF6
0068000EFFF90000
0048000FFFE6FFD6
FFF30074FFC300C3
003AFFFD00330004
00070018FFE60066
FFFB0023FFDA0010
0010FFF5FFE1003F
00960008FFD700CB
0000FFFBFFF40001
001C0022FFD9FFE5
004B003DFFD50086
001FFFF8FFDD001B
FFEF0009FFDF001C
FFD5FFE00015FFEC
000FFFEA00080012
FFFF004FFFE1FFE4
FFE0008AFFD40003
FFDB0000FFC6000A
FFE5FFE5FFC2FFFF
000100180002002E
FFE40006001BFFE9
0008FFF6003E0007
00BE00110102001B
0039FFFB00070004
FFF9FFD600C700BE
001DFFF0002D0001
FFD10001FFF40087
FFFE00CDFFE8FFEF
000300CE00C9FFF3
FFDE004EFFFA0047
FFEE001E0043FFF8
FFD6006E001DFFD2
FFD20008FFF6FFD8
0071003BFFF7FFE3
00580002FFDF002F
00770041001DFFD8
0012FFFE00850001
00E1FFE5FFF8FFE0
0065FFF7FFF4FFE4
017C007000A7003E
002100EEFFF90008
FFFC00F3FFF1000A
001A0006FFCA003D
00040011FFD900B1
FFEAFFE8FFFFFFF5
0001FFD90031FFC9
00520000000DFFD8
0034FFD500290012
006F00130022000B
001CFFEE0014FFF8
0008FFE9FFFEFFE3
FFDA002FFFE1FFD9
0001FFF200120049
0027FFDDFFFD0009
000CFFEDFFEA0029
009DFFCDFFDFFFF6
0007FFF6000DFFF6
0048FFC4000D000E
0000FFF4001FFFE9
FFFF002F00060007
FFEB00250064003D
FFD10038FFFBFFE9
00320023FFDFFFC4
008200010001FFFC
0048000EFFFBFFFF
0057000FFFD4FFDD
FFF8006EFFC100BA
0034FFFD00000007
00150048FFDD007D
FFF90025FFEC0014
002BFFF8FFC90060
0080FFF6FFD300FE
0002FFCEFFF00006
00190006FFD9FFE5
00590023FFCF0074
0025FFFDFFD60019
FFEC0002FFFD0014
FFD1FFE10017FFEA
0007FFEE000FFFFE
FFFA0048FFDCFFC4
FFDA00CDFFDA000A
FFE30000FFC30002
FFCAFFEAFFC00000
0009001AFFEB004B
FFE9FFFCFFFCFFEC
FFF8FFCE002D0004
0029000800E10013
0027FFF5FFFC0000
FFEFFFD700C800C0
0012FFF8001CFFFF
FFCFFFF1FFFB0097
FFF20033FFF7FFED
00020078007CFFEC
FFDF002EFFF90020
FFE20014002CFFF1
FFD000530000FFCC
FFD50000FFC9FFE5
004F0041FFFDFFCC
0078FFFEFFD60022
00630016001CFFD7
FFFE000000920001
0076FFF5FFEEFFE2
001BFFF3FFEDFFDC
014D006F00D80032
001F0109FFFF0007
FFFC00E5FFF5000C
00220009FFCF005E
0015FFF7FFE4009E
FFEAFFD70000FFEF
0003FFDC003CFFCC
004C0000000FFFDC
001AFFD4003F002A
0069001A00410002
0019FFEB0011FFFA
0001FFF7FFFBFFE1
FFD70025FFE3FFD2
FFFAFFF4000C007F
001AFFDE0008000F
FFFAFFE800050024
FFFFFFCAFFFFFFF6
FFE4FFE9002FFFF5
001FFFC100110015
FFFEFFF4001FFFE9
FFF4004400070005
FFEC000300420033
FFD10044FFFFFFEB
00290006FFDBFFC6
00B6FFFCFFE1FFEB
002D0005FFFD0000
0052000EFFD8FFE2
FFFD0079FFC300A2
0030FFF8FFE40004
001B0066FFD800C0
FFF90024FFFC0014
00310004FFC8006F
00BDFFFCFFD0011D
0005FFE600020004
0012000BFFFBFFE1
004E001DFFD80068
0040FFFAFFED0021
FFFBFFEE000CFFFD
FFD3FFC80063FFCA
0009FFEE000AFFDF
FFF40026FFE0FFC7
FFD800D3FFE8000E
FFDD0004FFC60002
FFC4FFFFFFC50000
000E0031FFD7005B
FFEAFFFDFFFFFFED
0006FFD20019000B
0043000500ED0030
0044FFF5FFFA000D
FFFAFFDA00F800DC
0014FFFD002C0006
FFD1FFE7FFF8008B
FFE9002EFFFCFFED
000200650061FFE9
FFE20020FFF70019
FFE70001003CFFF2
FFD20032000BFFCC
FFD9FFFFFFECFFF2
00230064FFFEFFD4
0083FFFFFFD80014
0056000DFFFAFFE1
FFF6000300580001
0061FFFFFFE1FFE0
FFF8FFFBFFE8FFF0
0042009B012A0049
002501020002FFF1
FFF60082FFF6FFCA
00110014FFCC001D
0015FFF5FFDE00B3
FFE6FFD2FFDEFFF3
0001FFD60029FFCA
005EFFF6000CFFDE
0016FFBB005C0061
0061002D005EFFEB
0012FFEE0010FFF6
FFFAFFEDFFFDFFCB
FFD6001EFFE1FFBF
FFFCFFF2001100C8
002AFFDE00170033
FFEBFFE100040005
0001FFCA0002FFFB
FFE5FFD9004BFFEA
0037FFD100000031
FFFDFFE20016FFDF
FFE70021FFFE0001
0000FFEC00280029
FFF200250009FFE4
0043FFF6FFE8FFC7
014AFFDCFFD7FFFF
00120005FFFB0004
0045FFFFFFD0FFFD
00040062FFCC0051
002EFFF3FFB70008
004200BEFFDB00EF
FFF700380007001B
0052001C0056006F
009DFFFBFFE0012E
000DFFE2FFFF0006
FFF7FFF3FFFAFFE6
0022FFE8FFD50033
005F0002FFD80002
FFF1FFF10019FFFA
FFD1FFD80042FFC9
0002FFED0026FFCA
FFF60012FFDAFFE1
FFD90126FFE90022
FFE70014FFC8FFE6
FFC40000FFCAFFE5
0008002DFFC90024
FFF3FFF6FFFDFFDF
FFE2FFD7001E0006
000C000C00FA002E
0019FFF0FFFBFFFF
FFF1FFDB0127010F
0003FFFD00010000
FFD3FFE0FFFD006E
FFF500090009FFEB
0008003D0027FFF1
FFE4001EFFFE0004
FFED0003001EFFF9
FFD30040FFFCFFD7
FFCDFFFCFFC8FFFA
00050075FFFC0025
00CCFFF1FFE4000F
0025FFF0FFECFFE7
FFEFFFD100530001
003E001CFFE6FFE1
FFF80003FFDC000F
00010122012E005B
00080111000AFFEB
FFF6004FFFF5FFCC
001E0020FFCD0027
0051FFF5FFF7009D
FFE7FFD3FFC8FFF1
0005FFA50031FFC9
006E00100015FFFB
0002FFDE005A0071
007100BC0062FFE6
000FFFF6000FFFEB
FFF2FFFCFFFBFFCA
FFD0000FFFE3FFBD
FFF1FFF7001200FE
004FFFE1001E000E
FFEFFFD300010000
0003FFCE0001FFEC
FFEEFFD70061FFDB
0027FFE200000016
FFFA00050015FFD6
FFFA0025FFFDFFFC
FFFFFFE100280002
FFFF002B003EFFD5
0021FFFCFFE9FFC2
01740012FFD5FFFE
FFF3FFFDFFFCFFFD
001DFFE1FFDA0005
FFF70024FFD10028
0018FFE6FFBC0003
006B00AEFFDC0117
FFF0003B00070014
0075004E00360060
00C5FFF8FFDA011D
000FFFE0FFEF000A
FFF8FFE50003FFE9
001DFFC8FFF40002
0062000FFFE20007
0001FFEC002FFFF2
0004FFE10037FFC9
FFF600030024FFC0
FFFA0011FFD70001
FFD20186FFFA0070
FFE0004AFFD9FFE4
FFBC0002FFD4FFAC
FFFD0034FFBF0058
000DFFF8FFFFFFE5
FFEDFFE000020009
FFFC000B00C00037
FFFFFFF7FFFA0002
FFE7FFD801450137
FFFCFFFD00150007
FFC0FFBDFFFF0053
FFECFFD6000BFFF0
FFFA000DFFF2FFF2
FFE00018FFD2FFFC
FFDEFFFD00060008
FFE5FFF800040007
FFD9FFD2FFDF00AF
FFEA005F00040061
0035FFEEFFF90001
0017FFD9FFD80013
FFEEFFFF006E0002
001E0053FFE6FFF9
FFEA0000FFD8001D
FFCA00E600F70042
000400DD0006FFE7
FFF00006FFEDFFD6
00310002FFCA003E
007AFFE1FFF60040
FFF0FFCBFFBCFFF7
00040005004EFFCF
0061FFFE00260007
0001FFC900C700E8
00280151006CFFEC
FFF6001C000FFFEE
FFDE0004FFFFFFC9
FFCD000DFFE7FFBD
FFF10005000400F6
0050FFEE0027001B
FFF3FFD40000FFFD
FFECFFE8FFFCFFFB
FFCFFFCB0072FFCD
00110000FFFF004C
FFF200D0001FFFDE
FFEF0002FFF80000
FFF9FFDA002D001E
000500470048FFDA
00100005FFEEFFC5
018700CAFFCEFFFF
FFE1001B001A000B
FFFF001EFFE1005A
FFC80085FFD8000E
0004FFF2FFE20003
005B00EBFFFC00CD
FFEA0043000D0015
004F00610024002D
00A3FFF3FFD300D0
000DFFDEFFEA0012
FFFEFFE40003FFF1
000CFFC4FFECFFC8
00490017FFDBFFBD
0022FFE80048FFE3
FFFD000C002CFFD6
FFDF00160036FFB9
0000FFFEFFDC0034
FFF80136FFFD005F
FFEB005C0001FFD6
FFCEFFFF0009000C
0008001C000E008E
0026FFF6FFFAFFEA
FFECFFE8000A0008
FFE5001800D8004F
FFF3FFF3FFFC0032
FFD2FFF90148012A
FFCCFFEA00080009
FFBDFFCD00000013
FFDFFFC80022FFFD
FFFEFFF0FFEBFFFA
FFE6FFF5FFD0FFCC
FFD70010FFF10028
0000000800020049
FFD6FFF4FFD80166
FFC80086FFF80009
0038FFEC00040003
0017FFD8FFCE002B
FFEF00070017FFFD
000400CFFFE4FFDA
FFEAFFFFFFDF0047
FFC600E0000F000E
0004007AFFFBFFED
FFFC0013FFEAFFE0
002B000BFFC30054
0041FFE10000FFDD
0038FFCBFFD30003
003C0013007FFFF4
0086001B000C0007
0001FFEA008B00A9
001501BB0077FFEF
FFF50061000FFFFC
FFD9000EFFF9FFC4
FFE7FFE9FFE4FFC0
FFF7FFD6000700F4
0081FFE3001A002F
FFFBFFC70004FFFD
FFE9FFFC0014FFFE
FFE0FFD80088FFCA
0018FFFD000200C6
FFFA00730015004F
0027FFFDFFF70006
00A2FFCA002C0000
007F001D0027FFFF
FFF70000FFF5FFE1
00C501B7FFCB0003
FFD9000CFFFE001A
FFF8001A001E00BC
FFBE00280001FFCB
FFCAFFF6007CFFDF
FFD300C300650057
FFF2000E00010001
0016008100060015
0050FFFAFFD3006C
0002FFE7FFD3000E
FFF8FFD6FFE9FFF4
FFFEFFD5FFCBFFC1
0026FFFFFFD9FFBB
0034FFE5003AFFD5
FFF5001E000CFFF8
FFDF00450016FFC0
0017FFFAFFDE0068
000100E3FFF80071
0002009A0027FFE5
FFE500170044002E
0005002A001600CE
008C0000FFF5FFE9
FFF80013FFFF000B
FFF1006F00280015
FFCAFFFDFFF9002D
0000FFF700BC00E5
FFE1FFE8FFFB001D
FFECFFF8FFFFFFFC
FFD7FFFDFFFF0053
0005FFDAFFE40020
003EFFFFFFCD001D
FFFD001BFFDE00A3
0020002C001800C5
FFDEFFF0FFF201B0
FFC90077000A0007
0023FFEC0006FFE0
0013FFD5FFD40030
FFEC000FFFFFFFF9
FFF500D5FFBAFFDA
FFF7FFFAFFCB006A
FFC300C0FFF5FFFD
FF94005EFFDEFFE9
00030018FFD80004
005B0008FFBB0076
001CFFDFFFFDFFCD
006EFFCBFFD60010
0042001500420014
0071002A0000004A
0008FFEF003900B1
002201E30055FFF4
FFF000760004FFF1
FFD3000CFFEFFFC4
FFFCFFE0FFD9FFCA
FFFEFFD100030106
00850001001C000D
FFFCFFE70033FFFE
FFE400080015FFF5
FFFFFFF2009BFFC9
00130039FFFF00C7
FFF4006200140096
0010FFFEFFFE0003
0060FFCA000FFFF0
0097000A005E0005
FFEAFFFEFFEBFFFB
00C101E6FFC70003
FFD20008000A0025
FFF40016004E00E7
FFC000270000FFC9
FFCCFFFB008EFFDE
FFD500A800AF0040
0005001FFFFF0000
007E00ADFFF40006
003EFFFAFFC5006B
0021FFE5FFC6000B
0029FFD7FFF4FFF7
FFFDFFDCFFCEFFC2
0033FFF9FFCDFFBE
0057FFE4004EFFDF
FFF200210005001A
FFE5004A0020FFFE
002CFFF9FFE500E6
001D00C6FFFD002B
000300880022FFF0
FFE60018006A005A
00010008001A00AB
007F0000FFF5FFEB
FFFC000AFFF50001
FFF100740012001F
FFC6FFFCFFFC002C
0000FFF000720078
FFDFFFECFFF6000A
FFF6000CFFFBFFFF
FFCE0001FFFB009E
0009FFE3FFE7002A
003B0010FFCD0020
FFFA0036FFD700FB
0022001C0021010B
FFDBFFECFFF4018A
FFD0005700020007
FFD4FFE50012FFDB
0009FFD6FFD7002E
FFEC002AFFDDFFFC
FFE70140FFCBFFD8
0003FFFBFFF00061
FFF3006EFFCEFFF9
000B0033FFDDFFEF
00230017FFD50008
00BA000AFFC300A5
FFFBFFDAFFFDFFC5
006FFFC6FFD50026
0054003F003F005A
0063000AFFF20074
0007FFF00022008C
FFEC02240057FFF6
FFEA00C0000BFFF0
FFCB0012FFF2FFC7
0016FFDFFFDEFFD8
0001FFD7FFF70094
00D1000800020019
0002FFF00022FFFF
FFE9000E00080004
000EFFF7004DFFD9
0049004CFFF5014F
0001002200040164
00370005FFFA0000
00D1FFCC0003FFEE
00B9FFFC003B0038
FFDFFFC3FFF70003
00800230FFC80004
FFDF00370005001C
FFF1001200BE0119
FFCD00190002FFC3
FFC1FFFE0080FFCA
FFF2007C010F001E
0035002100000006
006F00B5FFF30006
001A0009FFDA001B
00210019FFC2000B
0010FFFAFFC3FFFC
FFEEFFF0FFCDFFC2
00150049FFCFFFC0
005FFFEC004BFFF4
FFEA0056FFFB0011
FFEE00510001FFFD
003DFFF9FFFC0114
005F007EFFEA0027
00040084003DFFFC
FFE8001900C6007A
FFFBFFFD00220085
0087FFD4FFEDFFED
FFF5000F00040005
0008005C000E0015
FFE1FFF6FFFA0025
000CFFFF002300A7
FFDE000000030048
0001006900040002
FFD3000A002800E1
000BFFEA0000001D
00AC000CFFDB0026
FFF80035FFDC00F1
005E00110022012C
FFF2FFEE0007017D
FFD2001A01370004
FFC1FFEB000AFFD7
0014FFDFFFDD0018
FFEC001EFFC7FFFC
FFE9015DFFF2FFD4
0027FFF7FFFE007C
FFEF0063FFB9FFF6
00040034FFC7FFF0
001C0013FFD3000B
00D4000AFFC7008E
FFF8FFE7FFFDFFC3
0074FFC4FFE00024
00580054001B0042
00530009FFEC00CB
0004FFEA00120082
FFE5020E001CFFF8
FFE100D10011FFEC
FFC7000FFFF9FFC8
002DFFDCFFE2FFD4
FFFFFFE6FFEB0092
00B4000A0003FFFF
FFF9FFF600240007
FFE2000400100012
002EFFF80033FFDC
005E002AFFF60155
0002FFFE00010143
0051FFE2FFFE0002
00E3FFC50001FFFC
00A1FFED004D005F
FFE1FFC5FFFC0003
007F01EAFFCBFFFF
FFD5003D00060006
0009001000F300A4
FFF7001B0004FFCB
FFD7002D0089FFC9
0019009001290002
0044004900050008
007000CBFFF4000B
001B0014FFEB0033
007C001BFFC1000E
002DFFFBFFC00001
FFF7FFF3FFE0FFC6
00040057FFDCFFC1
006AFFF100410003
FFE7005EFFFF0016
0003005AFFF2002B
00F0000EFFD3018C
00B201F7FFCD001E
000A00F20033FFFF
FFED000F00B600A1
FFEFFFFB00220081
008EFFD4FFE8FFE9
FFF9000700080002
002A0083FFF0FFF5
FFDEFFEFFFF6000B
0009FFF200040087
FFE50006FFFC0069
000200B8FFF9FFFF
FFD8000AFFEE00B4
0005FFF4FFDD0001
00CF0017FFC90025
FFF70069FFDD00DA
006A0030002900ED
FFFAFFEDFFFD0166
FFD2001200010003
FFC6FFF20001FFDC
001FFFE9FFDB000D
FFED002AFFC3FFFA
FFF201530003FFDC
0055FFFA00050055
FFEA0044FFCEFFF7
00020014FFD6FFF6
001E000FFFCF0007
00CA0008FFC60060
FFF5FFFAFFFCFFC6
007BFFCDFFE5001A
00530054001B003B
002D000AFFF200BD
0000FFEBFFF7005C
FFE101D9FFF7FFFD
FFDD00E1FFC6FFE2
FFCA000BFFCCFFD8
003CFFD9FFBFFFE2
00020002FFDC0048
017B000AFFF3FFF9
00000006000B0002
FFEB000300010005
004EFFFC0015FFDC
006B0027FFED0164
0005FFFBFFFF0196
0067FFE9FFFB000F
00CBFFD4FFF8FFFC
008AFFE0FFFA00A9
FFE9FFE8FFEB0006
0023019FFFCD0007
FFE50036FFFC0013
000D000B015500E7
FFF3FFFD0004FFCD
FFD400080086FFC2
0040005700FB0002
005C0013000B0008
004D009DFFF1FFF2
FFF10029FFF90002
00120015FFC1FFFF
FFFAFFF6FFBE0004
FFDDFFF3FFCCFFCD
0001003AFFD9FFC4
0068FFF100360005
FFE800650001FFFB
0014006FFFE9001B
01070041FFE40127
00BE01D2FFCEFFEE
000700D50035FFE6
FFEC000400C4001A
FFF6FFF5001C003A
00C1FFD3FFE7FFE4
FFFB000A00050000
0050004EFFE0FFED
FFDBFFEAFFF50018
0006FFF600000067
FFED000BFFFF0090
0001016DFFFBFFFE
FFD60004FFF400EE
0006FFF4FFD80006
01420029FFCB0025
FFF500A3FFE000BB
00A2005C003100DB
FFFEFFFC00030127
FFCBFFFF01080006
FFD6FFF2FFFDFFDB
0027FFECFFF6FFF1
FFEE001FFFC5FFEB
000601010032FFEF
00B2FFFC0019002D
FFEB0015FFD3FFF0
0004002AFFDCFFF4
00260007FFCA0004
010E0003FFD50053
FFF50027FFFAFFC4
0085FFE7FFFD0025
0062008500190035
00330008FFF50103
FFFCFFE8FFFA0044
FFD001B0FFE2FFFE
FFD600CFFFDDFFDE
FFCE0002FFC6FFE4
005DFFDAFFBDFFE5
FFFAFFFAFFD10010
00FF0004FFEBFFF7
FFF50009FFEB0001
FFF00003FFCC0009
006FFFFEFFFAFFDD
00570020FFE00166
0005FFFAFFF70193
0069FFEEFFF30008
00C0FFEF0002FFFC
0085FFDC002B006D
FFEBFFFE00120001
FFFE019AFFF8FFF9
FFDC003AFFF70003
000E000A016B0077
FFF200120000FFDB
FFDA00210078FFBE
0059003900FAFFD8
0074002F0015FFB9
00340094FFF3FFE9
0016001C000D0002
00D700110004FFF9
0029FFF3FFE80000
FFEFFFEEFFDBFFD8
FFFB003CFFE0FFC8
0021FFF40036000A
FFE0005C0003FFF6
00280047FFE9005B
011B0072FFE3011A
00EB01B9FFC3FFE1
0001008F0022FFFF
FFE8000500B40021
FFFCFFE300120023
00C5FFCCFFE6FFE7
FFFDFFFF0008FFFC
00B3003BFFDAFFD3
FFD8FFE6FFFB0006
00030000FFF80062
000A0046000D00AC
001601FDFFFEFFFB
FFE80011000400D7
FFF3FFF1FFE80007
00CA001EFFD00021
FFEC00D2FFDD0086
00CC0053002A0079
0002000AFFFA00D5
FFEBFFF300070005
00220009FFF1FFDE
003E00040002FFF0
FFF00016FFECFFF4
001600F100AC0002
0168FFF5FFFA0056
FFF6001DFFC60000
00010033FFC00008
00290003FFC0002C
00DDFFFBFFCC0032
FFF9008CFFFEFFC9
008BFFE8002D001A
0054007B001F001C
00170008000700EB
0007FFE200020038
FFF60144FFF60009
FFDA00BDFFD5000E
FFD2FFF5FFE7FFF0
0058FFEEFFD6FFE3
FFFAFFF9FFCEFFEC
00FC0006FFEFFFEA
FFED000CFFFFFFFD
FFF1FFFDFFCA0001
007E0004FFFEFFDA
00720018FFEA0132
00060004FFF80145
0077FFF3FFE40018
0096000B00100027
0067FFFA00100061
FFF000500078FFFB
FFE200B80059FFF8
FFD6003E00070001
0012000601C40044
FFEA00030002FFF3
FFF40051006DFFC4
0057001100E8FFC8
0093002B001CFFBB
001E0046FFF5FFD7
002A00300001FFFD
0135000F0002FFB9
001DFFF2FFE9FFF5
FFECFFE3FFDAFFD7
FFEF0031FFD8FFC5
0021FFF900100009
FFE9001C0008FFF1
00290030FFF200ED
00F00081FFEA00E7
013F0165FFC5FFDE
FFFB000B000DFFE4
FFE6000A009B0018
0002FFF1000E001A
00CCFFC8FFEDFFEC
0000FFF90014FFF4
01300024FFD5FFD0
FFDBFFE1FFFD000C
0005FFFCFFF20031
001DFFF3001400E1
FFFF01E0FFFAFFFA
FFDD00330006006B
FFF9FFEEFFE20006
006A003CFFCD0015
FFE800E7FFEC002A
00BE006100310017
FFFC0026FFF1009E
FFDFFFEB0010000B
FFF80001FFF2FFE6
005900190006FFDC
FFF9FFFFFFF8FFE3
002F006B011A0010
01A8FFFEFFFF002D
0040FFE7FFD0FFFF
FFFD0001FFC30004
00090019FFC3001D
0082000EFFD10026
FFED00D2FFFBFFCA
0066FFEF00550017
0033008100090023
FFF8002C0005010C
0014FFDFFFF40021
FFEA00C6FFCF0022
FFD2007DFFE3001F
FFD6FFE7FFD7FFFA
005E000BFFCBFFED
FFF8007CFFD0FFD6
0106FFF7FFE0FFD8
FFEFFFC9FFCDFFF2
FFFA0000FFE1FFFF
00AD0015FFF5FFE6
00590005FFE900D0
00090006FFF500F8
0081FFF8FFC80010
00730040001C002D
0030FFFBFFFE004A
FFF60098003FFFF0
FFD40069009DFFE9
FFE200390004FFFE
000E000701E30001
FFFBFFFF00000017
00090004005A0017
005DFFED008EFFDB
0066FFF00020FFCF
00110031FFF6FFEC
0041004B000BFFED
018000090001FFBA
0014FFF6FFE8FFF7
FFE7FFD6FFDF0010
FFE50028FFDAFFE2
001000040003000F
FFF5FFFD0013FFF6
003A0001FFF1015F
00FA0097FFF20097
011600EAFFCBFFE0
FFF400890001FFF1
FFEAFFFF00780013
0004FFF0003C0010
0098FFCBFFEEFFF2
FFFDFFEF0013FFF7
01820017FFD4FFCD
FFD8FFE2FFF80009
00020001FFF2001B
003B008400210100
FFF90246FFF4FFF5
FFE00032FFFF001C
FFEBFFF60004002A
0084004AFFF70005
FFF000E90002000B
00E9007B0037FFF2
00070050FFF9001C
001EFFE80030FFF4
0053000DFFF2FFDC
006B00240036FFDB
FFFFFFFD0000FFD6
007E000E015C002A
01EFFFFE001A0008
00DDFFCBFFDBFFFB
FFFF0004FFC60015
00060031FFC8000B
00A0000AFFE6001B
FFF0011FFFFFFFCD
0030FFEA0086000B
002B003C00180015
FFF10010000800DB
002CFFE1FFF20025
FFF20051FFD10040
FFD90058FFBA0025
FFE5FFE3FFE0FFFA
003A0030FFCEFFF1
FFF30089FFC7FFC9
00DAFFEAFFD5FFDA
FFF4FFCAFFCFFFF0
0005FFFFFFFEFFFC
00CE000CFFEFFFF0
00410004FFF700B0
00030007FFEB0099
0085FFFBFFBC002E
003F00870056003B
000AFFFEFFFBFFFF
000A00FE005CFFD0
FFFAFFF300E4FFE3
FFF7000A000BFFEF
001BFFF001A9FFD9
FFF5FFF70024004D
0009FFFB00580007
0068FFDF0088FFD7
0066FFF30025FFCD
00040009FFFCFFF4
0063005BFFF5FFE2
01950002FFE3FFBC
0003FFF8FFD5FFDC
FFDFFFD1FFD0002B
FFE20022FFDCFFDF
00040016FFE60017
0016FFF30009FFF5
003C0002FFF501E7
00D500B1FFA1004E
0109009BFFDDFFE2
FFEF0002FFF4FFFE
FFE7FFF10022002A
000EFFE60062FFF8
0076FFCDFFF3FFFE
FFFBFFE1001DFFDF
0168FFF3FFD8FFC7
FFDAFFBFFFFB0005
00000002FFE80015
0065006F00250104
FFEB0255FFE8FFF9
FFE10058FFFF000C
FFD7001300590007
00A00071FFFD0024
FFF10125FFFB0008
010B008C0016FFEA
00070061FFFCFFF8
008FFFEE0024FFCA
003700140003FFC8
00A30044003FFFD4
0032FFFD0002FFD2
0101FFEB017E0031
01E70008001BFFFF
01BEFFD6FFDDFFDA
FFFF0007FFC60009
0001005CFFCB0000
00860002FFEA0002
FFF601660001FFDD
000DFFF0009F0007
002800160015FFF9
FFF2002E0009FFC5
0031FFE6FFF30007
FFF7000BFFD1003E
FFE10010FFBC0015
FFE6FFE4FFE4FFF8
00340059FFD0FFF0
FFF3009AFFC8FFBF
009AFFE1FFCAFFE3
001AFFDFFFC0FFEB
006DFFF6FFECFFFB
00E60000FFE90005
0040FFEFFFFF0096
0003FFCBFFEA002F
0064FFE7FFA6001D
0005006400590064
0006FFF3FFF8FFF5
0029010A0074FFD3
FFF0FFED0117FFED
001A000E000AFFFA
00B6FFF8014FFFC7
FFFCFFFA00240052
0024FFFF0057FFFC
0056FFDB0035FFD9
001BFFFB0024FFD0
000BFFF100040005
00860038FFFFFFFC
017A0015FFD5FFE9
FFFEFFFFFFCCFFE6
FFDBFFF2FFCD004E
FFDD001CFFD4FFDB
FFFE0034FFDF0023
000EFFEF000BFFF3
0051FFEFFFF301DA
008600A8FFF6FFF6
00BE0050FFCAFFCB
FFEEFFFFFFD3FFF0
FFF1FFE8000F0008
0011FFF10073FFF2
0025FFD4FFFCFFE9
FFFFFFD1002AFFDB
017CFFF0FFE2FFC7
FFE3FFC8FFFDFFF4
FFF40002FFF50004
000C009E0031009D
FFD401E7FFE3FFFC
FFDF007AFFF0FFF2
FFD8004200CDFFFF
007E0049FFFE0030
FFF4012100100003
00C3009EFFFAFFE7
0003007EFFDFFFD6
00F6FFF4FFF1FFD0
00060016FFFBFFD6
00A900550039FFCD
006DFFFF0001FFD5
0130FFE201390023
019E001000290001
0211FFD5FFDFFFE5
00000005FFCB000A
FFF400A9FFD2FFF8
001DFFFAFFE70000
FFE40138FFFF000E
FFE9FFF60070FFEB
FFF8000A0011FFDD
FFE700210004FFB7
002FFFE2FFF30002
FFFEFFEFFFD30039
FFE9FFEAFFCE0014
FFF0FFE9FFEEFFF8
0027006CFFD8FFF6
FFF6005DFFC7FFC0
0091FFDBFFC9FFD6
0036FFF1FFBAFFE1
007DFFF0FFD80000
0099FFFCFFE10022
001DFFDC00070044
0001FFC9FFF7FFF4
005FFFFFFFF30009
FFFE00980087004B
FFE3FFF8FFF7FFF0
004200F7007BFFD0
FFE6FFFC0128FFE2
00400010000BFFFC
0099000000E5FFC3
FFE7FFF7003D006C
00390002006DFFF7
003CFFDB0003FFDC
0004FFFCFFF5FFCE
FFFBFFF300130013
00760031000EFFFF
00FF0004FFFCFFED
FFFE002CFFE5FFD8
FFE2003CFFDD007F
FFDE0024FFDDFFE5
FFEB004AFFE00021
0012FFF30010FFF0
0050FFF4FFF00174
003E00B5FFEAFFEF
00640030FFC9FFCB
FFEEFFFFFFC9FFEF
0007FFE9FFF50006
004000080011FFE9
0015FFF80008FFEA
002EFFEA0053FFE2
019CFFE4FFF9FFC8
FFF2FFD60006FFFA
FFEB000300000006
000A00BC002D007F
FFD001B9FFE60004
FFE900A1FFE7FFFF
FFD60089014EFFFF
004A003DFFFF004D
FFF600EB003A0005
00A300A8FFF2FFE8
000F0091FFDDFFD5
0153FFF7FFFCFFDF
FFF50020FFF5FFE2
00B6005C003BFFCE
00B4FFFD0001FFD7
0147FFDA011C001D
016B00040029FFFE
0234FFDBFFE6FFEA
0000000BFFCD0002
FFE70097FFD6FFF5
001FFFF6FFE2FFD0
FFE700F20000004C
FFDFFFFA0080FFF6
FFF9FFEA0010FFD0
FFFA00030006FFDF
004AFFE1FFF9000C
0001FFD5FFD50022
0015FFD2FFE00013
0003FFF4FFEBFFF9
000E0065FFDBFFF7
FFFA0054FFCCFFC0
0065FFE3FFD0FFEF
00570000FFBDFFDF
0097FFFAFFF6FFFB
00430013FFE60006
0052FFE60002004A
0001FFD10000FFE8
0066FFFEFFF90004
000100C700910050
FFEAFFFCFFF7FFEF
005A00C9007CFFCD
FFE3FFFE0115FFE5
003D00110009FFFA
00D20003007BFFC4
FFE700170022006C
003E00110058FFF8
002EFFF3000BFFE3
0004FFFFFFF4FFCE
0001FFE8001C000F
00720038FFF90027
00EA0002FFD70005
0016003AFFCFFFE7
00000096FFD80096
FFF60008FFD1FFEE
FFDA0079FFD80024
FFFCFFF1000FFFEE
0018FFE5FFFE0132
00130097FFD9FFF0
002D002EFFC6FFCC
FFEBFFFDFFC2FFF8
0003FFE9FFE40002
005DFFF70017FFF7
FFFFFFDA0001FFD6
0008FFC70084FFDB
0196FFED0017FFD3
FFF8FFCA002CFFD7
FFDEFFF20026000F
0001FF64005D0063
FFCF0132FFE5002B
FFF20099FFE0FFFD
FFE5008D017D0001
003E0025000100B3
FFFA00A900240014
005A009AFFF4FFEB
FFFE0083FFD8FFD5
0132FFFCFFFBFFEB
FFF30019FFF80000
009000560036FFD0
00C6FFFC0000FFED
00FFFFDB006E000E
00E600070023FFF8
0245FFEAFFF6001C
FFFF0011FFD30007
FFE200F0FFD80007
0024FFF2FFCF0007
FFEB00BD000000AC
FFCFFFEF0042FFE6
FFFBFFDE001CFFC3
FFF2FFFD00000005
0028FFDFFFFE0049
0009FFCFFFD3001D
0017FFC5FFF90012
0005001FFFF6FFFA
FFEF00EAFFE0FFE7
FFF80002FFD1FFCB
FFFDFFF5FFD2FFDC
0060000BFFBBFFDA
005EFFFDFFFDFFE1
000B000DFFF70006
0036FFE5FFA10009
000AFFDD0001FFE5
0065FFF30016FFF9
000200B300AC0015
FFE8FFFDFFF8FFE5
007400750058FFC9
FFDD00060117FFD0
004400080007FFF3
007F00090027FFBB
FFE0002D000A0063
003B001B00A1FFF8
0028FFF90013FFEC
00020001FFF5FFD6
0005FFFF002B0017
00840020FFF70086
005EFFFEFFE80001
001C0047FFE2FFDE
000100F3FFE900AC
0001FFF8FFDC000C
FFE4000FFFDB0042
FFF4FFE9000CFFF1
0015FFE0FFF6008A
0008008DFFDAFFF3
FFFF0050FFCAFFD3
FFE20000FFC20002
0006FFE6FFC4FFF8
0069000C0016FFE5
FFFCFFF9000FFFCC
0003FFE50094FFDF
011FFFE70067FFE5
0001FFDB0023FFD8
FFFEFFD900810021
0058FFAB00290044
FFD50063FFEC0056
FFFF00A7FFE1FFFA
FFE700AA0164FFFE
0001000EFFFE0063
FFF9009600240004
001D0083FFE4FFE5
00140029FFCEFFD0
0173FFFDFFD9FFF8
FFFD0029FFFA000A
0087004F0014FFCF
00A500030018FFF1
012EFFDC004D0007
00830003002CFFF2
0228FFF3001E0025
FFFE0027000DFFFB
FFD600C2FFF0FFE6
001DFFF6FFDA0001
FFF10066FFED00C5
FFCFFFEDFFFFFFDA
FFF6FFEBFFFFFFC2
0002FFFDFFF7000F
002FFFDE00000053
004AFFF0FFE1FFFF
0021FFC1FFF3FFE1
0007001EFFDBFFD1
FFED00F4FFD8FFD5
00010004FFD4FFE4
0056FFE2FFE4FFD7
00450000FFB9FFE8
0063FFF6FFEEFFE2
FFFB000500000002
0021FFE6FFFA0006
00040004000DFFE9
004500120016FFD7
0001010B00990032
FFE40014FFFDFFE8
00830045002CFFC6
FFE3001000F6FFCC
001900010001FFE4
009D000CFFFCFFB9
FFDB005AFFE20097
00430000000DFFFF
00330030FFEBFFFB
FFFD005BFFEDFFD3
000AFFFE00080027
00BE0030FFE3009F
002B000300010000
00180062FFFAFFDE
001500BFFFF400C7
0005FFF2FFD60003
FFEE0005FFE80031
FFDAFFEF0016FFF2
0010FFD9FFFE0036
FFFA0073FFCCFFEB
FFED0071FFCDFFD5
FFCD0002FFBFFFF9
FFF8FFE9FFC1FFF8
000F00040003FFF5
FFF0FFF8FFFBFFBC
000DFFDC004AFFD8
00D9FFFA00890002
0053FFD30016FFF4
FFFDFFD500C20059
0050FFC8001F0026
FFD80045FFEB0055
0001009FFFE1FFFD
0002008801580000
FFEF0001FFFF004B
FFF0004B002EFFFF
000D0049FFF6FFDA
FFFF0004FFCDFFCC
00C3FFFEFFD4FFF4
000E002BFFEC0009
008300340010FFD2
009B00020029FFFF
0124FFDCFFF7000A
0029FFFF0003FFEB
01DBFFFF00370058
FFFF008A0005FFF6
FFD3010BFFECFFE3
001DFFFEFFCB0003
FFF10043FFE000A3
FFCFFFF00000FFDE
FFFAFFDE0018FFC7
0007FFFD00040006
002AFFD8004100A3
0066FFE8FFFCFFFB
0021FFBDFFEFFFEF
00080014FFE3FFCD
FFDD00DEFFD1FFDA
0001000AFFE20015
0032FFE8FFF2FFF8
002EFFFBFFB90007
005AFFDEFFBFFFE3
0000FFFFFFFD000F
0023FFC7FFEB0013
0012FFFD000FFFED
002A000AFFFFFFF4
000200D4006B000C
FFE700350007FFE0
00880019FFFFFFC2
FFEF000F002FFFD4
000AFFF1FFEDFFDC
0087FFD3FFDBFFBB
FFE30024FFCD009B
003EFFF8FFF60000
00220054FFE1000E
FFFA007AFFF6FFF7
0010005FFFEC0032
00B2000EFFDC00F9
FFFF000D0004FFFF
001700640003FFDB
001A00E4FFF400D0
001AFFF1FFDF0014
FFF4FFF5FFF10022
FFD1FFE30012FFED
0011FFC70005000C
FFFC0054FFE9FFEB
FFE00056FFE1FFF0
FFD30000FFCAFFF6
FFE0FFE9FFC0FFE9
0005000100010001
FFE7FFFCFFF5FFDC
FFFAFFDA0053FFE8
002EFFF000B4000E
0042FFE2001BFFF8
FFF1FFC50110007C
002BFFE200020011
FFD50005FFF20071
00000092FFDDFFFA
000400740107FFF9
FFE90001FFFF002F
FFEE003B0014FFF9
FFF80059FFF6FFD2
FFE30001FFCAFFCD
00580038FFD2FFE8
003A007DFFE10008
008F00320016FFD3
009200070024FFFD
00FEFFDAFFF30001
0006FFF90006FFEA
01970016006D0067
000400F50007FFF4
FFF100F4FFE9FFDF
001D0006FFCB0007
FFF70012FFDE00B0
FFCEFFF2FFE6FFDF
FFF4FFE8FFFFFFC9
001AFFFEFFF50000
000AFFD3FFEC00AC
00810017FFE8FFFB
001FFFE4FFD1FFEF
0005001DFFCBFFCE
FFD900DAFFC6FFD6
000A000CFFEA0040
0028FFEC0000FFFC
0007FFF6FFDF000C
004CFFDCFFD9FFE6
0000FFE3000E0012
0033FFC6FFEF001E
0009FFF60017FFED
001200050035FFF4
000300CF005D000F
FFE7005CFFFCFFDD
00830000FFDAFFC1
000DFFE3FFFCFFD1
0013FFF3FFE7FFDD
00E2FFCBFFD0FFBA
FFED001AFFC300B4
0046FFFDFFDA000D
0027008AFFD8003A
FFFB009F00010009
002500020088005B
00AE002EFFEE0132
000000120009FFFE
FFFC0073FFFBFFE4
001200B2FFFC00D1
001DFFF0FFD80020
FFECFFEDFFFB0018
FFCBFFED001EFFEF
0011FFCB0013FFF6
FFF90038FFE5FFC7
FFE3008AFFDDFFFA
FFC5FFFFFFC8FFED
FFDAFFE9FFC0FFDF
00040006FFF90003
FFE5FFF5FFDDFFDE
FFFFFFD30040FFF3
0033000E00B7000F
0050FFF4000BFFF5
FFF1FFD0013700A9
001AFFFAFFFD0006
FFD7FFF9FFE9006E
00010046FFDCFFF4
000D002900C6FFF4
FFE30003FFFE001D
FFF10024002BFFF3
FFF000400007FFCB
FFE7FFFEFFF3FFD5
003C0032FFE5FFE7
0040003FFFE0000A
00870009001CFFD4
006C000B002CFFF0
00E2FFDDFFE5FFEA
FFF8FFF60004FFD2
0091000F00AA0041
0009010F000CFFEB
FFEC00B0FFECFFDB
0038000BFFCC0019
0018FFEDFFDD00B0
FFEAFFEDFFD9FFE2
0002FFF1FFE8FFCB
0023FFFEFFE3FFEA
000EFFD1FFE00034
00B0004BFFF1FFF3
001CFFE3FFC9FFF4
00010016FFC7FFC5
FFD600ABFFC5FFD3
00000010FFF400A0
001FFFEF0003FFFE
FFF3FFE6FFE70008
0014FFE0FFDDFFE2
FFE8FFE50019000B
002EFFD6FFF1001D
FFFCFFFB001FFFE8
000EFFFDFFFBFFF6
000800A300430002
FFFD00A3001DFFD9
00750008FFEAFFBF
003BFFE20002FFC9
FFEFFFE3FFF8FFDE
0040FFC8FFCAFFBF
FFE10018FFC200E4
0030FFF3FFBA000F
002100D9FFD10048
FFF500D900060008
003000220087006D
00AA0009FFE5017A
0002001D000CFFFD
0002007EFFF8FFEC
00340080000D00D2
003CFFF1FFF5000A
FFF5FFDD0017FFFF
FFCFFFEF0083FFCD
000FFFCA0021FFD2
FFFA0017FFE6FFC7
FFDE008FFFE20006
FFC50000FFCDFFEF
FFC9FFF0FFC1FFEB
0005FFE7FFD70013
FFE3FFF6FFCFFFE3
0008FFBE00420003
004C001100E7005A
00A5FFF2000C0006
FFFBFFC8017D00D6
001DFFFEFFFD0004
FFDAFFECFFDA003B
0001002EFFDFFFEA
000C00080096FFF2
FFE20004FFFB000B
FFED000F0020FFF0
FFF0003A002DFFCB
FFE8FFFBFFECFFE6
001C006EFFE7FFED
0065003BFFDAFFE6
0065FFF00016FFDE
0031FFCF00150005
0084FFEBFFEDFFF1
FFEDFFEC0014FFE5
0037001B01040094
001D01150010FFE6
FFF00068FFF3FFE1
00300013FFCC0039
FFFCFFEEFFCD0078
FFC7FFEBFFBFFFEA
FFEDFFF80004FFCA
00330001FFF5FFDF
FFF1FFD4000A007C
002C006E002BFFF4
FFFCFFE2FFFE0007
FFF90015FFF00002
FFD2005DFFDDFFED
FFF7000C001600FF
000EFFF000470007
FFF2FFE70008002F
000EFFD9FFFCFFF7
FFECFFCB004B000E
002BFFCEFFFC0069
FFF6FFE30025FFDF
FFEA0004FFFEFFE7
FFF500370018FFFE
FFCF007C0005FFBD
00370013FFE7FFBA
0106FFE9FFD3FFD8
FFF9FFE8000EFFD9
002EFFCEFFD7FFCE
FFE9000BFFCB0054
001C0002FFC50020
00320173FFCD0074
FFF7010C000A0010
004E006600850097
00970014FFE4016E
000800160011FFFD
FFF100600017FFE9
0029002900010062
0050FFF700010026
000BFFE0003B0000
0006000B0068FFCA
003CFFF30032FFC3
00000015FFE5FFDE
FFE800DDFFEB001F
FFCB0039FFCE0005
FFC90004FFC00000
0009FFFEFFBC004B
FFE8FFF2FFCEFFED
0022FFC6006B000A
001D001600D90076
009AFFFDFFFE0002
FFFBFFCD00F800EE
0008FFFFFFEE0001
FFD8FFDEFFFE0013
FFF90011FFD1FFFF
FFFFFFEC0032FFE3
FFD8FFE600060000
FFF50008004B0007
FFDE00270015FFED
FFCFFFF6FFE90002
FFE7008BFFDC002C
0026FFF9FFD0FFFB
003CFFE40007FFEB
000FFFECFFF9000E
002E0021FFCDFFEE
FFE8001500210007
FFDE0070010600DB
000C01140009FFE8
FFE60003FFE8FFEC
00320021FFC9004C
0016FFF4FFD5006F
FFE4FFE3FFBFFFEF
000200000006FFC8
00480009FFECFFE1
FFF5FFE0000E009B
004E0104002AFFEC
FFFFFFECFFFF000D
FFF80005FFF00006
FFDF000DFFDCFFE8
FFE7000C0013014D
0016FFF30054FFFF
FFF8FFD70006000A
0008FFE4FFFBFFEF
FFF1FFC500440006
0043FFE3FFFD008B
FFF3FFF50026FFDA
FFF9FFFBFFFAFFDD
FFFC00170004FFF3
FFF300A50028FFC8
00200012FFF1FFB9
0162002FFFCEFFFD
FFF6FFFC0020FFE5
002EFFE7FFD50000
FFEE0039FFCD002B
0004FFF5FFC30005
0046016FFFD000DC
FFF800FF00170013
0053006C008E0067
006A0010FFE1014A
0011001A0014FFFB
FFF8002C00030001
002EFFF9001D0034
0067FFE60003000E
0028FFCF007EFFFE
000500290059FFD2
0020FFF10039FFC7
00230003FFE00001
0002010DFFFF008F
FFE30081FFDCFFF5
FFD30005FFC90000
0018FFECFFBC007B
FFF3FFE7FFCCFFEE
0002FFCB00560009
FFFE002100E20054
0018FFF800010001
FFEFFFC90158010A
FFFCFFF5FFF10001
FFC2FFC500020016
FFF2FFCEFFED006A
FFF4FFD9000FFFFB
FFD3FFD8FFFCFFED
FFF3FFEF0010002B
FFEFFFEC00200049
FFC7FFCFFFE2003E
FFBD005CFFDB0039
0013FFF3FFCE0002
0024FFD7FFF5FFFC
FFFB0002FFDA0009
FFF10085FFC8FFF1
FFC1000C00230017
FFBD007200C9008F
000B00D20005FFEA
FFE80010FFF20003
002A0004FFCB00F3
0024FFE6FFD4000A
FFEBFFE4FFBFFFFD
000AFFFD0000FFCC
0038000AFFE0FFE4
FFF8FFE40011009D
0050014C0049FFE9
FFFFFFF1FFF8002A
00050003FFE80004
FFFCFFF2FFD9FFE9
0008FFDB002301B7
0009FFEC007B0016
FFEDFFC600050022
FFF5FFEDFFF5FFFE
FFC7FFC100380005
00080000FFF7008F
FFE700AB0015FFE6
0004FFF9FFF1FFE4
0033FFE1FFE6FFD8
003700370004FFD5
00060001FFE6FFB9
01F900BCFFCBFFFA
FFEAFFFA0030FFD4
0022FFEBFFD7FFE3
FFF90032FFCAFFDD
FFF6FFFCFFE00000
FFE3014DFFE70068
FFF301000022FFFB
003400AC004F002B
00330000FFE10114
000DFFE20014FFFA
FFF8000400090009
001AFFE10028FFE2
006AFFEC0003FF90
004AFFC6008CFFDA
0001003C0010FFFF
0029FFF6002AFFBE
0066FFF1FFE2000C
00000078000100C4
FFE5008B000CFFF5
FFD30000FFF2000C
0015FFE1FFE00085
FFFDFFE4FFD6FFEC
0002FFD900590013
FFF0001B00A60064
0018FFFE00000002
FFF5FFC900D800C0
FFE5FFE3FFE8FFFF
FFE2FFBF0002FFF7
FFDDFFE9FFEF009C
FFF9FFCCFFE4FFF7
FFD4FFD8FFFFFFE0
FFEBFFD800010057
FFECFFF9002000B9
FFCAFFC9FFE60095
FFBF006DFFDD0015
0009FFE3FFCAFFFE
000BFFD7FFE3FFFC
FFF30008FFD0000D
FFDB00B9FFCCFFF3
FFC200010029002F
FFC6006000A200A1
000900520001FFEE
FFEF000FFFEF0013
00260000FFCA00DB
000EFFE3FFEBFFEA
FFF5FFE1FFC1FFBE
000B00000003FFD5
0036000AFFDEFFFC
FFFFFFE80015008A
00470176004DFFE8
0006FFFBFFF70022
00490000FFE8FFFF
001FFFF0FFD4FFEB
0043FFDC002501C7
002FFFFA007F0008
0014FFC30001000C
FFF0FFF3FFF10001
FFD9FFC1002BFFF6
000FFFFEFFF2008C
FFEE0097000D0003
0009FFFAFFEF0008
003DFFD2FFDCFFE6
0056003200070003
FFF00002FFE7FFEC
015E0153FFCD0002
FFE8FFF90030FFF3
000EFFEDFFD60013
FFF90024FFC7FFD3
FFEDFFF5FFECFFF4
FFDF013AFFF70046
FFFF00F20035FFF3
003E00F6003E000C
002AFFFEFFED00EB
000DFFE1000FFFFA
FFF9FFF800040007
000DFFC5002AFFD2
0058FFFE0004FFF6
0064FFE100B2FFDB
FFFF006500000020
0023FFFC00090002
008AFFF2FFD90067
00000064FFFF00EF
FFE800990029FFF6
FFD4000EFFFE0021
0003FFEEFFDF007A
001AFFE9FFD2FFE9
FFFB0000002F000A
FFD900550079002A
000100020000FFFF
0005FFF10084009F
FFF8FFE6FFE6FFFF
0005FFCC0002FFED
FFEFFFFAFFFF00C6
0012FFCCFFD2FFF6
FFE5FFD7FFFBFFE0
FFF4FFCF00010099
FFE6FF40001B0118
FFD4FFC8FFEE00D9
FFCA005BFFE80001
FFF2FFE4FFC9FFF7
0009FFD3FFE30008
FFF0000EFFD40021
FFDC00FFFFC40003
FFC10000003D004E
FFCC005B004E00A8
001000210001FFF4
FFFE000FFFF30015
00320000FFDD00CF
0017FFDF0001FFD7
000CFFD9FFDFFFF5
003000210008FFE3
0021FFF0FFE60001
0010FFCE000D0078
003F01FA004FFFF3
00000000FFFB0018
FFF9FFF0FFE7FFFC
001BFFD0FFD5FFF2
002DFFCF00180176
0048FFF70052FFFD
000DFFBD0000FFFE
FFECFFFCFFE8FFE5
FFDBFFBE001EFFE2
000D0000FFE900AD
FFF0009100070077
0015FFF7FFF00003
0086FFD1FFD2FFE9
007D0040FFFC0036
FFE60005FFE8FFF9
0147021BFFCE0003
FFEFFFFD0028FFF7
0002FFE2FFDA0066
FFF70014FFC4FFCD
FFDDFFF3000AFFDC
FFE101020023002C
000700D50035FFF8
0065010D0023000A
00200005FFFB007B
00110019000DFFF6
0004FFFCFFF50016
FFFDFFE10008FFD0
00220006FFF8FFDE
0059FFEA00B6FFD6
FFF3009A00000029
001FFFFEFFEFFFFF
00ABFFF1FFBD00A7
0003004DFFF200B0
001000950036FFF8
FFEB00120028003C
0001FFE9001F008B
0064FFE7FFF0FFEA
FFFE00000035000C
FFD90043005A0017
FFF1FFF900000000
0008FFD3005A008A
FFE6FFDAFFE70001
0012FFED0002FFE8
FFE0FFF400030111
000DFFBBFFF3FFF4
FFF2FFE0FFEAFFE1
FFF4FFD2000600AF
FFFEFFEC003D0171
FFE0FFC9FFF70123
FFD00047FFFDFFFB
FFE8FFE6FFCCFFD1
0009FFD7FFF4000A
FFEE0021FFD7FFFF
FFDB00EFFFC2FFDF
FFC50000004F002D
FFD3003B00310073
001200090018FFF9
001C0010FFF2003D
00A90000FFE900A5
001DFFDD000AFFCE
0046FFD9FFDC0004
003B003500040017
002AFFF4FFE90028
0012FFD3FFFF006C
002402310014FFFA
000B0000FFE80005
FFFDFFF1FFDCFFFA
003CFFCFFFCFFFEE
0023FFD600120123
0055FFFE0040FFF9
000EFFDC0009FFF3
FFEB0002000BFFF4
FFF2FFF2004DFFD2
000A0022FFF300AB
FFF20077000B00D8
FFFFFFFBFFFF0002
FFEBFFCDFFCFFFEF
00480025FFFB0042
FFD80005FFE60002
011D0246FFC60008
FFEBFFFF0021FFF9
0000FFE4FFF00099
FFFA0014FFC4FFC9
FFDAFFF80014FFD7
FFDB00CB00570022
002000B10004FFF9
0040012600090009
000E0010FFFD0046
000A0016FFFBFFF3
0002FFF9FFE0001B
FFF0FFE6FFFDFFC6
0017000AFFEBFFCF
004DFFE900AFFFE3
FFEE00B60000003B
002FFFFFFFF1FFFA
0108FFF9FFBD00BF
00340036FFFF0058
001200860037005E
FFEC000D00410089
FFF4FFE50023008B
003AFFE7FFF1FFEF
FFFBFFFF002F0009
FFDA004B00370010
FFE1FFFA00090002
0013FFD4002E0098
FFE7FFDEFFF10001
0014000E0003FFE6
FFDE000700060158
000DFFDEFFF6FFF4
0019FFEBFFE3FFE1
FFFFFFE1000200C9
000FFFE7003B0173
FFE5FFE60000013A
FFD800520004FFF8
FFDEFFE2FFDBFFCF
0009FFDE00020007
FFEE002AFFDAFFFE
FFDB0103FFC6FFE1
FFE2FFFE006D0032
FFD3002AFFED0072
0013FFFD0002FFFD
0032FFE1FFE20031
00EDFFE3FFEF0093
FFFFFFCB0007FFCC
005BFFC8FFD7000A
0031005F00060046
FFFBFFF6FFE9003E
FFDAFFD3FFE40038
0008023F000BFFFE
FFFF0027FFE8FFF8
FFF80009FFE6FFE5
0035FFE2FFCEFFF3
0007FFEE001300B8
008400050042FFED
000CFFE4FFFAFFF2
FFEB0002FFDAFFFF
000AFFF90009FFDB
00560013FFE000F0
0000001C00000123
0032FFFF00020002
006AFFD1FFD9FFEF
00F2000400060063
FFE50000FFE70005
01320283FFC70014
0012FFFF0011FFFC
0001FFD6002000C2
00120009FFF8FFC8
FFE3FFFC003EFFC4
000B006300A1000F
003200B40001FFFA
002F0154FFF80004
FFF7003B00100021
00000015FFFBFFF2
FFF4FFF3FFDA0025
FFE1FFE70000FFCB
0007000FFFF3FFD3
0045FFEB009BFFE0
FFE900C9FFFF003F
0039000DFFE1FFF8
0156000BFFC200D1
00670122FFEB003B
001101650014001A
FFEC002F005000EC
FFEBFFEA001F0078
0068FFE7FFF1FFF5
FFF70000001D000A
FFE8002E000BFFFC
FFC2FFEF000F000C
0017FFD4FFFF0052
FFF1FFEEFFE80000
00140055FFF5FFE4
FFDE000A00070143
0006FFE1FFF0FFF2
00600003FFDAFFE3
FFFDFFE6000600AD
0027FFF8005F015B
FFE60007001E010C
FFD600D80037FFF6
FFE4FFF2FFE9FFCF
0008FFEB00010003
FFEB002CFFDB0003
FFE60101FFC4FFFC
002BFFFD005F0044
FFFB001EFFD20069
0031FFFE000B0000
0054FFE3FFE40038
0145FFE400020064
FFFFFFD4003BFFCC
0066FFCAFFE6FFF6
00340081FFFF003F
FFF0FFF1FFC30054
FFD4FFD9FFC6000E
0001027D00030000
FFF7002FFFEEFFF8
FFEE0009FFE0FFF8
0047FFDCFFD3FFF2
00020001000B0067
00D3000C001AFFEB
000DFFFCFFF2FFF4
FFF0FFF6FFD9FFF9
002EFFD60005FFCB
00380008FFDF00C7
0001FFF900010148
0055FFF9001C0009
00A5FFC9FFD4FFFE
00EEFFFD000300D6
FFE8FFBFFFE5000E
00F50251FFC40008
0012000AFFFE0000
0003FFFD0053010D
00160005FFFDFFCB
FFE20000002DFFC1
0028002600E4FFFF
0040007E0008FFD4
000B013EFFF5FFF9
000D00620035FFF6
00130010FFFAFFC6
002CFFEDFFDAFFFC
FFF5FFEBFFF5FFD3
FFF50013FFDEFFC9
000CFFEE0076FFF0
FFDA00EDFFFF0028
00450037FFCE0004
018B0022FFCC0164
009E0121FFE70004
000C013F00130045
FFED000900400101
FFDCFFE700200058
00CCFFFCFFF2FFFA
000CFFFF001D000B
FFF4000DFFFFFFF7
FFC7FFEA00010014
0021FFD6FFED004E
00080000FFF0000E
00670104FFEC000B
FFDA00100002016E
0005FFE6FFEBFFF7
00DD000AFFD5FFE8
FFFAFFFB00080079
0042FFFA00500125
FFF2001B00220113
FFCF0092003FFFF9
FFF3FFF8FFE7FFD1
001BFFEE00400001
FFF00029FFDFFFFA
FFEA00DBFFCDFFE2
0075FFFC0080001D
FFF6FFFAFFCF0042
0035FFCFFFF90013
0069FFC4FFC10071
015AFFBD00040062
FFFDFFF30040FFD3
0097FFCBFFEB000F
0032009F00030096
FFEBFFF3FFF80060
FFD1FFDCFFD00016
FFE1023DFFF60001
FFDC0038FFE5FFF1
FFE30007FFCCFFFD
002FFFD8FFC3FFED
FFFC000A00030007
007A000E0008FFEB
FFFBFFFFFFECFFEB
FFF20001FFD4FFFA
0049FFFF0005FFD5
004E0013FFDD010C
00010000FFF80185
0051FFF3FFFE001F
009CFFE5FFCF0074
00FDFFD9FFF500EC
FFEEFFEDFFBD0010
00A601D3FFBC0015
0025001CFFF50001
0001FFFA00C1012C
002DFFF40000FFCF
FFDE00020029FFC1
002E00060113FFD9
00550071000BFFCA
00000122FFF0FFFA
FFED00A4004FFFD5
000C000DFFFCFFBF
FFFAFFE6FFDDFFF3
FFDBFFE7FFF0FFDB
FFE1000BFFDDFFC5
0005FFEE004D0003
FFE900B6FFFF0076
00560019FFD40040
01B0002CFFDA014C
00E100F3FFC2FFED
000A01240008000A
FFF000010042007C
FFE0FFDE00190039
00B6FFF2FFF2FFFD
00070000000F0003
003B0010FFEFFFF3
FFDEFFE3FFFE001B
0038FFE2FFE5004D
00180004FFFC002E
0042017DFFF1000E
FFE6001500010166
FFFAFFE3FFEEFFF8
00CF0014FFD1FFED
FFEF00080009005C
0062000F004000B9
FFEC0086003800D5
FFC800460090FFFB
FFFAFFFDFFE5FFD4
002600040046FFF4
FFEF0049FFE4FFF4
FFF900D7FFDBFFE0
00C7FFFF006E0007
FFF3FFF0FFCE0055
0037FFCAFFED0021
0064FFCAFFC2004A
0181FFBC000A002D
FFFE000E0049FFD4
0088FFE1FFED0002
001800C5000E0084
FFE8FFF6FFF4006D
FFD0FFDAFFD0FFFE
FFE001F9FFECFFF8
FFE0002FFFFEFFD3
FFF30001FFE80002
0036FFD0FFCFFFEB
FFF9000C001AFFF7
00A80007FFFBFFC1
FFF8FFFFFFD3FFDC
FFF7FFECFFCAFFE9
007CFFDA0001FFCF
003CFFF9FFDD010B
000DFFBEFFF50164
0055FFF1FFE50022
008FFFE2FFC90014
00E0FFC5FFF40106
FFF2FFFBFFC30010
0088019FFFD5001C
004C0017FFF20001
0003FFF400E100D9
0024FFE20029FFDB
FFE800000014FFC1
0040FFEC012DFFDD
003BFFE90015FFD5
000000F4FFF2FFF4
001200C70055FFC7
009E0007FFFDFFCA
0026FFDDFFE00002
FFF1FFE5FFE3FFFB
FFDC0011FFDEFFCF
0002FFF500340005
000300CD0002005D
00830014FFE000A5
02160058FFE60140
010300E1FFC3FFE4
000600BD00000001
FFF1000200220082
FFD3FFEB000E0011
00C6FFFFFFF90029
000F00000011002B
0053FFF2FFEA0020
FFDDFFD2FFFB0043
003EFFD8FFE40034
0050FFF7000E004A
0035019400600008
FFEE000E000200F5
FFF3FFE3FFF3FFFA
00C80034FFD0FFF3
FFF00019000D0035
0063002200320076
FFEB00F3002700BD
FFC90021007E0001
FFF6FFFFFFE2FFDA
001D001E0063FFF5
FFED0025FFEE0003
000800C200080004
014E000300AD004D
FFF2FFE6FFD1006E
0033FFCBFFE40066
005FFFEDFFC00046
016FFFBD000C0019
FFFD00410052FFD2
0073FFE1FFF70003
001100C4000D008E
FFE7FFF6FFFC0076
FFD3FFDEFFD3FFFE
FFD501D9FFF90003
FFDF0048FFEFFFF7
FFD2FFF9FFE10012
002EFFCAFFD0FFF4
FFFA00070014FFC6
00B1FFF9FFF4FFC1
FFF3FFC9FFDCFFDC
0006FFDAFFC7FFE7
00E1FFE20004FFD6
0040FFE7FFE20110
0029FFBDFFEB015D
0059FFEAFFDE002C
009BFFF4FFCE0020
00D2FFC5FFD700C9
FFF2000CFFE4000B
00340124FFFA0017
00540016FFF30000
0007FFF400F700B4
0026FFDD002BFFE0
FFE50000001EFFC2
0041FFDD0168FFC7
007FFFF00015FFD8
000400B8FFF5FFF0
002F00DB004EFFBB
008600060000FFC8
0017FFD9FFE60004
FFEFFFDFFFE4002E
FFDE0013FFD6FFD9
0001FFFC00150021
003100A3000B003B
00A9000EFFDB013E
020D008900010142
0153008EFFF9FFDC
0002008A0004FFEC
FFF8000800220064
FFD3FFE600010003
00D60004FFF90042
0004FFFC001B000D
0081FFE1FFDE001F
FFDAFFCEFFF80049
003EFFD3FFE50042
0066FFEF001E0079
002901A5004F0006
FFF7000D000200C1
FFF7FFE6FFF4FFFD
00F60038FFCFFFFA
FFEF004000130017
0077001B002B0044
FFF20114001E007A
FFD6FFF600700006
FFE0FFFEFFE6FFDE
