0064FF67FEF5FF3D
FFF8FFCAFED6FF7E
FFE6FEDAFED3FF8F
FD50FF9FFFAFFFE8
FF0FFE10FE31FF5C
FF27FFF4FF8BFFA3
0139FFEAFF630088
01840129FF090081
FFF1FE13FFBAFDAA
FE7AFF1000B4FF93
00ACFE7E0033FED1
FEF5FF9C00B10139
FF1CFF13FFCFFF80
FFD2FE31004D001E
002A00CF01BF0118
FFA5FFC6015C0024
FF39FEDC008A0020
0091005BFF78FE1C
FF25FF550006FFA2
FFFE00F1FEE1FFDA
0118FFAE027801D3
FF6200ACFFFFFF0A
FF69FFDDFF6EFDE4
00EE00BF002AFDD1
FE630182014C0034
FF99FF38FEB0FF8E
001DFF93FFE7FE93
FF3D001900C70002
FEB9FEAAFF16009B
FED9FE8B00D00109
FFDB0015FE26FF60
0023FF8C0097FD8A
FEE100CFFE1200B8
FF1CFF9AFFA9FEDE
FF9A017A00EE00B3
008CFE840078FF6A
FE06FF04FF28FF97
001A00C200A00055
012FFF2D00AA007B
FFCE00F1FFD0FE24
FFDEFFCA0066FF54
FFA200FAFF56FFCD
FF50FE17FF9AFFB2
FE14FFB0FEE3FEC6
002DFF11FFDBFED6
FEC7FF490106FEC0
000C009C00390073
008D00A6FFC7FFB7
0015FEBA01AA0017
FF03FFEEFF35FF1D
FF840026001800E3
FECAFED8FFA90121
FEB0FF7B008F001A
0015000F0085FF26
FFDD0061FF580065
FF59FDE8FFAEFFAB
004E00C80197FF9F
FFB7FF6AFF6400CB
FF70FFE800CD013B
0026FE6CFF6700BB
FEBF008BFEAEFF4F
FEB0FFDDFF9FFFEF
FEE7FEDB009200EC
00A80005FF58FF83
0063FF5DFED3FF48
000AFFD6FED5FF66
000EFEBAFED2FF7E
FD3EFF9EFF7EFFD6
FF06FE1DFE48FF75
FF200014FF63FFA5
012AFFE0FF730071
01960135FF160073
0002FE1DFFBCFD92
FE7CFF0B0098FF96
0090FE6E0017FED9
FEE5FFA900A50140
FF2EFF28FFC5FF5A
FFCBFE2B0039002A
001C00D001AA0108
FF99FFC9012A0036
FF36FED000710014
008A0061FF80FE0F
FF3AFF42000AFF9A
001400F4FED9FFEF
010FFFB6025301CD
FF3A00A40003FF01
FF78FFE7FF91FDAE
00E700B60041FDC2
FE4A017C0141001B
FFA9FF2CFE9EFF7B
0049FF93FFEFFE7C
FF41002B00D2FFF8
FEBAFE72FF1E009E
FE92FE9500AF00FD
FFD80018FE27FF46
0019FF840087FD73
FEBB00C6FE0E00C4
FF13FF95FFA4FED1
FFA6019E00EF00C6
0094FE650079FF76
FDD4FF12FF20FFA1
001B00B500860069
0162FF4700930078
FFCC010AFFB8FE24
FFEAFFCB005EFF47
FF9000EFFF5DFFDF
FF4AFE0AFF8EFFCA
FE07FFAAFECEFEDF
0015FF17FFDFFED4
FEDDFF590112FEC3
000B00990025006E
00820094FFEBFFA9
0007FEBB019D0023
FEE0FFE4FF52FF23
FFA30034002900BE
FEABFEDEFF92010A
FEA2FF7E008B002D
0026000200A8FF15
FFD90054FF490084
FF69FDDEFFB9FFB3
003E00E20189FF98
FFA9FF5EFF7300C0
FF6CFFD300BF014B
0022FE50FF5F00BA
FEC4008EFEB7FF3A
FEB3FFD9FFA0FFFC
FEE7FED100A800CB
00AB000AFF44FF81
0078FF56FED9FF56
FFE7FFC7FEBEFF74
FFF3FEAFFEBDFFB1
FD5AFFA3FF96FFD5
FF13FE1EFE4AFF47
FF33FFF4FF82FFA6
0126FFD3FF6B0060
0171012CFF390048
FFF1FE24FFB8FDA6
FE75FF21009EFF8F
00ABFE920041FEE6
FEFEFFA600A300FA
FF17FF21FFC4FF47
FFAFFE5700490022
003F00B8019B0100
FF8BFFC6014F0024
FF2AFEDA0066001B
007F007DFF88FDF5
FF22FF5E0004FFA4
000700EEFEFAFFB3
0125FF9A027C01BB
FF450097001EFF06
FF87FFFCFF8CFDAD
00D100C60031FDC2
FE5A0164014E0036
FF9FFF07FEC9FF73
0040FF8CFFE9FEA0
FF36001E00B4FFF4
FEACFEADFF2200AD
FEBBFE89008200EC
FFD8001CFE3FFF80
001EFF97008AFD4F
FEAF00C9FE1900CF
FF44FF7FFFACFEB2
FFA401AB00F900AE
008AFE600065FF8B
FE17FF05FF1CFF98
004200CC008E006F
0154FF4A00A20086
FFB500E7FFC1FE18
FFE2FFCC0087FF79
FF730115FF1CFFD2
FF5EFE03FF91FF8E
FE0BFFB0FEDCFF03
002FFEFBFFDAFEE7
FEC9FF1E0100FEC2
001500A1000B0042
009F00AEFFEFFFA3
000FFEAC01C1001F
FEDFFFF7FF43FF22
FF800030001000F2
FEDEFEACFFA000FD
FEE1FF8700610045
FFFBFFF6009DFF02
FFEC003AFF5C008F
FF47FE04FFBEFFA1
002E00CA0184FF75
FFB0FF5AFF6E00DD
FFA1FFF100AF0150
0015FE6AFF6800AA
FEF40099FEC7FF1E
FEA4FFCDFFA1000B
FF07FEB000BD00CA
00A4FFD7FF6BFF67
005FFF60FED8FF46
FFF9FFDFFEC0FF74
FFEDFEC5FEC3FF89
FD35FFACFFB5FFE1
FEF2FDF8FE2DFF5B
FF250016FF7BFF8E
011AFFD2FF700082
01840120FF2E0073
FFDCFE09FFB5FD7E
FE6BFF1E00ADFFA2
009EFE74003DFED9
FEE4FF9A00AC012F
FF1DFF0FFFCFFF64
FFBFFE4600530019
002200D201D1010D
FFA7FFB4015A0029
FF39FEAE00780035
008C0076FF77FDF4
FF23FF450003FF9C
FFFE010BFEECFFD3
0129FFAF027D01D7
FF340095000DFEFB
FF68FFF1FF83FDC2
00E700D2002AFDCA
FE4B019401440034
FF8BFF14FEABFF75
003EFF90FFFDFE82
FF27001000D8FFE0
FEC4FE9DFF2100AA
FEBCFE8700BA00FC
FFD30011FE1FFF56
0016FF8D00A0FD71
FEB900CAFE0A00D8
FF23FF91FF9AFEAC
FF9601A700F300C5
00A2FE61006BFF5A
FDDEFEF4FF1DFF91
001A00AD00A00069
0159FF34009D008B
FFC70116FFAAFE21
FFEFFFD10068FF50
FF830111FF4AFFCD
FF4FFE06FF93FFC8
FE08FFA0FEDFFEC6
0037FF23FFD6FECC
FECAFF3A010BFECA
000800B7001E005A
00A200A1FFD8FFB6
000DFEA801A50018
FEDDFFF7FF50FF23
FF83002F001400DE
FEC0FED4FF7600FC
FEC2FF84007C002C
001DFFFC00A7FF1E
FFEB0054FF540089
FF57FDE4FFAAFFA9
005000DC0190FFA9
FF9DFF60FF6600D9
FF97FFE500C70159
002BFE4EFF4B00C7
FEC00097FEA7FF38
FEA4FFDBFF94FFF5
FEECFEC500AF00DD
00A5FFF3FF6EFF7E
0072FF74FED1FF30
FFE5FFCEFEA0FF72
0006FEC4FEC2FF9F
FD44FFA2FF8BFFDE
FF0AFE0CFE3BFF5B
FF300008FF6CFFAB
0128FFDDFF690061
01830129FF3C006F
FFD0FE0AFFB9FD7B
FE74FF1C0098FF9F
00A1FE660033FECF
FEEEFFAA00C6011C
FF26FF1DFFC3FF4F
FFC6FE1E004A0027
002000D901AB010D
FF7EFFCB014A0017
FF27FEC900550011
008E006BFF8DFE01
FF16FF5E0001FF9D
00140105FEE3FFDE
0114FFAC025901CC
FF3C00AA0017FEFF
FF65FFE9FF77FDAD
00EC00C50041FDAF
FE49016F01330023
FF9EFF0BFEB7FF83
0038FF7EFFFDFE79
FF2F002B00CE0007
FEBDFE70FF2300B1
FEB4FE6E00AB00F9
FFD40024FE12FF6E
0014FF8D009DFD53
FEC600CBFDFC00D8
FF1DFF83FFB2FEAE
FF8401A500E300C6
00A5FE570081FF86
FDF0FEFCFF11FF8C
002800CF0091006B
0154FF4500900078
FFD10109FFCEFE07
FFF1FFD1006FFF64
FF8A00FBFF38FFD9
FF40FDF7FF83FF9F
FE06FFA0FECBFEE6
0023FF0EFFBAFEC7
FEC5FF320107FEBF
001700B4001A0048
0088009DFFDDFFA8
0000FEA001CB0018
FED3FFD6FF47FF27
FF880029002300EE
FED2FEC9FF87011B
FEB2FF800085003D
000BFFE000A3FEFC
FFDD0044FF3E0091
FF64FDDEFFB4FFA9
001000D40198FF77
FF9CFF5AFF6A00CC
FF68FFDA00CE0159
0027FE47FF5200C1
FED10095FEBFFF2A
FE9EFFCDFF92000A
FEEDFEC100B100E0
00B8FFECFF5CFF5B
006CFF55FEDCFF3F
0009FFE8FEC4FF51
0001FEBEFEC4FF8A
FD40FF9BFF75FFD3
FEFDFDFBFE25FF59
FF280009FF76FFC0
01140000FF790085
0198013AFF2F0075
FFFBFE1EFFB7FDA8
FE61FF0300A4FF99
0077FE6E001FFECA
FEE1FFC900A9013A
FF35FF0CFFDFFF61
FFB8FE34003F0020
000600AB01C60112
FF94FFBD013E002C
FF31FEB4007B0008
007D0062FF94FDF6
FF59FF33FFEAFF80
000D0106FEF7FFE1
010AFFC2026B01D8
FF23008A001DFEEF
FF61FFFCFF97FDA0
00CA00BC002CFDAD
FE37016A013D0019
FF9BFF0CFE85FF90
0046FFA50027FE77
FF40004600D40010
FEE6FE88FF3100C5
FE9AFE99009B0126
FFF90013FE29FF3C
0004FF8E009DFD52
FEC700BAFE2100CC
FF24FF9EFF8EFEB5
FF9501AA00F000C7
00AEFE620042FF6C
FDF6FF06FF10FF7E
000500B100A30061
0189FF3700820077
FFC7012DFFABFE12
FFF9FFF10080FF30
FF9E0102FF34FFC8
FF4FFE39FF90FFDF
FE01FFBCFEBCFEFF
0024FF0DFFC0FED4
FEDEFF570124FED7
000B00BA00010064
008F00A9FFD2FFCD
FFF6FEB801C4000E
FEEFFFFEFF4EFF1B
FF83002C003400E0
FEC1FEBFFF8900F0
FE99FF5900750021
0023000200A8FEF7
FFBA004BFF6B008A
FF86FDDEFFBAFFC5
002700F10180FF95
FFC2FF57FF8300C0
FF87FFDD00C30144
0003FE65FF4B00B8
FECA009AFEABFF27
FEABFFD2FF76FFFF
FEDDFEC100B000C2
00A3FFFBFF62FF8A
0037FF69FEEAFF41
FFF3FFBDFED4FF72
FFE7FEBEFEC3FFA2
FD3BFFBDFFAC0009
FEFDFE23FE32FF31
FF40FFF6FF6FFF91
012BFFCFFF7D0081
01920138FF150089
FFF3FE20FFA2FD90
FE5EFF0600B7FF99
00A8FE8D0031FED7
FEF2FFAD00C2013B
FF2BFF0CFFBFFF70
FFC0FE60003E0035
003A00C201C30108
FFADFFCD013D0027
FF42FED600650019
008D0050FF67FDF5
FF33FF3E000FFFA7
FFE20106FEEBFFCE
0152FFB302A101D6
FF3300890001FF06
FF7CFFF0FF6FFDB7
00F700E70025FDC0
FE4101960157001B
FF9FFF0DFE95FF80
004FFF9EFFD9FE84
FF1F001300BFFFFB
FEB2FE99FF24008F
FEADFE8500B0010A
FFED000FFE2CFF52
FFF4FF950083FD7A
FEBE00BBFE2600E9
FF20FF7FFF88FECC
FF9E017D00F100B0
008EFE5C006EFF5A
FDEFFF0DFF2CFF9E
000A00AB007D0054
014BFF3400AD0076
FFBA00FFFFBFFE19
FFE7FFDD007FFF4C
FF9400E5FF46FFD9
FF57FDFCFFA4FFC8
FDF9FFADFEE2FEB5
0021FEEAFFE4FEB7
FECFFF2E00F2FEB4
001700A0002D0037
009800ADFFDFFF9B
000BFEBB019C001E
FEE9FFD7FF6AFF25
FF82002F000F00EB
FEC6FED0FFA40117
FEB0FF86007A0026
FFE4FFD5008DFF07
FFF20060FF420062
FF31FDD3FFACFFA7
005900B70183FF98
FFA1FF61FF4D00F0
FF8CFFDB00D7013C
0010FE59FF6A00C2
FEB20088FEA7FF42
FE9CFFDEFFA1FFF0
FED6FEB100BB00F0
00AA0001FF70FF83
006EFF74FEEAFF4F
FFE3FFACFEC7FF8A
0009FECBFED3FFA0
FD4AFFA6FF9BFFD1
FEFDFE13FE35FF80
FF310005FF6AFF94
012DFFD2FF670070
0191013DFF280076
FFEEFE15FF9BFD7E
FE6EFF120088FF96
0086FE89002CFEE2
FEF0FFA600AE012E
FF25FF28FFB4FF68
FFADFE70005A0025
001A00D401BF00FC
FFAEFFC2012C001A
FF2AFEBC005A0051
008B0060FF88FDF7
FF48FF30FFF9FF81
FFDE00EDFEF1FFD2
013BFFA8026901DF
FF33007C0014FEE6
FF62FFFBFF7AFDC9
00FA00D8002FFDC1
FE4501770142001A
FF8FFF2AFEBFFF9B
004AFF9F000CFE84
FF3A001E00BB0014
FEDAFE91FF23009B
FEACFE9200AD00E1
FFDE0019FE1CFF82
001CFF950085FD83
FED000B2FDFA00E8
FF12FF98FF9BFEAE
FFB001A000EB00C8
0086FE5F0068FF5E
FDE3FF22FF2EFF98
00050099007D006F
0131FF4D009D0085
FFC80118FFE0FE4D
FFD9FFEA0084FF5B
FFAA00F6FF51FFD2
FF77FE1EFFA5FFBD
FE12FFACFEE5FEBF
0008FF05FFDFFEDD
FEBEFF5300FDFEBE
001E00BC00160071
009A008EFFEEFFAD
0004FEB401920017
FEF7FFF6FF65FF17
FFA8002C003500CD
FED7FEE3FF7800FA
FEAFFF890083000D
0012FFEA00B2FF05
FFDA004EFF5A0072
FF55FDF1FFCBFF9A
005000D00176FF96
FFA0FF64FF7D00F2
FF9FFFD000C30156
000BFE4DFF6D00B3
FED8007DFEA9FF50
FEAFFFC1FF93FFE7
FEEDFEC300A400EF
00BFFFE4FF61FF77
0070FF6FFEF9FF56
FFF3FFD9FED5FF8F
FFF6FED3FECEFF9D
FD47FFB4FFCAFFE2
FF11FE05FE2DFF78
FF31FFF1FF8FFF91
0117FFF0FF6C0094
0190012BFF19007D
FFD2FE1DFFAAFDAA
FE78FF3100C2FFA8
0098FE8A0037FEEF
FEF1FFB500D20129
FF30FF15FFD4FF83
FFCDFE450064000B
001A00C501C600EB
FFABFFD80168002D
FF3FFED600860052
00970056FF7FFE16
FF34FF5A0006FFA1
FFE000F9FF0CFFCA
0122FFBC028301C1
FF700096001FFF04
FF4BFFEDFF82FDDE
00E500AD001FFDDC
FE66018D014F002A
FF97FF33FEC6FFA2
002CFF990016FEA2
FF3D000400B8000A
FEE3FEACFF330099
FEECFEA600C00100
FFCA0016FE26FF71
0035FFA200AAFD9A
FF0100B8FE1700CA
FF21FF80FF92FEB7
FFAB018E00DE00BE
009BFE8E006EFF6C
FE15FF0EFF28FF79
002700C500A0007B
012FFF3100B20089
FFC300FEFFCEFE40
FFD5FFE8006AFF68
FFA30105FF55FFBB
FF66FE26FFA0FFC3
FE29FFBBFEE3FECF
002FFF2BFFC7FEEB
FED7FF5900FFFECD
000E00B900220066
00B400A2FFC9FFD6
0011FEB3019FFFFF
FEFD0009FF3DFF28
FFA10028001400C1
FEE6FEE5FF8C00FF
FEAFFF8D00820008
00200010009BFF0D
FFCB0050FF6F0078
FF70FE06FFBDFFB4
006200C40170FFA7
FFB3FF73FF7B00CE
FF92FFEB00D00140
001EFE64FF5800B4
FECB008BFEB9FF47
FEB1FFDFFFA0FFEC
FEE9FED900AE00EB
00ACFFFEFF83FF7E
0069FF72FED6FF40
FFFAFFD9FEBDFF67
FFFBFEDAFEC7FF92
FD3EFFA2FF8DFFED
FF0DFE21FE4DFF6A
FF41FFF8FF7BFFC3
0128FFCFFF76007D
018D0126FF2A0067
FFF2FE0CFFB8FD8D
FE73FF1F00A6FF99
0081FE83004FFED3
FEEFFF9300A5012E
FF1BFF11FFB7FF79
FFB8FE260038000C
001700CD01B60111
FF99FFC1015D0015
FF27FEC6005FFFFD
008E006BFF80FE06
FF24FF35FFFBFF99
002200F7FEE6FFCB
0100FFAD026201B3
FF3B009D000DFF04
FF73FFEAFF87FDC7
00CE00B90057FDC9
FE59016C0129002D
FFA1FF23FEBBFF7E
004AFF84FFF0FE83
FF38001000C7FFF5
FEDCFE79FF270092
FECDFE80009C0100
FFD5001AFE2BFF7B
FFF8FF8B008EFD72
FEE000CAFE1E00E8
FF28FF8AFFBAFEAB
FF9201A000E200C2
0096FE680072FF81
FDF0FEFAFF15FF91
001A00C100A20063
0164FF4800A40078
FFC300EEFFD2FE0E
FFE9FFCF0070FF5B
FF8700F3FF3BFFC5
FF59FE05FF8AFFAD
FE18FFCFFED7FEDA
002EFF15FFD7FED1
FED8FF440112FED2
000100BA0025006A
009000B3FFCDFFBA
FFF9FEAD01CA0005
FEE5FFE0FF25FF1E
FF960031000B00FB
FEC2FEDFFF9A0124
FEB3FF79009E0029
000000060095FEEC
FFDF005CFF410087
FF83FDC8FFCCFFA4
002200D701A6FF92
FF99FF5FFF6900B9
FF7BFFD100CF0165
003AFE58FF5A00A5
FED50093FEC5FF4F
FEB2FFC8FF97FFF7
FF03FEC2009200C0
00ADFFF4FF5CFF86
006CFF60FEDCFF48
FFF0FFC5FED5FF70
FFF9FEBFFECAFF99
FD4BFFA8FF95FFC6
FF02FE11FE2BFF53
FF20FFF8FF7AFF9D
0129FFE1FF720074
01910133FF11006A
FFFDFE0FFFB7FD9A
FE7AFF1600A7FFAD
00B2FE7C002CFEE2
FF00FFA100AB012A
FF24FF11FFBDFF66
FFB9FE51003A0022
003100C601A80104
FF87FFC701470029
FF37FED20077001B
00AB005FFF77FE0D
FF2EFF4F0004FF89
FFFE0101FEF5FFCD
0123FFAE027A01CC
FF4D009A0005FF0A
FF6FFFFAFF7AFDC3
00E700C8002CFDC8
FE55017C014C002B
FFA0FF34FEB8FF85
0034FF99FFECFE8F
FF28002900CAFFF5
FEADFE9AFF210096
FEC1FE7F00B700F7
FFE2001CFE28FF6C
0029FF980095FD71
FEB800CBFE0A00C9
FF23FF8EFF9CFECF
FF95018B010200B4
0093FE73006BFF76
FDE3FEF9FF1EFFB0
001D00BD00890068
0141FF42009E008A
FFCC0104FFB2FE23
FFE8FFD10075FF63
FF9A0106FF4BFFE3
FF46FE01FFA9FFC0
FE11FFAAFED9FED7
002EFF01FFD5FEBE
FEC9FF3F00F9FEA5
001100B40020005F
00940095FFE1FFA0
0010FEAA01BD0014
FEFDFFE6FF5FFF18
FF9E0032001200D5
FECEFEC6FF8D0105
FEB5FF80007A002F
000BFFEC0092FF2D
FFD5004AFF62007B
FF41FDDFFFBBFFAB
005C00C90192FF9B
FFAFFF50FF6300D4
FF93FFEA00CA013B
0007FE57FF6400C7
FEC80089FEA1FF32
FEA3FFC6FFA0FFED
FEEEFECA00AC00EC
00A3FFFCFF5FFF72
005EFF77FEE6FF30
FFEAFFBCFEBDFF7F
0002FEC8FEC2FFBA
FD37FFBDFF9CFFE7
FEF9FE28FE3CFF5F
FF33FFE8FF70FFBC
011FFFEBFF81008A
01850140FF410067
FFD4FE0DFFA7FD9B
FE63FF1100C7FF98
009BFE8F0031FEDD
FEEEFFB700D50125
FF0BFEFFFFC4FF72
FFA1FE29003E0024
001800C001CE00FC
FF87FFC801510018
FF33FEB9004D0017
0089005DFF8FFDFE
FF43FF3FFFF2FF80
FFFD00F9FEEBFFDA
0122FFB2026001D7
FF390085001AFEFD
FF5CFFEEFF7FFDBE
00E200D4002FFDC2
FE50017801440010
FFA0FF18FE9DFF77
0047FF8F0003FE7B
FF36002F00CC001E
FEDCFE8AFF3300B7
FEC0FE87009D00FB
FFE40017FE36FF65
0003FFA4009BFD74
FEE900BBFE3800E3
FF09FF7BFFA1FEA5
FF9501A600F500A1
00ABFE64005EFF68
FDFAFF0EFF12FF82
001B00AB008E005B
014BFF45009A007C
FFBF0107FFD3FE2C
FFF0FFE6008DFF69
FF9800F2FF32FFD6
FF56FE11FF8AFFBB
FE24FFB5FED4FED6
0023FF0EFFC9FEDA
FECDFF3400F2FEC7
002100B300040039
008B00AFFFD6FFAD
FFF7FEAA01C1001F
FF06FFE8FF47FF3A
FF970039FFFF00D7
FEDAFEB4FF890112
FEB5FF7B00720035
FFF90006009CFEDB
FFBE0049FF370076
FF61FDD9FFBEFFB0
001C00C2017AFF77
FFA0FF56FF7500E5
FF70FFE300D30164
000DFE5AFF6400AF
FECD008DFEC2FF2E
FEBDFFBCFF8EFFF6
FEF2FEBC00B300D8
00B4FFF3FF71FF6A
0081FF62FEBBFF55
0004FF91FEB2FF86
FFF5FE8DFEE1FFBD
FD4DFFC0FFA0FFD4
FF02FDEEFE2EFF77
FF3AFFEDFF82FF9C
0157FFFAFF630070
017E013AFF3C0042
FFC2FE10FF90FD86
FE66FF1200A3FF88
00A0FEC0002EFF04
FEEAFF9500CC011E
FF1CFF24FFA3FF60
FF93FE7E00590021
004800A901AC00CF
FFABFFCF01610019
FF1FFEBC0052005E
008E0065FF8BFE01
FF32FF67FFFCFF7D
FFF60100FF0CFF9E
013EFF8C027801CC
FF5400680016FEEC
FF64FFE2FF7CFDA5
00F100E60024FDB2
FE20017A015E001C
FF8FFF10FECFFF7E
003BFF640005FE93
FF05003800DC0010
FE8EFE8BFF1F00E4
FEA5FEAF009200EE
FFC20045FE0DFF99
0048FFA400A0FD8B
FED600A2FE250101
FF2EFF71FF6EFEA2
FFAA019B00EC00D1
008EFE750062FF80
FDE3FF21FF20FF74
0039009F00940070
012AFF8900B100AC
FFB500E9FFEBFE3D
FFE1001700B2FF87
FF8800FDFF14FFB6
FF72FE1BFF9CFFB3
FDF0FFC9FEDAFEF2
0007FF01FFB5FEFD
FED3FF5E00F4FEAC
004300C3FFE8003C
00C50098FFE4FFC4
FFE1FEC401B50016
FF00FFFAFF67FF0E
FFB7005DFFF900BA
FEEAFEACFF5A00E9
FEC9FF790082004D
0024FFEF00A4FEDF
FFB10038FF29005A
FF63FDF4FFF4FFB0
003F00BB016EFF64
FF96FF82FF9800D9
FF8C001000CC0176
0013FE50FF60009A
FEC9007BFED1FF29
FEB1FFA9FF7AFFFB
FF23FEC200E200DA
00B3FFDAFF88FF66
004EFF66FEE6FF56
FFC1FFBEFF10FF84
FFE3FEB7FE9CFF81
FD6BFFB8FFE0FFF3
FED6FDFFFE2EFF58
FF3BFFF2FF76FF93
011EFFB8FF7B0079
018F010EFF330071
FFE6FDEDFF9FFD85
FE86FF0400BAFFA2
00C6FEA30038FEFE
FEE1FF7900D90169
FEE4FEE9FFD1FFAA
FFB6FE84004A001A
0048009301C00102
FFBFFFA30152FFFF
FF2AFEB60052003E
00890050FF72FE04
FF15FF12001BFF89
FFE400F2FEF7FFDF
0140FFA3028801C0
FF2D008AFFF1FEEF
FF5DFFF0FF70FDBE
00FC00CC0011FDD7
FE5A01920157002E
FF9EFF41FEDFFF76
0057FFB9FFDCFE97
FEFCFFEB00CAFFCD
FEE3FEDFFF5C009B
FED2FEA300C100CD
FFD6001AFE47FF84
FFFEFF950091FD99
FE9300D4FE1300DC
FF0AFF91FF9EFEA7
FFCC01A6012400AE
0091FE9A0043FF2F
FDF6FEF9FF25FFC7
001200BD009100A1
0108FF3500CE0072
FFCE0103FFA9FE5D
FFFEFFE20082FF8C
FF8900ECFF66FFEB
FF52FE05FF86FFC8
FE1CFFBCFEF2FEB3
000CFEFBFFF8FED9
FEB2FF5100D9FEBA
000100A500290062
00A70086FFF3FFCA
0003FEAA01A3FFFB
FF0CFFEBFF5CFF0F
FFA5004DFFE100D7
FEB8FEBAFF7900D0
FECBFFAA005A0043
FFF1FFC7009FFF17
FFD00064FF51006C
FF28FDE1FFACFF9B
008D0079018DFFA1
FF94FF31FF4A00F8
FFB0FFD700D9013C
000BFE4CFF5A00D7
FEB80073FE89FF62
FECFFFC0FFABFFC7
FEEFFED100E000FD
007D000BFF9EFF85
0021FF49FEE3FF3D
FFCDFFCDFF65FF8A
FFB9FEADFEB7FF59
FD7BFFC7FFF3FFF0
FEA8FE2AFE27FF3C
FF40FFE5FF8BFFB5
0132FFC5FF78009F
01670111FF550065
FFD8FDE2FF89FD8B
FEA5FED100BDFF8F
00CBFECF0007FF16
FEC4FF3100D701C4
FEBEFEBEFFE9FFE0
FFADFEB6000D001A
0068006301BC0124
FFEEFF6B015AFFD1
FEFEFE91004D0007
00850054FF64FE22
FF10FEE70012FF97
FFF800EAFEE20009
0136FFA5025301B5
FF0F0069FFD8FF07
FF56FFAAFF55FDC9
00F400F2FFE0FDF6
FE4B01AA01550016
FFC9FF47FEE3FF79
0053FFD4FF9BFEA8
FED1FFEC00C0FFAF
FEDCFF04FF6C00A5
FEDAFEB800C900BC
FFCF0026FE55FF4E
FFCCFF970087FDC9
FE8700C7FE5600EA
FF01FF91FFA3FEAF
FFE20196013200B9
0095FEB9002FFEE0
FE03FEE5FF18FFD2
FFEE009600AA0085
00C7FF4A00AE004E
FFE90116FFAAFE78
001DFFF80089FFA8
FFAA00A7FF7EFFFC
FF38FDEBFF75FFF9
FE0DFFBEFF0BFE91
FFF6FEF8000CFEDD
FEC6FF3A00C6FEBE
FFE8007F002D0053
009F007FFFEEFFEC
FFC0FEC80186FFF0
FF21FFCFFF70FF08
FF90006BFFA600CD
FEA9FEA5FF7500C1
FECBFF9B005C006D
FFE1FFC70079FF11
FFBF008DFF1A0035
FEF3FDB7FFA1FF92
00A600620185FFA2
FFABFF31FF230106
FF82FFC300E7010B
0023FE5FFF6300F9
FE74005BFE71FF8E
FEFDFFB4FFBAFFB4
FEFEFF0000E9010D
006A000EFF9CFFB4
FFDBFF31FF1BFF54
FFCFFFE7FFE2FF88
FF7CFE9DFED0FF39
FDE1FFEA001F002A
FE9DFE73FE40FF0B
FF7FFFEFFFA2FFC6
0109FFBFFF880083
011D00CEFF7A0076
FFE3FDEAFFA4FDC2
FED3FEB900C0FF8D
00CAFF0EFFE7FF37
FEC8FF1400D701D8
FE9AFEA7000D002A
FFCBFEFCFFE6001F
00B4004001880143
0047FF3F0134FFAE
FEECFEA10015FFEB
00640041FF44FE4D
FF1CFEE8003AFFBD
000300DEFEFB003C
012DFFD8022A016E
FF0D0056FFB7FF18
FF5BFF9CFF37FDE6
00E900E1FFC8FE52
FE6C017F01540001
FFF4FF5CFF13FF84
00630011FF5FFECF
FEAEFFCD00A4FF66
FEF1FF5AFFC00094
FEE3FEF800CB00AD
FFE7003EFE85FF35
FF9DFF9D0072FE1A
FE8A00D2FEA300C9
FF0FFF9BFFA4FEE0
FFFE016E013E00B5
007AFEF90012FEA1
FE4BFEECFF260000
FFEE00A200B90082
0072FF49008F0016
000800F8FF92FEC4
002EFFEE007BFFCC
FFA7006FFFA6001A
FF38FE05FF6B0005
FE2BFFC8FF2CFE75
FFDDFEFA004BFEE9
FECBFF3700A3FED3
FFB9004100420033
0084005DFFF8000A
FFACFEF20137FFF3
FF4FFF9EFFA7FF12
FF7F0074FF8800AD
FEA8FEB5FF940060
FEDDFFA9003B0098
FFDBFF7E0051FF3E
FFCD00A5FF040011
FECBFDC4FF88FF85
00E500130155FFA5
FFA2FF1DFEDD0103
FF77FFAD00E700B6
0058FE6BFF720114
FE7A0046FE4FFFB5
FF37FFB8FFF1FFA7
FEF8FF2400FC00FE
00340029FFDAFFC2
FF9DFEDAFF49FF49
FF94002E003BFF94
FF44FE96FEBBFEFA
FE29FFDF002B002B
FE92FE85FE54FECD
FF680022FFB7FFB8
00DCFF9EFF8D0070
00C70091FF7A0074
FFFCFE09FFD4FDCF
FF2CFE990080FF5C
0119FF17FFCAFF3B
FEC1FF2900B101CB
FE83FEC100460029
FFF6FF46FFBF000B
0100000401680157
00D3FF12010DFFC3
FEE9FEBC0012FFC3
0075005AFF22FE38
FF22FEE50076FFD9
000500E0FF14008B
012200120233011A
FF0E0067FFB0FF44
FF8BFFC6FF5AFDC4
00F300C7FFB4FE6F
FE8201780155002F
001CFF6DFF24FF89
00580036FF18FF05
FE85FFA10070FEE5
FEBFFFDBFFE50094
FEDAFEDE00F800A2
0012004CFEB7FF26
FF73FF6B003AFE1E
FE4700CAFEBC00B1
FF4CFF7FFFD8FF10
0007016B015300C8
008EFF1E0027FE5A
FE7AFEDAFF420031
FFE100B400AA00A5
0042FF2A008CFFCC
002700E3FF49FED4
0020FF9F0051FFD2
FF8B0058FFE0000C
FF4EFE2CFF67FFF4
FE51FFBFFF56FE6C
FFB9FEBE0060FEF0
FF00FEFC00A0FF05
FF82002E008B002D
0047001A00040014
FFAAFF010104FFC6
FF75FF77FFDEFEF4
FF3D0074FF6000B9
FE91FEE2FFA50038
FF0EFFEF001D00D2
FFC5FF110010FF6C
000600BAFF07000F
FE73FDE1FF2DFF76
012CFFBD0132FFD8
FFC8FEE5FE880110
FFA7FF9F00C60065
006BFE69FF560162
FE830055FE28FFF5
FF44FFD40004FFB5
FEFCFF4501180118
FFCF0055FFEEFFEC
FF57FECBFF79FF53
FFB6004D0083FFB9
FF01FEA0FEF0FF21
FE98002300480038
FE8EFECBFEB1FEDF
FFAD0023FFF4FFC1
0095FFAFFFAA005B
0031005AFFC90070
FFF6FE4C0007FE4C
FF61FEBC0060FF59
0109FF63FF93FF7E
FED0FF6300B50179
FE85FEDA00730047
0004FF8AFFD1FFF2
012FFFB30143013B
0135FF330102FFE4
FEE7FECBFFF1FFB1
00410069FF40FE5C
FF6BFF200096FFFC
FFEB00DFFF6500C4
0108008F01E500A1
FF30003CFFB0FF72
FFB5FFB6FF80FDF7
00BA008DFFBAFEE3
FEAC0145013B0013
0048FF84FF61FFA0
005C0051FF32FF4C
FE7DFFB00034FEB2
FEEB0025001900A9
FEC4FF3E00D6008B
002A006DFF05FF19
FF8FFF970032FE63
FE9100ADFF3200B8
FF9FFF52FFD4FF42
00210161012F00CE
009AFF680005FE5A
FF16FF1AFF4AFFFB
FFD900C3009900AF
0006FF610054FFB5
001100C1FF30FF39
001EFFA400220015
FF72001EFFD20008
FF90FE9FFF6E0010
FEAAFFC7FF7CFEB6
FFC5FEEB006BFF46
FF42FF10008CFF47
FF6900120057FFEF
002D00070011004E
FF84FF390086FFB8
FFC2FF7D000AFF2A
FF2B0079FF540074
FEBFFF02FFADFF95
FF57001B000700FC
FFDEFEF2FFECFF70
000100A2FF080020
FE85FE60FF28FFA1
0139FF9C00B0FFD9
FFC5FF03FE8400EA
FFBAFFAD00A20020
0088FE91FF630156
FEC50043FE63FFE5
FF8FFFE5000DFFE2
FF25FF83010F00F0
FF8B003F0039FFFE
FF37FEA0FF9AFF4A
FFAD0069006CFFD8
FED6FECCFEF7FF34
FF0E0043005C001F
FE9EFF03FECAFE93
FF9700360021FFBC
0056FFF9FFAF0044
FFA8004EFFE70055
FFCFFECB002DFE82
FFA1FEB00035FF27
0120FFCDFF90FF78
FF00FFB500B00112
FE9BFF0A00A0001A
0043FF89FFB0FFE5
014EFF8600F100EB
019BFF5F00E9000E
FEF2FEFAFFDAFF6C
0044007FFF66FE7F
FF62FF83009A0022
FFF200D2FFB500DF
00D600AF01C80040
FF680030FFB5FF83
FFB7FFD7FF8BFE33
00B300A2FFBDFF1A
FEA001370102000B
007BFF75FF76FFC0
00590042FF3FFF68
FE5DFFEC000BFE7D
FEB7004D005800A6
FEE2FF4A00C70074
002A00B4FF0CFF4B
FF83FFAD0035FE8D
FEC00084FF8300CD
FFFAFF22FFE4FF8C
FFF6010700EF00E9
00A1FF910050FE92
FF6BFF4DFF71FFC1
001000D9008E0064
FFDAFF9E0039FF86
001C0096FF3FFF26
0012FF8700010050
FF91000FFFC8FFC8
FFBBFEECFF6FFFEC
FED3FFDEFFA2FF12
FFAFFEC7002BFF6E
FF9FFEDF0076FF7C
FF7A00090063FF8A
0017FFFD0003004A
FF7EFF5F006CFFAB
FFE9FF64000EFF54
FF070087FF340035
FEF9FF35FFD1FFC2
FF9F001FFFC00130
FFE8FEB7FF7DFF6C
002A007DFF08000A
FE53FED5FF3BFF91
0129FF770053FFC2
FFF3FF3EFE6C00DC
FF99FFCF0063FFDC
0099FECCFF7A0130
FEF4007BFE950007
FF95FFECFFFA0002
FF7EFFB4012C00F6
FF50005300560024
FF59FE86FFA1FF3B
FFC30078002EFFE3
FEB0FECFFF16FF4A
FF4000700053FFEC
FEA8FF1EFED1FEA6
FFA6FFF70052FF94
00270027FFC30057
FF43007F0027002A
FFB4FF380060FEBD
FF9EFED80023FF44
011B0029FF76FF98
FF1CFFE2008C00B3
FED6FF1A009C0021
003CFF8DFFB8FFA6
0149FF4100C90087
01A7FF9E011F004B
FF02FEE20001FF76
002B0091FF98FE92
FF8DFFD70087001E
FFFE00C7002300C5
00A000F601ABFFEE
FF8A000FFFD7FF88
FFACFFFDFFD7FE4A
006E006BFFD3FF55
FE8A010600C9000C
008BFF89FF97FFE4
00510024FFA8FF6A
FE7B0042FFF2FE79
FEB7003D005B00B3
FECFFF860073005F
000000D3FF1CFF7E
FFD4FFE7005AFE7D
FF23005700060114
005BFECCFFB8FF88
FFEC00EC00A40101
008FFF990061FEF1
FFACFF87FF5DFF61
003800E10097004F
FFEDFFDF000DFFC0
000B0072FF6AFF1D
0002FFA1FFF400B9
FF71000FFF7AFF80
FFE8FF3FFF5AFFDD
FF20FFFFFFA2FFAB
FFD1FEFAFFF7FF99
FFF1FEE60099FFB3
FF9400250014FF2D
001A000C00150053
FF6BFF7E0064FFC1
0010FF610017FF7D
FF21007DFF15000D
FF18FF78FFABFF9A
FFF60009FFC00119
0023FEEBFF4BFF49
00190061FF250045
FE84FF58FF7DFF80
00EDFFC3FFF7FFCA
FFFDFF9FFE9C0088
FFD2FFFC002CFFE8
00D6FEC3FF7700DD
FF570098FEE0FFEA
FFA5FFE5FFCD0019
FFEBFFD0011A00C3
FF60000A0092005B
FFA8FE6EFF7FFF37
FFE800A20007FFDD
FED2FE99FF09FF3D
FF460092000CFFB8
FED1FF34FEA6FEAE
FF78FFF60079FF40
00040064FFD90050
FF3600B400230009
FFB5FFB9009FFEC8
FFCAFF0E001CFF62
0108000BFF3BFF84
FF4A001E004C0075
FF24FF2000B8FFF7
0054FF03FF90FF99
0118FF4000A00027
0156FFC9010B00AD
FF36FF0F0068FF4E
003900A4FFBAFE9D
FF9B00230080FFF5
001700A3005800D2
0056013C01AAFFE8
FFD1003A0006FF9A
FFBE00270017FE5E
0023000BFFFEFF55
FE7600D500D4FFE9
00ABFF60FF75FFCB
005D0019FFE5FF45
FEB400BBFFF0FE7C
FEC8FFF40031009D
FEB9FF9E00330069
FFE300D4FF44FF72
0002001F0063FE11
FF4C005E00600113
0073FEADFFADFFC0
FFD800DA008200D3
0086FF73007FFF6C
FFC8FF84FF47FF28
00780101007F0055
0058FFEBFFE9FFBB
FFF20065FF6DFECD
FFFBFF9BFFDC00F4
FF450020FF39FF83
FFF1FF4AFF4BFFC4
FF3A0025FF6F004A
FFF0FF20FFBEFF7D
002AFEDC00A4FFA3
FFA800130004FEF8
0001003500240026
FFB7FF63009AFFE7
0002FF6F0001FFC1
FF1F0060FF2C0003
FF00FF63FFD5FFA0
0006FFD1FF9C00FF
005AFF2AFF01FF41
000E0023FF640087
FEC6FFB3FF77FF7D
00900020FFCCFFC0
0026FFBEFEB00041
FFE3002BFFE7FFE7
0104FEDDFF530099
FFC600DBFF24FF96
FFA6FFEEFFAE0049
0003FFE6010C0072
FF5AFFEE00760087
FFDEFE75FF5CFF1E
FFE40090FFC2FFED
FEE4FE81FF33FF5D
FF6F00A1FFDBFF73
FF05FF51FEA8FECE
FF75FFC9007DFF23
FFE8006BFFD70040
FF3F00DF003BFFD8
FF89FFF000ABFEB5
FFAAFF3FFFFDFF62
00EF002CFF42FF89
FF6900160014003A
FF5AFF34007FFFD3
0028FF0CFFA6FF79
00DAFF30007BFFD0
0118FFB0012D00E2
FF5AFF2A0095FF61
006D00D6FFC1FE68
FFA400350036FFBD
005C0058007700AB
003C012A01A3FFC1
FFD1000F001FFF73
FFB20057005FFE4D
FFFF00040036FF27
FE4A008E00ADFFFA
00A9FF68FF9CFFEA
006CFFEC0029FF3E
FEDA00F9FFECFE99
FEC5FF93001700B0
FEA7FFAAFFF80036
FF9900E4FF3CFFCC
001600220079FDDF
FF69002B00A40137
00B9FE8EFF88FFA6
FFD100F7005700EA
0053FF3300A0FFDB
FFCFFFAAFF14FF26
008B00E9006C0054
00820008FFB30001
FFF30063FF89FE9C
FFEEFFB9FFFD0109
FF2E0025FEFDFF6E
000AFF5DFF39FFB8
FF66003AFF5F009F
FFF1FF81FF87FF85
0030FEC800CCFFAE
FFC70033FFC5FEE5
0001002B002B0028
FFAFFF6500BDFFF5
FFEFFF70002CFFC3
FF4D002FFF3E000A
FF10FF8CFFBAFFA9
0030FFBDFFC100D3
006EFF49FF02FF12
0030001CFF7E0096
FF09FFD1FFB1FF70
003B0073FFBDFFB6
0036FFC8FEEC0025
0004004FFFB60011
012AFED6FF570051
001F0109FF5EFF7D
FF9BFFD7FF7B0051
002DFFBE00D5005A
FF88FF9600600081
000AFE7BFF2DFF28
001200B5FF91FFD6
FEEFFE63FF6CFF60
FF5F00B9FFA1FF7F
FF36FF7BFE98FF03
FF5AFFD50085FF06
FFD3007FFFCA004A
FF7601070035FFCF
FF95003400C9FEBE
FFA8FF66FFF6FF83
00D2FFF4FF24FF62
FF7E002D00040025
FFB7FF2C0078FFB3
002CFE98FFA9FF62
00C0FF37005DFFB4
00CCFFE4011900FB
FF98FF5700D9FF37
007C00CFFFADFE6A
FFC6005A000CFFB7
00710040008F00AF
0014014E0196FFD6
FFF6002E0028FF6F
FFA9006F008BFE3C
FFBCFFCF003BFF03
FE3C00690099FFF7
00AFFF5EFF83FFC8
0079FFE2004BFF41
FF1F011EFFE4FECB
FED8FF37FFFC009C
FE95FFA1FFEC0041
FF8200CFFF42FFC1
001700330074FDD3
FF90FFFA00D6010D
00CFFE7EFF64FFB6
FFE600FF004B00DE
0049FEFB00AB004C
FFC7FFBDFF1BFEFC
008400D900610041
00DFFFF9FF9DFFFD
FFF3009FFFAAFE5A
FFC9FFCEFFFA00E8
FF200055FEDCFF65
0022FF6BFF35FFAC
FF920037FF4600DD
FFFAFFC0FF61FF90
0061FED700EBFFA0
FFC50022FFC6FEC6
FFDA002900090038
FFBAFF5E00D70016
FFD5FF6B002BFFF0
FF5BFFF5FF5C001D
FF0CFFCAFFBEFFE2
0014FFA1FFCB00B4
0071FF99FF06FEDD
003EFFF4FF890099
FF35FFE0FFBDFF94
FFEC00CAFFB0FFA7
0046FFDDFF00FFEE
FFFC004CFF96002B
0132FEEDFF4A0031
002F0119FF80FF51
FFB2FFDBFF870058
0024FFC500980007
FFACFF7500480085
0004FE9DFF26FF26
005000D3FF69FFEE
FEF1FE85FFA8FF72
FF4A00C0FF9AFF90
FF50FF80FE9CFF2B
FF5CFFD200AAFF04
FFC1006EFFA2004D
FF85011C0051FFD0
FF82005400BDFECA
FF91FF9AFFECFF9D
00D5FFD2FF2EFF40
FF9C003EFFE3FFF7
FFEBFF380066FF8A
002FFE6DFFAEFF60
009EFF4B004DFFC1
0095FFE9011A010B
FFA9FF6B00F9FF3B
008F00DAFF9BFE5D
FFAD008FFFECFFCC
00AE002900970098
FFF3014F0184FFE1
000D00520020FF64
FFA6007400ABFE5C
FFADFFCD005BFEEB
FE45005300790016
00B1FF5EFF81FFD9
005FFFB80053FF6C
FF550119FFE6FECF
FED5FEF3FFE400A0
FEADFF9FFFF40051
FF7300ACFF36FFB0
002B0011007AFDE2
FFB8FFEA00C600FD
0100FE81FF61FFB4
FFDA00F0003600E8
0037FED900C0008E
FFD0FFC9FF2AFED4
006F00D3004C002A
0101FFF4FF780000
FFE3008AFFCFFE37
FFA7FFD9FFD500CF
FF130083FEBAFF53
0016FF62FF2BFFA6
FFBD0016FF4600CD
0014FFFFFF53FF8A
0078FEDB00EEFF9F
FFC2001FFFDCFECC
FFC4003AFFE70042
FFC2FF5500E80022
FFB5FF7E0025FFF3
FF4DFFD4FF5D0036
FF34FFF4FFC10004
001CFFA7000500AE
006BFFDFFF23FED0
0083FFF6FF840099
FF43FFE3FFC3FFB0
FFAE00EFFFCBFFA2
004CFFF0FF07FFD6
FFE70053FF85004B
013AFEF5FF440011
003A012CFF95FF48
FFA9FFE1FF800056
001AFFB3004BFFDE
FFBFFF760057008D
0044FE77FF10FF46
008600CEFF47FFE0
FF18FE5AFFB8FF8D
FF4B00B7FF66FF7A
FF6CFF7AFE72FF85
FF3CFFEA008BFEDF
FFC4008DFF830043
FFC0014F004FFFA5
FF94006B00B8FEC2
FFA5FFACFFB0FFAE
00C9FFABFF20FF32
FFC60038FFB5000A
0042FF53003EFF5B
001DFE49FFB0FF66
0080FF650031FF99
005A0016010D0129
FFC4FFA90124FF49
009900CCFF8BFE5D
FFA900B5FFDBFFA2
009E0014009C007C
FFD5013F0140FFFF
0040006F0023FF58
FFAF007D00BCFE5D
FF9DFFB60074FEBD
FE35002100740020
00B5FF5FFF75FFCB
0053FFAA0062FF78
FF7D0120FFCDFF01
FEC5FEA3FF9A007D
FEBFFFA1FFDE0050
FF720087FF3EFFB5
006500250065FDE4
FFD1FFDC00A600DA
0114FE69FF59FFCE
FFE600E6002B00E1
0017FEB500E200C3
FFA2FFA8FF36FEDE
007300B10038002A
0125000FFF730003
FFF200A3FFE4FE33
FF85FFFEFFD600BA
FF0E00A1FEAEFF4D
0013FF51FF40FF83
FFCFFFF5FF4800F0
000F0029FF28FF8A
0074FF1600EFFF4D
FFD90027FFD3FEDD
FFB80024FFC40027
FFF4FF5200F10045
FFB6FF810017FFE3
FF80FFC1FF780032
FF40001CFFC40036
0025FFAD002A007A
00670028FF4BFED1
00A0FFDCFFA800AE
FF48FFF5FFDCFFC0
FF8E012CFFC2FF94
0043FFEFFF43FFAA
001B0064FF5F0079
0137FF0EFF31FFE2
003A0123FF9FFF0F
FFACFFD2FF6A0075
003AFFC4001DFFAE
FFDFFF58002C007D
0041FE8DFEFCFF35
00B500CCFF3EFFD7
FF2EFE4BFFDBFFA5
FF1E00A4FF36FF82
FF82FF79FE8AFF91
FF63FFC6008BFF1E
FFEF0087FF7D0021
FFE0016A0047FFAE
FF9B00410095FED6
FF6AFFAEFFBDFFB4
00A0FF99FF2EFF24
FFB4002AFFBDFFFD
0042FF580031FF49
000FFE4AFF9BFF72
0072FF770026FFA7
001BFFF3011A011F
FFB3FFC50115FF34
00AA00E1FF8BFE4F
FFBF00CDFFADFF7E
00DB0010007A005C
FFC0012C012C000A
0026005D0036FF63
FFC6007A00CBFE42
FF8CFFC1009BFE86
FE1D00050081002D
00ACFF5BFF4FFFE0
0034FF8E0080FF5D
FF8D014FFFE5FF1F
FEC4FE5CFF7A00B5
FEA9FFB8FFCE008B
FF740098FF25FF95
004F0007004EFDD1
FFDCFFD300AB00C6
0133FE7FFF47FFCE
FFCE00F3000200F4
001FFEA300E600E3
FFB0FFBDFF17FEE8
006D00B900270020
01570019FF4B0029
FFF000A00007FE1B
FF740019FFEA005C
FF1B0094FE88FF55
FFFBFF48FF4DFF7D
FFAB0007FF1E00E1
00070038FF1AFF7D
0060FF1B00FCFF46
FFEC0034FFBEFEF4
FFAF0052FFA40018
FFD4FF59011D005C
FFA3FF72001BFFC6
FF70FFC4FF980053
FF45001CFFC70046
FFECFF8000620071
00610022FF5BFEC5
0097FFDDFF8E009A
FF84FFA9FFE9FFCA
FF350158FFF4FF66
004EFFE5FF50FF9F
FFD6006AFF750098
013DFF18FF4AFFC6
00490130FFA1FEF2
FF98FFBCFF480086
000FFFA3FFFDFF9B
0000FF6300030064
007CFEA7FEE2FF51
00EA00CBFEFEFFAA
FF5FFE53FFFAFF9D
FEEB0085FEEFFF8E
FFB2FF48FE81FFDA
FF5CFFF30051FF34
00160059FF5E0016
003F01830026FFBD
FFCC0030009EFEC5
FF51FFB8FF93FFCE
0060FF45FF3AFEE3
FFAC0015FFB20014
008FFF730001FF01
0025FE19FF7EFF81
003AFFBA0039FFC7
FFEC003300E000FD
FFB8FFCF011BFF4D
00B300BEFF86FE37
FFC400BEFFD5FF83
00FA0040004D004B
FFC700F701000032
0031007B003CFF5A
FFF2006D00B3FE36
FFACFFAF00C0FE46
FE2000190071003E
00A5FF53FF2BFFCD
003DFF84006FFF3B
FFB1012A0001FF44
FEBEFDE4FF3A0086
FE9EFF97FFF600A0
FF9E0062FF08FF81
0065FFE2002BFDBD
FFC5FFB100590093
014CFE9EFF5FFFD2
FFB3010500200111
001EFE8100F20105
FF32FFAFFF2DFEF9
003F0096002F0019
01AF0018FF560039
FFEB00DA0020FDE3
FF79001DFFBFFFFF
FF2700B6FE90FF4A
FFDFFF0AFF68FF80
FFAAFFDCFF2600CA
00200036FF11FF50
0063FF460124FF3D
FFEA005FFFC8FF2A
FFC10051FF73FFFB
FFD5FF4001380077
FF42FF89FFFEFFC9
FF98FFADFFCF0062
FF4C0046FFE30093
FFB1FF77008C005E
005C006AFFB4FEC3
00A8FFB0FFA200BC
FF97FF5A000EFFCE
FF2501710044FF65
002CFFE6FF8BFF6B
FFDA0052FF7B00E0
010EFEEEFF4BFFDD
00140124FF87FEF4
FF84FFC0FF5F0077
000DFF7AFFB5FF81
002DFF86FFC50028
00BBFECCFEB9FF50
00E500C4FEF5FF96
FFBDFE5A0007FFCB
FECA0057FEAFFF95
FFC3FF61FE9BFFF2
FF7300120023FF71
001C004DFF68FFEA
006E015B0046FF9A
FFD800000077FEA5
FF3EFFB1FF88FFD6
0025FF2CFF57FF00
FF940006FF9C002F
0083FF94FFE5FF0D
000BFE03FF8BFFA8
FFF400110030FFBE
FF96003B00D700D4
FF9EFFC50107FF56
00BC00C9FFBAFE25
FFCB0086FFCAFF6A
01320035002D0030
FFAB00BD00B7002F
001400880067FF5C
001F002B009EFE27
FF93FFAD00F5FE3B
FE41000000470026
0097FF43FF1FFFC6
003DFF660080FF33
FFA8014D0008FF7C
FEDEFD8DFF1F009F
FEA1FF98FFCA00B3
FFB50049FF23FF75
004D00060048FDCE
FF9BFFD200330072
011BFEBBFF62FFBF
FF96013F002500EF
0025FE9E00BA0110
FEF4FF73FF12FF07
003300A60035001A
01DD002BFF550033
FFEF00BF0016FDF2
FF7B0031FFE3FFBE
FF2C00A9FE99FF73
FFBDFEF4FF83FF88
FF91FFFFFF0200C8
003F0040FF0BFF41
0050FF8D0115FF35
0016007CFF88FF87
FFCF006FFF78FFF9
FFCBFF2201670070
FF45FF98FFD7FFA0
FFA7FFCCFFF10062
FF4B000DFFFB009C
FF6CFF7000940067
004D0088FFC1FED0
0064FFADFFB300B8
FFE3FF0900290007
FED2018C0082FF51
0014FFABFFC8FF84
FF9B0034FF88010D
00E8FEEEFF36FFBF
00280148FFA7FEE6
FF6EFFA8FF34007D
0005FF51FFA9FF4E
0042FF88FF93FFE9
00C6FF11FE95FF4C
00E00091FEE6FF83
FFD2FE6CFFD2FFBE
FE91001CFE8FFF8E
FFCAFF25FE970004
FF640017FFCCFFCF
0071003EFF57FFFC
00CE01980023FFB2
000AFFB9007AFE6F
FEE6FF8EFFA8FFA8
FFEDFF0BFF8DFED9
FF5DFFF0FFE40091
0058FF9BFFBBFEFD
0011FDD6FF81FFA2
FFCE00410068FFEC
FF7D003600BE009A
FF88FF9800E2FF4B
00BB00A4FFC9FDF9
FFEB0012FFBBFF36
01480049FFDF0033
FFB9008200BB005D
FFDC00910069FF25
FFFB0010007BFDEF
FFCCFFE6010BFDCF
FDFD0023004C0012
008DFF35FEF4FFBE
006FFF870081FECC
FFA00123003AFFC1
FEF3FD48FEFE00A6
FE6FFF82FFE100D6
FFDC0041FEDDFF60
001CFFD5002EFD9D
FF8CFFE2FFEE007A
00D7FEF4FF7BFF9B
FF78016F0037011C
003DFE6100AE0101
FEA1FFA2FF13FF1B
FFF000A2004F0021
01F70035FF890055
FFE800E6002AFDF1
FF8300330011FF60
FF53009EFEB4FF70
FFB0FEC9FF78FF8C
FF570018FEE30080
001E0014FF33FF49
0014FFB0013CFF3A
0021008BFF9BFFE3
FFEB0086FF56FFED
FFA3FF03019C008D
FF12FFB9FFAAFF8D
FFC9FFD3002B007D
FF1FFFF1FFE700EB
FF1FFF4100CD0054
003C0086FFF4FE83
0044FFC0FF7C00AD
0026FE9A00640005
FEAA019600D6FF3C
0007FF8AFFDBFFA0
FF5EFFFAFFBC015E
00BDFED7FF5FFFD3
FFF90144FF81FF0B
FF60FF98FF400050
FFE5FF17FF9AFF6F
0076FFADFF45FFB7
00C5FF49FE97FF42
00D90078FECCFF43
0012FE7AFFB1FFA6
FE28FFFBFE66FFA1
FFCAFEE7FE970012
FF480059FF52FFFF
00AD0013FF5AFFFE
013A019EFFE3FFF6
0028FF62005FFE2E
FEA2FF5EFFC5FF93
FFC6FEABFFADFE9B
FF14FFE6002900E2
0035FFD8FFAFFEF9
0016FDAFFF81FFC4
FFB400B000B30045
FF79004500A20087
FF76FF7800B5FF66
00B80083FFC6FDE0
0018FFC0FFBBFF2A
01350095FF750038
FFCC003500E2009C
FF9400BB0079FF0B
FFF2FFF70036FDBD
001400200115FD91
FDDE0088005FFFFF
005EFF11FE94FFC1
0080FF82007FFE5D
FFA700FD007D0005
FF0BFD24FEDA00A0
FE39FF3C001D00FD
000C0047FE96FF2E
FFF0FFC50018FD93
FF55FFFAFF82006B
005BFF4CFF9AFF96
FF560194005B0144
0061FE4400AD00D2
FE05FFADFF1CFF48
FFC100920077001E
02130002FFC7003A
FFF901190036FDFF
FF9B00270023FEE3
FF7B0096FEFBFF81
FFA4FEA7FF95FFB8
FEF10016FEB0001E
0003FFEBFF45FF36
FFDDFFCE015AFF4E
002D00ACFFB90032
000400A2FF49FFC1
FFBCFEE8019400A7
FED6FFCCFF88FF7E
FFDBFFEC0091007B
FEE7FFCFFFCD0147
FECDFF0200EB003D
003E00750049FE73
001EFFC5FF5B00A5
0064FE2700800008
FEA701930125FF38
FFDFFF90FFDDFFAC
FF16FF9FFFEC0188
008EFEA4FF70000F
FF950136FF5FFF11
FF3BFFA3FF540043
FFA7FEF7FFC1FF90
00B8FFDDFEE5FF8A
0075FF68FE97FF29
00C0006DFEE7FF29
0013FE94FF5DFF72
FDC1FFCFFE72FFBB
FF97FE9DFE860011
FF360054FF240020
00E4FFFAFF890034
018B019BFFB50037
005BFF09005EFE14
FE6BFF460004FF86
FFC0FE53FFD4FE67
FEFFFFDF00380139
FFEDFFB5FFAAFF23
0016FD95FF6EFFDB
FFA900D9010B00B4
FF65000F00A20080
FF61FF2700AFFF43
009C0072FFC0FDE6
0005FF52FFC0FF27
011C00ADFEFE005B
FFF5002C011C00E6
FF5100C50067FF0D
FFD6FFE20000FDA2
003B004A0109FD77
FDE900BE0096FFD2
0042FF07FE69FF97
00AEFFC1005DFE1A
FFC200D900D10007
FF31FD30FED0008B
FE1CFF1200330127
001D001DFE75FEDF
FFB9FFA0001BFD64
FF300039FF350094
FFD2FF9EFFB7FF89
FF4401B300990134
0084FE14007E006F
FDB9FF97FF16FF69
FF8E00710096002E
021DFFBDFFE60030
FFD8013D0019FDF5
FFC5FFFB001AFEC9
FF8C0088FF09FF8C
FF71FE67FF75FFD4
FEC0001CFE8EFFAD
0028FFB2FF92FF0B
FF89FFA30165FF46
FFFD008EFFDA007A
000800D5FF53FFB3
FFB8FEDB01A600A3
FE8DFFE8FF57FF72
FFCBFFF200C0008E
FEA2FF9EFFCD015E
FE80FEE4010D0024
004E007A0064FE8D
001BFFF0FF5300BA
0055FDD60054FFF6
FEBF0188016EFF57
FFD4FF4BFFA1FFD2
FF03FF7B00120182
0071FE98FF7C004A
FF330114FF36FF1C
FF39FFA9FF630034
FF4AFEBFFFABFFB4
00B30006FEBAFF92
001AFF92FEC8FF2B
00A40023FEFAFF28
000EFEBFFF5BFF50
FD62FFBAFEBCFFE0
FF7CFE73FE800003
FF2E0065FF00000B
00FCFFAFFF8B001B
01B1016FFF94007E
005FFEC30024FDF5
FE63FF420001FF7E
FFCBFE270000FE45
FEEF00000054012B
FFB5FFBBFFADFF25
0013FDD5FF950007
FFD0010B012100FF
FF8EFFEC00800088
FF53FF01006EFF9D
00890045FFB1FDE6
0010FF40FFB8FF4B
00C600BDFED40048
0038001C0158012E
FF1800D70065FEEC
FFC0000AFFBCFDB9
008D008D00EFFD83
FDEC010800D0FFD2
0007FF10FE3BFF88
00B1FFC40039FDEB
FFD900AB00FEFFFB
FF31FD77FEF00095
FE05FEE40065012E
00300017FE49FEBC
FFB8FF660000FDA3
FF020056FEC80093
FF7EFFFFFFA3FF87
FF6001AF00BF0129
0092FE070086001F
FD7DFFBFFF4AFF9F
FF60003B007F0046
01E3FF8B000C0014
FFDB01430012FE3B
FFC1FFF6000BFE8A
FFB100A0FF42FF8E
FF68FE64FF89FFF4
FE95FFF6FE7BFF10
0004FF7BFFE7FEFF
FF58FF9C0141FF12
00180079002400A0
000E00B5FF7EFF9E
FFCDFECC016100AF
FE8AFFEBFF8AFF52
FFBEFFFB00D80087
FE9AFFC8FFA4014F
FE63FEFA010E000E
005A002C00A7FEC6
0030FFFBFF1900A3
000FFDC9001AFFE4
FF2501420159FF7A
FFBCFF44FF740031
FF1FFF5F00260175
005FFE6CFF92006F
FEFE00DDFF12FF40
FF2EFFBBFF87000D
FF04FEA3FFD8FFF7
00B3001CFEC9FFAF
FFDDFF8BFF0BFF29
00870019FF53FF1F
FFFDFED5FF06FF18
FD48FF8DFF14FFFC
FF57FE32FE67FFD5
FF230040FEF2FFFA
012EFF9EFF960043
01CC015DFF2D00C0
007CFE7B0014FDE0
FE63FF16003CFF6A
0001FE220008FE39
FEDFFFD200590176
FF86FFA2FFC7FF57
0023FE09FF960015
FFF3011001810158
FFD2FFA3009B007C
FF59FEFD006BFFB6
007C0037FF7EFE09
FFF1FEFEFFC5FF56
007400C5FE6F0057
0077001601CD0180
FEF600DB0035FEFF
FFA1000CFF8FFDB7
00CB00AB00B0FD77
FE11014B0128FFDA
FFDCFF24FE10FF73
00A3FFF0000AFDF5
FFD4005600FFFFE0
FF50FE07FEF0005F
FE1CFED500A3013A
00460021FE41FEB9
FF87FF38FFDBFDAA
FED60075FE950088
FF1F003BFFC4FF9B
FF7C018800F1010A
008FFE1E0085FF94
FD63FFA9FF5CFFF0
FF5400300090005D
0194FF350053FFFD
FFE20149FFDEFE39
FFEFFFD80015FE6F
FFC80090FF8DFFA1
FF58FE49FF9DFFF5
FE55FFF2FE7EFE98
FFF9FF2A0034FEE1
FF12FF72013EFF06
FFDC005A007E00E8
002D00C5FF89FF8D
FFF3FEDE0139009C
FE87FFF8FF85FF38
FFA8000B00E600AC
FE64FFA8FFB9013D
FE4AFEFD010AFFE2
0058FFFB009BFF03
004D003BFF1F007A
FFDDFD9DFFD9FFBA
FFA20103018AFFB4
FFE1FF20FF330064
FF35FF4600460128
0048FE82FFAB00B0
FEAD00A8FECFFF7D
FF28FFD5FFAFFFF2
FEA7FEA6FFFB0049
009A004EFEC9FFDE
FFAAFF8CFF20FF1C
003D0010FFA1FF2E
FFF6FEE5FECCFEE1
FD48FF76FF55000F
FF1BFE18FE4CFF9F
FF25004BFF060006
0130FF7FFF9C0058
01C6012EFF1B00E6
008BFE3FFFEDFDBA
FE98FEEF0040FF4D
0037FE0F000EFE3D
FEE0FFB50062019D
FF30FF68FFF7FF85
0029FE48FF92001C
002000E901A90186
0016FF4D00A6006E
FF39FEDD004FFFA5
007C0049FF69FE17
FFCAFEB3FFD4FF74
004100C1FE4A0084
009B00250201019B
FEC800DB0028FF1C
FF88000FFF72FDB7
00EB00BA0079FD83
FE350176015DFFE6
FFC7FF2CFE15FF84
00B4000CFFC3FE15
FFA8002400EFFFAF
FF57FE86FF2A004E
FE34FEB000D00127
00400027FE4DFEB5
FF46FF15FFDCFDA8
FE8F00A0FE680080
FEDD0054FFECFF82
FFA90182011F00E9
00B7FE520062FF26
FD79FF73FF690022
FF40004100820078
0151FF0F0064FFBF
FFE70162FFA8FE40
001AFFA80016FE7A
FFDC0080FFC1FFCC
FF29FE2AFF92FFFC
FE44FFE8FE92FE3E
FFDFFEDC005BFECA
FEFCFF360122FEE8
FFAA005700B30102
002200B8FFB0FFA0
FFF8FED60126005F
FE90FFE6FF92FF0D
FF84002B00C500CE
FE4DFF94FFA30109
FE40FF3400EDFFF4
0058FFAF0090FF30
0041006AFF1B0068
FF85FD78FF7CFFA4
FFFE00AE01A6FFDD
FFF6FEE1FEDF00B4
FF40FF2C005700DC
0049FE70FFA000F7
FE800087FE97FFC3
FF22FFD5FFD7FFDE
FE73FEB4002D008C
0068006BFECF0011
FF59FF94FF3AFF16
001AFFE3FFDCFF4C
FFD2FF14FEDAFED7
FD6BFF78FFB10044
FEF0FE44FE60FF75
FF45004FFF09000D
011AFF5EFFB0003C
018A00C7FF2700EB
0069FE37FFB7FDB1
FED7FED5002BFF34
005FFE4A001BFE59
FEF2FFAF005B0195
FEF5FF520015FFA3
0012FED7FFB60046
005100DA018E01A3
0083FF0D00AA0054
FF34FEC1FFEDFFC2
0050003AFF62FE37
FFC6FECCFFB4FFBA
FFFD00A2FE3B008F
00D5001802000177
FE9B00B60012FF26
FF960007FF5AFDDE
010C00EC003DFDAD
FE7801840165FFF9
FFAAFF31FE1AFF76
009C0014FF80FE56
FF8DFFE700CEFF65
FF3DFF20FF680069
FE48FEC000E200F9
00500032FE81FEC1
FF0EFEF3FFCFFE10
FE550086FE65006A
FEC8006FFFFAFF8C
FFE30158012D00C0
00B3FE860043FEB6
FDA7FF6FFF860048
FF2D0012005B0067
00D7FF020066FF83
FFF60127FF6AFEAB
0023FF950003FE6F
FFE8005FFFEFFFE0
FF0CFE43FF9C001B
FE43FFC3FEC3FDEB
FFC6FEB10082FECF
FEFCFF2D00D7FEE8
FF9E002B00DC010E
002300A8FFCCFFB7
FFE9FEFC00CB005B
FED8FFD9FFD9FED6
FF4E003A009300D6
FE5CFFA3FF9000B1
FE72FF6F00B80019
0039FF4C008CFF73
006A009CFEEA002E
FF30FD96FF2CFFA1
004200560173FFF5
FFFCFEC6FEAF00F9
FF56FF3C00610098
0037FE93FFB70110
FE720062FE870007
FF44FFDBFFD6FFD3
FE61FEBF006500A6
002E0071FF02002F
FF8BFF7AFF67FF2B
FFE1FFF50035FF65
FFDAFF23FEDCFEA7
FDB3FF62FFFA0032
FF01FE34FE7BFF7B
FF66004AFF2BFFF6
010CFF3CFFB30031
01580085FF0A00FD
005DFE11FFD3FDD8
FF09FEEB0026FF1F
009FFE4E0010FE95
FEF7FFA0004A0157
FECBFF55001DFFDF
0028FEFEFFCC0034
00A800C1018501B1
00ABFEF900AF0064
FF25FF1BFFEDFFF7
0063006EFF4FFE8E
FF93FED8FFFDFFCC
FFEF00CAFE5300BB
00E2003C020E0151
FEE600D3001DFF7A
FFAD0021FF57FE07
013000AC002FFDDC
FEC5018D01920032
FF9CFF5DFE5AFF9A
0070001CFF56FEA6
FF6CFFA800B7FF3D
FF4AFF9DFF850040
FEB3FEBC011C00F5
002C0077FE98FF06
FF1FFEE3FFC7FE22
FE6100ABFE4B0036
FED40068002BFF90
00030143014700AF
00BEFED70069FEA4
FDECFF57FF920070
FF5F006600580084
0070FEF5007AFF7B
000100FBFF59FEB0
0036FF620003FEC7
FFD7006300240004
FF26FE56FFB8FFDE
FE60FFE8FEECFDE3
FFD0FE900068FEF1
FEEBFF0700C9FEEA
FF60005801000126
00200074FFF4FFCC
FFFFFF1800AE001C
FEFBFFDCFFC3FECB
FF610040009800B6
FE5BFFA2FF900072
FE99FFB400AB0022
003BFF16006DFFBD
006A00A7FF18003F
FF23FDA8FF0CFF95
009EFFF9016D0001
FFF6FEC3FE8B0107
FF75FF4D00520058
0038FE94FFA5013D
FE8E0037FE7D0025
FF34FFF60003FFEF
FE3DFEEC008D00D6
FFF50082FF19002B
FF90FF60FF79FF18
FFC200240067FF70
FFCDFF40FEC9FE89
FE00FF8000190031
FEE0FE6BFE87FF60
FF6F0068FF4B0000
00D7FF34FFC30027
01030059FF1600FE
0069FE2CFFDFFDE2
FF62FEDE0003FEFA
00B0FE69FFF5FE9E
FF02FFAC004C014D
FEBDFF530059FFF2
0047FF10FFC5001B
00CA008F017C01B1
00F3FEF800A40055
FF1AFF21FFDEFFBF
00590083FF51FEA9
FFA9FEE1000AFFE1
FFD400CEFE5700F7
00DC007401F20121
FEF200D10010FFA4
FFAB000CFF72FE1B
012100A60002FE25
FEEB018101860029
FFB1FF5AFE75FFB1
007A003CFF2AFEDB
FF2EFF9A007FFF11
FF54FFF8FFD9003E
FEC3FEC7013100D6
00480089FEC8FF0F
FEEEFEE8FFCFFE3B
FE520095FE860024
FEEA00450057FFA8
0017012F0150009E
00B7FF260060FE66
FE3AFF57FF9A005B
FF5F0098003F00AC
0041FEF40073FF41
002400F5FF26FEE4
003AFF39FFE7FEFF
FFD4004300540019
FF1CFE78FFBAFFEB
FE8CFFDFFF00FE00
FFB4FEA1005DFEF9
FF2BFEEC00B4FF05
FF3F004D011D0102
0018005AFFF3FFE8
FFF7FF1E0080FFF8
FF25FFDBFFD7FED0
FF570057007800B2
FE72FF9CFF89002F
FEBAFFE2006A0065
0035FED2002CFFC5
005F00B2FF14003B
FF0EFDD6FEDAFFA5
00BAFFCA0145001C
0001FEB1FE500105
FF84FF45005E0019
0046FEB2FF800178
FE95002DFE6F0038
FF51FFFF0018FFFC
FE40FF2500B900E9
FFBC0096FF250031
FF7DFF49FF8DFF3A
FFA000040066FF8A
FFB6FF60FEB5FEBA
FE38FF8800560023
FED2FE9EFEAEFF5D
FF8E004FFF6FFFE1
00D1FF25FFCB001F
00AE0034FF3600CA
0061FE15FFE5FE02
FF8AFED4FFF4FEFE
00D1FE970008FEE6
FF21FF8E004E012C
FEBDFF510049001B
004AFF7D0005FFF9
00E800600169019F
012CFEF700B40040
FF10FF59FF95FFFA
0054007BFF47FEBA
FF9DFF01001FFFD8
FFB900C2FE8900EE
00FB009801FC00DE
FF3300A50022FFBC
FFB70018FF68FE41
011E007FFFF0FE77
FF250153017F003D
FFB7FF80FECFFFB1
004E0039FF17FF13
FF1DFF80003FFEFF
FF48003EFFF2001B
FF05FED00140007E
002000AEFEE6FF7D
FF11FF0EFFB3FE86
FE540081FE970033
FF120022007AFF7E
0034011D0144007D
00A6FF460069FE64
FE6AFF57FFA00062
FF6D00A4001600D9
FFE3FEFB009DFF4C
004000D7FF29FF00
0030FF21FFE7FF40
FFB3004000700026
FF46FEB4FFADFFB5
FED8FFDDFF44FE12
FF9EFEAD0041FF25
FF20FEED0085FF1D
FF350036011E00D7
000A0027FFF00003
FFF4FF1A006FFFDC
FF66FFCCFFEEFECA
FF670033005200AD
FEACFFBAFF79000A
FF00002E00350070
0005FE890008FFD0
007600BFFF14002F
FED5FE24FED1FF9A
00EBFF990108000B
FFFBFEAEFE35011A
FFC5FF660070FFFF
0057FEA9FF88016A
FEBE0008FE80006A
FF51FFEE0028FFFE
FE65FF6200B8010F
FF9A007FFF680010
FF65FF01FFA3FF39
FF960028006BFF99
FF84FF46FEACFED9
FE70FFA900630001
FEB9FEB2FEAEFF16
FF96003BFF9DFFBC
009FFF6EFFCD0024
003B0040FF4500AA
0045FE4AFFFFFE23
FF9CFECCFFF9FEDE
00EFFEE9FFF0FF19
FF26FFB6004300DE
FEAEFF680066000E
0053FF7D0005FFDD
0118000B01490149
017EFF2900D7006E
FF11FF54FF9FFFE4
005B00A1FF5FFEAC
FF8EFF580033FFD3
FFA600D0FEE700FC
00FA00CD01FF0095
FF6F0092001CFFE1
FFAC0021FF99FE4B
010F0080FFDDFEB2
FF110142017C003F
FFE7FF74FEEDFFC7
004B0047FF1EFF28
FEE0FFA6000FFEC1
FF0D007100230031
FF04FEEB013E006E
001C00DAFEEBFF9A
FF34FF38FFC2FE7B
FE74007FFEE30049
FF63FFC9005EFF94
002B011401260089
00AEFF5A0087FE70
FEC3FF5CFF990041
FFAE00D8001200D2
FFD2FF1E008BFF5C
004800BDFF0EFF1E
0026FF1BFFDAFF93
FFA30025005E0017
FF68FEE7FFAEFFA5
FEE1FFDCFF5AFE5E
FF8FFEA0FFEDFF46
FF62FEC80067FF37
FF4A003000FE0075
001A0015FFF40012
FFF2FF390068FFC7
FFB8FFC10000FEDC
FF5A0047001B0073
FECBFFBBFF86FFDF
FF410041000300BC
0007FE58FFC2FFA3
006B00BAFF010028
FEA1FE70FEE3FF9A
010FFF8600A8FFFD
000DFECBFE2B0105
FFCDFF880064FFE9
006DFEA9FF850162
FEE90020FE7C004F
FF5CFFDF0016001C
FE9AFF9001040130
FF5D0093FFA1FFFC
FF95FEC4FFB4FF4B
FF8800360053FFC0
FF75FF3DFEC7FECA
FE9EFFCC004DFFDD
FECBFE93FEAAFF15
FF6F004FFFEAFF80
007DFF90FFB8002D
FFE3004CFF670089
0041FEB9001BFE55
FFDAFEEFFFBEFEC6
0111FF1AFFCDFF19
FF2EFFE1FFFC00BB
FEB5FF7E0082000A
006AFF7EFFF1FFCE
0125FFDA011D0118
01BEFF6200B900A0
FF12FF74FFBDFFD8
005B00C0FF6CFEC3
FF85FFBC0076FFD6
FF9700BFFF4800F8
00EF00D801E70075
FFB4009C0020FFF1
FFBE005BFFBEFE81
0106005CFFE6FEE5
FF14014201830057
FFEEFF77FEEEFFC7
0045002FFF22FF33
FEE6FFC8000DFE8B
FED50093002A0014
FF0DFF01013C0055
001600C6FF0CFF97
FF88FF51FFC2FE70
FE8F0070FEEB0077
FFAFFFA5006CFFA6
001300F7013500AD
009EFF8400B3FE90
FEE6FF57FFC4FFEF
FFEB00D8001500E3
FFC9FF46008DFF4F
0052008BFF36FF36
FFF4FEFAFFBAFFEF
FFA200470040FFE3
FF91FF12FFA2FF75
FF00FFEDFF77FECC
FF8DFE80FFE7FF3E
FF9FFEDA005FFF5E
FF57004A010B0029
000E00020018FFE8
0011FF4A0051FFC1
FFD7FFD90000FEF7
FF4E003E00110046
FEF0FFE3FF80FFD1
FF8E0071FFEB00BC
002CFE5DFFABFFE2
00680092FF4D004C
FE8FFED6FEEEFF77
012AFF8F00790014
0014FF1EFE4100D5
0002FFCA0039FFE6
0082FEB9FF59014F
FF1F001EFE83005C
FF6CFFFC000B0034
FEF4FFB6010E0109
FF4500A7FFB50027
FF8BFE8EFF91FF48
FFAC003F0016FFD6
FF45FF0AFEBCFF3C
FEDEFFFB0044FFB1
FEB8FEBBFEA5FEF2
FF83FFFB0013FF63
00710003FFD7002B
FF79008EFFAD0038
FFE5FEF3002FFE6F
FF9CFEF7FFEFFED4
0129FF8DFFBDFF68
FF410010002E0053
FECFFF92006EFFD7
0026FF9C0022FFA3
012DFF92010B0078
01ACFFB6011300D6
FF21FF55FFC0FFE6
006200BDFF95FE7E
FF9700120046FFA8
FF8300CFFFB700CE
00E300DE01F1002B
FFDA00320040FFE4
FFA50052FFFFFE5E
00E90067FFEFFEF4
FED001200159003A
0007FF61FF20FFF0
00230016FF8FFF24
FEBE0038FFF4FE9A
FE9A004C003A0055
FEE4FF4400F0004D
FFDE0110FEFDFFDC
FFD5FFA7000DFE47
FEC70040FF8200C4
0004FF3A0007FF8C
FFF000F100D400DB
0088FF4D00BBFEEC
FF2CFF7CFF71FF8A
003B00E3001900C5
FFE4FF7F0053FFAA
0043008CFF49FF2A
FFEFFF370007006B
FF7D0034FFCCFFB8
FFCEFF55FF92FF75
FF01FFEDFF80FF53
FFAAFEAFFF77FF6A
FFB8FED70087FF67
FFBB006F0070FF8D
00430009001E0003
FFEDFF5A005CFFC5
0016FFD50027FF15
FF7C0049FFE3000F
FF23FFB6FF58FFA6
FFCA0030FFD800C2
002BFE68FF7AFF64
003F0071FF3F0057
FE9DFF58FF5CFF6C
00F6FFD0000AFFCA
0005FF46FE8D00B0
0015000200230001
0086FEB4FF7600F7
FF690063FEDFFFFE
FF5BFFDFFFA7005C
FF62FFBD01450105
FF5A0052FFF6000F
FFB5FE8CFF8EFF41
FFAE005EFFD5FFEB
FF2DFF0AFEE6FF5F
FF05001B002CFF95
FEE6FED2FE9DFEC3
FF7AFFE30055FF4A
00420010FFE10041
FF4E008CFFE9000C
FFB8FF56003FFE83
FF91FF23FFDCFED8
011AFFBAFFB2FF63
FF57001FFFF20008
FF0CFF9B0061FFC1
0029FFB00019FF88
012CFF7700CF0059
0194FFBB012200D8
FF2FFF55FFF0FFE2
006700E1FF85FE60
FF9500370045FFD0
FFC000AAFFF900AA
00D900CF01E70002
FFEC00280066FFC5
FFA300730024FE66
00B20069000BFF19
FEBD010401370045
001AFF39FF4F0003
0014FFEAFF9EFF3C
FED30054FFF3FE90
FE7C004200270061
FEEAFF3C00B70043
FFB4010FFEFAFFF9
0001FFBF0026FE39
FEE1002BFFB700FD
0054FF0FFFE7FF82
FFCA00ED00AA0102
0062FF4300D3FF46
FF68FF7CFF7BFF4E
005E00E0002F00A8
0005FF950029FFC9
00360065FF66FEF9
FFE7FF48000A009F
FF6E0052FF98FF8F
FFF4FF6DFF79FF5E
FF250004FF7AFFAE
FFDAFEE9FF62FF71
FFE8FEAD00A2FFA5
FFBE006A003EFF3E
0054001000200012
FFDEFF530072FFBD
0002FFCA002AFF3A
FF69003BFFE2001D
FF5AFFC1FF59FFC0
000E0012FFD300C6
003FFE8CFF6AFF53
0050005EFF700070
FEBEFF91FF7FFF62
00C70008FFF4FFDA
0015FF82FEB30098
00430041FFFF0005
00B5FEB5FF5200D7
FFA10081FF02FFDA
FF43FFE1FFA10060
FFA0FFA9012500EA
FF7B001A00120022
FFEEFE78FF7AFF37
FFC00061FF8BFFFC
FF2FFEDEFF03FF9F
FF40003D0005FF65
FF09FEEBFE90FECB
FF66FFBF0073FF0C
0046006EFFE10028
FF2300C7FFFAFFC5
FF89FFAB0052FEA0
FF84FF5BFFDCFEFC
0130FFE1FF93FF91
FF8800350000FFE6
FF51FFBD0048FF8A
0021FF730022FF86
0115FF63009DFFDD
0142FFE601420110
FF64FF880040FFE5
00A100DEFF9BFE51
FF9E0097002DFFAF
FFD5007B00470089
00AB00C201CAFFEF
001D0016005BFFC4
FF9D00790057FE53
008F00500020FF09
FEA200B201120044
002BFF30FF6E0018
FFE9FFBCFFE8FF34
FEF600B7FFF5FEC1
FE6EFFE600180085
FECBFF6E00830038
FF8A010CFF0C0014
0053FFF7004CFE18
FF140011000A011D
008AFEE5FFAEFF8D
FFA600CE00670109
001CFF150103FFB4
FF86FF9FFF46FF29
009A00E1003600A0
0028FFB80003FFF5
0046004DFF80FED0
FFC4FF6E001800F1
FF650053FF61FF82
0005FF88FF7FFF42
FF46FFFAFF6E0037
FFEBFF36FF07FF6F
FFEEFEC500B3FF87
000C007DFFF8FEE2
005F000B00160009
FFEEFF5E0088FFD5
0008FFCA0036FF61
FF910022FFD30011
FF7EFFB9FF5CFFD3
0040FFF0FFCF00B2
0054FEBEFF58FF34
003D002FFF810088
FEEF0005FFBEFF70
0088004CFFB8FFB2
0022FFA4FEF9004C
004C0079FFE20024
00CAFEC1FF520097
FFEA00B6FF6AFF96
FF3DFFE1FF7A007D
FFFCFFC3011F00D1
FF94FFDF00060028
000AFE7AFF59FF49
FFD00048FF6B000B
FF2DFEC9FF14FFB6
FF780046FFD6FF43
FF28FF2DFE9BFEF6
FF7EFF99008BFEFD
00160096FFDE0035
FF0A00F3003AFF8B
FF680023006DFE99
FF85FF81FFC1FF17
011F0013FF7DFFAD
FFB40031FFD4FFCA
FF89FFA6003FFF6D
FFEEFF58002FFF78
00DEFF420070FF88
00E40008014B0131
FF88FF9C005AFFCD
008700CAFFA1FE47
FF9C00B20006FF91
FFEF0021007A0066
006D00C00192FFBC
003200140066FF9A
FF9700930086FE68
004800280040FF08
FE82008500E2003E
0051FF30FF7F0007
FFF4FFB80028FF3C
FF2D00EBFFBEFEF2
FE98FF9CFFFD006C
FED9FF910029FFF8
FF5F00E7FF450036
007C00280060FE0D
FF3BFFF000700134
00A2FEC4FF7AFF72
FFB300E7004A00ED
FFF7FEF001050012
FFB7FFB2FF25FEF0
009D00CF00230091
0050FFD8FFD80012
003E0042FF92FEB3
FFB2FF97003A0113
FF43005CFF3CFF98
0028FFA6FF5AFF4E
FF6D000DFF5A00B1
0005FFA0FF00FF84
FFF6FEE600BDFF82
001E005FFFC1FEAE
0046FFFA001C000E
0008FF650097FFF5
002BFFD3003DFF8D
FFA70000FFC60015
FF7EFFBBFF68FFD4
0081FFD7FFCA0090
005CFF01FF4CFEFB
0032003BFFAC008E
FF1B005EFFE7FF74
003000A1FF85FF8D
002DFFCEFF570035
0060008FFFB4003A
00D8FEDDFF4D0012
004700E5FFA6FF6E
FF5AFFD2FF38007B
003EFFD600EB0097
FFA0FF910018003C
000EFE6EFF4BFF25
FFFA0067FF25FFFF
FF14FE96FF4DFFE6
FF710064FFAAFF24
FF4BFF58FE7FFED3
FF7EFF7800A5FEE5
000100A0FFD00031
FF1E011F0055FF67
FF5600610085FE65
FF48FFB6FFBDFF54
0103000AFF68FFA5
FFC5002EFFAFFFA5
FFDAFF7C0029FF28
FFD9FF33001CFF72
00AFFF4A0066FF69
0090FFF9015E0137
FFA7FF7F0095FFCF
00B100EFFF88FDE7
FF9E00B6FFBBFF91
0030FFFE00BC0046
005B00DD01B3FFDB
0010000C0068FF66
FFA900BC00A9FE1C
001B001F0073FEBE
FE39005B00AD0056
004DFEF6FF8C0006
FFFDFF89006EFF37
FF430124FF91FEF5
FE96FF26FFD90085
FEB1FF7BFFEFFFFF
FF4B00DAFF3C0035
008F002A0068FDBF
FF57FFD400A00133
00F8FE89FF21FF4A
FFB40110002200FF
FFE0FE8A0117008A
FFB3FFAFFEEFFECA
00B500CD00290052
00B3FFCDFFA6004C
0034005CFF98FE48
FFB2FFCE004400EB
FF150071FEDFFF76
002EFF94FF62FF59
FF760005FF5100EF
002DFFDCFEE6FF5E
FFEAFEC200E9FF83
003F0064FF9AFE7A
002FFFF20011000A
0005FF4500D80014
0023FF9E006BFFA7
FF87FFCFFFAE0053
FF85FFCDFF73FFD8
0089FFC0FFE60076
003FFF2AFF53FEC6
0071002EFFA300AD
FF3E005F0006FF97
FFE100FFFF94FF71
003AFFE9FF74001A
008900A0FFAB006E
00FEFEC2FF41FFCF
007E012AFFBFFF33
FF48FFCFFF100079
0053FF9B00BF0071
FFD2FF3E004D004B
006FFE64FF22FF4B
0008005BFEFCFFE3
FF49FE77FF69FFD8
FF750044FF57FF26
FF78FF6CFE84FF27
FF65FF9C0071FECE
FFF600B4FFC3FFF1
FF62012D004BFF39
FF6800670094FE65
FF55FFCDFF88FF6B
00ECFFDAFF53FF97
FFD40036FF8BFFBF
0043FF8C0018FEFC
FFDAFECB0019FF79
005FFF540032FF3A
004400160149013E
FFC5FFA200B9FFA7
00C000ECFFAAFDEE
FFAD00CDFF99FF59
004CFFF200AB002E
001D00E3014FFFE3
000C0031005EFF77
FFC600B000B7FE2D
FFEBFFE1009AFEA1
FE46002700850045
006BFF00FF87FFE7
0011FF6D00AFFF38
FF5E013FFF95FF20
FEBFFEE1FFB4008C
FEAEFF89FFB4FFFD
FF6800B5FF5F004C
008D00460061FDB3
FF5CFFBD00A4010E
0100FE90FF29FF6B
FFA90122001700E5
FFF9FE84011C00B6
FF97FFA0FEE1FEEB
00C200D70023006C
0113FFEFFF8A0043
003D0067FF85FE32
FFB6FFDC004800B5
FF0C008BFEE5FF80
000FFF72FF64FF52
FF800000FF360151
0011001AFEC4FF5F
0002FF0800E4FF6A
00430062FF8BFE9C
000CFFF9FFF5FFF3
0016FF5501170027
0024FFB2006CFFAA
FFB1FFD2FFB00060
FF75FFD6FF90FFCE
006CFFB7FFDB007A
004AFF60FF6CFEBD
005F000AFFAE00C1
FF76005E000EFFA8
FF8D0134FFA6FF69
004BFFC6FFBCFFCE
00720098FF8B007E
00E8FEE7FF27FFA8
00920145FFE7FF13
FF61FFC3FF020093
0067FF990090001E
FFD5FF380032002E
0066FE5DFF1DFF4C
006B008EFEF0FFDF
FF48FE4CFF90FFC2
FF55004BFF13FF27
FF93FF4CFE3FFF69
FF5EFFB90080FED4
FFF900ACFF7F0008
FFAE0174004AFF49
FF7B008C0083FE70
FF52FFD6FF53FF92
00BFFFBCFF20FF74
FFBF0017FF56FFE2
0087FF6F0021FF00
FFE5FEA1FFDDFF84
0028FF5B002CFF63
000B001901110145
FFCAFFB600F9FF76
00CD00E2FF91FDF6
FFAD00DDFFB0FF55
007FFFF600C00032
FFD900F60130002C
0010005F003DFF55
FFCC00C300C3FE31
FFBEFFD600B0FE7B
FE0600130069005D
007EFF1CFF6BFFE4
0003FF7900CDFF3C
FF790149FF91FF34
FEAFFE87FF76007F
FEA3FF85FFD00025
FF7E007CFF38FFFF
00D10035003CFD8B
FF86FFC0007100EB
010DFE80FF10FF90
FFB10122001200FD
000EFE76011F00F5
FF7EFF9BFEE9FEDD
008B00CD0023005A
0150FFEEFF78005B
00440092FFBAFE1E
FF8B001900340064
FF1700A3FECEFF58
0001FF46FF6BFF60
FF70FFE4FF260142
000B0042FEE6FF3B
FFEFFF2C00FDFF4F
00460055FFA6FEDA
FFC8FFFBFFDBFFD7
0014FF5401250057
000AFF970064FFAD
FF81FF99FFBF0082
FF55FFE8FFAE0003
003FFF9B001F0040
0048FFA7FF93FEDE
007E000BFFCE00B5
FF79003F0004FFAE
FF680182FFD9FF75
0050FFF0FFCAFFB2
006E0080FF9900A3
00EFFEDCFF15FF8B
0073014BFFA7FF06
FF6CFFC1FEFE008B
0053FF96002EFFF9
FFF8FF310021004D
005EFE8DFF05FF59
009B0092FED9FFD1
FF5AFE3AFFC7FFE8
FF3B004BFEDBFF43
FFC5FF36FE69FFAD
FF83FFD00075FEFD
0004009FFF66FFEC
FFF201830068FF47
FF650074008BFE85
FF48FFE9FF4AFFC4
0090FF78FF17FF84
FFB10021FF6EFFD1
00A6FF7B0001FEF0
FFDEFE83FFF4FFA0
0018FF88001DFF76
FFC0003C00DD0134
FFC5FFB600FEFF9B
00C500CEFF9BFE0C
FFC400F2FFC8FF6B
00A1000300B10036
FFCC010001070044
001800610048FF4E
FFE700B500AAFE20
FFB6FF9E00BFFE4F
FE0AFFF40052005F
0073FF2FFF6EFFCA
0007FF7B00E9FF4E
FFAD013AFFADFF76
FEB4FE20FF3800A7
FE89FF89FFD4003A
FF810049FF32FFC0
0104001F003CFD92
FFA5FFB5002B009F
0111FE81FF01FF8E
FFB40151000F00E7
0038FE510105013E
FF72FFB1FED4FEDB
006700B900100039
016BFFE5FF69005E
0022009DFFD4FE14
FF7D004A00120021
FF0200AEFEB8FF65
FFF7FF43FF6FFF78
FF74FFD2FF2A0129
001D0078FEF4FF41
FFB8FF650110FF38
00480059FF92FF13
FFA7FFFDFFD5FFD8
FFF6FF56012D0080
FFDEFF980055FFAE
FF74FF74FFEF007A
FF4DFFF8FFC2000B
0005FFA900670031
0046FFF2FFD9FEEB
007FFFF7FFD500BA
FF9900140023FFE7
FF22019FFFE4FF48
0035FFE0FFFCFFA2
00450075FF9E00BE
00DCFEC0FF0AFF7A
0079013FFFAFFEED
FF6BFFC4FF03008F
0047FF7FFFFCFFB8
0019FF25002A0001
008DFEABFED2FF65
00C20084FEBFFFA3
FF89FE1DFFDAFFEC
FEF50040FE85FF5C
FFD8FF33FE71FFC5
FF810003001CFF3B
00260086FF52FFD1
0063019C0034FF57
FFB900360084FE79
FF2EFFBDFF4FFFDD
0048FF4DFF24FF51
FF8F0006FF950006
00BDFF87FFF1FED0
FFD6FE5CFFC9FFB8
FFF4FFC70015FF99
FF960049009700E8
FFB5FFB700E1FF8A
00CF00B9FF98FDF6
FFE100B2FFCCFF50
00C9002800790029
FFD600CD00E80070
FFF000570047FF2E
000900890091FDF2
FFC1FFB100E1FE16
FDEDFFEA0048004F
0080FF3FFF47FFB7
0022FF9100EBFF1B
FF990133FFDCFFAB
FEA1FDB2FF1600BC
FE56FF80FFD70064
FFC0002CFF04FF94
00D200070015FD8E
FF95FFB7FFF3005A
0115FE97FF0BFF9C
FF9F0166002200F9
0052FE3B00DE014E
FF16FFB3FEDEFEFE
004B00AE0001002D
01AEFFF2FF690075
001B00C0FFD6FDF6
FF71006A0015FFA5
FF0F00B2FEB1FF6F
FFDBFF13FF8DFF89
FF50FFD1FF0B010C
00100063FF0AFF21
FFB1FFA70125FF27
00500061FF8AFF67
FFAD0003FFB2FFC2
FFD4FF33016000A7
FF9EFF92003CFFA1
FF90FF8600060084
FF2DFFF2FFD20042
FFB0FF9A007B004B
0033000E000BFEDD
006FFFCFFFC800B5
FFB0FF8F00360000
FEF701BC0030FF40
0021FFCB0018FF94
0008004CFFB50106
00AEFEB7FF24FF94
004B013EFF7BFEEE
FF5AFFB5FF15006D
002DFF4EFFDCFF8C
0043FF4CFFE4FFC0
0076FEDDFEB7FF57
00D0008CFE93FFA1
FFA2FE34FFC50003
FE990029FE83FF83
FFC8FEEFFE7FFFD6
FF790023FFF3FF55
005C0070FF48FFD9
00BD019C004FFF5F
FF9AFFDC0067FE4B
FEFFFFA7FF57FFFB
002BFEFDFF36FF3D
FF740014FFD40043
00BAFF95FFD7FED0
FFBFFE51FFDDFFDF
FFC50010003FFFC8
FF6D0042008E00B9
FFB0FF8000C6FF99
00C900B5FFB6FDDA
FFD90083FFBFFF63
00E6007000430022
FFEF009100E60099
FFCB005D0054FF14
FFFF0046006DFDE2
FFD7FFF800DBFDD3
FDDE0013003C0043
0061FF15FF14FFC0
0006FF8300FBFEEF
FF9701160006FFC6
FEAEFD78FEF600E3
FE47FF4EFFFD0090
FFD3001FFED8FF5D
00CA00050035FD7E
FFA0FFC8FF96006F
00D6FEBFFF20FF6C
FF64018700210119
0078FE2500C20142
FEC5FF98FED2FEE6
000B009300210024
01C1FFE8FF6F0079
001400E7FFD7FDED
FF7100880011FF5B
FF1D00BEFEBFFF6B
FFD3FEF5FF90FFB3
FF23FFAFFEF700CD
00320061FEE8FF0B
FF88FFD6012CFF3D
005D007FFF7DFF9B
FFC1001DFF9EFFCE
FFADFF12016D009A
FF6AFF990010FF77
FF77FF7A002B00A2
FF2BFFC5FFB6006D
FF75FF6A00A60035
0021001E004EFED4
0060FFDAFFA300CD
FFDBFF35003C0029
FED401CB0070FF38
FFFEFFC7001EFF97
FFDC002CFFDE013D
0098FE98FF08FFB8
FFF0012EFF67FEE4
FF36FFBAFEF8006B
0014FF2EFFCFFF8D
0072FF4EFFD5FFB5
0054FF19FE88FF43
01080077FE9FFF92
FFA5FE33FFB7FFED
FE5C003FFE6BFFA5
FFAAFF00FE8A0013
FF850016FFB5FF9A
0093005FFF5E0000
010601D2003CFF91
FFB1FFB70053FE4A
FED6FF7FFF92FFFD
FFEAFED0FF34FF1B
FF33FFFE003200A5
009AFF79FFC2FEEA
FFC0FE0CFFD7FFEF
FFBC002100680007
FF54007C0077008C
FFADFF4700ABFF66
00A10079FFCEFE03
FFFA0040FFC1FF63
00CF0097FFF20049
0008009E00D900BE
FFA500520038FF0E
FFF1FFEB0040FDC5
FFDD001700CCFDBF
FDB8003B004EFFF1
006DFF18FEE1FFA7
0032FFAF00E2FEA8
FF86011700430009
FECDFD26FEE300DD
FDFDFF59000900B5
FFDC000AFEA1FEE1
008F00000040FD69
FFA7FFCDFF95008A
0093FECDFF15FF6C
FF6F019D00320120
0092FE130093011A
FE8EFFB3FECDFECA
FFC7008800300027
01D5FFE4FF6F0083
FFFE01380005FE0C
FF90009D0015FF30
FF420086FEBAFF7A
FFB7FECBFF7FFFFF
FEF6FFAEFED8008D
002A0056FF24FF02
FF6DFFF50147FF24
004F0064FF6BFFAE
FFC1003AFF90FFDB
FF6CFF24015900CB
FF2EFFA0FFFFFF89
FF8CFF8200570082
FEFAFFADFFAF0096
FF0EFF4900D80026
001A0049006CFE9D
0032FFD5FF7200C7
FFE7FED20055003B
FEB201E2008BFF2F
FFD6FFC0000CFF9C
FF79FFF6001C015D
006CFE8AFF2CFFCA
FF9F00FDFF4CFEC3
FF4DFFBAFF050061
FFE5FF2FFFCFFF8B
00A7FF5FFF9EFF9F
004CFF4FFE70FF2B
00E00045FE8DFF70
FFC9FE46FF7AFFDD
FDDA0022FE72FFBC
FF90FEB9FE7E000C
FF620020FF5FFFB9
00DB0039FF710009
017501D20005FFCB
FFCBFF4C003CFE14
FE96FF68FFD8FFEC
FFCDFE81FF65FEDD
FEFEFFF8008A010B
0066FF83FFAAFEFB
FFBDFDD6FFCF0004
FFAA007500BB004C
FF3B006600750061
FFA0FF0C0099FF78
00AA0074FFE1FDEF
FFF7FFDAFFCCFF52
00C100D5FF810047
00350060010A0103
FF66005E0047FF00
FFCBFFC70001FD9A
0023004E00CCFD80
FDA900890072FFE1
004BFEFDFEA5FF7C
0052FFBE00CEFE42
FF7A00E2009D0029
FEF0FD07FED400EE
FDD7FF22003300D7
FFEA0003FE58FEB4
0054FFE9003DFD50
FF89FFF8FF3B00A2
0026FF1FFF2EFF4C
FF4E01C400560125
00A9FDE7008A00D6
FE12FFAFFEDAFEF6
FF9F005A00560045
01EEFFC3FFAB008D
FFF001700005FDF9
FFB600920022FEED
FF6B0079FED2FF80
FF8DFE8CFF7F0012
FEAFFFBDFEAC0023
002F0015FF3AFED1
FF3BFFFC0155FF23
004A0079FF76FFF3
FFF60065FF8EFFD5
FF5BFEFE017A00D7
FEDDFFBBFFCCFF7C
FFA7FFA500920087
FEC2FF87FF9500D4
FEC6FF1D00F40022
0027003E009AFE86
0012FFD7FF4600C7
000DFE4800550037
FEB401C800D6FF39
FFB9FF95FFF5FFB7
FF4BFFC2003C0191
004BFE6BFF40001B
FF4A00D8FF31FED4
FF3EFFBFFF1B004D
FFB0FF00FFE4FFB7
00CDFF89FF60FF8B
0025FF84FE80FF21
00CC0024FE93FF5B
FFC6FE5DFF53FFB5
FD8F0004FE9BFFD4
FF7AFE7CFE75FFF1
FF620015FF49FFED
010D001BFF76002E
01A501DBFFE00006
FFEEFF19002CFE09
FE80FF4FFFFFFFEA
FFC1FE67FF9CFEAD
FEE7FFFD00AE012F
0036FF60FFA2FF02
FFBEFDE2FFD0000E
FFC4008100EA008A
FF360057007C0045
FF92FEE20094FF75
009C0058FFD4FDEA
FFFDFF92FFC5FF53
00A700DFFF4C003C
005E004F0144014A
FF3E005A0047FEF4
FFA4FFD2FFDBFD8E
0049007500B8FD61
FD9E00BB009FFFD0
002BFF0CFE82FF71
006BFFCF00A9FE15
FF8C00BE00C0003D
FEF9FD23FECF00E5
FDC0FF0600480103
0000FFF1FE37FE9A
0024FFA60034FD4B
FF6A000DFF0900BE
FFFDFF61FF2FFF37
FF5B01B90070011F
00AFFDD500770091
FDE6FFBAFF01FF06
FF72003C00570037
01EEFFAFFFD40082
FFCE017D000BFDE6
FFC500810025FECF
FFA1007BFED9FF87
FF66FE6AFF79001D
FE95FFC2FEA1FFC2
0029FFC8FF87FEBD
FF20FFED0157FEF5
003A006BFF9E0010
000A007AFF8EFFE2
FF52FEE9018F00D0
FEB7FFBEFFB3FF71
FFA0FFBB008A009C
FEB7FF75FF9000F0
FE98FF220118001C
0032003800B4FE6F
FFFEFFDCFF2800B4
FFE7FE0A00420026
FEE101A200FEFF37
FFBFFF87FFCBFFE9
FF47FFA00057018E
002BFE55FF540041
FF0B00ACFF13FF05
FF2AFFC1FF3E0017
FF7EFEE4FFEFFFE5
00CCFFB1FF42FF96
0013FF7EFEA6FF23
00BB0006FEC1FF4F
FFD2FE69FF19FF85
FD61FFFDFEAEFFE1
FF5AFE4DFE4EFFE8
FF3C0013FF3BFFFC
01350001FF7F0046
01E501CBFFAF002C
000AFEC8000FFDE4
FE80FF24000FFFD1
FFD4FE5AFFA1FE7E
FEDAFFEC00BA0181
FFEAFF42FFA8FF27
FF9FFE05FFB4001A
FFD7009A012700CC
FF6F001D0092003B
FF5DFEAD008FFF8E
009F0054FFD1FDF2
0001FF41FFB7FF4B
007600F4FF0C0043
007C00250177018C
FF01005A0033FEDE
FF8AFFDEFFA8FD8C
007200BB009BFD4F
FDA100F800E2FFC8
0006FF24FE61FF70
008BFFE70073FDF6
FF74008800D30020
FEF5FD64FEE900D7
FDC1FEF800630112
0017FFF1FE2BFE86
0003FF8C0022FD66
FF460034FEBD00C3
FFA5FF82FF4AFF3D
FF6201A600A5012B
00B3FDEF006F002A
FD92FFABFF25FF41
FF6D001B006A0050
01BFFFA1FFFF0072
FFCA01830007FE10
FFD50077002CFEBD
FFC70079FF1BFF81
FF44FE55FF7C003A
FE6FFFCCFEA3FF49
000BFF88FFD8FEB1
FF0DFFED015AFEDC
002A006EFFD30056
0021008CFF95FFCA
FF66FEED018300C1
FEC2FFBAFFBBFF50
FFA0FFEA008300A0
FE8FFF61FF7400F5
FE7FFF18011DFFF9
003A001D00C6FE8D
0003FFFAFF1100B0
FFCBFDC4003AFFFD
FF2F016F0139FF67
FFC1FF78FF970021
FF65FF8A006B0175
0024FE46FF5B0074
FEBA0085FED5FF36
FF24FFACFF5AFFF0
FF5BFEDC00040001
00D0FFCBFF34FFCC
FFBBFFABFEB1FEFA
00CD0008FED1FF55
FFC9FE7AFEFFFF51
FD4B000CFED4000C
FF41FE30FE46FFC9
FF520013FF41FFF0
0131FFECFFA9006A
01F401ACFFAD0082
FFF8FEA80006FDD1
FE70FF0A002FFFD3
FFECFE29FF94FE56
FECE000800CB0169
FFE8FF1FFFCEFF29
FFA6FE0DFFCE004B
FFF0009F0159010C
FF5FFFF20079004F
FF5FFE81007CFF8B
00920042FFCAFDF3
FFF8FF1BFFBBFF87
005500F9FEDB0073
00C0002801AB01BD
FED9006E0023FEE2
FF73FFC0FF80FD7D
007B00CE0071FD4B
FDAD012400FCFFC0
FFF7FF12FE3EFF60
008D0008006BFDFD
FF77006C00E50014
FF1CFD97FEEB00DF
FDA6FED40084013B
0021FFF4FE21FE40
FFBFFF790023FD6C
FF30004BFE8D00C8
FF7AFFB2FF42FF49
FF7401AC00B60115
00D8FDEB0052FFF1
FD8AFF97FF42FF3A
FF48FFFE004E004C
01ADFF4AFFEA0048
FFAA01BEFFF4FDF2
FFF3006F001EFEA0
FFD0007BFF1BFFB4
FF1FFE31FF780049
FE64FFC1FE98FEF7
002FFF67FFF8FE97
FF00FFC80155FECA
00080048FFE00059
0010009BFFACFFE7
FF5CFEF5014E00B8
FE91FFC3FFC8FF49
FF6AFFEB00AF00A5
FE77FF52FF9000D4
FE57FF240127FFDF
0041FFFF00E1FE9D
000C000BFF0500B1
FFA7FDAAFFD5FFFA
FF4F0156015EFF5C
FFD8FF42FF550056
FF48FF8D00810141
000DFE42FF5000A1
FE830073FEB3FF35
FF0AFFCFFF87FFEA
FEFBFED2001B0029
00C8FFEAFF4CFFDA
FF53FFBFFEECFEDB
00A4FFC9FF2BFF7B
FFB3FEAEFEDDFF46
FD31FFDCFF1B003B
FF2CFE3DFE5BFFAF
FF60FFCFFF3E0018
0160FFDFFFB50077
02010185FF6E00B7
000BFE71FFDFFDC4
FE83FEEA0054FFB7
0010FE31FFBCFE44
FEC9FFE600EE01CC
FF98FEF2FFDBFF70
FFB0FE35FFCA0059
000F009A01760157
FFAFFFBD00AD002A
FF55FE67005FFF78
0084003DFFC8FE36
FFE1FED6FFA4FF96
002000DFFE6E008F
00CE004001BC01D3
FEA600730004FF0C
FF54FFB1FF4EFD97
00BE00ED0063FD4F
FDDF01400135FFC3
FFDDFF36FE29FF53
007F00170023FE05
FF75001A00D6FFF1
FF2DFDFDFF0900C6
FDCBFED900B00124
0024FFE9FE2AFE2F
FF80FF46FFF4FDB1
FF2A005DFE7400BF
FF23FFD7FF6CFF5B
FF93017400CA00F0
00DDFE020066FF6C
FD8AFF98FF59FF91
FF1CFFEC00450050
013DFF2F00270020
FFA101A7FFF7FE22
0019003EFFFEFE88
FFF00023FF70FFB9
FEDDFE28FF770057
FE47FFBCFEADFE58
000EFF110055FE87
FEE1FF940125FEBD
FFCE0009003B00A0
000E00B9FF98FFE4
FF4CFF16013100AC
FEB7FFA4FFD3FF32
FF5AFFFB009C00C5
FE5AFF7DFF8F00C2
FE3EFF3A014DFFC6
0025FFC100CCFEAF
0025004FFEC80072
FF61FD63FFB5FFEB
FF7101050178FF7F
FFF8FF13FF0F0094
FF1BFF5F00A30104
000AFE4AFF9100BC
FE40003DFE96FFA5
FF2DFFB9FFA3FFC5
FEBFFED60019006B
00B0001FFF53001C
FF76FFCCFF0EFED7
0098FFCFFF4EFF6A
FFCDFECBFEEAFF1F
FD4DFFFFFF480052
FF2DFE5FFE42FF61
FF62FFECFF570027
0133FFC9FFCD006B
01E90151FF7000E4
FFF6FE72FFBEFDC3
FE9DFEC80063FF9F
001FFE34FFA5FE2E
FECEFFF200F50194
FF82FEE6FFFCFF76
FFC4FE51FFBE007E
004900AB01790173
FFD8FF980086001A
FF36FE670015FF6D
008D0041FFAFFE36
FFE1FECFFFB3FFD7
FFFB010CFE740098
0104002801CD01D9
FE8F0082000BFF2A
FF48FFACFF24FDAC
00C500EE002CFD78
FE22015E0142FFCB
FFD6FF21FE19FF5E
00880014FFFEFE39
FF59FFFB009FFFEA
FF4CFE79FF3700AA
FDE5FEB700C50146
004E0018FE3DFE45
FF24FF3CFFF7FDD7
FEFD0061FE5C00A1
FF24FFEBFF8FFF64
FFB7014E00D300E4
00DAFE3C0056FF3D
FD96FF72FF7FFF95
FF55FFE50037002E
0118FF0A0003FFE3
FFAA01AEFFF3FE1E
002A001D0001FEA0
00100041FF7FFFF1
FEB6FDF5FF970042
FE49FFC0FED0FE2C
0020FEC8004CFE66
FF11FF71010AFEB2
FFB4003D004D0077
002100C3FFB3FFE3
FF40FF18010F0082
FEBCFF8FFFF1FF27
FF440033008600BA
FE91FF5EFFB000A6
FE34FF450105FFE6
000EFF8600CAFEB8
000C0037FECE006A
FF3AFD5BFF8BFFDA
FFA600C5018CFF7A
0009FF09FEC800CE
FF34FF6C00B200B5
FFE6FE53FF87010D
FE42002CFE6AFFAB
FF08FFCDFFE8FFC2
FE9CFEDA00780088
00AA0047FF620015
FF07FFD1FF44FEBB
0079FFC6FFA9FF9B
FF95FF1CFEB1FF18
FDAF0011FFB60074
FEEDFE9EFE52FF46
FFADFFC3FFA60030
0126FF9900060094
01950105FF7500F0
0010FE32FFC1FDCF
FECCFEBE006CFF92
004FFE77FFBDFE4C
FF0DFF9A00ED019E
FF58FE920010FFDD
FFCFFEEBFFD80054
007D003D01BC01A1
000BFF4F00CAFFE7
FF20FE75FFECFF5A
00890026FF83FE6E
FFDDFE75FFB2FFD7
FFB400F4FE5000BC
013B005D01EB01AE
FE88004FFFD6FF5E
FF33FF80FEF9FDF3
00AB00FAFFFFFDFA
FE63013A0162FFC4
FFD5FF3DFE70FF77
00740046FFCAFE88
FF17FFB6005CFFAC
FF77FF14FF950055
FE3FFEC800D0010D
00420042FE80FEA8
FEE1FF45FFEBFE38
FF17005AFE9400C1
FF1EFFD5FFC2FF56
FFD300FE00E600B7
00DFFE9B003EFEC6
FDE2FF4EFFA4FFC4
FF20FFF1001D0064
0084FEF30022FFD5
FFB101A7FFC3FE42
0061FFF30006FEEF
FFF6FFEEFFBF0034
FEB6FE24FF970036
FE9BFFC8FF21FDF3
002AFED2007CFE71
FF0DFF3200DCFEBA
FF690020006F0061
001900A3FF9E000B
FF24FF2A00C8002C
FF00FF660007FF26
FF460037004D00E7
FEA4FF67FFAB003E
FE50FF8100F6FFD8
FFECFF160069FEC7
00110070FEC2005F
FEFCFD86FF42FFB7
FFF40065018FFF90
0016FEE0FE5A0103
FF5EFF7600EE0049
001DFE59FF7C012B
FDF3FFE4FE5C0002
FF39FFBD0026FFA2
FE6DFF25004300DE
0060004EFFA7003E
FED9FFABFF7EFEC1
004AFFF5FFEDFFD5
FF7CFF54FE95FF2C
FDFB0030001A0094
FECBFEBAFE70FEF9
FFC8FFC7FFEA0015
00E2FF9A000F008F
012000B2FF7300FF
FFE6FE1FFFB5FDF7
FEF8FEA4007DFF69
00A3FEAEFFC3FE83
FF13FFC4010C0141
FF0FFEA8004B0002
FFFBFF240011004B
00D2FFF801BD018C
00A2FF3900FEFFFB
FF05FE94FFBAFF6A
00760043FF6AFE71
FFBAFEB2FFE10011
FF690108FE7500E8
016B008702240159
FEB70051FFD2FF95
FF42FF74FF10FE0F
00D200EAFFD9FE3C
FEAA015F0173FFE7
FFDDFF3FFE92FF94
00580037FFA5FEEB
FEC7FF940020FF58
FF50FFC9FFEB0068
FE7AFED601010110
005B0089FEB1FED1
FEC7FF3AFFF2FE67
FF06005BFEAA0097
FF3EFFA6FFF3FF63
000E00D800DF00A8
00E8FEF10042FE86
FE67FF4CFFB9FFAD
FF5C00470006006D
0031FED1003BFF9A
FFBB0162FF84FE81
0055FFB8FFEFFF3B
FFDAFFDAFFD4003B
FEC1FE6BFFA50022
FEB1FFCBFF55FDD9
0014FE8E0050FEA5
FF38FEF600BBFEDC
FF4E003800920029
0021009BFFAD0030
FF2BFF38007DFFE0
FF56FF640011FF1F
FF17005E001100DC
FED6FF5EFFBDFFE9
FE8DFFC700A30020
FFC0FEC00022FEE6
001C0084FECC0038
FEC9FDD2FF14FFC9
004FFFE8015CFF9E
0021FECFFE1F0131
FF69FF8E00EFFFF6
0007FE6DFF840161
FE1E0000FE4F0019
FF30FFD00033FFC4
FE5BFF3B00B9011E
FFF30089FFEE0039
FF52FF61FF91FEE6
FFFF0019FFFDFFD1
FF7DFF5EFE7AFF1F
FE58002C004A0046
FEB7FEBEFE3AFED3
FFB1FFD4000DFFCA
00BEFF8300130071
00CE0098FF7D00BB
FFF8FE4BFFCFFDF6
FEFFFEC3002DFF43
00A9FEFDFFE9FE81
FF61FFB800A500E1
FF09FEC50032FFF5
000BFFA50011FFFF
00FBFFAF01BC0157
00E2FF370121FFEE
FEF4FECAFFBAFFA9
00640084FF6FFE55
FFB8FED4FFDCFFF2
FF41010CFEE100A1
0185005802420137
FEF1003A001CFF97
FF3FFFBBFF4CFE30
00DE00FAFFC8FE8D
FEBF016B01820019
FFD4FF30FEFCFFC8
00700044FFA3FF06
FE75FFA3FFF2FF1D
FF02003F0039003F
FEC6FED700EF00E9
005200D3FEB5FF97
FEF1FF6EFFF9FE67
FEDA0050FED200BB
FF90FF6EFFFAFF46
000000B900F600E7
00C9FF0F0057FE89
FE9CFF2CFFE2FFC5
FFCA006CFFFB008E
0031FF0E004BFFBC
FFE20135FF86FEB9
0054FF9E0016FFC9
FFC20013FFC30005
FF10FE99FFB8FFC3
FEEBFFF1FF8CFE3D
0018FE5B0007FECC
FF86FEAB00B2FF0C
FF70008F007BFFD9
0061008AFFC80018
FF54FF20008CFF9F
FF7CFF6F0025FF0F
FF32006FFFF500B9
FF21FF6AFF93FFC6
FEDFFFE000360025
FFC2FE82FFE3FEEC
002A0070FF130052
FEA7FE4DFF3AFF7A
009CFFD00135FFD3
0010FEFBFE150146
0002FFBC00D6FFE2
0015FE71FF6A0175
FE69000CFE480012
FF26FFC3002FFFB6
FE98FF4100E50136
FFE3004E00130028
FF6EFF32FF9EFEF5
FFF50039FFCE000B
FF5DFF5FFE84FF60
FEAB0042006F0005
FEBCFEB6FE4BFEA7
FFA3FF990051FF67
00B6FFB8000D008C
004A00ADFF6D006F
FFC3FE7BFFF3FE2A
FEFBFED9003AFF37
00E9FF33FFEFFED2
FF7AFFB60077007C
FF2BFEFB001FFFCF
0012FF940042FFC4
0103FF5F01BA00FD
00FCFF7E01760013
FF04FEEBFFF3FFBC
008100ACFF7BFE4B
FF8BFF580007FFFA
FF2B010CFF5F0076
0180007102570100
FF6D001B0019FFC6
FF56FFBCFF95FE59
00CF00D9FFCBFED6
FEB5015C0177003A
FFE2FF16FF33FFF0
0035001BFFC0FF31
FE4AFFE5FFDCFF03
FEC9006000260034
FEE2FEEB00EF00C4
0015010BFEBDFFD4
FF75FFB60029FE2F
FEF70044FF2B00FA
FFE5FF17FFFCFF30
FFD400A000BC00E4
00B4FF1F0085FEBF
FEECFF1CFFB9FF77
003100C2000D0089
0036FF390059FFF7
FFFE00F9FF75FE9A
004EFF7B001E0039
FF870029FF8EFFDA
FF42FED0FFC6FF8F
FEF3FFF7FFAFFEC7
001EFE7DFFA1FF06
FF97FE6E00BDFF42
FF8E00A00060FF4C
008F0097FFD60006
FF77FF350098FF87
FF9BFF980018FF39
FF3C0058FFD400B5
FF6FFF53FFA1FFD6
FF55FFEA00080054
FFC2FE89FF89FEDE
002F006DFF330053
FE9CFECFFF59FF77
00C3FFEC00FAFFD4
0017FF46FE470105
001A000C00D0FFD6
0033FE74FF560148
FEBB0046FE89FFF6
FF0AFFE20011FFE1
FEECFF6F01070151
FFD0004400330013
FFB0FED8FFA6FF21
FFEB0086FFC00005
FF59FF51FEA6FF80
FEEE004C0056FFC6
FEDFFED1FE46FE80
FF8AFF930093FF39
0052FFF5001D0073
FFF100BBFFA5003C
FFD0FEFF0028FE5D
FF09FF210018FF36
00CFFF7CFFDCFF12
FF89001100200026
FF53FF1E002FFFC4
0028FF94003CFF8E
0103FF210171007F
011DFFC201900054
FF26FEF80046FFD6
006A00C7FFA3FE20
FFB2FFAFFFF2FFDC
FF5100EAFFDA005C
014600B0025E009A
FF9E0015005FFFC1
FF6600060011FE4D
009B00B2FFF7FEFF
FE9901500152004D
FFEFFEF4FF600025
00490009FFD8FF1A
FE440028FFC6FECD
FEB1003F004D003E
FEDEFF2200A600BA
0000011AFEE4FFF9
FFB8FFD6004CFDFD
FF16002AFFAA0122
0060FED1FFB3FF2C
FFCE00C000990112
007CFF260085FF16
FF53FF3EFF9AFF2C
006F00F3001D00A4
0091FF6900410010
001800C3FF6DFEB0
003AFF8C00330087
FF6B003AFF58FF82
FFA1FF41FFC4FF8C
FF110032FF96FF5D
0026FE9FFF64FF4B
000BFE6000DAFF7E
FFC500B9003AFEFA
00B1007AFFF50017
FF97FF2B009AFF6F
FFD2FFA20034FF5E
FF500048FFD10085
FF94FF83FF85FFAE
FFA1FFC0FFC20046
FFDAFE9CFF48FEE7
00240044FF64008A
FEE3FF45FF9AFF7D
00B7000D0082FFF4
0023FF6EFE8700C9
006300300083FFD9
0064FE89FF5400F2
FF59008DFED7FFC2
FF0BFFEFFFCE0007
FF4BFF6801430123
FFC2FFFE00650040
FFF3FEC6FF78FF32
FFCA004EFF820020
FF57FF3BFEAEFFA5
FF28004B0042FF65
FEF8FEEFFE6CFEBA
FF8DFF8200A2FF21
0055001900170068
FF9200CCFFBCFFE0
FFBEFF300039FE63
FF08FF4F0001FF26
00D2FFCB0010FF4A
FFB0FFF4FFE9FFE5
FF53FF4A0003FFB0
000DFFA6005EFF5C
00DEFF0C012F001B
00EFFFCE01B30098
FF2DFF20004B0009
008200DEFFA4FE23
FF9EFFE6FFDBFF9B
FF94009E001D001F
0117008702370037
FFE8FFF20063FFAD
FF6F0013005DFE66
00840085002EFF17
FE9400F0012B004E
0000FF11FFB70034
0030FFE8FFF6FF1F
FE7E006AFFC8FED5
FEB4000E002C003D
FEDEFF52006A005F
FFA40134FEF10061
0004FFF8005EFDE2
FF21001900020154
0098FED1FFB8FF0F
FFCA00BE006F00F5
001EFF0B00B4FF78
FF68FF4AFF62FF1E
009C0100001200CE
0072FFA7002A004B
002B0076FF83FEA8
0019FF5B004600E0
FF400047FF39FF99
FFDDFF63FFA0FF51
FF4F002CFFA6FFDA
0026FF0EFF46FF66
FFFAFE7F00CEFF84
FFEC00B70000FEE6
00CD004D00070022
FFBBFF2C00ACFF7C
FFD9FFDB001CFF68
FFAD0036FFBD005B
FFAEFF8AFF6DFFAD
FFFFFFCDFFCF005A
0007FEB8FF34FECC
001C0041FF6800A1
FEFAFFC1FFD4FF5C
009A00390051FFD3
001BFF7FFEC10084
0080006A004BFFF8
009DFEA9FF4B0095
FFCF00ABFF43FFC1
FF11FFE1FFA2000F
FFB8FF8601120111
FFC8FFC400340021
002DFECCFF80FF3F
FFC2005CFF6D001B
FF69FF20FEEBFFCF
FF6000520018FF4E
FF2EFF40FE6FFEAD
FF93FF6300B0FF27
001E004A0035006D
FF5A00DAFFC8FFC1
FF9FFF8F0053FE6B
FF1BFF78FFFCFF42
00BE000AFFE3FF6E
FFD60000FFC3FF8D
FF95FF620003FF93
0001FFA50044FF59
00E9FF1400E9FFC0
00C1FFF101B000A8
FF5EFF33005E0015
007900DAFFB4FE23
FFC8001DFFAEFF93
FFA7006C00610002
00F6008B02080000
0012FFCF007AFFC7
FF8F0044006FFE5F
005D005C0037FF12
FEA400AE00FD0040
0012FEFAFFD7003C
001BFFCE0012FF37
FEA00093FF94FEEA
FEC4FFF100180039
FEECFF6100310056
FF9A013EFF1A0095
001500190057FE07
FF3FFFEC006F013A
00C4FEAEFF8FFF20
FFDB009E004F00C1
0007FF1300B0FFD8
FF98FF5EFF51FF08
00C101080003008F
0078FFC0000C003A
0024004EFF93FE97
0024FF7B005D00EA
FF320041FF23FF97
0004FF9CFFC1FF46
FF800048FFA40037
0029FF39FF1EFF8C
002AFE8A00B8FF7F
000A00BDFFC9FEA4
00D10042FFFE002F
FFD6FF3C00B5FF80
000FFFD70026FF97
FFB00025FFAA004D
FFD6FF86FF89FFA9
002CFFDAFFD0005F
0001FEE1FF0DFEB4
0013002CFF7100A1
FF21FFFDFFF9FF74
0065004B002AFF9F
001EFF8FFF05005E
007D0091002CFFEB
0094FED1FF58004D
003400DFFF7FFF8E
FF1EFFD0FF8A001C
FFE9FF98011600F0
FFCFFF9600360013
0058FEBDFF3DFF30
FFC40067FF23002B
FF6DFEF4FF17FFFC
FF4D00570001FF46
FF51FF4BFE7EFEAC
FF78FF5700A6FF15
0003009200210079
FF5800F80002FF9A
FF6DFFD60051FE62
FF1AFFA00013FF3D
00C1000EFFDCFF86
FFCC0019FFE2FF9D
FFB4FF6FFFFCFF6B
FFEEFF2A0043FF59
00BAFF1F00D6FF6A
0082000E01C400D0
FF95FF4B00950000
009600DAFFB0FE13
FFA40041FFA6FF82
FFEE003F0093FFFA
00BD008101E1FFF0
0033FFD9008DFFA1
FF8B004A00AAFE3E
00460032005AFEEB
FE70008B00D10043
0029FED6FFB70022
0014FF8D0032FF1E
FEDD00CDFFBEFF18
FED5FF93FFF2004C
FEE4FF520003003C
FF560127FF29007E
003800240092FDD4
FF6DFFD2008E0149
00DDFE8AFF6CFEF3
FFC200D0001D00C5
FFE6FEB800B50034
FFA8FF5EFF05FECC
00DA010700280081
00B4FFE6FFF9004B
0025005BFF96FE4F
000FFF8D005900FE
FF240050FEE2FF81
0017FFA1FFADFF48
FF8A0046FF6D009B
001FFF8BFEE0FF9A
0025FE8A00BBFF7D
002900B1FFA8FE6B
00C40034FFEE0042
FFE8FF3E00E3FF99
FFEAFFE30016FFC6
FFBBFFF0FFB10048
FFD7FF9AFF7DFFEA
0053FFB6FFCE005C
0006FF2DFF15FE74
00070014FF7300A1
FF520017000EFF9C
00190091FFFAFF7E
0029FFBDFF59002B
005100B500030035
00C8FEDFFF47FFF1
006B0106FFD2FF65
FF2FFFD9FF5F002F
000FFF8B011400BC
FFEAFF6C0027001D
0064FED8FF49FF3F
FFC2004DFF1D0022
FF7AFEEAFF440009
FF6D0064FFE7FF43
FF88FF89FEB9FED3
FFA0FF4900AEFF11
FFDB00AD002B0064
FF3600ED000FFF8A
FF5800130064FE84
FF1EFFCE000CFF5B
00A7003FFFDAFFB8
FFED001BFFC5FF5A
FFE0FF74FFF8FF5B
FFE9FF0E0039FF64
00A9FF22009CFF3B
003F001A01A700F0
FFAFFF610097FFFB
009800D6FFBAFE36
FFAB006EFF95FF78
0010FFFD00B6FFEE
008D00A501A5FFB8
004BFFE50076FFAF
FFAC005C00A0FE54
001EFFF50078FEF7
FE8D003600AB0036
003CFEEEFFE6000B
0021FF770057FF43
FF1500F0FFA4FF2B
FF09FF6EFFDE004D
FEDFFF70FFD1001F
FF410116FF530097
004000260086FDEE
FF88FFCE00C90130
00EFFE91FF50FF0C
FFE900C2FFFE0076
FFD6FEC800BE0085
FFCFFF76FEFDFED7
00DD010E000E006C
00BA0001FFE30043
000C002CFFA1FE46
0016FFA0004C00ED
FF110042FEDEFFA5
0026FFAAFFA9FF49
FFBB0052FF6A00D8
001CFFC1FEF6FFAD
0011FEAD009BFF5E
00340090FF96FE66
00AF0022FFF10051
FFFAFF5E00ECFFAB
0006FFE60023FFF8
FFC2FFDEFF9E002E
FFE2FFA2FFB0FFBA
0059FFE1FFE7006A
0011FF41FF02FE7E
0002000AFF71009C
FF700049000EFFB0
FFEA00A0FFE6FF4F
0029FFB6FF81000F
002E00C2FFF0001C
00CAFEF6FF4EFF99
00C70113000EFF52
FF4FFFCAFF580036
0022FFA500E0008A
FFDDFF63003D000A
0082FED6FF2AFF3F
FFD10053FEED0024
FF78FEB9FF6A0024
FF6C004BFFADFF2A
FFAAFF70FE9EFED8
FF98FF5500B1FF04
FFD900BD00080046
FF630121001AFF79
FF64002B0072FE4F
FF0AFFE4FFF4FF71
008A0038FFC4FFA0
FFF10006FF94FF70
000CFF7AFFDEFF2D
FFDDFEDD0023FF61
007CFF3A008DFF16
00110014018500FB
FFBEFF6C00B8FFFF
00B100EDFFB7FE0A
FF95006FFF8BFF61
004EFFE300CDFFD5
007C0097018DFFF4
0044FFEC006BFF91
FFB1007900B0FE3A
000AFFF5009FFEB6
FE59002200880048
0042FED7FFCB0010
002AFF5B0068FF30
FF1500FCFF9FFF3A
FF01FF16FFB0004D
FEC7FF6DFFCA0022
FF340104FF4800A5
0053002D0076FDD6
FF8DFFC900BC0122
0107FE7CFF1BFEFB
FFD200E7FFF60090
FFC1FE8B00D200C5
FFB4FF78FEF3FED1
00DD00FF0009005E
00ED0013FFCF005F
00100040FFB8FE0E
0005FFBE005E00CB
FF130057FECCFFA4
0028FF9AFFB4FF39
FFB30047FF5D00E8
0013FFE0FEF1FF93
001BFEBB00AFFF52
00570098FF95FE69
00A10011FFE90030
FFFAFF41010AFFC5
FFFAFFD5002EFFFD
FFCDFFC7FFAC0046
FFE1FFC3FFB0FFDA
0060FFCE00090050
001DFF58FF0BFE78
00120001FF760098
FF8F0033002DFFB3
FFB500DA0000FF3E
002EFFD1FFAB0003
003900B6FFDB0055
00D0FEEDFF47FF74
00CF012B0012FF57
FF43FFBDFF4A002C
0032FF8C00BB0080
FFF7FF52002F0012
0099FEDFFF17FF50
FFE00041FEDD0008
FF92FEB6FFA60039
FF71003EFF84FF29
FFD9FFA5FEBEFF1C
FFBFFF4800A2FF19
FFD800B6000F003A
FF6901150038FF66
FF570057006DFE4D
FF1BFFFCFFCBFF93
00620058FFBDFFC1
FFF6FFE5FF7CFF53
004AFF80FFC9FF20
FFD1FECF0018FF60
005DFF53005CFEF2
FFCC0031015F00E0
FFCDFF6A00B0FFFC
00B100E4FFC3FE17
FFAB0077FF88FF51
006FFFC200E0FFBF
003E009F013AFFD4
0043FFEC005AFF85
FFCE008400A5FE2E
FFE3FFB400BFFEA7
FE61FFD700480048
0048FEF9FFF7FFE5
001FFF4D0097FF4F
FF51011FFF6EFF5A
FF31FEE3FF8A004C
FEC7FF76FFA8FFFA
FF2E00E4FF5A00A0
005E0024005FFDF4
FF9CFFA200D90105
012BFE7BFF10FF01
FFF400FEFFD0005C
FFB2FE8A00CF00FA
FFB1FF78FEDBFED7
00C500E900150043
00FF0027FFBF0073
00120035FFCDFE03
FFFAFFE70051008D
FF150052FEC3FFAC
002AFF8DFFC2FF3C
FFDB0044FF5B0109
000A0020FEEDFF8D
0006FEFD00AFFF3D
00570083FF7EFE79
00760001FFE80049
FFEDFF590118FFEC
0008FFD5003FFFF8
FFDBFFACFFA5005F
FFDCFFE0FFCEFFE5
003EFFEC00340053
000EFF89FF19FE70
00030002FF77008D
FFB700330034FFD8
FF700105FFF9FF1B
001AFFC9FFECFFE3
004400AFFFDD006F
00CFFEF4FF54FF1E
0116012B002BFF4D
FF6AFFA7FF320020
005DFF9A007D0052
000EFF28004AFFF9
00B6FF07FF0FFF54
FFFF0034FEDFFFFB
FFBDFEB8FFDB0037
FF900028FF44FF26
001FFFADFECFFF5F
FFD5FF670092FF43
FFD900B1FFFA0013
FF9701130047FF63
FF5C005C0069FE5F
FF30001DFF9EFFA3
0031005AFFC0FFD9
FFEFFFC5FF78FF56
0062FF92FFB6FF24
FFD9FEAE0007FF6A
0030FF74002AFEE2
FF980040011E00C8
FFD0FF7B00B20014
00CF00D0FFCAFE27
FFC80060FF9AFF38
00ABFFAE00E8FFC0
000B009600F0FFD8
00440013005AFF73
FFE0008B0095FE33
FFDEFF7C00EEFE92
FE5CFFAE00180051
004AFF28FFFEFFDC
0017FF4C00B2FF57
FF750134FF6CFF89
FF54FEAAFF60004E
FECFFF79FFB1FFFA
FF5100CAFF74009D
0068000B0043FE0C
FFACFF9500C400A7
0139FE95FF1EFF27
00040101FFCE003D
FFACFE9E00CB0142
FF8DFF93FEE0FEF9
009E00E400030033
00FB0031FFC4006E
00090035FFE0FE14
FFEAFFFE00320037
FF23003DFEDDFFCA
0024FF90FFDDFF5B
0001005DFF5A00FE
FFFD0044FF06FF9B
FFDFFF5200AAFF39
00610088FF8EFEB2
004FFFEAFFE00027
FFD9FF5D01270011
000FFFC8003EFFF8
FFF3FFA2FFBA0056
FFDBFFF0FFF0FFF8
000CFFF800610043
0006FFA7FF40FE94
FFEDFFEBFF7C0086
FFF90021004FFFFC
FF2F010D0016FF05
001EFFD20023FFCE
001C0092FFD90090
00C0FEE2FF50FEFB
013201290027FF64
FF7BFF9AFF420012
0063FF9F00510010
0012FF3E0037FFD2
00E5FF1EFEF3FF5E
0014002DFECBFFD9
FFD5FEB2FFEE0022
FF810029FF2FFF2D
003CFF93FEE7FF88
FFECFF6D0081FF68
FFF800A00005001C
FFBB010F004AFF5A
FF54003C006EFE6B
FF34001CFF91FFB0
0012004FFFBEFFE4
FFDFFFAEFF73FF5C
007CFF7CFFA7FF14
FFDCFE96FFF8FF59
000DFF820023FEEE
FF65004B011800AC
FFC5FF7100C0000C
00D600D2FFDCFE3B
FFD7004BFFACFF45
00D4FFA600D0FFB7
FFF3008C00C1FFD7
004E001E005DFF7C
FFF400760077FE2C
FFC1FF5A00F2FE87
FE62FFAA0007004E
0054FF48000DFFC6
0029FF5400C8FF5D
FF890131FF79FFA2
FF63FE81FF400061
FED3FF7FFFA20003
FF5800B8FF6A009B
0069FFFD0047FE04
FFB8FF8B00B50080
013CFEA1FF26FF2A
000E0118FFD40029
FFCBFEC000AB0165
FF81FF8CFED3FF04
008300EE00140024
01160048FFC5007D
FFF30040FFD1FE07
FFF400140030FFF9
FF2B0044FED6FFD1
000EFF6DFFD3FF69
0003006BFF4E0108
0007006BFF17FFA8
FFC9FF7900BDFF38
004B008DFF74FEE1
0055FFF7FFD10034
FFB8FF6E01450026
FFE8FFDA0020FFF7
FFF9FF9CFFBA005B
FFCCFFD2000F0006
FFDA0011007D0051
0018FFD0FF5CFEA0
FFC9FFDFFF7D0087
002AFFF3004C0010
FF10011F0055FEED
0014FFC1003CFFB9
FFFE0089FFE200B0
00ACFEE4FF3DFEF3
013401210024FF59
FF8AFF8FFF52000D
0058FF970015FFEE
0021FF440029FF9C
00CFFF3AFEB6FF50
003C0026FEA1FFB9
FFDFFE8DFFEF0030
FF3E002DFF15FF3F
001FFF65FF0EFFBF
FFF9FF980031FF8F
00190089FFD2000E
000401320057FF56
FF4EFFF50060FE5C
FF08FFF5FFB6FFCE
FFF6000BFFC6FFEE
FF88FFB6FFE3FF9D
0071FF78FFACFEFB
FFCFFE720024FF6C
FFE3FF930034FEF3
FF5100760102006F
FFD9FF5E00AF000A
00D90099FFE7FE0C
FFEA0030FFB8FF40
00F5FFD100ABFFE2
FFE4008900C1FFF5
001D001A0050FF47
FFEF005C0064FDEC
FFDBFF5B00F5FE4C
FE26FFC5FFE10047
0058FF49FFD2FFBD
002BFF5B010BFF2A
FF910130FFBEFFCE
FF6AFE26FF2D00AE
FE95FF7CFFB60007
FF65008CFF2C0049
006AFFF70061FDE2
FFB1FF71008F0064
012AFEA5FF14FF06
00100176FFDB005A
0017FE8D0080016F
FF46FFB0FEAFFF0B
005200FB0027001C
0148004BFFD10082
FFF000A0FFC3FE0E
FFEA00400039FF93
FF340045FED3FFC8
000DFF63FFC6FFA7
FFD60052FF2E0100
FFFB0084FF19FFAE
FF95FFC200E7FF44
00510094FF42FF04
0040FFDCFFB90045
FF84FF63015E0040
FFB8FFE8000FFFF6
FFF2FF82FFDA0057
FF89FFB8FFDC0033
FF81000B00920067
00080000FFA5FE74
FF96FFC1FF62008E
004DFF960066003E
FEE10149006AFED3
FFEAFFB00069FFB1
FFA90055FFFE0113
0087FEAEFF2DFF12
00F101270002FF3C
FF8BFF91FF490007
0044FF750024FFCA
003FFF540019FF5C
00C3FF48FE86FF3B
006A005DFEB6FF89
FFFEFE6FFFBF0005
FECF0016FEDDFF4C
0004FF1CFED9FFC5
FFC9FFC8FFE6FFBC
0052006DFFBC0045
007B016B004BFF5F
FF9AFFA80066FE3F
FED2FFDCFFDFFFCD
FFCFFF8AFFD6FFBF
FF31FFBD001A001C
0066FF68FFBFFF11
FFB6FE3A0024FF62
FFB1FFD10085FF56
FF38008801080051
FFC7FF2A00CEFFE2
00F0008AFFF6FDE4
0020FFD0FFB9FF18
010B000A004D0013
FFDC009500F70028
FFD800330082FF29
FFD000380063FDA5
FFD6FF8000F0FE12
FDE7FFFE00010027
0052FF2FFF69FFAD
0040FFA30110FEC4
FF9901150004FFF4
FF79FDCAFF1F00AD
FE62FF60FFD20043
FF9F0067FEFDFFCE
0045000E0076FD81
FF8FFF7E0067004F
00DDFEDDFF18FEFF
FFE301BE002C0091
0040FE6000380158
FED0FFA8FEA4FF02
FFF000F0004F0059
0197000AFFF40082
FFFA010BFF94FE0C
FFE700430056FF39
FF480049FEC9FFAF
FFE1FF3CFFB3FFDD
FF8E0062FEE100CF
00140081FF2DFF96
FF69FFCE0121FF60
0032009CFF36FF5E
00400009FFA5003B
FF68FF28018E005F
FF69FFFFFFE5FFE1
FFEEFF7E002F006D
FF37FF7AFFBB0071
FF38FFB50095004B
00040028FFE6FE57
FF80FFC5FF6B00A8
0090FF1500790055
FECE017200A8FEF1
FFF0FF8A004CFFA4
FF94FFFE00060140
006FFE7EFF14FF5F
008A0122FFC5FF31
FF82FFA5FF52000D
FFF3FF2F0022FFA0
0067FF6EFFD0FF56
0098FF68FE91FF16
0082005BFEC2FF6C
0006FE65FFD2FFD1
FE60000CFED2FF5D
FFEAFED4FEE3FFE0
FFA7FFEEFFA4FFC0
005D0043FFAC0050
00CE01650034FF98
FF92FF67004EFE4F
FEB5FFCBFFEDFFD9
FFCAFF21FFBDFF8E
FEF0FFC7002D0069
0043FF7BFFCFFF25
FFCBFE21FFF8FF8E
FF9E000E00A1FFCE
FF26006100E50059
FFB6FF0600DFFFCC
00E2009BFFF2FDF8
0016FFBCFFCFFF31
011C00390014004A
FFCF007D00F20069
FFBA00590088FF23
FFC30031004EFD9C
0008FFBA00E3FE06
FDD6004600240029
0038FF34FF25FF98
0032FFA10111FE9D
FFB0010D007BFFE2
FF6CFDACFF1000D6
FE45FF3800040085
FFB70039FEB2FF3E
0046FFFB0062FD85
FF82FFA50004003F
0081FF16FF15FF1C
FFB201E0005E00BC
0086FE460039012E
FE82FFA6FEACFF1B
FFC700D800880053
01A8FFDFFFED0079
FFF6013CFFB6FE29
FFFB00620051FEFE
FF6E0059FEE0FF90
FFB7FF09FFA80009
FF4E004BFEB10071
001F006FFF50FF68
FF51FFCD0130FF6E
0029008FFF41FFA5
00220029FFAD0026
FF6BFF2801850083
FF18000AFFD4FFD4
FFCEFF7C005D0042
FF0AFF79FF980092
FEFDFF8400B40045
002A00550036FEAA
FF81FFBCFF7000AD
008EFEA900560058
FED4018000E4FF17
FFDDFF81003EFFB4
FF51FFCA000F016B
005BFE60FF05FFBC
00210113FF93FF16
FF8EFFA3FF5D0003
FFB2FF150012FFA7
0086FF9CFF97FF57
005FFF7AFEB2FF14
00820079FEF3FF48
0002FE87FFA8FF8F
FE0C0024FED5FFA7
FFBEFEC5FED0FFD0
FF7D003FFF6BFFDA
00430009FFAF0089
012001760024FFD6
FFDBFF3F0049FE48
FEA7FFA00010FFDF
FFBAFEB1FFCAFF52
FEB6FFF7005600DF
001BFF4FFFEBFF4F
FFBDFE16FFE2FFA6
FFA4005000F50041
FF46004A00C3005C
FF9DFEC500E5FFA9
00C50078FFDCFDD8
003EFF61FFC5FF38
00F20063FFB8007B
FFFE007001340096
FF5D00750089FF17
FFB2001C003CFD9F
0017FFFC00AFFDF8
FDE900B20054FFFA
001BFF19FEC5FF7C
0082FFFB00D1FE63
FFC200C1009FFFF5
FF8EFDA6FF2B00B7
FE29FF21002700A8
0005FFF6FEC2FEC5
FFF2FFF60076FD7B
FF52FFCBFFD10058
0021FF68FF1AFF26
FFAA01FD00BE00C7
0087FE39FFF000AE
FE30FFA9FED4FF2E
FF77009A00880062
01D5FF91FFF80037
FFF80177FF7AFE4B
FFF8004D0050FED0
FF97006CFF00FF9C
FF9AFEF1FF91005F
FF270032FE9B0006
00260043FFA3FF42
FF45FFCA0136FF70
0007007BFF69FFF2
00130050FFB10029
FF8CFF02015B0089
FEEA001CFFD2FFCA
FFB9FF990073004F
FEC4FF47FF890096
FEE9FF640097003B
0017006B007EFEB8
FFACFFDDFF7600B1
005FFE440034005B
FF15016300F1FF6B
FFDEFF4FFFF9FFD4
FF6EFF7000050159
0031FE54FF060015
FFB200F5FF66FF38
FF8FFFC9FF72FFF7
FF6CFEDA001AFFA6
007AFFC4FF67FF75
0019FF87FED2FF01
0073008FFF2AFF4A
FFE4FE98FF88FF57
FDD00003FEFCFFCF
FFACFEB5FECCFFC7
FF5C0023FF6BFFD8
0046FFFEFFA800AF
013B0169FFF9000B
FFE6FF11005AFE4F
FEAFFF800056FFD3
FFD6FE7FFFB5FF22
FE90FFE9007B0129
FFEFFF31000BFF86
FFD6FDCDFFC0FFB8
FFAD006C01140085
FF4D003300BF0053
FFA0FEBD00FAFF77
00B80076FFCAFE03
0013FF3FFFE9FF58
00F8006FFF7600B2
FFF10090015000B7
FF5300970068FF37
FF8CFFF70027FDA2
0032000A008EFE0C
FDF100EA0079FFF4
0030FF30FEB3FF55
008D001B0098FE5B
FFC2009000D9FFD9
FFA5FDB7FF4A00B9
FE33FF06006100BF
FFF6FFEEFEA7FE7F
FFCAFFE0006AFD88
FF48FFFAFFAB0056
FFCAFF83FF38FF41
FFA6020800D400BD
00A6FE2AFFFB006E
FE27FF96FED5FF47
FF65009A00AC0071
01D1FF520014000D
00000185FF82FE37
001A002C003AFED6
FFA3005AFF2FFFA8
FF73FEC0FF690051
FF0A0031FE88FFAC
0025002BFFCEFF1D
FF41FF9F0145FF7E
FFE10044FFB2001F
0001006CFFA6003A
FF8EFF02015A0093
FEC6001CFFA2FFD3
FFB2FF90006D004D
FE94FF5AFFA800C0
FEB7FF43009C0040
002000710068FEC0
FFAD0002FF580098
0042FE1000010045
FF36013A00FDFF96
FFF1FF28FFBDFFE5
FF21FF46001C0129
0047FE53FF07004F
FF5B00E6FF52FF5C
FF97FFDFFFA2FFE8
FF35FEE1001EFFD5
0063FFF8FF5BFF85
FFC9FF61FF20FEF9
006200B7FF83FF5D
FFC3FEA4FF73FF10
FDA4FFDCFF250004
FF87FE96FEB2FFA3
FF3B0036FF66FFB7
002EFFF8FF9400AC
01370149FFDF0050
FFDDFF0F0040FE4B
FEE9FF5D0042FFB9
000EFE44FF7DFF0A
FE91000400700166
FFDDFF3B004EFFA4
0001FDD6FF99FFD7
FFD2009C012600DD
FFAFFFF700BE0080
FF85FEBC0106FF70
009A0098FFA8FE14
FFF9FF5C0006FF79
00C1008AFF3F00E8
000F00B4017000CE
FF3100B50055FF4E
FF800004000FFDB2
005700400051FE11
FDFB011F00C4FFEA
0027FF10FE79FF5D
006D0043006AFE71
FFD1006D00CEFF95
FF8DFE0FFF4E00A3
FE3DFEFD009800DC
0007FFDBFEAEFE15
FFC9FFBC0062FD8C
FF2A001EFF5D0059
FF8CFF89FF53FF84
FF9801F000F200D9
00AEFE34000DFFE6
FE2FFF85FEE4FF57
FF5C009700C40094
01A9FF080014FFE5
000F0173FF4FFE63
0011001C0014FED3
FFAC006AFF7EFF92
FF64FEBBFF6A0064
FEC0FFFFFE66FF46
00110013FFE4FEF1
FF26FF60013FFF85
FFBF000F001C0062
FFF00078FFB4001C
FFC9FF0A0109009A
FECD0008FFC1FFA2
FF6DFFA1008B005A
FE70FF61FFAE0089
FEB7FF3600860035
003E003B007AFF2A
0002002CFF65008B
FFFDFDEFFFA50032
FF7D011D00E7FFF2
0011FF29FF830016
FF30FF28001100D0
0069FE59FF040087
FF1000D8FF08FF64
FF95000BFFA60009
FEE4FEEF00450006
0050001BFF72FFC5
FF6CFF71FF4BFEE5
005800C2FFDCFF67
FF8EFEC1FF70FED3
FD7D0004FF6D003A
FF53FEC0FECEFF4C
FF420039FF83FFBE
0012FFE7FFA000DB
01260104FFDD009A
FFCCFEF60018FE52
FF1CFF450073FF9D
0028FE52FF84FEFF
FE7000170081018C
FF82FF020099FFDF
001EFDFAFFA2FFF0
0008008B012C011C
0006FFB200BF0070
FF81FE9E00DBFF4D
007D0081FF85FE17
FFF8FF590017FFBC
00A30081FF1E0128
003500D301AC00C8
FF1400B9004EFF52
FF690004FFFEFDBC
0074005E0025FE39
FE1D015200FCFFE9
0026FF1DFE51FF4C
007D0068001DFE81
FFC4004A00BDFF46
FF7CFE70FF9700BA
FE47FF0200C000F1
0017FFDAFEADFDCC
FF73FFA3005DFDBC
FF200036FF69007B
FF69FFA6FF51FF81
FFD20202010100CB
00BCFE500007FF77
FE64FF86FF07FF59
FF3A006E00D5009D
016BFED4000AFFAD
FFF7016FFF30FE87
000A0012FFFFFEDE
FFC0005BFF9DFF9F
FF5AFEBBFF45007F
FEB0000BFE7DFEE8
001CFFCC0011FEDA
FF40FF410106FF95
FF98FFEE0053005C
FFE3007CFFBE0054
FFAEFF1300D50070
FED8FFDEFFDDFFA6
FF27FFAA005B005D
FE5CFF79FFB2005A
FEB0FF52005E0051
00330000006FFF3A
0016003EFF39006B
FFAAFDC5FF4A002E
FFC900DD00C6000D
0028FF06FF20004E
FF16FF12003D00B7
007CFE60FF1500CC
FEEE00C9FED0FF92
FFA60024FFC30005
FEA9FEF400860036
00140055FF8FFFF1
FF07FF62FF9DFEA2
003600F5001FFF77
FF6FFF08FF1FFE9D
FD570020FFC70092
FF39FE8AFEC8FF03
FF32002FFFD7FFAD
0009FFFBFFBC011C
00F600D7FFAF00FF
FFB7FECCFFFBFE6F
FF53FF2800A3FF70
007FFE3AFF53FECD
FE6F004F00C20184
FF69FEC500F30012
007BFDD4FF88FFE5
0041006301850155
007EFF9A00EB0081
FF71FEBD00EFFF3F
009B0098FF69FE47
FFCAFF4000510014
006300B0FEEF0193
006C0140020600D9
FF3600F0003FFFA6
FF55FFF9FFD7FDAD
00990061FFD4FE59
FE500190014DFFEE
001EFF29FE2BFF58
00490062FFEEFED2
FF90001400A2FEF5
FF7EFF07FFCA00A0
FE6BFEC5012C013D
0013FFF8FEBCFDA6
FF22FF770051FDBB
FF340049FF400078
FF58FF88FF98FFA0
FFF101BA010D0091
010CFEA60036FF1D
FE9BFF60FF2DFF49
FF3700B200D900B1
0119FE900039FF6C
FFE4016FFEFFFE56
001BFFDAFFAEFEED
FFC9004AFFEFFFBA
FF2EFEB0FF440075
FEBDFFF7FE8FFE79
0029FF76FFF9FEB0
FF5AFEDF0107FF9B
FF55FFF400C10059
FFD00088FFAA0082
FFB2FF1100B20023
FEECFFB0FFBDFFBE
FEC3FFD800380072
FE52FF73FFDC002F
FE88FFA9004A0073
003AFFB10037FF59
00220051FF06007C
FF57FDB9FEC60043
002B006F00F3002B
005CFF04FEA6008A
FEECFF1E00690035
0093FE51FEEF0133
FE86009DFE97FFD2
FF9D0050000D001B
FE40FF2600BD0080
FFC700A7FFD10045
FEBCFF3AFFDEFEC0
003500F90065FFBA
FF2EFF34FF3EFEA3
FDA6002F0024009A
FF12FED8FEFCFEE1
FF5400260028FF8D
FFD9000BFFBD0115
00740085FFDC010A
FFA0FF05FFE5FEB3
FFAEFF25009EFF4C
00B3FE8AFF19FF1A
FE8D005F009D015E
FF42FECD011F0052
0095FE3AFFB7FFED
007E0034015D014C
00F4FF7100C90099
FF7AFED400B9FF3E
0063008EFF61FE94
FFC5FF92007A0063
0029009EFF1201BD
0088018801EF0096
FF5500D3001BFFB7
FF69FFC7FFE0FDF6
008B0059FFA9FEDA
FE8C01840150FFED
0030FF3FFE58FF73
000B006DFFD4FF2B
FF730012005CFEB2
FF58FF83FFFE00A8
FEA2FF1801380116
FFFC0018FEF4FDA7
FF45FF87004FFE2B
FF540063FF5D00A6
FF76FF53FFA2FFC4
001D019300D4008D
010EFF080039FEEB
FF46FF7BFF50FF23
FF4200B200CF00B6
0098FE9E001DFF6C
FFD90124FEEEFECE
000DFFC5FF95FF39
FFBC00210027FFB9
FF58FF02FF29007C
FEC1FFE5FEC9FE92
0028FF650004FEE3
FF79FED600C5FFD5
FF3DFFB800D10045
FFC1006CFFC600A6
FF98FF59003F000A
FF5BFF95FFFAFFC4
FE95FFD900110037
FE73FF97FFF1FFCB
FEC9FFCF000F0079
0044FF64FFFEFF93
004D007BFF130062
FF28FE32FE8F004C
00670058007A0029
0073FF13FE82009E
FEEDFF560064FFF5
00B6FE7CFF04012D
FEA30077FE92FFDA
FFA90063FFFD0058
FE46FF7400DD00BF
FF9300B5002B006B
FEB9FF340016FEC0
001800FE006EFFCC
FF27FF62FF2FFEA4
FDE20049003A00A3
FF20FEEEFEECFEB2
FF4400390044FF74
FFCE0029FFD40104
002D006DFFC5012E
FF98FF46FFF5FEDD
000EFF1F0076FF33
00E6FEB1FEEAFEFE
FEC6008700A900FF
FF53FEE001480044
00CAFE38FF940010
00BD003C01290132
013EFF85008C00AB
FF71FF130093FF37
006C009EFF5FFEDE
FF9AFFC400AA00B2
FFE800A2FF4B01E9
0080019401D3008D
FF8900EE0017FFEE
FF7CFFEDFFC2FE29
00A20042FF8EFEFD
FEC70186015A0014
0031FF5EFE62FF81
FFF9005BFFBFFF4E
FF76FFF60021FE85
FF3BFFEA00180082
FECBFF10015C011A
0009002FFF23FDBB
FF3AFF690026FE67
FF6B006AFF2F0075
FFA1FF2DFFDDFFFF
002C012800AC0071
0124FF4D0070FEFD
FF82FF7DFF91FF0E
FF9200CE00B1006C
0041FEA70024FF3D
FFD300F2FF03FEC6
FFEDFF8DFF48FF5D
FFDC00170059FFAB
FF3FFF10FF440049
FEE6FFE0FF12FE9D
000DFF11FFF0FEC7
FF9BFEC600A3FFD0
FF25FFB90110001D
FFB60056FFD5007B
FFBEFF8000160008
FF84FF75FFF1FFE9
FE64FFED00070017
FEA3FFCA0024FFCF
FEF20024FFED008D
004CFF2BFFE4FFCD
006E0052FF28006B
FEEBFE80FE61003A
009B000F005C000D
0079FF5AFE5B00AF
FEE9FF81004EFFB1
00A9FE97FF150143
FEB70060FE740000
FFA80074002C0056
FE57FFB700FC00C9
FF6E00EB00440084
FF10FF1A0028FED5
FFD600EB0054FFB5
FF41FF69FF15FE97
FDF9007E0045006C
FF0FFEFCFEE6FE8B
FF4D003E002DFF4E
FFC0FFFAFFE300E7
FFFE0057FFB80136
FFAAFF510006FEEB
000AFF2A0061FF21
0103FEE8FF17FF14
FEE300A5008700A4
FF3BFEE501300022
00CDFE58FFA1FFFF
00DD002A012A0118
015EFF94008B00C2
FF5EFF28005EFF6B
007F00AFFF6DFEDB
FFA4FFDC00C20094
FFBE00BFFF7D01C9
00B501940202007C
FFB400FB0040FFFB
FF910031FFDBFE4B
00C60021FFA8FF2E
FEFA019F014B001E
003EFF5DFE7AFF96
0023004CFFB6FF56
FF4FFFFD0016FE88
FF1A00170049006D
FEF5FEF4015800F9
002A0069FF2BFE3F
FF3DFF7C002DFE3F
FF45007AFF2F007E
FFC9FF1EFFFDFFEF
0029011900C00079
011DFF5F0096FF0B
FF85FF8FFFB3FF25
FFDD00F8007F0076
004CFEC80047FF4B
FFCB00CBFEFDFED8
FFDFFF66FF5BFFBA
FFB700390039FFB7
FF56FF1EFF590032
FF01FFFFFF22FEDE
0008FED3FFD8FEDE
FFC4FEAF007CFFE0
FF35FFF6010DFFF6
FFD10050FFFA0041
FFE5FF670041FFE3
FF97FF8DFFF1FFF0
FE86FFF1FFFAFFF2
FEB0FFAF001CFFC8
FF2C004CFFAC00A8
0031FF09FFC1FFCD
00660027FF4C0091
FEDEFEC9FE780012
00D3FFD8004E0021
005FFF75FE4600AF
FF40FF9A004AFFC1
0093FE9EFF140168
FEFE006EFE7CFFE1
FF8D007A0032006E
FE62FFAD013000E4
FF5300EE00450067
FF26FEF5001EFEF2
FFDF00F6004FFFD5
FF33FF7CFF14FEC8
FE3E00760071004E
FEFEFF17FEDDFE6D
FF46002B005EFF4B
FFB30017FFE800E4
FFBE0051FFCB0112
FF95FF7A000AFF08
0015FF34006AFF1A
0109FF1EFF1BFF3E
FEFD00A70093007A
FF37FF0B011A0016
00CFFE88FFC6FFF5
00F8FFF3011000EA
0177FF9E00B400BF
FF62FF3E007AFF68
007300AFFF6CFED9
FF9E001700AD00AE
FFAE00B7FFA701B0
009D017101F00045
FFCD00DD00570007
FF940005FFF8FE69
00A40029FFA4FF5C
FF060199013F0035
0044FF4BFEA4FFC1
FFF70035FFB0FF71
FF260013FFFBFE82
FEF400440056008D
FF17FF1C013900E2
00050082FF2DFE65
FF69FF960049FE61
FF700074FF60009E
FFF1FEF6FFF4FFE5
001D00F300840099
0105FF7B0096FF08
FFDDFF94FFB8FF09
00010115008A005D
0031FF010031FF6A
FFD80099FEFEFEFA
FFE7FF65FF5CFFF6
FFBB002C002DFF94
FF70FF51FF610023
FF040001FF3CFF15
000BFEECFF9FFF1C
FFF9FEA1007EFFF2
FF44FFF600EFFFC3
FFFE0055FFEA005B
FFDFFF820030FFD3
FFB9FFA2FFF7FFE6
FE800008FFE2FFF4
FEE7FF9F0006FFD7
FF770040FF9D00B8
0034FF01FF8FFFA4
00700032FF53007F
FEEBFF19FE900016
00C7FFE1000E0025
005FFF90FE6200A4
FF4AFFD00045FFBF
00A2FEBEFF220140
FF1C007CFE9CFFC8
FF89006E00060079
FE9CFFCC014B00FB
FF5400D80056006F
FF41FEC6FFFCFF04
FFE400D30010FFE8
FF23FF4EFF14FEFC
FE68009C00710016
FEECFF06FEB4FE5A
FF2400230055FF05
FFC3002CFFC500C7
FF980077FFBE00EC
FF91FFAF0010FED7
000AFF27004BFF0F
011AFF63FF1DFF2B
FF21009B00730075
FF47FF3200F5FFEF
00C8FE92FFC2FFEE
00F8FFE7010000AA
0197FFC300A100D1
FF7BFF77006BFF75
008A00AAFF61FEB7
FF65004700C70099
FFA900BDFFE00181
00B90128020F0059
FFFC00AA0039FFD4
FF93002F0024FE7A
00D1004CFFC1FF54
FED201A30132003F
0053FF35FEAAFFCF
0008000FFFB0FF51
FF1200380008FE6E
FE9D001F0051007C
FF23FF17013F00B5
FFDC00A2FF01FEC2
FFA3FFBE0041FE54
FF630076FF6B00EE
000AFED7FFE4FFDE
FFE900CE005C00DC
00D4FF4F00E4FF2B
FFB3FF9DFFC4FF0C
005000F200760045
0040FF36003AFF89
FFF70099FF3CFEDE
FFCEFF69FF7C003C
FFAE0037FFF7FF63
FF9CFF3AFF61FFE9
FEF3FFF1FF5AFF55
FFF0FED2FF74FF21
0017FE9D0082FFE4
FF84001200EEFF66
00070055FFE7001F
0007FF7F003DFFD8
FFB6FF7DFFFDFFE7
FEB00000FFD2FFF3
FEF3FFC6FFF20033
FFB30029FF9700B4
002BFEECFF7EFF90
009E002DFF550076
FEC0FF49FEC9FFD0
00D20000FFE4002C
0039FFD9FE6C008F
FF80FFFD002FFFE8
00C6FEB9FF280123
FF28009CFEC0FFD2
FF6C0070FFF00082
FEE9FFE20153010C
FF6E00B600470072
FF9EFEBCFFF1FF1A
FFE200EEFFDAFFE1
FF5AFF3DFF14FF1C
FE7D00930041FFE2
FF07FF0AFEA8FE6E
FF0F00260077FEF2
FFB80049FFD600A8
FF970088FFB900BA
FFB0FFBD002EFEF2
FFF1FF640042FF25
0111FF45FF3BFF21
FF5900C0002D003B
FF75FF4F00E4FFCC
00B7FE85FFE2FFD7
00CCFFC700F40085
014DFFEB00B200E1
FF8FFF960091FF7D
009B00CBFF82FE9D
FF7C00670095006C
FFB7009C0000014B
00B201370218005F
001E00B60070FFE9
FF9E00580056FE7A
009D0013FFD9FF65
FEE901660136003F
004DFF10FEC0FFE0
0012FFFAFFD0FF49
FF2F006C0009FE91
FEB70001004A0060
FF29FF1F010600BF
FFD70099FF22FF08
FFD8FFDE005CFE0A
FF5C006AFF8800F0
0023FEDCFFE5FFC1
FFC400D0007300C0
00B7FF4800D5FF6A
FFBEFF88FFAEFEEF
0079011100690073
0088FF500034FF99
FFED0095FF39FEBE
FFC2FF64FF860069
FF920069FFC2FF6A
FFA6FF5CFF76FFD4
FF18000AFF42FFD7
000FFEE8FF4AFF32
0038FE90007DFFEE
FF88003000B9FF3D
00240071FFED0004
0038FF5F0081FFB4
FFAEFFB0FFE8FFF4
FED4FFE0FFFC0006
FF2DFFA3FFEC0022
FFD8000FFF74009E
0030FF11FF71FF94
0080FFFEFFA500B1
FEFAFF81FEEAFFD7
00AD002FFFF10026
0040FFD1FE980062
FFB3001C001B0002
00B7FED3FF170103
FF7100B1FEEAFF89
FF590064FFD9009D
FEF6FFD1014000D3
FF7E008E00250062
FFDEFEAEFFCDFF36
FFEB00BEFFBAFFE7
FF52FF1AFF37FF58
FED100A3002FFF95
FF1FFF38FEB6FE8F
FF1AFFF30066FEED
FFB10064FFC1007B
FF6500B6FFA50079
FFB400050040FF0B
FFE7FF8B0038FF15
0113FFA7FF81FF39
FF8200B2FFF30002
FF84FF7E00BFFF9B
0093FE8EFFF0FFB9
00CDFF9000B7002A
0127001300CE010A
FFA9FFC4009AFF74
009F00C1FF9EFE9C
FF85009F005F0031
FFBA005B003600FD
008A010002010034
004000880068FFDA
FFB800820097FE97
008B00040019FF65
FEE0011D0114004B
0055FF11FEE5FFEA
001DFFE2FFDBFF37
FF34008EFFF1FEB0
FEACFFDB004C0065
FF32FF4600B80090
FFB100AFFF30FF77
FFFCFFF60059FE0C
FF6F0043FFE30118
0062FEDEFFC8FFBE
FFC500C0004A00BC
0077FF3F00FFFFB2
FFCEFFB3FFACFED9
00B10107004F004D
008BFF980039FFB1
FFF00066FF77FEB1
FFAAFF6BFFB500A3
FF8B0060FF68FF5B
FFD9FF6FFF7DFF95
FF2F002DFF510045
FFF6FF01FF42FF65
0049FEA40065FFC6
FFBC0044008EFEF6
00460076FFF0FFEB
0062FF7700A1FFC3
FFD3FFBCFFE00002
FF21FFE1FFDF0004
FF4BFFB6FFE1003E
004E001AFF7700A2
002AFF1EFF60FF43
008DFFEBFFAA00A8
FF01FFD3FF47FFAD
00820047FFC0FFF2
002FFFE3FEE10028
FFDC0050FFF00033
00B9FF01FF4700A6
FFD000D6FF4DFF81
FF65004FFFB200AA
FF59FFD3014500BC
FF7C006BFFF50058
000BFEA4FF95FF32
FFEC00ACFF89FFF7
FF45FEFCFF40FF79
FED60098003FFF83
FF12FF2AFEB2FE95
FF1FFFEA0070FEDA
FFB50073FFA30078
FF6500D1FFC8005E
FF9CFFF7004BFEE6
FFB4FF820041FF1C
0103FFBEFF8FFF43
FF8200A6000A0022
FF8BFF6D00A9FF94
0081FE7E0013FFAA
00BCFF8500CE0003
010B002201070100
FFC6FFBB00BFFF7B
009800BAFFACFE72
FF6D009D00430018
FFDE005B004800CD
009200DC02010041
00420070006AFFB2
FF9D006600ACFE94
0079001A0011FF5C
FEB9012301060045
0054FEF2FEE6FFF0
001EFFC4FFFAFF1F
FF2400B0001BFED7
FEA0FFAD00360072
FF38FF5D00A1007A
FF8E00BAFF21FF9B
001500250092FDFF
FF7400370012013D
0060FED4FF99FF85
FFA000CB003F00D4
0058FF1900FAFFB7
FFC7FFB0FF7FFECB
00B1010A00670045
00AEFFC90031FFDC
FFED0082FF81FE92
FFB8FF85FFDB00C3
FF820082FF3EFF5B
FFF0FF6EFF76FF95
FF27001EFF490072
FFFAFF33FF23FF95
0055FEA40081FFBF
FFD500570060FED3
00650079FFD8FFFD
0056FF6000B8FFB9
FFB6FFC7FFD40001
FF44FFD7FFC9000C
FF61FFA4FFBC0058
0063FFE7FF6B00A1
0038FF41FF51FF08
007BFFE1FFA5009D
FF1BFFDAFF65FFA7
00640076FFB6FFDD
0029FFF9FF110025
FFDC005DFFED0061
00D7FEFCFF3F0083
FFD700F8FF6FFF6B
FF550045FF94009E
FF71FFC5013500BD
FF9D0034FFED0053
0081FE94FF67FF47
FFD400B6FF62FFE4
FF7FFEC8FF48FF85
FEF70076FFE8FF4D
FF3BFF2FFE8EFEB0
FF0FFFF70057FEDF
FFA10080FFA80045
FF8F00F0FF9F002F
FFD900090066FEBC
FFB4FFAE0028FF3F
00EEFF9DFFA9FF23
FFB4008BFFC5002B
FFAFFF820090FF69
0067FE4CFFEAFFA9
0082FF7F00A6FFD1
00A9001D01060114
FFD6FFF700EBFF6D
00A700D0FFBAFE61
FF61009D0013FFD5
0021003700530092
006B00AD01E50048
004A007C007BFFAF
FFC2008C00D3FE88
0053FFF60056FF27
FEAE00E700F90055
005EFED1FEF90003
0038FFAFFFF4FEF5
FF3000DB0020FEEC
FEBBFF6C00100053
FF43FF62005C0078
FF9200A6FF4CFFF1
001F00360087FDC6
FF55003600390122
0070FEDEFF8AFF7C
FF8000D1005400B6
0036FF000103FFE5
FF93FF7FFF65FEE3
00D5011100580059
0102FFE00017FFDA
0001007DFF98FE4A
FFB4FF7BFFFD00D5
FF6B0097FF17FF78
FFFAFF53FF85FF6A
FF380041FF3000DA
FFFEFF51FEFDFF84
0070FE960075FFA4
FFDD00680056FEBC
0078007AFFC5FFCA
008CFF3E0118FFBE
FF9BFFC8FFC3000A
FF7BFFD7FFC4003E
FF6BFF94FFC40074
0086FFC7FF500093
003CFF51FF4BFF11
0073FFB8FFD300C4
FF4BFFD1FF8CFF8B
001E009BFFE0FFC5
0027FFEFFF3EFFF4
FFF50069FFCE0096
00CEFF14FF360052
00030122FF9AFF46
FF410034FF7D00A1
FF94FFA1011E008F
FFB60011FF9E0054
009EFEABFF58FF4F
000600ADFF22FFE9
FF75FE95FF7FFF8E
FEEE003EFFADFF3F
FF8DFF02FE76FEE5
FF1EFFD7006AFEDD
FFB00090FF700028
FFC1013EFFAF0004
FFBA002A0079FEC3
FF9BFFD9FFF5FF69
00D9FF7BFF9CFF0D
FFD0007EFF860001
FFFDFF88006EFF28
005BFE31FFD7FFBF
0067FF860070FFC7
0049003300ED0145
FFDE001F013EFF78
00B400DFFFBAFE5F
FF2400E70016FFD4
0076FFFA00560068
004000A201AF0064
0067009C008FFFA3
FFE0009D00C6FE81
0055FFBB0086FEE2
FE9200C100FA0081
0058FED8FEF8FFEF
0020FF86000DFF01
FF6700EE002BFF23
FE90FEFEFFB7006C
FF3BFF5F0038008A
FF6D0070FF4EFFD3
007400170081FD8B
FF660030FFFE00E6
0098FEE0FF59FF74
FF5600E0005B00AB
0029FECA012E0051
FFA3FF6AFF42FECD
00DF01140046002B
013FFFEFFFDBFFF3
FFDC005CFFBDFDE0
FFA3FF95FFE800B0
FF5600AFFEE7FF85
FFC3FF0FFF83FF4B
FF2C002BFF180115
0023FF72FF07FF5B
004DFEA200A0FF69
0000006B0035FED1
00640087FFBBFFBC
00A7FF320168FFEA
FF6DFFD6FFA90003
FF7BFFB3FFCD0057
FF76FFA0FFFB0072
009DFFCFFFA10081
0057FFA2FF85FF2B
008DFFB0000000C9
FF57FFD6FFA8FF99
FFC300E1000DFF89
003D0007FFA9FFC7
FFF00083FF9300B2
00C2FEF0FF2D0008
002B014BFFBCFF36
FF130036FF6A00B1
FF96FF8200CD0062
FFC6FFF7FF8D0039
00D7FEA3FF29FF72
FFF70099FEF7FFF2
FF6AFE9AFF92FFC7
FF0A0027FFB3FF42
FFA1FF12FE68FEE1
FF2C00040048FED9
FFB00078FF51000C
FFED0148FFA7FFF2
FFEC001B0085FE4C
FF59FFDEFFFCFF72
00ADFF80FFD3FF14
FFD80056FF81004F
0015FF960034FF2F
0049FE350007FFB4
0068FFCA0088FFAC
0051004500FE011D
000F00260120FF95
00AF00D7FF95FE1C
FF0B00BBFFE9FFAE
007B000C00410016
008A005B01C6008B
005F0082007EFF6E
FFDA007C00BAFE8E
0060FFF90098FEB0
FE7D00CE00D80090
004CFEA1FF0EFFFA
0055FF81FFFDFEE5
FF36008E0008FF45
FE7AFECDFF950024
FF55FF640042006E
FF8C0050FF370039
007A00400095FDAA
FF5D0028000300E5
008FFEECFF28FF4A
FF2600D8006300D0
FFD2FE9F01380036
FF65FF5CFF4AFEF1
00B900EE00580028
014000010015002B
FFF7006EFFBAFDE5
FF89FFA000190095
FF4A00CAFEE2FF82
000BFF09FFA6FF34
FF0D0017FF420101
0039FF8EFF08FF6D
004AFEC2009DFF66
001D008E0049FEE9
009F0075FF8CFFA4
00B8FEF20160FFE3
FF67FFBEFFA4FFDC
FFA8FFAAFFDB009B
FF80FFC0FFD4008E
00CAFFB9FFAC0069
002DFF89FF7FFF1D
00CBFFE5000000A2
FF69FFA4FFEDFFA3
FFC101030031FFA8
0010000FFFC5FFD9
004A0066FFAF010B
00C7FEFBFF350000
003D0154FFA5FF36
FEF90029FF520096
FFB5FF43009F0070
0003FFBBFF810011
0113FED9FF18FF8B
000C005DFEDAFFE2
FF7CFEADFFBEFFF0
FEF0000BFF90FF6B
FFD3FF05FE5FFF0B
FF1E00280004FEF2
FFDA0035FF26FFCD
004A0156FFA3FFE5
0000000C0063FE26
FF47FFEDFFD6FF80
007CFF69FFD9FEEB
FFCA0038FF86007B
0046FFAEFFFFFF0D
0058FE44FFDCFFCB
002E00240083FFBA
0007005A00BB00DC
00060034012AFFC5
00B000BCFF9FFDFF
FF0A00A7000DFF9F
00A7001E002FFFD5
0099FFFD01A800CE
005100910084FF3B
00050072008BFE95
00900021009CFE78
FE7400F100C800AB
003EFEA5FF15FFF2
0059FF72FFEEFED6
FF3C007C000CFF86
FE51FE80FF6B003F
FF5AFF4E00590084
FFBC0009FF1D002B
008D002C0072FDC8
FF4E0031FFAA00B2
007BFF07FF27FF63
FEFF00EA006F00CE
FFC0FEA101400046
FF2DFF66FF64FF43
009200C4006B0012
0147001F0024003B
FFEE0068FFF0FDE4
FF83FFC2002A0039
FF7200E7FEF8FF67
FFFEFEC9FFD9FF2A
FEF30003FF4800D3
003AFF82FF1BFF58
002AFEF400A8FF4F
006600A5004CFF3C
00A1009CFF7BFF6A
00C4FEBC018A0011
FF4DFFACFF87FFB7
FFBEFFB0FFE300CB
FF94FFBFFFE500D8
0095FFA1FFC40062
0026FFBFFFB8FF57
00D2FFF100000088
FF80FF630001FFAE
FF8F0110006CFFB9
FFEA00110010FFF9
0049004FFFB60141
00ADFEDEFF400007
00270167FFA0FF43
FEE00016FF6A007A
FFCCFF1800710071
003AFFA5FF68FFC3
010FFF10FED0FF92
FFFE000DFED4FFD7
FF87FEAFFF910006
FED7FFD6FF6CFF8D
FFE4FED9FE83FF52
FF51FFF1FFCCFF19
003B003CFF26FFB6
008D0165FF78FFB9
0013FFD70065FDEE
FF13FFFDFFC4FF96
004DFF630020FEF5
FFBDFFEBFFA600A3
004DFFABFFABFF18
001FFE55FFF6FFB0
0015003D006AFFAE
FFD9007900D200B1
001B001600F7FFC1
00A900ACFFAEFDFC
FF15006F000BFF6D
00900024FFEAFF99
008CFFF3019400E1
003F00800064FF1D
00050050006FFE77
0097003600D1FE2B
FE5200D600AC00A2
0019FEDDFF26FFD0
005DFF7C000EFEA3
FF3200530014FFB7
FE54FE46FF3B0021
FF35FF580041007D
FFC4FFE6FEFD0044
00A600120061FDBE
FF57002DFF6B00AE
0073FF18FF22FF59
FF0A00F4006B00CF
FF9AFE7C0137006F
FF02FF64FF5CFF5B
005400B30076002D
0134002700570083
FFFA0055FFFDFE13
FF73FFE100480006
FF6A00B4FEE6FF59
FFF0FE9FFFDAFF23
FEE20010FF4400BC
0053FF6BFF58FF2D
FFC4FF3B00C9FF23
006200A60041FF7B
00A80096FF88FF73
007EFEB401A60039
FF48FFA9FF79FF80
0005FFB8000D00EF
FF6FFFC8FFDD00CC
0064FFAA00110041
001CFFC7FFDFFF4F
00C1000F00000088
FFBEFF250063FFC3
FF5A013F0099FF9E
FFB8FFFD004AFFEB
0055002DFFD20190
0089FEC0FF5EFFED
00240134FF91FF55
FEF0FFEEFF3E0057
FFEDFEDA00440058
0064FF8AFF66FF9E
00DDFF45FEA0FFA4
FFEF0011FEE6FFAA
FF70FED2FF8DFFFF
FEAAFFDDFF71FFCF
FFC5FEF7FEABFF49
FF7B001BFF95FF68
0063000CFF3FFFF0
00D6016CFF7BFFE8
0037FFC8004EFDF5
FED2FFC4000DFF97
0010FF5F0050FEF0
FF89FFC4001300DF
0021FF8BFFAEFF44
0028FE52FFD9FFA4
0004004E0097FFC3
FFB5007500BA006A
0033FFF200F3FF84
008F006CFF97FDD9
FF34FFE90019FF64
00A30030FFCBFF84
00A4FFC401D200CD
0013007A003BFEF4
00000017003BFE4E
0082005800A1FE10
FE4500F5008C0092
002BFEF1FF1CFFC0
009DFFB7000BFE7A
FF46003D0023FFE1
FE90FE21FF37001C
FF0FFF5C00580087
FFF1FFC9FEE60012
0038FFFA005DFDC9
FF3D0028FFA90099
004EFF62FF25FF41
FF250115006400C5
FFA1FE7300E00065
FED9FF93FF4AFF86
FFD8009200BA000C
0155000500750076
FFD60098FFFFFE12
FF7CFFF80057FF97
FF8900ACFEF5FF6B
0019FE74FFCEFF66
FEEB001AFF430080
0062FF7DFF8EFF48
FFA6FF7A00CFFF3D
004E00A30025FFAB
00A500B5FF56FFAA
004BFE9D01B90034
FF13FFBCFF4CFF7F
FFEBFFA90006010B
FF4EFF9EFFF7010B
0002FF8700310055
FFE8FFF7FFF0FF0F
008C0036FFE40051
FFCAFED8005BFFF3
FF5C014B00D0FF8A
FFA6FFCD003B0018
0012FFCFFFF201B9
006BFEB6FF910010
001D0149FF6CFF58
FEFCFFF5FF56001A
FFCDFEB000130053
006CFF9DFF51FF86
0079FFB0FEA7FF92
FFF2FFC1FEF9FF9D
FF7AFEFDFF6CFFE7
FE6AFFA7FF5B0019
FFB8FECBFEFFFF7A
FF91FFFEFF4BFF8C
00C40000FF40FFFC
01350153FF54000C
002DFF77004CFDFC
FEACFF92002CFFB6
0001FF250060FED9
FF63FFA200570145
0003FFA8FF81FF58
0004FE54FFFEFFE5
FFDF00B100B8002E
FF97006D007A001C
0030FFAC00AAFF67
00640030FFAEFDF6
FF5DFFA70015FF71
00800043FF3BFFA2
00A9FFAB01A500F6
FFDE005E000FFEEC
FFF6FFC8FFF3FE60
00B3007F00A6FDE5
FE4600F700650067
0007FF13FEF6FF97
008AFFE9001DFE49
FF7E0022006A0027
FED5FDEEFF100044
FED1FF4400560086
000CFFA4FEABFFBE
0008FFBF002DFDDF
FF3E0040FF4900AD
FFF4FFB7FF5FFF5E
FF310137005600BC
FFC3FE4D00AE003D
FEA6FFB9FF48FFB2
FF78005700BC0002
0146FFF100890062
FFDB00AA001DFE49
FFB000060065FF38
FFA9007BFF13FF85
FFEEFE53FFB5FF96
FEBF0017FF1F0010
004DFF5EFFCDFF1C
FF34FFBA00DFFF37
002C00660022001B
007400D0FF6DFFA9
0017FEC20196006C
FEFBFFCCFF32FF5D
FFEDFF9F0065010C
FF0BFFA700170154
FF8EFF63009F001F
FFE7001B0024FEF0
00790062FFB50028
0013FE7A00570004
FF4A01410107FF70
FF93FF92003D0014
FF8FFF93001B01BF
0036FEDAFFB30027
FFB2010AFF50FF66
FF26FFF8FF4AFFFA
FFA2FEABFFD10061
0082FFC9FF25FF64
0072FFB5FE95FF86
0001FFADFEFDFF6F
FF93FEEEFF2FFFCE
FE41FFB6FF440011
FF85FED4FEFDFF7E
FF8B000EFF18FFC8
00FAFFDEFF3C0007
0150015FFF5A0000
0043FF3C0030FDE7
FE9AFF5B0041FF98
0003FF19006EFEE0
FF18FF8C006F016A
FFC7FF86FF8EFF64
FFECFE5B0009FFEB
FFDF00C100DD0061
FF9C003D00930009
FFF9FF650084FF52
005F0028FFA5FDCA
FF6FFF4E0005FF67
008B004AFF10FFC3
00A9FF9A01CB00FD
FF9300640002FED1
FFDFFFB4FFE7FE16
00BB009F00A2FDBB
FE2601100077004D
0007FF1CFEE7FF6F
00C5FFF00009FE32
FF6F002F00840031
FEDAFDD7FF1C0070
FE8DFF290046008C
0028FFBFFE98FF82
FFC7FFA80034FDA4
FEE50059FF4B00B2
FFC5FFCAFF84FF46
FF5E017B008A00B7
FFCAFE4500810018
FE66FFC4FF31FFCD
FF68005500C50028
0153FFD8009C0052
FFF100C4FFFEFE56
FFB60009008BFF26
FFA70072FF15FF93
FFAAFE2AFF86FFB8
FE940013FF14FFED
002AFF4A0002FF1A
FF1BFFC600FEFF35
002B005E000B004F
007000E4FF85FFBD
FFF8FEB501B60076
FEEAFFD2FF22FF3A
FFE9FFD10055010E
FED5FF69000F015A
FF5EFF5900980052
FFEC001D004DFEB5
005A0069FF7E0025
0019FE2E00550008
FF540122012FFF5F
FF92FF66000F001C
FF7BFF6C002001C4
002CFEC1FFCA004E
FF9D0106FF38FF79
FF1BFFE7FF5CFFF7
FF94FE94FFFA0057
007CFFE2FF08FF59
0005FFE1FEBAFF8E
000CFFD6FF70FF79
FF85FF28FF13FF8B
FE30FFABFF8D0054
FF57FED4FEFBFF94
FF9A0008FF20FFE4
00FEFFBCFF8D002A
01770139FF66003D
003EFF1B0039FDFA
FEB1FF680055FFCB
FFECFEF60059FEE5
FF10FF7600A801CD
FFC2FF64FFA1FFAC
FFEBFE860008FFD7
FFDD00A90102009A
FF9E0025008BFFD6
0008FF330091FF41
00580007FF9DFE02
FFA6FEFA0006FF7E
0069006BFED00003
0098FFCF01B90116
FF47005AFFE5FEF5
FFB4FF8DFFBEFE4C
00AA00C30076FDDA
FE48014900770016
FFFBFF32FED2FF7B
00CC0048FFFAFE14
FF8BFFEE0091000E
FF66FE13FF500049
FE91FF580071008D
002BFFA1FEB9FF26
FF88FFA90035FDF9
FF0A0054FF5E00BC
FF790018FF74FF5E
FF800162009400C6
FFD6FE7B004AFFB3
FE54FFBAFF4FFFDF
FF0C002400D8003F
012EFF7F00970020
FFFA0115FFC2FE97
FFE700100063FEF5
FFEA002AFF87FF95
FF96FE37FF8B0023
FEC40012FF0FFF76
0043FF75003DFEF3
FEFDFFE90104FF3C
FFED003400280073
006100CEFF770007
FFD6FED001470070
FEECFFDCFF48FF49
FFF1FFCA0074010A
FEA4FF87FFE80113
FF1AFF4600A6001C
FFEB00080058FEEB
004C0083FF730038
000AFE0D002A0004
FF91010A0109FFAE
FF94FF3AFFBF0023
FF8EFF20002A0172
001EFED4FFC20079
FF2F00BBFF18FFAB
FF57FFFEFF7CFFCA
FF68FEC6FFE80051
0061FFE4FF38FFAA
FFB9FFD9FED5FF67
FFFBFFDCFF82FF74
FF74FF03FED8FF65
FE17FF99FF78006C
FF3DFEB9FEF8FF79
FFA90010FF0EFFDE
010CFFBBFF840030
01840116FF410063
003AFEC70044FDE1
FEA3FF0F0070FFA6
002CFEDD002EFEDE
FEE5FF6800BA01E1
FF98FF68FFBCFFBC
FFF3FE960000FFFC
FFF700B7012B00EC
FFC1FFB70085FFE7
FFE5FF2C0064FF55
005C001BFF6CFE00
FF89FECF0009FF80
00720069FE990040
00BCFFE101FB0117
FF320063FFBEFEF3
FFBAFF98FFA0FE08
00C600BF006CFDAF
FE3D01300094001C
0005FF37FEC8FF5B
00C4005AFFE7FE35
FF85FFC700AEFFED
FF55FE28FF310074
FE5CFF2A008E0095
0020FFC9FE96FF0F
FF54FF6B0003FDD4
FED6006EFF170098
FF4A000DFFB1FF61
FFA1018C009E00BC
0009FE46004FFF8D
FE3BFFB5FF34001D
FF08003B00C50052
0109FF5300A10008
0000010DFFB1FE62
000FFFFB006DFED2
FFA30026FF9CFFBD
FF92FE3CFF5C000E
FE950008FF05FF14
000AFF630061FEE9
FEB9FFB4011FFF44
FFD00010004800C6
003200BEFF830001
FFD6FEF601450071
FED7FFD6FF4CFF2E
FFB3FFBD0087010C
FE66FF6500040113
FEFDFF4F00D50018
FFE0FFD30061FEDF
005D00BDFF600023
FFF7FDCBFFEBFFEE
FFB800D90141FFA9
FFB4FEF6FF77005B
FF4EFF220051013E
003BFECFFFB800A5
FF0C00B7FEE4FFC2
FF41FFF1FF9AFFC4
FF19FEB6FFE50080
0049001BFF29FF9F
FF3CFFA4FEF6FF5E
000AFFE60003FF97
FF26FF00FECAFF57
FE29FFA0FFF10086
FEF9FEDFFED1FF4A
FFC3FFE5FF3FFFDB
0106FF92FFA30054
014B00E3FF56008E
003DFEAC002FFDD3
FED1FF070096FF93
0050FEFB0016FEF9
FEEDFF2100BF021B
FF55FF33FFDE0019
FFEDFEED000AFFE0
00390089014B0116
0016FF6600C4FFD0
FFE3FF100060FF40
00610028FF27FE08
FF6BFE97002CFFA2
00450073FE7B0070
00DE00270236011B
FF070036FF9FFF09
FF90FF77FF8FFE1B
00C700EC0038FDF3
FE3A017800C80020
001DFF43FECAFF56
00AF0094FF9DFE55
FF63FF8D007DFF81
FF55FEA2FF520053
FE7BFF4A00B80073
FFFEFFDFFEB3FED7
FF25FF68FFFBFE1D
FED7008FFF6900A3
FF2E000EFF93FF6A
FFCF017D00B100BC
0007FE6A002EFF10
FE61FF7AFF410029
FED8001400F00067
009CFF0B009FFFFB
000D012FFF74FE90
002CFFF70068FED4
FFA7FFEAFFD0FFB6
FF82FE36FF650043
FE920002FF1AFE95
0033FF680093FEE1
FEAAFF83011AFF42
FF8AFFD7006D00C1
003500B3FF73003E
FFAFFF0200E40073
FF07FFBAFF83FF1A
FF96FFC10060011C
FE52FF72FFDE00D9
FF01FF4500B90024
FFD8FF8B003BFF09
007D0101FF34FFF2
FF98FDB6FFA2FFDE
001F00A4010BFFF7
FFC1FEDBFF16009B
FF70FF0B005500F6
0071FEC6FFD500C3
FED40095FE8FFFF4
FF57FFF3FFAFFFA9
FEF5FED9000900C7
001E0007FF69FFEF
FF30FFAEFF0DFF3C
FFE4FFF80023FFA2
FF34FEFEFEC4FF12
FDF8FF97FFF600AE
FF13FEB4FED1FF32
FFB5FFEEFF40FFE2
00FCFF97FFA0005B
015500C2FF3E00CA
000CFEAD002DFDCB
FED9FEF60091FF5F
0076FEDAFFE4FEC8
FED0FF5100E101FF
FF42FF36FFFC000F
0015FEBCFFD80004
007500A10152013F
0039FF3E00A7FFF9
FFD8FF24004CFF51
006D004FFF09FE30
FF45FEAD0052FFC8
00490094FE5A00AF
00ED002B0235012A
FF150061FFA7FF34
FF84FF8DFF70FDFA
00F000ED0013FDD0
FE49019500F50019
0012FF40FEA9FF48
00A90089FF93FE78
FF69FF5E00B2FF6D
FF3BFED3FF550068
FE70FF1D00F500AE
FFFD0008FE92FEA6
FEFAFF2BFFEFFE1E
FED90088FF210073
FF150015FFB4FF7D
FFE1015E00C500C9
0042FE58004CFEFE
FE5CFF74FF58003A
FEFE002F00DC0063
0074FEE90095FFCF
00090125FF83FE76
003FFFD4004FFED2
FFB00000FFE9FFC1
FF75FE23FF610014
FE78FFEAFF11FE3E
000DFF2C0094FEC5
FEAEFF460121FF40
FF76FFF200B100D6
00150093FF8E0043
FFA1FF2C00C9006C
FEDCFFBFFF98FF22
FF6DFFD4007E00EE
FE3EFF86FFE500C4
FEDBFF6400D5002C
FFEBFF660048FF20
008C00FFFF2AFFEA
FF6DFD89FF6DFFCB
002C0068011BFFF3
FFE3FED2FEE500CE
FF28FF12005700B4
006CFEB8FFB80101
FEAB007AFE82001A
FF550008FFDAFFB1
FEB0FEBF002B00DB
001C003CFF62FFF7
FEA7FF86FF59FF21
00050043008CFFFA
FEECFF1FFEA6FF38
FE5FFFC9005500C6
FED2FEF3FED9FF18
FFE7FFD2FFABFFF4
009BFFC3FFC4009A
00DC0070FF5A00D3
FFF0FE820022FE00
FF39FED300C2FF4F
00AAFF09FFB4FF1D
FEE6FF4401020204
FF0BFF0E0044007B
002EFF16FFFFFFCF
009E003C0179013B
00CEFEFE00F70012
FFC6FF31002CFF50
00630066FEE6FE6F
FF46FEA6005FFFD3
00100095FE600119
010800B8024600D6
FF540018FF8FFF5F
FF6BFF5FFF69FE2D
00D900D3FFF4FE3A
FE84017E0118FFF4
004AFF61FEE8FF61
006F00B0FF7FFEF3
FF23FF4B0057FF0C
FF53FF59FFA20043
FEC5FF5901090089
FFD90033FEDAFEB3
FEE9FF4BFFF4FE76
FF25008FFF60006A
FF2FFFC4FFC6FF87
0018014D00CB00A9
0080FEC50043FE99
FEE0FF4AFF500011
FEEE005900D40095
FFE3FEB70084FFB0
000E010DFF3DFEA1
005DFFD40031FF31
FF7DFFB30006FFF2
FF88FE8EFF4C0032
FEC3FFF6FF5AFE13
0028FF5A007BFEEB
FEBDFF1900F1FF70
FF37FFD900AE00C0
FFF6007DFF6000A3
FF82FF46006B0021
FF5EFF96FFABFF31
FF46FFE3002E00D1
FE67FF84FFEE002D
FEF8FFB100AC0039
FFDAFF17FFFEFF3A
00900144FF2EFFD9
FF15FDB3FF3AFFDD
0078000400E3FFFF
0011FEA2FE8800E7
FF20FF390076004D
00A3FED5FFA50110
FE86006AFE460049
FF85FFEDFFEFFFBE
FE8FFF2E0049011E
FFB6005FFFD60015
FEA1FF71FF6CFF1C
001B0062007F000D
FED2FF40FED4FF43
FE79FFE8006600E5
FED3FF23FED1FF04
FFFDFFCDFFDA0003
008AFFDBFFE000AC
007E004DFF8C00DE
FFBDFEAC0005FE34
FF68FEB200B5FF02
00CBFF19FF8FFF37
FEEAFF7A011F0176
FF17FF080072007E
0032FF18FFF6FFCB
00E400330150012D
012EFF1400FB0039
FF93FF3CFFE0FF62
00540073FEE9FEB0
FF5BFEEA00770017
FFF100BFFE930152
00FF00EB02180090
FF6A0022FFBDFF96
FF76FF59FF69FE3B
00C200BFFFC4FE80
FEBF018000FDFFF6
0053FF73FEFAFF70
00410099FF6DFF4C
FF17FF440025FF01
FF31FFAAFFD70062
FEE8FF5401210092
FFE6007AFEF2FEB8
FECFFF44FFE4FEB6
FF4E0076FF6B0047
FF5DFF8DFFEEFFA5
00410129008D00B1
00B0FEF30041FE9C
FF2DFF4DFF70FFC2
FF12006B00B40073
FFA1FEB30057FF94
000E00F9FF3FFEB3
005EFFBE0021FF50
FF71FFB5FFFDFFE2
FF87FEC3FF480022
FEE5FFE2FF65FE07
001DFF4B0039FF08
FF04FEF300EAFF87
FF2FFFE100B30095
FFDD0067FF7500C5
FF53FF76001B001A
FF8AFF9BFFDDFF42
FF28FFF000270092
FE9AFFA4FFF4000F
FF09FFD900920063
FFE0FEF1FFEBFF3D
007F0146FF28FFB8
FEEAFDECFF18FFF0
0085FFC100ACFFFC
001AFEC0FE6E00FB
FF0DFF690075FFFC
00A9FEE8FFB60115
FEA10055FE6F005C
FF90FFEA000BFFE5
FE93FF5E00710123
FFA4006800070020
FEBEFF24FF7EFF2A
0025008C009C000F
FED7FF26FECAFF48
FEB80009006800B1
FEC8FF27FEBDFF03
FFFFFFCD00080005
00670000FFF900B7
00300068FFBD009E
FFCAFEAC0025FE4A
FF88FEAA009FFF17
00C4FF5AFF65FF5E
FEFBFF6E00F9013E
FF17FF0B0086008B
0037FF62FFE2FFA9
00FDFFCE014E00F2
0163FF170114004C
FF5EFF38FFC7FF68
005B008CFEF1FEBB
FF6BFEF40075FFF1
FFEF00C1FEE4015F
00E8011701EE004C
FF98FFE7FFCFFFAB
FF63FF6FFF82FE38
00AA0088FFD4FEB7
FEB2013F0110FFD3
0087FF7CFF44FF9E
00460092FF99FF64
FEF4FF64FFF8FED0
FF3DFFCC00140040
FED6FF7B00FF007E
FFCF00B5FF0CFF0C
FEEAFF67FFEFFEB9
FF6E005AFFA50054
FF9FFF50FFE0FF86
004B011A009000CB
00B0FF180046FEBE
FF55FF3CFF63FF9C
FF55008F00AA0087
FF81FEF20031FF98
001200F8FF3AFEAF
0061FFBB001DFFB8
FF5EFF8EFFF1FFE9
FFA6FEF8FF3F0008
FF130001FF85FE64
0015FF59000CFF1C
FF33FEFC00ECFF8F
FF32000D006A0046
FFEC0031FF9700D4
FF31FF7C001CFFE2
FFC1FF79FFE4FF5F
FF510010FFE50056
FEB5FF9DFFD7FFB4
FF30FFF4007C007C
0008FEE8FFB4FF28
00410121FF29FFED
FEDCFE47FF53FFE0
009BFFB10088FFCE
0021FEE6FE5600CC
FF31FF880053FFC8
00BAFECCFF9B0106
FEB1004EFE7D0066
FFC3FFC30018FFE7
FEDAFF9600910116
FF7A005C003D0036
FEBDFEDFFF98FF32
004C00AD007D0034
FEC2FF28FEF3FF54
FED9000C00660084
FEC7FEF7FEB1FEDE
FFE2FFCC0045FFCA
004F0024FFDD00BD
FFD10076FFC7007D
FFA8FEE2001DFE81
FFA2FE9D0079FF04
00FBFF85FF24FF77
FEFCFFA400C000C9
FF23FF4C00A4005C
002BFF9AFFE5FFB3
0125FF93013700BC
01B3FF3501190088
FF53FF3EFFECFF9D
005400ABFF03FEAB
FF5AFF760088002E
FFC500CEFF4E014E
00E300FD01D50022
FFC7FFE8FFD7FFBD
FF8EFF88FFAAFE51
00AA008FFFD3FEDE
FE9C0138011FFFF8
0079FF86FF40FFB5
FFEF005CFFA8FF8E
FEC1FFA0FFF4FE7E
FEDE000100020060
FECCFF87010A0083
FFCA00E8FF00FF1C
FF61FF7AFFEFFECC
FF61005AFF8D006F
FFEDFF1AFFC4FFB4
003000FE00830102
00B2FF3B005CFEE6
FF89FF49FF7BFF69
FF9700AE007E0085
FF79FF1A0005FFB4
001C00BEFF2AFEDD
0047FFC90001FFD7
FF6EFFA7FFECFFC3
FFCCFF43FF50FFF3
FF00FFE3FF91FEA1
0005FF3AFFD5FF4D
FF6EFEFC00F6FFA7
FF6800140067FFFF
0006001EFFBD00BC
FF47FFA4FFEDFFD5
000BFF86FFFFFF4E
FF190023FFC40024
FEDAFFA6FFCCFFAA
FF6D000E00730089
0027FED3FF97FF5D
0068010CFF39FFEB
FEB2FEB0FF5DFFD9
00C2FFB30065FFC6
004BFF45FE7100C4
FF43FFD0002AFFAB
00B4FEC9FF8500E9
FEBB005EFE8D005D
FF9DFFE8FFFB000E
FF1DFFC100C2011D
FF59007C00640066
FEEFFEA0FF72FF29
003200C2005F0005
FEE1FEEEFED7FF36
FEC500270032003F
FEB8FEDEFE8EFEBD
FFC6FFC2004FFFC1
00590042FFF700C9
FF9D009BFFDD0059
FFA4FEE00037FE70
FF9EFE980058FF03
0117FF96FF1DFF78
FF0CFFB700B6007C
FF04FF3800B7003C
0015FF78FFB2FF9E
0151FF6D011600AC
01B7FF45014500AB
FF0EFF04FFEEFF83
005500CEFF2BFEAC
FF65FF9F006E000B
FFD500E3FF71013C
00B3012001CDFFF0
FFC2FFF10007FFDA
FF8DFFB3FFC9FE12
0081006AFFD3FEE3
FE7701230129FFF5
0085FF7AFF3AFFC5
FFFF0037FFBBFF71
FEA6FFDEFFEFFE5B
FEB5000E001E0083
FEA2FF6B00D30091
FFC80120FEEEFF30
FF75FF87000EFE6D
FF540045FFC50086
0008FEE1FFD1FF94
002201000094010A
00CCFF2C0070FF08
FF8CFF40FF43FF48
FFE500F4007D0091
FFB5FF49FFE3FFBC
001E00B5FF23FEBF
0047FFAE000B0029
FF48FFAAFFABFFBE
FFC0FF38FF46FFE1
FEF4FFF7FF5CFEF5
FFE8FF1AFFB4FF57
FFA0FEC20104FF9C
FF62002D0038FFB1
00130014FFEB00A9
FF3AFF99002FFFCA
FFFFFF780013FF51
FF1C003DFFA50014
FED5FF86FFA7FF90
FF73FFF0006500B1
0048FEC6FF60FF34
003300DBFF170025
FEB5FED2FF66FFC4
00C2FFC00067FF97
004BFF51FE49009E
FF54FFE9001FFFAB
00C0FEB4FF8400E2
FEF00075FEAB0020
FF9BFFD0FFE70038
FF40FFC900F600F9
FF6000540065007B
FF2BFE71FF63FF30
003800DD001E0028
FED8FED4FEEFFF67
FF220020000CFFFA
FEE5FEF7FE95FEA1
FFBDFF8C0093FFA1
00460096FFF000C0
FF3F00C40015FFFC
FF6BFF640045FE98
FF92FEC70034FF06
0120FFF4FF2AFFAC
FF3EFFC400640018
FF2EFF5F00850007
FFFBFF81FFA3FF8E
013EFF2600C90026
0171FF63016500E9
FF1CFF280037FF69
005E00DFFF52FEA6
FF48000B0079000C
0022009CFFE400F0
006C00E4017AFF94
FFFEFFE50014FFC2
FFA0FFBB0020FE36
004E0066FFFEFF0A
FE5500E200FC000B
00A4FF73FF7CFFEA
FFE00013FFCAFF66
FEAD0062FFE1FE65
FE7CFFE3000C0097
FEADFF97007E007B
FF8E0138FF0BFF78
FFE8FFA3003CFE3A
FF6B0052002200CD
005FFEB8FFB4FF92
FFF000E300450110
007AFF350090FF72
FFDDFF44FF14FF23
00320107007C0070
FFDDFFA7FF90FFF3
00270056FF41FEAE
002CFF9C001A0089
FF38FFA7FF64FFB1
FFD7FF4DFF29FFBA
FF200006FF5AFFAE
FFF5FF52FF71FF73
FFD8FEB500F1FFB3
FFA8002CFFF0FF3E
0029000B000E00A0
FF58FFB70055FFD3
0014FF830010FF65
FF300044FF6FFFF7
FEFFFF82FFD3FFB9
FFD9FFBD005E00C0
006AFEEDFF29FF0F
002200CFFF2F0022
FED3FF5EFFA0FFAE
008800030029FF83
0056FF9AFEA60059
FF64003CFFE8FFAB
00E8FED9FF820061
FF6A00B4FF19FFE1
FF94FFD5FF8F0049
FFBFFFDA00EA00E0
FF54002E005E0078
FF69FE4BFF6CFF33
001000D4FFE30014
FEF8FE9BFF18FF9C
FF230056FFDEFFA9
FEDFFF0BFE67FE85
FF91FF97008CFF62
0029009FFFD70091
FF3500DA0026FFDA
FF57FF990042FE78
FFA8FEDA0011FF11
01390004FF0CFFAE
FF69FFDF003BFFBC
FF20FF7D008EFFB7
FFD7FF85FF9FFFBB
0144FF60009FFFE7
0167FF59013E010A
FF0AFF380025FFAB
008C010BFF61FE62
FF5A00390058FFF8
001C007F004A00DE
006B00C20196FFA9
FFEAFFDD002DFFA1
FFA9002F0048FE06
004E00630015FEEA
FE4100A800F2001F
00A3FF5CFF7D0016
FFD0FFDBFFEFFF64
FECC00B1FFC5FE6E
FE5EFFB8002400C0
FEA7FF8000610058
FF860140FF09FFAE
000EFFC2003DFE1F
FF540043FFFC00EB
008FFE7FFF92FF7A
FFE000FF001C0133
0055FEF200ADFFB7
FFCBFF5FFF0BFF0E
00960105005E003F
FFFCFFC3FF79FFFA
0039005DFF6BFEA4
FFEAFFBD003C00C7
FF3AFFE8FF45FF98
0008FF62FF46FF94
FF16FFFBFF48FFE9
FFCCFF4BFF2AFF63
FFE7FE9A00E5FF9C
FFDD0054FFC6FF03
0016FFE0003C005C
FF9CFF9E0073FFD4
001EFF600043FF71
FF33002EFF7EFFF1
FF25FF87FFAEFFED
0015FFD9003000BC
0065FEF3FF39FF0C
002D0080FF4C004B
FED5FF97FFBEFF96
0087002DFFEAFF6D
0048FFCDFED3006F
FFB30069FFB8FFD1
00F7FEC6FF7B0058
FFAD00EDFF28FFA6
FF5FFFC9FF78006B
FFF4FFC1013100DE
FF77FFF5004F006C
FF8BFE2CFF37FF3C
001D008CFFC40014
FEE8FE59FF21FFB4
FF380075FFCEFF6F
FED5FF18FE64FEBD
FF97FF74006EFF4B
005700AEFFCD0073
FF20010A003BFFB6
FF42FFA5003FFE6B
FF74FEEB0006FF0A
0129004EFF1DFFCD
FF64FFBC003DFFC1
FF31FF870063FF9E
FFBCFF82FFC3FF9C
013EFF200088FFAF
0138FF6D0180011D
FF2DFF450035FFD2
008200EFFF6EFE3B
FF78005E0019FFA7
0022006200670090
005A009D019FFF9C
0001FFCA002AFF79
FF98002D0071FDF3
003A00610039FED2
FE10008200DF0020
00AAFF6BFF830010
FFC0FFBB0026FF41
FECA00EFFFCAFE81
FE43FF8BFFEF00DF
FE71FFB60030003C
FF64015DFEE4FFF3
0036FFE00050FE04
FF590028004E0120
00B6FE75FF5CFF73
FFFF01010006013F
002DFEC900DAFFF4
FFBAFF88FEF1FF0D
00B00107004E005E
000CFFF2FF800037
003B004EFF96FEB9
FFD2FFE7006E00E1
FF1BFFF0FF02FF96
0038FF65FF55FF7A
FF25FFF6FF3B0034
FFC0FF7EFF2AFF9C
FFD8FEE200F7FF70
001A0051FF9BFEE0
002BFFDB00370060
FF9AFFA2007BFFFD
0033FF670055FF52
FF73003FFF67FFF1
FF1CFF81FF7DFFD7
0021FFAA004400A9
0061FEFCFF45FEC1
0023007AFF1D0051
FEF0FFCCFFF0FF70
00590073FFC2FF46
0037FFD6FF05004E
FFC0007AFFB80018
0115FEC8FF93000F
FFE500F7FF61FF6A
FF70FFBBFF420067
0031FFD1012400C6
FF9CFFA9002B0063
FFE2FE27FF1BFF2C
001F0073FF830008
FF24FE2CFF2AFFC4
FF4E006BFF9FFF58
FEF2FF26FE6CFEC7
FFA2FF770061FF52
004200C7FFBF0026
FF3001060048FFA5
FF27FFA00036FE3D
FF6EFEFCFFEBFF1A
01110057FF29FFD5
FF6CFFC10017FFAE
FF37FF9A004DFF75
FFBBFF4BFFBBFFBA
011FFF48005CFF5E
00FDFF62018C0124
FF2EFF560030FFDA
009B0104FF92FE27
FF580079000CFF7D
0080005F00580065
00370087015FFF98
FFFBFFD50021FF7E
FFB5004A007CFDEB
00360044006DFEA4
FDFE004C00B50015
00ADFF38FF8A001A
FFC9FF7B0048FF2A
FEB7013FFFFBFEA3
FE48FF2EFFBD00F0
FE69FFB8FFE50049
FF480174FEF40024
0042FFE80063FDCF
FF34002C00550134
00DAFE60FF6CFF63
FFEE0104FFEB010B
0018FEC600E70010
FF99FF6FFEBAFF2C
00F9013000320047
00480044FF670038
002E0034FFADFE76
FFE2FFE4007D00E0
FF030002FEDDFFB7
001DFF5AFF71FF64
FF13FFFAFF320078
FF95FF8DFF04FF8D
FFF0FEDE00DEFF48
00350083FF5CFEBF
0028FFD9003C002F
FFB7FFAC00C0FFF9
0023FF5D005AFF69
FF930058FF5BFFF1
FF1AFF60FF9AFFE9
0025FF9A004200BE
006CFF17FF26FEAA
FFF6004EFF1D005F
FF2BFFA10013FF6F
000D007CFFEBFF24
002CFFCEFF4B003D
FF8C009EFF9E0036
0129FED8FF83FFD8
0022012EFF93FF50
FF4BFF8FFF1B0076
004CFFB5013A00AC
FFAAFFA20008003D
000AFE27FEF8FF3F
0038005BFF730006
FF4DFE16FF38FFE3
FF59007AFF68FF39
FEEDFF41FE75FF10
FF9FFF6B0049FF4A
006100ECFFB40003
FF4901280039FFA3
FF39FF9D0038FE42
FF63FF0AFFD0FF2C
00EB0061FF2FFFC4
FF83FFBD0001FFB9
FF5FFFAB002BFF4F
FFA3FF29FFC7FFA7
0102FF420055FF40
00CEFF68019E0130
FF3EFF790025FFCF
008A0103FFB0FE27
FF6A009DFFD2FF45
007C00580050003D
001700850140FFB3
FFFDFFD90011FF77
FFBE004100A6FDFF
0018003C008FFE7F
FE00003200B30008
00A3FF32FF71001C
FFDAFF5C0069FF1E
FEB70173FFF1FEC5
FE45FEF1FF9500FC
FE5FFFDCFFC3004F
FF470186FF030035
004B00030069FDD4
FF40002000650157
00D2FE57FF63FF6D
FFF80103FFD30109
001CFEC10106001F
FF85FF7EFEC3FF24
0115011E00200046
007E0074FF5E004D
002E003EFFD8FE86
FFD1000C009000E1
FEFC0008FEB8FFB8
002BFF60FF89FF5A
FF1FFFFBFF2B00AD
FF8CFF8DFEEBFFA0
000DFF0300E3FF19
00480092FF4EFECF
002BFFFD00220021
FFC5FFB800D0FFF9
0033FF610068FF55
FFBD0069FF63FFFD
FF2FFF67FF88FFD9
001EFF7B004D009C
0072FF38FF2DFE91
FFFF0039FF0F006A
FF53FF9B0034FF70
FFE200BDFFE1FF23
001CFFD1FF7A0026
FF8F00A7FFAD0058
0127FF06FFA5FFA2
002B0130FFB6FF18
FF50FF79FEE80098
0062FFB50131007C
FFD6FF83FFE70051
008CFE45FED3FF2C
00410032FF27FFED
FF7AFDD3FF73FFC0
FF370084FF1CFF10
FF29FF32FE3DFF3E
FF89FF9B0034FF49
006100E2FF88FFB9
FFAF01570024FFA6
FF47FFA70054FE25
FF49FF38FFAFFF36
00BF002FFF24FFA6
FF70FFD6FFEAFFEA
FF8DFF9A0003FF16
FFD1FEC2FFAFFFA6
00CAFF7A004BFF28
0073FF88017A0130
FF4AFF8A007BFFE8
00B800FAFFD2FE02
FF7C0091FFC3FF14
00C3004A0051001A
FFFD00890135FFFA
000A000F0044FF5D
FFC500720090FDDE
0017FFF300BCFE3E
FDD4004100A8000F
00A2FF1EFF61000E
001AFF38008DFEF6
FEB301A5003BFF26
FE39FE69FF52010B
FE4CFFC4FF92006F
FF480160FEE40040
0075FFF80086FD92
FF350010003A013D
00F3FE46FF41FF64
FFEB012B00020105
003DFEAA01070059
FF2EFF98FEB8FF2B
012101320011003B
00E200A7FF780060
000D00490001FE37
FFC0002C009F00BB
FF0B0058FE7DFFAF
000AFF33FFA7FF56
FF0F001AFF0500D2
FF6DFF9EFEF6FF9A
0023FF1300F7FEE8
005D00BDFF43FEF1
0015000F000AFFE2
FFCAFF8F0135001C
FFEDFF73005CFF62
FFD4005DFF81FFFD
FF25FF60FF8FFFF9
FFE7FF760047008E
007EFF74FF4BFE90
FFE1FFEDFF39007C
FF8AFF500045FF68
FF9500E70016FF16
0026FFC9FFC80037
FF70009CFF9B00A4
0130FED6FF7DFFA6
004C016AFFB6FEFB
FF36FF60FEF80076
0048FF8700F50049
0004FF65FFAB0012
00E5FE3EFE96FF46
0061001BFF23FFC2
FFB1FDA8FF74FFD0
FF2C0058FEC0FEF6
FF4AFF3CFE2DFF64
FF61FFA9FFE7FF67
009A00E5FF64FF96
FFFC0176FFEFFF89
FF93FF9F0037FE0F
FF3CFF2BFF7EFF2C
0094000CFF3AFF8D
FF73FFA5FFD30051
FFC5FFB7FFC9FEEF
FFC6FEBBFF9CFFA4
009AFFB00042FF45
0042FF8401570106
FF3EFF9F0087FFDE
00D000E7FFC7FDCE
FF8F005FFFB1FEDB
00E0004700210008
FFE700480110002A
FFE800240042FF30
FFE6003E008EFDAD
000B000F00CEFDEA
FDBC002D009C0012
00ACFF09FF3DFFFB
0015FF4E0098FED6
FEC101AF0009FF59
FE35FE0DFF0A00F7
FE3BFFC0FF8D0073
FF7A0136FEF40037
0075FFFF006EFD70
FF0B001EFFF7011A
00E3FE45FF49FF7F
FFD8013400150114
0014FE9600FD0075
FED2FF76FEC1FF6F
01060117002D0033
010D00BEFF9B0093
001A006B0010FE33
FFAB002D00B50070
FF050058FE9FFFAE
FFF3FF03FFD6FF4F
FECE0013FEFD00FF
FF6BFF83FEF2FF85
000EFF4F010AFEDF
006F00BFFF43FF66
002C0023FFD4FFB7
FFE2FF72017F003D
FFD8FF88003FFF28
FFFF007AFFA30034
FF1AFF3FFFAC002F
FFCFFF3D00450091
005DFFA8FF7DFE77
FFEBFFE2FF450083
FFB6FF1E0085FF86
FF5C0144005AFF11
0029FFAD000C001C
FF880080FFA300EA
0102FEF1FF97FFA7
003B016CFF95FED9
FF23FF39FEE8007D
004DFF6400D5001A
004DFF63FF5EFFE4
00C0FE6DFE97FF53
006E000DFF0AFFC1
FF9AFDD6FFAFFFF9
FEF90043FEE8FF2D
FF5CFF14FE59FF51
FF58FFEDFFCAFF65
008900AFFF34FF56
00260150FFECFF9E
FFA8FF730036FE2A
FF0AFF3CFFB6FF53
0091FFC7FF6AFF6B
FF63FFC8FFF60078
FFABFFDAFFC3FEF8
FFFEFE9DFFA9FFCF
0084FFFA0042FF7D
003AFFA0012300DA
FF49FFAD0093FFF0
00D000D6FFCEFDCF
FF72007BFFCAFF07
0102005C0005FFEB
000E002D0133004B
FFD000470038FF28
0005001C0056FDCE
0043002A00CCFDFE
FDE50052009D0020
0083FEEDFF12FFE5
0016FF290081FECD
FECA018B0054FF53
FE28FE09FF090115
FE43FFAFFFC2009B
FF9600E4FEE4FFED
0074FFF3007AFD92
FEF9003BFFAB00F2
00B9FE88FF46FF79
FF8C013A002F0113
002BFE7C00E6006B
FEAFFF78FEC9FF8D
00E90102004C0016
012A00A1FFB6007C
00030047000BFE36
FF9C001900890034
FF040086FEB2FFAF
FFE0FEF4FFFBFF74
FE9AFFEFFEFA00C9
FF82FF6EFF0FFF84
FFF8FF5400F3FEEE
008A00BCFF6EFF7A
002D0051FFB1FF8B
0000FF3C0197003D
FFA6FF9E0022FF37
FFCF006DFFAD0049
FF39FF3EFFAA0040
FFAEFF2B003A00BD
004AFFB1FF9FFEC3
0005FFD0FF41005C
FFAAFEF00071FFB1
FF490133006DFF28
0011FFAA000F0036
FF55005BFFBD0111
00F1FEC8FF9AFFC6
0028017EFF96FEF4
FF02FF4EFF050074
0027FF3800C20001
0050FF8DFF72FFB5
00EBFEABFE9AFF64
0089FFF0FEEEFF7F
FFCCFDDCFFAFFFF5
FEB80035FEAEFF41
FF77FF12FE64FF77
FF520021FF75FF99
00AF0076FF1FFF38
00A50171FFB3FFAD
FFF1FF41001FFE1E
FED6FF44FFBFFF7D
005BFF74FF88FF51
FF53FFC6001E00C5
FFBFFFFBFF93FEDD
FFFFFE76FFA2FFED
005400650054FFC1
FFF9FFC700CE009C
FF41FF970076FFFC
00DF00A7FFC6FDCC
FF9C003BFFC7FF06
00F40089FFBCFFEA
0031000E013300A5
FFB300560041FF0A
001400120022FDBD
0062004600DEFDC8
FDEF00650088000A
006BFEECFF03FFD9
0044FF360083FEA3
FEE301510079FFB9
FE3DFDA3FEF60108
FE32FF89FFB600B9
FFD60097FEB2FFBF
0074FFE60067FD88
FEE40053FF4900C1
0084FEB8FF46FF8A
FF7D015400610117
003EFE7900BE0086
FE4AFF96FEE1FFAF
00CA00F1004C000C
0156008BFFF1008C
00030070002BFE50
FF94002E0095FFD9
FF2F009AFEC7FFAC
FFC2FEC00018FF94
FE5EFFEBFEF2008D
FF81FF57FF3FFF51
FFBAFF9900EEFEDB
009200C5FF7BFFD7
003C0057FFB0FF5C
0007FF0E01B60061
FF72FFAC0006FF30
FFF20072FFE7004D
FF1EFF2AFFB40071
FF62FF2D004700A6
0024FFDAFFF3FED5
0007FFC1FF45006A
FFCEFE8E009DFFD0
FF3F014300BEFF24
FFD9FF8A0029002A
FF46001CFFE00160
00A1FEBCFF9EFFF8
FFF30160FF6DFECE
FEF6FF47FF220062
000BFF050098FFE9
0094FF97FF41FF67
00D9FECBFE93FF87
0055FFA5FEEAFF7D
FFE9FDF1FFB2FFDE
FE930040FEC6FF22
FF62FEC8FE77FFA9
FF390053FF34FF80
00DD0029FF0FFF46
00EF0163FF9EFFC8
0013FF01000EFE0D
FED2FF46FF9CFF6E
0056FF66FFAAFF67
FF2AFFC2001700DB
FF92FFF0FF80FEE3
FFDEFED3FFCEFFF1
0052006E005AFFCB
000EFFD500A60089
FF39FF7B0064005A
00F90071FFBBFDB5
FFBBFFFAFFCDFEE8
00D1007CFFB5FFEE
0055FFE2015800DA
FF9700520030FEC6
FFF800430013FDAA
00B6005E00D1FDBB
FDEE007C00A7001B
002CFF13FF0DFFCC
0083FF4E007FFE77
FEFF01060097FFB5
FE3DFDB8FF080109
FE09FF80FFE2007E
FFEC006CFE94FFD8
0085FFB30046FDA7
FEB90038FEE900C9
004BFEE7FF42FF4D
FF9F018F00860126
003FFE6100BA0062
FDEFFFC2FF00FFDB
00A400AC004E0041
01150084002E00A2
FFF800860027FE95
FF6B003F009AFFBA
FF4800AFFEFEFF92
FFE6FEB30022FFB3
FE7BFFEBFF01004D
FF46FF4EFF8FFF6B
FF76FFDD00ECFEC7
009E00C5FF97FFF8
00470013FFD4FF52
0002FF0701B6004D
FF5FFFBC0028FF2A
00230050FFFE003F
FF0BFF42FF61007B
FF55FF6200600090
0032FFC0005FFEDC
0004FFA1FF39006F
FFC9FE8600A2FFDF
FF8E011F00A6FF31
FFACFF930029004E
FF940009FFF901B4
0083FE78FF9E0025
FFD8012AFF55FF02
FF0FFF4EFF420026
FFF2FEE900A40005
00A5FF98FF2FFF45
0092FEEAFE9BFF77
007DFFB2FF15FF68
FFD3FE0EFF5CFFAC
FE260010FEEAFF5B
FF3DFE6CFE7FFFCE
FF310046FF1FFFA8
0120FFFCFF23FF77
0137016FFF8FFFE9
001BFE94FFFAFE0F
FE82FF24FFDCFF5C
005CFF18FFB7FF28
FEF7FFCC00570125
FF6CFFCCFF85FF0A
FFCDFEC3FFD6FFEA
0053008600B60035
0005FFB900C9007D
FF21FF2F0065004D
00D0005BFFB4FDBA
FFE4FFAAFFBAFEEC
00B200A5FF5F0003
008AFFE201A0011D
FF7B004F0019FEB1
FFD20026FFF9FD88
00C300B200A4FD8D
FDE200BE00EDFFF1
0004FF0FFED3FFB3
008DFF80006CFE50
FF2600C900DFFFB7
FE60FDD3FF02011C
FDEAFF7AFFFB00C7
0006006AFE74FF79
0055FF89003DFD8C
FEA10046FECB00DA
FFF8FF3AFF56FF5B
FF9101A900BE012C
0052FE5A00980015
FDC4FFCFFF1BFFE5
0056009700780079
01240048004C00A1
FFE500B9000CFEC3
FF8A003B00B3FF7F
FF5800C2FF1EFF86
FFD7FE9FFFEBFFE2
FE54FFE7FEDEFFD4
FF64FF3DFFE7FF6D
FF38FFDD0110FEC7
00810096FFB30037
005F0046FFCFFF69
FFECFEED01A40062
FF32FFF30000FF10
001100650021003E
FEDAFF08FF4C0073
FEF4FF330088007E
004FFFE1008BFECE
FFF7FFC4FF1B0070
FFE6FE400087FFE6
FFAD010B00F3FF3F
FFABFF6AFFE50074
FF81FFEB001F01B2
005FFE7BFF9E0068
FF6700F3FF29FEEE
FF1DFF5CFF570019
FF97FEBF008D000C
0093FFC8FF2CFF5F
0044FF32FEB2FF6F
0057FF9EFF20FF46
FFC5FE51FF33FF8F
FDE80016FF01FF8C
FF1FFE6CFE9DFFCD
FF48005DFEF3FFD5
0125FFC6FF29FFA2
016B0176FF99001F
0043FE64FFF6FE0F
FE6FFF180009FF76
0037FEF6FFF1FF11
FECEFFD9009A0163
FF3DFF94FF98FF39
FFC9FEC4FFEFFFF2
003600A700ED0072
0011FFC700BA0049
FF2CFEEA003C0048
00B60036FFBDFDAD
0000FF4DFF9FFF05
009300A3FF2D0030
00ABFFF201C90137
FF2D00470019FE9F
FFC10022FFE3FD87
00E500B700A0FD7E
FDF200F300DBFFE9
FFE6FF23FEBBFF97
00DAFFBB0052FE25
FF4700870100FFD0
FEBBFDBEFF2E011C
FDD6FF60001C00B9
002E0034FE63FF3E
0007FF770031FD94
FE810056FEC900DA
FFB7FF89FF64FF3A
FFA101DA00E200FC
0053FE48006EFFD7
FDA9FFFEFF27FFF5
FFEC00640075007B
0134001E006E007C
FFDD00F5FFF1FECF
FFA4003D009FFF32
FF8100A5FF2EFF86
FFB9FE88FFB6001B
FE67FFECFEDBFF7C
FF67FF34002AFF60
FEFCFFEF010EFED4
0069007AFFC9005E
004F0067FFDEFF98
FFD8FEE5019A007F
FF22FFFCFFE7FF15
000D0044002B0055
FEA2FF12FF4D00A3
FEE4FF5600940076
0032FFF000C9FEB4
0011FFDAFEFE0070
FFE5FE030072FFF4
FFB500D700FCFF4A
FF96FF34FFBE007C
FF7EFFA2003201C1
0046FE70FFC0008E
FF4100D8FF25FF31
FF34FF83FF6EFFF8
FF75FEA20081001F
0086FFE6FF24FF62
FFF8FF4CFEE1FF79
004AFF84FF37FF55
FF99FE5FFF20FF7A
FDB20003FF11FFBB
FF02FE65FEB2FFC1
FF5A0055FEEAFFCC
011EFF9DFF2FFFBD
017A016BFF7A005C
0050FE4BFFEEFE02
FE4DFF040016FF75
003DFEEDFFEDFEE3
FEBFFFFA008F0187
FF24FF82FFA8FF60
FFC5FEF1FFF0FFFB
004900AF012600C5
002FFFA100910045
FF34FEC5001F004D
0094001CFF98FDAD
0023FF22FFACFF14
006500ACFEF9003A
0104000502170162
FF0E002B0002FE8C
FFC00050FFCFFD75
010000DF0096FD6B
FDE701120108FFDB
FFCDFF2EFEA8FF7C
00EEFFF20032FE0C
FF6A006A011EFFD4
FEC9FDD9FF2B011A
FDC0FF5F002800CC
00520025FE41FF25
FFF5FF55FFFAFD9D
FE720061FEA700FC
FF90FFAEFF6DFF4A
FFB50206010000FD
0056FE2B0056FF90
FDAE0020FF360003
FFA8003000680097
0120FFEC00720075
FFCE0100000BFEEC
FFA7003800AEFF13
FF8B00C4FF30FF89
FFDAFE91FF9F001B
FE5AFFECFEDAFF10
FF5FFF11007FFF45
FECFFFC50108FEDE
005100490002007B
003A007CFFE7FF87
FFC8FEE201640093
FF150006FFF8FF10
FFE9002000610073
FE88FF2DFF52009E
FEB9FF4F009A0042
002DFFC300D9FEC1
002D000BFF0C0057
FFBEFDDF004BFFC6
FFE500BB0103FF69
FF8EFF13FF8C00B7
FF7DFF8D004701B1
0034FE61FFDA00AB
FF1A00C5FEECFF4A
FF29FF98FF85FFD9
FF22FE7D00650050
008BFFE7FF37FF75
FFC9FF6AFEF5FF6D
0031FF97FF69FF61
FF94FE97FEDBFF44
FD8DFFE2FF5FFFEF
FEE3FE41FEBBFFCF
FF56003CFEEAFFA4
0118FF64FF47FFCF
01A20145FF610087
004CFE2FFFEDFDD1
FE71FF090028FF7D
005CFEB5FFFEFEE4
FEACFFEB00AC01CC
FF16FF6AFFBAFF96
FFD4FECC0014FFF6
003700B9016200ED
0048FF9D009C0038
FF4FFEB700220035
00920013FF86FDBA
0001FEFEFFE2FF27
002800C3FEBB0061
011700230236017D
FEEF004DFFEAFEA5
FF920031FFD1FDA1
011000E2007DFD88
FE0D015C0114FFE1
FFBFFF45FE85FF6A
00EB001E000FFE0A
FF5B000F011BFFBD
FF00FE11FF5700FF
FDE3FF46007C00B9
0046000EFE3CFF01
FFCEFF49FFF9FDAD
FE710081FE91010B
FF3BFFCDFF8FFF46
FFB90214011300FB
005EFE420063FF32
FDA40006FF43001D
FF6C0032006200E6
010AFF9600B00055
FFE20124FFD6FF08
FFC5001A0091FF12
FF9C00A8FF86FF8F
FFCBFE7BFF7B002B
FE4EFFE3FECCFEAE
FF67FF170090FF25
FEC0FFCD010CFEE8
002D0041005C00AF
00390077FFF0FF9A
FFD1FECB0134007B
FF110009FFE2FEFB
FFF200150073008F
FE4BFF5EFF47009F
FEA2FF6600AC001B
001FFF9A00CAFED7
00440040FF0E0052
FFBFFDC1FFFEFFB9
001B009B00FFFFB9
FF8BFEE5FF5500C3
FFA0FF5100680194
0037FE51FFB000D9
FEEE009BFED0FF86
FF36FFC2FF95FFE0
FEEDFE960078007F
0061000FFF53FF9B
FF72FF90FF37FF57
0018FF9BFFAFFF5E
FF8AFEC7FECBFF20
FD8BFFECFF600027
FECBFE73FEF0FFC1
FF61004BFEF8FFE5
0120FF52FF630010
019D0122FF5B00B5
007DFE15FFD8FE0A
FE91FECD002BFF5C
0063FEAEFFE9FEC3
FE9DFFFB00970202
FEEEFF30FFEDFFCC
FFE3FEDCFFF20001
0041009401940149
0071FF74007F0019
FF2CFE950000FFEE
006D000CFF88FDE8
0048FEB6FFDFFF36
001000B0FE6F00A3
0134005402340193
FEBC0054FFC5FED3
FF88001AFFBEFDA8
010800EE0048FDB3
FE490153011FFFB0
FFBEFF5AFE69FF4B
01040054FFD1FE3E
FF5E00090118FFC6
FF3AFE6EFF76010D
FDD6FF37009900BF
007B000EFE60FEBC
FF64FF35FFC3FDD1
FE49007DFEBB0105
FEFFFFFDFFE0FF6D
FFF40212014500AC
0080FE760028FEC3
FDB20009FF530036
FF2C0018004100FE
00EDFF6A00BAFFF5
FFE70133FFBCFF1F
FFE9FFF4008DFEEB
FFB90084FFAFFFBA
FF9CFE8AFF68003A
FE7AFFDAFEDBFE57
FF48FEF800D7FF1D
FECAFFA300F4FEF6
0002FFFD009700D8
FFF400A0FFEFFFAF
FFB5FEE400FC006C
FF2A0013FFE0FF02
FFC40021007000BF
FE3BFF57FF650075
FE76FF90009A002D
0008FF8400B2FEEC
00280068FEF00022
FF8AFDADFFA2FFC0
002D00510116FFDE
FFB8FE9AFEFB00DE
FF88FF390088012C
002AFE7CFFBA010C
FEA80071FECAFFD0
FF63FFD0FFCDFFCD
FEAEFEAF00670093
002F0040FF55FFCD
FF20FF83FF7DFF3F
002CFFBFFFFFFF9B
FF70FF1EFEA6FF2A
FDE0FFF8FF8B0052
FEC2FE9AFF12FFB9
FF8D0046FF40FFFC
00CBFF36FF720001
016600E1FF6E00C9
007EFE20FFD8FE21
FEC5FEDA000FFF32
007AFEABFFE7FECA
FEB4002600810202
FEEAFF220020000E
FFF4FF1C001EFFE3
0045005601BA0167
00C6FF4E008E0022
FF2AFEA0FFEAFFC5
0053001BFF8DFDEF
007BFE99FFCDFF5B
FFD700B1FE6300D8
016200BF024E0175
FEA60051FFB7FEEF
FF930027FFC5FDCC
00D900F7003BFDF6
FE89015B012FFFA4
FFC7FF60FE6AFF5F
00FB0084FFB5FE86
FF4AFFD200BAFFAC
FF6AFEDAFFB700DC
FE0FFF4B00A300C7
00A7000BFEA5FECC
FF2DFF4AFFAEFDF7
FE650070FEDD010C
FF0DFFDD0023FF89
000302160131009F
0086FEC30025FE6B
FE0E0008FF79002D
FEEB0024001D0132
00B3FF3F00BCFFBE
FFE90131FF8FFF4F
0004FFE6007CFEF3
FFAB0062FFDDFFBA
FFB0FEDDFF5D0044
FEA9FFE7FF0BFE39
FF57FF0900F2FF33
FEECFF7B00E5FF39
FFC8FFEF00CD00DE
FFD300BAFFE4FFC2
FFADFEF600A10037
FF5CFFFC0004FF04
FF9F0019007200F4
FE51FF79FF780023
FE8BFFB20065FFFA
FFD8FF24007CFEF4
005700AFFF19002A
FF89FDC9FF65FFB8
0039003100DE0015
FFECFE6AFEB7010E
FFB1FF3700A500D4
0043FE96FFA90132
FEAF0062FEBA0007
FF6DFFDDFFDEFFE9
FE7FFEDA005E00B0
FFF70048FF9BFFFA
FEBBFFA0FFABFF26
0022FFCF003EFFBC
FF33FF67FE87FF1B
FE090030FFFB008F
FE9FFED7FF35FF9B
FFCD0032FF77FFFA
007EFF2FFF9B0021
010F0084FF8D0110
0059FE23FFDFFE3A
FEF7FEEA0026FF1E
0081FECEFFF5FECC
FECD004500A301BB
FEC5FEFA00540059
0025FF350052FFD9
0064002B01C3017B
011CFF4700B20029
FF54FEC1FF97FFCA
00390021FF65FE17
0065FEACFFE4FF82
FF9300DAFE69010E
018C012202700149
FECD004FFFC5FF19
FF7B0036FFB6FE21
00E100DF0026FE50
FEBC017D012FFF9F
FFD8FF68FE7DFF50
00FD00A1FFBCFED2
FF2CFFA00090FF68
FF76FF42FFF000B5
FE58FF3A00DD00BE
00A10039FEBAFEE1
FEEFFF55FFAAFE53
FE9D0062FEFA0105
FF23FFC20030FF8F
003001F1011D0082
00BFFEE7003CFE44
FE780007FFAB0002
FEDC002BFFFE0137
0061FF0D00BEFF9C
FFDB0133FF72FF68
001FFFE1004AFF17
FF980042FFDFFFD3
FFB8FF16FF5D003E
FEF2FFF0FF3DFDFA
FF94FF0200E1FF3B
FF07FF5400BDFF5A
FF9DFFF500F300B8
FFBA00ACFFC60007
FF9BFF170057001C
FF8EFFD70015FF21
FF7EFFFD005E00CD
FE6AFFB6FF82FFDB
FEA2FFE90045FFFC
FFB3FED8004AFF0A
007600B7FF2C0028
FF50FDF3FF29FFAF
0058FFE700A0003E
FFEBFE75FE79013A
FFB0FF4000C70089
0068FEB3FFAB0146
FEB30047FEA3002F
FF85FFEFFFF6FFF9
FE51FEFF007F00E1
FFB9005BFFF40003
FE68FF92FFACFEFF
0048FFD60034FFE9
FF21FF7EFE98FF44
FE14005C000400C1
FE92FF2FFF46FF6F
FFE5001CFFA90007
0083FF3BFFD90050
00C5005AFF890104
0029FE43FFBFFE56
FF1AFECA0041FEE3
00A3FEE6FFE9FED8
FEE3004500AA0163
FEC2FF01005E0066
0023FF3F003BFFDF
0075000801C40178
0163FF3100D3005D
FF4BFEDBFF6DFF9B
00340046FF48FE2D
0055FEDDFFF5FFB8
FF7B00E7FE610134
018B013C02660104
FEF4002FFFCBFF52
FF960005FFBAFE3D
00CE00F00030FE8D
FEDA017E0132FF8A
FFFAFF62FE77FF3F
00D70084FF88FF0F
FF0DFFB3006FFF3A
FF27FF7FFFF9009B
FE65FF2700E000AA
008E0068FED6FEDE
FEBCFF5BFF9BFE7A
FEC9004BFF410105
FF34FF8F0063FFB3
004601AC00EB006D
00E4FEF90047FE40
FEA2FFDDFFACFFDC
FEF80028FFCF0103
0035FF04009CFF7E
FFCC00FDFF59FF5B
0033FFA9002CFF37
FF750005FFBFFFE2
FFACFF2EFF520032
FF0FFFF0FF63FDE0
FFAEFF0000B2FF26
FF42FF0200ADFF81
FF87FFE300F70077
FF9300C4FFB80004
FF73FF3D00110003
FFADFFBA0027FF44
FF47000A003900C8
FE8DFFB0FF99FFCF
FEB900040045001E
FFA0FEA2FFFFFF10
008800E1FEFCFFFC
FF14FE15FEF6FFBA
004FFFB70099003F
FFF9FE81FE46013E
FF7FFF6F00CD0056
007CFEC8FFAD0145
FE9D004CFEC40039
FF95FFE500050013
FE43FF1D007200E7
FF9B007B00050020
FE94FF43FFDBFEFD
00370008004A0012
FF1BFFD3FEAEFF58
FE9C0063003600A4
FE9EFF53FF40FF39
FFEB0016000A0009
002CFF5BFFEA0038
00410039FFA500D2
0024FE96FFD7FE8C
FF53FED50009FECB
00B3FF2DFFD9FF02
FF040045008F00DA
FEE8FF3E0077007D
003BFFA70051FFC1
00C0FFB301970139
01B5FF3D00F00068
FF3BFF14FF7DFFA9
003B007DFF4CFE42
0062FF19FFEDFFCF
FF5D00D6FEC20122
01820150023F008A
FF2F0028FFE2FF83
FF9B000FFFC3FE79
00A800F40026FEEB
FF01015B0125FFBA
0011FF6DFECCFF8E
00940071FF9CFF59
FED7FFB20011FEEE
FF070000003B006E
FEA9FF3700D8009A
00850098FEFAFF42
FEC1FF66FFADFEB7
FF040020FF5E00EB
FFC2FF4C006AFFC9
0058016A00BE00B2
00B5FF5E004CFE71
FF25FFE8FFE5FFB2
FF240069FFC000FF
FFFDFF1C007AFF8D
FFF800C6FF3EFF8B
0031FF9A001AFF8B
FF77FFEEFFDCFFC2
FFD4FF97FF7E0001
FF51FFFFFF97FE29
FFB5FF070071FF5F
FF8DFEEF00A9FFB5
FF87001E00D0003B
FFB30094FFAC003E
FF65FF69FFD6FFC4
FFF3FFA00056FF47
FF3F002E000800A4
FEFEFFD9FF94FF77
FF0C0022000A0029
FF90FE5BFFB0FF2C
008300D7FF280009
FF0EFE8CFF12FFB9
0062FF99004C0047
0029FEB9FE440141
FFB5FFA600AD0005
008CFEC6FFAF013A
FEE60046FEC00054
FF92FFD20001001F
FE81FF58009E010E
FF71007F00400031
FEC7FF37FFCEFEE0
00390027000E003B
FF32FFD5FEAAFF66
FEDC006200210069
FEACFF3EFF1BFF1A
0001FFCC005B0008
002FFFBB00050079
FFFF0070FFD700A2
FFE9FEECFFE6FE9B
FF4AFEEAFFF7FEBD
00AAFF6CFFC9FF19
FF11004300600081
FF09FF3300830061
0017FFBF0046FFAF
00AEFF4D017B00E4
0190FF650113007C
FF34FF16FF91FF7B
003E00A4FF68FE6B
0039FF4BFFDEFFD1
FF7800D2FF21010D
0138012701ED0074
FF780009001AFF9A
FF750023FFF2FEA1
009E00D40031FEFD
FEDB0155010FFFD4
001BFF65FEFBFFB3
00820050FFD4FF63
FEC6FFDDFFFDFF0B
FF02000B004A0061
FED1FF3F00AE0092
004700CAFF01FF7E
FEF0FF8EFFCEFEA5
FF48FFEEFF9900F6
FFF1FF1C0055FF8A
004C0147008F00DA
00B9FF670057FECA
FF6CFFD4FFD1FF51
FF580079FFB100E4
0003FF5B0047FFA9
FFFF00CCFF77FF51
004BFFB9002DFFE8
FF8BFFDCFF9FFFAF
FFC2FFB4FF5FFFE4
FF7C001EFFA3FE9E
FFC3FF050020FF5D
FFDAFED100BEFFDB
FF9E005D007CFFB7
FFDA008CFFCD004C
FF2EFF92FFFBFFA4
FFFDFFB30044FF71
FF440028000B0079
FF41FFDCFF85FF78
FF47000E00040015
FFB9FE7BFF88FF07
005600CCFF630011
FF2DFEDAFF5CFF9D
0028FFB3004C0023
0041FF29FE7B011F
FFA1FFDB008CFFE5
0086FECEFFA0010C
FF1C005CFED7005B
FF9CFFB9FFDA0018
FECEFF7B00AE0106
FF8100660044005A
FF33FF07FFA0FEF5
00150004FFD7002F
FF45FFBDFEB6FF81
FF29007000150003
FEC9FF59FF33FF34
FFFCFF92007BFFE5
003FFFD50024006A
FF8D0087000C003D
FFD0FF300007FED5
FF51FF15FFDEFEC4
00A9FFBDFFDAFF6A
FF3300490045FFF7
FF1DFF4F00650033
FFF7FFEB0053FF7D
00BBFEF70129006E
0166FFA6016500AB
FF37FF2AFFB7FF9B
003300BFFF96FE59
0052FFA5FFBBFF90
FF9200A8FF9900AA
00E4010701A8FFEA
FFC0FFE8004AFFAC
FF8C0050004FFEA1
006B007E005FFF2D
FEDC011900E5FFFE
001DFF80FF4FFFD5
0054002A0004FF63
FEDB002DFFF4FF03
FEFC001D0049006D
FEC7FF6A004F0059
000200F7FF20FFF3
FF47FFB1000EFE7D
FF64FFA2001F011E
006BFEE5003FFF55
00500150005F00D3
007FFF730059FF26
FFB9FFFAFF81FF30
FFA600B2FFB00103
001EFFCF0027FFE6
001A008AFF79FF4A
003CFFAB004B0049
FF7AFFF9FF4EFF9A
FFE9FFF9FF44FFC7
FFCB0045FF95FF4F
FFB7FF58FFE3FFA5
0012FEE300C5FFEC
FFB400760003FF4C
001E006CFFF90056
FF2CFFA50015FFA2
0017FFDA0053FF7F
FF83002BFFED0053
FF7CFFB9FF57FF50
FFA50011FFE20027
FFE6FEA0FF6BFED8
001F009BFF68003B
FF5DFF66FF97FF8E
001FFFCA001BFFF1
003EFF4DFEC800DC
FFD50031005AFFEA
0093FEDEFFA100AF
FFBC006FFF36000E
FFB9FFA4FFA5001B
FF52FF9500BB00D7
FF850012003D0041
FF78FEFEFFB0FF19
00070027FFB4003E
FF5DFF87FED3FF8B
FF51006BFFE8FFD9
FEF8FF57FEFEFF08
FFFAFF810096FFC1
0022002C00150066
FF5E00B9FFE50024
FFA4FF99001BFEBD
FF5AFF27FFD9FED4
00B0000AFFAAFF76
FF62003C0014FFA4
FF3EFF7600640003
FFE9FFB5000DFF8E
00CAFF0D00EE0011
014DFFAF014200E6
FF45FF54FFD2FF99
005000EDFF9EFE91
FFFEFFF1FFD6FF8A
FFBF0092FFDE008F
00B600D8018AFFE3
FFF8FFE3003CFFC9
FF9300830079FEBB
006800720077FF0A
FEC000E800D60024
0030FF81FF62FFF5
0052FFF5001DFF60
FEDF0048FFE7FF04
FEF1FFF500470062
FEE6FF8F0033004D
FFE2011AFF2D0037
FF8CFFADFFFFFE61
FF89FFC800270101
007EFEE10010FF6F
002C010A003500D8
0052FF710096FF82
FFC7FFFBFF82FF23
001A00D7FFA600BA
002CFFE2FFF3FFF3
0030004EFFB4FF18
0022FFA30069007F
FF86FFEEFF3DFF99
FFECFFE0FF4DFF84
FFB90061FF95FF9F
FF97FF39FFABFF78
002CFED000ADFFDB
FFDB00880000FF24
0025005800210028
FF61FFC80040FFC7
0031FFC80045FFA2
FF97002DFFE4002C
FF80FFDAFF8BFF7A
FFEA0004FFF80026
001DFEB0FF4EFEF9
001D0092FF810036
FF6AFF89FFDAFF61
0017FFD2002CFFCE
003FFFA4FEE800A6
FFC6004F0010FFE9
0094FEFEFFB0006A
FFFD00A7FF46000D
FFA1FFACFF8E001E
FF95FFA700C700DB
FF8100200020004C
FF9AFEE5FF7FFF25
FFFF0041FFA50052
FF44FF56FEF2FFB9
FF6E0055FFE5FFB2
FF1CFF6CFEF2FEF7
FFFDFF4000BBFFB7
001C0069000E006A
FF2F00E30013FFEF
FF79FFD60024FEB2
FF57FF56FFECFEE3
009C004EFFB4FF91
FF830007FFF9FF9C
FF6AFF740047FFEC
FFDCFFA6FFFAFF6C
00BFFEF000B8FFC1
010FFFC4017A00E0
FF69FF600011FF8A
005B0106FFA1FE7F
FFC10017FFCDFF82
0018005300180056
007F00B80168FFAA
000BFFC80045FFAF
FF9D0071009DFEA8
003300580091FEED
FE8300AB00B90038
0051FF57FF990005
0029FFDC0027FF54
FEEB0086FFCEFEF7
FEEDFFBE00120061
FEEAFFB300050035
FF89012BFF350052
FFC1FFBF0023FE3A
FFA8FFBE00870126
00BFFECBFFD5FF47
000A0101FFF500C5
000DFF4100ADFFC7
0001FFE5FF3FFF03
002D00E8FFDA0096
003D0022FFC60024
00290037FFC7FECE
0023FFBF006A00A3
FF70FFDFFF00FF91
0002FFC9FF4AFF73
FFC00066FF7F0008
FFAEFF76FF77FF82
0023FEC200AEFFD7
FFDF0076FFC8FEDD
0047005E00210059
FF6BFFC60072FFD5
0027FFC20035FFAD
FFA8001BFFC5004C
FF8DFFD2FFA0FFA2
0034FFDC00230040
002DFEE4FF27FECA
0022008CFF6F002F
FF84FFA50007FF73
FFDE001A001CFF9B
003DFFCBFF2F0065
FFC30071FFEA0001
00CEFF14FFC7FFF8
003D00D5FF87FFE4
FFA9FFAFFF540026
FFD9FFA900BB00D1
FF95FFDD001A0067
001BFEDFFF6EFF40
FFE70038FF5E0040
FF84FEEFFF12FFD5
FF6C0064FFA5FF5D
FF52FF47FE9EFEF9
FFE3FF3200BCFF7C
00220078FFF50062
FF4D0118001DFFC4
FF56FFFE0031FE96
FF4BFF7DFFBDFEED
009F005DFF8FFF8F
FFB30007FFA5FF48
FF8BFF730032FF8D
FFA9FF91FFE5FF77
00BDFF12009CFF8D
00B4FFCB01700103
FF6AFF6A0036FFC2
0071011EFFA6FE54
FFAA0049FFD0FF6B
00340030006C0012
005A00820167FFDA
0026FFE1006BFF92
FFA300D500BBFE72
001F00360093FEB0
FE5C008000CD005C
004DFF42FFAA001F
0026FF9A004AFF54
FF0600BDFFBAFF1F
FED9FF84FFF10063
FEDDFF96FFD5002D
FF68013BFF3B0097
001AFFD5002FFDF3
FF9BFFC700700128
00CBFEA5FF96FF20
FFEF010CFFFF00C4
FFFDFF1C00C5002C
FFEDFFD2FF25FEF3
009300FBFFE10076
00750041FFB4003C
00270038FFF6FE82
FFFEFFFB009F00BA
FF73003CFECDFF8A
0010FFA8FF5BFF38
FFA8006BFF54005B
FFA8FF73FF47FF7D
002FFEB600BBFF9F
FFFA00ACFF92FEBA
005A004C00440026
FFB0FFB500C4FFE7
0016FFC1003EFFB8
FFB0FFF4FFD20056
FFA7FFB8FF96FFD0
0062FFDC00250031
0055FF1FFF40FECA
00070051FFA1005B
FF8BFFC8002DFF60
FFE400540037FF6D
0036FFF0FF7D0064
00080097FFBF0023
00C1FF08FFA9FFCB
00850101FF8DFF9D
FF71FF98FF4D002E
0011FF8E00C200B4
FFD5FF88FFF20055
0041FED7FF49FF51
FFDB0015FF530046
FF7DFEBBFF3BFFEC
FF8E005EFF86FF39
FF77FF6DFEA4FF16
FFEFFF2800A0FF7A
000C008AFFE00036
FF5801240015FFA6
FF5600260029FE6B
FF50FF9EFFB1FF05
0076009BFF94FFB7
FFA1FFE4FF94FF74
FFB0FF71000AFF89
FFA9FF64FFE0FF69
0097FF0B007CFF47
0075FFCE016D010C
FF8EFF760058FFC9
007C0111FFB1FE31
FF940045FFC7FF3E
00580001008EFFE3
004700660157FFC2
0017FFD20049FF74
FFC600C400D4FE60
0008001900CAFE8C
FE33005600A90066
0057FF37FFB80019
0030FF7A006AFF32
FEF200F5FFA1FF25
FEE4FF2EFFCA005D
FEC7FFC2FFB2000A
FF4C0120FF4600B2
0042FFDB003EFDD8
FF94FFC300920142
00E9FE98FF5AFF1D
FFEB0123FFE700B4
FFC1FF0700E2004C
FFD6FFD3FEFDFF01
009C0103FFFD0074
008E006AFFB4006E
003A00250015FE76
FFE7000800B800A7
FF660027FEB8FF89
0024FF9FFF6DFF3D
FF940076FF5E00A7
FF9EFF98FF4DFF79
0025FEE800B6FF7F
002F00A0FF97FED5
005E00330041001F
FFC5FFB200E40002
002AFFA8004AFFAF
FFD9FFF7FFBB006D
FF81FFC9FFA5FFD4
0061FFC400350027
004EFF29FF40FEC2
00000053FF910058
FFB9FFBF0052FF63
FFB400970033FF60
001DFFF3FFC40037
0010009CFFB70062
00DBFF09FFADFF6A
00C4011EFFB1FF9A
FF7EFF97FF10002E
003FFF8200AA00A8
FFE5FF6EFFE00048
009AFED3FEF8FF35
FFCC000EFF10002A
FF9EFE74FF3AFFF4
FF4D0054FF4BFF2A
FF88FF55FE6AFF0D
FFE7FF230082FF9D
003F0099FFCD0038
FF7701510032FFA5
FF50000F0036FE12
FF33FF98FFA6FEFE
00690098FF96FFA7
FFA0FFCEFFA6FF85
FFAEFF46FFF1FF50
FF98FF09FFB3FF48
008BFF340085FF37
003AFFB8019C00E6
FF82FF5A006EFFBF
009B0131FFB6FE08
FF7F0020FFC7FF10
00ACFFFF0080FFC5
00250061014FFFE0
FFF9FFF40063FF55
FFC000D200BDFDF8
FFF1000C00E7FE19
FDE00050009D006B
006FFF16FFA3FFFC
0051FF510076FF05
FEE30120FFAAFF3F
FED3FECBFF850087
FE9FFFAAFF93001F
FF3D0130FF2300CC
003BFFCE0042FD8C
FF89FFCE009A013C
00FDFE66FF4AFEE6
FFDF0153FFDD00A7
FFE5FEC100DB0087
FFABFFB6FEC1FEF8
00A101310005005B
00DA009BFFB50090
00110037001DFE0D
FFE7001F00D70081
FF4E0048FE77FF85
0016FF6EFF62FF1D
FF7C0089FF2D00C3
FF8BFF94FF1EFF71
001FFEDB00D1FF5A
002C00C0FF6DFEDF
005F00420019001E
FFB3FF8801560014
FFFCFF9F0031FFAA
FFD2FFFBFFAA00A3
FF5FFFA8FF920002
0038FFB4005F0048
0050FF49FF38FE74
FFD40040FF56005C
FFDBFF65006AFF73
FF6000C60072FF22
0011FFDEFFD30044
FFDF0085FFAE00C0
00E8FEF2FFA3FF4B
00ED014AFFACFF80
FF67FF6CFF050024
0045FF5E0091008D
0017FF36FFC6002D
00CAFEE8FEEFFF46
FFE3FFE7FF050005
FFBBFE41FF7AFFF6
FF570047FEFBFF1C
FFBDFF71FE78FF4D
FFE3FF60004CFFAB
00580084FFB0FFDD
FFBD01480027FF8E
FF6AFFEF0026FE09
FF2DFFB1FF6EFF19
0030008EFF8BFFA1
FF9AFFAEFF86FFA3
FFD6FF64FFBFFF42
FFAFFEF2FF9AFF48
0066FF790047FF33
0017FFB5015900E5
FF80FF710064FFDB
00C30141FFC5FDEF
FF910021FFBEFEE1
00E100070077FFB4
FFFA0062010D0002
FFDB0000005CFF49
FFE800DD009BFDF7
FFF5FFF60116FE05
FDD7001F00730062
0060FF38FFA0FFFA
0049FF2C00A2FF0A
FEE1014BFFAEFF50
FEC1FE7DFF4D0087
FE83FFACFF8A002C
FF540128FF2300CA
003FFFD5002AFD9B
FF7CFFD2007B0104
010EFE70FF3AFF15
FFCE0147FFDF00A2
FFDFFEC000FB00B6
FF64FFB6FEC9FF3C
00AE01210010003A
00FA00BAFFA800AC
0010002B0036FE18
FFDC003300D60026
FF570048FE9AFF90
FFFDFF59FF94FF32
FF5F0089FF3500C3
FF78FFA8FF3BFF4B
0017FF2E00DCFF4B
005000D1FF63FF33
002D0036001DFFE8
FFB1FF7401710040
0003FF7A004CFF89
FFF40019FFB00090
FF4FFFB1FF9EFFF8
0003FFAD00850057
0061FF61FF5CFEB0
FFCD0010FF53005D
000CFF270086FF89
FF3300FB00A9FF2F
0003FFDE000E002C
FFE5005DFFA300D8
00E8FED7FF91FF4A
00FB014CFF98FF79
FF5FFF40FEFC0017
0054FF5600570043
003BFF36FFAA0010
0111FEF5FEB5FF4E
FFF0FFC1FF09FFDF
FFE2FE11FF7AFFDC
FF5D002CFEC4FEFF
FFE5FF4EFE86FF94
FFE5FF660018FFDF
008F008AFF90FFCF
00030163000CFF80
FF8EFFD3003FFE19
FF3EFFA4FF4AFF1A
0013006FFF95FFB5
FF90FF8EFF9DFFC4
FFE7FF72FF94FF25
FFA8FEBBFF9AFF4C
0058FF98002CFF34
FFD4FFC4013D00CE
FF7FFF7F0080FFD6
00DA0128FFC4FDEB
FF99FFFBFFD6FEC5
00F5FFF40056FFC2
FFD7003500D50006
FFE9000C0060FF40
FFE300C70080FDD6
FFEAFFC40122FDBF
FDBC00060075005E
007CFF45FF9EFFDD
0065FF4900B0FEF7
FF0A0153FFB3FF6E
FEBCFE28FF020085
FE5EFFA3FF7D0023
FF50011AFF1500C4
0056FFB90024FD76
FF6CFFD3005C00D7
0105FE7BFF4EFF28
FFDC015FFFF40097
FFE2FEAA00F300E9
FF31FFBBFED1FF61
0099012D00230030
010500E7FFC400C6
FFF500530039FE04
FFD3003900DFFFF5
FF59004CFE9EFFA6
FFF4FF31FFA1FF2A
FF49009EFF3200DB
FF76FFA7FF50FF65
FFE7FF7000FDFF1A
003F00C9FF5EFF8A
004800220006FFEC
FFA3FF7E01A20056
FFC9FF9F0018FF75
00310008FFCB0087
FF28FF91FFB50024
FFCCFFB100B70058
006FFF95FF7EFE91
FFACFFE3FF550069
0038FEFB00A9FF9A
FF0D011A00D6FEFB
FFF9FFBB00460009
FFBD004CFF9A0113
00CAFEE9FF95FF50
00EE0137FF91FF63
FF67FF2EFF13000B
0052FF5E0028001D
005EFF49FF57FFC5
0124FF0CFEA4FF5D
000AFFCDFEF1FFC0
FFF7FE35FF95FFEE
FF37001CFEB4FF0B
FFE6FF4EFE8FFFB4
FFD0FFA5FFDDFFE5
00910069FF6DFFA4
0035015D0019FF75
FFA3FFAE0037FE02
FF29FFB5FF4DFF32
00000035FFB5FFB7
FF84FF82FFC6000C
FFEFFF94FF87FF0E
FFC6FE88FFADFF54
001AFFDD002BFF3A
FFC1FFE30134009D
FF70FF6E0080FFE2
00E70118FFE3FDD5
FF96FFE5FFCAFEC3
01060008003CFFC9
FFC7002A00BC0012
FFBC0030005BFF1F
FFF10095005FFDD7
FFFEFFD70139FDB2
FDC1000A00420050
0079FF37FF95FFE3
0076FF4200CAFED7
FF13014BFFC2FF8B
FED4FDE9FF050096
FE67FF98FF8E001D
FF7900D5FF010093
005BFFCD0036FD7E
FF54FFE6001E00B5
00FAFE8CFF62FF33
FFBA016EFFFA00B0
FFF7FE9B00EB00F6
FEECFFB2FECCFF71
0082012E00430027
012900E5FFDE00C3
FFFC0069002BFE1E
FFC2004400B7FFBD
FF560053FEB8FF97
FFE0FF1BFFB3FF52
FF2B0081FF2000CF
FF83FFCFFF3AFF6B
FFBFFFA10102FF22
005800D2FF61FFB6
003D0024FFDEFFD3
FFC0FF5501BC006C
FFAFFFAC0001FF67
003E000AFFD8009B
FF22FF92FFA2004B
FFA5FFAF00AD006B
004CFFBFFFAFFEA8
FFB7FFD8FF4C007B
0059FED300C1FFB8
FEE5013300EBFF14
FFD9FFB5006FFFFD
FFAB0010FFAF015F
00C6FEC9FF87FF56
00DB014AFF8DFF58
FF6DFF33FF130018
005AFF45001DFFFE
007AFF45FF56FF9A
012EFF23FE80FF38
001CFFBAFEDBFF89
000BFE32FF7AFFE9
FEE2FFF5FEABFF11
FFCCFF0EFEA1FFCB
FFACFFC8FF8B0004
00B9004FFF67FFAA
0092016CFFF9FF7C
FFD9FF540033FDFD
FEEDFF95FF85FF4D
FFF9FFC3FFCDFF86
FF61FF85000E005C
FFCCFF96FF6CFF0C
FFC7FE42FFA7FF6B
FFFA00170058FF72
FF82FFED01190078
FF73FF640080FFCF
00F700EBFFE1FDBD
FFA8FFA1FFD0FEB3
0107002FFFF7FFE2
FFD9000000C60050
FFB800370065FF06
FFE3006C0043FDA9
0025FFF00131FD98
FDBD0028004D003C
005CFF31FF58FFC9
006BFF5B00DAFE98
FF310143001CFFB6
FED2FDB9FEE400B1
FE4CFF60FFA6004F
FF9D00AEFED50049
0040FFC80044FD59
FF290000FFE70096
00BBFEC1FF74FF36
FF910192003900BB
0029FE7400B800EB
FE93FF9BFECCFF94
005E0113006A0022
015600C8FFF100D1
FFF400A70008FE1C
FFD7002F00C9FF7C
FF67006CFEC2FFAC
FFBDFEEBFFBCFF6F
FF04006DFEFD00AD
FFB5FFB1FF4AFF59
FF86FFB80120FF14
005C00E3FF4DFFE5
00480033FFC7FFC2
FFBAFF1F01ED0079
FF73FFCCFFC7FF5F
004D0014FFFA007A
FF0AFF4BFF9C0086
FF4AFF8C00AE007B
004DFFEFFFE3FE9D
FF89FFB5FF58008B
0072FE7200B8FFDC
FEDE014A012FFF0A
FFC8FF800080000B
FF79FFE9FFCB01A2
0088FE9BFF72FF9F
00960134FF6DFF34
FF5CFF28FF1D0006
0025FF18000BFFF2
0092FF78FF1DFF5B
0133FF4CFE9FFF5D
002CFFAFFF0DFF65
0019FE4FFFBBFFBC
FEB5FFECFE9FFF16
FFDAFEFCFE94FFDD
FF82FFFDFF4C0006
00BF0022FF48FFA5
00E40177FFC3FFAD
000AFF560028FE1B
FEECFF91FF79FF6A
FFE4FF83FFE0FF79
FF48FF7B000C00B3
FFBFFFBAFF4CFF11
FFE8FE4BFF83FF91
000700750044FFD8
FF80000000C70056
FF51FF5A00A0FFD8
00ED00B5FFDBFDF3
FFD7FF9FFFDAFEDA
01080033FFCEFFF0
FFCEFFD400CE0083
FFA20068005AFEED
FFDE0057001BFDC1
005D00200112FD9D
FDCD005100630036
0043FF34FF44FFC6
0091FF760093FE84
FF48010E0048FFCB
FECCFD99FEF200B0
FE41FF57FFCE006C
FFDB0061FEB1FFE3
0051FFAC002DFD91
FF15003CFF7F007F
0074FF05FF6CFF6F
FF8B0180007D00E1
002BFE8000B400DF
FE53FFBDFF05FFC4
003F00E40078000F
014C00A0001800B6
FFEE008D002BFE6D
FFB8004300ABFF58
FF900075FEF7FF99
FFA8FEBDFFE0FF9C
FECC0067FEDA0052
FF9EFF92FF9AFF56
FF6BFFDC0119FEEF
007200C3FF8F0040
004C0052FFB5FF93
FFD2FF0501D90095
FF59FFDEFFBFFF3D
0045001A0018006D
FF01FF61FF9200B3
FF2AFF6800BF007A
00420012001EFEE5
FFB6FFC0FF5A006E
0054FE4200C5FFF1
FF0401360125FF29
FFB7FF810062000C
FF6BFFAAFFD701B8
0070FE93FF8EFFD1
00560121FF56FF37
FF5FFF3BFF47FFF0
0013FF16001CFFF0
00ACFF99FF01FF52
0131FF51FEAFFF6C
0038FFCAFF0AFF29
0026FE88FF92FF8A
FE59FFCDFED3FF2C
FFAEFEADFE89FFEC
FF4C001EFF19000A
00F0FFD7FF6AFFD7
013B0176FFA5FFC9
0041FEEB001EFE2F
FECBFF86FFB1FF88
FFF6FF22FFF1FF58
FF17FF7100260104
FFB4FF9BFF45FF2E
FFDFFE55FF8FFF90
FFF50093008D0025
FF69FFF300DC0027
FF47FF3100B9FFEB
00F40086FFC5FDF7
FFEEFF54FFD5FEEC
00F20071FF8A0001
FFE3FFBB010400CF
FF72007B0053FEED
FFBF00330004FDB6
006F005000D7FDB9
FDF40098007E0026
0017FF40FF29FFC4
009FFF99007AFE5D
FF5D00B30088FFDD
FEF1FDB1FEFF00A8
FE4EFF33FFF8009B
000D0048FE9CFFA5
002FFFA8003BFDA2
FEEC0045FF510081
0025FF4DFF7CFF65
FF86019000B100FD
0031FE990078009D
FDFDFF9CFF1FFFEC
001E00B500AD003B
0168004E004300C1
FFFB00C1FFE6FE94
FFCC003100A5FF2E
FFBB0083FF3BFF7F
FF93FE90FFD7FFD1
FEBB004FFEC6000B
FFC6FF9BFFBEFF54
FF48FFF30143FEFB
005D00C9FFA00062
006B0055FFA5FFAA
FFD1FEDB01E60072
FF2BFFF4FF9AFF33
004C00260016006A
FEECFF3BFF6E00E4
FF01FF5500AC006D
0045003E0054FF07
FFABFFC6FF62008A
0068FE1F00AE0008
FF53012C0154FF65
FFA5FF78002E0002
FFA7FF8DFFF201CA
0043FE77FF75003D
FFD800E2FF4EFF30
FF54FF65FF77FFE9
FFE3FF02001F0000
00BCFFB2FEFAFF62
012BFF59FEF1FF7F
0027FFBCFF0EFF0B
002EFEB4FF99FF50
FE0AFFC5FF12FF5E
FFA2FE64FE6EFFD1
FF29003EFEF8FFEE
010DFF93FF6FFFE9
015B0157FF82000D
0056FEB9FFFDFE43
FECBFF79FFC5FF7F
0027FEFD0005FF50
FEF6FF75002D010C
FF93FF9CFF45FF32
FFE2FE8DFF97FFBC
001200DB00BA007E
FF7EFFD500CC0011
FF1DFF1E00C8003C
00E40078FFB1FE18
FFF3FF3EFFDBFF20
00CF0076FF60FFF3
0011FF770156010F
FF5300B00050FEDF
FFB70020FFDBFDCB
0095008A0094FDD7
FE1E00F000A3003F
FFE3FF56FF19FFC1
009AFF9B0050FE68
FF72006900BEFFE3
FEF7FDFDFF0700B5
FE5AFF1E002E00BD
00420030FE95FF7F
0017FF780029FDE4
FEB20070FEE40069
FFE7FFA6FF81FF79
FFA0017300E300ED
0025FEB80060005E
FDC5FFA2FF4D0022
00140093009E0045
014D0003008500AA
FFF9009AFFCCFECF
FFBC001F009BFF0E
FFD700A7FF7DFF6F
FF89FE68FFE7FFEF
FE990035FEACFF99
FFB9FF740003FF59
FF20FFF10146FEE8
006800AEFFE800BD
008E006CFFB2FFA0
FFEEFEC801BF0073
FF14002AFF8BFF0C
002F003B00160063
FEF0FF2CFF6000F1
FEEDFF57008C0064
003C003D0098FF60
FFCAFFD8FF610065
0043FE2F00760006
FFBD00ED0170FF85
FFA3FF7AFFEE0034
FFCBFF7FFFEB01BC
0017FE7CFF85006F
FF9100C9FF4FFF48
FF32FF83FFA7FFC7
FFA9FEEB0034001E
00B3FFC6FEFCFF72
00DFFF59FF18FF8A
0017FFBAFF56FF1B
0004FED5FF9BFF2E
FDFAFFC4FF52FF91
FF7FFE6BFE6FFFC2
FF070051FEDDFFD3
00F1FF69FF63FFF1
01660138FF820019
0057FEB8FFE6FE3A
FEE8FF74FFBCFF9D
003FFEEE000FFF43
FEEBFF5E000B014F
FF7EFF86FF5AFF5B
FFE5FEC5FF7BFFDB
001600F700B600A8
FFA9FFA400C1FFFE
FF20FEF600BC0030
00D20055FF94FDFF
FFD4FF28FFD9FF3F
00B2004EFF51FFF6
0015FF7401540100
FF3400BF002AFED5
FFAD000FFFC9FDFE
00B600B8006FFDF2
FE49011B00AC004E
FFE0FF62FF12FFA5
00A0FFC10015FE70
FF74001E00C0FF9A
FEF5FE30FF200097
FE78FF0F004B00A2
005CFFF7FEA3FF49
FFFCFF5A0024FE22
FE800083FEC5006A
FFC6FFD0FF97FF9C
FFA80165011000F8
0013FEC7004EFFFB
FDB1FF7AFF70005C
FFE9006000AF0054
0121FFD000970067
000E0095FFABFF12
FFB400100071FEF8
FFE800A3FFAEFF58
FF74FE48FFEE000C
FEA00007FEC5FF3C
FFBCFF620053FF39
FF0FFFF90121FEDF
005F0078002800E8
007E0064FFBBFFAD
000EFEAB018C006A
FF1A001FFF9FFEF3
0011003CFFEB006A
FED8FF50FF6F00EA
FF01FF6F00910060
00260056009EFFA1
00080002FF590043
FFF2FE14003D0004
001400CB015EFFCD
FFA0FF5AFFBD004B
FFEBFF61FFE50199
0018FE71FF88009B
FF6100BEFF36FF8C
FF5BFF96FFB8FFA3
FF9CFEEE0021002C
0088FFEBFF15FF9A
0074FF58FF56FF91
0031FFD6FFAAFF0A
FFD8FF07FF82FF0D
FDE2FFC6FF92FFCC
FF5CFE75FE8FFFB6
FF240049FEEAFFED
00F0FF45FF7B0019
015B010DFF6E0060
006CFE73FFE0FE72
FEDDFF5E0002FFB0
004BFEE30008FF37
FEC2FF540033018D
FF4FFF65FF96FF96
FFE6FEEFFF9CFFE6
004400DA00E4010C
FFD1FF7B00CCFFD7
FF1DFEE500AF0035
00AD0022FF6DFE22
FFF4FEFEFFD5FF7B
0095006EFF140022
0038FFA301920118
FF0F00B0FFF1FEE8
FF9DFFFEFFB5FDF8
00B900DA0044FE27
FE61013300CE004A
FFD5FF7CFF08FFA8
008CFFFBFFCEFE7A
FF88FFD300C4FF8F
FF31FE78FF4700A0
FE7BFF23007300AB
006AFFF9FEA1FF02
FFC9FF46FFFCFE67
FE71008EFED7006A
FFA2FFFFFF91FFAF
FFE5017B012900EC
FFFEFEE80025FF94
FDC7FF90FF89006B
FFA6004D00B60072
0100FF7600980053
001800A5FF87FF43
FFBA00200056FED2
FFF7008EFFFEFF78
FF83FE5FFFDE0040
FEAEFFEBFEC9FEC4
FFC9FF810095FF38
FEF7FFF70129FEE0
0029002F005900F7
006F004EFFBBFFE4
FFFDFEB7013D0067
FF280015FFB3FF05
FFEE003FFFE7007A
FEB1FF4FFF6C00C6
FEEBFF78007A004F
0024003A00B1FF98
0021002FFF2A0031
FFDBFDFE00030010
0063008F0150FFF5
FFAEFF4AFF720069
FFE4FF4D0011015B
000DFE79FF9F00CB
FEFA0088FF11FFAE
FF59FFC0FFF0FF8D
FF5BFEFD0038005E
0063000BFF49FFD5
005BFF4BFF77FF8C
002AFFCEFFCBFF2D
FFC6FEF1FF6FFF11
FDD4FFCAFFD0FFB9
FF46FE52FE6EFFA8
FF0E003DFF1AFFC4
00E6FF4FFF5F002F
014C00FFFF63005E
004BFE54FFDDFE71
FEFCFF3A001DFF98
0089FEEFFFE9FF3C
FEB4FF5E00460174
FF2DFF5CFFC2FFB4
FFE7FF1FFFB6FFE0
008800CA00F00112
000EFF4C00D2FFEB
FF11FEDD00A4006B
00CC002DFF55FE17
FFE1FF0EFFE9FF76
006E007AFF2C0034
006BFFBA01D50122
FF2B00A7FFE1FEE4
FF7B001DFF96FDEC
00C500E2000CFE31
FE6D013C010B0050
FFC5FF99FF15FFAC
006BFFF7FFCAFEB5
FF7BFFBF00B4FF7A
FF0BFEE0FF6200A7
FE8EFF1D00A100A5
0055001BFE91FF16
FFEBFF3EFFFAFE8A
FE710093FE9E006C
FFACFFEBFF8FFFA6
000D018B013F00E5
0004FF00002AFF5F
FDCCFF84FFA90063
FFBE005600B4009E
00A8FF52009D004C
001B009EFF94FF51
FF9E002D006AFF06
FFFA00C80011FF7F
FF94FE75FFD20025
FEABFFD7FEE9FE8E
FFABFF620094FF41
FEF4FFE1011DFED7
001D002E006C0109
006B002DFFD10002
FFF1FEAF012E0046
FF520010FFDBFEED
FFE0004DFFCE0061
FEC9FF4FFF5D00A8
FEE0FF9D006B004C
003B001700AEFFA3
00140036FF4B000F
FF99FE00FFE60001
00C1005C013AFFF6
FFD8FF3DFF4100A9
0001FF7500230121
0009FE66FF9700F4
FEE4006CFED4FFD2
FF41FFAD001CFF79
FF40FF0C0063009C
0050001EFF73FFCB
FFECFF24FFBFFF85
0020FFFE0006FF2C
FF8EFF15FF46FEEA
FDB6000000210011
FF07FE6AFE70FF66
FF15005FFF2CFF9B
00B6FF25FF7D0054
012100C2FF5100CA
0065FE25FFD8FE86
FF15FF15004EFF98
00C6FEE1FFCDFF27
FEABFF730057017B
FF14FF310020FFE6
000BFF44FFCEFFFF
00BD00CA0147016E
006AFF1100D8FFDB
FF16FEE800870076
00AB0011FF22FE16
FFD7FF0D0006FFB8
00270096FF0A0074
00B3FFFE02380128
FF1A00BEFFC2FF06
FF88000FFF7DFDEC
00CF00F3FFD8FE6B
FEA201760135005B
FFCEFF9FFEF9FFA7
004A0022FF8FFEDC
FF52FF790090FF25
FF15FF48FFA100AF
FEAAFF0800ED00BC
00690023FE9EFEF3
FF92FF3BFFD5FEC8
FE6300AFFE8D007D
FF8BFFE8FFA2FFB8
002D0184014A00C7
0026FF210029FEE0
FDF4FF77FFC2006E
FF96007E009C00C5
007CFEF300BE000B
002A00A7FF51FF5C
FF9D0012003BFEF5
FFE000CF0066FF9E
FFABFE85FFE00024
FEB7FFB4FEFCFE27
FFB5FF570098FF36
FEFFFFBB00FDFEE7
FFE8000600C90114
00510022FFBD001C
001EFEAD00DA0020
FF6BFFFAFFE8FEF2
FF8C004EFFAB008E
FEA9FF50FF730083
FEEBFFDD003D004F
000DFFBE0090FFBB
00620065FF0E000B
FF50FE18FF59FFFC
0120001001260025
FFDDFF1DFECC00DC
000BFF6E005800D2
0021FE77FF8A0139
FE91006BFEA7FFED
FF34FFE30044FF8E
FEDFFF27008B00E4
0012004CFFA8FFF6
FF8FFF08FFEEFF74
00290019003DFF58
FF6CFF43FF25FEE1
FDC6001C0051000C
FEEBFE86FE60FF36
FF070064FF61FF80
008BFF08FF76005A
00F000AFFF6B00DB
0074FE3FFFE5FE7D
FF56FF0B003EFF7B
00EEFED1FFAFFF12
FEBAFFA400390151
FF03FF130065FFF3
0031FF6BFFDCFFED
00E700A3015A017B
00BAFEED00C30001
FF13FEEC00710058
00B3001AFF0BFE03
FFE2FF120024FFDC
FFE200A1FF1300AD
00EE00670267013A
FF0B00BBFFBCFF17
FF7D001DFF7CFE06
00CF00FCFFC8FEA9
FEB601960158004F
FFD9FFB2FEE5FF9C
00450057FF61FF01
FF41FF710052FEFF
FEF4FF93FFE0009A
FEACFEFF011C00AD
00850026FEAFFEEC
FF72FF34FFC0FED9
FE6300BDFE7C0081
FFA3FFC9FFC4FFCA
0040018C014D00C6
0049FF290048FE8F
FE22FF78FFFB0054
FF790079007200F0
003CFEBE00B7FFD5
003E00D1FF2BFF59
FF99FFF1001EFF13
FFDE00E00080FFA4
FFB5FEAFFFD1000E
FEE1FF9DFF19FDF9
FFC0FF3D0095FF2D
FF28FF8300EFFEF6
FFC4FFF8010100FE
00250002FFCC000B
000DFE9800980017
FF8BFFD3001FFF00
FF67004FFFAE0094
FEADFF79FF700070
FEF3001B0014004C
0015FF740066FFBB
008E006DFF0B0015
FF01FE31FF06FFF2
014DFFED00E00054
0011FEFFFE7A011F
003AFF7200510084
0046FE62FF6A0170
FE95005DFE6D001F
FF36FFFB0071FFA5
FEC5FF3F00A80114
FFD8005EFFD90008
FF26FEE90036FF64
00360060006EFF7A
FF31FF6BFF28FEDD
FDF40068007F0052
FEE3FECEFE85FEF8
FF170074FFBEFF68
0043FF41FF82008A
007E0061FF9400F4
005CFE82FFFFFECA
FFA9FEF90037FF6D
0109FEFAFF5BFF1B
FED2FFD5003C011E
FF13FF0200C90016
0075FF7EFFE9FFFF
013400630142019A
0135FEF20096000D
FF14FF1F003B002E
008E0035FEDFFE38
FFE0FF5D005D0032
FFAC00B5FF4000FF
00F500D1025400F9
FF3D00C8FFA8FF4B
FF8B0013FF6BFE27
00B600BDFFAAFEFB
FEE8016E015F0045
0012FFC6FEFCFF91
0011006CFF61FF55
FF37FF69FFF8FEC1
FEEBFFF5000E0088
FEC7FF01014D00B5
0083003AFED3FEC4
FF5DFF47FF9EFF1E
FEB700B6FE800075
FFD7FF8DFFE4FFEC
006F0156011E00C0
006FFF510062FE8E
FE9FFF840030000D
FF8C008E006300D4
FFF4FE9E009BFF9F
003D00A9FF17FF56
FF80FFDEFFC2FF3E
FFCC00C2009BFFBC
FFCBFEFCFFBEFFDF
FF0CFF87FF59FE0C
FFD3FF340064FF1E
FF61FF7300CFFF3A
FF81FFCE013700B2
FFE6FFD2FFC80035
0004FED90039FFF5
FFC6FF850029FF47
FF050041FF99008E
FED2FFB1FFA80023
FF1D0079FFF50064
0009FF2E003FFFBF
00B50068FF0A0025
FEC9FE9CFEB7FFFC
016BFFCD0094005E
0039FF32FE3C0111
002CFF950064000C
0081FE78FF48018D
FE88003BFE44002E
FF57002B00A4FFC7
FEB2FF9200B90120
FF9D0088002C0031
FF19FEC20040FF59
0038006D005DFFAE
FF12FFA0FF21FEEC
FE50009000A70032
FEF5FEE3FE7AFEDA
FF3800580001FF34
0023FF5BFF9600B3
000E0045FFB000F1
003DFEE20025FEF7
FFD6FF0E0013FF45
0124FF14FF52FF30
FEF9FFFD002B00A0
FF53FF0F00D60012
008DFFA4001FFFE3
01640023012C0183
0151FF1D00B10040
FF3AFF3B0053002E
007D003AFEDDFE46
FFD7FFA70067006D
FF6C00B1FF8E0102
010800FD026600AC
FF8F00E0FFE3FF76
FF9B0000FF81FE51
009800A5FF8FFF46
FEF6018C01580060
001CFFB8FF0AFFA6
FFC60083FF69FF9F
FF2CFF79FFA1FEB0
FEB6005D000F0066
FEEEFEF0016300A1
00670060FEEBFEDB
FF83FF5FFFB7FF0E
FEE60094FEBD007A
0031FF4FFFF0FFF4
0064011100E000D4
0076FF630088FECA
FF18FF85004CFFAA
FF8C00AF005A00BE
FFBBFE9F008CFFAC
0036009BFF01FF49
FF97FFC1FFA8FF5F
FFAB00BC0088FFA9
FFE4FF49FFC0FFC8
FF28FF88FF83FE6A
001AFF390022FF57
FF9BFF4400D6FF79
FF65FFDD012E0076
FFF8FFD3FFB9004E
0009FF1F000AFFEA
FFDDFFA4003AFF5E
FED90025FFAD0081
FF0EFFAEFFC70025
FF660085FFDA0052
FFE8FF05FFF7FF97
00E00073FF300052
FEB2FF19FE95000B
015BFFE7003C0050
0077FF4CFE3D010C
0047FFCD005AFFD3
008EFE90FF280175
FEC00041FE530024
FF38004B0080FFF1
FEB4FFC400C00147
FF83007600470041
FF23FEC50053FF3B
001F007B0027FFD1
FF15FFC3FF17FF14
FE9D00BA00A30010
FEE2FF12FE80FEB2
FF49004C005DFF15
FFE0FF9CFFB200B9
FFA30039FFE500BF
0005FF430029FF00
FFE6FF0A0000FF44
0121FF65FF3CFF3B
FF2E00220006004B
FF57FF2700DB001A
00A4FFA90031FFD7
0168FFCD0117014F
017EFF5300A70052
FF2FFF3D0029FFFF
00670065FF07FE52
FFD2FFF3006F0083
FF4400AAFFDF00FC
010A0126023E0070
FFC900BBFFF6FF8F
FF8E0011FF96FE89
007E0096FF92FF92
FF120159012B004D
0036FF9FFF33FFCD
FFC80057FF9EFFC3
FF10FFB7FF75FE9C
FEAA008400500064
FEEFFEF401470084
004C007AFEDFFF1E
FFA0FF87FFC1FF04
FF150084FF0A00C1
0052FF0BFFEEFFD4
005700DF00BE00EA
0077FF940093FF0B
FF69FF950050FF3B
FFC300CC004000B1
FFBCFED9006BFFA0
003D0075FF2CFF4D
FFADFFA5FFA7FFD4
FFA700A50065FF9E
FFEFFF88FFA7FFA9
FF52FFB0FFA5FED1
001DFF13FFDFFF4F
FFEAFF3400BDFFAE
FF7D000800F8FFF4
0001FFDCFFD3004E
FFE5FF3EFFFAFFB6
0018FF8A0034FF88
FEBD0028FF910061
FF5EFFCAFFC1FFFF
FF950097FFB8006E
FFE8FECDFFA1FF7F
00AE005FFF54006D
FEBAFF88FEB3FFE4
0137FFF40018004A
007AFF87FE3800FA
0049FFE40064FFA6
008FFE8FFF020159
FF090052FE610016
FF450039005E0003
FEF8000200C30152
FF6D0078007A0052
FF48FEB7003BFF3E
00320072FFF00006
FF1FFFD1FF22FF37
FF1800B60072FFD2
FF11FF32FE73FECF
FF55000E00AEFEDF
FFD9FFF1FFCA00C3
FF5700640004005F
FFFEFFE10043FF28
FFEAFF42FFBFFF3C
0103FF98FF41FF40
FF810044FFBFFFF9
FF9FFF5400BFFFE3
008EFFC40044FFB0
014AFF5D00D300DE
0171FFB700AA00A2
FF5EFF630048FFDF
0058007CFF29FE6A
FFEA00400048006C
FF14005E003B00D4
00EB012001F6003A
001D009B0018FF9B
FF9B0020FFE5FEB0
006B006BFFC5FFA7
FF08012601030051
0031FF8DFF65FFD9
FFBD0061FFBEFFD1
FF29FFECFF46FEAD
FE9C00810056002F
FEE1FF0C010B0056
002B007BFF0DFF5F
FFECFFB8FFC2FEE5
FF48003FFF7600D2
0093FEE8FFD9FFD8
005300A1009B00FB
0046FF8500A3FF8D
FFB8FFAC0055FED7
FFDB00A7000F00A5
FFC9FF23004BFFA8
0036006FFF50FF3B
FFB4FFA2FFA90027
FF96007E000FFF7F
FFFBFFCEFF8DFF8C
FF91FFCCFFB4FF7A
0046FF2BFFA7FF62
0026FF2E00B5FFC3
FFA6002300ABFF6D
0015FFE6FFE00050
FFEAFF76FFD8FFBF
004AFFBE004CFFB2
FEE80009FFBB0037
FFB2FFE4FFC7FFDC
00010091FFB50043
FFECFEE8FF80FF58
00A10052FF980084
FEB90035FF08FFD9
00FE0023FFD70032
0093FFA4FE9000B0
0086002A0032FF8A
0080FEB2FF0100F5
FF810056FEB6FFF8
FF5D002E001C0014
FF5E001500C10122
FF5F004E007D0076
FF59FEAA000EFF31
00580083FFD60002
FF21FF9EFF33FF5E
FF4000C1004DFFB5
FEF8FF4EFE73FED8
FF76FFC600D5FEEB
FFF2002AFFF600DA
FF390091FFFA001F
FFCFFFEA0045FF14
FFB3FF2CFFC7FF4A
00EDFFCEFF25FF5E
FF8D0028FFA9FFAA
FFB8FF5400A3FFD3
0053FFE50035FFA1
0141FF2300CF007D
0147FFD200EE00AE
FF5AFF470054FFD5
00580086FF4CFE50
0012004FFFFD0048
FF2E0065006F00B4
00D5010B01D70008
002B00440023FFA5
FF9F00120023FE90
00390064FFD4FF9F
FED400E800E3003C
0033FF8BFF860005
FFA20038FFFBFFCA
FEFD0049FF48FEB1
FE9D005900560048
FEC1FF3100CB0074
001000CDFF09FF96
FFFAFFE3FFE7FED4
FF5E0007FFEA0105
00C4FEBCFFA5FFC0
0060008C0061010D
003AFF710092FFCB
FFD1FFAA000DFEBD
000000B300040099
FFECFF570002FFD3
00410077FF5EFF40
FFD8FFC5FFE00061
FF850055FFC3FF8E
0008FFECFF99FF9F
FF9EFFE8FFADFFC6
003DFF53FF61FF79
0049FF1B00CAFFBC
FFC600430041FF05
0034FFFAFFEC006A
FFA8FF9EFFDAFFA4
006DFFB20056FFA0
FF060017FFB10022
FFC9FFC6FFB2FFC1
FFF2004FFFD30044
FFF3FEF2FF50FF0A
00670055FF850079
FEEB0055FF53FFCC
00D00049FFD4FFEB
0088FFB9FEAF0085
006B005B0034FF7C
0080FEB5FF1200BC
FF9B007DFEEDFFBE
FF60000DFFDC0017
FF97001E00D30116
FF65001B006E0086
FF81FEB6001EFF37
0062009CFFA30021
FF27FF89FF52FF6B
FF6D00C00020FF92
FF2DFF3BFE57FEE4
FF88FFB20115FEB8
FFDD0072FFE500EC
FF1D00BD0001FFFB
FFA900400060FF3A
FF9FFF5BFFBAFF70
00EDFFFEFF0DFF5C
FFD0000DFF6FFF83
FFF3FF640092FFAE
0034FFD40016FFAD
0129FF0800AE0057
00FEFFDE00D200DF
FF73FF690088FFCF
005F00A9FF59FE8E
FFD10097000B0066
FF47003300B0007F
00B400E501BA0014
006600510012FFB5
FFB400220030FEB2
001F005CFFE7FF8B
FED300A800D8005A
0039FF89FFA4000B
FF8C00140025FFD7
FF22005FFF43FEC9
FEA700340034003D
FED0FF4A00AF007D
FFD800CBFF1CFFB6
004FFFEFFFE4FEBF
FF960021FFFB0106
00C8FEC2FF71FFBC
003700580048010A
0015FF7400B30039
FFE4FFB5000FFE80
002900B00004006B
FFF3FF6DFFD7FFE9
0031004BFF96FEFC
FFDBFFE0FFDA0082
FF890049FF9BFF8A
FFFDFFCFFF89FF74
FFB70008FFB20022
0065FF56FF57FF60
0039FF2500C1FFB5
FFD600500028FED3
0049000DFFFE0055
FFBDFFCAFFF2FFBD
0069FFBE003AFFCB
FF03FFF6FF9E001B
FFFDFFD4FFE8FFC6
00480054FFFA001E
0018FF1BFF50FF32
006C004AFFAF0095
FEF500AFFF7BFFB1
00B60075FFE8FFC4
00A00007FEDF0042
007900800011FF76
007DFED2FF07006B
FFBC0090FF1BFFA6
FF55001FFFC3001E
FFD0002300A300FB
FF6A0015006700AB
FFBCFED80001FF37
003B005AFF5C0028
FF48FF6CFF51FF9C
FF9E00B20017FF3D
FF3AFF37FE5EFF10
FFB8FF750128FEC5
FFD6006EFFEF00CF
FF1000EA0019FFCC
FF740062006BFF0F
FF82FF8AFFA0FF79
00BF004FFF37FF81
FFF90003FF33FF2B
0001FF420066FF7B
00030001003EFF9C
010AFEDF0088FFF3
00C3000500F000E6
FF81FF4F0077FFFE
005100B7FF83FE5C
FFCB009CFFCE0030
FF63FFEB00ED0037
009D00BD0194FFFC
005E001A0013FF9A
FFAE006F0057FEB0
001A003C0006FF6B
FEBE008200AC005A
0025FF89FFF70025
FFAFFFF20067FFD4
FF1D007DFF47FEF3
FEBBFFF90015003D
FEDAFF6200650042
FFA400E2FF2A0029
007AFFF5FFFFFE9C
FF8CFFED0034013D
00F4FEABFF3DFF6A
00460066004300E7
FFF4FF5C00B00067
FFF7FFC8FFE7FE6D
005100BDFFD00065
000DFFB8FFC3001C
001F0039FFB0FEE6
FFE80005000B00B4
FF8B005FFF58FF97
FFFEFFD6FF84FF75
FFD60006FFBF0063
0045FF77FF62FF7A
0032FF1F00C5FF87
FFF60077FFD9FE94
006C000600260066
FFBBFFC40015FFAD
0071FFDB0052FFDD
FF3EFFE0FF980010
0021FFBDFFCAFFAD
008100890010002A
002AFF29FF57FF12
005B002DFFCC0095
FF0500D1FFBBFF8E
00970079FFF0FF8D
00800010FF45004B
00AA00A60009FF8A
0058FECAFF2D000D
002B00ABFF53FF9E
FF4AFFFDFF8C0003
0016000100A70104
FF85FFC70068008F
0003FEB9FFACFF43
0058007DFF29003A
FF56FF01FF51FF9A
FF8900A4FFDCFF26
FF46FEF4FE0FFF40
FFA9FF590136FEDA
FFFB00C3FFDC00F9
FF4401510028FFA9
FF4200730069FEE6
FF7EFFA6FF9CFF6E
00C1004DFF0FFF89
FFEDFFE6FF35FF48
000FFF2E005BFF4E
FFDBFF9E0022FF8B
00E3FECB008CFFB9
0075FFFC011D0119
FF8AFF4D00B9FFEB
005D00D3FF88FE68
FFAD00B0FFCDFFF9
FF9BFFDA01080025
005B00AF017C0030
008200170021FF8A
FF8200830092FE84
FFE900140009FF11
FE60006B00B6004E
0047FF72FFE1002A
FFC3FFC80090FFBB
FF3300BBFF5EFF3C
FEC3FF96FFDD0048
FEC6FF77002D004D
FF6800FBFF1B001A
00B7FFF80034FE1F
FFCBFFDA003C0131
00E5FE81FF28FF40
0037008D001F00F5
FFF6FF1F00BF00A5
FFEEFFAFFF9FFE34
008500D6FFF80058
0053FFDDFFA4003E
0027005DFFD7FE92
FFE70029003700D0
FF7A0070FF08FF8E
FFFAFFA8FF6AFF56
FFBE0013FF7B00AD
0027FFB2FF38FF80
0022FF1100EEFF61
000A0080FFAEFE79
005C000F002A005F
FFC6FFC20063FFDE
003FFFD7003FFFDE
FF63FFC0FFA40015
0010FFACFFBAFFDB
008C00440040000D
007DFF72FF60FEE4
00280033FFD600AC
FF3D00C7FFE2FF97
005500D70001FF62
008F0044FF800016
008800C4FFE8FFC5
0081FED1FF1CFFD8
002100BEFF78FF79
FF51FFF4FF7D0019
0030FFF800A500D6
FFB9FF930032009D
001AFECEFFA2FF5A
00350080FF09003F
FF5EFED5FF6BFFA2
FF9C006AFF9FFF1C
FF7FFEE1FDFFFF3F
FFD4FF520148FEF9
FFFA00BEFFC700DC
FF70017C0036FF94
FF4000910074FE9E
FF66FFB8FF6DFF90
007F0083FF22FF87
0008FFC0FEF7FF3C
0021FF120035FF28
FFB1FFA1FFFCFF84
00ADFED5006AFF87
0052FFFA00F9010F
FF89FF3C00BFFFE8
005E00F3FF96FE38
FF83008EFFD8FFD1
FFE7FFB50115FFED
004500930160004B
00480007000FFF72
FF9E00AA0082FE82
FFD9001B002DFEC5
FE320056009D0074
003AFF64FFDD0031
FFF3FFBD0095FFAD
FF1300C2FF42FF4A
FEC1FF4CFFAB0034
FEC4FF8200110031
FF5D00D9FF430053
00CEFFE7001FFE07
FFBAFFDD0044011F
00EEFE86FEEBFF16
0026009B003200E2
FFDCFEFB00AF00BE
FFC5FFA1FF8BFE2D
007600CBFFE80027
009CFFF8FF960068
000A0048FFF8FE46
FFDA0041005100AF
FF7B006DFEEEFF93
FFEBFF89FF74FF5D
FFB5001DFF7D00AA
0027FFABFF58FF4B
0013FF2200FEFF42
0019008AFFA6FE8C
00570004003D0045
FFB7FFA4008AFFEF
0042FFC60051FFD2
FF71FFADFF840056
FFF7FFB2FFBDFFC5
00A3003A006C0002
0082FF7AFF62FF07
00290032FFEA008D
FF4500960011FF8D
002C00F30043FF52
00800052FFBF0023
00B400A0FFD1FFF0
0069FEBFFF2CFF88
004600E1FF6BFFAC
FF33FFCFFF58FFE3
0056FFC1007400C8
FFBFFF7F004000B5
0036FED0FF50FF62
00210078FEEA002B
FF6DFE6AFF63FFCF
FF5C0058FF61FF1A
FFA5FEC8FE06FF48
FFC8FF5E0123FF35
001E00D7FFB000A9
FFAA01C2003BFF8F
FF4800670086FE71
FF5DFFBEFF80FF88
007E0060FF23FF87
0001FFB6FF2CFF47
000DFF1C002AFF04
FFA7FF28FFCCFF7B
008BFF060067FF69
0016FFE100F8011D
FF75FF4500E1FFC8
008E0125FF97FE18
FF4A0079FFF8FF91
0050FFB201050005
001A009E014B0069
003C00130026FF71
FF8F00C6006DFE40
FFC1FFF5004FFE74
FDED003A009C0072
0061FF57FFCB001C
001FFFA10098FF7B
FF200100FF78FF60
FEB0FED6FF640056
FE9FFF68FFF30029
FF2A00DDFF280043
00CAFFDF002AFD9B
FFCCFFE2002700F7
00EAFE65FEF8FF04
FFFB00EA002300C4
0003FEA800B900EE
FFAEFF8FFF3BFE38
009D0107FFF20008
00D90021FF880076
FFF7006C001AFDC7
FFC9003D0068009D
FF67007EFEBDFFA3
FFE5FF44FF70FF30
FFA30010FF4F00B4
FFF7FFB6FF49FF39
FFE8FF020112FF1E
00270088FF8FFEB8
0029FFFD002F0034
FFD6FF7C01050017
FFEEFFBF003BFFDF
FF92FFA2FF82006C
FFBFFFA8FFC40000
0078001F00980018
009EFF9FFF5BFEF3
00050013FFCC008D
FF570031001CFF88
FFC901110069FF1D
00680037FFE00027
0059008BFFAA0033
0096FEB8FF41FF6B
00500104FF7DFFB2
FF2EFFA3FF67FFF2
004CFFA6004A0097
FFDFFF6B00020080
0054FEE1FF1FFF63
00430067FEB50021
FF8CFE35FF6EFFD8
FF300032FF27FF25
FFB1FE8CFE02FF69
FFD8FF6800F4FF6A
007400F7FF8E007E
FFF901D30050FF7D
FF1600130067FE43
FF3EFFAAFF61FF87
00690045FF10FFB5
FFD7FFB0FF60FF5B
001AFF34FFF0FED4
FF80FF32FFDEFF8E
0069FF4C006BFF5A
FFFBFFC201000109
FF55FF1200D2FFE4
009A013AFFA9FDF9
FF290069FFFBFF72
007EFFE200C0FFF8
00080078010F0097
FFFE00120023FF58
FF8D00940042FE1E
FFC8000F004BFE24
FDBB002F00970061
0052FF3FFFA50023
000DFF6800CDFF65
FF050118FFA2FF9F
FE77FE7DFF2500A6
FE85FF67FFE70042
FF2900E2FEF70028
00F9FFD0005AFD82
FFDEFFE2FFAE00E3
00D0FE45FEEEFEE6
FFD10110FFFF0101
0024FE8600A700ED
FF74FF81FF09FE42
00A20117000EFFE7
00F4004EFF7B00C0
FFDE0078001EFDC4
FFC40078007F0051
FF67007DFEB7FF88
FFBDFF1DFF7AFF5B
FF50FFF1FF2C0098
FFD6FFD3FF25FF3B
FFB1FF320143FF10
004A009DFF63FF12
0012FFEF00190035
FFA4FF7D012D001E
FFC0FFB40053FF97
FF9BFFB2FF910073
FFA7FF6DFFAAFFF4
0032FFF800DD0016
00ACFFCAFF96FEF8
FFE20012FFAF007E
FF90FFC50043FFB3
FF94014800A9FF05
0050003800250029
002B0087FFBC007B
0092FE90FF3FFF60
002D0103FF6AFF95
FF03FF69FF3E0008
0052FF8A00460076
0020FF5D0009003C
0082FF00FEECFF7D
0024003AFEC40012
FFB5FE06FF86FFD4
FF1F0020FEEBFF27
FFEEFE89FE0FFF97
FFE3FF8900A2FFB8
009700D7FF7B0058
005101F1003FFF7D
FF4800170075FE36
FF4BFFB7FF43FF77
003A0010FF2FFFC1
FFBAFFB5FF78FF96
000EFF39FFC1FEE0
FF7AFF0BFFC4FF87
0075FF87005DFF70
FFDDFFE800D400F6
FF43FF1800DFFFE1
00A60137FFABFE06
FF3500240017FF4F
0098FFE3008FFFFE
0002007D010000AF
FFF80013005BFF49
FF8700A40010FDFB
FFE8FFEF005CFDE6
FD96003C00BA0047
0059FF4CFFA10000
005EFF8E00B3FF37
FF2B00F4FFBEFFDB
FE68FE2AFEF40073
FE68FF5FFFCF002E
FF2600B2FEEA0017
0102FFB70062FD4A
FFD1FFE9FF9200B9
00B2FE55FEFDFEE4
FFC30126003700F5
0034FE5E0094010D
FF40FF92FEF6FE71
008B0120000BFFE3
00FC0079FFA900C8
FFC3008B0045FDC0
FFBF007900980045
FF7A007EFEAAFF8E
FFBFFF04FF7FFF58
FF280012FF25007E
FFBBFFC3FF70FF41
FF81FF46014EFEF0
003E009DFF64FF65
000CFFEE002B0004
FFA9FF6501650043
FF79FFBC0039FF87
FFC6FFB2FFCE0076
FF69FF66FF8D0006
0002FFEA01040016
00B5FFE9FFC8FEFC
FFCA000CFFBA006B
FFA5FF64007CFFB0
FF63014600B3FF09
0030002C004C003F
00140044FFA300A8
0089FE6DFF4AFF67
003E00E5FF54FFAE
FF21FF56FF56FFF6
003EFF5A001D003B
005DFF3AFFC0FFFD
009BFF1CFECDFF78
0036002DFEBFFFF5
FFC7FDE4FF7AFFCB
FEF10025FEDBFF20
FFE5FE68FE27FFA5
FFD8FFB00075FFDF
00B400CBFF6C0063
007F02090030FF7E
FF5CFFE1008EFE18
FF2BFFA6FF5BFF8E
0029FFDAFF40FFB9
FFA0FFA6FFBDFFBE
0000FF2CFFBDFEDE
FF6CFEE3FFBDFF95
006FFFB00075FF99
FFA4FFEA00C100D2
FF45FF0500ECFFD4
00A60136FFA6FE00
FF2FFFE70013FF49
00C0FFFA00630010
00090059010200C4
FFEF001F0060FF38
FF770087FFF0FDD5
FFF20005005AFDAA
FD72005A00D3003E
0064FF44FF92FFE0
0079FFA000B0FF11
FF2600E3FFDCFFEC
FE70FDF2FED30089
FE56FF43FFDE003E
FF3100A9FED7FFFD
00E3FFBF0069FD2B
FFC40003FF7B009D
0093FE71FEFFFED4
FFBE014E005A00E6
0051FE450082012A
FF0BFF87FEFAFE97
006F01270017FFCB
010A0076FFA400C9
FFA400C10037FDA4
FFCB008200A7001A
FF6B008EFEA6FFB8
FFA7FED4FF7BFF65
FF150012FF180075
FFD2FFC4FF81FF4D
FF5DFF560155FEDF
0029009AFF53FF96
001AFFF3000D0011
FFA3FF4201930052
FF42FFC2000BFF98
FFD3FFB8FFC70078
FF4CFF2AFF91001B
FFD2FFEB011A0037
00B6000EFFE9FEE3
FFB90004FF9D0085
FF9FFF1D008AFFBF
FF4E014C00ECFED5
002B00150044003C
FFDB0025FFA800D5
0079FE6BFF51FF8D
000D00E9FF41FF92
FF1AFF51FF6BFFE8
002CFF5B001B0028
0074FF4AFF9DFFCB
008DFF42FE92FF66
0035FFF7FEE0FFC4
FFD6FDEDFF77FFD4
FEBC0027FECBFF32
FFC2FE7FFE78FFDD
FFDEFFB200050014
00EA00AFFF660059
00AC01E10034FF8C
FF81FF8A006BFE42
FF15FF74FF8FFF97
0002FFB8FF77FFD9
FF55FF8300320023
FFC5FF35FFA5FF0F
FF5EFEC2FFC3FF97
004DFFE00078FFBD
FF82FFEE00D9008B
FF39FEE700BBFFC5
00AC0101FFB9FE11
FF55FF950009FF26
00C7001A00140026
FFF1004000DB00C1
FFB90009004EFF1E
FF700035FFD4FDC3
000B000D0069FDB8
FD81005100A8000C
004CFF62FF73FFAD
008BFFC100D8FEDA
FF5300F8002E000C
FEA4FDE4FECA00B6
FE27FF4DFFE00043
FF520084FEC5FFA6
00A0FFC0007DFD4E
FFA5000BFF870090
0055FEB0FF24FED6
FFDC0180005600CE
0070FE3700420103
FEC0FF9CFEC9FED9
004C01010049FFD8
01050072FFC700CB
FFAB00F10026FDEB
FFD8008400ADFFD5
FF80005AFEA8FFC1
FF95FEC5FF73FFB4
FF050028FF020065
FFC7FFDFFFA6FF68
FF06FFA1015CFEDE
001C0082FF2EFFD9
00210000FFF20026
FF6AFF5101A90076
FF2AFFDEFFE7FF7E
0003FFC7FFD2005D
FF26FF00FF750030
FF60FFC0012C005B
00A100440031FEBB
FF73FFE4FF6B0077
FFE4FED500A0FFEC
FF39015700E3FED7
FFFBFFE90052001F
FF95FFF3FFD20127
006FFE75FF63FFA4
FFF200C1FF4FFF72
FF5BFF37FF64FFE3
001DFF4C001FFFF6
008FFF5AFF70FF8B
0088FF60FEA1FF6C
0034FFDFFF1BFF9D
FFF3FE04FF7BFFB4
FEA8002CFEA4FF47
FFCBFE84FEA8FFEA
FFF0FFE7FFC50040
01050075FF6D0029
00E001A4000DFFA1
FFB8FF400065FE6A
FEFAFF5EFF9DFF8F
FFF1FF88FF9AFFCD
FF30FF7100360059
FFA1FF50FFA4FF37
FF58FEE3FFC5FFA6
0057003200820013
FF71FFD400BC007C
FF2CFEE30096FFC4
00B000F2FFB1FE29
FF88FF5AFFF1FF1F
00E2002CFFBF003E
FFF9001800EA00BE
FF94000F0046FF18
FF8D0035FFB8FDBD
00290014007EFDBD
FDBA004200C20002
0027FF72FF75FFA2
00A7FFDE00C7FEC2
FF8600CD00570008
FEC8FDE2FECB00C0
FE1BFF47FFE10059
FF8B006CFEC9FF86
005EFFA70064FD66
FF730012FF5D0069
001DFF15FF4CFF01
FFD80186008600BE
0068FE54002E00F2
FE8DFFBCFEDCFF43
002400E20055FFDF
00FB005BFFD700B4
FFA100EE0019FE25
FFDB006600B1FF84
FF7F004CFECCFFE3
FF88FEAEFF74FFDE
FEE40039FEFA0035
FFC3FFDCFFF8FF60
FEC2FFBB014DFEE6
00000075FF3B0032
00220012FFF90013
FF7DFF6901A0008C
FF14FFE9FFD9FF6B
0010FFD8FFFF004A
FF03FEE1FF800024
FF35FFA401370065
009C00410074FEE0
FF80FFE3FF67007B
0013FE8E00ABFFED
FF2F01360112FED2
FFE8FFBB002E0010
FF69FFD1FFE30129
006AFE7DFF78FFEC
FFD100AAFF41FF64
FF6FFF3AFF80FFEE
FFE3FF2C0003FFDE
0098FF7FFF29FF5F
0049FF77FEBDFF68
0038FFDFFF4FFF84
FFD0FE3CFF79FF93
FE87FFFBFEF9FF84
FFADFE74FEB4FFEA
FFDEFFF6FF91003B
00F80067FF5C0033
00F00179FFFEFFD5
FFB2FF040058FE78
FEF7FF24FFDEFFB2
0010FF61FF86FFCD
FF02FF5B007F00B9
FF90FF59FFADFF71
FF70FEF1FFD4FFC7
00680072008C0053
FF95FFBB00B4004F
FF28FED00085FFE0
009600C9FFA3FE59
FF85FF35FFEEFF45
00CA0042FF620069
000E001700EA00C6
FF7500050011FF1C
FF72FFE8FF82FDCE
004C0042002CFDD9
FDE0006A00B4FFFA
0018FF7AFF62FF96
007CFFF900B9FEBF
FF9F007300A0FFFC
FEF2FE02FECE00CA
FE2BFF47001D006C
FF95004EFEC2FF22
002AFF89006EFDBB
FF51002AFF400031
FFD7FF5BFF5DFF2C
FFF0016C00AE00B4
0064FE5F000A0092
FE78FFC4FED9FF7F
FFF600BC0083FFC6
00CA0013FFEC009A
FFB600FAFFDCFE63
FFED00560093FF4C
FF94003BFF1C0003
FF65FEAAFF650017
FEB10014FEF9FFC3
FFB6FFF40022FF62
FE9AFFDD0160FEEF
FFF40041FF550081
002C000AFFE20035
FF79FF5B016000A2
FF130002FFB8FF4B
0006FFDFFFFF002F
FEEBFEE3FF740017
FF17FF8B01340072
009D006C008DFF11
FF7E000CFF650044
0019FE5D0087000E
FF7801080123FEEC
FFE6FF9C000B0020
FF44FFA5FFF000FF
0055FE96FF85001C
FF8B0085FF1EFF76
FF79FF4BFF9EFFDA
FFBEFF3A0013FFFE
0082FFAFFF4EFF60
FFF2FF8BFED8FF62
0030FFEBFF9BFF65
FFA6FE66FF76FF59
FE55001CFF0FFFD4
FF78FE82FEE3FFD8
FFE10026FF5F003E
00D9001EFF730051
010A0128FFD30026
FFE1FECD0048FEAF
FEE3FF170001FFC6
0026FF23FFA5FFB3
FEDAFF6A00860109
FF68FF16FFD4FFBD
FF79FF04FFC6FFFB
0067009600B000D1
FF8AFF8A00B50058
FF2FFEAF0080FFBB
005C0087FF88FE7C
FFB1FF0DFFDEFF7D
00A80058FF31008D
002A0002013500EB
FF380021FFD6FF18
FF93FFD5FF93FDD7
005C00640017FDF1
FE36009900BDFFF3
FFF3FF80FF34FF78
00A1002A0077FEBF
FFB5002300D5FFC2
FF22FE26FEF700DE
FE2FFF4500310097
FFEA000EFEE5FE91
FFCCFF6F0062FDE4
FF1C0044FF22002D
FF87FFB2FF6DFF51
FFFF017B00E20097
0074FE71FFE3002A
FE7FFFC0FEF0FFD0
FFC400860094FFD4
00CAFFAB0000005E
FFB200F2FF9FFEB1
FFF500450071FF13
FF91002EFF3DFFFC
FF5AFE8DFF5C005F
FEA7FFF8FF00FF6E
FFDBFFE100A7FF5C
FE7EFFE00143FEEA
FFD10001FF9700BF
0010003AFFE0003E
FF90FF6801300098
FEFE0002FFA8FF47
FFC3FFC7FFF90038
FEBBFEDEFF8CFFF6
FF09FF91012B006A
0076008000D8FF56
FFCB0030FF5D0063
FFEBFE3B00230027
FFBB00E30123FF13
FFCEFF5DFFB60022
FF40FF9B00130105
004DFEC9FF8F006C
FF38007DFF1FFF69
FF99FF8EFFB2FFE0
FF68FF0C0003FFFA
006FFFCEFF4DFF8D
FFA6FFB3FF01FF2E
0013FFD5FFF8FF84
FF91FEC5FF5AFF27
FE36FFF6FF60002D
FF52FE9AFF06FFCA
FFDF0033FF34004F
00C6FFDBFF800052
010A00BEFFB2006A
FFD8FE8D0009FE9C
FEF8FEF3001BFF95
005FFF00FFC3FF80
FEB8FF6600AD015E
FF26FEFEFFFBFFFD
FF92FF12FFD1002B
007800CD00CD012B
FFC8FF4A00D20045
FF28FEA4004BFFB7
0042005FFF71FE8A
FFA3FEEFFFD4FFB7
0079003AFED800BC
00430009014A00B5
FF180042FFBDFF22
FF9DFFB4FF7AFDE8
00990096FFFCFE02
FE8300D200D4000A
FFDEFF93FF01FF71
007700350023FED4
FFC1FFBD00D7FF7C
FF41FE91FF1C00DB
FE4EFF2D006F00AB
00090002FF01FE51
FF5AFF270051FE21
FEDD0043FF0A0007
FF44FFF3FFA9FF7F
00240161010E007F
0061FE98FFD2FF96
FE8EFFAAFF0F0012
FF70007700A50007
007CFF6A00170006
FFD300CEFF5CFEFE
000D0001004EFED8
FFAC0008FF950000
FF1EFE8EFF56007E
FEA2FFDEFF12FED0
FFD5FFAA00EAFF46
FE6BFFC5012BFEE9
FFACFFE3FFF80110
0016004CFFDE0057
FF98FF6800E9008C
FF10FFFFFFA2FF18
FF91FFE2FFF30045
FE9FFEFEFF9BFFD9
FEF6FFA0011A0070
005C004800D8FF8C
FFEF0068FF3B003F
FFD2FDF0FFB8002D
FFFC00720143FF46
FFDCFF17FF610061
FF12FF72002E00D2
003CFECFFFA000AA
FF12005EFEF7FFBE
FFADFF9CFFB7FFCA
FF0BFF0400090036
00330027FF3EFFBB
FF6FFFB4FF5DFF44
FFF3FFDA0063FF7A
FF61FEF1FFA3FF09
FE510020FFB4006F
FF65FEE1FF31FF97
FFF1003CFF3F004B
009CFFA1FF880064
00CA005FFF9A00B4
FFEAFEAA001EFEF0
FF33FEEE0026FF8E
007FFF1DFFAFFF98
FEA8FF6900940143
FF1AFEED00300048
FFBCFF5AFFC20046
00D200E600A2016E
000DFF290097004A
FF43FEC4003AFFC4
00280040FF4FFEDB
FFC9FF070006FFF4
00600027FEE100ED
0056003B017C0098
FF180067FF91FF48
FFAFFFBFFF59FE17
00920092FFB2FE5D
FEE000E200E80015
FFEDFFC5FF0EFF65
007F0063FFCDFF0C
FFD3FF7400A9FF52
FF65FF0BFF4E00B9
FE8CFF3700AF009F
00410004FF3BFE0B
FF1DFF1F0020FEA6
FEDB0051FF19FFCC
FF300028FFB8FFD8
0067015701370040
004BFEEAFFD5FF5E
FECEFFC2FF510048
FF55005200B6FFF5
FFFCFEFE002BFFC9
FFE6007DFF4BFF5F
FFEEFFF3001FFEC5
FFC5FFF3FFDF0016
FF2FFE8BFF6D007D
FEBBFFD2FF35FE83
FFDDFFA2013AFF4F
FE74FFB700F1FEFA
FF86FF9000590129
FFE9003DFFEC007B
FFB3FF89008B0095
FF4AFFE5FFBFFF33
FF5EFFD7FFEB0033
FEAFFF41FFCBFFB5
FF19FFD300E90087
003B000B00DFFFE2
002B007EFF350010
FF85FE0BFF680041
0063001800EDFF5C
FFF1FF07FF100072
FF29FF7200280072
003CFEF3FFC800E1
FF0E0036FEE4FFF8
FFC2FFD10019FFC9
FED9FF10001B0068
00100042FF7EFFD9
FF16FFADFF8BFF2E
0007FFFC009CFF8D
FF3DFF25FFA5FEFC
FE3B004FFFF900BD
FF32FF30FF5EFF7D
FFF10047FF590056
0066FF8CFF9A0084
0091000AFF9600F0
FFE2FE98FFEEFF08
FF46FEE6005AFF64
00A2FF2EFFA4FF98
FE91FF8300A10152
FEDAFEDC00790081
FFD1FF54FFDD0054
00E200D000C40196
0066FEEA00A6005E
FF4AFECDFFF6FFC1
001E003EFF2AFEDE
FFEFFF2400140012
00280034FEC20131
0074007301A1007A
FF0A005AFF66FF62
FFBCFFA8FF6AFE26
0093009BFFA1FE96
FF2400E800EAFFFC
0001FFDAFEFFFF56
00660069FFABFF45
FFBFFF50008AFF0E
FF6CFF48FF9200D0
FEA8FF4E00E500AE
00590025FF51FDFE
FEDBFF1B0004FEFC
FEE40047FF27FFEA
FF2A002AFFD7FFF8
009F016C0122002D
0058FF18FFCDFEF0
FF05FFC9FF6A003F
FF300043009A0016
FFCBFEBE0031FF9A
FFEB0059FF19FFA0
FFE4FFE2FFFAFEC6
FFB5FFCD00090029
FF4CFEC6FF63008F
FEDBFFCAFF5AFE27
FFE1FF9E0136FF52
FE9CFFB900BEFF19
FF6BFF820096013A
FFC9003EFFE200AE
FFADFF8C00340068
FF92FFCBFFD9FF3F
FF33FFDBFFC70027
FE98FF59FFCFFF77
FF25000C00C3008F
001DFFCC00D0FFE6
005700B5FF06FFF5
FF5BFE12FF1D004F
009EFFDC00C4FF8B
FFF4FEE2FECA008B
FF16FF81005E004C
0047FF22FFC0010D
FEEC002DFEDF001C
FFDAFFEC002DFFDE
FEA4FF270035008F
FFD5007BFFA9FFEB
FEFAFF8BFFACFF24
FFE3001B00B4FF86
FF16FF50FF52FEFA
FE37007F005A00C2
FF04FF51FF6BFF40
FFDD0060FF74001E
0027FF6AFFC70082
005EFFDBFFAB0116
FFD9FE8FFFF2FF08
FF5FFEEC007EFF34
00DCFF27FFC5FF83
FE9FFFE200DF0109
FEA6FEBF00AF008A
0038FF26FFDC0023
012300B500E90175
00D3FEEA00C8008A
FF48FEFAFFCEFFE2
0032004AFF14FECE
FFFDFF50004F0017
FFE40071FEE00156
00AD00D601F20053
FF360086FF91FF87
FFB9FFCEFF6DFE2C
009B0099FF84FEE3
FF5A01260105FFF0
000EFFCCFF01FF55
00800079FF8AFF67
FF71FF3F0065FEDE
FF47FFACFFE800D3
FEE2FF44010D00BF
00670053FF5EFE2B
FEB5FF290014FF07
FEF0004CFF230008
FF4CFFDE0004000D
00A10175011D001B
00A3FF41000AFE9D
FF3DFFDCFF9A0030
FF53008100910053
FF97FEAC0069FF7D
FFE30051FEDCFF9F
FFD8FF9CFFD6FF20
FF9700050018001E
FF6EFEF1FF690064
FF13FFCFFF71FDFE
FFEBFF5E00FFFF6F
FEDDFF5B007FFF2A
FF55FFA900D30100
FFDB0042FFC600A7
FFCAFF6F00270044
FF9DFFC2FFF3FF68
FF100000FFB1000D
FE9FFF72FFD4FF63
FF4C0058005300B7
0002FF620080FFD6
00770097FF00000B
FF0AFE39FECC0044
00E9FF7B0091FFCE
FFF5FEBDFE7200DD
FF4AFFA200870027
0060FF2BFFBB0141
FF16002AFECB0004
FFD2FFF800520002
FE83FF2A009600D1
FF9500A7FFFBFFC6
FEF8FF5DFFD0FF42
FFDB003800C1FF92
FF00FF6AFF68FF04
FE6400B3007200C0
FF06FFA5FF7AFF16
FFCE0067FF9EFFF8
000EFF6AFFDF008F
0006FFB7FFAF0114
FFE3FEC70006FF3A
FFA0FF000084FF03
00FAFF2EFFADFFA0
FEBC001700D40096
FEB1FEE000CC008E
005DFF10FFE40014
014A008E00D80159
0118FF0F00AD00C7
FF57FF49FFBEFFD3
00460046FEF8FEE3
002BFF89008B0027
FFB8009EFF1F0177
00B7011A01EB001D
FF710095FFA8FFB6
FFE5FFC2FF8BFE6A
00870062FF8AFF3F
FF8C010F00FCFFEB
0041FFD9FF07FF66
00560097FF61FF99
FF73FF530016FED0
FF2AFFEE002200BC
FF0EFF45012000A9
007E0079FF7BFE53
FEC0FF380003FF26
FF300046FF48FFFC
FF85FFAA00360030
00A4015800E1001B
00A2FF620029FEBB
FF91FFE6FFB70000
FF6A00A4007E0051
FF76FEA50068FF6D
FFF70033FECAFFA8
FFB8FF6EFFC0FF5E
FF7C0001002D0026
FFB7FF39FF800034
FF42FFD7FF7CFE39
FFF4FF7400AEFF90
FF21FF57005FFF57
FF46FFB300EE00C4
FFB80012FFD100A0
FFDEFF81FFF50032
FFD3FFA2000CFF9C
FF07FFF1FFB5FFF6
FEA7FF820008FF79
FF770074001D00D0
FFE6FF3B0042FFB6
007E008AFEFD0019
FEFFFEA8FEAC0053
0105FF65002CFFE3
FFF3FEDBFE6800C8
FF5DFFC40082FFFF
0080FF4CFFA2014D
FF44002EFEE4FFE2
FFE2002700670039
FE8AFF6300AD00E5
FF7900AE0012FFB6
FEF9FF2FFFE0FF5D
FFE800560091FFAB
FF02FF74FF64FF37
FE8C00BE006A009A
FF06FFBDFF73FEF7
FFB40060FFCEFFD0
FFF4FF89FFF40089
FFC6FFBBFFAB00EB
FFDBFEF50009FF48
FFBCFF07007DFF04
012BFF4DFFA8FFAD
FEF6004600C30026
FECCFF2100CA0072
006BFF35FFECFFFD
0153006A00C80112
0147FF2000AB00EC
FF42FF63FFB2FFFB
005F0067FF00FEE0
002DFFE600910028
FF9700ACFF6B0153
00C4012C0206FFF3
FFA50081FFE0FFD6
FFF7FFFFFFABFE75
00750040FF9BFF6D
FFA800EA00F0FFF3
004BFFDFFF27FF81
002B0062FF7AFFD1
FF70FF8DFFF0FEB1
FEEA001A003200BC
FF27FF490107009B
005E00A5FF6CFEBE
FF04FF520000FF33
FF4A0028FF3B0019
FFC2FF620049002E
008F012D00A30032
00B1FF700042FEE6
FFA8FFEEFFBAFFD0
FFB600BF005E0046
FF7AFEBF006BFF7B
FFF1000BFEE1FF8F
FF9FFF58FFC2FFAC
FF57002D00150001
FFFBFF80FF92FFF3
FF5CFFE2FF95FE74
FFECFF590052FFA7
FF78FF3A0047FF8C
FF54FFD400D90085
FFBB0002FFD60073
FFF9FF8BFFFE000B
FFF2FFA30030FFA2
FF05FFF8FFB0FFFA
FEE6FF99FFFBFF84
FFA10089FFF400C1
FFD9FF090007FFBF
009A007DFF140023
FEE4FF14FEB50034
0101FF6D0001FFF0
0009FEFDFE7100CF
FF8800050075FFE8
0090FF4CFFA20132
FF80004FFEFCFFCA
FFC8001E0058005C
FEB3FF7A00C400D6
FF7A00AA003FFFA3
FF0FFF31FFFDFF61
FFD2004E006AFFCA
FF05FFB2FF4AFF58
FEDA00C30093007D
FEFDFFCBFF87FEDC
FFBF0055FFF8FFA0
FFE3FF9600100070
FF87FFB7FFCC00D6
FFC3FF3C000BFF54
FFBDFF230063FEEE
011CFF79FFCEFFB5
FF24006500B8FFF0
FEF4FF4B00AC005D
00A3FF4C0009FFE6
0143002500C000D8
0171FF6500AF00E0
FF59FF8CFFB3FFF7
005F0077FF1BFEF3
002A001C009A0025
FF7900B3FFA00137
00DC013701EDFFE0
FFD8008B0007FFF6
FFECFFFBFFBBFEC9
007C0049FFA6FFAA
FFBF00EB00E1FFF6
004CFFB6FF35FFA1
00270058FF83FFD2
FF46FFAFFFDBFECA
FEE800610050009D
FF4BFF530104007D
004C00B8FF5FFF00
FF20FF80000FFF2F
FF6E0022FF76004E
FFF1FF5100570028
006C00F200720048
00A0FF950068FEFB
FFD8FFFAFFE4FFA6
FFDC00CC004A0046
FF72FEF5007DFF8A
FFF3FFF1FEF9FF9A
FFB8FF42FFB4FFED
FF610029000FFFE7
000BFFB3FFABFFC9
FF7AFFE2FFB5FEB3
0000FF4BFFFBFFAE
FFA5FF250025FFB9
FF6CFFFB00CD0020
FFDC0011FFD30057
0004FFA1FFDCFFF0
0001FFAF0043FFBE
FF07000AFFCEFFF8
FF26FFB1FFFEFF87
FFD60093FFBC00C5
FFD1FED3FFBDFFAA
0094006CFF37002A
FEE9FF6BFEC9001D
00EDFF63FFD0001A
FFFDFF28FE7F00C5
FFA7001F0074FFD7
0099FF52FF9C011F
FFAC0051FF18FFC2
FFC9002C00440060
FED9FFA300E000F0
FF6000AA0063FFA4
FF33FF05FFF7FF5B
FFE1005B002EFFF9
FF05FF98FF51FF78
FEFF00D50087003E
FF07FFCEFF53FEC6
FFA9002C0021FF5A
FFD2FFCF00160080
FF63FFF5FFD90094
FF98FF94000AFF21
FFBBFF2C0059FEE7
0121FFA5FFABFFC0
FF490062008FFFCC
FF25FF700090003B
0096FF55000CFFD1
013DFFED00CB007B
0174FF8200BD0102
FF63FF9AFFD8FFFB
00820094FF12FECD
00000041008B002A
FF760098FFEB011F
00F5011C01E8FFB7
001200610027FFE0
FFD70006FFEFFECD
00810048FFD3FFB2
FF8600E200E6FFFF
0060FF9DFF57FFC3
00040037FFA1FFD3
FF37FFDEFFC5FEC4
FEB4004A004F0081
FF42FF5A00F7005E
000E00CDFF45FF5A
FF65FFA60024FEFF
FF92001BFF99009A
002FFF0100250005
004500CA003B008D
007AFF6F0096FF41
FFE4FFEFFFD7FF69
001400D0003D0045
FF7DFF2C0051FFB8
FFFAFFF8FF1AFF74
FFB0FF4CFFCE003E
FF530021FFF3FFC4
0037FFC2FF92FFB3
FF7DFFDAFFBCFF12
FFFBFF5EFFA4FFA1
FFD4FF03002CFFD7
FF99001C0099FFCF
0001FFFFFFDC0056
FFF7FFB1FFE4FFDB
000EFFA3005AFFCC
FF1A000FFFC2FFE3
FF3CFFCAFFF0FFB2
FFFD007DFFC600AC
FFD6FECFFF92FF7A
009A0073FF440035
FEDBFFB1FEFFFFF5
00D9FF9DFFAA0016
0012FF60FE9300AB
FFC30048005AFFCD
00BDFF26FF7E00DD
FFCB0069FF2EFFB8
FFB1002200090069
FF1AFFBD00E100FB
FF6A008F0062FFBB
FF5EFEE6000AFF60
FFF7005CFFF40012
FF03FF94FF5FFFA2
FF4500C600800000
FF1CFFC6FF2FFEBF
FFA7000B004BFF25
FFF1FFFD00190070
FF340019FFD10059
FF9BFFB0001DFF18
FFA1FF470046FEFD
010CFFCFFFABFFCA
FF790043005AFFAC
FF60FF9300580013
0080FF910029FFBD
0130FFD800BE003B
016CFFA500D300F8
FF86FFB7FFFC001C
009F00B0FF10FEB7
FFF60065005F001F
FF6D007F002600E0
010900E401DBFFC6
0034003A002DFFE2
FFE00006000EFEEB
0082003FFFE7FFB0
FF8000B400E3001E
0046FF7DFF7EFFD9
FFD30022FFC7FFD4
FF36FFFEFFA5FED1
FEAD0048003A006A
FF4DFF7100FB004A
FFF800E9FF37FFB1
FFA3FFD60018FF0A
FF8A001CFFC600B5
005EFF03000CFFF8
001E008E001700A8
0030FF5A00BBFF8A
FFDCFFDBFFD4FF5D
004000AB002C002F
FF85FF460041FFE6
000EFFF9FF2CFF60
FFB5FF54FFD80059
FF490024FFE2FFC0
0050FFDCFFB4FF8B
FF92FFCEFFDBFF68
001FFF70FF59FF95
FFD9FF0A0041FFE3
FFC9003D006CFF8C
00350001FFCD003C
0006FFB2FFD5FFCD
002FFFAF0057FFC4
FF3EFFFDFFD5FFF2
FF82FFCAFFF0FFC6
00220063FFC9008B
FFD1FEC8FF7DFF67
00AF006DFF610032
FEF80002FF44FFE6
00D7FFC9FFA3000A
0018FF88FEBC0075
0006006E004AFFCE
00C4FF23FF7100BA
FFEE007DFF54FFA9
FF940029FFE7006C
FF5AFFD400CE00FC
FF6F0070005FFFBF
FF91FED9FFDFFF5D
00100045FFC6001B
FF1EFF74FF5AFFC4
FF4900DC0081FFC9
FF18FFBAFF0CFEC5
FFACFFCD005BFF01
FFF20025001E007F
FF28004BFFE00032
FF8CFFE50017FEFB
FF78FF5C0048FF11
00F10008FFBAFFC5
FF8F00350030FFAA
FF88FF860048FFFC
0064FF9B002FFFAF
0124FF9300BD0000
013CFFD4011000F1
FFA3FFB60010001F
009300A9FF29FE96
FFDC007C0021FFFC
FF74005E005B0092
010300C701F3FFB4
005900250040FFC6
FFCA00180043FEDC
007700430013FFA3
FF4100B900EA0027
0043FF68FF7FFFEC
FFD9FFF4FFE0FFA7
FF160033FFB3FEDA
FE9C001400330052
FF46FF8000CE0046
FFC90107FF19FFF5
FFD5FFFD0035FEDE
FF98FFFE001200FC
008DFEE9FFBFFFBD
000E0079000A00C6
0006FF4700C7FFBE
FFCAFFD5FFC9FF24
005A00AD00250053
FFBAFF850039001B
0016000CFF56FF40
FFC8FF90FFFD0081
FF3E002FFF8DFF9A
0055FFDEFFAAFF77
FF98FFDCFFCEFFC8
002BFF71FF3DFFA6
0005FF030048FFD3
FFF600540041FF30
006B001EFFC70047
FFF8FFB40004FFBB
0026FFB6005EFFD4
FF5F0008FFCCFFF2
FFA9FFD6FFCFFFD6
0044004BFFC60072
FFD2FED5FF5FFF31
00A00059FF7A003F
FEF90017FF88FFC3
00AEFFFDFF9BFFF5
001CFFB7FED70064
0026008D0046FFEB
00CCFF04FF820069
001A0096FF6FFF98
FF7E0011FFAA0060
FF86FFD100E000EC
FF8100420057FFEB
FFB5FEDBFFD9FF64
00020050FF9C001A
FF21FF5DFF83FFE2
FF5D00D9005DFFA0
FF3DFFCDFEF1FECB
FFA8FFC2008FFEEC
FFEF003700220081
FF150062FFFF0007
FF7D00210029FEEF
FF7BFF7C0038FF3E
00F6002BFF97FFC7
FFB90024FFF5FF82
FFA5FF890039FFDA
0057FF9A0012FFA4
011BFF8D0099FFD5
00EFFFD900FD00F8
FF99FFB7003C0025
00AC00C2FF37FE92
FFD4008E001FFFFF
FF9F003A008F0070
00E300BD01E0FFB2
006600230045FFC6
FFCB003D0053FEC2
005600310023FF93
FF37007A00D30033
003EFF64FFA9FFF0
FFCEFFCEFFEBFFBB
FF2E0064FF9DFEEC
FEA0FFEB00290059
FF39FF7C00AD0036
FF9E010CFF26001B
FFFE0007002AFED2
FF95FFF400390106
00B1FEE1FF94FFAC
000B007C000400BD
FFDAFF3C00D40013
FFCBFFD0FFB9FF02
007500A000200041
FFD4FF8F00150022
0011FFFAFF80FF03
FFB3FF9D001200A6
FF45003BFF7BFFA7
0061FFE2FF98FF5C
FFBBFFE7FFC7FFFD
003EFF84FF26FF87
0027FF01005BFFCA
0016005D0010FF01
006B0005FFE5003D
FFEEFF9B001FFFBA
002EFFAC005AFFDC
FF6E0001FFB50000
FFC4FFEAFFCAFFE2
0052004CFFDC0071
FFF3FEF2FF47FF3A
0089003CFF8D0052
FF090042FFA7FFC1
008A0018FFA1FFDD
0021FFD0FEE20058
0050009A0015FFE9
00CDFEF6FF670042
004700AAFF97FF91
FF720002FFA20052
FFC2FFDA00BA00D5
FF8200130060000B
0003FEB5FFA1FF64
00290060FF4B0039
FF31FF13FF8D001B
FF8000D4001BFF79
FF4AFFCAFE9DFEFF
FFC8FF97008AFEBF
FFF800940013005D
FF2800C5FFE5FFDD
FF7200470029FE90
FF35FF9E0018FF4D
00C30057FF7BFFB6
FFE80005FFC2FF9F
0008FF9C0000FF9E
0010FF7C0028FF8C
00EBFF6A00A8FF64
00BAFFFE01270109
FFD6FFCA00410023
009C00BBFF49FE67
FFC600A7FFC0FFBC
FFA6002800B2001A
00E0009401DAFFCF
00740006001BFFA1
FFBD003C00A6FEA5
004900440060FF34
FEE3005A00C10038
0048FF2FFF9D000E
FFD3FFA6003AFF88
FF000093FF93FF27
FEB5FF77FFFF0046
FF21FFA9007F003E
FF930126FF17007E
00310038003DFE8E
FFAAFFDE008D013E
00CEFEAEFF44FF81
FFF0006EFFE300ED
FFAAFF0600ED0054
FFB1FFC6FF8AFED4
00AC0093FFF5004C
0032FFCCFFF20057
00300016FFB6FEE3
FFAFFFDF005300AB
FF1F0036FF20FF90
007DFFD2FFA8FF49
FFA6FFDAFFB0006E
002CFFA8FEE6FF7B
0048FF0F0077FFA0
005B008AFFEDFEAE
00840020FFC9002B
FFFEFFA0002FFFC7
0047FFBC006EFFDD
FFABFFFDFFB70025
FFDEFFFDFFC6FFD9
00690008FFEA0034
FFEAFF10FF3FFEE5
007E0062FF9B0054
FF3900590001FFA8
0038007DFFA4FFC0
000AFFF4FF420024
006600AC00220025
00D6FEF0FF7FFFDC
005600E5FFC9FF60
FF59FFF4FF44005B
FFF7FFC400B500BE
FFAEFFBF004E002F
006CFEAFFF71FF7B
0029007AFF090028
FF68FED7FFAF000D
FF69008EFFC9FF4F
FF88FF9FFE53FF14
FFB7FFA400B6FEC2
FFF400BEFFF30043
FF6000FEFFD4FFB9
FF8400570031FE46
FF28FFBFFFF0FF5E
00A1003BFF74FF8E
FFFFFFFCFF54FFB4
0042FFA5FFEEFF7F
0009FF33001DFF81
00AFFF810095FF40
00780019011B0126
FFCAFFD70076001A
00B900E2FF73FE43
FFA200B4FFB8FF92
0005000D00B1FFEA
00C0008E01C5FFF3
0080001A0037FFA5
FFBA006400BDFE7B
002600050081FEF4
FEB9003200B60049
004CFF0AFF9E0021
FFEAFF7D0048FF65
FF1200CBFF97FF50
FED5FEFEFFDA002A
FF27FFAD0065004C
FF72011FFF1700B6
006D003B004DFE3C
FF88FFC7007C0150
00D7FEB6FF28FF51
FFC20099FFFF00D8
FF84FEEC010A006F
FF7AFFABFF5DFEB8
00B800A9FFF10071
00A6FFE8FFDD005A
00430021FFE4FE69
FFA2FFE0006500B1
FF28005CFF09FFA6
0050FFA3FFA8FF1A
FF95FFF1FF8300B8
0018FFBBFECAFF52
0078FF09008FFF87
006D00A7FFE1FEAC
008A0039FFD30010
0013FF6E0097FFC6
0021FFC40055FFC8
FFD6FFE9FFCF004C
FFE30018FFDDFFF8
0066FFDA0003001A
001BFF31FF3FFEE6
00570058FFC6005F
FF75002D0026FF9A
FFF500BEFFE7FFA5
001DFFF1FF700006
006D00B1FFFE0041
00D6FEDFFF5EFFAB
0076010FFFE0FF7A
FF26FFD8FF350064
0004FFB0009100A2
FFCAFFB0001C0034
00BEFE9FFF21FF84
0037007CFE960013
FFA6FEB1FF890013
FF360042FF7FFF53
FFB2FF60FE25FF6A
FFA8FF9D0081FEC3
000F00D6FFE5000C
FFB8014DFFE5FF8E
FF7F00360047FE04
FEF8FFE3FFBEFF7D
00860001FF44FF89
FFD70011FF68FFE6
00A1FFA3FFCEFF33
FFFCFEAB003CFF7E
003EFF7F00AEFEF3
0014006C0132012D
FFE3FFD300AAFFFC
00B700D4FFBBFE25
FF8F00B6FFB2FF48
002000350093FFD6
00760094017F0020
005A00300030FFA3
FFCC003F00C0FE3C
0004FFCB00AAFE94
FE5A003C0090004C
004BFEDDFF7B0016
0009FF4700BAFF01
FEF40103FFBEFF98
FEF8FE6FFF93003D
FEFAFFAA001E0044
FF6C00FFFF2C0092
00B6005D0073FDC2
FF7DFFAD00590146
00D8FE84FF11FF2C
FF9D0104FFFC00D8
FFB9FEB300F30090
FF3FFF7CFEF2FEA5
00CF00E1FFF800A3
013C0012FFE3008E
0063005AFFD7FE1B
FFBAFFFC006F0088
FF310065FEE3FF8A
0012FF6AFFB3FF36
FF6AFFF0FF40010E
FFFEFFE4FE93FF3B
005EFF2600DEFF57
009300C9FFBCFEAD
00760030FFC4FFF2
001AFF5D00E9FFE1
FFFFFFF5003BFFB1
FFEBFFCE00080068
FFAF0000FFC2FFE7
002AFFB40004FFE8
0025FF63FF5DFECE
0016003FFFD40085
FFD500080038FFB9
FF8501150023FF81
0001FFDCFFEAFFD7
005B00A5FFED0082
00ADFEBCFF21FF59
006E013EFFFBFF48
FF0CFFD9FEFF007B
000FFF92007A0078
FFF2FF5E001F0023
00DEFEFAFED5FF9B
00560035FE65000A
FFCBFE4FFF78FFED
FEFD000FFF38FF4D
FFD7FED4FE0F0004
FFB6FFD8001BFF1D
007700E5FF96FFFF
005101BBFFB6FF9E
FF8C00030044FDC2
FEF7FFDFFF97FF7A
003FFFD8FF5AFF89
FF9BFFD1FFC70061
008EFFBFFFA3FF1A
000BFE3B0023FF8F
FFEDFF88009EFEF0
FFFB00AA00E40110
FFF8FFE300C7FFF8
00BB00A1FFD1FE2B
FF640074FFF8FEFF
005B004F0051FFCF
002F006B012F0066
0052007C0024FF6E
FFB10032006FFE24
0037FFA200E1FE02
FDCE00700080004D
0072FEFEFF39FFF4
0021FF4600D3FEAE
FEDA00EDFFFAFFF7
FEF5FDE9FF25004C
FEC7FFA400440040
FF6400CAFEE50081
00E8001E0060FD97
FFA1FFA2FFDD00EC
0096FE9CFEFFFF24
FFA4013D000F00F5
0011FE9F010100BE
FECAFFA8FEEFFEA0
0071011500030093
015E0066002A00AC
004000950014FE06
FFB10045006FFFED
FF660051FF07FF9C
FFF4FF2AFFC6FF5C
FF310009FF0D00F1
FFA2FFDFFEBCFF4F
0019FFC800FBFF28
009500D6FFC4FF35
0061000CFF99FFDE
FFF9FF4D0134002C
FFBE0007FFEBFFA3
0023FFD5002B0055
FF44FFEBFFB8003F
FFCCFFBA0087FFD1
0039FF99FFA1FEBF
FFCA0020FFB20066
0018FF820087FFD1
FF3C01420088FF47
FFE000050067FFC6
FFDA003DFFF70117
0067FE8BFF29FF3D
00190136FFB1FF75
FF1AFFB0FF010051
000AFFAB0053004E
001AFF96FFB3FFEA
00F0FF09FEB9FFC4
003D0018FE69FFE9
0002FE43FF7A001A
FEF9FFDDFEF0FF4B
FFF0FEDEFE43FFFE
FFB1FFD1FFEBFF49
00A100E5FF70FFF5
007B01A6FFA5FF92
FFBBFFE70039FDA9
FEFEFFD0FF78FF8F
000BFFD1FF93FFAA
FF97FFAEFFBA0077
008AFFE7FF84FEFD
FFDBFE5F002FFF91
FFD5FFD40087FF1F
FFE900A100C700D8
FFCEFFB900930004
00AB00B4FFF3FE11
FF6D003A0002FEEC
006C0041000CFFB4
00100035010D0071
000D00710023FF50
FFCD00000058FE07
002FFFBE00E9FDDD
FDD70047005C003F
0059FEF0FF46FFEB
0030FF5A00DCFEA6
FEE400E7FFBA0028
FF06FDC4FF0A004B
FEAEFFA30021001C
FF7800A7FEEC007B
00EE0029004DFDA1
FF7DFFD0FF9200D5
0073FEB4FF19FF1F
FF93015B000600E0
FFF9FE9C00E000C5
FE99FF8DFEDDFEDA
0065011000090084
015E006C005400BB
0051008E001AFE10
FFB10048008BFFB3
FF6C003FFF1DFFB0
FFD4FF17FFDFFF5E
FEF6001CFF0100E7
FF9BFFCAFED5FF55
FFDBFFF10103FF25
008E00C6FFB1FF97
00680020FFA3FFCE
0016FF300160003B
FFB80008FFD5FF6C
004BFFE9005E0090
FF36FFC0FFC20053
FFCCFFAF0098FFD9
0034FFAFFFDAFEBA
FFCB0036FFA70068
005BFF4900C6FFF7
FF1D017500AFFF3A
FFCCFFE400A4FFB7
FFEB000FFFF3013B
004BFE95FF43FF27
002D0128FFAFFF84
FF06FF8BFEFD005D
0023FF8F00630038
0067FF7BFF9BFFBA
0125FF3EFE73FFAB
0050FFE6FE6DFFB1
0028FE37FF51FFD0
FEBBFFB5FEC4FF4A
FFDCFE7EFE420058
FF77FFDDFF71FFA1
012E00DCFF6E000B
010E01E0FF94FF9E
FFE1FF940020FDB8
FEEDFF98FF62FF71
FFE3FF6DFF96FF83
FF51FFB1003200F0
0082FFD7FF48FEDA
FFDAFE250001FF8C
FFB2FFDD00A6FF55
FFBF00B500C90083
FFB9FFA500A9FFF0
00A500600000FE22
FFA0FFDD0017FECD
005A0086FFA2FFD6
FFEFFFFA00C800CF
FFF5006F0047FF23
FFA3FFCD001FFDC2
0063FFE500BEFD73
FD9A008A007C000E
0057FEFBFF16FFD5
0047FF8300DAFE5F
FEEE00E700120076
FEF5FD7EFEE10083
FE5DFF8300290056
FF97008CFEA10030
00C9FFE40050FD88
FF7EFFBBFF6500AF
0029FED4FF37FF1E
FF9C017100210132
0057FE8000BC00B4
FE3AFFB4FED1FEF5
002E00EA00500082
01790090007400CE
003B00FD001FFE17
FFDF006E00A7FF68
FFC4003BFF2EFF75
FFB0FEE5FFE0FF8B
FEDA003AFED900C0
FF83FFAEFED6FF72
FFA0004B014CFF0A
008800EFFF87FFE7
007B0026FF78FFE8
FFB4FF4301930053
FF590023FF9BFF4D
006A000100850068
FEF2FF8AFF8600AA
FF49FF7300D0FFE1
004B00040023FE79
FF710009FF850080
007EFEDF00F00016
FF09018D00E2FF2A
FFB6FFD800C6FFAC
FF9FFFD900000186
000AFE90FF37FF80
FFB700E6FF86FF5D
FF32FF7DFF0F0038
001AFF9000620018
00A9FF8CFF42FF8A
010FFF36FE79FFAF
0041FFF0FEA5FF9F
0031FE1CFF24FFB2
FE75FFA6FED2FF3C
FFB8FE45FE23002F
FF64FFE8FF6FFFD0
014200C0FF6C002F
013201E8FF80FFA0
0001FF48001FFDA8
FEDCFF81FF8CFF5C
FFDCFF5DFFBFFF6B
FF2AFFB2003400FB
0037FFAAFF70FEFA
FF9EFE50FFFAFF6B
FFBCFFDB00E7FF91
FFDE009C00F10078
FF88FF5F00B0FFF3
00A1007AFFFFFE0B
FFA9FF7FFFEBFECA
005A0086FF93FFE6
FFFC0007010400F6
FFCA00580066FF16
FF91FFF4001BFD9C
0076001E00A5FD54
FD8100B700CD0007
0033FF05FEF7FFD8
007FFF9E00C0FE2E
FEE200CD00260048
FEECFDA8FEFB007D
FE53FF76001D0077
FFAA0080FEA70010
009CFFD70061FD54
FF55FFD6FF5300B0
FFF5FEF1FF28FEF5
FF9D0186005F0127
006DFE820081007E
FE1AFF97FEE1FEFE
001400F900650096
01880083007900C3
001D01210008FE22
FFEB006600C3FF5E
FFC1004CFF26FF67
FF8CFED9FFCAFFB1
FEB3004EFEC6008E
FF75FF67FF2AFF85
FF8B0025015FFF01
006500F5FF7DFFFD
008D004DFF8FFFFA
FFB8FF2301C7003F
FF4D0024FF9AFF38
0068001B005E007B
FED9FF54FF5D0093
FF2BFF7000D8FFF4
005D0013003DFE70
FF5A000EFF720081
0072FE9C00F00006
FF3901730114FF38
FFC9FFCF009FFFD5
FFB2FFB0FFFB0183
000BFE80FF47FFAC
FF9800E4FF57FF7C
FF36FF67FF1F0020
FFEEFF6300830015
00A4FFA3FF21FFC0
00D4FF79FE8BFFA8
0041FFE1FED1FF9E
0027FE44FF1AFF8D
FE42FFA1FEF5FF5D
FF95FE18FE4D005F
FF7AFFE9FF4CFFED
015A00A8FF56003F
016801F1FF79FFED
FFFBFF1F0020FDC9
FECBFF6CFFC5FF75
FFD5FF2AFFCBFF6C
FF03FFC20081014E
FFF3FFACFF73FF1B
FFAFFE58000DFF9A
FFD80017011BFFD4
FFEB008700D50068
FF8CFF450097FFFC
00820061FFF9FE40
FF98FF58FFF8FEEF
003B00ACFF3B0022
002EFFFA0110012F
FFAB0043005AFF1D
FF73FFD6FFECFDC9
00A60039007CFD3E
FDA600F300F6FFE0
0015FF05FEDEFFC6
00B0FFB900ACFE31
FF1C0095008A0065
FF0DFDAEFEFD0090
FE49FF8500430095
FFB4005AFE84FFC8
0084FFBA0065FD77
FF58FFFBFF2800C3
FF99FF45FF2AFEFB
FFA80188007F0125
0088FE8700680031
FE02FFCBFEFDFF17
FFE800CD00710072
017B006F008500C0
FFEB014E0020FE42
000B007300C4FF65
FFEB0040FF3CFF85
FF89FEBEFFA6FFE6
FE8F004FFECA0032
FF72FF51FF58FF7C
FF49003A015DFEFF
004000EAFF81003D
009D0057FF9B0009
FFACFF2F01950046
FF1E003CFF83FF34
006C002500740054
FEAFFF4CFF400088
FF03FF67010EFFE9
008300390065FE8F
FF660007FF79006B
006FFE5A00EAFFFC
FF5A013F0114FF40
FFBBFFC40083FFED
FF7FFF86000E0186
FFE8FEA0FF5BFFF6
FF3F00B1FF45FF7F
FF43FF7BFF380021
FFBBFF5E0086002E
00A0FFCFFEFFFFAE
00ADFF72FE9FFF7F
0033FFEEFF25FF96
001AFE51FEFCFF5B
FDFFFF87FF11FF72
FF67FDFFFE4B005A
FF5CFFDFFF370000
014E007CFF600063
017B01DDFF910003
000AFEDF0029FDBF
FED5FF58FFE1FF63
FFE4FEF8FFB8FF5E
FEC8FFBB009201A9
FFA0FF7AFF8FFF5E
FF8DFE53FFD9FF93
FFFB003101510030
FFF7003E00FF0050
FF54FEE800A7FFDC
0073008AFFF6FE5C
FF97FF01FFECFEF5
003C00BFFEFF0056
003600140114014C
FF7B00450062FF2C
FF4BFFD3FFE5FDB6
00B200670055FD3B
FDB20129011FFFCA
FFF9FEFAFECFFF92
00D2FFE0007DFE28
FF24005600CC003B
FF3AFDDEFF14009B
FE40FF72004800A6
FFB2004CFE89FF6D
0048FFA2006BFD64
FF3C0024FF1F00C7
FF4AFF5BFF4EFEFA
FFAE01B600D10125
009FFE7F003BFFD6
FDE5FFAFFEECFF2F
FFD400B800990098
0157003E008A009E
FFEB01630009FE6C
0035006000CBFF85
FFE9003CFF45FF73
FF64FEA7FF810004
FE7F005CFEB9FFC7
FF75FF3AFFA9FF7C
FF2A00000173FF06
000F00D2FFA50081
0099007BFFB10012
FF95FF1C0198004A
FF08004FFF68FF17
0055003F006D0059
FE7CFF2DFF0C0068
FEE4FF470112FFF5
009400540073FEA2
FF650030FF6F0069
006DFE0100C9FFEC
FF7C010F0128FF75
FFC6FF95003A0015
FF85FF5BFFFD0169
0006FE97FF540031
FF0F0089FF22FF9D
FF7BFF74FF4E0012
FF90FF3500970025
0091FFD2FF07FFDE
0060FF4FFEF4FF76
0029000EFF8FFF98
FFF4FE88FEC1FF2F
FE08FF69FF6BFF97
FF2AFDECFE5A0042
FF7BFFE4FF4BFFD5
010A0042FF790078
016F019FFF740034
0036FE810016FDDD
FEE2FF4F0019FF79
0028FEF0FFC4FF8E
FEC8FFAA008401EB
FF88FF44FFBDFFCF
FF91FEB4FFF9FF82
FFF9002C01A70077
002EFFEC013A004C
FF45FECB00A90011
006D006EFFD0FE7B
FFA2FEC2FFCCFF0A
FFF400C8FECD0079
0088004D01710155
FF4800350031FF3E
FF47FFDAFFEEFDE2
00AB0083002EFD8D
FE1D01370136FFC5
FFC7FF06FEE6FFAD
00BA00150076FE78
FF1CFFDA00C4FFDD
FF81FE63FF440073
FE85FF8B005100A8
FFBE002BFEB8FF6F
0015FF990060FDA7
FF220048FF0B00DF
FF17FF71FF5AFF10
FFBF01A201080106
009CFED50028FF43
FE10FF88FF08FF74
FFB600B4008E00E2
0115FFE200B00092
FFED0157FF99FEB8
005B005700B9FF78
FFCA0027FF9FFF7B
FF85FECCFF770047
FE760051FED4FF60
FF93FF44FFFFFF86
FEF7FFE70171FF0B
FFDB00B2FFE100E1
00B0006FFFB9002C
FFBBFF1B0150000B
FF460055FF79FEED
0043004700410058
FE54FF18FF020001
FEEEFF7500F0FFC2
008000240062FF0A
FFA20074FFA8006E
005FFDF90071FFE6
001100C50135FFD0
FFD6FF59FFE30042
FFDDFF5A00280124
0012FEC3FF4C0053
FECF0053FF0BFFC1
FF81FF9AFF5A001B
FF3BFF340089005F
0055FFF2FF5F002A
0013FF51FF46FF53
0023003A0017FF9E
FFC4FEB7FEB5FEE0
FE09FF7CFFA2FFD7
FF00FE05FE7B0036
FF9A0004FF63FFF5
00D0FFE7FF6D0081
01470143FF77007D
0032FE510028FE06
FF08FF40002FFF5B
004CFEDEFFB8FF65
FE9DFFA400760208
FF28FF1900150032
FF9EFED9FFE2FF80
002B004F01D300FC
006DFF82013F0058
FF29FEB40098FFF0
004E0089FFA1FEA1
FFB2FE93FFC2FF46
FFFB00CAFEA300CF
00870089019B013A
FF2E00500023FF58
FF4DFFF7FFDBFDFB
00AC0091001AFDC8
FE650164015CFFE2
FFAEFF32FEDAFFA0
00C100350038FEA9
FF37FF9500D5FF80
FFBFFECFFF84006E
FEB9FF8B007A00C3
FFE10034FEE4FF2C
FFADFF67002FFDE5
FF110068FF0E00B3
FEE9FFADFF99FF41
FFEC01A9014700EB
00B5FF170020FEE0
FE3EFF7BFF2EFFAD
FF7A00B8009000EF
00C1FF8F00A0002A
FFE9014BFF80FEF5
0064002D0096FF6B
FFCA0026FFD4FF9B
FF79FED7FF4E0061
FE9B0051FEFFFEE7
FFA0FF360074FF7F
FEE9FFB5016DFF29
FF99008C0040013C
00880088FFC10051
FFC6FF1C01080007
FF590048FF65FEDF
00000043002E005E
FE2EFF3BFF06FFC2
FED7FF8C00F3FFC6
00880005005DFF51
FFD900A9FFA10070
003EFDCC0013FFBF
004D00650148FFF6
FFE8FF28FF560066
FFBCFF3B002D00DF
004FFED5FF4C00AF
FEA2003FFED9000D
FF9CFFA5FF810010
FEEAFF3A006A006E
0013002BFF570060
FF9AFF60FF75FF1E
001D00370084FFC2
FF7AFF0EFEB5FECA
FE1BFF880015001A
FECEFE3CFEA50018
FFB8FFF6FF71FFF1
009EFFBFFF970098
010E00F0FF8100BE
0028FE420018FE24
FF5CFF24004DFF60
0080FECEFF9FFF6D
FE9BFF9600970247
FF07FEED0045007E
FFF5FEF4FFD6FF9F
0059003F01E3013E
00C3FF5101540043
FF3FFEC00082FFDB
002E008DFF85FEF9
FFA6FEA0FFE5FF8E
FFC500C7FE6B0127
00B100EC01AB0126
FF2C005DFFF8FF98
FF54FFB2FFBCFE3F
00BC009AFFECFE1D
FEBD0189015CFFEA
FFBDFF3FFECEFF8A
0087004CFFF2FEFC
FF17FF5000B9FF40
FFE4FF47FF9D0063
FEE8FF9800C000B0
FFE1002BFF0BFECB
FF58FF530015FE5A
FF1D0079FF1C0093
FED3FFB2FFC8FF7A
000C017E015000A9
00EBFF4F003EFE5D
FE91FF5EFF4FFFC6
FF4B00A2009000DD
0036FF4F00B0FFDE
FFEC0130FF44FF07
009D000D0035FF61
FFC4FFE60022FFB2
FF55FEE6FF5A0077
FEB9002EFF2AFE6F
FFD5FF240085FF67
FEE8FF830133FF2C
FF53005400900165
00630093FFA1007C
FFACFF3D00A5FFF9
FF8E0036FF67FEE2
FFB4004E00140057
FE27FF76FF1AFF8F
FEE7FFCE00E8FFE7
006DFFD0002EFFAB
001000D7FF900050
FFD4FDB2FF97FFE5
00810012011D002A
0000FEE3FEEC0092
FF9EFF49004B007D
0061FEFBFF4D00DD
FE7A000AFEBB0047
FFC0FFC6FF9F0019
FEB8FF70007C00B5
FFC6005BFFA10091
FF56FF47FFB9FF13
0026004C00C3FFC2
FF50FF52FEE8FECC
FE42FFBF003E0073
FEBBFECBFEE0FFD4
FFDD0018FFA20018
0057FF8DFFAE009C
00B00083FF8D00E6
002CFE4F0004FE73
FF9AFEF00053FF26
00AAFF03FF7BFF71
FE94FFA8009501F9
FED9FEEF008200C0
000EFF2AFFDAFFB5
00B0004701CA0163
014CFF0E01280057
FF22FED4001CFFC6
0010008AFF59FF2B
FFEAFED00009FFDA
FF9500D2FE7A0161
00CC013001AB00DE
FF2C0046FFD4FFD4
FF78FFA9FFA0FE72
00A1009FFFCEFE98
FF2E016E0143FFE2
FFDBFF6FFED0FF8E
007B0045FFABFF6E
FF09FF23006FFEFB
FFD4FFC2FFEC0068
FF17FFA000D200AA
001F005EFF3DFEAD
FEE8FF4DFFD9FEED
FF290065FF360069
FEF9FF970012FFC6
005701570139007F
00F0FFAD0034FE24
FEF7FF62FF97FFC9
FF490094006500B8
FFCAFF1C0097FF84
FFF800DDFF20FF52
0086FFE20008FF60
FFB7FFC50058FFC4
FF6AFF26FF6C0070
FEF80024FF81FE12
FFCCFF0A00A7FF7A
FF31FF6F010EFF49
FF35003800D20166
00240085FF970096
FF9DFF650031FFDD
FFED0005FF93FEE8
FF760064FFDC003D
FE5CFFB3FF48FF5B
FEFF001100B40015
003EFF83FFFCFFD3
003500FEFF6D001C
FF82FDD8FF45FFEE
00BAFFA100DF003E
0009FED5FE8B00B9
FF84FF6D005D0026
007AFF2FFF68011C
FE83FFF4FEB10089
FFC6FFCBFFDD002B
FEACFF9E008700C7
FF8500A0FFE40095
FF27FF52FFDCFF14
0026006B00CEFFD2
FF22FFA5FEFCFEBE
FE74000E006E0096
FEBCFF04FF0EFF89
FFED003FFFF00012
0025FF6DFFC200A9
00540036FFA1010E
002AFE860023FEC5
FFBCFEF4003CFF02
00D0FF05FF93FF4E
FEC3FFE40082014E
FED5FEF600B400B6
0057FF3EFFECFFC0
01020031018B0183
0188FF030108007F
FF21FEEDFFFEFFA2
00010093FF3AFF33
0002FF1E00320021
FF8D00F5FEA7017D
00CA015601B700A0
FF540081FFE5FFFD
FF96FFB0FF93FEAE
008B0097FFC3FEF4
FF730173012FFFFE
FFF4FF7CFEDBFF97
0071004FFF73FFAA
FF0EFF290037FED1
FFA9003A00200067
FF43FF7300E500C0
005F0076FF58FE94
FEC6FF46FFD6FF16
FF540057FF38004A
FF4EFF950054FFF2
006F012F01130081
00F4FFE5004CFE31
FF53FF7BFFEDFF98
FF5500AF00540090
FF9EFEFF007FFF4A
FFE60098FF19FF5A
0058FF95FFB6FF81
FFA9FFF20049FFCC
FF66FF3DFF86002F
FF3D000FFFADFE0A
0002FF110097FF85
FF80FF3600E6FF69
FF110037010C0113
FFFA007CFF97009D
FFA6FF7CFFE5FFCF
FFE8FFF8FFAAFF1C
FF28006DFFCE0040
FEB0FFD7FF85FF55
FF350047007E0048
002FFF58FFDFFFE2
005500E1FF660034
FF44FE34FEF7FFF3
00C5FF6900B6004A
0014FEE0FE4600CC
FF81FFAC0053FFEC
009AFF49FF660160
FEAA0010FEA6007C
FFB6FFF40022002D
FEA0FFB400A000D8
FF6200C200060083
FF0EFF43FFDCFF26
002D005400CCFFC8
FF10FFB8FEEFFEE7
FEA4004A00660083
FEB2FF52FF3DFF66
FFF60041FFF30011
0008FF88FFED009F
000D0016FF9100F5
001CFE91001EFEFD
FFBEFEE9005AFEE3
00D7FF2DFFC0FF6D
FEE5FFFB00A600F6
FEC0FF2100A900B5
0064FF20FFFBFFB5
010DFFFC016E015B
01AEFF13011700B5
FF34FF20FFD7FF8F
00060088FF35FF3F
0024FF77003B0002
FF7E0105FEBA0174
00C5015501C50059
FF8D005FFFE0000E
FFBCFF8CFFBCFECA
0074008AFFDBFF2B
FF8C0150010EFFF5
0021FF8AFEE6FF98
00600068FF6DFFBA
FEF6FF3C000AFEC7
FF81004E003E008E
FF45FF8500D000A5
006C0095FF59FEA5
FECEFF5EFFDDFF32
FF7A0053FF850056
FF76FF7200770019
007A011B00E20059
00F2FFEE0068FE4A
FF95FF92FFE0FF9F
FF6400C0003D0089
FF87FF0C0086FF57
FFF1005FFF03FF74
004EFF7FFFA8FFA6
FF87FFC00030FFD3
FF99FF6CFF93001C
FF5F0031FFB8FE2C
000DFF280060FFB0
FF86FF3600B0FF70
FF14002600FD00D3
FFF0008CFF89009E
FFAAFF9EFFD4FFE3
0020FFEAFFB4FF30
FF29005BFFB80029
FEB9FFC5FFAFFF5C
FF6A003B004F0066
000AFF34FFB1FFB6
006E00F8FF310032
FF2CFE7AFEF90003
00BFFF560075002F
0000FEC9FE4600AE
FF53FFDB006CFFFB
0094FF7EFF830145
FED9002DFED9003B
FFC9FFFD0013004D
FEC8FFD500B400EB
FF5600C600240047
FF29FF38FFFFFF4A
001500490090FFE9
FF0B0002FF25FF16
FF1A006500760058
FEECFF87FF5EFF23
FFE10043004AFFF2
FFCDFFA4FFF0008A
FF97FFFBFFBC00D5
0017FF1E004EFF4A
FFCEFF08001DFED3
00FDFF66FFDAFF5C
FF4E0047004F001C
FEF3FF6300A9007D
0096FF72000DFFB6
013EFFC800F20122
01C3FF3200DC00CB
FF2DFF4DFFCBFF97
000700A2FF45FF3E
002CFFDB00490016
FF7F00E0FF380139
00BA0137019D0008
FFC90074000C0020
FFCEFFDDFFC1FF12
0067006BFFE7FF7D
FFBF011400E0001D
0033FF8FFF25FFB9
0053005DFF73FFE6
FF29FF61FFCAFEBC
FF4100AF0052006E
FF73FF64009F008E
007200B6FF6EFF0D
FEF5FF6CFFE0FF48
FFB2001FFF82004B
0004FF4F00A7001E
007100DF009E007C
00C30000006FFEBF
FFEFFFC30031FF5E
FFB600D7001C003D
FF6FFF330072FF50
FFE5FFFDFF3CFF66
001BFF3DFF92FFF0
FF7000120005FFB9
FFBFFFAEFFA9FFA3
FFAC003EFFE9FE9E
0019FF2C002FFFDF
FFF9FF180087FFC0
FF1E004000E9004D
FFDB006CFFA40069
FFDBFFB8FFC4FFD9
0020FFF6FFEBFF66
FF1F0060FFC20018
FF52FFF0FFDCFF73
FFEA006600010081
0007FF14FF96FFA3
008600BFFF690052
FF19FF2AFF16FFE4
0096FF4600340021
001DFF18FE6E00B5
FF9000370025FFBE
0098FF8CFF9D0134
FF66005BFEF30039
FFAF00150042003D
FF0CFFD400D100E0
FF5300C4004D000C
FF53FF21FFF8FF3E
001B0081005EFFD6
FF1AFFEDFF16FF32
FF23009400480036
FEE3FFBAFF58FEE3
FFC60022006DFFC6
FFB9FFE4001400A9
FF5C001FFFB700A2
000AFF50004FFF64
FFD1FF160044FEF7
010DFF8AFFE3FF5F
FF7E005E004AFFD3
FF09FF6600AB0056
0082FF2EFFEAFF95
0127FF9C00EE00D4
019AFF6200FB00E1
FF28FF47FFE1FF64
002000B2FF60FF30
0037000F0046001A
FF8700E9FF6C011A
00960144019AFFEA
FFE2005D00230030
FFD8FFD5000DFF0A
00330056FFF5FFA4
FFAA00EF00C9000D
004DFF68FF2BFFCA
004F0053FF8EFFD0
FF27FFC8FFAFFEC1
FF30009800780086
FF73FF6700680090
006C00BEFF7BFF2C
FF1DFFA00002FF00
FFD30034FFF50084
002AFF0D00A50003
004A00BB0062005D
00BCFFFD006DFEEF
0010FFB50002FF2B
FFFE00E300240029
FFC4FF5B0051FF6B
FFDDFFF7FF3EFF3F
000EFF24FFA3004E
FF4F000DFFB4FFB6
FFCEFFBAFF94FFA7
FFB90053FFD4FF24
0025FF38FFD8FFBD
0036FEDD0073FFDF
FF30004400B8FFC4
FFFF008DFFB7004F
FFDEFFB5FFF8FFCF
0022FFE9FFE4FFAF
FF1E0051FF9E0025
FF69FFBCFFF4FF92
00080043FFCD00A4
0009FF23FF54FF5E
0062008EFF630079
FF2BFF68FF28FFE1
0075FF7500180016
000EFF3BFE76006B
FF990052002CFFD5
00A9FF98FF89010F
FF9E0083FF21FFCE
FFB7001200240069
FF3FFFE800E900B9
FF6600AC00620013
FF6BFF17FFFEFF5A
000600700035FFF6
FEF6FFE8FF2FFF75
FF6400AB006F0009
FF06FFDDFF46FEAB
FFC2FFF20092FF9C
FF9F001400110092
FF0D0034FFDF007D
FFD5FFC40060FF66
FFC5FF49004BFF02
0106FFE9FFE8FF7E
FFA1006A0040FF8E
FF25FF72009A002C
009FFF2CFFF7FF97
013EFF8200AD007A
0185FF9E011D00E7
FF51FF5F000FFF8A
002C00C3FF6CFF1B
000B0054003C001D
FF8800AEFFD300D4
0088011C019BFFBB
001500570030001D
FFD500020011FF34
003100400007FFBA
FF9500D100AC001E
005FFF50FF6AFFDB
0041003CFFB1FFC9
FF32FFE8FF9EFEB8
FF0C008C00620076
FF80FF880049006F
003D00CDFF7EFF73
FF69FFC3001AFEF9
FFE700220034008A
0070FF0500630005
0039008F0030005E
0074FFEB008AFF48
0040FFD9FFF1FF0D
003800F8002DFFEF
FFBCFF960044FF97
FFDFFFC4FF4EFF23
0002FF35FFB00076
FF580013FF85FF9E
FFF6FFDAFF98FF83
FFC70063FFDBFF78
002FFF4CFFBBFFE0
0035FED1005EFFDB
FF6700400088FF62
00300083FFB60040
FFFCFFC40009FFE7
0039FFE7FFE8FFD5
FF1C0041FF8E001D
FF96FFBF0007FFA4
005F004DFFBB00B5
000AFF1BFF26FF5D
00820072FF780065
FF25FFC2FF68FFCF
006FFF83FFEBFFFE
0019FF84FEAC006F
FFBA00750008FFC2
00BEFF8FFFA400AC
001500BEFF45FFB7
FFA90020000B0057
FF81FFE200F300B7
FF62007D00770011
FF83FEE1FFE9FF60
002800910014FFDE
FF03FFA1FF43FF86
FF6100D30040FFE8
FEFFFFDFFF30FE8E
FFA1FFEA0091FF6E
FF9C004B000D009D
FF0B0050FFD2005F
FFD5FFC70069FF62
FFA3FF31005FFF14
01110000FFD7FF7D
FFB100610034FF6E
FF3FFF7100A7FFF8
006DFF1CFFE1FF9D
012CFF6E00AA0043
014DFFA5012900F0
FF57FF610032FF8C
003400C0FF73FEE1
0010007000060018
FFA9008F000500A9
008100FB01C6FFB1
001500490039FFF8
FFEB00030051FEE4
000C003D000FFFA5
FF5A00AF00B90021
0079FF37FF56FFDB
00360027FFCCFFA8
FF32002BFF8DFEB6
FEEB0052006D00A7
FF4BFF9900270083
003000E2FF71FF9A
FF7BFFE60035FECF
FFD40021006A00B1
0084FEEB001BFFE7
0032009300110070
005DFFAF0088FF90
002FFFDDFFD4FEFA
005E00F0003AFFF7
0003FFA90022FFAE
FFCFFFD3FF43FEFF
FFF1FF68FFD5007F
FF22002AFF47FF9F
002AFFDBFF93FF96
FFB00062FFADFFDA
002CFF61FF8AFFF4
0052FECB006EFFE5
FF8700380053FF21
00590084FFBA0039
0004FFCB0035FFDC
0033FFD6FFF3FFF2
FF1A0031FF7F002C
FF9DFF8E000CFFC0
006B0017FF9000AD
0000FF29FF23FF06
00800056FF62007C
FF3CFFF0FF7DFFD9
0062FFBAFFCFFFCE
0031FF9CFEC0004F
FFB200890006FFEB
00D0FF93FFA50082
001A00F4FF6CFF63
FF9A001FFFDB006D
FF97FFD30115009B
FF6E005F0065001E
FFB7FED7FFB8FF4F
001B00B4FFD2FFE4
FF0DFF72FF3FFFB4
FF7100CE0028FFCD
FF11FFEAFF1BFE60
FF98FFB600AEFF5B
FF9A008400110089
FEEC0075FFE30022
FFAFFFFA006CFF28
FF7DFF5A007FFF37
010F0020FFEFFF88
FFC7005E003AFF49
FF50FF660098FFBB
005BFEC7FFD4FF89
010FFF5F0092FFEB
00F6FFBA017000F3
FF6FFF6B0073FF8B
007000D8FF85FEAE
FFE30081FFD8FFFD
0001005E002C0077
005E00EB01CBFF8B
001B00460054FFE9
FFEE0011007BFEB1
FFF70021003EFF6E
FF280079009D0032
007CFF06FF6EFFDD
0029FFF8FFE1FF82
FF2C0078FF99FEBD
FEF50002005C00C3
FF31FF9CFFFD007B
FFF100ECFF75FFE0
FF9DFFF90057FE7A
FFC5002E00BC00C0
00ACFEE0FFE5FFB1
00150093FFF80057
0030FF700099FFEC
0020FFC7FF7CFEF7
008C0115003CFFFA
0059FFCFFFF5FFC7
FFCFFFD5FF45FE99
FFF4FF62FFE800A4
FF030031FEF9FFB3
0024FFCCFF86FF7E
FFB50076FF750035
0031FF91FF3FFFE2
0040FE990073FFC8
FFB8003F0013FEC7
007D0082FFAE0047
0006FFA0008EFFD6
0027FFC7FFE3000E
FF250025FF6A0050
FFA2FF780015FFD9
0079FFEDFF9400CE
0005FF33FEF0FEC1
006E003DFF460081
FF57FFF5FFA6FFDD
0022FFE9FFE0FF9A
0042FF92FED3002E
FF97009CFFF2000A
00FAFF76FFA6002A
006A013DFFB9FF44
FF810014FFAE0073
FFC5FFBF01200079
FF7100230064002A
FFF4FEC0FFA9FF57
004E008DFF90FFFF
FF06FF13FFA90001
FF8D00D4FFE7FF99
FF34FFE6FEC5FE91
FF90FF9A00B2FF2E
FFB100C3FFD30073
FEFD00C90005FFE9
FF7B004D003EFEEF
FF5BFF760046FF55
00E50067FF98FF93
FFEA001CFFD7FF50
FFB2FF760061FF67
0011FF13FFB5FFB5
00F5FF6A006BFF9F
0095FFB8014300EA
FF8FFF820081FFC4
006900B8FF72FE7B
FFC400B3FFABFFF2
00250012009D000B
006000790185FFC9
003700270030FF96
FFF9002D0097FE8E
FFE8004E0031FF18
FED0004C0096004E
0081FEF0FF80FFEB
FFD3FFBB000BFF97
FF2D00B7FF80FEFE
FEB3FFA3000B00DB
FF11FFB2FFEB0096
FFD000DBFF61001F
FFFE000F0045FE9B
FFCA001500CB00D9
00D3FEB4FF59FFA2
001C0081FFCC0099
FFE5FF2C00AE0050
0004FFCBFF7BFECF
00AD00BC0025FFC7
00630005FFB00004
FFE7FFE3FFAEFE92
FFCEFFDE0036009A
FF0F004AFEC7FFA3
005DFFB7FFA4FF67
FFAF002FFF7C0085
001DFFA8FF24FFD0
0054FED70078FF99
00240060FFCFFE9A
007F005BFFB6002B
0011FFB20090FFF1
0057FFA2000DFFEF
FF3A0025FF3A0061
FFDCFF8FFFFD0002
009AFFD7FFD4009B
000BFF7DFF0BFEAE
0073003EFF500049
FF550020FFECFFD6
00120058FFCBFF5E
0044FFF5FF4D001F
FFDB00AFFFD90036
00EFFF6FFFA6FFC1
00760154FFCDFF1B
FF73FFFBFF640062
0021FFB201020076
FFA1FFD80047004B
0084FE9BFF47FF6B
00760080FF3BFFE6
FF51FEB6FFD20037
FF6C00D1FF91FF81
FF65FFE4FE96FED6
FF91FF8F007EFF2B
FFE900F5FFBF002D
FF470111FFE9FFC1
FF87004B002CFEC3
FF38FF87003EFF5C
00C30059FF9EFF89
FFF8000DFFCDFF77
0002FF850029FF1E
FFF0FEB3FFB5FF9E
00D4FF940065FF57
0036FFDC015B00E2
FFA9FFD8008AFFCA
00AB00C1FF74FE63
FFAE00D5FF82FFAF
006DFFFD0090FFD3
004700710172FFDB
004A00320043FF94
FFFD003200B8FE51
FFD2001D006AFECB
FEA8001A00A30053
0092FEE6FF68FFE0
FFE6FF750039FF76
FF2400E7FF9BFF59
FEA2FEFCFFC000DB
FEF9FFC2FFCF00A6
FFB700E9FF48005F
001D002B004CFE52
FFCB001300CB00DD
00F8FE95FF2AFF7F
000F0088FFBC0098
FFD0FEF600CF00A1
FFC8FFAAFF56FEE2
00EF00C80014FFD6
00CE0040FFA4003A
FFE00002FFD2FE3D
FFA6000800540070
FEEA0063FE7FFFA8
0054FF75FFC3FF47
FF830012FF4500E3
FFF4FFBDFEDAFFB7
0045FEF7008BFF45
0047008DFFA3FE9A
0090007AFF880020
001EFFA700EF0003
0034FFA90005FFE7
FF81001DFF590069
FFD5FFA200050032
0081FFBAFFEE00A7
0000FFA9FF2AFE6C
0054001FFF540037
FF77FFF30028FFE2
FFB400B1FFDAFF2D
0037FFEFFF88FFE7
FFC200B8FFE2008B
00FCFF6EFFC9FF7A
0099015C0007FEEC
FF50FFD2FF430089
0040FFAB00E10033
FFDBFF9B0011001D
00CCFED7FF25FF7B
0066003EFF1EFFDB
FF88FE96FFF60056
FF9300A0FF38FF6C
FFBA0004FE99FF21
FFA6FFA3006BFF66
FFFA00EAFF9DFFCC
FF89011E000FFF98
FF91005A001EFE95
FF35FFB6FFEEFF82
005D0068FFA5FF8B
FFFFFFE1FFA9FF97
002BFF91FFE7FEFF
FFE6FE9DFFA0FFA5
0090FFB80014FF2E
FFCCFFF3010A00AA
FFB3FFEE006FFFD6
00BB00AFFFA4FE4E
FFAC00B7FF80FF71
00CAFFCC00A1FF93
000E00580100FFF4
004200410039FF6A
001200390086FE42
FFCB000800A2FE82
FE7DFFD7005F0053
0085FF02FFA4FFE8
FFF9FF590044FF78
FF07011DFF85FFA2
FEBBFE7FFF8800C7
FEE7FFC3FFB00092
FFA600D1FF560096
0034002A002CFE58
FFBE001D00B100B7
0115FE9CFF0FFF6D
00110098FFC70074
FFB2FEF400CA00F7
FFA7FFABFF43FF14
00DA00C8FFEBFFDA
00F1007DFF8D004C
FFE7FFFB000EFE38
FF970043006A002B
FF030063FE92FFCC
0031FF55FFE8FF41
FF9E001CFF4B00EC
FFD9FFCFFEF0FF9C
0033FF5D0078FF15
008400ABFF7DFEDB
0068005AFF8B0013
0004FF73012E001A
0045FF8A0010FFCD
FFB50033FF550074
FFE5FFAD001E002B
0049FFCC002900B4
FFF4FFB9FF40FE79
00290000FF45002C
FF8CFFC700690007
FF5600E3000BFEFA
0024FFCDFFDEFFE8
FFB3008DFFDF00B6
00E0FF5AFFC1FF31
00D30163000CFF10
FF41FF8FFF28005D
0082FFA600A2FFFC
FFF9FF710003FFEF
0128FEFAFF10FF9C
005D0025FEEFFFC0
FFCAFE8B00160061
FF840086FEEDFF60
FFF9FFF7FE7EFF54
FFADFFCD003FFF8A
001C00D0FF85FFAD
FFDE013EFFFEFF94
FFC2006E0010FE65
FF50FFD8FFB1FF86
00130051FFB3FF7B
FFFEFFC8FF91FFC6
0057FFABFFAEFEDD
FFE8FE88FFA0FFA2
0064FFF00001FF34
FFA3003800BC007B
FFBC00130061FFF6
00C100A9FFB2FE4B
FFAE0098FFA5FF60
00D6FFC60093FF72
0007002400E50019
004300690059FF53
001F0044006AFE32
FFDDFFF000C2FE46
FE64FFE5005A0063
0086FEFCFFA2FFED
001DFF450035FF65
FF060118FF65FFF0
FEC6FE20FF590098
FEEDFFAEFFC5007F
FFC100AEFF4E00B1
004F0025FFFCFE51
FFB1001B0072008D
011DFEB1FF03FF66
FFFD00B2FFE2006C
FFA8FEF700DF012C
FF6AFFA2FF5BFF1F
00BF00B7FFDAFFCF
0114008BFFB0005A
FFF2000B003EFE21
FF83006B0079FFE4
FF250066FEA9FFC9
0021FF38000AFF31
FF86001BFF4600F1
FFD7FFB3FEDCFF80
0031FFA0007FFEF6
009900CBFF8FFF1B
006A0061FF81FFFB
0016FF4D01520032
002DFF82FFFCFFB9
FFE6002BFF8B0096
FFE1FFC9002A0066
003EFFD6003E00A9
FFDBFFC5FF85FE93
001CFFF7FF59002B
FF9EFF9600A0001E
FF250104003BFEE8
0005FFD50023FFD2
FFD1005AFFDF00FC
00AFFF39FFC4FF23
00DB014F0005FF2B
FF26FF7DFF38004A
009BFFA9008CFFE7
002CFF61FFCCFFBD
0159FF0DFECEFFA9
007A0020FE99FF9B
0012FE810009005E
FF2D0060FEA7FF68
000EFFA8FE69FF8C
FF860003FFF3FFA8
005700BCFF73FF8E
00580173FFF2FF98
FFED00290011FE60
FF28FFC5FFA4FF95
FFF5FFD9FFA7FF54
FFC0FFE9FFD20008
007CFFD2FF86FEA6
FFFBFE32FFADFFAE
002F0025001FFF59
FF820080007F005E
FFAE0017005CFFE5
00D60082FFD1FE3E
FFCF0094FFC5FF4B
00E6000F0054FF8A
FFE9002100BD0065
002000930079FF51
001F001B003CFE0B
FFF3FFE200CBFE17
FE3F0006004F004D
0078FEFCFF5EFFE2
002CFF270058FF1F
FF040126FFB00048
FEC2FDC6FF2800A0
FEACFF7AFFD100A2
FFEA0081FF1F0058
006500220002FE22
FFAB0019FFFC006E
00FAFEB2FF18FF5C
FFCF00E4FFFD00A2
FFEAFECA00C20140
FF06FF9AFF4EFF28
00B500C2FFE2FFE3
017A008AFFC60068
00030051003FFE04
FF8800620067FF92
FF5B007DFEBDFFB9
FFE7FF0A0027FF4A
FF4F000DFF0D00EA
FFB5FF94FEB8FF6A
0019FFCA00B9FEE5
00A200F2FF82FF40
004C006AFF64FFD7
0004FF2801870048
FFE2FF95FFE5FFAB
FFED002BFFDD007E
FFCBFFBC000E00A9
FFDEFFB1004F009E
FFE1FFECFFB9FE86
FFE1FFBFFF5D0040
FFCEFF4A00B30049
FEE10137006DFED4
FFEDFFC5004BFFB8
FF970030FFF80134
0071FF08FF9FFF48
008C013EFFEBFF0F
FEFEFF69FF52004E
0089FF9E0081FFC3
006FFF67FFA3FF87
015FFF23FEADFFB4
006F0002FE93FF89
0030FE8300120065
FF040025FE6FFF80
0016FFA1FE75FF95
FF730009FFAFFFDD
009000B9FF5DFF82
009F018AFFDDFF99
000F000FFFF3FE3B
FF15FF9FFF8DFF9C
FFCEFFABFFACFF51
FFA0FFD2FFF3006C
007F0001FF5AFE97
FFECFE3AFFAEFFC9
000F005E001CFF84
FF8B008C004B0027
FF89FFF20038FFD1
00C30067FFEDFE3C
FFE20064FFD8FF3D
00EB002C000CFF87
FFE9FFEF00950083
FFF400880072FF3D
001CFFDB001FFDED
0013FFFC00C1FDE5
FE27000F00360031
007BFEEAFF4EFFE9
0027FF3C005BFEF8
FF0D0130FFBD0094
FED2FD88FF1100B3
FE94FF77FFE10092
0007005CFEFD001D
006B0014FFFAFE16
FF8A0029FFAC0066
00CAFECBFF3CFF69
FFB20100000700BE
FFF6FEB500980126
FECEFFA1FF2CFF43
009200AAFFF0FFC7
01840087FFDD006B
00160066005FFE1F
FF8100630076FF62
FF770066FED9FFB5
FFC0FEEB003EFF61
FEFBFFFBFEF900C2
FF9FFF77FEB8FF4B
FFFBFFF600C5FEF1
00B000DFFF7EFF99
0039007AFF66FFB4
FFEEFF1301980068
FFC6FFA0FFD9FF74
00010041001F00A5
FFA7FFA9000D00D3
FFACFF710063009B
FFCB000CFFF0FE74
FFC5FFE2FF490023
FFEFFF0000D5006C
FEB70165008BFEDB
FFDBFFAD0079FFAF
FF64FFFDFFFF014C
003FFEFBFFB6FF5E
0055012DFFD2FF1D
FEFEFF4BFF460047
0080FF7A007DFFC0
00A2FF69FF87FF5A
013EFF49FEADFFBE
0069FFDDFEB8FF7C
0034FE8AFFF30042
FEC9FFECFE6AFF86
002BFF46FE73FFC0
FF520022FF6EFFF8
00C5008CFF3DFF7E
00FF019DFFBFFFAC
0028FFF0FFF5FE42
FEFDFFA9FF8DFF91
FFC4FF54FFC3FF1E
FF72FFDB001400A1
0061001AFF50FE98
FFEFFE2AFFA1FFE3
FFF80091001FFFDD
FF7E00A0001C0029
FF81FFD60051FFBF
00AD0055FFECFE27
FFD90033FFF0FF47
00DB0040FFCCFF9B
FFD5FFDA009700C3
FFD700B60079FF1A
0009FFD4FFF8FDF2
0051002500B8FDC2
FE0F004A0056002F
0061FEF7FF20FFD8
003CFF570047FEBE
FF3000F6FFED009F
FEAEFD7FFEEC00AA
FE7CFF46FFFA00A7
00230019FED6FFBE
007CFFE0FFF9FDF5
FF800042FF470032
007FFF13FF4AFF83
FF880108003900E9
000BFE9700970114
FE93FFA6FF49FF61
005B00A40024FFCE
0185006000080063
000F00750068FE4B
FF8100600069FF12
FFA40069FEFFFF8D
FF97FEB9003AFF7E
FEBAFFE9FEDC007C
FFA3FF50FF10FF3F
FFAD001C00EFFEE9
00B200C4FFA8FFF4
002B0086FF77FF95
FFFAFEF001A80091
FF8AFFA9FFBDFF62
00010044004D009E
FF74FF9C00070103
FF85FF5C00970089
FFE500370031FEA8
FFDBFFE8FF59002E
0000FEC800DA0071
FEB7016F00B4FEF5
FFD0FFB80088FFBE
FF54FFC6FFF20167
0018FEDAFFB8FF9A
00140119FF9FFF2B
FF05FF57FF550038
005FFF570060FFBD
00BDFF89FF50FF57
0130FF92FEAEFFAD
0045FFD7FEA5FF76
004EFEBCFFE70007
FE68FFD5FE73FFA7
0015FEF6FE76FFC6
FF2D003FFF3B001F
00CF005CFF4BFFA6
015F01ABFFB4FFDF
0025FFB8FFE3FE2A
FEEBFF7CFF91FFA4
FFB2FF06FFD2FEE1
FF43FFF8003A00E9
004B000AFF4BFEA3
FFF1FE15FF880001
FFDE00B800560025
FF80009AFFFEFFFF
FF70FF8C004DFFA6
00A100480005FE29
FFD6FFF0FFF0FF4F
00D7006CFF8FFFBA
FFF5FFBF009A0111
FFA200B00071FF1A
FFDFFFC8FFC8FDFD
007D00650087FDA8
FE0C009400650011
0044FEF7FEECFFD5
006EFF630043FE87
FF4700CC003F00B9
FECEFD89FEF000A8
FE63FF11002700CD
0047FFEBFEA3FF63
0046FFBE0014FDEC
FF640037FEF50054
0021FF4EFF5FFF6A
FF5F011700670104
003DFE7B006F00C0
FE3CFFA7FF4FFF69
001B007F0044FFC6
019D004400150043
FFFB00AD007BFE48
FFA000550057FEFE
FFF60082FF25FF84
FF6EFE88002EFFA4
FE9DFFE1FECC0021
FF9AFF2CFF36FF1A
FFAA001800F0FEF6
009800D8FFC2001B
0029009DFF7CFF98
FFDBFEDB01BE007B
FF39FFB9FFB1FF51
FFF6004A006200A4
FF6BFF90FFD9012B
FF42FF3D00A8007C
FFF1004A0065FEB0
FFC1FFDAFF4B0032
FFF8FE6200BD0064
FEBC016300ECFF23
FFC3FFAF006CFFDC
FF3BFF910011016C
FFDEFEB3FF94FFF6
FFBB00F0FF76FF51
FF06FF5EFF77000C
0026FF2A005DFFDC
00D8FFB3FF2CFF5D
00BDFF96FEB8FF9F
004EFFD6FF07FF6E
0031FEBDFFB7FFE0
FE3FFF9DFE92FFC6
FFECFEC2FE8DFFE0
FF290025FF130032
00EB0066FF42FFBE
0183019AFF850001
001CFF80FFD6FE46
FEDCFF4FFFC0FF9E
FFBDFEDCFFD8FEDB
FF0AFFF70087015A
001D0016FF71FEDB
FFECFE2BFF9E000E
FFE200BE00720066
FFAC007A001F0003
FF6CFF590059FF90
008A0027FFFEFE2D
FFEDFFB8FFDBFF5F
00A0007CFF38FFE6
FFEFFFC800C60116
FF7500970053FF12
FFBDFFACFFC3FDE6
009700840070FD92
FE0000B5007EFFFD
002CFF07FEB9FFD0
0056FFA8003EFE66
FF720097007400A2
FEDBFDB0FEE600B9
FE46FF22003500D3
004EFFD5FE83FEEF
0035FF990023FDEF
FF50004AFED8003B
FFD8FF88FF63FF94
FF7D012400760125
003CFE7600340068
FE34FFC5FF4CFF8F
FFE30061007CFFDB
0187000000310039
FFFF00C30050FE9E
FFAA005B0062FEBB
0008005AFF57FF65
FF63FE8E0012FFF8
FE5AFFD9FEA7FFC6
FF8DFF32FF80FF23
FF5A002E0118FEF8
0065008EFFD20075
002300A0FF88FFAE
FFCAFEFA01810098
FF38FFD0FFADFF2C
FFE6004E009A0094
FF16FF7DFFD4011F
FF08FF1800CD0057
001100640091FEB8
FFC50008FF5B0017
001BFE2800AB007C
FEF2015F00E9FF42
FFDAFF8D0060FFEC
FF0FFF6A000C0149
FFD1FECDFFBB0024
FF6200D4FF48FF57
FF2AFF75FF6B0001
FFE7FF1C0062FFED
00CEFFD5FF22FF78
008BFF94FEF6FFAC
002AFFD9FF37FF77
000BFEDDFFA8FFA7
FE06FF8CFEC5FFF7
FFD0FEA1FE67FFC9
FF17001FFF16001C
00EA0032FF39FFF3
0190019DFF60003F
0034FF84FFD7FE3A
FEE6FF4EFFAEFF9E
FFEAFECDFFD0FED0
FF04FFF000640182
0004FFE8FF82FF05
FFEFFE53FF7B001A
FFFA00E100A700AC
FFD8005000200003
FF5CFF24007CFF7A
00730034FFD9FE35
FFC9FF8AFFE7FF78
006F0072FF130003
0015FFCA010E015F
FF4E00AF0028FF1C
FF99FFC2FFACFE12
00B000D00034FD9B
FE1C010400B6FFFD
0016FF10FE9EFFC1
008AFFC2FFFFFE63
FF8E004F00820079
FEDDFDFBFEF50085
FE5AFF07005F00D9
0070FFA8FE8AFEC1
0016FF7D0011FE0A
FF2A0063FEBA004E
FF85FFB3FF65FFAE
FF7F010F00B20112
0033FE7900380005
FE14FFB4FF6BFFB7
FFC3004F0084FFD6
016AFFB8005B0012
000600BD004CFEBC
FFAA003A004FFEC0
00370067FF94FF4A
FF5EFE5C000AFFFB
FE4FFFC4FEB2FF54
FF88FF0EFFE6FF03
FF4AFFF8011DFEEC
00460059003300A0
001700A8FF8DFF9D
FFE5FEE7015E008A
FF31FFE7FFADFF16
FFC30044007800B3
FF09FF96FFC7011D
FEFCFF2400D00036
0016005C008AFF0A
0002003AFF58FFF9
FFD0FE1600680042
FF56013300FBFF9A
FFE2FF9600180029
FF4EFF4AFFFD0122
FFD4FECEFFBF0060
FF2200CAFF1AFF95
FF30FF8AFF94FFDC
FFA7FF04004B001F
00BFFFDCFF28FFC3
006FFF96FF1EFF93
0001FFDAFF66FF74
0000FEF5FF80FF75
FDE4FF7FFF080008
FF9AFE5BFE61FFC1
FEFF000DFF0C000A
00FB0023FF45000B
01BB0178FF360077
0029FF36FFCCFE39
FEFBFF26FFC4FFA7
0024FEAEFFBBFED6
FEEDFFEA009E01CA
FFDBFFB7FF8DFF3E
0004FE5BFF7F0034
001300F000CE00DE
000400130055FFE8
FF40FF05008FFFAD
00870039FFC4FE70
FFB9FF4FFFECFF84
003600A2FEE20025
0040FFCF013B0195
FF2600B40006FF2B
FF6EFFC1FF8DFE21
00D600E2FFF6FD99
FE50013800C00009
FFF3FF34FE98FFCB
0080FFD4FFF7FE8A
FF8EFFF200A0005A
FF08FE55FEF30090
FE6DFF00008D00DC
006AFFA7FE80FE9A
FFE0FF4E0010FE34
FF190067FE670043
FF44FFBDFF91FFAF
FFA000F900C60111
005CFE9C0041FF98
FDFEFFA7FF70FFF5
FFCB004700A8FFE9
0120FF800086000A
000C00C50030FECE
FFCB00250034FEBE
004C0064FFE5FF3D
FF4EFE4600130013
FE36FFB9FEB4FEEF
FF83FEFE000BFF00
FF1DFFEC0129FED3
00150051006900F4
002C009AFF8DFFB2
FFE9FF02015A0071
FF25FFF7FFA2FEFF
FFB10055006F00AC
FEEDFF9EFFA90109
FEDBFF3500D50018
001D005200A9FF47
0006004BFF6CFFF6
FFB6FDE2002D0035
FFBC010B0114FFD8
FFEEFF8AFFE4005F
FF57FF4E001B00F0
FFD2FEE3FFC100A5
FEE00091FEF3FFB8
FF3DFFA7FFB8FFC5
FF79FF070067004F
00BEFFF8FF45FFE6
