FEECFF3FFFE200B1
007F0055FF82FF79
00ABFEDFFEE4FF90
0222FED801580267
00E7FF70FE860101
FEECFF610047FDAF
0202FEAAFE4D015F
000A0105FE44FF74
FFCA00720016FFF9
FFD000A7007CFF1D
015600770090FFAA
FFD1FF43FDDCFF7C
0035FF14FE520179
02790158FF510155
014903A3016E0008
FF6AFF060081FEE0
006DFE68FF9A0014
0000026AFF52018B
FE68FF4B00150088
FE74FFEEFF4400A3
004AFE48FEF90086
003FFFAFFE8400D2
FF72FF2D0063FFFA
FADD007400CE00A3
02C6011F019001CE
000900C200C9FDF3
FFF6FED2FF0FFFBE
00C9FEA9FE0EFF26
FEFD002A00A0FF4B
FF84FF6200FE0108
0136000FFD1F014E
FF13004401B201FB
FEF9FF12FFD7008F
008B0045FFD5FF94
00A9FED9FEFCFF86
022EFEDC01470244
00BBFFC0FE48012C
FEFDFF3D0031FDCF
0214FEB5FE430167
00110115FE19FFCF
FFD7006D00720005
FFF800780072FF08
015D0068007EFFBF
000BFF21FE13FF75
001DFE8AFE45013B
026F017CFF0D0160
0133036D016AFFC9
FF0EFF3200B4FF02
0030FE25FF870056
FFD30217FF590172
FEE6FF8C000E003C
FE67FFC5FF230055
0073FE4FFECF004C
001EFF85FE6300DC
FF97FF3700A9FFCA
FAD70009010100D9
02CD0111017201CF
007700EB00A1FDD1
FFC7FEFEFEC7FF91
00E0FE8CFE22FF1E
FF46003700DEFF3B
FF5FFF5800D300A6
0149FFC6FD1D019A
FED200A301CE01A5
FEE0FF52FFF500AB
009F0041FFCCFFBF
00A6FECFFF32FF60
020CFEF601340225
010BFF99FE9100BD
FED2FEE0002CFE0A
01CDFECBFED1010A
005A00EBFE3EFF8A
004A00C7FFFAFFD2
FFD6002800B1FF36
014F006F00C7FF9A
0005FF52FE08FFCF
0030FF03FE690182
02360147FF0F014D
013503370152FFED
FF43FF3500A6FF24
0082FE43FFBF0058
FFFD0229FF600135
FE99FF9700450024
FE3F0031FF6B00AA
0084FE86FF03008B
003EFF89FE7E0125
FFA7FF520047002C
FAFC005400800087
0268013D015E01D8
004C007F007CFDB6
0024FF10FEDEFFB0
00B5FE77FDFCFF30
FF5B006300C3FF8F
FF7FFF7700C60091
01280010FCED0110
FF52004D01B50194
FF03FF33FFCF0085
0052002A0005FF91
00AEFEB3FEBFFF77
0204FEA1015801FB
00B1FF9BFEB10129
FF0CFF0B0064FDF4
0215FE90FE500158
FFF500EBFDEDFF64
FFB2007200550019
0009008F0090FF19
017200850085FFB2
001EFF46FDE8FFD9
003AFEC2FE790175
0249018CFF20012B
00FF0333014FFFCC
FF1AFEF400ACFEEC
008FFE2DFF810066
FFAF0250FF5D0144
FE7CFF43005D0062
FE38004EFF6C0070
0051FE1AFEC70050
0037FFA3FE8900F8
FFA7FF07004F000C
FAAF003600EF00A2
02B9013E016D01BB
00820115009AFDB2
FFBFFED7FF05FF56
010BFEAFFE0DFEEF
FF7400190100FF94
FF7FFF8D00CE009B
0124FFE4FD010192
FF0B007501F301C5
FEEFFF13FFF700A9
005100290007FF62
00E2FED9FEE2FFA8
01DFFF01014E020A
009EFF91FEAF00D8
FEF7FF3D0051FDCD
020BFE84FE6D00DE
003600F6FDF9FFA5
FFE30090001E0003
001E008400BFFF1E
0182006800ABFFCD
0012FEF8FDE6FF94
0025FEC8FEA70152
02300197FF1B018A
010503370165FFEB
FF33FF27004BFF11
0072FE06FFED0052
000E022AFF960142
FE93FF57007C006B
FE5DFFDEFF630028
0061FE5AFECD0063
0072FF75FE6600E3
FF94FF1F007D001A
FB14008400E300B6
02BA015D015A01B0
005A00CA0098FDF7
FFC9FF04FEE4FF95
00C1FEAAFDF6FEF8
FF6D000700EBFF59
FF66FF5100E300B6
01530039FD0B0148
FF20008902040188
FEE9FED8002000A3
0090006CFFFEFF4D
009FFEFDFED0FF43
01D2FED80157023A
00CDFF97FE50011C
FEB4FF120077FDFB
01F9FF08FE450154
002E0132FDE7FF76
FFFD007500870046
005F008C006DFF46
016000850090FFAF
0049FF3BFE45FFD2
0071FE84FEC90176
0275014EFF0B012D
018A032C0141FFBC
FF3EFF0E00BBFF24
007CFE08FFA9003D
FFE50295FF650160
FE91FF6A0056004F
FE81FFF8FF8D004B
0027FE6FFEA50039
00720005FEBD00EE
FF36FF590063FFD3
FAC2FFF2010200D6
02AF013E0167018D
008600FA00E1FDAF
FFBCFEC7FF18FFC0
00D8FE43FDDFFF49
FF51004A00AEFF7C
FF8AFF6B00E800B1
01470002FD000152
FEF2006D01B1016E
FED1FF3EFFFD0081
0075FFF0000DFF9A
0098FE9FFEAEFF75
0201FED701240248
00C0FF7CFE81011B
FEB7FF0F0032FDDA
01D7FEBCFE470110
00110147FE2AFF13
FFE900B200B6FFC2
FFE7007600B0FF05
017D006B0080FF9C
FFFDFF5CFE15FFF5
003CFE9CFE760126
027A015AFEF8010F
012303A70166FFDF
FEA6FF05007BFEB7
0074FE4BFFC30022
FFB10226FF24018F
FEA1FF7200320066
FE3FFFF2FF2B0093
003CFE18FF070084
FFF7FFE7FE930146
FF67FF31001AFFB2
FA98004F00EC00A5
02860152013101B9
001900F200EBFDB1
0023FEDDFEFEFFAD
00E1FE8AFDD4FEEE
FF650076012FFFA7
0011FFBF00C800A8
01380037FCEB0147
FF18005801C101DF
FEE7FEDEFFDC0082
0095000D0039FFB1
00C4FEC4FEE2FF7D
0235FEAE013C0248
00C5FF73FE690145
FEFAFEE80034FDE9
0227FEA5FE620136
FFF90150FDEFFF62
00130068006C0006
000E00600073FED9
018B00620076FFB5
000AFF0CFE12FFEC
FFF5FEB3FE7B015D
02650165FF040134
016E03C101370004
FEEEFF230074FF03
009FFE18FF820040
FFD4027CFF7901E3
FE5CFF3100230032
FE5AFFE7FF370084
0012FE24FEE30065
000FFFC1FE5A0125
FF6FFF230062FFD4
FA7C007400E6006A
02D30168018301C5
007700CF00F7FDAD
FFBBFECDFEAFFFC3
0106FE6AFDCCFEFE
FF56001A00FCFF53
FF57FF8800D1009A
01560029FCA70196
FEF7004A01BB01D5
FF12FF3EFFBD0076
00C1003FFF9CFFC6
009FFECEFED1FF90
0212FE9E01550236
00E1FF88FED1011B
FF06FEFD0045FE1A
01FAFEAFFE630178
001F012EFE55FF43
000B002B008FFFBB
FFE20096002EFF14
011C006E006EFF9B
FFF4FF16FDFDFFAF
000FFECCFE79015C
022C0150FF300128
013802EF019EFFEF
FF35FF0B00D2FECD
0075FE59FF710001
FFD40260FF5701A4
FE6FFEF3003A0053
FE350015FF6C00A0
004DFE1EFEE30024
0016FFB6FE6300DC
FF7FFF16006DFFF7
FAE3006800DD009F
02DB012A014C01A3
005900BD00E7FDC9
000EFEF1FEC7FFC1
00EDFE8EFDFBFF2B
FF97002D00B6FF8C
FF25FF6600CF00B8
0101FFFFFCCE0133
FF1B006A01A801B1
FEF2FF2DFFE900B0
005A0032000AFF44
00C0FEEDFEF8FF5D
0256FED9013B0232
00E5FFBCFF0A00FE
FEEBFF2D003CFDB1
023EFE9BFE410144
00000141FE0CFF99
000F004C0042FFD8
002400A50073FF26
0163004B00D0FF9B
001FFF26FE33FFA7
0013FEDDFE61019D
027E0146FF550189
0111032D01570026
FF2CFF1400AEFF32
0065FE49FFAB004B
FFEC0210FFA60182
FE99FF4C0051001C
FE1F002DFF4D0083
0043FE33FECE002F
0018FF9EFE850124
FF71FEEF009AFFCC
FAF3003E00DB00B4
02A200F4019201C4
004C00C3007FFDCF
FF92FEF1FEECFF82
00F8FE89FDD0FF19
FF78001E00D1FF3F
FF4CFF67010400CC
013FFFF5FCEE0175
FEE2007F021A019B
FEE5FF0C002800B3
004D0021FFC8FF85
00C4FEB1FEE2FF90
0213FF0F01270216
00BAFF9CFE91010F
FEECFF490025FDDD
01D9FEEDFE2F014B
000E013CFE41FF94
FFE900B900B6FFBF
000B00A20084FF27
01C300800068FF8E
FFD6FF28FDFAFFA4
0044FEBAFEB50146
026D0178FF210161
015403660187FFF2
FF25FF200060FEFD
0099FE45FFC00014
FFD50244FF40013A
FE70FF3700390084
FE6DFFFFFF3E0057
0050FE15FEAE009A
003BFFB5FEBD0129
FF91FF2C004AFFEA
FAA8004000E700B7
02C7013A016701CE
004E00D900B2FDD0
FFFEFEE2FEEFFF8C
00D0FE71FE09FF0D
FF50009B00BDFF77
FF9EFFA8007E00B6
0116FFFAFD220136
FEEF006301F601CD
FF1FFF11FFEE00C5
0096002F0014FF84
00CBFEDAFEE9FF6C
01F1FF0A012A0228
00E5FF84FEAE00F3
FED7FF0A007AFE04
0239FE7AFE6A0151
0016012BFE3FFF89
FFFF007D005DFFD7
005A002200A1FF5C
0180005100A6FFB5
FFBCFEFEFE090007
FFFAFEBDFECE0144
022F014FFF2A0168
01800380016B000C
FF36FF420037FF07
006EFE4DFF8D0073
FFF60248FF650199
FEA2FF5F004F0043
FE2DFFDBFF3D00BF
0052FE29FED70066
FFFDFFC3FE5F00EA
FFA5FF48006BFFE5
FB1E006500CD007C
02D4019701BE0195
002C007900C6FDE2
FFEAFF0EFEDC0018
00D3FE5BFDC7FF08
FF27007100BFFF5B
FF88FF9E00CB00F3
01490027FD17019A
FF2B007601D001A4
FF27FEDEFFF2010C
00BC004C0031FF95
00AEFEF6FF34FF56
0263FEE701360226
0117FF90FE9700A8
FF3AFED80075FDEF
01F7FEF5FE510117
FFEA00AEFE09FF9E
00930082003BFFBE
0043005300AFFF57
015B006B007EFFEC
FFF4FF66FE5D0038
FFC0FEB2FE9A0133
01CA010AFECE0114
0192039101300024
FF8FFF2B0028FF15
00B7FE4CFF8B0039
0041024CFF370129
FEFCFF9AFFF5009A
FE0A000FFF9200E9
0052FE4CFEA0005C
005BFFD3FE5A00FD
FF6FFEC6002B0007
FB260038009C0093
025F0178019001F2
0018003C00B9FDD5
FFF1FEFAFEE7FFD6
0134FE68FE00FEF8
FF6C00640153FF56
FF48FF2800AD007D
0134FFFBFD190142
FF1E003F01CA017B
FEA7FF24FFD6005B
005CFFF8FFD9FFBD
0086FEDEFEDBFF34
01F0FEC900E601A8
008EFFA1FE9500D6
FED1FF48FFFDFDF7
0200FEA2FE2301B2
00320109FDDAFF22
0002006E00CFFFD7
0054001A00C2FF9C
016FFFD4003EFFD1
FFE1FF38FE380047
000EFE77FEDA0111
02020193FEE20117
00EA035D016CFF87
FF1EFEAE0001FEFD
00B8FE49FFB3002B
FFE701F1FEE801B8
FEAFFF5D00B4004A
FE2CFFD6FF7D00AA
0038FDCFFE8C00AD
0014FFF9FE9000DF
FF90FF0FFFF90042
FABE004A009E00AA
02AF016D018501D5
004500BB0043FDBB
0007FEA7FED3FFD5
00FFFE33FE28FEDE
FF7600D90120FFBD
FF86FF7700BE003C
010C0007FCED0190
FF75000A01D201D7
FF0BFEFBFF6D0023
0088FFE6000CFFE0
005FFEEDFEAEFF8A
022BFEE200F10170
0054FFF7FEE300E0
FF20FF16FFCFFE16
0221FE5CFE2E01FE
FFE500C9FDE8FED3
001E0090007C000D
0087003400F8FF8E
01BEFF6C0017FFFE
FFE3FF5AFE53000D
000EFEA5FF4900FE
01EF0185FF3100E3
00D70347011AFF51
FF29FE78FF98FED7
00D4FE47FF9B004E
FFC301A6FEFF01BE
FE8CFF5E00A10074
FE05FFAAFF860097
FFF8FDCCFE690101
0061FFF0FE760086
FFA2FEF500030047
FAC1FFFA003500CC
025B01A6016601A6
00170092FFD4FDB0
0003FEA5FEDEFFEB
012CFE52FE1AFED7
FF69019B00E8FFC0
FF88FF3A00B5003D
014C001CFD5501F0
FFA6000601FE0251
FE9BFEEBFF60FFE7
007EFF980043FFFE
FFF5FF46FE4FFF5E
023AFEDC00B20122
0080000DFF5800D2
FEF8FF76FF90FE28
01E3FE6BFDF30223
FFB800C5FE0AFEAD
0026005300A6FFD6
008F00460168FFF4
019BFEC5FFDFFFB9
FFFEFFBBFE74004F
004EFF00FF720065
01EE017DFF480087
008502FE0128FEFE
FF17FE39FF2EFEC5
00E1FE40FFC6FFFB
FFB4018AFE940221
FEA3FFA100ED005A
FDFDFEFCFF2F0067
FFF0FD81FED600F1
0013002EFE960010
FFACFED3003F007A
FAC7FFF0006B010A
021401A9015A01AE
FFEE00C9FFC3FE00
003DFEABFEBC000C
0105FDF9FE50FED3
FFAF022500FC001C
FFC8FF7D00AD0026
00F50052FD830253
0017FFBF01BB0225
FE4CFF5BFF3AFFAF
00AAFFA4008B0035
FFE8FF3BFE1DFF63
0209FEDB00B900FF
00200035FF6C00D8
FF16000BFF06FE31
016AFE4CFE1C021B
FF9A0046FDEDFE78
FFD2009A00A9003F
005E00540215FFF2
0104FEC6FF53FF3F
0053FFFDFEB10139
00C0FF36FF4F005E
019F019FFF7B0032
000A028C01B8FE8A
FF6CFE1DFF06FEE2
012EFEDDFFBAFFD0
FF6A0114FEF401C4
FE4EFFB301480028
FE32FEBBFF370076
FFADFD6CFEC6013E
FF790087FF0B0032
0024FEF3008900FD
FAEDFF62002E00E6
018E019B00A10175
002B0143FFA2FE7F
FFC5FEBFFEAC0000
00A3FEC6FE6BFE96
FF7702620132FFDC
0018FFFC00D2FF71
00D8007FFDE60281
002CFF88015301FB
FDEEFF05FF09FF68
00CEFF7E01370044
FFE10003FE22FEFF
01D6FEA400F400F4
FFE2009300310054
FF030033FF25FEC0
009DFE87FE310268
FF3CFFDBFDEFFE4C
FFF3FFFC00480060
004B008A02120035
010AFE95FF33FEB0
00D80049FEBB01B5
00BDFF81FF8EFFC7
01480196FF890015
003302190190FE48
FF4CFE63FEF3FF11
0194FE8F0007FF9A
FF8000ECFF32015A
FE0EFFB90195FF9A
FE0FFE50FF26FFB4
FFE0FD71FEBD0167
FF3200C5FFAEFFCD
FFF4FEBB00B400E8
FAFEFF4500250122
019301C60056016D
004E010DFF10FEB8
FFC7FF2FFEA9001C
003DFEDDFE70FED8
FF4502810116FFC3
002300640060FF39
00D5008AFE5F02B5
005BFF2800DC0140
FD8FFF0BFEFCFF65
009CFF5801E5004E
FFEC0055FDC1FEDC
0295FE8A013F0155
003B00F80037001C
FF4A00C2FEF0FE25
009AFE23FE2C0233
FE82FF7FFE58FDEB
FF5F007700240075
FFB600EC033E0032
010CFE6AFF18FDD7
010C00C4FE8C0287
00F9008FFEE7FF3D
012B017FFFE1004C
00FA01E70257FD8B
FFC1FE98FED2FF19
01A7FECEFFD6FEBF
FF170174FF330174
FD9A004801E4FFBC
FDAFFE67FE9EFF65
FFBAFD45FE9C018C
FEEF00CCFFC5FFFC
FFE9FDF6017B0106
FB7EFEAE0068011B
0126025E00490115
01360191FF85FEF0
FF8CFF0AFEC8FFEE
FFA4FF64FE88FE0C
FF3602CC0170FFA1
006D00B90033FFBB
0137011DFED102C9
006AFF6F00AB0167
FDB9FF0FFEC0FFC6
0045FF6D028B0018
003300A6FDF7FE61
02DEFE91019301B2
002E01AC009AFFE2
FF390067FEF0FE61
0075FEFAFE4E024C
FE76FF48FE0FFE75
FEB5FFFE002A0096
FFB1014D035B0031
0110FE6CFF17FD00
01500104FEC302C5
00FF00BBFE76FEE2
00B400E100150090
015000FC02D1FDB1
0015FF24FEFFFF7C
01ACFEF3FFBCFE77
FF35018EFF3C014E
FD9F002A0223FF75
FD0AFE59FE99FF12
FFBCFD1FFED40157
FE8C012100260056
FF76FD95019E006D
FBCBFF3A004D00B9
00EC025800550128
01F0013AFF6EFFA8
FEFAFF0FFECCFFAA
FF94FF93FE39FE29
FF4E027701D4FF93
0062011CFFF20003
015B0196FEDF0290
FFA4FF4F009D00D7
FE31FEC5FEDCFFF7
FFF0FF35024CFFE7
00B0006DFE38FE0B
0294FEED019301DD
0071027300940039
FFB5011AFF1BFE8F
003FFFA9FEC70244
FEE4FF28FD93FF29
FE2D0082006600EC
FFB5013703B3FFEE
0105FE60FF3BFCFD
0185011DFE670270
00F0004EFE8BFE5F
004C01330015014A
0158006A0334FE04
FFF4FF7FFF4BFFBF
0148FE76FFCFFE4F
FEDC016EFF3A00F6
FE2A00DC0231FF9E
FD41FE21FE21FEF6
FF54FD49FF410157
FE17010C00B70019
FF01FDE201FD0052
FC1DFF600086005D
00C3023B004D00D2
026A00F5FF26FFC7
FF3AFF72FEF50015
FF20FFAFFDE8FE71
FF32022C0222FF58
008E011BFFC60054
010B007EFF3502A4
FF58FF58002400D0
FEBEFEB7FE47003D
FFEBFFA8029BFFE8
0080002EFEA6FE32
0285FF60017B0213
00AE022F00A6005B
FFE1011FFF4AFEA3
007E0077FEE8021E
FF2EFF84FCF1FF75
FDE10095005E00F1
FFC2014903F1FF95
0089FE8DFF41FD06
01BB0116FE8102A4
00C3003DFE05FE4D
005C00B4008A018B
017FFFF50354FE7F
0026FFF0FF0CFFEF
0113FEB7FF9BFEEA
FED40132FF2500A5
FE7700FC01EFFF98
FDADFE6AFE25FF0F
FF11FD7CFEF3014F
FE4600EF00BB00DA
FEEAFDE902130051
FC71FF5501010095
0048028500100037
0345009CFF830055
FEAF0009FF2B0051
FF54FFBDFDE9FE82
FF8301A00217FF2A
00BF0129FFBD0041
014400A2FEF902E2
FEADFF7DFFB2006D
FFE0FE93FE500047
FF83FF740264FF8C
005B0044FF33FE6B
01E00041018A01E7
005F028A00130080
002801180007FF0F
00DD0111FEF701F0
FF810007FCAEFFE0
FD78012A00E60127
0009013D03EFFF0C
00C6FF13FFC7FCE1
018F00DEFED60209
0071FFC4FE65FE3E
0049FFE300B2018C
0137FFD2034EFF24
006A003FFF43001C
00D2FEDF000FFF18
FEE200DDFF5A004C
FF180152018AFFA2
FDF7FE9EFE2CFF4F
FEA0FDEEFF2C00F6
FE03005900C5007F
FE54FE7F01DDFFD3
FCD8FF2E012700FD
00690247FFD7FFF8
03A20080FFA9001D
FEBE0061FF59007F
FF7B0009FD91FED7
FF8B014001CAFF83
00BB0195FFC60039
010A0006FF710245
FE5BFFAAFF82001E
003CFEF1FE1D00AE
FF27FF460262FF42
0063FFF7FF63FEB8
01BD0003018501DA
0035023A0035006C
005A00C00072FF5E
00ED0119FF2C0195
FF88002BFCA7FFF6
FD71014801000159
0035014D0383FEBF
00DAFF640012FD0A
017700C3FF1B0158
003EFFD4FEABFEE7
0045FF9400EA0186
0125FFA90330FFB7
004A00C6FF470063
0070FEF30004FF58
FF1300FDFFD40025
FF4500EE0101FFCC
FE73FF08FE72FF8D
FEA3FE4DFEF5006A
FDCDFFF0006B0098
FE3DFEC701BEFF8C
FD16FF6C01B700E7
007C01BEFF9BFFFB
03890084FFD90040
FE41007AFFC40041
FFA4003EFD4AFF03
FF6B007A0194FFA1
009E0177FFD50073
01250017FF2501BD
FE370038FFAD0013
00B5FF28FE6B00D1
FF33FF740256FF07
0019FFFDFF93FEC4
01A0004701390212
FFF40279FF4600BC
008700940049FF6C
012A0160FF4201C4
FFCF002CFCE30076
FD6B014D013000F2
0061010902F9FE40
00CDFFEF0000FD7D
015D0091FF6A00B9
FFDFFF71FE8AFF23
0060FFAF010001BD
0129FF7B0383FFF2
006000D2FFDD0066
0070FE9EFFDCFF3B
FF550121FFEAFFD6
FF8C00E80048FFF1
FE60FF80FEAFFFAB
FE5DFEC1FF5A000A
FDF4FF8500610095
FE36FED20179FF7B
FD3AFF00017C010B
00C401A0FFE00040
03F50068FFFA0048
FE830042FF85002D
FF9B0037FD28FEF0
FF40007301F2FFAE
005D012FFFCA0089
0133FFA2FF4F0129
FD9B0048FF83001C
0079FEFBFEA900ED
FF42FF8E022CFE8A
FFE5FFEDFFD8FEEA
0165007A015701FE
006A0239FF4000DC
0011FFDD00A5FF66
0186015DFF6C0180
FF8A003DFC6F0048
FDBF0150011000FC
00AB017902A6FE57
00F2FFD9006DFD72
0176009CFFA90046
FFB6FF91FE96FF7C
00B5FFB5012D01E0
01DAFFC3037F0058
00760154FF860046
0034FEC1FF6BFF6F
FFD601CF0040FFDD
FFE700F1FFA7004D
FEECFF99FEE9FFD1
FE7BFF17FF63FFAF
FE65FF44003B0120
FDA8FF390169FEE1
FD95FF04019100E4
00D601DBFFCF0052
039300070074006E
FE560062FFAB0001
FFE30050FD42FEE8
FF460030019CFF6A
007200D9FF960116
011CFFE0FF4E00E2
FD380054FFA1FFEA
0086FF2EFE5300EE
FF16FFB201DEFE88
FFD0FFC3FFFBFF39
014400960191021C
006501F3FE9100FC
001BFF6300B9FF96
01CE017BFF9B01B4
FF9E0048FC8100AB
FDC7019D01140097
00C6014101E5FD86
0158FFFC00AFFDD4
01CF00AAFF9C0006
FF91FF1DFE0D0001
0105FFD0015201FE
011400080359007B
00730146FF75001E
FFCFFEB3FF53FFE5
FFF201C10061FFF0
FFF50104FF3E00D2
FEBF0014FF1BFFC2
FE59FFBBFFBCFF2F
FEDDFF11000A0175
FDBEFF34010FFEC0
FD72FF04018500DA
012C0141001A00EC
03A9005F0052005A
FE38006EFFFEFF29
005D005BFCD7FF1D
FF5EFF4B019CFF77
007E0052FF850094
0175FFBAFF3200A0
FD5A00EDFFA5FFC1
0084FE93FEB9018E
FF1B002A0239FE3C
FFC8FFD00013FEDA
014200C1018D0229
00BE01F7FE9500BF
FFBDFEF6010EFF77
023801B8FFFF0251
FF7C00B3FC5200E4
FDA601F201200023
00B90107016BFD59
0150FFF40097FDF4
021600A9FFA2FF52
FF76FE68FDC6008B
0146004901490313
01790068030C0025
00540126FF65001C
FF69FE31FED60007
002F01E100F1FFD9
00800175FF0F01C9
FEAD001FFED7FFEB
FE89FF77FF8FFEF8
FF0BFE71FF9601BC
FD0DFF750141FEB1
FD81FF4E016D00AF
015F013900C40168
042AFFBC00E0001F
FE100037FFD3FF0F
004EFFB3FC9EFF56
FF7FFF3401B4FF19
FFE3003CFF6B0128
0153FF33FE670132
FCF600C8001FFFD5
0090FEA2FEAC0193
FF57003601BDFEB1
FFA1FF8D0049FF15
019E00BF0198021B
00E801A0FE5800A3
FF4AFE8C0139FF35
02D40134FFBD0273
FF57011CFBD7012F
FDE0022500A30014
018900E600CBFD6B
00EA00240072FE83
021F0071FF31FF39
FF19FEA5FE1000D2
01E3006C017902F8
018E00AB0297009C
002D00FAFF8CFFCD
FF16FDF8FE63008F
009301BB01150037
00920126FF2701F0
FE960039FEEE0042
FEBDFF9FFF37FF37
FF4BFEB9FF5501D0
FD49FFA6012BFE80
FD73FF62014F00C5
020F018800870138
040FFFF80162FFD9
FDCDFF78FFC0FF0A
006DFFBFFC89FFBF
FF40FF06018EFF1C
FFC7FFACFF720128
0184FF45FE1F0117
FCAA014A003D0052
005CFE50FE870140
FFA2FFDC0199FEA8
FFC5FF680030FF25
016000B10167023D
00410163FDD300C9
FF3AFE720183FEB6
03C90039FF0402B4
FF67018BFB3E01A5
FE2101B40018FFE9
01D301270061FD0B
016A00610036FF56
02340010FEBAFEBA
FEB5FE4EFE66013C
02670114017202A9
010A0186028200BE
FFF200D4FF2DFF6F
FF34FD94FE6200A7
009401E300EC0074
009C010EFF5701EA
FE9DFFC6FEADFFD8
FEB3FF5EFF49FF58
FFA3FE60FEC201A5
FD61FF670127FE8E
FD2AFF45018E0121
02C901E000600169
03BD00B8017DFF6C
FD86FF18FF56FEEB
00CBFFC9FC82FFD3
FF7AFEDA01C8FEFE
FFC8FF88FF9F0143
0198FF4EFD7D01B0
FC8601A2008900D4
FFD5FE63FEC00130
FFA6FFC0014BFE81
FFE7FEF6FFC1FEF1
016E001601570235
003A00EEFD9D0144
FED4FE94013FFE83
0413FF8AFEA902D8
FF5101A7FB4C01B5
FE6901CDFF4F001C
01DA01390022FD16
01FC00200085FFCD
01E9FFA4FE78FE50
FECAFE10FE3F0167
034A014E017E02B2
00DF021401C100AC
FF470021FFB3FF38
FF66FCE3FE73012E
00C3020D00C000DA
009A00E9FF9F017C
FEE6FFA9FE75FFA7
FED7FF08FF14FF8B
FF66FEAFFEA5016C
FD84FF680176FE4F
FC7DFF52019C0150
0357018D004901C8
034F012C0148FEB7
FDA2FEB4FF31FEF5
00CAFFAAFC66FFCC
FF41FF030156FF48
FF85FFA200340146
020BFF2AFCEE0201
FC78015D010F016F
FF64FE86FEBC00D8
FFB4FF5500F6FE6F
0047FEA3FF34FF13
019BFF6E018301D9
FFE00032FD8C0177
FEA4FEC500CAFE2E
03F9FE89FE8E021B
FF0D01AEFB020189
FE9F00F8FF3D0055
0198017EFFFDFD19
023C000600E9003E
0166FF4FFE92FE12
FEC8FE1BFEC8017B
03BE016D0094024B
00C202B001A600D3
FEC50034FFB2FED4
FF86FCBFFE5D00E4
00FA028B008A00FD
008F0080FFE1010E
FF03FF78FE2BFF64
FEC5FEA0FF74FF60
FF53FF13FDEF0103
FDDCFF740190FE47
FBABFFA801EB0191
03C601C0002901F5
029E01DE015EFE50
FD70FDFAFEE4FEB9
0100FFE3FCE7FF5C
FFBDFF270162FFC2
FF33FFD0005D0110
01DBFF99FC580261
FCE6011C016901AA
FEDBFEEFFEDD0034
FFF7FF01FFE4FEA3
000BFE4DFEE7FF8B
0164FF1A010201C8
FFBE0068FD8101E4
FE9EFF1C0043FDE2
0345FDF7FE7B01BF
FF5301B0FBC000B8
FF430062FF010053
014B018FFFE0FD96
0247FF8D00B600E8
00AEFFC1FE9FFDE9
FF41FE06FEF901A3
03A9019300CB0147
006102F7012D0071
FE62FF9B0030FE8B
FFA2FD51FE4D0098
00EA029FFFD40162
005E00230019009D
FF66FF86FE5DFFB4
FEDBFE4BFF88FFCA
FF0DFFADFE510114
FE88FF6A0146FEAB
FB1AFF7901840189
038D011D006A01F1
016701ED0100FDF6
FDDDFD8EFE89FEA5
0114FFDBFD58FEC7
FFB0FF8000B50075
FFAAFFDC012100EF
01C20001FC6A0244
FD8C00D70115025F
FE46FF24FF0FFFD5
005BFEF5FFAEFEF5
0010FDEEFE5FFF6A
0139FF02009C0181
FFA00021FDCC01B7
FE2BFF71FFE4FDB2
02D4FD16FE540150
FF830152FC70FFFA
FF640049FEFB00B0
01280161FFF4FE1D
0218FF12006200D3
008DFF6AFE7AFE69
FFA3FDD7FF5401BD
03A401CE001A0102
005C032700F5000E
FE58FF070060FE49
FFCAFD81FE8D00A5
0019025BFF6701BA
FFF5FFB90069008C
FF76FF22FE32FFA8
FECAFDFFFF740048
FEFDFFD2FE5F0120
FF37FFA40139FF2D
FA61FF53011A014C
034800F2007801F3
010C025500C9FD9B
FE16FD43FE46FEC5
009FFFDEFDDEFE45
FFD400560095006E
FFB1FFA4014100BB
01C4FFF1FC450232
FE000037014602C0
FDE0FF65FF0EFFA4
00B2FF4BFFD7FF46
FFBFFDD8FDF0FFA3
017FFEB1007A0120
FF82FFB4FE6F0160
FE38FF6CFF91FD4D
025FFCF0FE4C0119
FF1A00C0FCA2FFBF
FF4CFF8DFF0B00B2
00F3013B0067FEC7
0190FED1002600C6
0049FFD3FEDBFEB9
0002FE32FF64020B
033401CCFFE60073
FFFB033A0142FFA5
FE64FF05001DFDF1
003CFE0DFE400042
FFDF029DFF330186
FFAAFF9600CD0027
FFB2FF43FE70FFDC
FF04FD8CFF98002F
FE7D003CFE1900E9
FFF4FF8600E4FFD7
FA5EFEFB01330177
02E4012F004C01A9
00D302CF00A5FDA4
FE0CFD25FE34FE86
011EFFF8FE69FD98
FFEB012C0064014F
FF95FF94013F0098
017B0042FC2B0270
FEE8006901AC02EC
FD0DFF1EFEF1FF25
00FFFF92FF91FFDC
FF9AFD91FDFEFF5E
015EFED2003E011A
FF25FFFBFF0F0155
FE47FF93FF14FD1F
01DAFCE3FE5000D3
FF44005CFDBEFF7D
FFA7FF4CFF0A00EB
008E0135FFFDFEFE
015DFE81FFA10106
0013FFD9FED1FF7B
00CBFEC3FF3201E9
0300020FFFD20055
0005032D018CFF4F
FE83FEC10010FDB4
0098FE86FEBC000B
FFDB0246FED601F8
FF10FF45014FFFC5
FFB6FEEBFE40FFD2
FF0DFD63FFC60067
FEC10038FE8700F0
006BFF0A01380088
FA71FEBB00FF0147
02B700A60034023D
FFF603130047FDED
FE4FFD26FE16FE87
00EA0044FE7EFDC5
0043011A007F00D0
FF96FFFA0125005A
0075003AFC2B0229
FF650002018402DD
FCF3FF17FF01FEF7
0110FFB5FFC80068
FF9EFD85FDE7FF6E
00E5FF14FFE800EB
FEABFFE2FF6F0102
FE6DFFFCFF44FD34
0176FCCAFE800099
FF3B002CFDE4FF32
FF89FF57FEE9013A
005000EE00C1FFA3
013FFEC7FF4B0072
FFF3FFFDFEC0FFDB
00C1FF07FF4E018E
022501F300030054
FFD902DD01C7FF18
FEFBFF34001BFDD4
008AFEB0FEF5FFE5
FF92020CFEE901AD
FEECFF1B01D5FFBD
FFACFE5DFE11FF77
FF23FD96FFCF010D
FEAB0034FE9D0094
00B0FF48012F0118
FAE0FE7000D60116
028900EAFFBF01A9
001A02EDFFE6FDE7
FE7AFD7EFDF7FED2
00BB0068FF06FDBE
0015014D007000DC
FFB0000101560011
006B0014FCBA0238
FFA0004B011F027D
FC2FFF69FED3FEE1
0109FFC2002200F2
FF7FFDC3FDF8FF4E
013AFEC4FF5900D2
FEB2FFF6FFA20106
FE2E0016FF4FFD62
013DFCB1FE85004F
FF6FFFE3FE86FEC9
FFDEFF4AFEA60101
001900C201670015
00DBFECEFF0B0086
FF990031FEAB001F
00BBFF55FEFE0164
01F801AB00110008
FFB102D001FFFEDE
FF07FF2B0017FE0E
012DFEFFFF63FF55
FFD70157FF0F01CB
FE61FEC901DEFF46
FF83FE98FDF1FFA8
FFAEFD6800470180
FE9C0086FEC80043
00EBFEF20145015A
FB2BFE8A00AE0118
026000E8FF9701CD
FFD903080004FE57
FE35FD91FDCCFF13
00DB00EBFF45FDA8
004400D2006D0077
FF7F001301560076
FFEE00AEFD29024F
0002004B00C0020E
FC33FF80FF11FF04
00F6FFE100CF0148
FFA9FDF6FE34FF04
012AFEBFFFB6010E
FEE30047FFCC00C5
FE5D0068FF15FD6E
010AFD79FE400033
FF30FFA7FED2FE77
000BFF16FE88013C
FFBC012701C50061
0098FEDCFEE9FFA6
FFCC0069FE4C00E1
009B001AFF0B00BD
017501A80006FFFB
0065024302B5FE7F
FF7BFF680001FE1C
0150FF35FF55FF1D
FF750180FF1201AF
FDCDFF0F0263FEE1
FF50FEAEFDFCFF6D
FFB5FD4E00380194
FEC900DEFF4B004A
00E0FECB01690169
FB96FE7300B50112
023D01A2FF520176
FFF802C3FFDFFEB5
FEA0FE2FFDECFF62
0069014BFF3EFD7B
FFE0018301000013
FF78008200EC0062
FFFC00FFFDBA0240
0046003E004001D3
FC51FF50FEF5FF14
0144FFF701410114
003AFE3FFE0DFE9C
0142FE60FFDF01AE
FF2E005EFFDF00CC
FED700CFFF6FFD66
00FBFDB8FE580048
FEF7FED5FEEBFE8F
FFC2FF16FE9C0146
FEE3018C02670063
0062FEC6FF05FEF6
00460066FE500181
00C100AAFE990056
010B01CBFFF2000B
009D0235031CFE71
FFBDFFB6FFB3FE73
01A4FF6EFEFFFE32
FF4601C7FED90193
FD67FEFE01F4FF13
FF00FED7FDF6FF4E
FFCBFD8C00150134
FE5B0128FF9E0032
00D9FE3701B30160
FBE8FE4A00B10048
01CB017FFF8B01CA
0011028FFFF1FED0
FE57FE19FDB2FF5B
001501AAFF2BFD48
FFC5012D00E0FFA3
FF85007700F2006E
001900EDFDFE024F
002B001AFFBC0154
FC9BFF0BFEF8FF76
00FC000C02500138
0086FEA3FE57FEA4
01D2FECD005801C6
FF9300D2FFE10059
FED000C9FF32FD9A
00BEFE8EFDD9004C
FEB0FEDCFEBAFE63
FF67FF05FECB0140
FEE2019302AE0085
0062FE94FEC8FE73
004A0098FE5001F5
0094009BFE4FFFFA
00AB0189FFFEFFED
01BE01700344FE47
FFDBFFA3FF89FE9A
01D0FF7BFF1EFE71
FF160205FF570183
FD3FFF4E021CFEFC
FEA3FED2FE07FF74
FFABFCFA002D01B7
FE630140FFF200AD
0029FE1001C40154
FBEDFECA00BD00B6
012C0221FF7F012F
00F6023EFFEFFF55
FEABFE84FE55FF9A
FFEB01B4FEE4FD2B
000D018D019AFF53
FFCF00EE009D00A8
FFF30171FE370255
0013002FFF3100CB
FCAEFED2FEE7FFD0
00AF0008027700F8
005FFEE9FE67FE7A
01EDFEB900A801F9
FF9B00D50084006D
FF2F00A6FF32FD13
00FAFF13FE2BFFE4
FEDEFEDEFEC2FE44
FF13FF21FEDA014F
FE9E019602CF0005
006EFEC8FF09FDA0
00B100EAFE640275
00E600D1FDF2FFE5
007A0189007A003D
01C4010D036EFE63
FFC7001EFF69FECB
01D1FFAEFF19FE21
FEE4020AFF4A0131
FD0AFFA801FEFF33
FE35FF23FE37FF51
FFC4FD2CFFB70175
FE9600E8FFDE0130
0012FDAC01ED0167
FC28FEE200F30081
011B0230FF740137
016A02250058FF93
FE44FF01FEB6FF7D
001601C8FEC0FD33
FFE3013001C4FF0C
FFD7013D0098007B
FFCD017AFE2E0286
FFB1000EFF47005A
FD4AFEAAFF09000D
00BA000602EF00CF
008EFEF0FE89FE9C
01F0FEF200F60267
FFFC015400490068
FF8800CFFF7DFCFC
00DA0008FDFC003C
FEBDFF31FE3BFF5E
FE3FFF6BFF570168
FE9D01B60343FFC2
0069FF18FEDEFD6A
00DC00C9FE520231
0099006CFD62FF26
002C01C1006800DD
0207007B03C6FECB
0024004FFF42FF3C
01CDFFA8FF21FE13
FED80214FF7300E7
FD42FFDA0172FFCD
FE3DFF29FE10FF34
FFCCFD37FF9C016A
FE8D00880005012E
FFC7FD6D01EF0114
FC47FF5A01530064
00F302C3FF7B00D3
01E101B4009CFFFD
FE65FF10FEA7FFCB
001F017AFE77FD3E
FFCD00F80266FE85
001E00E700A90099
00580154FE540265
FF12FFEBFF82005F
FDFFFE57FF16FFFC
005D005C031C00F3
00B8FF67FEE0FE26
01EAFF6A00E50266
FF8C01A9FFDD0058
FF9C00C4FFA2FD70
011800E0FE580070
FF17FF87FDE0FFEE
FE2DFF98FF960156
FF0100D50369001E
0024FF8FFF15FD29
00B100E1FED501F6
007E000FFD5EFF5B
0030013800810121
020E00AF03D8FF05
00A9007FFEEDFFAE
01C8FF73FF30FE1E
FF110200FFE10096
FD83FFF8014DFFB3
FE15FF4CFE4BFF54
FFDEFD60FFAA00DA
FE3F003A005D010B
FF45FDA9019300F4
FCECFF08015B0025
00CF029EFFCC004A
024C018B00B40013
FE2AFF89FEFD0042
FFF60182FE20FDA3
FFAD01210271FEF2
FFE900F80082011B
000800E7FE510277
FEBA0082FFAF004E
FEF6FE8DFEDF0076
0015004F037C0074
00B2FF5FFEFBFED3
01F5FFAB01030278
FF8F01C1000B0095
FF8E006D0041FDB1
011201B1FEB00064
FF6BFFFCFD01002D
FE1A004F001E0137
FF7D00AF0357FF9C
00670018FF8CFD36
00AD0051FF290170
0093000DFD9EFFA8
005E00BC001F017B
01E8007903A6FF2E
009600B9FEF20062
0186FF3DFFB5FF12
FEFC01E20016FFFD
FE2B003C00ACFF75
FE14FF83FE9AFF75
FFB2FDE7FF88009D
FEBBFFD7006D0107
FF11FDC50133007B
FCBCFEF301B10023
00A702BAFFA40000
02AE010700C1001F
FE37001BFF330035
002B012BFE14FE42
FF6A00FF0240FEF2
0068012C006700E7
001C011BFEA201EC
FEBD00B3FFBC001D
FF94FE27FF0A0081
001D00940341FFFF
004AFF6CFEF7FE84
016E0019012A0264
FF7801DCFF2E009D
FFF3002B008EFE12
01520201FEF000D7
FFA30001FC800106
FDA800C400690134
FFFA001A0345FFAC
003B004FFFECFD6A
00D6009EFF0E010B
0057FF54FD94FF89
00360090003E01FC
01B2003E03B6FF56
00FA00B3FF1700CE
011AFF57FF4DFF10
FF6501BFFFECFF9B
FECF007E0013FFCD
FDE90006FF15FF8B
FFADFE80FFA7FFD8
FF17FFEA00710134
FE95FE4E0142007C
FD06FEAB01AC0071
00E5024600010004
0309009100E30061
FE10007FFF28005B
003B009EFDE9FE4C
FF6600C201FFFF59
008200E2002600BB
00860002FED501DC
FE5E00A2FFE80044
0066FE56FEDF00A8
FF7700120306FF53
008AFF87FF17FEF4
00FA006901540276
FF560192FEC80133
0025000D007CFE8B
01A40241FF6A0122
FFCC0006FC350102
FDDC015C0089014D
0086008C030FFF17
009200820036FD4D
00FF0092FF540063
FFFDFF57FE33FFAE
009C00520046023D
01F0007303CCFF7F
00DC00CDFF1500D5
009FFF10FF4BFEED
FF52020B0031FF6A
FF0F0081FF560018
FE3BFFF7FF52FF9D
FF6FFF41FF5CFF65
FF4CFF9F0058013D
FE13FEB900CEFFEA
FD33FE7E01A2003F
00F50239FFFEFFF9
02FF002D00C50085
FDE7009FFF670021
00370064FDA1FEDD
FF39006701B0FF39
00A00076004100F3
0085FFD4FF11011D
FDD700DCFFE0000F
00B7FE03FEC50109
FF41FFF702C4FF3B
00800010FF5AFECB
00B7008C01FC02A1
FF750194FE5701A4
0034FF9300B5FF2E
02130277FF770191
FF770041FBF10135
FD920165011900EE
00D1005A025AFEC5
00BE004B005EFD90
0119009FFF68FFFF
FFF4FF28FDD6FFE5
00EA006600320255
02020074037DFFAB
00F400B4FEED0076
007FFEB6FF33FF3C
FFBE027F0083FFB9
FF8A0089FF150073
FE490036FFBCFF9E
FF7EFF4BFF60FF5B
FF66FF24003A01C4
FDF4FEC80085FF85
FCF8FE8401E300AB
013B020E0068006E
034B006200FA0098
FD8C0064FF89FFDD
0080008DFDACFECF
FF4C003E0154FF4F
006D0061FFC600C4
00B8FFE6FF1900F2
FDA100C9FFFBFFDB
00B8FDCAFF1B016A
FF350005025AFEBF
003BFFF7FF70FEBB
00E500D502340249
00330181FE120188
FFE8FF5200B4FF7C
02540269FFAF01E6
FF3D0059FB85014B
FD6101CA01750081
0127006C0204FE93
00E4005800CBFDAE
018A0094FF65FFAB
FFB4FECCFDE60021
0161004A005F0240
021100AD0355001E
00C000DBFEE80021
FFFFFE45FE70FFC2
003B024B00D6FFD0
FFF000DEFE91014B
FE060064FFB8FFCA
FF81FF8FFF54FF08
FF6CFF46FFED0231
FD91FF4C0039FEEF
FD2EFEAB01C000D4
01BA022200470083
038BFFE301520067
FDB50017FF9FFFBB
0073FFF6FD40FEFB
FEF8FFC8014DFF45
00AE002EFFA800B5
00B2FFBFFF070104
FD0F01010036FFA8
00C3FDB4FF3A01AD
FF53FFF30253FE99
0068FFA6FF9BFEFB
00EB00C80289027B
002B012AFDFC01A6
FFB8FF00011EFF66
02CE0218FF730207
FEEF006BFAEE0179
FD9702040197003C
018D007001BFFDE4
013100AD00BFFE36
02080003FF67FF82
FF9FFE80FE1900AE
01B500D0006C0258
024000CF02F5003E
00C200C7FEB6FFC9
0024FE13FE46FFD8
008002B80183FF8C
FFDF007AFE1C018F
FE290028FF70FFF5
FF19FFA7FEC9FEC6
FF90FF0EFF6E020E
FDBBFF62001CFEB1
FCE0FED302170115
01CD02710053002F
038EFFFF018F003C
FD7CFFEBFFD0FF5D
00A6FF9BFCEEFF5E
FEAFFF8A0125FF48
007DFFD3FF7D008F
011FFF92FE8C0151
FD0801300098FFCC
0122FD95FF2E01C3
FF47FFD00246FE9B
00AAFFB4FF86FF70
0173010C02BE028A
00130120FDAA01B1
FF97FE9100FAFF45
0346017FFF3302C4
FEF000D6FAC10152
FDC1020A0162FFCD
01E4008E016DFDBA
01A000B50108FE37
0256000BFF23FF17
FF6DFDF8FE570096
024200B8005D026C
025001550267007C
FFF30078FEADFF4E
FF92FD5BFE3B00B2
004C0277018AFF9F
002500ADFE860199
FDDEFF5DFF3FFFAE
FF7BFF49FEA1FEEC
FF7EFED2FF3E01F6
FD5DFFA7FFC9FE4B
FC70FF2E02410101
0297028D005B007E
040200180117FFAE
FD76FFA9FFB2FF2F
00AAFF07FCE1FFA6
FEEEFF7A0133FF4C
0057FFD6FFCC0068
0141FFA0FE36018F
FCD0017C00C9FFE1
00C8FD78FF120186
FFA7FFA80199FE7A
00AEFF2DFFA5FF8B
019A005C02C00269
000500C0FD720204
FF2EFE6E016EFEEA
03D200CEFEAF02DA
FEB40138FAA401F0
FE03021100FBFFDC
021100B1010CFDB2
01F800BA019BFED7
021AFF7FFEF1FED4
FF32FDE1FE4900D0
02A70123002E023B
01DC01E401D10082
FFAAFFF1FEC8FF47
FFE3FD00FE540144
00740256018AFFCB
006C007EFE9F01AC
FE17FF5BFEE7FFC4
FF27FF3CFE76FF09
FFC0FF02FEBD01E2
FDB9FFA7FFDAFE1E
FC13FF59021C0126
032702C9003D008A
0392006D017CFF09
FD7FFF35FFCFFF28
011BFECFFC8BFFAB
FEDBFF75012BFF39
FFFEFFB900260002
01B3FF54FD7501F7
FCE401660133006E
0073FDFAFF090178
FFBEFF0A0169FE53
00B5FF62FF7DFF9C
021E004202CD025B
00410089FD60024B
FF0EFE270131FEC0
03B10028FE6002C1
FEB40172FA920167
FEA2020601180001
023100DA0090FDD5
01F900C401A7FF4C
01F3FF63FF38FED6
FF38FDB1FEB10128
02E900AEFFED01E6
01D80209012F00C1
FF66FFE9FF32FF27
FFEAFCA0FE83014F
006A029D015A0020
00490068FEF001D5
FE2EFF62FF0BFFC3
FF53FF2DFE7EFF5E
FF95FF3CFE7B01A2
FDEEFFB8FFC7FDFC
FB5FFF7402490146
034A029A001600C9
030101020151FE7B
FD85FE80FFDDFEDE
013FFE74FC5CFFAE
FEE0FF82011EFF3A
FFFBFF7A0067FFFF
021FFFADFD170178
FCE80131016E00E8
0051FE61FEE40114
0020FF0700A9FE3C
00A5FF3BFF0FFFEB
022AFFE40228021A
004F0014FD820230
FEEFFE4D00D4FE96
034DFF98FE0F02DC
FEB40168FAFF013A
FF0A014E00F80017
02110114004DFE8F
0249004301CCFFD2
0173FF10FF48FF03
FF3BFDF1FF0F016A
02F000D8FFC30172
01A40232010400CC
FF95FFA0FF77FEEF
000FFCFFFE880138
005D02F50110000E
0072FFEEFF02016E
FE25FF6BFEF80035
FF50FF10FE51FF7E
FF95FFB2FE640197
FEA8FF62FFEBFDDF
FB89FF5E01B80158
035F026B008300CD
029A00FB00D2FDFB
FDACFE15FF9CFEB9
015EFE0EFCCEFF6A
FF20001700DDFFB0
004EFF490082FFC3
0254FF86FD11019B
FCE4008601870165
FFEDFE78FF250102
0027FE930092FE70
0071FEDAFEDAFFD0
0223FF58025C01B5
0037FFD6FDCB0294
FEF5FE8800EAFEA7
02ACFEFDFE580260
FEAE01A2FBC100AF
FF7F010100FB0059
019400DF0038FEB2
0258FFC902210017
0130FEE7FF63FEBC
FFA6FDAEFF30014D
0347010FFFA6013E
014B023B008B0033
FEEEFF62FFDAFEE1
0073FC93FEBC0171
0008030900A70076
0028FFE2FF8C00EB
FE8CFF16FEECFFFD
FF43FECCFE9FFFDB
FFC3FFBFFE0E0106
FF12FF90FFDCFE15
FB56FF6A01D201ED
03440237005F00AF
023D017A0095FD7D
FE1BFE91FFF9FEC4
0131FE66FD3BFF5A
FEEC006701020028
0008FFB000F7FF49
0231FF7DFD270194
FDBA00760175018D
FF8BFF14FEE60074
00A0FE66FFECFE92
0004FEA0FEA7007A
0234FF8A01F6016C
001AFFCFFE290262
FEC6FE9C0061FE53
0202FE4BFE47023E
FEB8014BFC830030
FF88009100D20074
01A50136FFF7FF2C
01B7FF87022F0032
0098FEEEFF4DFF03
FFFAFE0AFF420161
02F20155FF7F00EB
011101DC0096FFFD
FEEFFEF1000EFE94
0020FD78FF1A0149
FFFD02A6004300B1
FFEBFF71FFAB008C
FEC6FF1AFF01FFF4
FFA5FE87FF12FFBD
FF7B0056FE51014D
FFB8FFA60000FE4B
FB37FF86013C019A
034A0213005B00BE
018D01AA005FFDBA
FE01FDFEFFE7FE95
013BFE6FFD7DFEFB
FEFC00A400A2005E
005EFFB0010DFF7B
0263FFDCFD1B016F
FE08000401AE023E
FF6AFF18FF1E0033
00A6FE68FFF7FEF8
0007FE6FFE8A004F
0221FF5D01790135
0068FFCEFEBA0235
FEC9FE8E009FFE17
0174FE17FE7D019D
FEE70163FD7EFFB4
FFB1007A0144004E
018C0114FFE1FF63
0212FEF101F3FFF3
007FFEE1FF3AFF5E
00B3FE3FFF820190
02540168FF740075
00CD01B5009CFFC0
FEACFF2BFFEBFE99
0060FD91FF080135
FF710298FFC1010C
FF98FF57003E00AD
FE8FFEF2FED5FFFF
FF96FE49FF78FFC5
FF7B003BFE9200E7
FFD3FF5C0062FEBF
FB1EFFA701340189
02D4021C001B0103
013B01B70010FD70
FEB6FE74FFD7FED6
014DFE7CFDBFFEBC
FF2D013B0080007F
003CFFB300BEFF45
01F3001FFD660138
FEF30037014F0202
FE86FF91FF05FFBA
0068FE4C0062FFD0
FFB6FE4EFE77003A
025CFF6501110103
0059FFD5FF6A0210
FE55FEE40052FE22
00F5FDD0FE9F0125
FEED011AFE70FEEB
0061002E00C4001A
015700E200B7FFAB
01D8FEC701C20050
0062FF11FF7D0009
0093FE91FFDD011F
025A0116FFFD0078
00970166009EFF5A
FEC8FEED001CFE7D
0097FE35FF7200DB
FF4101F4FF510143
FF3DFF0C00350060
FE5FFE9AFEDAFFFC
0007FDE60013006D
FF5C004BFED100A0
0022FF7A000CFF0F
FB9CFF9C00CF019B
027B01DEFFF700B0
00CE01CCFFE7FD8D
FF20FE44FF70FF5A
0152FE37FE26FEB7
FF1E0131007F00F6
0088000900ECFF93
01710032FDD90116
FF7DFFDB01340247
FE0FFFCDFEEFFFCE
00DFFEAB00540055
FF62FE54FE7B0001
0247FF1300F100FE
004AFFDAFFC60187
FE4FFF120095FE07
005DFE09FEB100EC
FF1800B5FF13FE78
007C001300F60055
010100D000CB0049
0130FE7500FBFFF9
003DFF66FF45011C
00EFFF1CFFD7010E
0199013FFFD1004E
00AE01540131FF2A
FED1FF1AFFBFFE55
009DFE90FFC800B5
FEE501CEFF640154
FED5FEEA00B7FFF4
FE96FE91FF080027
0051FD7E004C009E
FEFC0032FEF30066
008FFF510070FFF4
FBEDFF7E00A70148
021101E1FFB60089
00A201E4FFF4FDD8
FF68FEB0FF28FFA9
010DFEB0FE83FE65
FEE8016500CF00A3
007A003B00DBFF8F
01000042FDD300DE
001CFFE900A401E6
FD830006FEF6FFCB
0090FED400C800C1
FF88FDE0FE9FFFC4
024DFF00001A00D0
0095FF7FFFE90173
FE87FF290065FDDA
0061FE87FEA7002B
FEF00036FFBDFE0F
0112006000B7004F
00BE00C8015E005E
0151FE6E0124FF8E
0013FF91FF5401BF
00E2FFBDFF7C00F1
011A01600040001D
00D6014201B0FF01
FF12FF1DFFBEFE58
0137FEA5FFE30049
FEC3022FFF3F01A7
FE8FFEE00102FFBA
FE2DFEA6FEF2007E
FFECFD6400BC00ED
FF1D004EFF0C0012
0092FEDA009000A4
FC93FF70008E0097
0189023EFF7300A3
00D901BE0016FDAE
FF8BFEE5FF28FFD3
00D3FEE1FE9EFE30
FF40016000FE0076
003C00C200DDFF73
00D4008AFDAE00F8
0033FFB5003D0196
FD3E0016FF09002C
009BFF1D013C00D8
FFDFFE2FFEBCFFA6
029EFEA500970176
00D1FFE300010151
FE9BFF4E0058FD8A
0091FEE3FECDFFBE
FF48FFE30011FD98
00EC004C0023002F
000B010701C6001F
0196FE9A00F3FF3D
0035FFD9FE95025B
00CDFFFCFEDE009D
00F0017E00420078
015F013001ECFEB9
FF46FF31FFBDFEB8
0163FF1DFFE3FFE8
FEB501E9FF33013E
FE03FF10015DFFA7
FDE6FEABFEA90041
0017FD1D008701AC
FF680062FF77008A
006CFE88009500EE
FCD7000C00220066
0183023DFFC40051
00C401C3FFFFFE11
FF87FF46FEF1FFD0
0096FF55FEAFFE0E
FF0100DF015DFFCD
007400AD00EAFFEE
009000FEFE3100E6
0056FFBFFF8C0119
FD34FFE6FF3C000C
0081FF5801C20116
0027FE17FEDAFFA0
02AEFEA200E401D3
0153001F0058015F
FE74FF6A0064FD0C
008CFF3CFED6FF74
FEF80004FFDEFD8E
00610001007B0070
FFD1010C02290006
010FFE6600BFFE97
00EE0006FE9502B0
00ECFFC8FE790044
00D201B7003D00D7
020400740294FE97
FF35FF6FFFBBFE90
018DFF46FFEBFFAD
FE6E0238FF100154
FE09FF8701A6FF94
FDA0FEA5FECB0008
FF90FCF7009F01D7
FFA30083FF6300F0
0051FE2401530169
FCADFFD50054FFFA
00FF0253FFCE0068
01B401F70023FE54
FF43FF8AFEBC0031
004AFFA9FEA5FE24
FF0D00FB01DDFF8D
008000FF00DFFFA3
00760116FDF10174
0035FF6EFF1000FE
FCE7FFD7FEC50070
009BFFF2025E0187
003AFDD4FEB5FEF0
0377FE6100B5022E
01BB005A005700EE
FECCFFDE0043FCE5
00E30012FEB5FF19
FF0FFFC0FFBAFDC2
0042FF83FFB40095
FF03012202D6FFD6
00ADFE38007EFE5F
010B0031FE6902B4
00C3FFE2FD5C0001
007E01F1005F014C
023F004002C8FEB0
FFA7FFC1003AFEF5
0140FF63FF8DFF65
FEB30240FEF3016E
FDB9FF9201C3FFC5
FDA5FF3DFE91FFDC
FFDEFD15009C01D9
FF74009AFFAB0140
FFD6FDBF01BD0181
FCAF000D009EFFEB
011F0253FFF80072
01E601C20011FEB7
FF1BFF81FE840057
0084FF9BFEB3FE05
FF17006C0253FF07
003B00B400B4002E
00A1012EFDD801FA
FFB1FF6EFEDD00B9
FD19FFB4FF5100D5
0089FFE4030301FE
004DFDADFECAFEB7
0367FEDC00B3028E
01F700CD00A500C5
FF0CFFC1005BFC53
00EA0041FEB6FF0E
FEC60030FF5EFD6A
0006FF2800130054
FEDA00AE032DFFFE
00A6FE86001DFDF3
00DE0052FE2F02C5
00DFFF89FCFEFFCD
000801F700C101A8
0278FFDC039BFED5
001500390005FEFA
0168FF7AFFABFF26
FE1902ACFEF10160
FD38FFB401FAFFEA
FD23FF52FE6EFFE7
0002FC2C00F90221
FF780077FFE90185
FFCDFD0601F901E0
FC7FFFF100DBFF41
00E702B7FFDA0058
022501BA0038FF20
FED2005EFE560032
0058FFFFFE2CFDD5
FF5B00AF034AFEC5
005F015200430059
00400164FDBF0210
FF50FFA6FE9D00BA
FE05FFC7FF8C0113
00EF002A037301AD
0053FDE4FEECFEB7
03DDFF6B00CF028E
01A7015800CA00AB
FF28FFF100F6FC4D
012F0118FEABFF1E
FF530052FEFBFE1D
FF3BFF6BFFF20037
FEC800FB031EFF39
0090FF0AFFF8FDEB
0140FFEEFE41028C
00E7FF13FC5AFFA7
FFDD01C700C7023B
0281002403CAFEF1
0052FFFA003FFFAC
0147FF5EFFE9FF64
FE7A0251FF3A012D
FDBC000C01ECFFE7
FD05FFE2FE6CFFE8
FFC8FC9600B30170
FFB7FFFBFFE40144
FF4EFCD501D201CA
FC5EFF720137FEEC
010802E5FFFEFFEC
02B8016100A2FF81
FED4007BFE87009C
0071FFC6FD91FDF3
FEEC007903DFFE96
007F00C300A900B1
006F0143FDE70241
FF2BFFB0FE7A00CC
FE7AFF9CFFD80136
00BA004B03C9017F
003BFE4DFECAFE0C
03A7FFA5011D0295
01B201D300B30093
FF9400210144FC74
013B017CFED4FF41
FF5200E4FE9EFE94
FF3BFF57FFE7FFDE
FEB3007F036BFF38
0050FF580026FDDA
00F6FFF3FE750284
00C5FEC9FC33FF45
FFDD01AD009B02DD
02BBFFFD03D8FECE
00D0006B00220046
00FEFF53000BFF5B
FE90021AFF06010C
FDC2008001C9FFFA
FCCFFFCCFEB1FFBA
0095FC6D00C200F6
FF6C0005002F012C
FF06FCC301F80167
FC4AFF2C01A4FEEA
013402D7003D002C
0296012900F8FFD8
FEB90113FE9A00B3
0040FFB5FD89FE3D
FF03005B0447FE96
005601070049012F
004700F9FDBB022B
FF0BFFEEFE8800B4
FF21FF9F00300142
00B1004403D30137
FFFBFE34FF57FE7B
038B001201210271
01B801FF003C00C8
FFBE000B0157FC95
015D01FFFED8FF59
FF3C013DFE15FF16
FF21FFE10000FFF8
FF0A00510316FEF4
004CFFCEFFE6FDFC
010C000FFEBF01A6
0068FECCFC5FFFA0
FFFF014D007002EF
029E003A03B0FF3F
00B00066002500D5
00F7FF3C002DFF84
FEC70239FF4D00C5
FE9500BE01220060
FD38004BFEA9FFD6
007DFD75004000A7
FF90FF940011013A
FEF5FCD60195010F
FC93FEDD01DDFE78
012102FD00BFFFB6
02D200AB0111002D
FE82010AFE910075
0003FF63FD68FE83
FED00055040FFE64
00500088006100EA
002E00C9FDED01FC
FEC5001CFE9100EE
FFC9FF5F006E0175
00370037043D0107
0022FEB0FF81FE44
038A0089017D0242
01450223FFA900EC
FF8BFF570166FD0D
01C402E0FF3FFFA6
FFC70156FDD5FFD6
FF3400400042FFD4
FF8E001702B1FE70
003E005C001BFDAC
012D0018FF2A016A
FFF9FE84FC620000
FFE100E8007F0350
02B8009203BDFF28
0103006B00260165
008EFF65FFF8FFDA
FF07020DFF9E00DA
FEBA00F800E60091
FCD20097FEB8FFD3
0080FD500057FFD4
FFE2FF68003F012E
FE55FD13015200AD
FC66FEB601BCFE6F
013902B4011A0007
02E90026015B0086
FE560168FEC40022
0051FF51FD2BFF2C
FF0600960413FE2E
002800BE0058010E
00290086FDF801EC
FEA70052FECF00A6
009FFF3C0037013F
FFD2001703C700D3
0013FEEFFFC7FE9B
030900E3017701E1
00E201F9FF860109
FFDFFF3B0176FDC6
01CD0314FF7E0036
FF9801D5FD0B0053
FED7004B0037FFC0
FFE1FFE901F0FE7C
00440023FFD3FE67
0124000DFFBC0070
FFE4FE5AFCE50002
FFE200E90066038B
02830071038EFF6D
011F00BCFFB00194
0013FF69FFC10018
FF7801D5FFD800F7
FFBC012B00450136
FD0F0095FF10FFF1
008FFDEB0088FF43
0058FF2EFFDD014F
FE2FFD6301440062
FC77FEB301B1FECE
0133021D0163002A
02B8FF55015C00DB
FE0F0190FF31FFE0
0074FF44FD11FF9C
FEE70035037AFE0D
002D0079008D010C
005A0048FE8D0202
FE720025FEC700C6
008AFF510041017B
FFD10059037400CB
FFF3FF71000FFE4E
02BC00F9015F01E3
010B020CFF540110
FF9FFEAE01ACFE44
02590349FFC3006D
FF4D01E0FCF3009F
FEEB00530026FF60
0004FF9C015CFE48
008000260004FE68
0110FFF3FFA50040
FFCBFE58FD130002
004200E800A203C3
027600750309FF0D
013000E8FFD70195
0020FF37FF8B0038
FF9E0214FFF500F6
FFE6013500440178
FCF500B6FF6FFFC8
00D8FE83000BFF14
00F8FF06FFC60180
FDEDFDD901000021
FCDEFEB80184FECB
017601A001C40077
02A4FF1901BC00CA
FDE701B5FF65FF9C
00A4FF31FCF6FFFC
FEFA006402F3FE2E
FFE9005700780145
006FFFD8FEBF01F0
FE610056FF4200A0
00D7FECDFFE80154
FF9A0039035A0083
FFD00007FFEDFE7D
01CF010D01AC0190
007F0208FF0600EE
FFD1FEAC01C7FEFC
02CB02C9FF9E0129
FF7F01EFFC67007F
FEE70060007FFF20
00E1FF65010BFE55
005600600007FEC9
01A20043FF99FFF3
FF93FDDCFDEB0013
008F0097004A0387
021C00A002C1FF5B
00E70069FF7000F7
FF99FF1BFF6E00CD
000601CD006E00DE
FFDB0125000B0160
FD28005CFFD0FFC9
007BFEECFF77FF2D
0132FEE8FF6F0196
FDB3FE700078FFE5
FC6CFECE0192FFF3
01BA01CB01B300A1
0269FF3F01F400EC
FDC70149FFCFFF76
00C6FF0AFCF1FFDB
FF2A005F02B2FE17
FFC5FFEB00470111
00A0FFD2FEBD0204
FE2100F6FFA8002B
0101FE74FF96012E
FF6BFFC002C60043
FFB9FFD7FFCEFED7
0120013001C20190
006301C8FF17014D
FF9EFEDC021CFEFB
033C026FFF150204
FF8501F3FBB7007F
FEC600BE008AFEC1
019CFF8000BCFE36
008B007D0051FF44
0238FFD9FF51FF02
FF1DFD4FFE900016
011F00A70048034A
020200B70264FF48
0079FFD6FF4A001B
FF5EFE74FED30103
004B016E00DC00F0
00530113FFE5017F
FD9C0024FF8BFFA8
FFBEFEEAFF35FF21
015DFEC0FF13017C
FDCEFEEC002BFFA5
FC6BFEFC01CD00C9
01EC01BE0111009B
0278FEF2020F0096
FDC800B5FFB3FF7A
0147FF04FCA20054
FF45006601A9FE4D
FFD7FFEF00980126
0086FF55FEBC025A
FDA30145FFBA0057
00F5FE5FFF8D013D
FFACFF9E0235FF96
FFC8FF95FFC5FE95
00AE011C020E019D
FFF401C8FF760193
FFD6FF3501CCFF3B
03BC01FEFF6B0271
FF3501A0FB5A00CE
FEB40117003FFEBD
0173FFF700A4FDC6
00A9009B0073FF16
023BFFC1FF39FEB7
FF27FDABFE93002F
01A00116FFDD036A
019B017D0271FEFD
003BFFE5FECCFFD0
FF70FE0AFE9D00F7
004F019500AD00E8
000300F9FFB8015B
FE10FFFCFF4BFF65
FF68FF30FEB7FEF8
01A2FEC7FEBE0176
FE0FFF72005CFF5E
FC21FF12021100B5
026401B4008E00EE
0248FF48026B0053
FD5D005CFFEFFF18
0171FF74FCF200BE
FF1B000500F4FE31
0007FFF9008700F9
0090FF40FE760306
FD63018D003B0048
00FAFE9FFF4B00E6
FFC1FF4201B9FF73
FFF1FFD2FEDBFEFD
00370063019801AE
FFA90109FF6501C5
FFC5FF3B01EBFF7A
0386014EFEDE02A5
FF6701D0FAE900B7
FE7600E90053FEBA
01B1FFCE00A8FE24
00CF00BF004AFF52
024BFF81FEFDFEA6
FF52FD55FF5B004E
02110081FFD402DD
00F202010179FF42
FF4DFF9DFEE3FF5B
FF1FFD8BFEB50159
FFC9018E00DA00EB
006B01460030011C
FE4DFF98FF3AFF69
FF1AFF43FE5FFF53
0106FF35FEAE0128
FE5A0024006AFF1E
FB83FEBD024900E7
029D015D00480125
020BFFCE0226FF51
FD8DFFA1FFECFF69
016FFF2AFD3100C4
FEF700D00082FEE8
0090004E00C900BD
00FCFF0CFE260332
FDC40139006E009C
0121FE91FF010071
FFC9FEC800DEFF2F
FFDDFFADFEA5FEF9
FFFD005901D70197
FF3A011AFF930209
0002FFC601AAFF47
03BC008BFEF002EB
FF62021FFB3D007E
FE4500E70034FF1C
01A8FFEC0101FE6A
011A006200DDFF83
019AFF64FE9DFE2B
FF32FD77FF6C0045
025E008BFFC402AD
0085021D013DFF10
FF50FF25FF0AFF33
FF5BFD9CFEE70190
FFF100FF007B011C
00590120006600D2
FE99FFA4FF00FF4E
FECDFEEEFE51FFC4
00F3FF3AFE8E0115
FE4F002400A6FF25
FB5BFF0701F1016F
02EA013D004100C2
01DA003E01F4FEE3
FD62FF10FFE3FF68
013FFF70FD4B00D3
FEEA0111FFD0FEFD
00600055012800D3
00E9FEFFFE2E0347
FDF2013800B500F1
00A1FE73FF46FFE3
FFF7FEC0001AFF31
0011FF92FE50FF4E
FF63001501B6015B
FE8700DEFFBA0213
001E001900C3FF4B
02F9FFBAFF72022F
FFEA0167FB480047
FE400077FFEAFF74
0159001C0143FE7C
0139007A0080FFA6
0193FF69FE49FE29
FF69FDEAFFE7006B
01F700B9FFE3021B
001F02230148FEA3
FF35FF34FF39FEE8
FF63FE16FEB400F4
FFFF013D001F00BE
FFDD00CE007F0067
FF37FF6BFF04FF1B
FEE3FEF7FE16FFB5
0096FFC2FE6900F8
FE87002C009BFF36
FB3FFEE302120126
02B500DEFFF700DA
0133003A0190FEDB
FDD7FE70FF4FFFA7
0101FFB8FDA600A2
FF2A0178FF4FFFE2
00B2006101260091
0097FF12FE5302EC
FE9100DC007E012F
004CFEE9FF39FF7A
0054FF0BFFBCFF1C
FFDDFFA2FE1EFF4A
FF61FF9E014D00D1
FECC008E0050021B
0055008F00ADFF72
02A1FF36FF9F01F5
FFD50148FBDBFFA5
FED100ACFFF9FF80
0143006301D1FED5
00F8001C006AFFB1
0159FF51FE66FEC8
FFD0FE190044006E
01D90054FFD8017D
FF8801D0014EFE73
FEF0FF38FF7DFEAB
FF99FE39FEC100C0
FFCD0142FFEB00F4
FF79005000F1FFC8
FFB4FF5DFF22FF41
FEC6FEE5FE4AFFF4
FFFFFFD9FE800090
FF0200840091FF1C
FB20FED101B8015C
022A00B5FFDE00D3
012300B30123FE8D
FDF4FE71FF8AFFD8
01000027FDEE0063
FF6F021CFEF8002D
005A009F0132002E
00A4FF43FE8C0337
FF6000C300630150
FFD4FFA9FEEFFF5D
006EFEBBFF37FFBB
FFC1FF17FDFCFF92
FEF4FF6901370153
FE4B00CE00C301C8
001800C3008DFF62
01C1FE8C001E012C
FF9800F8FD11FEFA
FEE50024FFDB002F
00DD00A001ADFF49
00FBFFB40092FFFF
00F6FF3DFE7DFFAC
FFC7FE4900B50049
013E008600380117
FF7D017B0179FE33
FF4EFF600017FEB0
FFD0FECEFF5A0078
FF1A0114FFE000F7
FF0DFFAD0173FF8C
FFD3FF07FEEBFF29
FF38FED8FE680087
FFB1000AFECB0034
FFDF00A40097FFAD
FB82FEF0016300CB
01D900C4FF8F006A
004700EA00EDFEBC
FE62FE12FF3FFF5E
003F009DFE350002
FF1A0230FEAF005D
003400C1018E005B
0092FEF3FEE1026F
FFBB00C300440164
FF42FF15FF0CFEFA
00C8FF39FF70FFB8
FFE2FF37FDFFFFB5
FF20FEF4014A00FF
FE3E00FD011A01A6
003401030046FF8C
0153FE2200340126
FF82002FFD69FEB9
FEF1001FFFA2007F
007D00E801EEFF6E
00D1FFF9FFE4FF90
00DFFF5DFE790073
000EFEF500A2FFD4
00C00060002D0094
FFBA01AB01A2FD5B
FF32FF19007EFEA4
002EFF51FF9AFFD5
FF2B00F5FFFE00CC
FE66FF2801D6FEC6
001AFE97FEE1FED9
FF91FED7FE700079
FED80035FEBDFFE8
005D008200EF0054
FB90FE61014E00AE
01CA0101FF9CFFD8
008E010800CEFF07
FE58FE9FFF36FF95
FFFA012BFE8CFFAA
FF4D0213FEA50045
001501440118006B
0010FF8EFED402AF
003A00B3FFCF019A
FED2FF3DFF44FEEB
00FCFF22FFA4FF7F
FFDCFF45FDB9FF9F
FF78FEEC0100012C
FE3E017400FE01C3
004600FA0016FFBA
00E8FDE90098011F
FF42FFCBFE26FEA8
FEAC001A001400A0
FFC301820255FFBB
00F0FFC8FFE0FF1C
00CDFF5FFE6300F9
0049FFA200B6FFBD
00AA00A500430087
FFED016D0207FD78
FF5EFF7000B4FEA0
0098FF6EFF6AFF5B
FEA50140FFD900F2
FDE7FEFA0216FEC6
001BFEF5FEC1FEDC
FFC0FECBFEDF00A7
FE660037FEB4FFB8
00D50027013D00AA
FC0BFE6B01C0004B
01DE0149FFC5FFE3
00A90169008FFEFA
FE86FE8CFED6FF4A
FF9E0155FE7BFF08
FF1C01E3FEADFFF4
006D0156010C0086
0012FFEAFF4E0221
007A00C4FF8601A3
FE31FF57FE91FED7
00BEFF8FFFC9FFEF
005DFF26FD8AFF9F
FF32FE5800BB0175
FE5A017D01380170
0039010D0000FF7A
00DAFDEB00750047
FF1FFFC2FE5FFEC3
FE870001000300E9
FF4F01620233FFFF
011AFFA2FFF5FF25
0084FF79FE2C0195
009CFFC30047FFDD
00590026001F0065
000801620267FD73
FF6CFFD10077FEF2
00ADFF5BFFA1FF01
FEAB013DFFE20135
FDC1FEE5027DFE4D
FFAAFEE1FE97FEA1
FFB5FEDBFF4400F4
FE690064FF5FFFF6
00C9001F017000F1
FCA8FEB70166FF9B
01D2012DFF48FFF9
00CA015C00B1FF30
FE5FFE8AFF25FF5A
FF5A01D4FE78FEDA
FF5E01D3FF41FFF3
006701830116005E
FFF20045FED50236
00C400D4FF900132
FDD1FF2EFEADFEF8
0123FF870040003E
0040FF51FDCEFFAB
FFA1FE1B00E5019B
FE89019401480165
FFDA00AD0037FEF1
00E8FE0D001B00BD
FEF4FF70FEB4FE6C
FE740002003E0119
FF15018602640023
0115FFB3FFA8FE76
00C3FF7FFDF901F1
00CB00340022FF4C
003A008B003B0076
0089012002B6FD31
FF4EFFFC0098FEBC
0123FF64FFBDFE5E
FE3301C30000011F
FD55FEE302B6FE28
FFBBFF05FEBDFED4
FFDDFE99FF16012A
FE48001FFF160023
00BEFFA60196013A
FC79FE9B0193FF55
019301CFFF63FFDB
012D01B300A8FF2D
FE8DFEC0FF29FF77
FF8D01C8FE1EFE79
FF8201C30021FF80
005101C700A2006B
FFE80067FE7F0234
004B00BEFFB10177
FDC1FF71FEC2FF22
00ECFFF700E10002
008EFF54FE15FFAA
004CFE0500B40201
FF2001CC00950163
FFCA00FB0015FE88
00FDFE4BFFAA0066
FEF2FF7CFF19FE3E
FE12001E00950119
FE8501F6034CFF98
00ECFFAEFFC6FE60
00C1FFBEFDEE023B
008D008FFF5EFF49
007D00B600380059
00E001320307FD89
FF47002A0056FE9B
0174FF99FFC5FDD4
FE3A01AAFFD200E6
FD8DFF2A0272FE6B
FF6DFF36FE5EFEE7
FF6BFE9CFF100169
FE550054FF28006C
0066FEE601D30103
FC88FF4E019CFF86
01220225FF5CFFE4
0189023200B1FF1F
FEEEFE8FFF18FF9D
FF6001EFFDEFFDE9
FF8A016900F5FEFC
0089016000760083
001F00B2FE8F021A
FFDB00DCFF900111
FD96FF6FFEEFFF3D
012700020100002D
00CCFF18FE64FF97
FFD7FE0800A40253
FF80018700F00133
FFD800FD009DFE70
010DFE84FFCB0034
FF2AFF67FF10FE4D
FE25004600580145
FE540190032BFF73
00D5FFC2FFBDFE15
010D000FFE160217
00A40028FF38FEFF
003B00E3009800A5
014B00CC0333FDC4
FF3200590043FF31
0146FF51FF8AFDA1
FE6701BEFFF10103
FD9DFF4F027CFF11
FF8DFF33FE1EFEE8
FF4BFE7EFF3D0199
FE5D0054FF2C00B5
002DFF5101DC012E
FCCBFF910193FF58
01070235FF31FFBF
01B201DC00A1FF23
FF0AFF05FF29FFEA
FEE301F9FDACFDFD
FF7800BE00C8FF12
0072018800D10088
000C0030FE3D024C
FFB80080FF4400B5
FDF5FF84FF25FFC7
0141006C01E7FFCF
00E2FF43FE88FF72
00B1FEB200A1027C
003201BE008600E5
FFF20117005FFDB6
0124FEF8FF6200A7
FF11FF83FEF1FE5F
FDDB0070006B00EC
FE1701A90336FF6C
005FFF72FFE5FDBD
00CB002FFE4F02C1
00CC005CFE50FEC7
001500CF00840156
0198009E035FFE28
FF5F00D0FFFFFF6F
0106FFAAFF9BFD70
FE2301EAFFEA00F7
FDA5FF7A0239FF3F
FF03FFB5FDE6FF40
FF7BFE46FF8601CE
FDD70075FF4A0140
FFAAFEEC01A700F3
FCF5FFAF0197FF23
01160251FF6A0025
024201DF00B4FF6E
FF11FEEDFF210033
FF4F019AFDB3FD6D
FFC100B701A6FE88
00DB017E005E00A9
006A008AFE270164
FF3300DDFF3700C7
FE2DFF75FF14000E
0131009F01F9FFFC
00B1FF69FF19FF6D
010AFEA500AE0295
004001B700260099
FFC200F800C2FD9D
016DFF3BFF3D00A9
FF32FF83FED0FE40
FDC40077003600DC
FE640185033EFEEE
0063FFFCFF86FDBC
00AF0059FE0302EB
00AA002BFE46FE8B
003D008400A10150
01BA0103034EFE8D
FF7B0089FFD3FF9C
010DFF84FFC6FD98
FE8F0202FFD700E2
FDABFFC1023DFFE4
FEC0FFA0FD9BFF26
FF4EFE4FFF6A01F7
FE35002CFF5F0135
FF20FEE5017200EC
FCE7FFD70192FF4C
011102B7FFF6FFE7
026901C100A0FF52
FF1CFF15FF2B0052
FF4F0163FD9DFDB0
FFC100630202FEBF
0096010B002F00C0
00940091FE4D01B8
FF0A00E1FF8400C7
FE7FFFA4FF99007B
011C0104025DFFDE
0084FEF7FF63FF64
010FFF7100450266
00A50191FFF00096
000E00FF0111FD7C
019FFFBAFF5000CB
FF68FFA6FE51FEC9
FDFA0113001D00DD
FECD01080318FEB5
00CB000DFFA5FDFB
00D70039FE1A0236
006CFFDFFDF1FE59
FFDA00DA00B001D6
019A00F903A1FEE9
FFD600B8FFEF0002
00F0FF51FFD7FE0E
FE7301FEFF9500A3
FE4CFFD401ED0030
FF050026FDA9FF4E
FF58FF04FF9D0196
FE450032FF350105
FF37FE88016100CB
FD20FF8001DDFED0
00FE02780023FFDB
023A01320069FF2B
FFB6FF74FEE30098
FF3700D7FDCDFDDE
FFAB003E0218FEAF
00C1009E005D00B3
00BE0017FE7E01B0
FEBB008AFF8A007B
FF12FFACFFB80076
0142010401D5FF7C
004DFF51FFCDFF5F
0117002400980257
00730184FF9B0120
005B00920124FDFC
01770067FF6300CB
FFDAFFB3FDD3FF67
FDEB01BE000E00E0
FEBF00B60246FE6B
00990079002EFE46
00D6FFF9FE87014E
0068FFB9FD99FEEB
003600B6006201DD
01A200F70356FF31
002200BFFFC30087
006EFF7E0042FE45
FEDC0232FF9D0044
FEDAFFCA0122005D
FF35005EFE4FFF82
FF51FFBEFF8C00F0
FECFFFE7FEF80142
FF4CFEB6010600A8
FCF5FF2A01D3FF07
00A401E10066FFC3
01D100B90066FFE4
FF86FFB7FF52FFED
FF0900CAFD53FE17
FFBDFFFF01B3FEB7
00D20006006700AF
009FFFB1FED700C1
FE70008EFFA60097
FF23FFFAFFCF00BC
00E200E201C7FFCF
000CFF73007A0007
0115001500640210
00A600D7FFAF0143
007F009D0171FDF7
01B80077FF220033
FFB7FFF2FDE8FF29
FE2701DD002D0054
FEFE00140203FE3E
004A00F6FFCAFE92
00B00021FE5D012A
003CFFE0FDF0FEFD
00290067008D015E
011E017302A9FF98
FFF90066FF780099
0023FF400029FEB3
FF63021AFFB40009
FF1A007300D3011D
FF4D00C1FE7FFFF9
FF15FFB6FF9800D5
FEFCFF89FF07011F
FF34FEAC005D00A4
FD39FF4701D6FF1D
005C01B70070FFD2
015700780027FF8F
FFFD0000FF1A002A
FF49009FFDE0FE9D
FF9AFFE501F1FF3E
0086FFD700550029
0087FF90FF070103
FEAE0013FFAA0081
FFABFFF9FFF100CC
00BE00430105FFC8
FFC4FF7E006BFFFF
01390012007601AE
00AE0042FF7A0158
006CFFFF011CFE3B
01DF006EFF7C0061
FFE6000DFDA6FF9C
FDFB01F600170011
FED6FF9F0192FDCA
004401110008FED8
00C0000BFEB900F0
0009FFC2FDD2FF59
003500A8005D010B
015401A80254FFC6
00090053FF280091
0018FF850014FF10
FFB001DEFF92FFFC
FF8000F900560198
FF6500D8FEDC0051
FEC20000FF580091
FFA6FF8FFEF3014B
FF25FEBA00150099
FD1BFFAD01C0FF0D
006701670094FFEB
010D002E00BB0030
0021FFF4FF6EFFC3
FF6E0059FDE6FEAF
FF82FF61017BFF06
00C6FF6D0020003A
0083FF9AFF1700C1
FE9C0020FFF300AC
FFA0FFB6002300FA
00D1003D00F1FFB5
FFCFFF7700BA0000
01AA0061005601DF
00AFFFE5FF1F0145
0000000500E7FE08
020000E7FF080084
FF7A0059FE06FFEB
FE3F01C1FFF1FFA4
FF42FFC50131FE03
000900DF0014FF3E
0090001DFEEF00B8
0021FFDBFDCBFF79
0044007B005C0127
014501BA01E3FFD8
FF9C0016FF2D0076
0023FF47FFCAFF63
004201D0FFE9FFE4
FFC800D3FFF701B0
FF39011FFF46009F
FF8AFFE7FF7A0043
FF3AFFA0FECC0194
FF40FEEAFFA00016
FCF4FFE0018BFF5C
00A70104010F0078
010E000500DA0004
FFA4FFB5FF68FF7C
FF8AFF8EFDE0FEC9
FF8DFF89015CFF23
0094FFA80075FFFB
00C1FFA7FE8E00B7
FEA7FFF70045007B
FFC2FFC2FFCF013E
0073FFBF00D30014
FF85FFAF00CEFFF5
0176006E006C01D0
00B3FF81FEED00ED
FFB3FFB200F4FE3F
026000D2FE930126
FF7A00DDFDB6FF80
FE4B01DB0025FF88
FF96FFC600E0FDC1
001700EDFFFAFF01
00B3004FFF0100A2
FFEAFF9FFE14FFA7
0106FFEF007400B6
0110020A01840045
FF34FFABFF400028
FFC0FF31FFD4FF99
FFE2018500660046
FFE30120000801B0
FF2F0102FF580065
FF8EFF65FF060006
FF4CFF73FEFA015C
FEEEFF76FF6CFFF7
FCA2FF930179FF8E
011F00F3008C0066
010D00970147FFD8
FFE6FFE9FF59FF66
FF83FF4AFDF8FF08
FFD3FF7F0165FEF3
002EFFBB00B30006
00E7FFB9FE490169
FEA90019007B00A1
FF7AFF42FFCA00C5
0094FF4800DCFFBD
FF670001006BFFC1
01A7005600D701EF
004BFF6FFE7000F0
FF94FF4700ECFDC1
02B0FFF1FE1601CC
FF450144FD24FFB3
FE3C01EAFFEBFF72
0052FFC90080FD7D
005B010C002DFF67
008BFFDFFF11FFD8
FFC2FF58FDCBFFB6
01BE0018009300C2
00A502A8013B0076
FEC9FF16FF48FFD2
0020FE9EFF9AFFD4
00D7017000AA0068
FFEB0136FFCB01A4
FF4400ABFF00005A
FFA3FF0FFEE8003F
FEF8FFABFE8201CA
FE93FF33FF4AFFD2
FC49FF600158FFF3
019A00F200D700D7
013800BD019FFFBF
FEFFFF38FF79FF78
FFD1FEEAFDAEFF03
FF82FF2E0125FF34
003B000800A8001C
012CFFD5FDB101AA
FE7B003700CE0141
FFA1FEEDFF6400D8
0088FF6D00C7FF83
FF5D0015FFEAFFD1
01BDFFFF00E401B6
002EFF7EFE8700EC
FF7DFF2800F4FDB1
02ADFF76FE1F01FA
FF640178FCC5FFE0
FE8E01DBFFB7FF77
00C5FFA9009AFDEC
008500DD000CFF80
0055FFC9FF0F0011
FFCDFF32FE170013
02120021005200AB
00A502F901180038
FEF9FEF8FEF2FFB6
FFB4FE44FF76000B
00A9016200C5003C
FFD40130FFEE0142
FEE2003AFF15003D
FF5AFF0EFE85006F
FF1DFFC2FE7201FC
FEA1FF2EFF94FFD8
FC46FF2F01090090
01AD00D400D4013B
016501010168FF9B
FF14FF14FF70FFC0
0030FEB6FDB4FEF4
FF83FFCA013EFF3D
0061FFBE00EFFFF0
0158FFF4FD8C01D2
FE6F0084011A014A
FF8AFE96FF570045
005AFEC100A2FF94
FF1FFFAEFF780016
0181FFF500E30168
FF92FF36FE3D0175
FF15FF3700E5FD91
0335FF0DFD8102CE
FEE10226FC5EFFA8
FE6B01AA003AFF60
0143FF910028FE16
00F1007E001EFFFD
007BFF5DFF69FF46
FF9AFEE1FE920009
02B4007C00700081
005702850081002F
FE8AFE79FEE7FECC
0033FE04FF7E009C
0090019B00DE0075
000D0129001E011A
FEBFFFF1FF200035
FEECFEB6FE460093
FEBEFFA6FE2D01E8
FEABFEEAFF34FF43
FB3BFEEA0148013B
025701130100012E
0185017B00CEFEAF
FEDCFE71FF47FF92
0045FE2BFDBCFF0F
FFCB006800F10002
006F0003014BFF3C
01D2FFE4FCE1028C
FEA0004C01B401F6
FF30FEF5FF850007
0042FEA20058FFA7
FED5FFC6FF41FFD8
0146FFD100E90172
FF72FF59FEA40186
FF29FF7F008FFD91
02C6FEDDFE230233
FEF8021CFC71FF7E
FE99015C0004FF8A
00F1FF7A00DAFE79
00D6FFC90024004F
000EFFF9FF14FF40
001DFEB1FE680055
031D00A6009D006C
FFD702CF004CFFD9
FEBCFE20FF13FED7
002CFE34FFC2007B
00A1015C009700C0
FFE5011C003B00B3
FEFAFFB4FF4E0019
FEF6FE61FE1B0104
FEFC002FFEA7021F
FECEFF20FF1BFF69
FB7EFEBA00D50195
025000CF00AD0105
00FE01A800E2FEEF
FEDAFE12FF65FF93
005FFE94FE4AFEF6
FF5800DB0123004C
0080FFF0019AFF5D
017FFFF8FD5E0279
FED90048017501E4
FF15FEC9FF35FF9D
0050FEA4FFFDFFF3
FE6AFF92FF110053
017AFFD500F50071
FF2CFF52FF5301CC
FEA1FF990012FD6F
0297FE8FFE320252
FEEB0205FCE3FEFC
FEB1012FFFE5FFD3
00F2FFEC0150FEED
008EFF6A002E004B
FFF8000BFF35FFAE
000EFEF2FF0C0077
032C00980071FFB9
FF87028D0062FF39
FEA9FDB4FF01FE1E
0058FE93FFAD00A6
00280149000A0052
FF8000A1003E006B
FF2AFF6AFF9F0011
FEDBFDCEFE0F012C
FE99000CFEC001D5
FF4FFF0DFEE2FF8E
FB42FEAE007F01C8
022700C3009800A8
010F02050035FE84
FEF0FDD1FF45FF7C
00BDFF0DFE65FEAC
FF7C019000EA00D3
00B9002C0189FED9
00E70089FD4802C5
FF5EFFF201C8022C
FEE0FEBBFF33FF77
00B7FE66FFD4FFF6
FE64FF33FED9004E
017BFFBC00C100BF
FF14FF6DFF6001ED
FEFDFF9E000BFD69
027AFE5AFE7701D7
FEB501EFFD48FF41
FE7B00E4FFE4000A
00B500100172FF30
008DFEE30066001C
FFC2001AFF23FFE2
0095FF1EFED80048
034200BD0041FFCC
FF5D02C1004EFF1B
FEBAFDCBFF16FDDA
0094FEE0FFC600BC
FFFF0182FF8F00D3
FF5E00C700A80048
FF27FF54FF950025
FF13FDDAFE29012C
FE930003FE6E0197
FFBDFF45FF6AFFE7
FB0FFE0E009B018B
024600D8007900CC
00AD024E008EFE44
FE8EFDACFF2FFF2E
00E1FF50FE3FFE72
FF4901F000EF00E4
00AD002501B4FEC6
00D8006FFD090291
FFA5005C01C20254
FE4EFF09FF07FF38
0096FEA6001600C4
FE56FF60FEA0002C
0154FF5B00D1009E
FEF5FFDA003201EA
FEC7003E0003FDF9
016AFE3EFECF01B8
FE800158FDDCFE7E
FF1B00AEFFCB0010
0098003A0210FFC0
0055FE64FFC20009
FF8D001BFF3D0089
0092FF8BFEE10049
02AD00A400C6FF83
FF43020400A4FE5E
FF13FDD4FF17FDBF
00E1FF6EFFFE004F
FFB60138FFDA0091
FEB3FFF20112FF59
FF97FEDEFFBEFFF0
FF7DFD3FFE44019D
FE16005AFF050112
005FFF26FF9A0062
FBD2FDBB00060187
01F000F0FFEF000B
00AE022BFFF4FE75
FEE1FD98FEF8FFD5
00BDFFA3FE9FFE88
FF52024D00BB0115
009500A60187FF55
00230090FDAD0295
003C005C00F9021D
FDCBFEFDFF4EFF15
00D3FECD002E00EF
FEA3FFB7FE4FFFCC
01C4FF7300850091
FEE2002900660197
FEAC00100018FE7B
00E9FE46FF7200E0
FEB800CCFEBEFE9D
FF2D0051FFBD005A
002C006B02910024
004DFE37FFEBFF47
FF74008EFF240131
00C9FFEBFEA40086
0254006500F7FF4B
FF8001D800F1FE1E
FF60FDE6FF5AFDAD
0117FFE1FFDE0002
FF8E0112004D0093
FE70FFB4015AFF04
FF76FEFEFFDDFFF5
FFE3FD51FECF01AD
FE760091FF6A00B7
0040FF34002B00A8
FC97FD91003A01BD
01B600A0FFBB0007
00BA0291FFDFFECA
FEB3FE13FF31FFEA
00F40046FEC6FE79
FF30025E00E900E4
008900FC0157FFE2
FFB0007FFE5E0203
00C600BE00BE01C5
FD9FFF2DFF54FF0D
0066FF0300B8015C
FEB6FFACFE52FF36
01FAFF73003C00C1
FF41009F008D017A
FEEE005EFFEBFF05
00EBFEC3FF1700D5
FED90053FF4AFE2D
FFD30003FFE30022
001C00C602EF0043
00A6FDE7FFBBFF4A
FFF5002DFF2B0139
006FFFE0FEBB0020
0208004D011AFF7D
FFF5010E011BFE05
FF96FDFFFFBCFDFE
010BFF87FFCA0007
FF5200EA000B00F5
FE42FF940148FF06
FF0FFEC4FF8AFFC0
FFC7FD4DFF090185
FE550067FFE10012
0040FED4009B008F
FCF5FD99005D0210
014400B0FF9E003B
00D401FCFF76FEDB
FF0FFE8CFF230033
00A9FFE1FEA2FEBC
FF65029601080026
FFFD0152012AFFDE
0009008BFEDF01F0
010200A5003D0123
FDD6FF03FFA7FF3A
005FFEE9013B00C6
FF32FF93FE60FF08
01FBFF0C00AA010A
FF68011A006000F2
FF11006DFFB7FEB9
0072FF03FEC400D6
FE8CFFBDFF35FE16
FFFFFFAEFFE50089
FFAB016C02DB003E
00D1FDE4FF82FE8D
006900C0FF40016C
00DE004AFE5BFFF6
01BB00C900C2FFB2
0084015501B4FDD0
FF6CFE77FFB2FE12
0161FFCCFF75FF8B
FF13012A005E00B2
FE03FFA20160FEE0
FEF3FEFDFFB6FF9B
FFDEFD58FEEB013A
FE95009DFFCC006A
0045FE4500D200BD
FCFBFDEA00850176
010C00E8FFCC0061
012E019AFF5BFF51
FED4FEBFFF5DFF92
00860085FEA1FE7D
FF0B02660183FF9B
000C019C00EB0035
FFDE00CBFF04017B
00AC00C9FFAD0145
FD95FEE5FF6AFF9C
0052FF1F018B00B5
FF84FF9AFE5BFEC6
0233FF7800C7016C
FFAF016A00740095
FEFB0042FF81FEBE
00B6FEF2FE740093
FE90FF85FF67FE4A
0021FFB4FFAA0086
FFDC019F02D80083
0104FDE6FFC5FE0E
00C000B9FEE10192
009C002DFE8DFFC7
017B01050093001A
00EB013D0231FDC0
FFC2FEB4FFEEFE3A
0175FF6BFF75FF6F
FEAF019F00450152
FDFAFFAD0157FEDC
FE56FEC6FF28FF3F
0005FCF8FF50011C
FE7000B400410098
0037FE72017300BA
FCEDFE0500770135
00D6012FFFA30076
0187016DFF6EFF4A
FEBBFEEEFF0FFF96
0066007EFE4FFE94
FF1002C801BFFF57
FFB4019D00D1004F
002400F3FF3401DA
000600B7FFEB010F
FE02FEACFFACFFC8
004EFF9801FC009F
FFD3FF86FE74FE8D
02A8FF66012701B3
0048017800760049
FEE30067FF43FE63
0055FF7DFE48008D
FE74FF49FF22FEA3
FFA7FFBCFFB6011C
FF6A01F9031C0062
00CEFE13FFB3FD80
00DC00C7FF0101A9
00C2003EFDC3FF5D
0165014C00A500D9
019E00EF025EFDC1
0011FF2AFFDDFE71
0179FF6FFF5AFF29
FE8201B700260104
FE5600290143FEEE
FE45FED1FF48FF3D
005AFD13FF1A00E2
FE9500C4007C0101
FF9FFE0901F900C8
FD06FE4F00CB00F7
00390180FFF00051
01D00157FF95FFFD
FEC2FF6DFF79FFC5
00090040FDE7FE5C
FEDA02F40272FEA7
FFD3019C008800C5
003A00F6FF0E018F
FF840097FFFC010E
FE31FEACFFDCFFE9
0038000D02750034
0043FF74FE82FEC4
0298FF7E00B801D0
007F01F4007AFFE8
FF350047FED8FE7A
008BFFF6FEC10081
FF15FF10FED5FF03
FF45FFAC004000F5
FF30020B0372FFDC
0117FE49FF6FFD73
012B0088FEF701BB
00D60010FE3DFF95
011A018400760130
020E00D402B4FE81
0044FF77FFD1FE79
0166FF23FF2DFEDF
FE4B022B0054012D
FE2F00410107FEF1
FE18FF65FEB5FEEC
002BFD51FF0D0105
FEA8006A008500F8
FFDCFDB5021700D3
FCF5FE5A011B0074
008101FCFF910020
0257014EFFDE005E
FED0FF81FF00FFCF
FFDA003CFD9EFE66
FEF202BC02DEFE27
000F0182002400DD
006F017DFEA401B4
FF3C00AC0032010D
FE75FED4FF810048
004200680285001A
0078FFA3FEDCFEDB
02F8FFBD010601B3
00C80215FFF6FF7A
FF03004EFEFAFE49
00BC00A9FEA00061
FF24FF54FE2DFF81
FF52FF7100140103
FF9201DE035DFFE5
00C3FE54FF73FDA2
00F900FCFF0F014E
0060FFFCFE2AFF82
00B7015300150105
023800C102C8FEA4
004CFFE6FFA3FEF0
0181FF12FF0EFEE0
FE8801F900380129
FE62005B00DEFF10
FE05FF61FEBCFF6F
008AFD78FF83011F
FE68008F007900C0
FF2AFE1701E800CD
FD07FEED010E002E
00830269FFD0002C
02980114FFBA0091
FE98FF36FF3FFFF3
00240020FDA2FE82
FF1D027B0365FE23
00060134000600C9
004C0178FE8E01B0
FEDE0098004F00C3
FE9BFEDCFF9D00AE
000800D10309FFF1
0098FF93FF08FECA
0317FF9A010C01EE
00C2028AFFE7FF40
FF670049FF3EFE1B
005D0106FECD0066
FF84FF1DFDAEFF95
FF56FF84FFDE0124
FFAB019E03A1FF9C
0105FE8CFEC6FDC3
016300FCFEDD0149
0022FFC4FDD6FF72
00BC0170003401ED
022400FA0327FF12
0037FFDBFFA1FF50
011BFEE6FF13FEF9
FED2020EFFF700B7
FF1500C300F9FFEA
FDEBFF67FEA0FF3D
0065FDF0FF75010E
FF130045006900E5
FF33FDBC02380100
FD31FEE10123FFEF
0030029A0036003C
024B008AFFAE00E7
FF21FFAFFEEDFFEB
FFCCFFDAFD72FE78
FF31025D03F0FDEB
004600D8FF9D00FF
006B013FFE8E018C
FE8301030049009C
FEFEFF01000100EF
0023013E0332FF79
009CFFB0FF69FEB7
032F000100B901FA
014602EDFF75FF10
FF83FFF8FF56FE16
00840125FEFE0056
FF5EFF1AFD660006
FF78FF76000300E6
FFD601730383FF7A
00C2FE72FEA8FE03
01760107FF3A0165
FFBDFF6BFDB5FFAB
0080019400720204
02B600FA02F7FF71
00240043FFB7FFA6
00E0FEE2FEF8FEED
FEE10206FFE800C4
FF5E00E60073FFED
FE1DFF98FE9CFF61
002AFDF6FF5A0102
FEB4006D00A200A5
FEFFFDB6021F00DD
FD6AFED0012BFFB0
0032028600730033
029E0076FFAA00D8
FF28FFF6FEFDFFFB
FF6CFFC4FDB0FE90
FF2F021D042AFDDF
00090062FF58014C
00940100FE2E0197
FE0600FD0011006F
FF74FF23FFB40149
FFA3012F032DFF34
00B5FFC6FFB7FF0A
02E3007700BE01FA
010D02F8FF52FF42
FFBAFFCEFFA3FE92
007B01CDFF91005B
FF9BFF3DFCBD0043
FEE70028005700E3
000A00FB02DAFF3A
00D2FF06FEE6FE7D
016F00D9FEF400CF
FF73FEE0FDEFFF92
009A00F600B401F7
028C00F302DEFFC6
00070038FF68005D
0097FE97FF37FEEF
FF63020DFFCD00C5
00280119007D00BB
FE66FF9CFE95FFA6
FFB6FF14FF9E00DF
FFB2004C00880069
FEAAFE54021F00B6
FD93FF290118FFCC
0008020C00D20067
0258FFC9FFD600DC
FF4D000DFF34FF99
FF21FF99FDB2FF15
FF6301750395FE45
004BFFFDFF3E011B
009C0036FEAB014F
FDF200C4003E0020
000AFEF7FFB80146
FFF8018E0260FEC2
008BFFBA0021FF4B
028700B600420187
012902B7FEA2FF61
FFFEFF52FF7DFEE6
007A0255FFB000C5
FFE9FF44FC6C00C3
FF110079FFD700B4
0054009F0233FEBE
00E4FF3CFECBFF0E
01BE00C1FF13001E
FF44FEF5FE350001
005D011A00AB021A
029B00B602ADFFC7
00030045FF760095
001BFE5AFF20FF4F
FFDE0181FFAC0060
006201B100230123
FE7AFFFEFEEC0087
FF4EFFBFFF780090
00200049004200F3
FE79FE6C01800045
FDA8FEF400B60005
FFF2020700EC0064
0255FEC7FFE600B6
FF9D00BDFF6BFF2F
FF58FF7AFD73FF43
FF3D00E30305FE1F
0077FF92FF8F0115
00B9FFF9FEFC0133
FDC600BBFFED001D
0015FF3BFF9F0160
000F012D01CBFEA7
0066FFF6002BFF4F
024D003600B9015C
0150024DFEC1FF6A
0039FF67FFE9FF1B
009D020FFF6400EB
FFFBFF70FC1000D3
FED500B6FFD5004E
0051008D022AFEC5
008FFF7FFEC0FF79
01F200EEFECD0044
FF43FED7FE65003E
0075010800270199
01F3010C0242FFDA
FFCF0025FEF1008E
FFD6FE86FF50FF3F
00080182FF7E001D
00F501DD000A016B
FF31FFE6FF180080
FF20FF91FF0E0071
0043001EFFEE00E7
FE87FEA001410007
FD1EFF99010AFFE7
FFF501D90105007D
01B9FEC8003D00B1
FFEC0063FF9DFEEA
FF62FFC7FDB7FF23
FF7D00110277FE71
00A1FF00FF6200D6
00BCFFE1FF200161
FE1A004B00260002
003CFEADFF65018B
FFBB00F101A0FE47
009E001C001AFF8E
020A004000C8019C
018601FEFE79FF9C
0032FF12FFFCFF11
012D01C8FF410162
FFFAFFA1FBA50132
FEE00142FFCAFFA7
00A7002D0151FE65
00D8FF77FF29FF85
0207009EFECDFFAB
FF25FE8AFEBA0046
009800EAFFF801CE
01C8014502120052
FF7A0035FEC30024
FF76FDCEFF16FFB0
006A01D1FFDCFFE9
010A024BFFFE01D9
FF09FFBCFED000A4
FEF7FFB1FEDA0070
004FFFDFFF610171
FE86FEF400F1FFCD
FCBDFFCA00F0FFD9
00AF01DB011E011D
018BFE91007C0040
FFD7000FFF5BFEF3
FF89FF55FD87FF74
FFE2FF9701D7FE9E
009AFEF8FF690081
00D0FFC0FEB0015E
FDFF005000830015
0052FEF9FF090147
003500E201B5FE61
00E00058003CFF9B
0204FFF900A9019D
0166011EFE4EFFA7
005CFF53FFE9FF40
015A015FFED101D9
0021FFAEFB8C0121
FEE5011CFFE8FF84
00AA007B0138FE43
0065FFE0FEBF0050
02370094FED4001A
FF01FE76FEE40058
00A50092FF5F01C2
018B01F4020100B9
FF870028FEDB0029
FF89FDC6FEF8FFC4
0096016AFF850021
00E50205FFCB01C0
FF1EFF91FEDB00B0
FF0EFFDDFEA60081
002FFFD9FF13010B
FEC9FF2D0090FFB7
FC91FFC200CC0027
00E501D3011A0162
018CFEB500F00038
FF6DFFB1FF0BFEE5
0026FF6FFDBCFF3D
FFF9FF1601B4FEA3
0045FEC2FF7DFFED
0155FFD7FEE9018A
FDF3FFE4004F0005
0007FEDBFEE60107
0019007800E7FE8F
00810014003DFFAC
01D5FF6D009401AF
010900D0FE56FFA9
0022FF1EFFE3FF09
0185009DFEA40215
FFD8FFD0FB9A0101
FF4A00CEFF99FF94
00FD006900C5FEB0
0084FFDCFEC50060
01D700E5FEC1FFFB
FF14FE6CFF80007A
00D7008EFF910172
01770210015900D6
FF860019FF3EFFD5
FF88FDE0FEF5FFE6
008A01C4FFDA000E
00CB01A700110167
FF1FFF1EFEFE00E3
FF33FFBAFE1900A4
FFBC001BFF1800F1
FF11FFBA009CFF9D
FC1FFFCC00A0003B
019F017601150166
013FFF8600CCFFC3
FF26FF0DFF01FEB7
002BFF2EFDE4FF49
FFECFF4C0157FF2D
FFA3FEB9FFBAFFB0
0142FFCFFEBF01B9
FDE0FFE200A1005B
FFD3FEC9FE8400EE
001E002800F1FEB7
00680050FFC8FFCF
01DBFF10009001B8
00BC008FFE2CFFB7
FFCFFEFF0047FED4
0205FFB0FE370281
FFC9002FFB1700C1
FEF600E6FFB8FF71
018C002400B5FE60
00BCFFDFFF3700CD
01C2007EFE73003D
FEF7FE4CFFA00055
01720070FF88012F
015C02B200E600C0
FF58FFCCFF36FF7F
FF57FD95FF130064
009B01E90035004D
00B10151003B0149
FEFAFEF9FEC3007C
FED1FF98FE1D010F
FF740022FEA30124
FF0FFFE8006CFF8B
FBA4FFB500E000AA
01F801950114018C
016D001A00F5FF6E
FEDEFE2AFF07FEBF
0092FF3BFDD4FF54
0000FFE2013BFF89
FFF0FEBFFFE6FF8D
01F20031FE3201EA
FDC4001E0103010A
FF81FE98FE8F008F
000EFFB7010CFEA7
00370078FF58FF70
01D7FEEB00D301B4
009DFFE0FE54FFF2
FFA4FEBD0007FEA3
01B6FF12FE720256
FF89008DFB1E0046
FF2F0087000CFF8E
014DFFFB00BCFE99
00C7FFC3FF9100A6
016800A1FE580042
FF1DFE87FF830036
0207003CFF9100C6
0100031B00F700DC
FEBAFF84FF30FF57
0011FDCDFF6F003A
008C0218003A007D
003E00E2007A00DC
FF1FFED0FF0C005C
FE93FF26FE710128
FEF100DDFEB600FB
FF14FFDB0088FF6F
FB33FFA900B900C3
0261015800FC0171
019F01000134FF07
FEF0FDF9FF28FEB8
006AFF3DFDE7FF7D
0006FFAF00E4FFE8
FFF3FF57FFE2FF97
015F00A9FDCB0249
FDD5001200D1012E
FF49FE74FE690013
002EFF310089FEC0
002DFFBCFF2BFFA4
01A1FECD00C001A3
FFD4FFCCFE800067
FF67FF6DFFCDFE24
01DCFE71FE49026E
FF40011DFB5FFFF0
FED2004A003EFFDF
0157FFD000D3FEDE
0081FF8CFFC1007A
01030061FE6C0028
FF71FE04FF780022
025B0067FFA900C5
0089030700FA009E
FEA7FF41FF02FEE4
0046FE00FF4D0046
00C601D20033007F
0006004900D30082
FF1EFE86FF01002C
FE59FEB3FE6D011D
FE8C00D0FE5A0139
FF49FFEA006AFF90
FAC8FFE8009900F5
029E013301060171
0192016B00B7FEF9
FE91FDB4FEEDFF21
0091FF3EFE16FF33
FFE0000300F9008F
FFCCFF79004AFF39
014E007BFD3D02AA
FE53004400F301A2
FF43FEB7FE8CFFB6
007FFF040063FEFC
FFE5FF90FE88FF7F
015BFEA400CF01A1
FF88FF95FE850077
FF57FF5C003EFDE6
0180FDE4FEB5023C
FF42011EFB6BFFEA
FEF50051FFD20021
0123FF7C013BFF52
007FFF23FFD50071
008B0043FE8C004F
FF83FE0CFFA2003E
028A001DFFAB00B0
004C034100C50024
FEC0FEF1FEEAFEE8
000DFE7DFF530044
006301A6FFC5008E
FFC5003400EB006F
FF4AFE26FEEE000B
FEBBFE5AFE3601D6
FE760127FE8000BC
FF8000700067FF79
FAF8FF8E0013010F
02EF011E00C6017C
014801AE00BAFE7D
FE9EFD1AFEECFF2B
0087FF81FEB2FF43
FF880058004B00ED
0016FF7700BDFF72
01610055FDBA0258
FE68006500E001C7
FEFAFEB5FE88FF43
0097FF4A0074FF7F
FFA0FF27FE47FFE7
00E2FE6600930173
FF21FF76FF57009D
FED0FF85FFFDFDC7
00B1FDACFF800210
FF5C00CEFBEFFF1B
FEF6002100010057
0105FF8D018EFFAF
0029FEF0FFC3006A
00600046FE9E0102
FFC9FE4CFFA6007B
027B00140068004E
0062027C00BEFFE8
FED8FF0BFEF8FEB9
000EFF04FF9C0045
0053015DFFF8001A
FF9DFFA30171FFD0
FF71FDFEFF3FFFEC
FEFDFE7EFE110223
FDEF0131FEDB00D0
0005005A0023FF98
FB68FF4EFF9F0159
02FD00F6003400BC
016601FF0082FE72
FE6DFCFEFE64FF7C
0095FFA2FF2BFF0B
FF6D0081FFE701B0
0061FFF800F7FF20
00D50096FDC501F5
FF250045008B019E
FE3FFF01FE79FEEB
006FFF430089001E
FFB4FF24FE38FFEC
00E4FE27008B00F8
FED5FF63FFC300FF
FEE3FFD90055FDB3
007AFD33FFF9011B
FEC70110FCD9FECC
FF2FFFB5FFC30035
00E0FFAA0229003C
FFDEFE99FFFD0017
000B008CFEF201C1
0018FF0FFFB400DE
0237FFE900B7FFFC
006D025A0111FF73
FED8FF23FEE8FE91
0084FF49FFA40024
0027013FFFF70082
FEEAFF5B021EFF52
FF50FDE1FF77FFB2
FF44FE06FEC40238
FD70012AFF390084
004E002EFFFF0002
FBEEFEF2FFB00108
02B9013700070076
01630248007FFE73
FE6FFCD9FE5DFFA3
0046007AFF5CFEC1
FF5300C8FFE00213
0025009B00E4FF5C
002E00AFFDA001CC
FFB000570038013A
FDCEFF3AFEA2FF3E
00A9FF5B00C6000E
FF81FEEDFDF6FFB6
012AFE360076011B
FF18FF38004100CD
FEC3FFE70071FDFB
FFF9FD660043006F
FE880032FD99FE99
0005FF96FF7D002C
0049002102F70078
FFBCFE62001BFF82
FFAC0072FEBC0217
002EFF89FF53010D
0231000300F0FFEA
002F02810153FFA0
FE90FEF8FF71FE52
00B3FFAFFFCC001A
FF970106003B001D
FEFDFF0701CBFEAF
FF6CFE17FF1CFFB1
FFE3FD8AFF2E0220
FD150160FFAB0081
0068001200350006
FCDCFEAAFFF3010F
027F00E8FFB4005B
0124028C006CFE6A
FE8DFD7DFE91FF92
009700C8FF54FE8E
FF0B00FAFFDA01B4
003C013200C4FFED
FFD70088FE1401B1
001B00E7FFBE00DB
FD77FF0EFEC7FF05
007BFF8500D9008A
FF3CFEEAFE3FFFD0
012DFE02007D013F
FF2EFF0B008B00CA
FE87FFA60087FDDF
FF97FDF700B3FFCD
FE730003FE10FE31
0036FFB6FFC00055
00180090035000CF
FFEBFE950010FEF5
FFD100ADFEE402EC
00500070FF480101
01C4FFA400FAFFD7
00BE01B5017FFF2D
FF06FF83FF6CFEA2
00EC004BFFF30002
FF1C0120007AFFEB
FE85FF2201F7FE3C
FF15FE33FF4DFFA2
004DFDCCFF57023E
FD3F0139FF9C0071
0081FFC100B6007B
FD25FE54FFA20095
020900FFFF470020
01B40266006EFE78
FE66FDC4FEA8FF99
005600CAFF84FEA6
FEE1015D004E011D
004C01B400B2FFE2
FF9C00FEFE44011C
007A006CFF5B0081
FDB0FF4DFF00FF10
003EFF81013900C8
FF7EFEAAFE89FF99
019CFE6900610164
FF9DFF4000BE00B2
FE6EFFD200C0FE2A
FF72FE5D00D3FF2F
FECDFF72FEE2FD81
00B2FFCCFFCB00B1
000400C403AB0100
FFD8FE040029FE70
FFFA0094FED403B5
00A70090FF0300D9
0196FFED01370017
0194019B018AFF54
FF3FFF79FF64FE7D
010C003FFF9AFFEE
FEED01680066002E
FE6DFEDF01C3FE5C
FF15FE67FF9BFF98
000AFDD8FF6701C5
FDD6010800550068
0023FFAE0098004D
FE15FE81FFCC008E
017C0133FF690013
01FF02340076FED8
FE47FEB1FF5AFFF1
007200A7FF06FEEA
FEAA018100530026
002B01C701140035
FFB000E7FE89008D
0093008FFF030017
FD8FFF61FEECFF69
0083FFB30232013D
FFC6FECEFEDBFF1C
021EFEB9003B01CA
0040FFA401040008
FE5EFF5F00AEFE1F
FF95FF210064FF64
FE87FF4DFF33FD93
0086FF40FFFD009B
FF7E00F7039F00B3
FFD4FDE30021FDC4
006A011FFE9E03C7
00F20076FE1F0061
01220022013400D0
021D014501E6FF4F
FF87FFFFFFA2FEFF
013C0068FFA6FF9B
FEF20191009E00C1
FE0BFEE70213FEAA
FEA0FEABFF2DFF64
0065FD8CFF8501A3
FE47012B00B30097
FF6EFF9300F6002B
FE55FEE80008003A
016A011CFFA80032
028002730098FF58
FDE2FED2FF66FFF3
00E200A0FEC2FEDA
FEFC017D0110FFA6
0015018600D8006C
FFEC013BFEC800F1
001B009CFEB2FFC4
FDCBFF2FFF45FFAC
00510021026C0103
FFE4FE76FEEAFF2F
0245FF2D003B0221
00AA002200B80031
FED9FFA400CAFDBF
FF8EFF7A0061FEEB
FE90FF4EFF4AFDDB
0086FF9800420115
FF43015203F0010C
FFC6FD95004BFD3D
00050114FEA203CA
00F400E9FDBC003D
01470048016C015D
020E00F50234FFA6
FFD1002DFF32FEBC
00EB0069FF87FF74
FEA70205008800B3
FE79FF1301B3FED7
FE75FF0DFF0DFF77
007CFE10FFC6017F
FE37014C00F20138
FF73FEF401650025
FECFFED90048000B
00F40152FF96001D
027B025A0057FF5D
FE25FF25FF730056
00630064FEBAFED4
FEA201E601D7FEDA
00B50187007E00CF
FFE10105FE930062
FFD800CEFE81FFC0
FDE8FF49FF910035
0056005102D0011C
FFC9FE8EFF1FFF0A
0300FF8E00C50235
00E9009E00BC002D
FEAAFF7000A3FD1B
FFDEFFC40066FF5A
FE90FF76FF52FDD4
0041FF9D0027010A
FF5A016403F70087
FFA6FDC90028FD10
00970116FEAE03C8
00CC00F1FD4AFFFE
014E011601880208
02BE00DB0290FF94
FFE4003BFF3FFF08
012100AAFF8EFF8F
FE8A01E7005200D9
FE3FFF84015AFF7E
FE12FF72FED1FF35
00A0FDE7FFBC0155
FE7B00DA00F301AB
FF12FE4B014E0047
FE75FEDA0091FF72
00D101C9FFFEFFED
02E6023F0061FFBC
FE41FF7CFF6D0032
0034004AFE1EFEE2
FE900265025DFE2C
00A5013400390100
000F014BFE7B009C
FF3D00B7FEE30015
FE39FF8F002000BE
004E00D102D60100
FFE6FEBDFF48FEE2
02C6001A00760298
00F10117007F0025
FED3FF330052FD11
0035007500D7FEC6
FF1BFFAFFF29FE57
0043FFFD001700DF
FF31015B036BFFF1
002AFE52003CFCEF
00A700D0FEE903A4
00BC007BFD020078
015D0139016A0254
032F00E802F50015
0089009BFF40FF60
0104007BFF81FF5E
FEA80274002B00C6
FE46FF8B011EFFBB
FDCCFFBBFE9BFF35
0073FE45FFB700FE
FEF1005801530169
FF3FFDF8015E00AE
FEEBFF1500D7FEE8
00E102150014FFCD
02EA019800840055
FE25FFFAFF310015
FFDD004BFDDFFEC7
FEB9022802B8FE3C
00BB010700360115
FFB80119FDFC0071
FEFA00E8FED2FFFB
FEEAFF6F005300FC
009D0183032500C4
0014FECEFF8CFF02
0336007000B5026E
012601710017001D
FF0AFF2F0039FCC3
0041011B0076FF33
FF44003AFE6BFEE2
00300027007A008F
FF52010E0399FFC5
FFF6FEB5FFEFFCF7
00CF00C1FF72036D
00AD0061FCA40004
012100F6013C030B
033400FD02EEFFE6
00CA00BAFF07FFEA
00DD0079FF83FF9C
FEF502290029007D
FEEE00280130FFDE
FD890001FEF5FF60
00AFFE7EFF7C009F
FF24006E010D01B5
FEC6FD90012D0095
FE5DFEFE00D7FE5C
009B02160083FFB0
02F801190071005B
FE480019FEF70027
000CFFACFDEAFF29
FEF30243037DFDE3
012400C3000B012E
FFDF0114FDBA0062
FEB000A8FEDA001D
FF51FF8F006F01F4
004701B90333008E
FFADFF17FFDAFEFE
030C00D20095022A
012A01BBFFC7FFE3
FECBFED20094FD11
009C018B009FFEDD
FF8F0053FE4CFF19
002E00740051007F
001000DE0340FFE0
0013FF120010FD50
00C200ADFED302E3
001D0049FD300083
016900BD01230339
0345010C03030075
00E7009FFF25FFFB
00ABFFE3FFCE000C
FF300244002C0074
FF3C005F00C20055
FD660075FF22FF45
007BFF58FF760037
FFBB005C015A015D
FE7AFD93010E0067
FE91FEE200C1FE51
0052021C00CEFFFA
02FF0085008E0078
FE7C006FFEF2FFC7
FFDAFFA0FD2EFFA2
FEC90278039FFDEA
00E40042FFFF0188
FFEC00DAFDD70043
FE7700EAFF75FFE0
FFE0FF72006401FA
003901BF02D0002C
FFFEFF410065FF3F
030700F800A201F1
015B01D3FF8D0025
FF34FEBA0090FD66
00F7025300B5FEEE
FF78004BFDAFFFD1
0024009D006B0014
001A00E702AEFF67
FFEFFF1CFFCEFDDB
011100BEFF39024A
FFE10026FD6C00CA
010B00E000FF037C
0372014802780058
010500DCFEEF00A9
FFC7FFEAFF2B0029
FF85024F002C0023
00430104004A0138
FD560083FEEFFFC2
007FFFA9FF4AFFBF
0044FFCD014201AB
FE33FDD40105FFB4
FE9AFF040124FE52
005A02170193FFEB
02A2FF9500CB00C5
FE55005DFF63FF2E
FFB0FF3AFD88FFBC
FF5F0222034AFDD5
0126FFE7FFBF0155
FFE7008DFE2200B6
FDE40076FF74FFAA
0004FF1E006B023C
004D01CD0291002C
0001FFA000E1FF2B
02ED01A600B701D3
014D023CFF0B003C
FF62FE770029FDE3
0189025E00D3FF9D
FF5800ACFD450069
0023011F002BFF7B
0022006401D9FF32
003CFF20FFD5FE48
014300D0FF71017F
FFC9FFD7FD9E00B2
014E009A00F6040E
036D0110024B005B
016600E3FF0200E2
FFA0FF84FF170041
FFDC022100820077
0043018AFFFC01E1
FD2800CBFEF9FFE9
0066FFE5FF45FFC9
00ADFFAD00FE0213
FDF1FE0D00C3FFE0
FE32FEA2011BFE76
0060018201DC005B
027EFF4300AE00DE
FE5F0062FF4CFED8
0038FED5FD13000C
FF860237032DFDAA
0090FF6CFFF50121
0023FFEAFE4C0099
FD93006FFF97FFB1
0031FED5FFD60248
FFFB01B102720016
000FFFE600C2FF5D
026A015700D401AB
00D20239FEE60016
FF71FE52006EFE11
0237025F009C0044
FFD300ABFC9F00CD
FFB1016B0004FF37
00B9FFE7015EFEB8
0030FFA5FFA2FEBC
01C40090FF2100D4
FF53FFA3FE5500CD
011A00C800B8041D
03200127024B0047
013000FBFED000B5
FF24FEF5FEDD0070
002601CB009B0067
00830194FFE50226
FD5300C2FF37FFCA
0014FFECFECAFFD0
012CFF54003E0267
FDC8FE120050FFA2
FDF7FF1D013EFEB3
00AE019801FA00B5
029FFEC800E700EF
FE40FFF8FF20FEBB
0028FED3FD130047
FFF9017E02BEFDE9
0090FF12FFB60114
00A1FFC7FE1700DA
FD6D00990029FFC9
004AFE8EFFB4021F
FFDD015F02140022
000AFFF000FCFF28
01F7015600AE01A0
00B601F5FEB2002E
FF41FE5200A8FE7C
02AB0220000700E7
FFE900B5FC450115
FFA901D8FFC3FED6
0134FFE000A0FE7F
0096FFDEFFA9FF25
01D70058FED5002A
FF3AFF19FEFC00C6
016900DB008003F7
02C301CD01F40030
00FA00A8FEEC0099
FF20FE94FEAF00CF
005C01A900CB004C
008E019AFFFD0276
FDBC0096FF260013
001E0007FE66FFB7
017CFF2DFFDD0231
FDE6FEBB0071FFA2
FD37FF19011AFEFB
0150016D021200DC
0223FEB10162009C
FE8EFFAFFF20FEDE
005CFE8FFCDA002E
FFC3015D0250FDF8
0061FED5FF9B0117
009CFF8DFE590131
FD650090006CFFF0
0059FE95FF9901E6
FFD400C30178FFB3
003E004500AFFF54
01BB0111010001C1
00B50193FE96004F
FF93FE5AFFFDFE92
03150132FFC0019C
FFA80118FBAF0193
FF4C01F0FFDCFEBA
017C0009000BFE63
00B50080FF7CFF6B
01ED0072FED5FF85
FED4FF5DFF4800C5
019A00C8FF9E03AB
0232023D023C0053
009B0084FED50020
FF1CFDF2FE8B0085
0068018400AC0065
00AB0199FFD50280
FE290014FF090040
FFD0FFC5FE09FFCF
00FEFF66FF4D0248
FDE7FEC00099FF61
FCDBFF5E0143FF12
0167017801940195
021AFEF301B50062
FE34FF0FFEC8FEA9
007EFEE3FD24004C
003B00CD01F6FE02
001FFEEEFF6000C5
00DCFF5AFDD6016C
FD0200AA00DB00A1
0036FEAFFF4D0183
FFD2004C00D0FF5B
00510064006EFF62
013E006600B701CA
0052011FFEB000B6
FFBCFE8FFFFFFE60
03B6008AFEB3022B
FFD70118FBDF0199
FF2B0188FFB8FECF
01F5005AFF63FE86
010200D3FF4CFFFD
01DF0010FF01FF49
FEECFF18001C00AE
01A800BEFF77030C
01B3026701C30057
003B0052FF4CFFE9
FF5AFDE5FEA900B6
0073013D00C30058
002C0178FFF80256
FDDCFFA5FEFF0053
FF69FFE2FDBCFFE7
00D5FF5EFF1201F2
FE7AFEE100CAFF8E
FC88FF4D00F8FFB6
01ED013001980196
01E6FF3901B8FFE3
FE3AFEA7FEAFFE99
00C0FEA5FD260055
002200A101A7FE1E
0000FEEDFFE4000F
0127FF96FDA401DE
FCEC0070016D011B
0009FE9DFF00019F
FFF5FFDF0010FEF8
0027005CFFD8FF5A
0165FF57009A01AC
003400D2FE7800A4
FFF4FE42FFBDFE2E
03B3000DFECA020F
FF850119FB770182
FEBB0127FFC9FF24
019B0069FF30FEE2
011F00F9FF690030
01570063FEDDFEE3
FEE1FEEC002F00D1
01C70080FEF60277
016B02D101BE0051
001A006FFF86FF4D
FF8EFDAEFE55009F
007A017800BB00A8
00280165FFFF0221
FE33FFC1FF35004B
FF24FFCCFDBD0008
007AFFC3FE9501DB
FE95FF1400F0FFB9
FC38FF9800F7FFA0
020600FE01410217
0157FF5301DFFF63
FE26FE1BFE87FE18
010AFED3FDAB005D
FFE7002E019DFE84
FFEBFED900570012
0148FFB6FD80026B
FD02003001FF018C
0015FEF6FE9B014D
002EFF5FFF8EFEB5
001D0044FF26FF9F
0175FEFD00880185
000E0077FEC200CC
005FFEC3FF4DFE33
03ADFFA0FEA30250
FFB5011FFB8C0129
FEA60110FFAFFED8
01840078FF2CFED0
010B00EDFF30004F
01250045FEBBFE7E
FEFAFEE4008E00F8
01ED00BEFEA1021C
00C002EC01790014
FFC0FFF6FF5EFF45
FF7AFD85FE4E005D
003201400085002D
FFFF0189FFB901E6
FE65FFECFF4C00CF
FEF2FF9FFD74FFD4
00640009FE53019F
FEF7FF4D00C6FF99
FB9CFF5F00F5FFA8
01EE00630135021E
0125FFD201F0FF3D
FDF1FDC6FE8EFE30
013CFE89FDE0001A
FFFC00DC0169FEE0
FFF9FF060016FFB5
01AAFFA1FD7B02C6
FD69FFDD0203022B
FFFEFF15FE7B00C7
FFC4FEE1FF57FEA3
FFAB005FFED1FFDD
00E2FEB600D300F3
FF87003EFEFB00E6
002BFEF5FEE4FDED
0373FEFCFE1F02F0
FF95013FFBB10089
FECC006F0022FF65
01DB0081FF19FF1E
01550096FF270077
00EF007CFEA6FEB4
FF07FEF40134009E
021E00BCFE73016E
00520305015CFFF6
FF71FF8EFF96FED6
FF84FDE3FEC60072
FFFB016B00430076
FFCD011A001B01A9
FE47FF6DFF980060
FED5FF7AFD510049
FFF8FFD5FE4A0123
FF4DFF4D006FFFA3
FB1BFF3A00A60026
02C2006E00F20230
00BF00300166FED5
FE52FD15FEAEFE26
0165FEA9FE34000C
FFFC011F015BFF6B
000CFF3B0081FF27
018C001BFD5102E9
FD49FFCB026F0277
000FFF43FE6F008A
FFA6FEA2FEEFFED7
FF9E0035FEFBFFEB
00CFFE6000DA0120
FFAD0044FF7000F6
0062FF41FEABFE15
02D4FEF5FE6B029F
FFE6011AFC36FFF2
FEF700540091FF3E
017200A8FF8DFF3F
00F70042FEDA0046
007A00B9FE90FF1B
FF6CFF3E016A0087
01AC0077FE9300E3
007702AF0173FFCC
FFDEFFB1FF66FEAE
FF88FEA9FEC3FFF1
00240143FFB700B1
FF1C00A50044018B
FE63FF5EFFBA00C3
FEF7FF33FD6B007C
0002000DFE6F009C
FFA2FF9200BAFFF1
FADAFF4D003900BB
02C4007A00C60209
0088004C0188FED2
FE78FD69FED6FE6E
01B0FEC4FE7FFFD3
FFD80189013EFFBB
FFF5FF450065FF20
00F3006EFDE20289
FE11FF5D018E02A7
FF4BFF96FE6A0046
FFE4FE74FEDFFEEC
FF60FFC8FE4CFFC9
0083FDF300A800D4
FF680033FFC800AD
0004FFC1FEA2FDFF
02A0FE61FE640278
FFC00123FC5AFF75
FEEBFFAD00D6FF89
011800900036FF9C
00A3001AFEDF0086
006F00C2FE85FF98
FFA3FF1701AA0043
01F5007AFEB20060
FFBA029201BEFF53
FF98FF8AFFB2FE70
FFC0FEF4FEF3FF6F
FF950150FF9300D7
FEA6001D00AB00E5
FE75FEFBFF930095
FEE7FE75FDD400DC
FF3E0060FE6B0059
FFFCFFE40083007D
FAD5FF7B005800A0
02C9009D004301E6
006B00DE015AFEBF
FEFCFD3EFEBCFEAD
0170FF5FFEC6FFA0
FFDB013301550043
0028FF9900CDFF2E
00740072FDF702D4
FE3DFF92017102B9
FF32FFB6FE36FFF2
FFC6FE43FF55FF93
FF8BFF3BFDF9000F
006CFDCF00AB0098
FF52001B00330117
00040048FE9FFDE7
0212FDF6FEB301F2
FFAA0114FCF3FF3A
FEC3FFC200CDFFD9
009200BB00BBFFCC
00A4FFD4FF1C0050
0024007AFE5CFFFD
000EFF5301D4FFDB
01CD0054FED7FFE1
FFBD024B01EBFF13
FF8EFFB3FF95FE76
FFD7FF49FF08FFA8
FF53010DFF9700B3
FE35FF9E011A0066
FEAFFE90FF6400A6
FF1CFE5DFE190137
FEB80036FE8CFFFA
00D7FFDE00AC00AF
FB0AFF23003300CE
029F0081001A0155
0098012E010DFEE7
FEB4FD54FE6DFF0D
00FE0003FF1FFF33
FFAF013B00F900A7
0026003D008AFF03
004100A6FE140255
FF18FFEF012F02BB
FEA4FFCCFE40FF6B
0004FE14FF81FFC4
FF8EFFA5FD9DFFAC
0059FD6000CA009A
FF32005700890133
FFFE00F3FF37FE47
0198FE27FEB4018A
FFAB007CFD8DFF44
FF24FFA6010B0025
004100DB017D0026
00C3FFA6FF240014
004D0031FE7E0096
FFE5FFCB01C5FFB4
017E0030FF3BFF66
FF9E02050224FEB6
FF8BFFC8FFF4FEAE
0025FF7BFF30FEEC
FF4F00DBFF9B00E1
FDFEFF2400F3FF81
FEF1FEC4FF9D0077
FFD5FE95FEB40138
FE500039FEB8FF35
0100FFA000CD00DB
FBD5FEC2007B00B6
029A00E3FFAF012E
005B00FB00D6FF21
FEECFDC0FE4CFF56
0091006DFF22FF3F
FF7100FB00620089
002500CA00EEFF3A
002E008CFE8001DE
FFA0FFEB00AE0215
FE31FFD1FE29FF79
FFD6FE5BFFE20058
FFB1FF83FD9CFF97
007FFD5C00E000FA
FF110071008E0144
FFA400D4FEF1FE61
015DFEA7FF250100
FFBC0063FE65FEB6
FF2EFFC100A8007F
FF60014B01C1FFEE
01020017FF56FFFB
00440057FE39011E
005D00310116FFD4
0167001AFF6FFF43
FFDE01C10258FE29
FF9BFFFF0073FEB0
00C7FFC5FF9DFEB4
FEF900E4FFEC00AA
FD0DFEF00194FEB1
FED2FEFDFFA20043
0014FEB7FEF000F1
FE58001AFEECFF66
010EFF8700F00131
FC33FEA4008F0075
024E008CFF5800BD
009D016B00EDFF43
FEA4FDFAFE59FF4D
009A011BFEF2FF0D
FF4E009600A1008E
002E016E00F2FF70
FFB10130FEBE0169
0008006A001501F5
FDF7FF98FE88FF54
FFADFEB50099002D
FFF2FF97FDD5FF38
007BFD5600EE0114
FF51006B00E400FB
FF9500B4FF75FE64
0103FEF6FF550047
FFE00021FEF6FE8E
FF7AFFF5010900D0
FF52015A02740049
00FF0000FFBDFEE9
0029FFDFFE4E01A5
000F0055010EFFE3
00D00013FF8CFF57
00810123028FFE17
FFEB005D003FFF2A
0128FFDBFFB6FE58
FED40134FFD30076
FD0FFEA0018FFEA0
FE78FEC8FF66FFA8
004AFEBFFF2200DC
FE05002FFF03FF40
00BBFF49013D013E
FCB7FF3A003BFFFE
01F5010DFF7B009D
0101014C0101FF15
FED0FE55FED0FFD8
000C0122FEEBFEE3
FF29008B00ACFFF8
FFCA01A80087FFA1
FF980102FEEA0123
00120086FFE700F9
FDE1FFA3FEE2FF79
000DFE9401E20093
003BFFA1FDC0FF0F
00CBFDBB011A018C
FFF7007300CA0145
FF6B00FAFFA3FE37
0079FF6FFEFE006D
FF8AFFA4FF86FE71
FF2EFF9E010800F1
FEA10171026CFFF0
00F1FF95002EFDFA
008FFFE4FE8C0229
00A70071000CFF7E
00B20067FFABFFE3
012A00BE0310FE07
FFA400570089FF5B
01930004FFCBFDF3
FE920177002500AE
FCC6FE9C014BFE8F
FE23FF21FF3FFF72
0077FE4AFF8C0082
FE1D004FFF14FF50
008CFEB1017700CA
FD03FF41007F000D
01EC011BFF960058
01FA01560105FF3D
FE87FEAAFF04FFEA
0047013BFE8BFE9F
FEBD00B60103FF82
0011021500F9FFBE
FFD2015BFEAE00DA
FFED0082FF540118
FDDCFF87FF58FF97
FFECFEA202B0005B
007DFF4CFDF4FEFB
0157FE34013A01BD
006600FB007A00D6
FF11004FFFBDFE14
006E001EFEE10028
FF55FFE1FF61FE4C
FF8EFF02014D00FB
FEDD01A302A9FFC8
013CFF3BFFDAFD6F
00A80044FEDA021D
00B2FFBBFF99FF89
00BB007700070064
01D900B60320FE63
FFA700310084FF42
01DA000DFF94FDEF
FE5001D8004900B1
FC82FED0015EFEBE
FDF4FECDFF01FF3D
0077FD6DFFE800C4
FE480043FF3EFFA4
FFFFFE9E019300B2
FD1EFF8900780003
01BE0185FF660037
025A017500C7FF83
FEA0FF7BFF3AFFF1
009600E9FE2CFED0
FEB600DF01B1FF04
FFFD026D00D9005A
FFA10174FE7700AD
FF1400C6FF6800EC
FE34FFD3FFA5FFD2
FFE9FEE70297003C
0064FF1FFE04FEBE
01ADFE4801670232
009F014A005800EC
FF18002EFFCDFDE1
00510041FF290007
FF57FF9CFF49FE88
FF45FF89014D012A
FEA601E10307FFBC
010FFF390067FD65
0077FFEAFF26020B
00B0FFE4FF24FF73
00DF0090000100B3
022A003F0336FEAC
FFE800850030FF60
01D50001FFA0FDB8
FE4802170025005F
FD15FECB00C2FF1B
FDB0FF21FEF1FF27
00AFFDAAFFE100A7
FE530019FF5F0030
000CFE55018100B1
FDC6FF9600AFFFE0
01BC01C9FF9EFFF2
0265010D00BDFF8F
FE64FFA2FF710012
0030008CFE0FFE92
FE41008D01D4FEC2
002A0225012D00D0
FFBD0162FE73006C
FEFA0095FF78012A
FE2AFFC1FFA50073
FFFCFF2D033700B4
0065FEFCFE4CFEC6
0236FEC9014C025A
012A013D000700B3
FF27FFBEFFF9FDC0
FFF90096FFB0FFDB
FF6FFFC1FF46FE36
FFBFFF7D016200ED
FEB7010202E1FF8B
00D7FF7F008FFCF4
006F001DFF4F0293
00A9FFEDFEA8FF80
00B4005B0040013C
02DC00720336FECF
004B00F90020FFF7
01AC0023FFB5FDE3
FE49021E000C00A6
FCD9FE9A00F6FF9F
FD51FF61FF22FEE6
012CFDEFFFEC00CD
FEC50067FF8E0063
0003FE1B015400DF
FDA7FFA800DCFF2B
01A3021A0021FFCB
027000F900B0FFD8
FE410030FF6C0011
FFFD0088FDE3FECC
FE5D00D502A9FEAD
000401B400A500DB
FFBC0190FE460005
FEA200DFFF35010E
FF1EFFA4001600CA
004BFF9F03110081
0080FF09FEB1FF1F
026CFFCE013402E1
00E301D4FF6B00F3
FF36FF69001FFDC5
007700B7FFD2FFCB
FFDDFF8CFEDCFE78
FFB1FFEA00FD00EB
FED9012C02BEFF7E
0128FFA10048FD86
0065FFF8FF6401D2
005BFFA5FE22FF94
00E10048004F018F
02EA004C0306FF2C
009600DE00790006
0133FFC4FFCEFE59
FE61021EFFEE007E
FD88FEB90066FFD9
FD44FF95FF49FF1A
00F7FE93FFE60071
FF24FFCB0001002F
FFB2FDEB015A0105
FDDFFF0A012FFF41
01A802120071FF9A
02B800A7002E004B
FE3E003EFED60019
0021FFBBFD83FF25
FE2E00C102AAFE98
FFDF012601100109
0023011EFE4CFF8C
FE6800B3FF1C0123
FF96FFCE00610139
003DFFCF0322007D
0045FEEFFEDEFEFE
029A004F010C02A5
012501C3FF5100F4
FF54FF13FFFCFE27
004C0160FFF4FF63
FFBFFFBBFE76FEAA
0004003D01100105
FF4100900270FF58
00C2FFDB0071FD3C
006AFF9AFFF301A5
0027FFCBFDF10048
00C7FFFB002E018A
030B004102A9FFAC
012600C500430086
00DCFFC8FFCFFE8B
FE6A028D0005002E
FE35FEF9FFF2006E
FCEA0008FF42FEFB
011EFF7EFFBE0012
FF62FFDBFFFE0093
FFB4FDBA00900102
FE1AFEB2014BFE65
011101E100DCFF37
0253FFD8FFC2004B
FE1D00ADFF25FFBB
FF90FF85FD8CFF75
FE3900F1026CFE79
003800E701000141
FFE400C0FE0CFF5A
FE4400F7FF6500F0
FFD0FFAD008D01B5
007A001D02FE003A
001EFF28FF3AFECC
02B200DF010B02B8
011C0215FF1400F1
FF84FF250070FE92
00E201C5001EFF8C
FFE50008FE16FF32
FFC00107005E00FF
FF4800860264FF3F
00E0FF850061FD7B
0067FF7EFFE400F9
FFCAFFBDFDBA0076
00CC0010002F023B
030E00A4029DFFDA
011800E400200095
008FFF74FFE4FF25
FE3C0295002E006F
FE7CFF79FFC2008F
FD29003FFEE6FF2E
0105FFBBFF680028
FFD0FF73FFEF00B4
FF99FDF0009C007B
FDE5FE71014DFE77
00F601CC0146FF22
0226FFEAFFF2007A
FE6B008BFEDFFF7D
FF56FF6AFD52FF82
FE3401140254FE31
005C00410102013E
00470047FE3AFF6A
FE1400AEFF3400DE
0067FF6100E80213
009E00400269FFDD
0030FF66FFD8FF6D
02740122012302AD
010C020BFF0600F3
FF8BFED60039FF19
00CE0221001CFF39
003CFFB0FDF7FFA6
000F0100002700B1
FF92009101DCFF49
00AAFF940007FE1F
00ADFF4DFFCD0094
FFDFFFADFE2900C7
0117FFEE0018021C
0342007401B8FFF0
01500095001800B0
000AFF4DFFA9FF95
FF1002A70087001F
FF3FFFF5FF6800E7
FD50007FFF9AFF95
0109FFFDFEC5FF75
009EFF5CFFD600FC
FFB8FE6B00250044
FE20FE91015BFECF
0087018201CDFF0D
01EAFF05FFD100A3
FE5A00A3FF48FF1D
FF50FEEEFD92FFFC
FE9E00F1023BFE31
0013FFE0010C013F
006A0023FE63FF43
FE6B009DFF7700C8
0096FEED00960225
0085001B026B0037
008600110008FFA4
024E0211013102D5
00FF01B6FF070120
FF89FEABFFC8FF87
012F0203004EFF0F
FFFCFFD6FD7BFFDD
001C0187FFBD0000
FF79FFF10129FF2F
0067FF9C0026FE71
0105FF45FFC40026
FFE1FFB4FE3000ED
012EFF8FFFEB024F
033B00DB013D003A
01350058FFBA0056
FF41FF26FF8EFFFC
FF000298006B0063
FFBA008BFF5D016F
FD3E0047FF92FFA9
00ED002BFECBFF5F
00F4FF19FFA60146
FF8EFECFFFE60031
FE08FE37019AFE8F
008B00FE01CDFF91
0183FEA8FFB2009A
FE8B0040FF1EFF30
FF9CFEEAFD4E0012
FF1C0122018CFEA9
0001FF9100F6010B
0049FFAEFE6AFF77
FE320025FF8C0089
0099FEF10097027B
0041000D0244006C
005D00170069FF4F
020101EE016D029B
00C101CEFF2A0138
FFD9FEB00022000E
01B501B20051FFCF
FFC0FFDAFCFB000D
003E01EDFFB0FF76
FF87FFA900D2FF59
0074FFD60007FEB0
00E5FF53FFBDFF98
FFC2FFE8FEB200FA
01A5FF7EFFF50262
02EC00E600EE001F
00FF0043FFA10020
FF1BFE75FF59002F
FF11028C00A30063
FFC800C2FF7B01BD
FD360085FF7A0018
01040045FE53FF78
012CFF05FFA3014B
FF7AFF12FFBE0033
FDF7FE3F01AAFF5B
00AC00EB01ADFFEE
0132FEDEFF9E002D
FEAE0039FF47FEE5
FFB2FF02FD560011
FF10013C0170FEA1
FFB5FF9B00AC00DE
007EFF3FFEA0FFBF
FE20005DFFE500AE
00E0FEC5003E02B9
003E00220233000A
0085009B006BFF2D
022401CA015C0254
008201F7FF0900EB
FFDDFE830044002C
02640196FFE700A0
FFB80020FC7E007E
002A01ACFF27FEF5
0043FFC5009BFF3F
007DFFABFFC5FF06
012CFF7BFFADFF4B
FF8EFF65FF0800F9
0190FF6FFFBF0294
02A301760094000B
0100000DFFDAFFDF
FEABFE19FEF50085
FF6301FB00CC008F
FFE90104FF8C01D6
FD96002EFF8DFFF1
00FBFFC3FDF2FF61
0154FF10FF53015D
FF05FF90FFB4FFF1
FDA1FE3C019FFF91
011F00FF020D006A
012DFEB30004002C
FE86FFA0FEEBFF1D
0051FEC7FD650033
FF52011B0123FED7
FF92FF0200BC0118
0101FF8CFEB5006D
FDF70069006700AB
005AFE89FFDE0255
0040002401C1FFA2
008C0107000FFF06
017F017401820244
00710181FEF50109
FFF1FE89FFFE000E
02A200F6FFA7011C
FFAE0023FBD000CF
003101BCFF02FED8
0052FFA50062FF3D
00AAFFA6FFA4FFA7
0131FFC8FFCEFF37
FF82FF33FF120102
020AFFBDFFCD028A
02640178002F004A
00BD0016FFB0FF78
FE88FDEDFEDD00A3
FF83022300D000B1
00420128FF5E01D3
FDB4FFE5FF69FF8C
00F6FFA6FDEBFFD4
011BFF18FF3C01BD
FF04FFEFFFB2FFE3
FD61FE4201BE0011
018100C401CD0105
00B5FEC80042000F
FE5FFF4FFED4FF14
00AFFE7DFD670019
FF8E013500A6FF03
FF93FF1D00A200E8
0152FF9CFEBF00F5
FDB3000B009F00C9
000FFDF9FF8F01FB
FFE7FF430108FFDA
FFF4014D0006FF1C
0113010501A60243
FFBA0154FF0D013E
0042FEC000140024
03050071FF3C016B
FF70006CFBBE00F4
FFA9011AFED0FEFE
00CFFF3B0053FFC6
00F7FFCCFF3EFFA8
00E5FFF2FF74FE7A
FF76FF2BFF6B00D0
0217FFCEFFA001EB
01760212FFF1FFEF
00E0FFBCFFF4FF3B
FEFDFDF0FEE300A9
0006022F00C500B8
FFCD00FCFF9201D8
FE33FF9EFF6CFFBE
0097FF0CFD86002A
012FFF4BFEF50160
FF5BFFFBFFD9FFD5
FCCAFE22015E0088
01B600D801B400A3
0077FF1F002CFFDD
FE40FECEFEABFEFD
00DFFEBBFDEA003D
FFC201B200B9FF96
FF77FEE3004F00DF
0167FFA3FEF30171
FDD6005A0127011C
FFE5FE5EFF5101B1
0013FF3F00C8FF2C
FFD8016AFF43FF1C
00B9003301A5020F
FFF400CEFF1A0129
000AFEEFFFC0FFF5
0302FF71FF4A01BD
FF0400B0FBAC00A1
FF7400D4FF14FEC3
00CEFF390069FFA7
00D2FFCAFF75FFD4
0109002EFF92FEFD
FFF2FEFBFF470074
02CA0014FF6A01BD
00A3025DFFAAFFA0
0057FF5F0052FEFE
FF14FDD6FEFB009B
FFDA020B00B000CD
FFD20102FFC00136
FE8AFF6DFFBBFF83
0027FEC1FD700054
006AFF8AFEEB0187
FF3C0075FFB4FFC3
FC80FE42016100DB
01D40070017400FB
0092FFD2004AFF5D
FE50FE49FECDFF0B
00F2FEB3FE72FFEA
FFE001A400A4002A
FFCBFF4500AA0075
01A20018FEA80236
FDD800040196015E
FF71FE95FF06012D
007CFEF40027FF49
FF8200FEFEA3FF61
00D7FF9E018C01B4
FF640037FF7E00EE
FFD9FF03FF6BFF32
02A7FEAAFF8B01EB
FECE00C4FBCD0019
FF490078FF22FEFB
00C5FF480062FFEE
00B3FF9AFF40FFE2
00A900A0FF66FF22
006EFF0BFF730056
02BE0090FF420185
001302B5FFE4FF2B
0018FF16FFFCFEF7
FF35FE2DFEF80065
0020023E009200E1
FF9A00DB00370140
FEBAFF2CFFB9FF8D
FFEAFE35FD74003A
0003FFA5FE9901CB
FF770070FFE20000
FBE4FE5E017B00E2
021A0031016E0114
007E0090004EFF92
FE38FD9FFEC3FF09
0134FEB8FE8AFF60
FFB00218009700B1
FFF8FF2500D10075
01A5006DFE7D026C
FE2F000501B901D2
FF62FE6DFEBC00E8
008CFE90FF98FF38
FF230134FE52FF5E
004DFF28017F01A7
FF61002FFF9A016F
002BFF3FFF26FF25
0275FE1EFF6C023B
FE5E00F8FC0B0024
FEFE0050FF42FE97
00F6FF6B0063FFF1
007AFF6FFEE4FFD1
005600C9FF79FFC3
00C6FF8CFFCDFFE8
02E7006DFF0D00BF
FF5202B3FFFAFEEC
FFFCFEF2FFB5FE3E
FF6FFE97FEEBFFDC
0003022C001B013B
FF560095006200AE
FEE2FF11FF74FF81
FFE7FDFEFDCB0083
FF58FFDFFE8B01C0
FF7E007CFFFF0049
FB7BFE1C01250187
021A00030111014D
001E00F3009BFF6C
FE52FD7FFE9DFED7
0159FF6EFEE2FF1A
FFE702A000350162
0063FFE000D00056
017100D7FE8502D0
FE8BFFDC02180274
FF21FEB2FE87009B
00C7FE97FFD0FEFD
FEF00100FE00FF81
0046FE7E015E0199
FF4F0025FFFB010F
006EFF8DFF4CFECE
0223FD90FF570263
FE0000B2FC61FFED
FF30FFF5FFB6FEBB
00D4FFA600E00032
0010FF3FFECDFF88
002600E7FF8C0057
0133FFE2FFEDFFA9
02BB0055FF440058
FF1F02C8FFFFFEBD
FFB4FEF1FFD6FE10
FF5AFEFEFEFAFFA9
FFB201CF00100131
FF03003100830030
FF5AFEF2FFBBFF9B
006EFD70FDE600B3
FE6F0024FE9C016F
FFD7008D001C007F
FB38FDA001570196
0283001400C0018F
00640162008FFF51
FE72FDBFFEC5FF3C
01D8FF78FF3AFF08
FFB002CB002B0122
005D005900E3004E
012C00A1FEA002EE
FF04000B01F302AF
FE63FF31FE5B006A
00F5FF060014FFEA
FEE10087FDD9FF80
0034FE3400D80186
FF270032005C012F
0074FFEEFFABFEDD
01F2FD37FFAD01E5
FD8A00BDFD0F0005
FEC8000CFFA1FEF0
006BFFAF016C0067
004AFEF1FEC2FF30
FFA40103FF67018F
01520092FFE5FF79
02210038FF98000B
FEF9029000A9FE16
FF59FF19001EFE27
FF8CFF68FF47FF51
FF2F01AFFFFF013F
FE7FFFB70160FF9F
FF2AFEBBFFD00006
0080FD4CFE7A0131
FDC6005BFED700F8
003D005B00AB00F9
FB4EFDAF01390147
024F004B00310160
00A301F800E9FF34
FECFFD96FE76FF5B
016D0030FFA6FE90
FFB50304004C018A
003600D60064003B
00CF0071FE9702BC
FFB7002F01670273
FE34FF2CFE2FFFDD
010EFF67003C0035
FF4100CBFD9DFF73
FFD5FDF700A4016C
FF0E003400E4011E
00B000C3FFCBFEFE
01D3FD22FFAC0172
FD940080FDAFFFE7
FED2FFFFFF9AFF2D
FFBA005D01CC003B
0066FF26FEAAFF27
FF74006FFEEB01F2
017800DFFFEBFF2B
01F0FFF5FFDEFFAE
FEF202A500CBFDE6
FFB3FF6B0089FE3B
FFD1FF89FFA8FEE9
FEE7016100690110
FE0AFF74017AFE8E
FF4FFEA7FF38FFE4
009CFD6BFF020194
FD4F0039FF510021
0047006901020130
FC04FD7B010D0171
0232003BFF9C0112
008702280082FF2A
FF3CFDE9FE97FFEC
015100D0FFACFEA5
FF8002F000480102
004E01A0004D0026
00410085FF1602AC
00810061011001ED
FDB5FF5CFE63FFD9
00E7FFAF00B0FFF2
FF7D00ADFDADFF30
000DFD9400AE01B4
FF68005200E40098
00C300DBFFF2FF1E
0157FDABFF9D0108
FE150016FE1BFFCC
FEFCFFDB0000FF6C
FF1400D7027600AA
003AFF0AFE8DFE9B
FF7300AFFEE001E8
019500F1FF40FF4E
0178FFD50005FF79
FF5A0244013BFDCC
FF71FFB100BEFEC9
0019FFEBFF92FE78
FEB001410083012C
FDEFFF4B017DFDF9
FF7EFF10FF73004E
00F3FCDEFF3E01AD
FD1F0062FFAA0041
006C0017016A0125
FC2CFDD6010E0132
01E7002BFF8F010A
00F902010098FF4F
FF44FE5DFEA4FFDB
01090147FFD3FE7A
FFDC024700410042
00020252002C0048
FFDC00FCFF6D024B
00960065001E0145
FD1CFF37FE47FF95
0103FF5601510064
00050083FD7DFEF3
FFFCFCD800D601F8
FF610034013A00F2
00870108004DFE8A
012DFDE4FF1E00CC
FDA3FFACFEE8FF68
FEF1FFABFFF8FFF3
FE75013D031500A4
002BFED8FE5FFDF1
FF8500B3FEA20309
018B0148FEEBFF00
01000065002EFF64
FFD801F1018AFD84
FF3500230069FEA4
00E1003BFF8BFDCA
FE3C01AC000E013C
FD84FF4D022CFDD8
FF93FF1FFF1B0039
0111FC88FF5401F2
FCC70059FFB90027
0040FFC701D50136
FC9EFE6B011A00A3
01F500B4FF9900F5
012702A100EDFF34
FF4EFE23FEA5001A
00D301B6FFC5FDDB
FFB901F900C60010
FFEA028A003C0027
FFDE0131FF3D0246
00C80064FFF00105
FD3DFF65FE87FF6D
00B6FFD302280097
007E003EFDBCFEEF
0049FCF900C50240
FFC20088012A00F2
00350119002BFE5F
0123FEC0FEF50075
FDE5FFD3FF67FF14
FE8CFF8D00770037
FDE40183034B0031
0036FED8FED9FD91
0007007DFE8702DE
018B00FFFE56FF0E
00D400AF0061FFDE
00AD015201C2FD86
FF00001A005AFEAF
00E8004BFF40FD9B
FE2A01C40029016B
FD51FF7E0207FDFD
FEF1FF9BFEE10033
00F2FCA8FF1C017F
FD390050FF990072
000CFF4E023000CD
FCDAFED801590087
01C00109FF6D00B5
016602B00104FF3B
FF42FE90FF0A0026
00C401A5FF44FDDD
FF6E020A019AFF48
001102ABFFF30027
FFCD0152FF0D021F
004A0069FF7B0101
FD3AFF34FEA3FF30
00F1FFA402B9008A
00620005FDBFFF23
009BFC8500CF025D
007000B00103010C
003700E80098FDB4
0101FF6CFE180040
FDF3FFE2FF97FF10
FE67FF1900AF0050
FD9E01E10385FFF7
0007FECBFE9FFD91
0013007EFE7C0320
01BE0104FE13FF04
00BF0165006CFFEB
011F00EA01F2FDB6
FF3B005F0044FE97
017D006FFF23FD4A
FDFB0221001E013B
FD37FFA401A3FE4A
FEFF000EFEE0003A
00FAFCABFF4F01AD
FD5E003CFFC1009B
FFC8FE9E01FB00D4
FCDAFF26015200AE
01AC0184FFD80088
019502760119FF14
FF53FEF3FF5CFFFC
010B01C0FF18FD99
FF4201830243FEC4
001202920018005B
FFE60195FF3E0200
FFEB00A0FF88011B
FD4EFFD2FEF7FFB8
00B3FFEA030900C1
00B5FF9BFE96FF0D
0139FD0300E20242
00EC00AC00D300DA
FFE500C200FCFD75
00F0FFE5FE2AFFDD
FE1A0008FFCEFE95
FECCFF490114002B
FD9D01D603B1FFCC
0011FED9FF35FD55
000F009AFE7102FD
015900BBFDDCFEC8
009C012500670031
01CB00C70245FDD3
FEF20064FFD8FEFD
017C0077FF26FD3C
FE3B02310012012F
FD81FF8E01B4FE99
FE8B002FFF10003C
011CFCB4FF980138
FDAC005DFFA300B9
FF77FEA501DC0084
FD4BFFCA01600062
015C019BFF8C0099
01F6027C014DFF2E
FF6EFF41FF750038
0101017FFEBAFDC4
FF50016502EAFE97
00430241001E00A0
FFAC01ABFEFE0193
FF9B00B0FF4200CE
FDDFFFEDFF1BFFDC
0016FFA0030300B7
0088FF72FEE1FEE0
012CFD7700F9027A
00DF010100C800C6
FFF500800109FDA8
0111007EFE3AFFF6
FE84FFDEFFCEFF23
FEA3FF820172008C
FDB101A30395FFB9
0009FEA3FF35FD41
000F0045FEC002C2
0133002DFDF5FED2
008D011C00220081
01DC00A00269FE72
FF2B0083FFCBFF26
01A50072FF83FD8F
FE0F01D5000D0108
FDCAFFA70146FEFB
FE360039FEE40032
0109FCF0FF980141
FDF4FFE6FFB40074
FF45FE6902010066
FD7FFFBD0150003C
014101E60001008A
0237022C0142FF48
FF35FF8EFF79001A
00D7012DFE82FE30
FF80015402E3FE08
00210216000800B8
FF90016AFEDC015B
FF6200B1FF9C00E5
FE42FFBFFFD80056
00020066037D00B0
00B4FF01FF27FF69
0198FE4700D70287
010F00EA003F0057
FF9D007B014BFD5E
00C300F9FE7BFFA7
FE970046FF17FF36
FEC2FF7F016300CB
FE2E01260376FFCF
FFE7FF39FFACFD83
FFF50059FEF00284
0043FF99FDC4FF30
007D00DD00BC00B9
024100C6026BFF54
FF240068FF81FF88
01670031FFC3FE2D
FE4001C600190075
FE7BFFA500F4FF9E
FE160047FEF20038
0105FD6CFFF000EE
FE0E008400020096
FF0CFE230151004D
FE0F000A0160FFBD
015B025DFFDB0014
021B017600E8FF43
FF66001AFFA3008F
0044006FFE57FE91
FF18018803A3FE55
007D01F400340061
FFA10107FE470149
FF2B00DEFF610099
FE9DFFB7FFEB007A
FFD500A40370006C
008DFEA2FF76FF78
0188FF0100E50299
00E7010DFF8B0086
FFC0003A017BFD75
00D200FBFF10FF82
FF190072FE76FF67
FEC7FFE2010D0124
FEAD00C20306FF69
FFF4FFA4FF7EFDCE
FFF20009FEE1017C
FFBCFEEEFDA3FFB0
008800AE00E9010E
020200A40270FF96
FF3E001AFF820036
013C000AFFB0FE66
FE9901710002007D
FEB2FF9F01180084
FE590061FEC9FFF4
009FFE1BFFD800CF
FEA20078FFBA00C7
FE92FDEC01600072
FDE8FFE90163FF80
01050238002D000B
01F000D100B1FF5D
FF39005DFF1E006B
00180050FE47FF19
FF4F01690320FE23
FFFC0132006D0067
FF93006CFE31010F
FEB400F6FF3B005D
FF41FEFB001100CC
000400BD0363001C
005BFE46FF7EFF63
0191000400DB02A7
00370144FEA200BE
FFAAFFB20196FDB4
00E501E2FF330003
FF940065FDCE000A
FEC5005900ED00A9
FF6600150291FF41
003AFFD0FFB5FE3A
0098FFDBFE9200E0
FF9DFE2FFD91FF59
008C00C400DA01C0
021800C40299FFE0
FF39FFA5FF5A0066
00DAFF91FFBEFEEE
FF3E015EFFD3002B
FF43FFD900D300E2
FE2D0000FF54FFC8
000FFE68000B003E
FF430051FFBD00F2
FE00FE2D00990084
FD75FFB100F1FF87
010201D300CE0015
02000012003CFF73
FF3F00FDFEA30017
FFE2FFBDFDD8FF9A
FF6E00E0031BFE87
007A009B008F0046
FFC2FF70FDEC00B0
FEE500B2FF70000B
007AFEA3FFE9012A
000A0089030B0018
005DFE590044FF4D
00F300F6013D026D
FFB601A8FDD900CC
FFF7FF59015EFE3C
01A901D3FEF900B7
FF89008AFD4D0051
FEB5011200A80090
FFDBFFD8014FFEF4
0002FFF5FF9CFEB5
00C2FFE6FEE5FF91
FF00FE1DFE45FFA4
00A200A500C2021E
025500CA024F003A
FF6EFF78FEAC0020
0042FF36FF67FED4
FFD3019B00150059
00300019002A0193
FE1C0064FF82FFEF
003FFF7EFF54FF5D
FFDD000FFF440115
FE1AFE4DFFE30014
FD59FF3100E5FF98
016101B000EB0003
0151FF9500430008
FEF70098FECAFFB4
FFB0FF96FD840013
FF37007202A9FE5C
0026FFE500610054
FFF6FE57FE13003A
FE5D0110FF650022
00B8FDFD004B016E
007300740320FFFF
0060FE9A0072FF39
0114013C010C029C
FFE70206FD9C00F2
000BFEDC019AFE46
020D020FFEAB0100
FFD900A4FCFC00A9
FF35011C000DFFFA
003BFF7D00D3FE70
FFBD0042FF70FF0D
010CFF66FEF9FF05
FEBEFE0DFE35003C
008300EC00890232
02B600F00230002B
FF8FFF53FE87FFE9
FFE1FEB9FF6AFEF1
002501930063FFF0
00660070FFD4019C
FE1A006BFF6FFFF5
002AFF8DFF07FF56
005D002DFEBB01D7
FE45FDE3FFBEFFFB
FD52FEDA00D5FFB4
013C018101630030
0153FF0200900005
FEE000B5FE4FFFA0
FFEEFF38FD690019
FF3F0005028DFE22
0009FFA200A3007A
0008FE44FDAC00A6
FE150159FF7C006C
00F8FDFA00250194
0095008802EE0020
005EFED200EBFF5D
017D01D700F602C5
FF5901DEFD2B00EA
FFB1FE6F0174FDFB
02D501EEFEA3016B
FFAC00E2FC83011F
FEFA0145FFCE001E
00D4FF99FFEAFE85
0026002DFF9EFFCA
0118FF73FF18FEAB
FEBAFDABFE950065
00D700BE00B2022F
0298013101DC008B
FFE1FF2BFECDFFCA
0043FE12FF11FFE2
005D01C100AB000D
004800E7FFBB0200
FD970006FFB0003A
FFF0FFD0FEB1FF36
00FAFFB4FECC0167
FE36FE55FFABFFC0
FD1FFE6F0096FF90
01D001CD01680085
01E6FF8D00D6FFCA
FE67FFC0FE55FF54
001AFEBAFD4D005C
FF4A00320284FE2C
FFB3FF1500D50037
0095FE1CFD700093
FDB901600042006A
00CAFE5A003401CD
00E700BC0259003A
003DFEFC00B9FF5D
0160019B0083026C
FFA501A4FDBD00D5
FF68FEA00176FE2D
029D016BFE4B01B1
FFD00090FC92009D
FF9B0133FFA5FFC9
00FCFFB1FFC1FEE9
00260039FF7D0017
00EAFF03FF17FE8D
FEBEFDD2FF3000FF
00E000AB006201F8
02B6011C017E0048
0024FF1CFF4FFFB1
FFCFFDEAFEEA0040
001501F7009F0029
007F00E4001801DA
FD660019FF610090
FFBEFFD4FE39FF79
00EDFFD8FEED017B
FE96FEA4FF78FF90
FD52FE5F0071FFB8
019301810177008A
0155FF2C007DFFC0
FE64FF89FE34FED1
0011FE8BFD5B006A
FFB800B10229FE4D
FF85FEFD00FDFFFA
0065FE19FD880086
FD7200F2002D0085
0073FE3F0009017E
00C700770235FFDD
0059FF7900AFFF99
0118011300A102C5
FF3901CCFD6500F2
FFA5FE66014BFE3A
02E30030FE04020B
FFA300C0FC7200A0
FFA800FCFF6CFFDF
0120FFBCFF50FF04
0047003BFF190047
00F5FED9FEFDFEF4
FEA6FDDBFF5200F8
01760044000D01B3
0285017600F700CB
FFFAFED8FF5EFF2B
FFDBFDBDFF3A0088
0064023100680052
001A00AD005901A2
FD85FF7AFF40FFF5
FF8BFFDBFE29FFEA
0044FFAFFE720140
FEFCFEC1FF85FF99
FCDBFDEB00AFFFAA
01E701470184011E
0135FFCD0022FF0F
FE27FF0BFE0AFEEF
0001FE8FFD7D0050
FFDA00E701C0FEA3
FF33FED900E0FFC7
00D5FE45FD1300B0
FD96012A009F00E0
0081FE35FFDC015C
00B3002E017CFFC1
FFF4FF84007CFF94
00E7010700980294
FEC50186FE480129
FFC7FE4E0112FE38
02CDFF7DFE27024F
FF930079FC7300A1
FFA000DBFEFEFFF8
017FFF71FF5FFF8F
00A6FFC7FF8D0049
00B8FEF8FEBEFECD
FEADFE4DFFB00125
018B0040FFDA01D8
01E8018900A10099
0015FE64FF79FECA
FFEEFDBFFF540102
006E021B00500044
0023008200B30117
FDA3FF7DFF78000F
FED8FF7EFDEE000C
008C0003FE96011B
FF63FEF0FFFBFFEC
FC7DFDFB001A0022
01F6010401890143
01380021FFAFFE9A
FE1EFE4AFE0BFEF3
005EFE91FDD00094
FFD1017B0119FF4B
FF1BFEE6010EFFC4
00EDFE23FD3E0110
FDD3009A00DE014A
FFDDFE93FFCD00AC
00BB0023008B000E
FFABFF6B0014FFC0
0051001500090282
FED500FBFEB7012D
FFAAFED9008DFE58
0263FECEFE3701DA
FF900054FCDF0010
FFF70049FF23FFBE
01AFFF34FF8F0003
0045FFAAFF4100AE
00B9FF71FEF6FF31
FEC3FE34002C00C5
01530099FFB50177
01620135003EFFF2
0031FE3B0084FE8D
FFABFE72FF3A00DB
008C01B200300044
FFE9004F007700DE
FDA3FF5BFFE3FFEC
FE8AFF39FDAC008C
000100A5FED50151
FFDDFF4DFFC3000B
FC6AFDF5FFD8006E
01A7004A018C0111
00BC0020FF57FE54
FE5CFDC8FE05FF98
004FFE93FE8B00F0
FFE901E400FD002A
FF32FEF600F2FF51
0090FE89FD540140
FDDAFFF700B801C8
FF97FEDFFF25003E
0084FFA0FFF2FFD5
FF60FF2CFF67FFBA
FFFAFFEC006F0214
FE3200A9FF690116
FFCCFF45004FFE1B
0247FDE3FEBE020B
FF59002EFC84FF56
FFD3FFC8FF29FFF9
019AFF4E0009006E
003AFECDFF2000B2
003EFFB7FEFBFF7A
FF77FED6006600D2
01E700A7FFEB0122
0079010D0029FFD1
0049FE490049FE43
FF96FE7FFF270080
005801DE001D0079
FFA5FFF201010099
FE18FF2FFFF1FFEA
FE4FFEA1FDBA00B2
FF4D00E3FF3E013E
FFFCFF7FFFE3003B
FC12FDE8FFE800E6
01C6FFE701710113
00BE0152FEF9FE00
FDDEFD53FE1BFF59
00A1FED1FEF700AC
005E01F100AB00E3
FF78FF300111FFAE
004CFEF4FD48018D
FE22FF9B00D10209
FF03FEF4FF2CFFF1
0128FF61FFB20046
FF15FEEDFEE6FFB6
0047FF66005A01D4
FDDE011EFFD00194
FFA2FF7D0026FDFE
01F9FD0AFEBC0246
FEB2FFCEFD36FF55
FF65FF52FEE00038
0153FF6700150088
004DFE6BFF0800BC
000F0016FEE90015
FFF4FF54002C00B7
01CA012AFFF900E3
001601320090FED0
0012FDDC003DFDC5
002CFECFFF4F007C
002201AAFFC8006A
FF08FF47013C002F
FE7FFED10018FF9E
FE50FDF8FDE500FC
FEED0125FF2F00DF
00B8FF3AFFE50077
FBE3FD83FFC400D7
01DEFFB7011B00F5
009C01FDFEE2FE13
FDE1FCA6FDFBFF1B
00B8FF74FF490018
FFD7025A00950176
FFD6FF6500EFFFC6
00AFFF49FD2601D2
FEB3FFF4012302B1
FE7CFF2BFF2CFF96
015EFF68FFDA0024
FE88FF5CFE4EFF45
0050FECF004101EE
FE2F013A003B0149
FF9CFFA10001FDF1
01A6FC6DFF09021B
FE53FF8AFDDFFF1D
FF6FFEEDFF22001D
00ECFFDA00B20144
FFFFFE0CFEDCFFBA
FFCC00B1FEE6013B
00AD0007FFFB007D
01E9008700080014
FFBE01B300F2FEA0
0035FDEB0070FD90
003AFF9BFF35FFDE
FFD30177FFF3009F
FE7AFEF5014AFF50
FE85FEBFFFFDFFE7
FEBFFD3EFE2700ED
FDB50182FF4E00A2
00F9FF550072009A
FC34FD03FFAE00F5
01C8FFB600D3014B
00B8025CFEEAFE5E
FDD4FCD8FD99FF82
00E0FFF7FF6CFF80
FFC002A800870138
0009001800A30034
0023FFAAFD8601E4
FF43FFF8010E02B4
FDDBFF59FEBAFFBA
0137FF55FFE9005A
FEB1FF89FDABFEF6
008BFE1D007A01E1
FE6800CB008E012E
FF9CFFB7001AFE28
0116FC52FF8B017F
FDE0FF56FE65FEF0
FF52FEF4FF170059
0054004C010F00D1
00AFFE46FED1FF4E
FF9400B4FECD0222
014A00C9FF90007B
01E6004D004BFFD4
FF7101AB0173FE83
FFE5FEC30095FDAC
00B7FFB6FF74FF96
FF3C01A0002400C5
FDE7FEAC01D1FEF5
FE91FED2FFCDFFB9
FF30FD3BFECD00FE
FD3F012EFF5D005C
00EDFF5200EB00C2
FCB3FD31FFFC008C
01E8FF8E00860174
00F502C2FF01FE8C
FDC5FD2EFDC7FF50
00DD00E5FF6BFF28
FF7901F1006C011F
FFCA00D00079004F
0033FFF7FDF601B0
FFD1002700CD0240
FDB2FF59FEDBFFCC
016DFFB300110069
FEE1FFCCFDBFFEEE
00C3FDF4004001D5
FF4400E100E700DC
FF9700110005FE38
0147FC8CFF710145
FD51FF46FF10FED1
FFF2FEC9FEF60019
0006008A0187011B
009FFDFEFF38FF2A
FF8700F0FE8A029F
0126014EFF2CFFCC
017A005E0038FFC6
FFAC01BA01B4FE5E
FFDCFF0700FFFDBB
00A60004FF6FFF52
FEDA019C00490082
FDB6FEA4017EFE5E
FF0BFEF0FFCAFFDA
FF85FCF4FF680140
FCD3014BFFB80079
0108FF4A0168012A
FD64FD3EFFF7007C
01B3FFBB003F0170
00EC02D3FF3BFE8A
FE66FD71FE1E0018
00FE012EFFACFE9F
FF150228008200CB
FFD9011D002D00A9
000D0059FE62021F
003D003B006201E1
FD0DFF53FE97FFB5
0130FF6A009A00AE
FF190044FDA7FE98
0119FD6100A1021D
FFCA007C018900CE
FF5CFFEB0058FE34
00D9FCE0FFC5008F
FD97FEE3FF81FE53
FF8AFEF9FF680042
FF5500DA021A011A
00B2FE31FF06FEAE
FF7A00D1FE2203B5
01DA0210FEC3FFB7
013FFFF300A9FF8C
FFE901620235FE0B
FFBB001400BFFE16
00F1001AFF8CFE6E
FE3E0259FFF70103
FD37FEBD01E1FDFC
FED7FF51FFBC0047
FFE3FCDFFFAB018D
FCDF0108FFCF00B3
00F7FF06023A0159
FDACFD540031003E
0192FFD8007A017C
01AE03170024FED0
FDF7FD80FDF8FFD2
00C40193FF31FDA0
FED4016100BC0087
FFCE0231FFCC008E
0038013BFE80016A
005D002B00060173
FD42FF5FFEE30005
010DFFEA013F0072
FFB4000CFD9BFE35
00FCFD44007E021C
008F00C701BB00DE
FF8CFFFB00D1FE5F
00CFFD19FFAA0084
FDDDFEE1FFE1FE4D
FFB8FF34FF520084
FF72011102B400F7
0124FE16FF76FDAF
FFD00068FDF80439
01AF01C1FE97FF4C
009C004100C0003C
006500DC026DFE33
FFC600800130FE63
00E4FFD2FFBBFE7C
FDD00230FFEC0122
FCEAFEC701CFFE1E
FE9EFF70FF450027
FFCFFC97000C01C6
FC8800FCFFF800D3
006EFEDC025E0111
FE14FE190018001B
0154006B00650173
02150293FFF7FE5D
FECAFE59FE88008C
0072018BFEE1FDCD
FEAF016700E1FFE0
00030288FFCF00E4
007D014DFEE701A5
00140063FFC200E2
FD65FF83FF250075
00C7001001D1006D
FFC60094FDCEFE68
0163FD5100CE0236
0100014901D700B1
FF85FFC000E4FDED
00AAFDF2FF7E0041
FDBEFF430027FE5C
FF11FF4F00250057
FEDE012402D300C5
0084FE1FFFB1FD1F
FFCD0096FDD9044F
01F40242FE75FF3D
00A40080009B00CD
011200980282FE3F
000900E90070FE9E
00FE0021FFCBFE1B
FD820280FFD20105
FCF9FF3F0197FE99
FE48FFB9FF8EFFE4
004DFC9A002901B5
FCF700B7000900BE
0038FE6D029800FA
FE07FE970088FF66
017900840084014D
025A02D5006EFE7C
FF3AFE6FFED80078
003001DEFEF8FD9D
FEA401AD0192FF97
00530240FF47013B
006101BCFF170111
00070075000000F3
FDA5FFABFF5E0040
00E9005502010035
FFC40058FD97FE47
0162FD3500DD0206
018701630177003B
FF74FFAE0102FDF4
00E9FE9DFF2B00A8
FE17FF45FFC8FE78
FF07FF5D0090009C
FEE5016D034F003F
00D7FE67FF84FD33
0002009DFE1B043E
018C0165FE68FF0F
00580098006400DD
017C006802BCFE4D
FFCE00FC00C8FF03
00CAFF9FFF9BFDCB
FD7202BEFFA60151
FD66FF96017AFECB
FE05001CFF2C0022
004EFC83001301BA
FCD2004BFFFD0103
FFC5FE97028D00FA
FE76FEC4009FFFB4
0143010E008500FB
02D1022900D8FE60
FF5FFEFCFF38008F
004C01AEFECAFD59
FEAE01770212FF66
006D029DFF7A011E
0082019CFEEB0166
FF8700D7000600CA
FDEFFFCDFF6100E5
0071004002340049
FFF70013FDE3FE7E
01C0FDD401070202
01A701A20175001E
FF7EFFFD0169FDA2
00EBFFACFEEE00AE
FE92FFD5FFAEFED2
FEE3FF7900A500DD
FF69015003600035
00C0FE88FFE6FD42
001E0050FE2503AB
011A00E4FE1EFF30
006E00F300430194
0182003202BDFEE1
003C00F00066FF63
00C4FF9C0009FE94
FD5D0270FFFB00F9
FDF20036016AFF5D
FE250016FEF3FFCD
0024FCCA006801AD
FD920001FFFF0109
FF97FE58029300DD
FE57FF240102FF85
010901C4007900A4
02D701D900DBFEB9
FFC5FF74FF7700B4
00400144FE98FDB9
FED101AA02AAFEE6
0096021FFF9D018E
00890131FF0D0136
FF9600FE005500B9
FF2B00320087012C
0075008D0294FFAF
FFBA0026FE3CFEB6
01F8FE700116020A
01FF01EE00C4FFE7
FFB2FF820128FD9B
007D00AEFF6A007D
FEB9FFC4FED3FF41
FF05FF5D016800EF
FF89013D0356FF6D
00D6FF45FF8EFD5E
0049FFE7FECE033E
00DA009BFE39FF88
005300F1FFD9014D
0260009602F6FF98
00B8010E0045FFE4
0128FF670043FE70
FD8102C4FFD6004C
FE71008C00790003
FDFA007DFF36009E
00ADFD9D00290121
FE03FFAFFFED0061
FF74FE1901F100A8
FE98FF220140FEB4
0119025A00880016
034801550122FF58
FFEB0049FFF0007A
001700D0FE17FDDB
FE6501A50345FE41
00F201F7FF2E01AF
00010190FEAF008E
FF1A0167003B0115
FF12003400F801E2
00A0010F0295FF5C
FFE6001DFEBFFEFB
0278FF1200DA01F0
020301ECFFFDFFBD
FFBCFF450167FDA8
009D01B3FF640052
FF050041FEC5FFFD
FEDBFFCF01860130
FFC2012302EEFF8B
00DCFF85FFF3FD35
0026FFD3FEF202E2
00100006FDDFFFA5
006000CB00570194
02BA00A703000012
0083011600600095
00B7FF330020FEDB
FE1302DDFFEE0038
FF3600E9002900A4
FDB800E4FF3900E2
00F6FE68009100E5
FE46FF80FFE700D4
FED6FE5701A80082
FEC2FF37015CFE3B
0151028D00950049
0340004800FFFF96
007000E3FFE80060
FFE60058FDDDFE26
FE4401F403B6FE30
01010167FF68016B
001500DEFEA3002D
FE8F017500190097
0008000501270276
FFEF00C702FEFF5E
FFDA0005FF32FEE2
02CEFFD900F301B8
026001CEFF84FF53
FFBEFEC40155FDB4
009A02CAFFA3009F
FF0900E3FE3C0050
FEB1004601C40105
004700C50271FF64
00A1FF8A0037FD3B
0044FFAAFF4601FC
FFA6FFC5FDACFFFF
006100FA00540253
039900BE032E0069
00AB0151FFB60166
0043FEAB0025FF29
FE8902CE00180029
FFFA01D1FFA001CD
FD4200E4FEF3013D
0142FEE80054003E
FECAFEE8FFE80137
FE1FFE3201700002
FEBEFF20012FFDCB
014A03440138003F
0373FF610188000C
004D0130FFE7FFDF
FF52FF88FDD7FE60
FE3B020A03E6FDD8
012400EBFF480172
001B00A5FEACFFBF
FE04016B00640081
0061FF8C01510304
FFCF01050310FF96
FFE5FFE3FF65FF4F
02D3007D00ED01BC
023701A6FEB8FFAC
FF94FE2E0188FD94
00E6032EFFD30079
FF460146FE2200B1
FEB7011401EE00BD
00340078019AFEF1
00B7000000B6FDA2
0042FF6FFFB50167
FF4CFFACFDCA005E
006700FA00890290
043D00B2034400C9
00A6017FFEFA015D
FFEEFE22FFFDFF46
FEE30315001B002D
00C8021BFF380275
FCB40148FEFE0157
0141FFC0004E000B
FF5FFEA2FFC201B2
FD5BFDB200CCFF79
FEBBFF200185FDB9
017002EC016700AD
0366FEDA01A7FFDB
0041014AFFC3FF74
FF36FF8DFD8EFE6B
FE1F021903DEFD78
010100CFFF8B00EB
00490033FE4DFF98
FDB9018B00960043
0127FEEE01520307
FFEC005302E5FF37
003FFFCDFF9CFF98
029C0104012101ED
01A601C3FDFE0000
FF9BFDF301E0FDB6
01D6033FFF8C0116
FFC90151FDC2013C
FE6F01770188005A
00C000490095FE6F
0110001F00C8FE60
00F3FF33FF8E009F
FF09FECFFE56008D
00C600E3005A02D0
040B00DC03530136
00410107FE8400F7
FF58FD90FFB8FFE0
FF7C031000140005
010C0239FEFE02DC
FC7700A2FEF2012B
00F700170038FFC1
FFF0FE65FF4901E8
FD54FE0600CAFF2A
FDD5FF20016EFE90
01DC02EC01950116
0345FE6501D6FFA9
00150148FF44FF42
FF4AFF42FD2FFE93
FE31011E0357FDBA
017200010014008A
0090FF57FE32FF7A
FDB5018200B7FFEA
0187FDE4011E02E9
0002002702FBFF08
0026FFB8FF69FFCB
027B0171015A0215
01320196FD4A0007
FF7BFD4301C6FDEB
01DC02FFFF87018A
FFFC0170FCF401A7
FE4901C100C4007E
0163FFF00014FE46
00FF00C70083FE5F
0142FF1AFF59FFA9
FE9EFE68FE6C0143
00A800CF003802B9
03C7012003430175
FFDD0057FE1B0086
FF6BFD05FF830028
FFB002A2002DFFEE
00FA0242FF0B030D
FD080060FF0A014A
00A6FFF8FFB5FFAF
006BFEBCFEF0022B
FD15FDFA004FFEE0
FD4FFEFF010EFED8
022B031A01820139
0334FE7601F2FF87
000F0128FEFCFF2B
FF86FEE8FD13FEF5
FE5700C602B5FD7A
0126FFD8FFE60073
00E7FF30FDCBFFA6
FD7A018701130016
018FFE0000DA0272
007FFFF20203FEEF
0041FFA4FF8C0002
024E019B0199022B
00AA0154FD5B0047
FF72FDB90144FDCC
02650207FF45023B
FFFB0181FC7A0229
FE4C02040022FFFE
0114FFE5FF74FE64
00B200AA007EFEFD
011BFF44FF53FEE3
FEBCFEAEFED50171
014A013BFFFB0251
034701EC02A20149
FFF0FFF3FE5C0053
FEFEFCFEFF2300B0
00030284002AFFFF
010E0212FEDB0344
FD35004EFF4A0171
00B0002DFF39FF5A
007EFECDFE4A0211
FE03FEC20034FF0F
FCADFEEC0135FF15
0266027301530158
0277FF0A0228FF63
FF750037FEE1FEF7
FFA1FF15FD15FEF4
FE7A006D0210FDE2
00ABFF92003A0012
011EFEFFFD4DFFF9
FD6B0135013C0106
015BFE0500F80244
0092FF5401DAFED7
0052FF87FF77FFE0
023F0188015F0294
006E00EEFD5700EC
FF90FDC80159FDC1
02E700EEFEB70274
000501ABFC6D0205
FE5202070028FFD1
01C2FFFFFEF0FE22
0127010F0023FF0E
0164FEF1FF3EFEF8
FEB6FE7FFF4B01E1
0156010DFFC80228
02E7025602490190
FF8CFFCAFE130012
FF4AFCCCFEF300C7
000802E500040038
009801B3FF85030D
FD64FFFFFECC0104
0014001CFE56FF4D
0069FEEBFDCE01B3
FE2FFECB0068FED3
FC01FEF2019EFF35
02C4028C010F0187
020AFF58023DFF08
FEE8FFF1FE7FFEEC
FFBBFE94FCEBFEED
FE98008A016DFDEB
0062FF1A0076FFC8
01C6FEACFD02008F
FD48013D01830165
0111FDDD00E90197
00C7FF0300F0FE9A
FFFFFFC1FF11001B
021A014E01930271
FFA500B7FD5B00E1
FF85FDEB00E8FDD6
02A80065FE6A0338
004C0158FC5101B6
FE820144FFF5FFB3
02360094FE83FE61
01120124FFCBFF14
014FFF14FECBFE8F
FEC3FE8FFF8B0196
01BF0146FFBF01B4
027E027B02300143
FF7AFEADFE94FFAB
FF55FCEEFEED00D1
005D02D000110004
003B017DFFA9028D
FDCCFFCBFF1400DE
FFD70017FDF5FF87
0084FF2AFD98018A
FE82FEE60056FF09
FB99FE130164FFE9
0342025700C101B6
01BEFFC001EFFEC2
FEA6FF36FE57FF04
000DFE85FD71FF28
FEB6012E00E7FE69
005EFF44007EFF8C
01A9FEFDFCFB009D
FD8800F301CA01A8
00E9FE2200A9018E
0083FE89008EFE84
FFDCFFA6FEE00011
01A200E8016402B9
FF7F003AFD59012E
FF99FE56003AFDA1
02ADFF98FE9B02D4
00010143FC650131
FE890110FFDFFFA5
0210004BFEF2FE9C
00B70125FFA8FF1B
00E5FF33FE7DFE7D
FEACFEDC001A0187
02210111FF860152
01C902AA0205014F
FF5CFE9BFE83FF08
FF45FD4BFEE600A4
002802B4FFE3000B
FFE3015BFFA8022E
FE1EFF95FF1500B1
FF67FF98FDDCFF93
FFD0FFB0FDC90150
FE9BFF4B0054FF1B
FB4CFE7A0169FF98
032C01DA008D01CC
0109002E017CFE6F
FE8AFEF4FDF3FEC4
FFFFFE9DFDBCFF23
FEE9014E008AFEC2
001AFF9B00B9FF86
01D3FF5AFCDC013B
FDB700C002000220
008AFE63006E0101
0095FEB2FFCDFE6A
FF9CFFA8FEF50039
018C0069011102A5
FF380060FDA90124
FF73FE88FFFAFDB3
0299FEFCFEF402A7
0005012CFC9B0112
FE2D00A30002FFC2
01C30080FED0FF30
00EB00C8FFC6FF49
00D2FFC6FEADFEBC
FF09FED4002A0171
01EE012CFFAB00E4
0119027D01A9011A
FFB0FE41FF16FECA
FF91FDA9FEC40098
006D0281FF840045
FF720100FFCD020F
FE59FF7DFFA20099
FEFDFF43FDB1FFE5
0027001CFE440136
FF11FF2E0022FF5E
FAD5FEB900C7FFD3
02FD01CD007501FC
0083008B012AFE45
FE7CFE13FE01FEC3
0009FE8AFE21FF32
FECB015E004DFF89
0044FF2B00C2FF60
01FCFFA8FD120143
FDE5001302110221
