FFDCFFF3FFA6FFDE
005DFFD200D5000C
0051FFF9FFB2FFCF
0015FF7E0082FFFA
FFF1000DFF9E00BA
FFE7FF960067FF3B
0073FF81FF3B007C
FF5A00C7FF7A00A0
FEF5FFE900310091
FF930023FFB0FFB6
FFCFFFE60015FFA0
FFFE00080063000B
0079FFB4FFDFFFF9
0067004EFFF600A6
00B10006003EFF75
FFE50004FFC5FFE0
003CFFE7004EFFC5
FF9A0075000F0078
FFBE003F00BA0051
FF6AFF57FFD4002F
005BFF6AFFEE001E
FF7EFFB7FF100032
0036FFAF0081FF98
FF7BFFB6002AFFA2
00E20097001A0011
0093004A002FFFBB
FF34FF9FFFC8FFD8
FFC1000FFF6BFF4A
FFD9001B0114FFD2
FFF1FFCE00270006
0013FFE4FF1A00B5
FF3C0002008C00D1
FFDCFFE4FF93FFDB
0060FFCA00F5000A
0051000BFFB3FFD0
0010FF6800840001
FFE3000BFF9000CB
FFE6FF77006EFF25
0087FF70FF2B0099
FF4600EFFF6300BE
FED7FFF3003500AC
FF7B001BFFA7FFAA
FFCCFFED0028FFA1
FFFCFFF800620009
0082FFA5FFD1FFE3
00750054000200BB
00BEFFFE0038FF63
FFF50019FFD8FFE5
005DFFDE0064FFC0
FF9C007C00120087
FFAD003B00CB0059
FF6FFF3DFFCA002D
006AFF4CFFE10029
FF79FFACFEF80037
003BFFB00092FF93
FF78FFAC0034FF94
010500B400290014
00B0003D002FFFA4
FF13FF90FFCAFFCA
FFC80017FF4EFF41
FFE4000F0137FFCE
FFE1FFC000360005
0014FFE9FF0C00D5
FF1B0008009F00E9
FFE5000BFFAAFFE1
0057FFDB00BB0012
0056FFF8FFD0FFD2
0011FF8C006FFFF6
FFF6FFF3FF9800A3
FFF1FFA90069FF4B
0064FF97FF5C0070
FF7200BDFF820093
FF1BFFF200280086
FF870025FFADFFC6
FFCAFFEF0011FFB5
000B00060055FFFC
005DFFB1FFD7FFFD
005700450003009E
009F00090036FF77
FFEB0012FFDCFFE1
004EFFEC0049FFE5
FFA20063000E0071
FFC6004100BC003D
FF77FF5FFFCC003A
006EFF78FFE70027
FF94FFBEFF0F0024
0035FFBF007EFFA5
FF80FFC2001FFFA9
00E5009800240002
0097002B0022FFBD
FF36FFAEFFC7FFD4
FFD10009FF6BFF5E
FFD6000A010AFFCD
FFE6FFD10027000C
0021FFD8FF3500A0
FF50FFFA007D00BB
FFDDFFF3FF92FFD1
0059FFBF00EA0011
00530008FFAFFFDA
0003FF6B009BFFF5
FFF10008FFA100D0
FFE5FF780079FF1F
0086FF6DFF30008B
FF4A00F4FF6400AA
FED2FFDF004200B5
FF8B001FFFA6FFB0
FFC1FFE80028FF97
FFFC000200790006
0083FFABFFD9FFED
0080005EFFFD00BE
00C2FFF10030FF5C
FFEB0008FFCFFFE0
0057FFDD0066FFB8
FFA1008B000C0084
FFB9004500DF005E
FF51FF48FFCD0039
0072FF51FFDF0029
FF7AFFA5FEF1003A
0040FFA7008DFF87
FF71FFB4002EFF91
010A00B5002A0008
00B500370024FFA3
FF15FF8DFFCDFFD6
FFC2001FFF46FF22
FFE20014014CFFE5
FFE5FFC200350004
001CFFEEFF0300C9
FF1BFFFF00A700DE
FFEAFFF6FFA8FFE0
0058FFBE00DA0013
00540004FFBAFFCA
0004FF700076FFFE
FFEB000EFFA700B0
FFDDFF8C006BFF3B
0082FF6FFF3F0079
FF5600E5FF6300A6
FEF0FFF000340097
FF8E001BFFB6FFB1
FFDAFFE2001FFFA1
FFF5FFF10062FFFF
006CFFAAFFDFFFE1
00720061FFFF00B5
00A8FFFC0029FF69
FFF5000FFFCFFFF8
004CFFDF0060FFBA
FFA50077000D0077
FFBF004200D40052
FF6BFF46FFCA002B
0067FF56FFE30032
FF7DFFA7FEF9002C
002FFFBF0084FFA0
FF7CFFBA0023FF99
010000AF00200009
00A70032001FFFA9
FF1AFFA8FFDCFFE4
FFC0000FFF56FF49
FFD6000B0134FFD4
FFE7FFCA00350001
001DFFEFFF1700CD
FF320006008900E2
FFE4FFF4FF94FFD8
0059FFBF00E10012
004B0006FFBEFFCF
0018FF6B00850000
FFF2FFFBFF8000BB
FFF7FF7D007DFF35
008CFF7EFF330092
FF5600E4FF6A00B5
FEF1FFF7003700A4
FF860020FFAAFFBA
FFCEFFF2002CFFAB
0015FFFB005C0005
007BFFA6FFD6FFE3
00750054FFFD00A4
00B300050042FF62
FFF2001BFFE3FFEF
0054FFCB0058FFC8
FFA3007C000F0077
FFB6004300C3004D
FF63FF4FFFCA0037
006DFF64FFE60022
FF86FFB4FEF5002C
003BFFB30094FF95
FF6DFFBE002EFFA1
00FE00B20024000C
00A900380019FFAD
FF1AFF9AFFC8FFD4
FFCA0011FF46FF4D
FFE5000E012FFFC9
FFE5FFC600280016
002CFFEFFF1C00B6
FF2F0007009A00D7
FFDBFFEEFF94FFCE
0069FFC100E40019
004BFFF6FFBBFFC9
001FFF7B008D0004
00010014FF9E00B8
FFDCFF76007CFF2D
0088FF78FF3C0082
FF5800D1FF7000AC
FEEAFFFA004700A8
FF940021FFA9FFAA
FFC2FFD4000BFF97
0012000B00670021
0091FFADFFD6FFEC
0070005AFFFC00AC
00B8000C0042FF62
FFE40001FFCDFFDB
0040FFE20054FFC8
FF98007D00130087
FFC6004000C40061
FF52FF4EFFD2003A
0065FF4DFFF2001A
FF63FFAEFF040048
002EFFA6007EFF94
FF63FFB50031FF8F
00F700A000200006
00A10059002CFFB1
FF25FF95FFC9FFD0
FFC1001CFF5AFF3A
FFEA0021013FFFDA
FFE7FFC4001D000D
001BFFEFFF0900BA
FF2CFFFD00AA00EF
FFD9FFEAFF91FFD8
0067FFBA00F70017
0050000EFFB7FFCC
0016FF6A00910001
FFF3000CFF8E00CA
FFE4FF740081FF24
008FFF67FF2A009A
FF4400EEFF6500C0
FED6FFF4004600AE
FF830026FFA3FFAA
FFC4FFE40023FF9D
0009000400660016
0089FFAEFFD2FFE4
00790062000300BE
00BF00040033FF58
FFF40011FFDEFFED
0053FFDC006BFFBE
FF9300860016007D
FFBB004500CE005E
FF4FFF44FFD2003B
0074FF48FFE70025
FF66FFA3FEEF003B
003BFFAE0090FF90
FF72FFAE0033FF89
010F00BB0026000A
00B70045002BFFA8
FF1CFF8FFFCBFFDD
FFBC0019FF4BFF2F
FFE30020014AFFD4
FFE3FFC10024000D
001FFFEAFF0400C6
FF1C000700AC00F9
FFDEFFF2FF91FFD9
005FFFC900CF0015
004F0007FFC4FFD8
000FFF7D0084FFF0
FFF80001FFA400BC
FFF3FF84006FFF3C
007EFF75FF410080
FF6200CAFF8500A1
FEF9FFEC003800A1
FF99001FFFA3FFB9
FFC7FFEA0016FFA5
00040011006C000F
0078FFC0FFDAFFFA
006B004D000300A4
00B10001003EFF6C
FFE80000FFD3FFDF
0046FFE50057FFCB
FF9C00700018006F
FFC5004000B5004B
FF5BFF5BFFD50039
0067FF70FFF40016
FF81FFB7FF0C0036
002DFFA8007FFF8C
FF7CFFB00034FFA3
00E000960021000B
009C00420028FFB1
FF36FF94FFC4FFD4
FFC8001CFF67FF45
FFE9001E011DFFD5
FFEEFFCE00210005
0011FFDDFF1C00A2
FF410003009A00CC
FFE6FFF5FF95FFE5
0057FFC400DF000F
00530009FFBCFFD5
000DFF700078FFF8
FFE40003FF9D00C5
FFF1FF8B0074FF30
007EFF7AFF3C0087
FF5200E4FF6B00AC
FEF1FFEE002D0099
FF89001AFFA7FFC0
FFCBFFEF0023FFA9
FFFDFFFE006B0001
006EFFACFFDAFFF4
0072004D000600B6
00AFFFFB0031FF64
FFF90013FFE0FFE0
0052FFDD005EFFCE
FFA6006F000E0081
FFBF003F00CE0049
FF68FF4AFFCD0039
0073FF57FFEE0029
FF8BFFADFEFB0035
003BFFB30085FF96
FF7DFFAD002DFF9D
010300A8002A0004
00A300350026FFAC
FF1FFF9FFFCDFFD1
FFC6000DFF51FF4C
FFE20011012DFFCB
FFEBFFBE0030FFFF
0016FFE6FF1700BB
FF340006009B00D0
FFE1FFE9FF9EFFD1
0068FFCC00E20011
0053FFFCFFB1FFC8
0011FF7C0090FFF6
00000017FFA200C5
FFD9FF880075FF2B
0083FF78FF3A0082
FF5500D7FF7200A7
FEDEFFF4004D009E
FF860021FFAEFFA5
FFC7FFD60016FF9E
00000008006E0005
008DFFA9FFDAFFF0
0070005EFFFA00BA
00BAFFFB003AFF6C
FFEA000AFFD2FFE6
003DFFE60064FFC3
FF92007D00090082
FFC1004600C70061
FF5BFF4EFFD90037
005FFF48FFE80025
FF63FFAAFF010041
003AFFAD0079FF97
FF75FFAA0034FF91
010100AE0021000D
00AD00460027FFAF
FF27FF93FFCCFFDB
FFC00011FF5CFF2B
FFE300170137FFDC
FFDBFFC300240001
0013FFF2FF0F00C8
FF24000300A000ED
FFE0FFF3FF98FFDC
0067FFC900E40014
005B0009FFC0FFCA
0017FF73007EFFF5
FFF40005FF8C00BC
FFEEFF8B0078FF2D
0083FF77FF440088
FF5400DAFF7100AE
FEF1FFF400330092
FF7C0023FFA4FFB3
FFCCFFE90020FFA7
0002000800660000
0073FFA9FFD3FFEA
00660055000900B5
00C400070037FF5D
FFF70016FFD8FFE3
0058FFEC005AFFD3
FF97007800150077
FFC2004A00CC0049
FF65FF43FFCB0033
0074FF56FFE80025
FF79FFAEFEFB0034
0033FFB2008EFF99
FF83FFB0002FFF8D
010600BB002D0004
00B3003F002EFFAC
FF20FF9AFFC0FFDE
FFC00010FF56FF46
FFD100190132FFC0
FFDFFFCC002C0005
0027FFE6FF2100BC
FF310008009A00DA
FFE6FFE1FF8CFFD4
0072FFE200E7002A
00620023FFE0FFCA
0014FF7E006FFFF9
0006FFFDFF9B009B
FFF5FF830086FF3F
0072FF7FFF60007E
FF5F00B9FF9800B3
FF1D000100380083
FF880031FF9BFFB6
FFC200010013FFBB
000C0024005C0015
0064FFB1FFD60019
003B004F001B00BC
00C4001A0030FF61
000600290001FFD6
0056FFEE0058FFEC
FF8C005F00310062
FFD1005F00B20044
FF6CFF59FFDA004B
0073FF64FFED0012
FF6EFFA9FF180043
0014FFA20074FF98
FF9AFF88003BFF68
00F800B7003C0009
009F003C0032FFB8
FF3BFF83FFA9FFE7
FFC0001BFF6EFF52
FFD40031011AFFA4
FFCEFFDC0025FFF1
0028FFE9FF410096
FF31000200A000CD
FFE4FFEAFF92FFB6
007CFFC800F7001E
004DFFFEFFAAFFC0
000EFF8A00900000
0006001AFFB600B4
FFC7FF820082FF1B
0087FF6EFF360070
FF4A00CEFF680099
FED7FFF2005B009C
FF8A001FFFB4FF9D
FFA3FFC4FFF8FF76
0011001000750024
0099FFB9FFD9FFFA
00560050FFF200B6
00C900010041FF65
FFF00011FFD5FFD1
0043FFFF0069FFCE
FF88008000140089
FFC3003E00CF0051
FF50FF36FFDD0041
006BFF35FFEC0023
FF41FFAEFF100052
0027FFBF005FFF93
FF75FF940020FF5B
010600A800450003
00C2004D0015FF9C
FF18FF79FFBDFFD7
FFB8001CFF78FF30
FFE70016013BFFDC
FFD1FFC4001EFFFA
0006000FFF2300BD
FF200012009A00EC
FFE7FFE0FF90FFAD
0087FFD20101002B
00440006FFA1FFD0
0010FF9800A00002
FFFE0028FFD600B8
FFCCFF8C0086FF02
008BFF5FFF340078
FF3900D8FF5F008A
FECBFFEC006000B7
FF8F0026FFABFF95
FF98FFACFFECFF64
0006001400900026
00A7FFC6FFD10011
00510041FFF300C4
00D6FFEF003CFF6F
FFE60015FFC7FFCA
003100030066FFC8
FF840095001F009A
FFC2003400D80063
FF3CFF3DFFE30039
006FFF2CFFF50019
FF28FFB5FF170063
0023FFBC0054FF96
FF8BFF780014FF4E
00FA009D00510005
00C800500015FF95
FF28FF52FFB8FFE2
FFB10012FF93FF20
FFD4002C0135FFF1
FFCEFFC00013FFEE
00000024FF2000AE
FF16002F008A00E5
FFDEFFD3FF89FFB5
0086FFD700EC0040
0029FFE4FF9AFFB4
0029FFA7008D001C
000C0027FFD40099
FFB3FF880070FF0B
0075FF67FF440069
FF4800ADFF6F006F
FED8FFF4006B00AA
FFAC0028FFB0FF97
FF88FF9EFFCEFF48
001C003300830057
00BDFFD8FFC70025
00470028FFE200A7
00C80007005CFF8A
FFC70014FFAFFFB0
0021FFFC0049FFCA
FF8F0085002500A9
FFBE001200CB0072
FF3FFF4DFFE40031
0067FF29000AFFFD
FF09FFBCFF420077
0016FFBF0032FFA0
FF81FF75000EFF46
00E1006A00510025
00B2007D001FFFA0
FF34FF55FFA3FFD1
FFC40014FFA6FF3D
FFDF002F011F0000
FFD8FFD2FFFBFFF9
FFE1002AFF240093
FF30003C008400DD
FFE5FFD2FFB5FFAF
008FFFE700D8003D
0016FFC3FF8DFFAD
0048FFCF00810048
00090031FFD4004C
FF89FF98006EFF21
0072FF7EFF61004E
FF5200A1FF74004C
FF04FFF800620091
FFA60032FFB9FF93
FF7DFF92FFBEFF20
002B002F00790074
00B2FFFCFFB60029
002D0004FFD8005F
00AD001B006FFF9E
FFAF0014FFA7FFBD
0024FFF00032FFDB
FF910079003A00A1
FFBBFFFD00C60073
FF51FF62FFDE0017
0069FF420009FFFC
FEE4FFC3FF740071
0016FFD7001FFFBF
FF85FF6DFFF5FF4A
00CD005200660025
009900810024FF9F
FF34FF61FF93FFAB
FFAF0028FFBDFF6C
FFCC000C0105000D
FFDCFFEAFFED0022
FFD90044FF340065
FF4F0042004F00D0
FFE4FFCCFFDCFFC4
005FFFEF00AA0011
0007FFDFFFA5FFD9
0031FFD100640050
FFF1002AFFCD000C
FF96FFB2005DFF6D
0058FF90FF930045
FF860082FF8C0018
FF5EFFEE001A005F
FFAB0042FFA9FFD6
FFBBFFD1FFF0FF49
001B001A004E0062
0062002FFF9C0023
0029FFD8FFF5001B
00940042006BFF98
FFB10011FFC3FFED
0030FFE3001CFFFC
FFB6004F00620074
FFBBFFEA00A20031
FF6EFF8EFFDCFFE8
0077FFA5FFEEFFEF
FF1CFFDCFFB00048
001BFFB9001AFFD3
FFA9FF7BFFF3FF7D
00A600480079001A
007E003C001FFFC2
FF65FF83FF96FF9A
FFAF003EFFE1FFAA
FFD4FFF500A6FFED
FFEC001DFFE80035
FFE9004DFF71001A
FF970022001E0078
FFEAFFBB0004FFD1
0041FFF000ADFFF0
FFEB0006FF9CFFC3
0029FFD700610067
FFFA002CFFB9FFCA
FF92FFA40069FF84
0060FF82FFBE004C
FF74006FFF880000
FF88FFF9FFFC0041
FF87004DFFB6FFDC
FFD5FFDEFFF0FF36
000F00120039006D
00540047FF650009
0037FFBE001EFFF9
00920070007DFFA0
FFB40009FFE90011
0036FFC000060010
FFC2004D0081006C
FFC5FFDD00850015
FF88FFA5FFE2FFC2
0083FFCAFFECFFE6
FF1BFFF6FFB9004C
0012FF980029FFE2
FFA4FF76FFFAFF8B
00A10056008F0026
007800280028FFCC
FF68FFAAFF8BFF92
FFA9005BFFE6FFCE
FFC9FFD3008CFFB9
FFF40047FFDD0059
FFFF006AFF9CFFF5
FFA90023FFEF0051
000BFFBB001EFFED
003BFFEF00B6FFCD
FFF50009FFA6FFEA
0014FFDA00590057
FFE30026FFBDFFBF
FFC5FFBA0051FFAE
0049FF80FFDF005D
FF8B004DFF88FFFD
FFAD0007FFD0003D
FF790054FFAF0007
0000FFF50009FF55
0001001300310042
001E0052FF5E0012
003DFFA70039FFFE
006300920071FFB7
FFC20006001F0028
0010FFCD000F002E
FFC20048008E004F
FFCDFFE7005BFFE8
FF92FFB1FFD1FF9F
0087FFE8FFDFFFF3
FF390012FFC6003C
002AFF930016FFDD
FFB6FF7BFFEEFF94
009A0062009D0010
006FFFFD002BFFEE
FF81FFC0FF9CFF8A
FFAA0041FFFAFFE2
FFD2FFD10069FF9E
FFF2002FFFC8003C
00250067FFA9FFDB
FFB50000FFE40035
000DFFCE0018FFFA
005000020099FFF5
001A0008FFBB0000
001BFFF200490053
FFE20019FFD4FFD2
FFFCFFD90021FFC1
0032FFB6FFEC005F
FFC2003EFFA90010
FFB2001AFFC00055
FF9B0059FFC80018
FFEFFFFC0000FF97
FFEE001F00320045
FFF5002AFF870024
0018FFCC0027002C
003A0065004DFFFA
FFDD001200330010
FFEAFFD30010001C
FFB200590075001D
FFCDFFF20031FFDF
FF88FFA6FFAFFF97
0048FFDCFFDE000F
FF640025FFD20012
0032FFCE0013FFCF
FFD1FF8BFFC7FFAE
007A0060006BFFE3
0053FFFF004FFFE3
FFB4FFBBFFA9FFA6
FFCC0001FFECFFE6
FFD4FFD80053FFB4
FFE3000AFFE70023
00320035FFACFFED
FFA8FFF0FFEF0040
0009FFEE00000013
00400008008A0007
00230003FFD70002
001AFFDF004C005D
FFF00005FFEEFFD8
0010FFE30029FFBD
0021FFC4FFFB005F
FFE00038FFAB0015
FFBD0014FFD60056
FFCA0052FFE1001F
0007FFFFFFF0FFA4
FFE50024001A0046
FFED001EFFA3003E
002AFFC90027003A
001D00590050001B
FFE40006002E0007
FFE8FFCD0011001F
FFB5006C0048000A
FFD500110018FFE1
FF9EFFB4FFC4FFA2
0037FFE0FFE60022
FF8D0030FFC90003
002DFFDE001BFFEA
FFBFFFA8FFD8FFD0
006B00590048FFF3
003FFFFF0052FFF0
FFCBFFCCFFB0FFBF
FFE8FFDAFFE0FFD7
FFD5FFE30066FFC8
FFDDFFF5FFE70028
00350026FFA40003
FFABFFF7FFE30040
FFF2FFFEFFFF0001
003A000E0083000C
002F0007FFE80014
001FFFE70030005B
FFEF0006FFFAFFE6
001BFFE2002CFFCB
0014FFDAFFE6004E
FFED0035FFB70027
FFB60007FFDD0069
FFD10048FFED002C
00090005FFE2FFCB
FFEF001400220035
FFED000EFFC5004C
001FFFC50008003A
00270031004A0016
FFFC000600360010
FFE9FFDC001B001B
FFBC0066003DFFE9
FFD3001F000CFFD8
FFBAFFAFFFCFFFB0
001DFFF3FFDB001B
FF990037FFD0FFE7
002AFFFE001BFFF0
FFD2FFAFFFD3FFF2
005000430038FFEE
003EFFFC004CFFE2
FFD0FFD0FFC5FFC6
FFF4FFD9FFDFFFE1
FFD8FFE50054FFD3
FFC1FFEDFFFA0026
002C0015FFAE0003
FFB5FFFFFFF30039
FFE3000D00060008
0019001B00880011
0030000EFFFA000C
0016FFE800110061
FFF60004FFFFFFE0
0016FFE80038FFC5
0009FFE0FFF00044
FFEB0038FFBD002C
FFBFFFF6FFE2006B
FFDD0036FFFF002F
001F0004FFDFFFCA
FFEF0013002A002E
FFF30006FFE10056
0026FFCAFFF60035
002700150057001A
000AFFF9002A001B
FFF8FFE7001E001C
FFCE0066002BFFE6
FFD100300005FFDC
FFD9FFBAFFDCFFBB
000C0002FFDD001E
FFB2003CFFDFFFDF
001600000022000E
FFC2FFBDFFD6FFF6
0041003500290002
0036FFFF003DFFE5
FFD7FFDBFFCBFFCE
FFFBFFCEFFD9FFE7
FFD5FFEF0052FFE5
FFC0FFE800040022
001D0021FFBAFFFC
FFBA0012FFF20037
FFE000120007FFF8
000D0026008D000C
002E000600090010
001CFFE9FFFA005C
FFEF000EFFF3FFDB
000FFFDE003EFFCB
FFFFFFEEFFD50049
FFDB003AFFBD003B
FFB0FFEAFFEB006B
FFE5002FFFFC0025
00200008FFD5FFC1
FFFF000D00270019
FFFE0005FFE4006E
0025FFD5FFF20030
003300010053FFFC
000AFFF600290025
0004FFF600290017
FFE00053002EFFEB
FFB5003B000AFFF7
FFF0FFC4FFE1FFD4
000FFFFAFFCA0020
FFB70024FFD3FFDD
0011001800330023
FFCFFFC0FFDAFFFA
004D003E00240020
0041FFEC003BFFDF
FFC2FFCDFFD9FFD1
FFF9FFD5FFD9FFE8
FFCCFFF50055FFDB
FFBCFFE400100020
0005001FFFC3FFFA
FFB10023FFF4003D
FFCEFFFC0005000B
0009003400A80013
002300160022FFF6
0025FFD3FFF90067
FFF80000FFF7FFE0
FFFFFFC7005EFFBE
000FFFE3FFDC006B
FFB6005CFF9E0047
FF95FFE200000075
FFE2002800100027
00430014FFC9FF94
FFF60011002C0020
FFF3FFFFFFDB007E
0036FFDCFFFC003F
003EFFF1005AFFE7
000FFFFC001F0028
0026FFF900250013
FFF500610045FFEB
FF9D00500014FFF9
FFE3FFC4FFDEFFE1
00040001FFCB002D
FFB50018FFC8FFE5
FFFD001D00470035
FFC9FFBAFFE8FFE8
005B005A000A0044
0062FFE50049FFED
FFB5FFB6FFE0FFE2
0004FFC3FFCFFFD8
FFB8FFFA0076FFDE
FFBDFFD5000F0022
00080029FFA4FFFD
FF940044FFFC0057
FFCDFFE2FFE30022
0017003700B90026
0011000D0047FFFC
0024FFDC00010054
FFD2FFF5FFE9FFDF
0000FFC60055FFD1
0039FFCDFFFB0097
FF86007AFF970047
FF7C000CFFFB006F
FFDBFFFE000F0019
0045000CFFCDFF86
0003001900150009
FFDCFFF3FFD1006E
004DFFF6001B0051
001CFFE70045FFC6
001D001F00040013
0029FFEE001C0025
000100390049FFE7
FF8F0044002F0015
FFE4FFBCFFE0FFED
0010FFF1FFD60048
FFBDFFF0FFB50009
FFF1002F00420046
FFCEFFE5FFE5FFDE
00720079FFFA0060
008CFFDF0035FFE0
FFB0FFAAFFE0FFE1
001EFFB8FFB8FFE1
FFBAFFEF0092FFF5
FFB9FFB0000C0022
FFFE001CFF8EFFFB
FF9100460005005B
FF9BFF77FFAE002D
004800730107003E
FFEF0006006BFFF3
002FFFD70014007C
FFA2FFF3FFABFFD7
FFE2FFA00040FFAB
0084FFA8FFFE0123
FF2900EEFF660091
FF150040FFEC009B
FFC0FFEF00000012
00780017FFC0FF4B
0027003E001BFFEA
FFD0FFF0FF830086
0074000F004800B8
0024000F0046FF7B
003D005AFFF2FFEA
0052FFD5001C001D
000F0020007EFFE6
FF5C003A006A0057
FFAFFF5AFFCEFFF6
0031FFB3FFCE007C
FF9BFFB5FF6F0048
FFD600420078005A
FFD4FFE7FFD8FF9F
00E100E1001100B2
010DFFDD0062FFBC
FF6EFF68FFB0FFC9
003DFF92FF86FFE9
FF8CFFEB00F4FFF2
FFA8FF860002002A
FFEF0000FF10000F
FF3C005E002C009C
FFA5FF50FF850043
0078004701380060
FFEC0003007BFFE7
0035FFBD0037008C
FF89FFEDFFA5FFEC
FFD6FF81005BFFAB
00C3FF7DFFF40140
FF0D0108FF4500B2
FF110072FFD6009D
FFD0FFCCFFDAFFEC
006C0020FFCFFF4D
003D002A0003FFE8
FFC0FFE6FF79006B
007D0043006900C5
0015001B0021FF73
00420082FFE8FFE2
006FFFA500220031
000A0019008CFFE0
FF4B001F00970074
FF8DFF39FFB70010
0056FF6CFFE3009F
FF98FF82FF2A006A
FFD1003F0079005A
FFC8FFF6FFE3FF7A
012B013BFFF800A9
0121FFFA0066FFA7
FF5CFF57FFC1FFD5
0034FF9EFF5DFFF9
FF83FFDD011FFFE6
FFA3FF7C00010042
0008FFF6FEE4003C
FF1B0073003A00DD
FFC0FF22FF6A0052
00AC001401840079
FFD900030072FFD0
005CFF91004E0095
FF5DFFEFFF580021
FFE4FF370072FF9B
0153FF32FFAE0184
FEE3015BFF080108
FEEB00C2FFD400C2
FFD7FFC3FFC0FFA3
00740019FFF7FF5A
0046FFFEFFFFFFF2
FFCCFFB3FF850028
0091008A009200FC
000B00210004FF50
005800B5FFD70001
0093FF610048001F
00100041008CFFDC
FF49001B00C80090
FF50FEFAFFAE0005
007BFF28000300BA
FF88FF55FEC90078
FFAB00250094004E
FFCAFFF90008FF5E
01920198FFDF0091
017B00430059FF8B
FF0EFF3AFFB9FFFD
0027FFA8FF07FFF7
FF8EFFD5017BFFC6
FF8CFF84FFF90032
003BFFFDFE72007B
FEEB0092006B013F
FFC5FF12FF5E0047
00ABFFD801AC0054
FFE90014002CFFC5
005EFF4E00700091
FF5FFFFAFF1A0063
FFE5FF110086FF5B
018CFF11FF5E0188
FEC3018DFED30135
FEC100B7FFE100E2
FFB3FFCAFFAFFF85
0083FFFD001CFF53
0039FFE90011FFEA
FFFFFF8BFF84FFEB
00C700BB00890119
004B0029FFF7FF32
005700AEFFBA001B
00BCFF300060FFFA
0007008400820013
FF56002600EA009A
FF31FEE2FF980000
0091FEF0FFFF00C0
FF77FF59FE81006F
FFB3FFF500D10023
FFB0FFF60022FF57
01D301BFFFE20077
0199005D0051FF6F
FEDCFF3DFFC50005
0019FFBDFECEFFC7
FF97FFE201C8FFB7
FF99FF91000D0034
00640012FE2F00C8
FEA800950085016C
FFE7FF23FF67001B
00B9FF9701D20039
FFF70024FFD0FFC8
005FFF1900960081
FF7B002FFF070094
FFD9FEE7009BFF21
01AEFED0FF0F0175
FEA101CBFE9D014F
FE91008A000E00F9
FFAAFFD0FFA1FF5F
0072FFD90048FF49
0025FFC700480014
003FFF82FFA5FFAD
00F000E3006D0130
00870015FFF4FF10
00530090FFB40046
00C6FF1E0078FFC1
000400C000840039
FF6D0034011E009E
FF01FEE4FF93FFF5
0091FEDA000400A3
FF4BFF6EFE50007A
FFC0FFC300F1FFFF
FF85FFCD0036FF42
01E601C20001003B
018B00760036FF59
FEB5FF29FFD1001B
FFDAFFE4FEA8FF85
FFAA00090217FFC9
FFBBFFAA0030002E
008A0042FDF9011C
FE91009500B101A0
FFEFFF58FF7BFFFC
0099FF8401A00013
001D001CFF6EFFD9
0054FF2800B50060
FFA0005FFF2800CD
FFD1FF0F0099FEEB
0168FEECFEF90119
FEB2019EFEA9011A
FE7F0034003000EE
FFA9FFF0FF96FF50
0048FFA4005BFF4D
0001FFCF00770032
0097FF7AFFB8FFA8
00E100D2002D0118
00C70005FFFAFF21
0033005AFFAA003E
0094FF4F0081FF82
FFDB00F5005A0075
FF8B003A01190099
FF00FF00FFA3FFE2
0069FEDAFFF60065
FF2DFFA4FE7D0085
FFE4FFA000D0FFE0
FF6BFF9B003FFF50
01A3016400340016
013D007F0032FF6D
FEBBFF23FFCF000B
FFA80011FEE3FF3D
FFB0003E01F6FFED
FFE1FFC200400029
0086005FFE270133
FEA7007600BC018E
FFDAFF6CFF76FFC8
00B6FF7E01A4001F
003E000CFF39FFCD
0057FF2800E30065
FFBC008BFF4C00DB
FF9DFF0900B7FEA2
0145FEEDFEE300D2
FE9F0190FEAC0112
FE390017006100F6
FFA0FFFEFF94FF35
000CFF6E0030FF22
0005FFD00099005D
00E6FF78FFC0FFA7
00DE00C300060108
00FA0013001AFF14
00180038FFA20032
0060FF820090FF62
FF950112004500A3
FF93004D013000B9
FEE9FEEBFFB0FFF9
0067FEBEFFF20059
FEE1FFAEFE8200B0
FFFEFF9900B5FFC3
FF2EFF7D0038FF2F
019A013900610007
011E0087003AFF67
FEA3FF16FFD8FFEB
FF760028FF07FEEE
FFB6005A02030009
FFE7FFB400390033
00750071FE380148
FE8E006A00E001C4
FFD9FFA5FF7AFFA8
00C9FF8B01920036
0038FFFFFF2EFFB7
0055FF4701020070
FFD8008EFF8700DB
FF8CFF2100B8FE7C
0122FEEBFEE300B1
FE93017DFEB300FD
FE0FFFF0008400E5
FFB60010FFA2FF2E
FFB3FF49000BFEE7
0011FFE400C500A4
011CFF87FFCFFFC4
00D900B2FFF9010D
00FF001D005FFF10
FFE3000AFF930006
002DFFBE0083FF4F
FF7F0110004600BB
FF900033014D00BC
FECBFEE0FFE10004
007FFEB5FFFB0035
FEA9FFB7FE9600EE
0017FF8F0075FFAF
FF0AFF66002BFF06
018200EF009CFFFC
010B00940039FF78
FE8DFF02FFBAFFD0
FF74002CFF25FEBD
FFAB006E01EE003E
0007FFAB00430024
003B0070FE3E012E
FEB6006E00F701C2
FFC1FF9BFF68FFB2
00AFFFA90155005C
0024FFC1FF22FF9C
0060FF9100D3006E
FFD6006CFF8A00B8
FF6BFF310091FE98
00BEFF27FF150085
FECA0122FEFE00C0
FE38FFE2008F00C7
FFD7000DFFC0FF41
FF80FF4EFFD2FEDD
0016003A00BA00AB
012BFFC5FFAF000E
00B10076FFF300DF
00E1002D0086FF40
FFB30009FF89FFC8
0018FFCF006AFF55
FF8700D9003700CD
FF8C0028011C00D5
FEE9FEFDFFE50003
0085FED7FFFD0013
FEB4FFAEFEDD00EC
FFF9FF8A0033FFA9
FF11FF49002DFF08
01590088008C0020
00E400B60064FF88
FEB7FEF7FF90FFB1
FF89002DFF52FEDF
FFB7005601BF003F
000DFFD400070027
FFF4004CFE6400E9
FED2007400D9018C
FFC1FFB1FF8FFFA8
00AEFFC401290061
0019FFD0FF2FFF84
005FFFA600CE0079
FFDF0070FF930087
FF5DFF4C008BFE9D
00BCFF3DFF3D005F
FED80118FF0600A2
FE57FFF80083009D
FFCA000EFFE6FF4E
FF7BFF5AFFC5FED3
000E002F00B000AF
0102FFC2FFA3001B
0091004DFFF800C8
00DE0041009BFF42
FFBB001BFF92FFCC
0007FFD4005BFF64
FF8400CD003300B6
FF900020012300B8
FEFBFF07FFE60008
0095FEF9FFF0003B
FEAFFFA7FF0000E9
0010FFAD0026FFBC
FF26FF37001FFEF4
0149008D00AB0009
00E200A20072FF90
FEA9FF02FF8DFF94
FF830021FF78FF02
FF990034018E003D
0002FFEE001A0021
FFF4005DFE9500CD
FEFB007D00AA0169
FFBBFFA5FFA4FFC1
0081FFDF00F30068
0005FFC0FF3EFF6E
0062FFBC00790079
FFE00058FF8B0060
FF3EFF600063FECF
007AFF53FF760038
FEFD00CAFF380077
FEA600050066006F
FFDA0002FFF2FF84
FF8DFF7FFF9DFEE4
000D0046008A00A5
00D5FFF4FF99004C
0084000900040093
00B30063009FFF60
FFAF0030FF93FFB3
0008FFC20049FF77
FFAA0085002800AD
FF95001B00F8009A
FF2BFF34FFE7FFFB
009DFF3600040025
FEDCFFB3FF3800CD
FFFBFFC2FFF6FFC8
FF4EFF360023FEF9
0121004700A50019
00A600A70081FFAD
FECBFF2DFF99FF8C
FF970017FFAAFF48
FFAC0019014E0023
001F00160002002C
FFDF0045FECE00A0
FF44007C0078011C
FFC5FFB6FFCCFFCB
0074FFEE00DA004E
FFFEFFD1FF59FF7C
005DFFCF006A007C
FFE60041FF8C0019
FF44FF77006BFF0D
0075FF69FF940033
FF1D00ADFF4B0044
FEFC00010036004B
FFB00027FFE0FFA7
FFA4FF89FFA5FEF5
000D003B006900AC
009A001AFF8E0046
0060FFEBFFF80046
00B70079009EFF6D
FFAB0027FFAAFFD4
0022FFB3002EFFAC
FFB50071004500A4
FFA4001400D10077
FF4BFF58FFEEFFE6
009EFF5DFFEE0018
FEDFFFC9FF68009F
FFFBFFC6000DFFD5
FF5BFF3E0020FF28
00FF004D009E0015
009F007E0072FFC0
FEECFF53FF8DFF89
FF950041FFD0FF89
FFA1FFFD0112FFF1
00110031FFFF0049
FFE2005CFF0C006B
FF760074003200D7
FFCDFFB4FFECFFE1
0057FFF100CA0022
FFF4FFE8FF73FF92
0049FFD100640088
FFE9002EFF88FFE8
FF5EFF870080FF42
0062FF7FFFA00032
FF480083FF560023
FF4B000900130032
FFA10041FFC8FFC9
FFD4FFC6FFBFFF0C
FFFF002100440095
006B002DFF7A003F
0052FFE2001B0016
00AF0091008CFF7F
FFB50015FFCBFFF1
0036FFAB0024FFD7
FFB8006100640092
FFA20004009C004A
FF57FF79FFEEFFDD
0094FF8EFFE10015
FEFDFFE3FF8C0070
FFF8FFBA0011FFDE
FF7BFF490028FF4F
00F3005900A20017
0082004B005FFFCF
FF1EFF83FFA5FF92
FF9D0057FFDEFFB0
FFA4FFEF00C4FFC5
000E0046FFF60062
FFF80067FF3B0047
FF8700540000009F
FFE1FFC300030001
0043000100C40002
FFE60002FF9FFFAE
0035FFD400600067
FFEB001CFF97FFCA
FF9EFF9C006AFF85
0057FF7CFFC5004A
FF710063FF6E0003
FF92000CFFE30036
FF8E0054FFB6FFDC
FFFFFFD3FFD9FF2F
FFF000280041007D
00190041FF740037
004FFFC5003CFFFB
008000960073FFA5
FFBBFFF400090005
0020FF9B000CFFFA
FFB90058005A0075
FFC4000100590025
FF8CFF98FFDFFFB9
0077FFB8FFDD0027
FF31000CFFA4005E
FFFEFFB2002FFFE6
FF83FF7B001EFF98
00C3005A006D000A
00730029004FFFEE
FF70FFA1FFB2FFA6
FFA7004AFFEEFFE1
FF98FFE70094FF91
0023003EFFF2005C
00180070FF87001A
FFA90040FFD30055
FFE4FFD10002001D
0036001500ADFFF7
FFEA000AFFBCFFD0
002AFFE200540052
FFE9001BFFB3FFC1
FFBCFFB8004AFF9D
0050FF92FFE40056
FF920051FF7FFFFE
FFAE000CFFC3003A
FF9E005AFFB2FFED
001DFFDFFFFAFF59
FFE5002D002D0064
FFFC0041FF85003F
0041FFBF003EFFFE
005D0099006BFFCA
FFB9FFF40014000C
0013FFA00002000A
FFBB005B0051004A
FFCB0005003A0004
FFAAFFB7FFD8FFB6
0075FFCFFFDD0035
FF580028FFAC004A
0001FFB90032FFF7
FF9DFF9E0001FFBB
00A400600054000C
0060000400450004
FF97FFADFFB3FFB9
FFC00030FFE9FFE6
FFACFFE20074FF97
00240034FFF00052
002E004AFF9B000E
FFBF003BFFD4003B
FFF6FFDB00010027
004000170095FFF6
FFFA0008FFCDFFEA
0027FFE70044004E
FFF5001DFFD1FFD3
FFEFFFCE001BFFB1
0038FFAFFFF1005F
FFB7003DFF9F0019
FFB60003FFCD0048
FFB40057FFD0FFF3
0026FFE7FFEBFF8A
FFE8003400210041
FFED0021FF8F0032
002AFFCC003F0028
003D0075005AFFFF
FFD3FFF000270003
FFF8FFB4FFF8000D
FFAF005E00470025
FFDB00040015FFFE
FFB6FFC7FFCEFFA6
003EFFE1FFE60028
FF780035FFC40028
000BFFCE0031FFE9
FFAFFFB9FFEEFFD6
007D0056003E0007
004D0007004A0004
FFBAFFCEFFADFFCD
FFE80004FFD3FFEB
FFBEFFD7006AFFA1
0015000DFFE80041
003F002EFFAC000B
FFB30016FFE3003C
FFE7FFFBFFFB000C
0029002D00820008
0014FFFEFFEBFFFF
001EFFF3001F0055
FFF00013FFD5FFD9
FFFAFFD80016FFC6
0023FFD0FFDE0056
FFDA0039FFBE0031
FFC0FFF7FFD10054
FFE4004CFFDA000B
002AFFECFFEDFFAB
FFE70027002F0037
FFEA0013FFBC004D
001BFFDF00170036
003100510051000C
FFE2FFF8001A000B
FFFEFFD5000E0006
FFAF005600370005
FFCB000F0006000A
FFCCFFBCFFD0FFC2
0028FFD9FFE30022
FF9E0038FFCB0000
0011FFF7003BFFFE
FFBDFFD5FFD9FFEC
006E004A002B0007
003E00070046FFE9
FFD0FFCDFFC3FFDC
FFFCFFEAFFC2FFF5
FFC0FFF2005EFFBE
FFFF00020006003A
0033000BFFBC000E
FFB70025FFF1003F
FFDC002300030021
00250041008A001F
0039001C0003000A
0009FFE60007005D
FFF40014FFDEFFD8
000CFFDE003AFFB2
0009FFD0FFE80050
FFF20042FFAE0040
FFC2FFDAFFCD006F
00050056FFEA000B
00420004FFE9FFB9
FFDF002C0035003F
FFEAFFFFFFE3006A
0012FFD7FFFF004C
0026001E00480016
FFF5FFFE002E0030
000FFFE70012000B
FFC700710032FFEB
FFC20029000CFFF3
FFD9FFB2FFC4FFCC
001EFFF7FFD30037
FFB30031FFE3FFD4
000E000000520012
FFA9FFCBFFE4FFF9
007000440012001A
00390007003FFFEF
FFD4FFCBFFD1FFE9
FFF0FFD2FFC5FFE5
FFBEFFEE0070FFC1
FFD3FFFF000B0033
001B0009FFB60003
FFB1003CFFEF0054
FFCD00210006000A
001400350098001E
002C0011FFEEFFF7
001CFFDE000C006B
FFF90014FFDBFFD7
0011FFDA0045FF9F
000CFFD6FFC9005C
FFD6004FFFA5004C
FFA2FFCFFFEF005E
00090050FFFB0012
00450004FFDBFFB1
FFE0002B00240036
FFF8FFEEFFD10058
0021FFE2FFF3005B
00400018005B0010
000BFFF20033002E
0009FFEF001B0006
FFC300770034FFF2
FFBD002A00150001
FFC8FFADFFD1FFB4
0016FFF1FFD40024
FFAD0031FFDEFFD5
000E000500620025
FFAAFFC8FFEEFFF3
007D0049002A0027
0041FFFB0053FFE3
FFBCFFC8FFB4FFE3
FFFDFFC9FFBCFFDF
FFBFFFF4006CFFC8
FFCC00000016002E
00080015FFBA001A
FFA5003300010072
FFCD0018FFFD0019
000300380092001F
0031001C000DFFF3
0018FFD3FFFE006C
FFF00003FFEBFFDA
0015FFDD005DFFAB
0008FFD1FFDD006D
FFC40049FFA60048
FF97FFCFFFF10067
0001003C000D001F
004A0015FFD2FF9C
FFE60025001F0028
FFF5FFEFFFD5006E
0030FFDCFFF40052
003FFFFF0059FFF8
0001FFF4002C0035
000FFFF4001F0011
FFD200750037FFEE
FFAC003C001A0003
FFD9FFB4FFD7FFD2
00100006FFCF0029
FFBD0015FFD7FFD2
000E00190060003B
FFA7FFC9FFF1FFF1
0074004A00180040
004CFFF5004EFFEA
FFC0FFCAFFC5FFDF
0001FFADFFB9FFD8
FFB4FFFB0072FFD5
FFC9FFE800160031
FFFD0016FFB8000D
FFA6003DFFFD006C
FFC9FFEDFFE40025
001A0049009E002E
0026001B003CFFF1
001FFFCC0006006C
FFCF0006FFE5FFE2
000DFFD40062FFAB
002CFFC7FFEA0091
FF930075FF92005A
FF75FFEFFFF0007D
FFE300270005001E
0052001EFFCAFF85
FFFB0030000F0006
FFE3FFF0FFC30078
003BFFEF001A006A
0041FFED0047FFC1
0014000F002F0023
0022FFF90020000F
FFE800550055FFE7
FF9500420043001D
FFCDFFAAFFD6FFEB
0020FFFDFFC40050
FFBEFFE5FFC2FFFC
0003002A0060003B
FFC3FFCBFFF5FFDE
00910066000C005F
0087FFE4004AFFEC
FFA1FF9FFFC7FFE2
000EFFB0FFB8FFCF
FFA4FFEE0088FFDD
FFC2FFCE000B001D
FFEE000DFFA0FFFC
FF8F003F00010076
FFC5FFAFFFC60021
003B005300BF0039
001600140061FFEC
000BFFC300240070
FFACFFF6FFECFFF1
FFFDFFC50055FFB2
005DFFAFFFEF00D8
FF6900A1FF8A0067
FF420016FFDC0091
FFC8FFF8FFFB0017
0047003BFFC9FF64
001000290009FFE3
FFCEFFF9FF9C0089
004900080042007E
0037FFFE0035FF9C
001800430011FFFB
003FFFE3000E0022
FFEF0030006BFFEA
FF68003F005F003C
FFB0FF89FFBF0006
0041FFD0FFC3007B
FFB0FFA4FFA00025
000100320059002D
FFD4FFD4FFEBFFA5
00D000B9FFFA0068
00BCFFE90063FFDA
FF90FF86FFCAFFD6
001FFFA9FFA7FFE1
FF8EFFD600ACFFDE
FFBBFFB7000E0023
FFE40000FF7E0006
FF56005D00180087
FFBFFF88FFA00036
0057004900E4004F
00080011007AFFDF
0010FFBE002C0071
FF99FFE8FFCCFFFC
0003FF9F005DFFBA
009FFF99FFE7011D
FF3A00D2FF710092
FF1E0043FFD600A0
FFB6FFE6FFEF000B
0059003DFFD2FF5C
00190024000CFFDE
FFC1FFE5FF850074
005C00270059009F
00340009002EFF80
0028006EFFFFFFEF
0049FFCB0017001E
FFEA00230086FFE9
FF4E0032007E0057
FF97FF5AFFB9000F
004CFFAAFFD2008B
FFA2FF77FF6E0041
FFF5003E0061002A
FFD6FFDCFFECFF8E
00FC00F2FFF60077
00F1FFF6006AFFBB
FF78FF70FFC5FFD1
0029FF9AFF86FFE4
FF8DFFD500E5FFD9
FFB3FF98000D0023
FFF2FFF2FF4B0025
FF33006A003600B3
FFCAFF67FF870038
007D003301170065
FFFA00090077FFD4
0023FFAC00440072
FF7DFFD9FF9C0020
0008FF810064FFAF
00F0FF61FFC0015C
FF20010AFF5000C0
FF040079FFD400BA
FFB6FFD4FFDDFFEB
0060004DFFE3FF59
003400160007FFCF
FFC4FFC9FF880059
006E0042006D00CB
0028000C0028FF62
00450090FFFAFFE9
0058FFA500320020
FFE800290087FFE5
FF3B002400A00075
FF76FF2EFFB20019
0068FF7AFFDF00A5
FF9BFF54FF29004B
FFE2004000660025
FFD7FFE00005FF7A
01440138FFE5007F
012F000B0057FF9D
FF40FF4FFFBCFFDF
0035FF98FF4FFFEE
FF94FFBB0122FFC8
FF8EFF92000B001F
0008FFEEFEF70049
FF1A0070004F00DD
FFC1FF45FF6A003D
0094000501510062
FFFC0016005CFFBE
002CFF67005A0069
FF69FFCEFF5A0057
000BFF460072FF7E
0148FF2EFF73017F
FEFF014BFF200102
FECE009DFFDC00E1
FF9BFFD6FFBAFFD5
006400420006FF5D
0028FFF70016FFCC
FFDFFFA2FF76001C
008E007E008100FD
005000150016FF36
005700AEFFE80002
007EFF71005A0005
FFDA0042008AFFFE
FF3C002800D6008E
FF54FEFBFF9A001C
0087FF3BFFE300AA
FF81FF3AFED20056
FFDA00180097FFFF
FFC8FFE10025FF63
01950181FFE40077
016A0024005BFF73
FF06FF45FFBFFFE3
002AFFADFF0CFFD3
FF9BFFCB0171FFA9
FF85FF8F001A0012
002DFFE0FEA8008F
FED5007A0080011B
FFEAFF5EFF770025
008BFFD5015A0040
00110026002CFFC2
0039FF5000670043
FF92FFE5FF4C0084
0008FF260089FF78
0153FF1CFF460165
FF0D0158FF0D0113
FEDE009BFFEF00EC
FF96FFE7FFADFFB5
005800380022FF7E
0028FFD4002AFFD7
FFF7FF95FF88FFFC
008D0091007400F4
006A000A0004FF3A
005400A2FFE7001F
008FFF56006DFFF7
FFE100630081001A
FF55004B00D20077
FF40FF1CFF9F0026
0082FF41FFED008A
FF77FF44FEAE0045
FFDBFFFD00A1FFE6
FFBCFFC90031FF63
018C0184FFE4003E
014E00360049FF7A
FEF9FF52FFD2FFEF
000BFFC7FEF0FFC4
FFBAFFE4018DFF9C
FF92FFA30023001D
0058FFFDFE9A00AF
FECD007400940124
FFEFFF67FF660005
0088FFB8017D0025
00270034FFF0FFD1
0039FF280086002E
FFA9FFFDFF3A00BB
0006FF1200B2FF39
0158FF0FFF1D014E
FF04016DFEF6011B
FEC2007200080103
FF87FFFDFF94FFA7
0032001D0037FF82
0011FFDD0057FFEC
0030FF87FF89FFEC
009E00960063010E
00A90000FFFEFF22
00550092FFF70025
009CFF580089FFE4
FFCF00940077003F
FF64005F00EB0074
FF1BFF22FFAD002F
0088FF23FFE1006D
FF5BFF5AFE93004F
FFF6FFCB00B1FFB8
FFA6FFAA0041FF4E
01A6018400120023
0152003C0040FF66
FEEBFF3FFFD3FFE9
FFEFFFEAFEDEFF7A
FFCC000701B8FF9D
FF97FFA300360009
00720017FE8200E4
FEAE006600B9012D
FFFDFF79FF64FFEC
0074FF9B01700003
00340037FFC0FFDA
0031FF0900A40020
FFB9FFFCFF3700EA
0008FEFC00C0FF14
015CFEFBFEDD013A
FF08017DFEE70118
FEB20050002A011D
FF85FFF9FF8EFFA5
00280010004EFF87
0000FFD1007CFFEA
0059FF75FF9CFFC8
00B900A8004A010A
00D6FFF70008FF1F
00470075FFE10045
009AFF4C0096FFC5
FFD400C800610063
FF72006500EF0075
FF01FF38FFA10028
008CFF26FFE60053
FF57FF74FE7E0040
0006FF9C00C0FF84
FF86FF9F0057FF6C
01A00173000E0007
01470042002AFF54
FED8FF48FFE8FFE9
FFE70009FECFFF50
FFE9001A01CCFFB2
FF9CFFAE003E000E
0081002DFE6600FE
FEA2006500D50130
FFD4FF94FF65FFD8
0075FF8301630000
00370029FF84FFDC
0034FF2B00D00017
FFD20031FF5B010E
FFE8FF0F00B2FEE3
0121FF06FED80100
FF090160FEF400FC
FE92001B005B0118
FF9C0010FF84FF98
FFF4FFD00040FF6A
0004FFED00A30013
009CFF6DFFA5FFCF
00C4009A002500FC
00EFFFF40030FF2F
00100038FFD70020
006FFF710093FF99
FFA900D1004D009D
FF86005700F6007B
FEF7FF3AFFBB001F
0077FF10FFEA002B
FF33FF90FEA6006D
002AFF8100B5FF77
FF60FF8C005BFF6D
017A012C00300008
01060056003BFF66
FEE5FF3AFFE2FFCC
FFC70014FEF1FF0D
FFEE003E01C9FFD2
FFC7FFB900440012
005E0027FE6A0110
FEB4004D00EA0139
FFDFFFBCFF64FFCB
006EFF8301390025
0037000BFF86FFC5
003CFF6100CF0030
FFF9002FFF6700E1
FFD2FF1E00ABFEDA
00EBFF2AFEF200D1
FF1D012DFF1200DC
FEA8000C007900ED
FFB5001DFF97FF9A
FFC8FFB0002BFF62
0016FFED008E002F
00BCFF85FFBBFFCC
00AA0093001300DD
00E00006005AFF45
FFE10023FFC10012
0058FF83006FFF98
FFA500C8004300A1
FF98003900E80073
FF03FF4AFFC50025
0082FF15FFFE0012
FF21FFB5FECF007A
001FFF820098FF76
FF49FF92004EFF74
014200E40038000C
00DC00670021FF79
FEE9FF4EFFDBFFCF
FFCA0012FF0FFF10
FFE800520196FFE7
FFD5FFC30027001A
003D0022FE9300EA
FEDC005800DB0127
FFAFFFD3FF6DFFCB
0068FFA6010B0024
00260009FF83FFC3
003EFF8A00C20031
FFE90044FFAD00E1
FFADFF460095FED2
00A3FF50FF330095
FF2900E7FF43009C
FEB60009007300BE
FFF2000CFF91FFB1
FFABFF9F000CFF55
0015001600960050
00B2FFA2FFB3000C
00AB0052002300B2
00D300170075FF54
FFAD0007FFA1FFD1
0042FFB30058FF8A
FF9400A0002600B8
FF9E002F00CF0066
FF13FF4CFFD70021
008CFF2B000C0004
FF2FFFCDFF250090
002AFF8A0063FF94
FF59FF840030FF7C
010500A30054000B
009A00720049FF9E
FF1EFF45FFC3FFB4
FFC1FFFFFF4EFF04
FFF8005F01690005
0003FFCE001B002D
00030012FEBE00D4
FF23005C00DF010E
FF8EFFD1FF73FFD6
0062FFC800C80043
0004FFE7FF9CFF94
0053FFB500A5005A
FFF6001DFFBC0098
FF80FF5A0076FEF2
007AFF7AFF7B005F
FF57009DFF7B0069
FEF500200071009B
001A0026FF98FFD3
FF81FFACFFD3FF33
002F003100650082
00A5FFFEFFAF005C
007C002E0027006F
00AD004500B7FF71
FF770002FF75FFA2
0042FFB30028FFAC
FF940070003C00BA
FFA4001800B90058
FF33FF6FFFE70026
00A1FF5C0014FFF3
FF27FFCBFF74009C
0009FF85004FFFBB
FF5BFF880021FF73
00CB0063005B001B
007000860064FFC8
FF3CFF3FFF87FF96
FFCB000AFF94FF2A
FFEF0054011E0004
000CFFFCFFEA003A
FFC6FFF2FEE80085
FF5D006400A500D4
FF91FFEDFF96FFEA
004AFFD2008F0041
FFFAFFD9FFB6FF89
0047FFCE0075005A
0007FFF3FFBD0048
FF7FFF810072FF45
0054FFB2FFA30029
FF87004EFF9B003D
FF5800280046005D
00250039FFC4FFF4
FF8FFFBBFFACFF41
002E0046004A008C
006F0037FFB30081
004900210025002C
0085006600B4FF97
FF7FFFF1FF6CFF86
004BFFAF000BFFE1
FFA5006700420099
FFB50002008F0046
FF4DFF7FFFE60032
0092FF8100120005
FF4CFFCCFF9B0078
FFFCFFA5002FFFDE
FF76FFA1000BFF89
0099003D00420012
00510081005BFFD8
FF74FF70FF87FFA8
FFD40012FFBDFF5D
FFE4004300C7FFE9
000E0022FFD7005F
FFBFFFFBFF24005C
FF8B006A0053007E
FF93FFF3FFBFFFFF
0025FFEC00660018
FFF3FFEBFFCCFF9D
0038FFCF005B0051
FFFFFFE1FFAF0025
FFA1FF920057FF97
005EFFB5FFC8001B
FFC10036FFA20009
FFA2002800010048
00140053FFCB0013
FFC5FFD8FFAFFF61
0016002F00350075
001D0042FFAD0072
0030000900370011
0077006F0092FFAF
FFA2FFEDFF81FFA0
004FFFA6FFF2FFF2
FFC3005E0045007E
FFC2FFFA006D0020
FF78FF94FFDB0016
0065FFBCFFF50020
FF8BFFE9FFBA0054
FFF1FFA6003DFFFD
FF92FFC20000FFB6
007D00400021FFFB
0051005E004DFFEF
FFA2FF98FF89FFB5
FFDB001CFFD9FFA9
FFD3001F0089FFB3
0010002FFFDE005D
FFD20015FF630036
FFA8005700090036
FFA90000FFE2000C
000D00050061000D
FFECFFFAFFDBFFC2
002FFFC6005E0049
FFF3FFECFFB2000B
FFC2FFA7004BFF9B
0062FFBAFFE90019
FFBA003FFFA00004
FFBF002AFFD60036
FFFB0049FFE10011
FFF6FFDAFFD0FF7D
0011002300270061
FFE9003AFF9D0060
003EFFEA004A0009
006100700080FFCE
FFAFFFF2FFB6FFB1
0041FF9CFFE90016
FFCD0067002D0061
FFC1000900500002
FFAAFFB0FFD2FFF1
0058FFC2FFDB0059
FFB7000BFFAA004E
0005FFAA00430022
FF95FFD4FFF3FFD0
0079005C0025FFF3
00480036004F0005
FFA7FFA8FF97FFA1
FFDF0006FFD1FFB8
FFD100070071FFA7
000C0024FFF10057
FFFE001FFF7F0038
FFAF0049FFE70023
FFCA0002FFF60034
0009001A00590002
FFF5FFEEFFCBFFD6
003FFFCB00430047
0000FFECFFB2FFF1
FFE3FFD70022FFAF
004EFFC7FFF10020
FFCF002DFFA20006
FFD50008FFC0002C
FFF10047FFEB0002
001AFFD5FFD4FF8D
0008002E001A003E
FFD3001DFFA00050
003CFFE100380017
00390079005A0014
FFC2FFE7FFD6FFC1
001DFF9AFFDE0024
FFD5006B0006003B
FFDB00080025000A
FFBAFFCFFFD0FFD1
0040FFCEFFEC0045
FFCA0039FFAC0032
0000FFB700400011
FF8FFFF9FFFAFFEB
0074004C000F0000
0038002A0045000B
FFC2FFDBFF95FFC9
FFFDFFDFFFC9FFD4
FFCE00020076FFAA
00220011FFEE005A
002B0019FF8F003A
FFCA0029FFD90024
FFD90000FFFE0048
000B000E006F0005
FFF7FFEAFFB1FFD8
0042FFD000420060
0011FFF4FFB8FFE5
FFF9FFE20019FF97
0046FFC4FFF70033
FFCD002DFF9F0005
FFD5FFF7FFC50029
FFF2004BFFF8FFF4
002AFFD7FFE0FF8B
00060042000C0040
FFDF0013FF940041
0045FFEE0043002C
003100790055002A
FFCEFFDDFFF3FFC5
0007FFA6FFDD002D
FFD5007D0008001C
FFD8000A00120006
FFACFFDEFFCFFFB0
0033FFC9FFF50045
FFCB004CFFAE002C
0000FFA300430006
FF8AFFF6FFFCFFEE
008300610021000E
0039002300430009
FFBDFFE5FF86FFD6
0009FFC8FFBCFFCD
FFD5FFFE0081FF9C
0017000BFFE30059
003E0023FF8B0033
FFB80016FFDF003B
FFDF0007FFF90056
001E001A006A000C
000CFFF5FFA6FFE3
0041FFD000360068
00180001FFC6FFDE
000AFFFA0015FF89
0039FFC400010046
FFDE0022FFA4001A
FFD9FFF1FFBF0034
FFFD0057FFF8FFE8
0044FFE5FFDDFF91
FFF9004E000A0033
FFEC000AFF99004D
0036FFE600370043
002D006700530049
FFDFFFDF0006FFDE
FFFCFFB1FFE30037
FFCA008B0008FFFA
FFE1000D000DFFFF
FFA3FFE4FFCAFFA6
002CFFDBFFF20047
FFC1004FFFB90011
FFFFFF9E004A0002
FF82FFF1FFF2FFED
0087005E00260018
0040001800440002
FFC3FFF4FF6EFFE3
001AFFAFFFB1FFCB
FFD700000094FF9D
000A000DFFE8005C
00430011FF80002C
FFAE000FFFDE0054
FFCC000800070040
0018002B00710009
00090002FFA3FFEA
003DFFD900240078
001C0016FFBFFFE1
FFFDFFFC001BFF7E
0035FFB3FFF50051
FFE50030FFAD0023
FFD2FFDBFFC90035
000D00500001FFE4
005CFFF4FFE3FF9D
FFF7004B001E002F
FFF00006FFAD004E
0043FFDF00150057
0040005100550040
FFF2FFDF000CFFF6
0013FFC2FFE50034
FFD90087FFFDFFED
FFD60015000C0008
FFBAFFE2FFDDFFA8
001FFFE3FFE5002D
FFCC004DFFCC0007
FFF8FFA000510014
FF81FFE4FFFDFFF9
008C0057002C002D
00470017003CFFEB
FFB9FFEDFF72FFE6
0014FFAEFFA7FFD4
FFD6000B0099FFA0
FFED0020FFF9005D
002D001DFF83002D
FFBD001EFFEC005B
FFC30003000F0045
001C0039007E001A
0013001AFF99FFDC
0040FFD400200091
00270024FFBDFFD1
FFF4FFF90034FF56
0021FFA6FFEC006C
FFE00043FF950038
FFC1FFC9FFDC0045
0017005A000DFFE1
00730006FFE4FF95
FFE90062001C0035
FFFE0011FFAD0060
0049FFDC00060075
005000340061003D
000AFFDF00280022
001FFFD5FFF30025
FFE3009B000CFFE8
FFCE0023000D000C
FFBBFFD9FFDAFFA1
0028FFEFFFCC0029
FFCA0038FFD8FFEE
FFEEFF9D006D0023
FF77FFBE000EFFF1
00A6006600370049
0050000F0049FFF2
FFACFFDAFF6AFFF2
0007FFA4FFA5FFCA
FFC6001100B2FFA2
FFD3002300030050
0014002BFF7A002B
FFA50032FFF0007F
FFBBFFFAFFFE0045
0018003A00870019
00080010FF8EFFD4
0058FFCC001C00A1
00260023FF9BFFD1
FFE6FFF60038FF41
0021FFA5FFE8007E
FFC8004CFF880037
FFBAFFCAFFF8003B
0019005A0009FFD8
00760001FFDCFF93
FFEF00700011003C
000E0004FFAC005D
0057FFD7000C0088
005B002B006E002F
0012FFD800380020
001CFFD8FFFD001D
FFE700A3000CFFE9
FFD30024001B0015
FFB6FFE0FFD6FF98
0023FFE9FFC00020
FFC20035FFD4FFF3
FFE3FFA300750032
FF76FFB9001DFFF4
00B3007400450063
00630004004DFFF0
FF98FFD1FF4BFFF8
000AFF96FF9FFFCA
FFB9001F00BCFFAA
FFCB0028FFFE004E
000E003DFF630035
FFA60030FFF10095
FFBBFFF2FFE70036
001A0041008A0027
000A000AFFA1FFD7
0061FFC8001B009F
000F0014FF9FFFD4
FFE8FFEC0040FF40
0024FFA6FFDF008D
FFB2005FFF7F0045
FFABFFCF000C003D
0017004A0007FFE1
00700001FFDBFF9B
FFE9006D0003002E
000E000EFFA6005B
004EFFD8000E009B
005D002100640017
0022FFEA00450029
0028FFE000140016
FFF00094001CFFF1
FFCE002C00330020
FFB7FFCDFFD0FF9E
0035FFE4FFBC001A
FFC3001BFFC8FFEE
FFE1FFB500820047
FF90FFBB0025FFED
00BE007A004E006D
0072FFF50052FFE7
FF89FFC5FF46FFF2
0008FF9CFFABFFD8
FFA5001800B7FFC8
FFBE001800030030
0007002FFF6D0043
FF940028FFFA00A8
FF98FFE3FFE10023
0024006000990033
00110019FFC4FFDE
0061FFD2001100A0
FFF4001AFF87FFDB
FFD9FFDC004AFF3D
0039FF9BFFD9009E
FF980084FF75005D
FF94FFDD00060045
00160041FFF0FFF0
00830001FFDBFFA1
FFEE0066000D002B
00080002FFAD0063
0057FFE1000300A7
007200070058FFE7
003C0003003B0033
004AFFEA0025000E
000A007C0025FFF6
FFB30035005E0031
FFC1FFADFFCEFFB3
003AFFD6FFAB0020
FFCFFFFCFFB8FFF4
FFD1FFD2009A005D
FFA8FFB4002AFFE6
00D8008E004E008B
0096FFEE004FFFCF
FF74FF99FF51FFE6
0007FFA6FFA4FFE1
FF95001C00C4FFCC
FFAB000F0023001B
FFED001AFF5C0040
FF970036000500B0
FFA6FFCAFFD10036
003D005100B90051
00160027FFEFFFE7
0041FFDE001F00A7
FFF00028FFA4FFD3
FFDBFFEB0053FF3A
005EFF76000400B9
FF90008DFF70006D
FF85FFFBFFF40056
0016002DFFEAFFF0
007D0018FFE0FF8B
FFF3007E0007000E
FFF30008FFA30069
0069FFF0002800C0
006300030051FFCB
004C0012003D001D
0048FFF200240032
001000680039FFE5
FF9D002C0077003E
FFB1FF9FFFD6FFD2
0048FFC0FFA80055
FFCCFFE4FFB00024
FFD6FFC800850054
FF9CFFAD001FFFDC
00F800BA004900A2
00AAFFE90049FFBE
FF66FF79FF64FFE9
000EFF97FF89FFC3
FF96001000E3FFB5
FF8EFFFB001C002D
FFEB001BFF3D002B
FF8C0038FFFC00B8
FFAAFFACFFAA0033
0056004E00D60071
0015001E003CFFF2
0027FFE700390083
FFC3000FFFB0FFF4
FFEAFFDA005DFF66
0097FF70FFFA00E4
FF7500A6FF770089
FF5F0033FFE70074
FFF9FFFCFFD8FFFD
006E0027FFECFF9A
000B005EFFFDFFD6
FFDAFFEBFF920065
00590011004F00C3
005800010037FF93
0049004A002C0002
004DFFD7002A0033
FFFC00320058FFE1
FF7A0020008D0055
FFA4FF76FFCA0007
005EFF97FFAE0083
FFCDFFA9FF800049
FFD9FFFA0065003B
FFC7FFC9001DFFC6
010600E1002400A0
00CAFFE2004FFFAB
FF62FF67FFA2FFD7
0022FFABFF83FFD1
FF94000100DBFFC1
FF80FFCA0011001D
FFFCFFE6FF340030
FF65004E001500AA
FFA9FF81FF9F0048
0071004400E80061
FFFF000D005BFFDF
001CFFD300560063
FF95FFE7FFA60013
0003FFBF005AFF7C
00CDFF6EFFD8010F
FF5900C2FF790097
FF3A0066FFE80090
FFD1FFD8FFE2FFF4
005C0027FFF5FF91
000800390002FFBB
FFD8FFD1FF7C003F
00680035006B00CA
004700140030FF80
0046007F0003FFF3
004FFFB000260024
FFE80023005BFFF3
FF6A001C00930073
FF9CFF5AFFBE000F
0065FF7FFFC7009A
FFBEFF7CFF560065
FFD9000B0064001D
FFD9FFE80022FFB4
011E00F60001009B
00EAFFF6005CFF9D
FF60FF68FFC0FFD5
0030FFC2FF78FFDD
FF88FFF400D0FFD3
FF8AFFB400010005
0005FFD2FF240040
FF360064003C00B2
FFC8FF81FF96003D
0068000200FC002F
0008001E002DFFE0
0018FF9E006B003E
FF81FFDCFF94003F
001EFF9C0080FF5C
00F5FF67FF950118
FF6000F2FF4F00AF
FF1B0070FFDD00C8
FFBAFFDAFFE7FFE3
0046002F0023FF94
FFF000130026FFAC
FFF7FFBAFF74001C
0073004D006B00D9
006300150018FF5E
003C0083FFED0015
005CFF8F003F0015
FFE1005900550017
FF66003700AD0083
FF69FF4CFFAB0014
0076FF5EFFC400A7
FFAFFF6CFF2C0067
FFF6FFFD0072FFDF
FFCBFFE50029FFA7
0139011800030062
01190009006CFF89
FF43FF56FFEEFFCC
0011FFD3FF52FFCE
FF98FFF300FEFFDB
FF8DFFB90013FFF9
0020FFECFEFE0069
FEF1006E006500B8
FFD1FF8BFF910023
0071FFE500F90008
000E002B000FFFEF
FFFFFF8A007E0028
FF71FFD8FFA80050
0024FF970089FF48
0100FF67FF7B00FD
FF630106FF3D00A0
FF090069FFD200D6
FFAFFFCCFFE2FFEA
003C00250023FF95
FFDCFFF9003EFFA8
FFFEFFB0FF6B0011
0078004A006300E0
0072000F0009FF54
0046008AFFF10024
0057FF8400450006
FFDF006F00500021
FF64003600BA0083
FF58FF4BFFAC0012
007AFF5DFFB100AA
FFA4FF6AFF24006D
0001FFEE006BFFC4
FFCBFFDD0026FFA0
013C01110013003D
0130FFF6006CFF80
FF40FF4DFFFEFFC0
0000FFF4FF55FFDB
FF9CFFF20108FFF4
FF92FFB20025FFED
002F0001FEFC007D
FEDA006C007200AC
FFE0FFAFFF9E001A
0072FFC400E6FFF5
00330035FFDAFFFA
FFFDFF7E008D0015
FF6DFFEFFFB70067
002AFF990095FF24
00F1FF62FF6A00CE
FF6C010CFF39008F
FEFD004DFFD600CF
FFB8FFEAFFDEFFCF
001F000F003DFF95
FFB8FFE0006CFFBC
0013FFA4FF800008
00770040004B00D6
00810007FFFFFF54
00430079FFEF003B
0035FF91005AFFF3
FFC4009800360034
FF64004200C40083
FF4CFF47FFAB0007
0073FF52FFA900B2
FF87FF7AFF2D0075
0025FFDB0059FFAC
FFC9FFBD001DFFA1
012500EE002A000E
0127FFF50079FF7C
FF37FF43000DFFB9
FFD90009FF62FFB2
FF92000B010E0007
FF98FFBA0050FFDC
00350014FEFD0093
FED40068008600C4
FFE3FFDFFFAD000B
0083FFB700BDFFF0
003E0046FFA00003
0015FF8600900004
FF800010FFBC0072
0022FF9C009BFF04
00D8FF64FF760086
FF610101FF3E0081
FF02004BFFC200B5
FFCAFFF8FFDAFFAB
FFEC00000047FF9C
FFAAFFC8008A0008
0024FFB7FFAA000E
00520016002C00B2
008F000C001EFF55
0030006E00050039
000FFF9B0061FFE6
FF9A00AC002B0039
FF5A003900D9005C
FF3AFF43FFC50005
007DFF6FFFB600B1
FF66FF92FF4E0081
0033FFDA0039FFA9
FFB7FF890000FF88
00E800B80067FFD7
0106FFF00080FF90
FF32FF30FFF9FF9B
FFA10018FF8DFFAD
FF91002200EA001E
FFA9FFD9007EFFD9
002F0020FF0C0097
FEFD006900A100CE
FFB4FFDDFFA5FFEA
00A0FFD70090001F
005A005DFF950006
0018FF8F0092002D
FF770043FFD4005E
FFEFFF8C0090FEE2
00C2FF64FFAE0029
FF5200E4FF5D007C
FF100065FF9C00B0
FFE90002FFC7FFB5
FFD7FFEA0037FFBB
FF8BFFB0009A0050
0006FFDCFFBC0041
0030FFE700310078
00B000220056FF4A
002F0074FFF3003A
FFEEFF94006CFFD4
FF5F00AF00360026
FF61002E00F50031
FF3CFF3BFFBD0002
009DFFBCFFAD00C2
FF4EFFA3FF86009F
0037FFC20010FFB5
FFCDFF3AFFE0FF61
0095009500A7FFAF
00DEFFEA00A7FFB2
FF2BFF14FFCEFF55
FF73004CFFBBFF92
FF88003A00A10034
FF8E00150089FFE3
001B0007FF2A0088
FF3B007700B200C9
FF8EFFB5FFCFFFF7
008B001200760013
00490070FF92000C
002BFF9600810049
FF80005FFFC30032
FFBCFF7D006DFEFB
00ABFF6CFFF0000B
FF4400CBFF660073
FF2A006DFF820082
FFD90018FFA9FFD7
FFF5000A001FFFB0
FFA6FFC2008F0093
FFF3001FFFBC0060
001CFFA6002D003C
00B1006C0082FF55
00170079FFFC0034
0008FF9D0061FFF7
FF6C0093006A0018
FF68001800EBFFEE
FF48FF44FFD5FFEE
00B4FFFDFFB500AF
FF24FFA9FFB40096
0043FFC2FFFCFFD6
FFCDFF19FFD5FF41
0097008600E1FFAB
00B7FFDE00B4FFDB
FF31FF1FFF9EFF4C
FF560069FFEFFF96
FF8E00160070001D
FFA5004D007B000E
000B000BFF3B004D
FF8C0075008600B1
FF83FFB2FFE6FFFC
006C002000790003
0029006FFF93FFFD
0027FFAE0074005C
FF920064FFC30007
FFA3FF860065FF1F
0091FF760007000B
FF4200A5FF73005C
FF5A005BFF870056
FFD7001CFFAAFFE5
000A00140017FF9D
FFB9FFBE00680088
FFF90033FFAD005D
001CFF9F003C000A
00B0008C0094FF61
FFFF00680000003C
0014FF9A00560007
FF7C0079007D001B
FF7B000C00CCFFDB
FF6BFF65FFE8FFE4
00C3001CFFC60095
FF2EFFBDFFC3008A
0028FFA70006FFF4
FFC2FF20FFDCFF3E
0095008200E8FFD6
00A3FFDA009EFFF8
FF36FF4EFF92FF4A
FF6100760003FFA0
FF9B0004004BFFF0
FFAF00700051002F
00020010FF54002E
FFA6006B005C0091
FF74FFA0FFEFFFF4
0079002200630013
0024007DFF8EFFFD
0022FFA500780065
FF82006CFFBAFFFE
FF90FF66006EFF23
009CFF780014000B
FF4100A6FF770053
FF4F0077FF77005D
FFCB0028FFA8FFFD
00120019000BFF9A
FFBCFFBB005B00A5
FFCF004BFF940074
001DFF7F003F0001
00BE0096009EFF53
0008007BFFFE003C
0031FF8300590007
FF69007A00900010
FF72001100CEFFC0
FF59FF60FFDBFFE3
00D70038FFB0009E
FF27FFA7FFCF0077
0041FFB7000BFFF1
FFDFFF13FFD0FF32
0094009400EEFFB6
00A4FFD300B9FFF2
FF2CFF42FF83FF3B
FF5800880000FFA4
FF9DFFF3005FFFEC
FFA5008A0052003C
000A001DFF4F002A
FFB4006D0052009A
FF6EFF8FFFF4FFF2
006600220074000E
001A0077FF910000
001AFFAA0078006C
FF870071FFB0FFF8
FF8EFF620075FF33
0096FF80001A001B
FF3F00A8FF670048
FF63006FFF740059
FFBB0037FFA50014
002200230012FF9A
FFCEFFBF0052009A
FFC8004FFF830074
0031FF7E0043FFF3
00C400A500A7FF50
FFF300710002003E
0035FF7B004E000C
FF73007B0098002C
FF81001700C5FFA8
FF5DFF61FFD2FFD3
00DF0044FFAD0099
FF3BFFB3FFC3006C
003FFFAB0021FFFD
FFD3FF0FFFD0FF45
00A000AF00F3FFBE
009FFFCF00B0FFFA
FF2AFF48FF83FF37
FF570089FFF2FF9D
FFA6FFE00060FFD5
FFA9009500360044
00110028FF51001E
FFBA006A00360083
FF76FFA7FFF8FFED
005000230068000C
000D0060FFA30001
0009FFC0006D005B
FFA10062FFC9FFEF
FFA2FF740061FF6A
007FFF9C001C002F
FF680085FF820031
FF820058FF860057
FFC1003CFFBA0013
00220021FFFFFFA1
FFD7FFDA00420084
FFD5003CFF9D0053
0035FF9F0041FFF9
00AA0090008FFF7A
FFFA005C00080026
0028FF84003BFFE8
FF83007800800025
FF9C000D008BFFB1
FF77FF76FFCDFFC5
009F002AFFB0007B
FF69FFD6FFBF0049
0029FFC000300004
FFD4FF42FFD5FF6F
008E00A200B7FFCE
0080FFED008CFFF1
FF6AFF68FF93FF69
FF860071FFDFFFA9
FFB7FFDB0058FFCD
FFC30078001F0040
00180020FF6F0022
FFB600560022006B
FF72FFB7FFFAFFF8
0054002F004D0022
0027005CFFB90010
0002FFD200630054
FFB10059FFE3FFF2
FFB8FF75004DFF8F
006CFFA7001B0032
FF94006DFF96002A
FF92004EFF6D0070
FFC8004AFFBE0026
002F001CFFEFFFC8
FFDBFFEC003D0080
FFB3003AFFAC0050
0029FFA0003E0005
0095007D0077FF9E
00120053000E0023
0015FF91002EFFD9
FF830078007B0003
FFA500080071FFA8
FF81FF6FFFBBFFC7
00720040FFB40074
FF87FFEEFFC4002A
001BFFE40026FFF0
FFFDFF5BFFC1FF96
00640096008CFFC0
0071FFF2007BFFE7
FF95FF6DFFA7FF92
FF9C0074FFD9FFBA
FFBEFFCA004AFFCB
FFB6005E0016003C
00300004FF8E000D
FFC60049001F005E
FFAEFFD60019001C
004C002B00740003
00200037FFB90003
0007000400410048
FFD8003CFFD5FFE8
FFF0FFAC0027FFB6
0043FFB2FFFC0059
FFB70046FFA0001E
FFAD0018FF9F0069
FFBE005FFFBD0014
0034FFFDFFF3FFA7
FFD90012003E005D
FFD70020FFA7002A
001AFFC80036002C
00560064004FFFD5
00060021002C001C
FFF9FFB70024FFF9
FF9A006500730009
FFBEFFFB002FFFCF
FF95FF9CFFB1FFAB
003B001FFFCA0042
FF94002AFFCB0013
0015FFD90026FFE0
FFECFF98FFD7FFC4
007300620056FFDD
005EFFF40047FFEB
FFC8FF9EFFC6FFC8
FFC80042FFD9FFE5
FFB8FFCE004AFFB1
FFE0002DFFF4002B
003F0013FFA3FFEA
FFB90031FFFE005C
FFB1FFDF00120013
004C0034005C001B
0026002FFFC7000B
000000040036004D
FFDB0037FFDDFFE6
FFFEFFAF0011FFC5
003EFFB30002005E
FFD20041FFAD0014
FFB00011FF960079
FFCC0062FFCF0017
0031FFF8FFE4FFB6
FFDD0021003D006C
FFCE0018FFBE0027
0011FFCB0027003E
004B00580042FFEA
000E00250028000C
FFF7FFBB0018FFEE
FF9E0069006CFFF5
FFC6FFF70022FFCD
FF91FF96FFA8FFA5
00240018FFCA003E
FF9F0035FFD40005
000DFFEF001FFFD6
FFF6FFA9FFCFFFD2
0061005A003EFFD2
005A0004003FFFDC
FFDBFF9FFFBAFFDF
FFE10030FFD5FFF3
FFBBFFC90050FFB8
FFDC0021FFF60025
00460009FFAEFFE9
FFBF0028FFFD0057
FFC0FFFB00190026
003E002700560027
002C0020FFC20002
000F000E0030004F
FFF80030FFEBFFE5
0013FFC70011FFC3
0033FFC0FFF00058
FFEC002AFFB3001F
FFC1FFFAFFA00078
FFE8005EFFE20014
0040FFEEFFD4FFB0
FFE9002C00320058
FFCA0007FFC50027
001CFFE70027003F
0037003A00460004
001D000500230010
FFE6FFC90015FFFB
FFA3006C005EFFDC
FFCDFFF70007FFDD
FFA0FFACFFB7FFB2
00080010FFDF0037
FFBD0051FFCFFFF9
0005FFF50022FFDD
FFECFFC2FFDFFFE3
0052004A0028FFE1
004E000B0029FFD8
FFE6FFA6FFC5FFFB
FFFF0010FFC0FFE4
FFC8FFD10055FFBA
FFE50012FFF40025
0047FFF8FFB2FFED
FFC10016FFFB005C
FFB400020031001A
0033004900550013
003B0026FFD40003
00170012001A003B
FFF00028FFE3FFF0
0022FFC5001DFFC6
002CFFCDFFCE0056
FFDF0036FFBA0035
FFB1FFE7FFA60079
FFDB0062FFE60028
0048FFEEFFD4FFB3
FFEE001C00440039
FFC0FFFDFFD40034
0011FFF8FFF90033
005100240044FFEA
0026000900130028
FFF8FFE8001AFFFA
FFAD0066005AFFE2
FFBB00080006FFD8
FFC3FFADFFC0FFC7
FFFC0028FFDF002A
FFC6004DFFD3FFE7
000700050036FFE8
FFF8FFC9FFD7FFED
004600300014FFEE
005800000024FFEA
FFDBFFABFFDDFFEF
000A0010FFBBFFEB
FFC1FFDF004EFFB3
FFE5000800140011
002FFFEDFFB8FFE2
FFB8002B0006004E
FFD000030023001C
002C003E0050000D
00390018FFEE0002
0016000600100030
FFE5001FFFEFFFEF
0028FFD4001DFFCD
001FFFD9FFD2003B
FFDC002FFFC40030
FFBBFFF4FFC20067
FFE10046FFE8001B
0035FFF5FFDFFFC3
FFF7001400290035
FFD5FFFFFFE10029
0009FFF7FFEF002E
003B00290038FFEE
001E000F000A002D
FFFBFFF500180001
FFBC004C0042FFF8
FFBC00080016FFF0
FFDFFFC4FFC1FFDF
00080015FFE00024
FFD20030FFDDFFF8
001900030032FFF8
FFF0FFE1FFEFFFF8
004500250004FFFF
0039FFFD0026FFEC
FFDDFFB8FFF1FFEA
00020002FFCBFFF5
FFC9FFEB004BFFCE
FFF2FFFE000F000D
0026FFEDFFCCFFF5
FFBD002DFFFF0044
FFD0FFEB00210023
002F002F00610002
00260020FFFEFFDF
0023FFFB0016002D
FFE1001AFFFFFFF9
001EFFD90024FFC9
002EFFEBFFCE0037
FFAD0033FFBA0046
FFAB000EFFEA0053
FFCF0025FFF30015
0034FFFCFFF9FFBD
FFF0000A00170029
FFE1FFF0FFD70019
000F000BFFFA0030
003E001E0031FFE2
001C001E0008002F
000FFFFA0013FFF3
FFBE0043004E0010
FFC00007001E0001
FFEEFFD2FFBEFFF6
00080006FFEA002E
FFD70013FFD8001A
0013FFFB0039000A
FFF1FFD6FFF8FFE7
0053002EFFF40010
0030FFFD00370005
FFD7FFB60003FFF2
FFFD0002FFCBFFE8
FFD300010041FFD6
0003FFFB00070009
0013FFF2FFC1000C
FF9D003D00140058
FFDBFFDE000B0023
00310036005EFFFF
00170018001CFFD2
0033FFE5001B0034
FFD3000CFFF2FFFD
001AFFE80021FFB8
002AFFF1FFD90040
FFA00036FFBD0044
FFA0001DFFF3003A
FFCC001CFFF60008
00290005FFF4FFC0
FFF5000CFFFC0015
FFEEFFEAFFCA001D
001B000600120043
003D0028002BFFDA
00070019FFF10016
0023FFF5FFF90005
FFCC003B00410021
FFC3001A002F001D
FFE7FFD7FFC6000E
002AFFE4FFF2002D
FFD8FFEFFFC40023
0014FFF800400012
FFEBFFE60003FFE5
0065003DFFEA001D
003AFFFE0054000A
FFCDFFC3FFFBFFE5
0003FFE3FFC9FFE5
FFC400120058FFE4
0006FFF20003000B
0013FFE3FFAE0023
FF9800350019005F
FFE3FFCEFFEA0022
0041001C007D001D
001B0014002FFFE5
0033FFCB0016002D
FFC9FFFEFFD50005
0017FFDD0026FFC4
004DFFD7FFDA0052
FF870053FFB30055
FF990038FFFA004C
FFD00015FFDD0006
00290007FFF3FFD2
00000018FFF60024
FFF4FFE8FFCF0010
0022000E00160058
003100240014FFC0
000D0021FFF8000E
0024FFE0000A0007
FFD0002900400019
FFCA001C00530034
FFD7FFC2FFCA0011
0037FFCDFFF20029
FFC3FFD1FF9F0025
0009FFF700450011
FFE5FFEC0003FFE0
0073005CFFF0002F
0050000B0058FFF0
FFBBFFC4FFF8FFE1
0000FFE3FFBDFFE1
FFC700170078FFE9
FFECFFE00008000E
0019FFD8FF88003F
FF96001E002C0073
FFD7FFA2FFD1001E
003DFFFF00A9001F
000800250029FFDB
0023FFAA00310026
FFC5000DFFAF0038
FFFEFFB20021FFA3
0093FFA8FFBD007D
FF6A0087FF910085
FF670048000C0067
FFDC0007FFD1FFE1
002D00060004FFC8
FFFD00100011000B
0009FFCCFFC4FFF4
005400420046008F
00440021FFFAFFA0
00110024FFE50005
004CFFAB001CFFF7
FFE2003E00420025
FFD2003200780050
FFB3FFB0FFCE0014
0042FF97FFEB0033
FFACFFB0FF61003E
FFEBFFCF006B0009
FFC7FFE90015FFBD
00BB00ACFFF1002C
008A002B005EFFD8
FF95FFBDFFE9FFF1
0008FFE0FF8DFFB9
FFC7002F00C9FFE1
FFE0FFDD000E0007
0034FFECFF38006D
FF59001F0050009D
FFD0FF9BFFBF0013
0045FFF200D30019
000900230016FFEA
0027FF9200480027
FFC40011FFBB004A
FFF8FF9B003BFF82
00A4FF8AFFA7008F
FF4B00ADFF620091
FF47003B00080087
FFDC0000FFCAFFDB
002AFFFB0007FFBF
0000000B001D0005
0016FFBCFFBFFFF3
0068005C004900AE
00630021FFFAFF8E
000B0024FFDF0009
0051FFA00030FFE6
FFDD005500430033
FFCC003500970061
FF94FF92FFD3000D
0042FF73FFED003F
FF9EFFA4FF35005D
FFE4FFC80068FFFD
FFB7FFD7001CFFAE
00EB00CE00000034
00AA0033005FFFCB
FF7AFFA2FFF6FFEB
FFFAFFE8FF73FFA0
FFBD002600ECFFDF
FFDBFFCF001B000F
0040FFFCFF17009A
FF37001D006600B0
FFE8FF84FFA3FFE4
004BFFC501140007
000E0037FFC90009
0010FF65007F0015
FFCA003DFFC40092
FFECFF6B0070FF42
00DCFF56FF61009B
FF2400F5FF2E00A9
FEFE002E002F00D8
FFD3FFF0FF9DFFC2
001FFFCD001AFFA6
FFE100040063000C
0049FFB2FFB6FFE0
00A70078003E00D2
009CFFEEFFE6FF61
001C0025FFCD0020
0059FF870064FFB6
FFD7009C0042005A
FFC5003700C6007C
FF47FF84FFCA001A
0045FF3CFFE4003D
FF79FF9DFEF6007C
FFFEFF940078FFD1
FFA1FFAE001FFF8D
011D00FB0011FFFF
00DE00380045FFA3
FF62FF640007FFF8
FFDA0019FF4BFF4B
FFD700440153000E
FFD1FFC70023FFFC
00510034FEC200CD
FEF4002F00A000EA
FFD2FF91FF9EFFE5
0063FFCB012F0009
00180029FF9F0014
001AFF6000970018
FFB90051FFD900B5
FFECFF6F008DFF04
00D6FF54FF3F008F
FEFF0110FF1C00AB
FEC70018002F00DC
FFCBFFFFFF9CFF9F
FFFBFFBA001AFF8D
FFD70001008C002A
0073FF9DFFB9FFF9
00A10069001B00D7
00C5FFF3FFF3FF56
000C0026FFC8000C
0037FFA4006DFF95
FFAB00C500310081
FFB5003200E40080
FF2DFF5DFFDD000F
0042FF20FFE20030
FF4AFFA5FEE50097
0010FF8D0062FFBA
FF8CFF7E0016FF77
012500E2003BFFFB
00E3004A005EFFA6
FF40FF3CFFF7FFD9
FFB50016FF4DFF20
FFCB005A0168001F
FFD3FFB50031FFFC
00440037FEB100EC
FEE4003900B8010C
FFC7FF97FF90FFAF
0076FFD101210014
00220014FF740021
0015FF6500D2FFFE
FFC1006CFFF700E6
FFC8FF5800A1FECF
00BAFF48FF34007C
FEE4011DFF2300A0
FE79FFFD005B00FA
FFC7FFF2FF9BFF91
FFBFFFA10001FF6D
FFD9001600C00058
00A7FFA5FFBB0010
00BD0046FFFC00D4
00E5FFE30025FF42
FFF0001AFFC1FFF3
0019FFC80080FF68
FF8600DA001300A1
FFA4003701010094
FF0DFF43FFEF0017
004FFF1BFFD80038
FF28FFA0FEE100B5
0041FF870045FFA1
FF7BFF53000FFF63
012600D2005EFFE9
00E6004F006CFFA0
FF23FF0BFFEAFFB4
FF96003BFF49FEC6
FFE400490192005A
FFD5FFAF003CFFFC
0022004AFE8800F8
FEE0003700E7012B
FFBCFF97FF83FFB0
008FFFD2012C0014
0024000EFF5B0008
002FFF5500CA0011
FFBE0072FFE900DD
FFAEFF51009DFEA3
00BFFF41FF31006A
FED50126FF1300A5
FE56FFFF006500F1
FFBEFFF2FFAEFF8A
FFB1FF99FFEEFF4E
FFD8001F00C7006D
00BCFFABFFA7001D
00B10042FFEA00DC
0103FFFE0040FF38
FFE60024FFADFFEB
001EFFD2007EFF67
FF8300E0001C00B4
FF930043012500A3
FF03FF32FFEF0012
006AFF0BFFCF0045
FEFFFF8FFED800CB
003EFF88003CFF99
FF62FF3B000DFF36
014800CD0079FFEA
00E700580086FF9F
FEF9FEFAFFD3FF96
FF8C0043FF50FEC8
FFD5004F01AD005D
FFCBFFB900460004
001F0042FE7C0112
FED2005000EE0140
FF8DFF97FF83FFC0
009A000100EA003A
00280020FF59FFFC
0041FF6C00AF002E
FFA90084FFDF00D1
FF89FF57008DFEA5
00A0FF5AFF6D003F
FEC80108FF3D009C
FE670027003900C5
FFD4FFF6FFA1FF93
FFA4FFA8FFD6FF49
FFC9002900C900A9
009DFFE5FFA70070
008DFFF4FFFE00A4
00F8001D0077FF31
FFD60045FF9DFFBE
002AFFD60075FF6F
FF6800B1003100A3
FF7500280123006F
FF0AFF0FFFF60012
0089FF49FFD40063
FEF9FF97FF1800C1
0046FF9B0025FFBF
FF95FF14FFEBFF24
010B00A800A2FFD9
00C4004F00BCFFB0
FF07FEE6FF9FFF74
FF81004AFF87FED9
FFD5004701720061
FFDCFFEE004E0023
FFDC0015FE8E00E9
FF28007B00D9011C
FF77FF94FF7FFFC5
0069000C00C00040
00020010FF6AFFE3
0052FF93008C0043
FFB00079FFC70098
FF5CFF590061FEDD
0084FF80FFBE002B
FEF800DEFF52007F
FEB8002C00240083
FFF2FFEDFFBDFFAE
FFA7FFBEFFCAFF54
FFE20039009400A2
0082001FFF9A0073
008DFFE000230065
00D5004400B0FF4C
FFBC0039FF94FFD2
0033FFBE0052FF7A
FF9E0071003F0087
FF93001900FD004E
FF44FF3400070004
009AFF8FFFE80055
FF30FFB0FF4700BB
001AFF8D0020FFF4
FF8FFF1EFFEBFF34
00E6008E00ABFFEF
00A3004A00B8FFC9
FF26FF06FF7BFF5F
FF8F0030FFA9FF02
FFDB001801300053
FFEE0016002D0056
FFCAFFF5FED500A8
FF6B0076009600D0
FF8EFFA3FF9FFFDD
00440008008E0028
FFF40009FF7AFFDB
0055FFB5004D0047
FFBB0062FFBC0055
FF6FFF7F0042FF35
0061FF9AFFE30014
FF41009EFF81004B
FF22001F00040046
FFECFFFCFFD9FFC0
FFC5FFDAFFCEFF6B
FFF60034006A0076
004E0037FF96005C
0067FFB5002E0023
009E00510093FF77
FFC00035FFB8FFEC
002AFFAC0037FFA6
FFBC003E0039006D
FFAD000B00B2003C
FF8CFF720008FFF6
0079FFC1FFF0003D
FF64FFC7FF86008B
000DFFA40019FFFC
FFA2FF4AFFF7FF6E
00A6005D0089FFFB
0077003A0090FFCF
FF5BFF4EFF7FFF72
FFA10014FFD8FF62
FFE2FFF500DD001E
FFFB002A000B006B
FFD6FFF9FF43005C
FFA70055004C0084
FFC2FFB2FFD2FFF7
002DFFFE0098FFFA
FFF10013FF96FFDB
0044FFCC004E0051
FFD80035FFB4000D
FF82FF980050FF62
005FFF8EFFE10020
FF6B0079FF7A002B
FF710017FFF10036
FFC30029FFC6FFDA
FFDFFFEDFFEFFF58
FFF600220053006A
00410057FF7C0048
0047FFC400360004
007F007F008DFF89
FFB60018FFE1000D
002EFFB10024FFF1
FFCF00310069006C
FFC7FFFA00950018
FF8BFF940002FFDC
008BFFD8FFFE001D
FF52FFE1FFA00073
000BFF7F0024FFFD
FF93FF60000CFF79
00A9004800970013
0079001E005FFFE3
FF66FF88FF8DFF7B
FFA80031FFF2FFA3
FFD9FFED00A1FFD9
0004003BFFF20065
FFE40025FF6C0017
FFB1003E000E004F
FFD8FFC0FFEAFFFC
002DFFFF0096FFF2
FFFC000BFFA8FFD6
0033FFCD004D0055
FFCC0016FFADFFF7
FFA4FF9D0051FF80
005AFF8AFFDE002E
FF8A006CFF79001E
FF940026FFDD0037
FFB4003BFFBEFFF9
FFDDFFE7FFFBFF56
FFF000090052006A
000E0055FF840043
0038FFC600380019
006C008D0081FF93
FFBB0019FFED000C
002DFFB00020001B
FFCB00320068006C
FFD0000100810004
FF86FF95FFE6FFD0
0091FFCDFFF30025
FF5EFFF1FFAF0066
0022FF8D002BFFF5
FF9BFF700008FF84
00A900580090FFFD
007800040054FFEC
FF6EFF8CFF8DFF86
FFA000240000FFC8
FFC4FFF50085FFC4
FFFB003AFFED0047
FFF10040FF860004
FFB50039FFFA003C
0000FFBBFFEE0013
001900090099FFDB
0009FFF8FFBAFFDC
003AFFBE00410054
FFECFFFAFFC2FFE3
FFDEFFB7003FFFAC
0043FF95FFFC0055
FFA1004FFF8F0014
FFB60027FFE4002D
FFAD004DFFD8000E
FFE7FFF70007FF6C
FFE200190031004E
FFF4004AFF810024
003BFFC6004C0034
00370094005FFFDA
FFC300050016FFF9
0017FFC7000A003A
FFCA003C00500057
FFF800110047FFF2
FFA4FFAFFFE2FFB8
0069FFD100010014
FF82001FFFBF0053
002BFF8C003CFFFC
FF9AFFA40003FFB0
0083006900760013
0067FFEC0051FFF6
FF91FFC9FF89FFAB
FFBBFFF3FFF6FFCF
FFD9FFF90082FFB2
00020009FFD80029
001B003FFFA00009
FFB0000BFFDB0023
0010FFE6FFEF002D
0022000100910004
0010FFF5FFD5FFD6
0032FFCA004C004E
FFFAFFF8FFDBFFE1
FFF5FFD00036FFAB
0034FFA90009005D
FFC20040FF8E0011
FFCD001FFFF00039
FFC1005BFFEF0004
FFF1FFE7FFF5FF6C
FFE5003700210049
FFF60034FF9B0029
002EFFD300500043
001300790054000B
FFC1FFFF0028FFF1
000CFFBAFFF90037
FFCC00640045003E
FFFE001A0022FFF1
FFA1FFCDFFCDFFB5
005BFFCAFFFB0024
FF8F0028FFC2003A
0020FFA5003CFFFC
FF91FFBB0001FFC0
00720064004F0012
00560000004E0007
FFAEFFD0FF95FFCE
FFD9FFD3FFE4FFD3
FFD5FFF8008EFFB1
0001FFF7FFCB0024
0035003EFF98000A
FFA8000CFFCC0037
0007FFF7FFF4001B
0028001C008A0002
001B0001FFF2FFF1
002CFFCC00360042
FFF40001FFE9FFD7
FFF8FFE00039FFC4
0026FFB7FFF60043
FFDD0032FFA2001E
FFCC0001FFE00040
FFD60042FFFD0005
0009FFF9FFE5FF83
FFE5002100280040
FFF00016FFC8005A
001EFFD1002B002B
00220059004F000E
FFC7FFFE001B0008
000FFFCBFFF3002E
FFD8005B0034001A
FFE700280023FFF7
FFBEFFD6FFD2FFC6
004AFFD3FFEE002B
FFA8001DFFB8001A
0016FFCB002F0001
FFAAFFCBFFFAFFC4
005E005A002B000F
004900030047FFF6
FFBBFFC7FFB0FFDA
FFE8FFD8FFE9FFE7
FFD50000007EFFC3
FFFAFFF80001001D
00270029FFAE000D
FFB60020FFDD0022
001DFFF6FFDA002F
0023000A00920009
001F0002FFEDFFE8
0038FFB60040004E
000900030000FFC8
0001FFE70039FFB4
0016FFBC00070050
FFD50031FF9C001A
FFBDFFF8FFF10043
FFCE0049001AFFF7
0011FFFEFFCFFF76
FFE70041001A0047
FFFB001BFFC40057
0025FFD200390034
001500580058002A
FFD0FFF0002C0002
FFFEFFCBFFDE0026
FFDE00760034000F
FFE70021000EFFFA
FFBAFFE3FFDBFFBC
003DFFDBFFFC0023
FF9B0026FFB9001F
000DFFCA0023FFFF
FFA2FFC90009FFC2
004E005900260024
004200030053FFFE
FFC2FFCDFF9FFFF5
FFF6FFC5FFE0FFD7
FFE000040096FFCA
0000FFE8FFEC0025
002D0036FFAB0016
FFAF0018FFDE0033
0014FFF4FFE0002E
0014001100A8000B
001E00220002FFD6
0036FFA100330062
0014000C0009FFBE
000AFFCB0047FFB7
0007FFC0000B005E
FFC5003EFF8E0029
FFA5FFE9FFFA004C
FFCE004F00220009
0020000FFFC7FF62
FFD4003E001A0063
00010016FFCD0072
0034FFC6003E0042
00230054005B0015
FFCFFFF80029000C
000BFFD4FFE70010
FFE5008900460011
FFD8004B0005FFF1
FFAEFFE4FFD6FFC1
0037FFE8FFF2002B
FF9E0021FFC8001D
FFFAFFCC0038FFFC
FFA6FFA70013FFB2
0053006C002A0027
0051FFFF00620009
FFC0FFBBFFA50001
FFE7FFABFFF1FFCC
FFDB002000B5FFC4
0001FFDCFFEA0016
00270048FFAA001F
FF9C0027FFF3003F
FFF0000DFFF80010
00070034008A0001
003F0030002BFFFB
0029FFB30012005B
FFF1001E0008FFCF
0009FFD6005CFFCB
FFFAFFD4FFDF004E
FFD1004CFF97003C
FF8FFFC7FFF70060
FFEC00430019001C
0046001DFFC5FF87
FFEA001800260043
0000FFF8FFEE0081
0029FFD1000F002A
004F001D004FFFF5
FFE8FFFE000C003B
001DFFF80000FFFE
0010007400410000
FFAB005E0014FFE7
FFD4FFDEFFE6FFE9
0020000BFFDF0015
FFBF000EFFCFFFF3
FFFF0007004D001F
FFDAFFAD0008FFDF
0040004D000F004B
004FFFF30049FFF5
FFBFFFA3FFD5FFEE
FFE3FFB5FFEAFFD1
FFD100110091FFCD
FFE8FFE700230011
00040024FFB40013
FFBA003C00000034
FFEDFFF4FFE80011
001E004300740009
00380032003DFFEF
002BFFB000210032
FFF30007000EFFF1
0003FFDA005BFFCD
FFF0FFE2FFD2005A
FFBD0056FFA80047
FF8AFFE200010050
FFD60037FFFC0019
003F0022FFE0FF9F
FFF900180017000E
FFE00001FFE2008A
0010FFDE0017002E
0059001A002BFFE0
FFF5001F000C0025
0031FFED00030009
000300530038000E
FF940056002EFFFD
FFD7FFCAFFD20010
00290007FFD60022
FFBCFFE4FFC7FFF4
001800120043001C
FFF8FF960005FFD9
0050006B000A003F
0050FFE20055000C
FFC2FFA6FFE0FFE7
FFE4FFC2FFE2FFD9
FFBB0009007DFFBA
FFE2FFDF00400007
00040002FFC5001D
FFA600430010003D
FFE9FFEDFFCB0012
0023003900810021
002F0031005AFFF7
002EFFB70029002E
FFE50001000AFFF7
000AFFD20051FFD8
000FFFD9FFEF005F
FFA7005FFFA1003C
FF8DFFEC0004004E
FFD20028000B001B
003E0016FFDFFFAE
FFF60029FFFC0020
FFEDFFE8FFE70066
0010FFE800180033
004600120020FFD9
000000340011001D
002CFFFE0002FFF3
FFFE003F0043000C
FFA90046002E0006
FFD8FFBEFFD60003
0025FFFAFFE8001D
FFCCFFDDFFC90009
FFF8001B002D001C
0006FFAB001BFFC3
0054005F00080050
004CFFF900450009
FFC2FFADFFEBFFF1
FFFBFFCCFFE4FFDE
FFC80003007AFFD9
FFE7FFC80029FFF2
0008FFF8FFCC0023
FFA80032001E003C
FFE1FFB2FFB90016
004A003B00B50038
0029002B005EFFE1
002CFFB300280042
FFD20002FFE20004
FFF7FFBA0053FFC4
004BFFC3FFE5008F
FF7A0085FF95006B
FF750032FFEF005C
FFC1000CFFE7FFF6
003A0022FFEAFFAC
0011001FFFF60001
FFDAFFE1FFC50057
0019000E00410062
003D00290010FFB4
00170060000CFFFD
0054FFD500040016
FFF6001F0054000F
FF95004100560024
FFC1FF8FFFC2001D
0040FFCAFFE90051
FFB9FFAEFF970033
FFEA0010003D0019
0000FFB9000CFF96
009E00A7FFFA004D
008300050052FFFD
FFA7FF9AFFE4FFE2
FFF8FFD1FFB5FFF1
FFBAFFFD009EFFC2
FFD2FFC40027FFFD
000AFFE9FFA10039
FF6E004200390074
FFF1FFB2FFA9000D
0065002800BF0045
00410035005EFFE3
003BFFAC002E003C
FFD5000DFFD0FFFD
FFFFFFAD0067FFB8
0056FFB6FFDB0081
FF7C0078FFA1007E
FF780044FFF5005D
FFBF001AFFDBFFE4
00240011FFF3FFC2
000F001FFFE6000C
FFE0FFE8FFC5004A
0000001000480068
004000340008FFA7
001F0063002DFFFC
004AFFD5001C0023
FFCB001F00580005
FFA0004800590030
FFCCFF8EFFCD0033
0055FFB6FFE60055
FFA2FFA4FF94003E
FFF00002003D0010
FFF7FFB1000AFF90
00A900A6000A003F
007700110052FFF7
FFA4FF98FFDFFFD8
FFE5FFE9FFB1FFDE
FFB5000A0098FFAD
FFC8FFC2002AFFF1
001CFFEAFFAA003C
FF69003C00420089
FFF4FFAAFF98FFF8
0071000000DE0044
004100300033FFDD
004BFF910034003E
FFCE0014FF9F0018
FFFCFF8E0077FF98
008BFF96FFB2008A
FF78009DFF88008F
FF5F0051FFF20069
FFC00026FFCEFFC1
00060011FFFEFFBE
001A000DFFFF0013
0003FFC9FFBF0031
0004001F00510081
005A00320001FF91
002E006B0037FFF3
0054FFC3003B0021
FFBB0038005AFFFD
FFA600450079003B
FFACFF77FFDC0036
005AFF93FFE90052
FF85FFA7FF680055
FFE9FFF10047FFF5
FFE9FFAC000DFF72
00D200C800220024
009E00240049FFD7
FF7CFF85FFCAFFD0
FFD5FFF9FF8DFFD7
FFB9001900B9FF9A
FFBAFFC20028FFEE
0030000AFF760054
FF4B003C005C00AF
FFF7FF89FF7FFFED
008CFFD701280050
00400032000FFFE0
0062FF66004E0059
FFB60036FF790013
FFECFF4A00A9FF70
00D7FF53FF8300A0
FF4D00E3FF4C00BF
FF2C0069FFE2008F
FFC80026FFC4FF8E
0006FFE6FFFEFF9F
0025FFF100170032
0028FFCAFFC4FFF7
0026003F0051009A
006B002FFFEDFF72
0034007A00280018
005FFFA600520010
FFAC0070006CFFF3
FFA1003F00A0005E
FF6DFF43FFE00034
005DFF52FFF50064
FF4CFF9FFF23006F
FFCAFFE20060FFE7
FFB8FFAFFFFDFF51
010800F300360015
00D500500041FFA6
FF56FF73FFD1FFD7
FFB80000FF60FFCF
FFB4003800FFFFAA
FFBFFFA500290003
00500027FF1E0085
FF11005F0078010D
0000FF92FF8AFFDE
0098FFC6013D0037
00380038FFD8FFDB
0054FF4400560042
FFC6003EFF68002C
FFD5FF3A00C1FF51
00E8FF39FF4F009B
FF3D0107FF3300C4
FF15006CFFFD00A1
FFB20022FFAEFF77
FFF8FFDC000CFF96
001CFFD9003C003B
0047FFD0FFCDFFD9
00430046003200A4
00830013FFE4FF63
0041007800220033
0076FFA300650000
FFAE009100600006
FFA8004000BD005A
FF50FF37FFDE003D
0068FF42FFF9005B
FF2DFFA4FEFD0062
FFDFFFCD0075FFD3
FF9AFFACFFFBFF4D
01180100003EFFF1
00F0004E001FFF98
FF51FF74FFE0FFEA
FFA3001BFF51FFAB
FFCD004B012FFFBC
FFAFFFA900280012
0064003AFEF900B2
FEFB0066008D012E
FFF2FF97FF8EFFCA
00B2FFB3014B002D
003E002CFF98FFE1
003FFF3C008A003E
FFA90061FF920063
FFC8FF3600D8FF05
00FBFF1BFF1B009E
FF15013AFF0B00BE
FEBA0051001900CF
FFBA001CFFB4FF5D
FFD4FFBB000DFF5D
0004FFD10074005A
0079FFB7FFC2FFDB
006B004A001500D3
00B1000AFFFBFF44
0026006600020034
0048FFB60085FFC8
FF9000C5004D0034
FF93004000F20080
FF12FF0CFFE80037
006AFF19FFDA006E
FEFAFF90FEE70094
FFF3FFB9006BFFAF
FF7BFF7BFFF5FF31
014800FB005EFFE7
011C0059003BFF7E
FF20FF37FFE6FFCA
FF800028FF4DFF69
FFB900510167FFF3
FFAEFF9D003AFFFE
0053005AFEB300E5
FECB007400BA0166
FFD8FF9FFF94FFB7
00CAFFAD01530023
004A0028FF67FFCC
004EFF2C00AB0044
FFA10077FFA10075
FFBAFF4400DEFEB8
0104FF17FF130078
FEF1015AFEF400BC
FE720041002500D3
FFA50010FFC0FF58
FFB7FFA00004FF35
FFF5FFC300940069
009DFFA5FFB5FFDA
007F0034000900D4
00EC00130025FF2C
00270064FFD7002F
0035FFCE007EFFAB
FF7700ED003D0062
FF85004A01240090
FF05FEF3FFE8002A
0080FF0BFFCF0084
FECDFF91FEED00BB
0013FFB70071FFA1
FF5EFF62FFF2FF15
015101040084FFD6
01270059005FFF74
FEF1FF14FFE6FFAC
FF55003AFF63FF46
FFA3005101760019
FFACFFAB004A0006
00490077FEA6010A
FEB8008700CD0178
FFC2FFB0FFA1FFB8
00BBFFC301200037
004E001EFF50FFD3
0047FF3000B00050
FF9A008DFFBB0081
FF8FFF5D00CEFEAA
00E5FF28FF45004A
FEEC0143FF0D00A3
FE6D003D002300B6
FFBB0008FFB3FF85
FFA6FF9BFFF7FF31
FFE7FFD100AA0084
0087FFC6FFAE001F
008F00020002009F
00F200130064FF26
000F0058FFB10016
0022FFE20081FFA1
FF6600D600340068
FF7C004701330074
FF0AFEEFFFFB0025
0098FF2CFFCD009A
FEC3FF95FF1100C0
0045FFB90041FFC3
FF69FF48FFD4FF0E
012600F800A7FFC0
00FE00480086FF9A
FEF2FF07FFDAFF82
FF4A003DFF7EFF1C
FF9A004C0168004C
FFBCFFCF00620020
00250062FE9A010A
FEEA008600C7015E
FF79FF9FFF91FFC2
00BEFFDB0100004F
0044003DFF47FFCF
004DFF2000C00059
FF850097FFC60096
FF6BFF4E00CDFE81
00E3FF2CFF6D0025
FEB9013DFF1C00AD
FE50005D000500A9
FFD5FFFBFFA7FFB4
FF8FFFBBFFE5FF20
FFCBFFEE00BF00BF
006C0017FFA8008D
009BFFD20012007D
011A004900C0FF00
00080061FF97FFEE
0030FFDA0085FFA2
FF3C00C500580067
FF68004301520054
FEF7FED40017002D
00E9FF62FFC700B5
FEB0FF73FF2800DE
0062FF9B0025FFCF
FF6DFF01FFC3FEDF
011500F500E5FFAF
00F1003900D9FFCD
FEDCFED2FFACFF50
FF2F0063FFA1FEDB
FF9F0056015F0063
FFC4001500690041
FFE30038FE7F0101
FF1600A800D40141
FF68FFB3FFB1FFE5
00A7000900DE002C
0024002CFF4FFFC3
004FFF5E00A60065
FFAC007BFFB80084
FF63FF7D0098FEB4
00D0FF48FFB10017
FED50100FF0D008A
FEB00058FFE40061
FFE0FFF9FFA7FFC6
FFAAFFD0FFF8FF21
FFB0FFEC00AE00C2
00490027FFB2009E
0078FFF5002C0056
00FA007E00DAFF11
FFEA0044FF9FFFE7
0033FFD50070FFC6
FF610093006B006B
FF94002301410017
FF0EFEEA00190011
00F8FF98FFE300AA
FEDEFF95FF5C00E2
0051FF7F0022FFFB
FF6CFF07FFD9FEF7
011200DC00FBFFBF
00E6001800DAFFF2
FEEAFEF5FF96FF3A
FF480054FFD4FEFB
FF8F0033010F0038
FFCC00500064004C
FFD2001BFEB800D5
FF6A009C008C00DB
FF54FF96FFC6FFE5
007C001200A40026
0005004AFF60FFC0
0049FF56009D0072
FFB00060FFAB0041
FF41FF69009CFED7
00C7FF6AFFFFFFEB
FEF000D3FF2D0072
FEFE007DFFAF0031
FFE9FFFCFFAAFFF8
FFCE0008FFF2FF3D
FFC2FFDB007500C3
00100065FF9000D4
0076FFB50043FFFA
00E600B600FEFF11
FFDF004CFFA8FFFE
0047FF9F005BFFF7
FF68007D0082005A
FF9A00300115FFE0
FF3AFF170037001D
0120FFF6FFE400BD
FF02FF8FFF8A00BD
0046FF7600260029
FF75FEFFFFD1FEFB
00E400CB010DFFCA
00BEFFF000DE001D
FEECFF1FFF94FF1E
FF420065FFEDFF07
FF9A001100D10015
FFC7008A00570070
FFC80019FEDD0099
FFA0009B005C0093
FF7AFFC5FFD5FFFC
003E00080070000C
FFEE0030FFA3FFCC
003CFF8000660060
FFCC0028FFB30015
FF6CFFA20073FF48
0098FF9A0017FFE2
FF5E0077FF5A004B
FF750063FFAA001A
FFFF000EFFC40023
FFE40010FFF5FF6E
FFC9FFE8004B008E
FFDF0065FFA300AF
0057FFCF0048FFDB
009000A100CBFF63
FFDC002CFFC10002
003BFF9D003B001D
FFA200530058004F
FFC2002C00B9FFE1
FF82FF6200240018
00D8FFF7FFF70093
FF77FFB7FFAF008C
0029FF9200280040
FF80FF61FFDFFF53
00AD009E00B2FFD8
0088FFEE00A00024
FF54FF6FFFB5FF59
FF820033FFFCFF5D
FFAB0007007BFFEF
FFDC0071003D006E
FFE40015FF3F0064
FFC40078001C003F
FFA5FFD6FFDE0012
002700060056FFFF
FFF1000EFFC7FFDA
003AFFA600470050
FFE30000FFB0FFFE
FFABFFC00051FF8B
0075FFB30012FFF9
FFA20053FF81002F
FFBA0044FFB60011
0003001AFFD80029
0002FFFFFFFDFF95
FFDBFFFE002E0064
FFCB0046FFAC006F
004AFFD8003CFFF1
00550090008CFFAF
FFDD001DFFD9FFFE
002BFFA3001B002A
FFCC004D003E003E
FFDF00210071FFEA
FFA6FF96000AFFFD
0095FFF2FFFC0065
FFB1FFEAFFC6006A
0019FFAE00270032
FF8CFFA5FFF1FFA0
007E00710069FFE5
0062FFF50078001F
FF86FF9DFFBDFF93
FFAD0011FFF8FFA2
FFBB000A005AFFD7
FFF40054001D0053
0011001AFF79003F
FFD8004EFFF10021
FFD0FFE9FFE80033
000700000050FFF7
FFF4FFF0FFCAFFD3
003DFFBA00420047
FFFEFFDFFFBE0001
FFE8FFC40041FFA6
0055FFC900110020
FFC4003EFF940008
FFE80033FFD6000E
0002002AFFE60014
0006FFE1FFF5FF8A
FFE5001800150044
FFCA0038FFA70047
004AFFEE00500011
0019007A0057FFED
FFCAFFF7FFE6FFDD
0012FFA40004002E
FFD3005C00240041
FFF7001E003CFFF7
FFA5FFC5FFF0FFEE
005AFFE60003004B
FFC50011FFCC0051
0011FFAA0037001F
FF88FFD00002FFDA
006F005A003CFFFC
0058FFFE0054001F
FFACFFD4FFB2FFBE
FFCDFFD8FFF2FFBB
FFBD000E0065FFC2
000E0020FFEF0039
00300028FF920030
FFBF002AFFD0002C
FFE3FFEFFFD90040
FFFF000B004FFFFE
FFF8FFE5FFD1FFD1
0049FFBE00310055
0014FFE3FFC4FFE6
0002FFD00027FFA8
0032FFD500170040
FFCD003BFFA5000A
FFE20013FFEB001E
FFF0003D00040013
0014FFD3FFEDFF8B
FFE9003A0008003D
FFDA0027FFB00035
004CFFE800470030
00070070004D001E
FFD2FFF7FFF4FFCB
FFFFFFB3FFF80027
FFD4006D0017002D
0002002000170002
FFBAFFD2FFE5FFD5
0034FFD80008003C
FFD00030FFC50044
000DFFB6003C0019
FF8AFFE70009FFED
0061005E0027000E
00450003004D0012
FFC8FFE6FF9EFFED
FFFAFFB9FFDDFFC5
FFC700220076FFC9
0012FFFCFFDA0039
00460027FF9D0035
FFB3001EFFD60037
FFD20014FFFB0050
0002002600590001
00050001FFECFFDF
003BFFD000230056
0014FFFAFFD6FFE2
0008FFDE003CFFAE
001CFFE100060039
FFDB0035FFA10016
FFE2FFECFFE00034
FFF70046FFF5000F
0039FFDEFFE1FF8A
FFF200340018003D
FFE1000AFFC7004D
0048FFE80032002E
0015004500420030
FFD6FFF9FFF8FFEF
0008FFC4FFFC001F
FFE1008200130013
FFE800340014FFFB
FFC5FFDFFFD7FFDC
001DFFE8FFFA0039
FFDF003CFFCD0018
0002FFCB00520024
FF8DFFEC00050001
006000560001001B
0044000E003C0019
FFE4FFDDFFB8FFFC
FFF8FFAEFFD2FFD0
FFCC00240083FFC0
000FFFF9FFE5003B
003D0016FFA20021
FFB7003AFFD60045
FFE6FFFBFFF10057
00130024005EFFFD
00030012FFE6FFD6
0045FFBC003A005C
0025FFFEFFDEFFDB
0000FFEB003BFF90
000AFFD900010047
FFD80037FFA3001A
FFCEFFE7000D0030
FFF600400005FFF8
0047FFEBFFD9FF8A
FFF1004C00040046
FFF9000DFFBF0045
0045FFDE00330036
001900420046003E
FFE7FFF9000DFFFA
0005FFCFFFF2001B
FFE5008B00170003
FFDC00230009FFFD
FFC0FFF2FFD4FFDA
0014FFF6FFF70023
FFC7002DFFD0000A
000FFFD50047001D
FF94FFD8000DFFF4
00630063000A0030
0034000300450018
FFDDFFDEFFA6000C
0006FFA7FFC9FFD0
FFCB00210092FFD8
0010FFF8FFE6003F
00390025FF9D0025
FFAE0036FFE70062
FFD7FFFCFFEF0063
001D003A0078000B
00130021FFDEFFDD
0052FFB400350068
002C000BFFCDFFCE
FFFDFFF6005AFF79
FFEFFFD0FFF9005A
FFC70045FF8E0024
FFBDFFDB000E0038
FFEB0060FFF8FFFB
0067FFF6FFD2FF81
FFF2006100130048
FFF20016FFBF0064
004CFFD30025004D
003E002D004D003B
FFF1FFF200160015
000AFFDDFFFD001F
FFEE00AE0019FFFB
FFC20039001FFFFE
FFB4FFE9FFD2FFD7
00100002FFE00024
FFB9002DFFD3FFF7
001AFFDC005C002B
FF85FFB900120003
0071007A0019004D
004CFFEF004F000F
FFD4FFC0FF90000A
FFF2FF8AFFAEFFB6
FFBF003100B2FFC1
FFF9FFFBFFFD0052
0033002CFF820026
FFB60046FFD70080
FFD8FFD8FFDA0064
0039003D007F0011
00170035FFFDFFD9
005BFFA600450052
00200006FFDDFFEA
0004FFEC0057FF79
FFF3FFC8FFF10065
FFA70055FF87002F
FFA6FFE300240031
FFD50050FFF0FFFA
00680000FFE1FF96
FFEC005F0000004D
FFF70003FFBB0050
0035FFDF0025005F
004A002C002F0027
000300100028001C
0022FFDDFFFA0012
FFF90092002C000D
FFB1003500380001
FFACFFDFFFC7FFDF
0019FFFEFFE20010
FFB30002FFD10002
000AFFDE00480022
FFBAFFA10032FFE2
00770082001C005A
0043FFED005B000F
FFD6FFB6FF9F001A
FFF3FFA4FFBBFFC5
FFBB002600A2FFCD
FFF7FFEF000D0025
00340019FF94003C
FFA3004300010089
FFCFFFBAFFCF004E
0049004E009A001E
001F00400003FFD6
005EFFA700430053
00100007FFDDFFF3
FFF9FFE60056FF6F
0007FFB1FFEC0084
FF8F006CFF850050
FF86FFFA00240039
FFC70047FFDBFFFD
0068000BFFE3FF9C
FFF9005EFFFC0033
FFECFFFDFFA9005B
002DFFEB00330086
0067002D002DFFFF
001F0020002F001B
0039FFE2000C0015
FFF80071003F0012
FF9F003C004E0013
FFA9FFC8FFC7FFE7
002AFFE7FFDD001B
FFA5FFF0FFB90019
0005FFE0004D002C
FFD5FF880035FFCB
009400A30033006A
0061FFE30064FFFD
FFBEFF97FF94000C
FFF5FFB0FFB4FFCB
FFA9002B00ADFFBB
FFDCFFEA00220014
0027000CFF8B0047
FF96004000180095
FFC2FFA2FFBB0052
0060004E00C6003F
00210042002DFFDB
0044FFB700400059
FFF1FFFDFFE3FFF4
FFF4FFD9005DFF72
0031FF9BFFFE00A8
FF6F0089FF80006F
FF71001B00150053
FFD60027FFC8FFF9
0068001DFFEBFF99
0001005CFFFE0022
FFDDFFF9FF9B0067
00360005004B00A6
0052002D0023FFD9
0039003E002D0008
0047FFDA001A001F
FFFA005000530007
FF8D0034006F002F
FFACFFA5FFC3FFFE
003DFFC4FFD4004C
FFA7FFCDFF960040
FFF7FFEA0056003A
FFD5FF930028FFB5
00C100C600300083
0089FFE9006EFFE7
FFADFF74FFA2FFFC
FFFBFFBAFF9FFFCF
FF9C001E00C0FFB9
FFCAFFD70022000F
001AFFF1FF6F0046
FF71004B001F00AC
FFB2FF82FFA30048
0075005700E6005B
002A00440055FFDC
003AFFAC003E0053
FFC7FFF1FFCD0006
FFF6FFC4005AFF75
0066FF88FFF100C4
FF5200A5FF81009C
FF5B0043FFFD0066
FFC70017FFB9FFF3
005C0021FFF7FFA4
00040051FFFBFFFD
FFCFFFE4FF970063
00320028006500BF
005C0034000FFFAD
003E00670020FFFD
0069FFC900240026
FFE7002E0061000C
FF82003900960046
FFA4FF73FFB6000F
005CFF95FFDA0071
FFA6FF9FFF6D0056
FFE9FFF0005C002F
FFF2FFA1002DFF91
00F400EA00220087
00AFFFF50075FFD8
FF92FF68FFB0FFEF
0005FFC9FF8EFFD2
FF8B001800CDFFA7
FFB9FFC8002BFFFE
0019FFC5FF5E0053
FF480054003A00BE
FFB3FF6EFF91003C
008C004801160066
00310044006FFFE0
002FFFB0003F0052
FFA9FFEBFFB8000A
FFF6FFAB0067FF7C
0099FF78FFE900DE
FF3500CFFF7C00C4
FF3C0068FFEE0081
FFB60005FFB1FFE7
004B0021FFFAFFAE
000A00410003FFEB
FFC5FFD4FF8C0062
00340044007C00D9
004B003A0000FF77
005800830025FFF1
007EFFBD0038003E
FFDA00120076FFFF
FF82003F00AE0060
FFA2FF50FFB60030
007BFF6FFFD5008D
FF99FF82FF3A0074
FFEDFFF1006C002F
FFF4FFAE0025FF6E
01250114001D007A
00E2FFFE0078FFC5
FF74FF59FFBEFFE4
0008FFDEFF76FFCB
FF87000D00F7FFAB
FF9FFFB40024FFF3
001CFFC5FF41005A
FF20004F005900D5
FFCEFF78FF920026
0088002301180045
004100480045FFDF
002EFF99003E003F
FFA1FFF1FFA70026
0005FF960080FF68
00BFFF70FFC400CE
FF4700D3FF7D00C5
FF2B006EFFEA0091
FFB0000DFFB2FFCD
002600180013FFB5
FFF200280022FFE6
FFE3FFC0FF91004A
0032004F007900E6
00610038FFF8FF67
0050008B00210003
007AFFB1004C0034
FFCA003B0060000B
FF8E005500B70061
FF8BFF4CFFBC002D
007FFF5EFFCA008A
FF8AFF79FF2A0075
FFF3FFDF006F000A
FFEEFFAB0023FF66
013B011500250048
00F8000B0078FFB8
FF58FF54FFC7FFE3
FFF5FFF5FF6BFFBB
FF8800190102FFA2
FF9BFFC60029FFDF
0031FFF0FF290067
FF09005A006600DD
FFCDFF77FF910004
0099001601290032
004800460024FFE0
002DFF900057003C
FF9C0000FF9D003D
0005FF83008AFF4A
00C5FF57FFAE00C7
FF3900F0FF6A00C8
FF080060FFE900A2
FF970018FFBCFFC6
000D00090011FFA4
FFED0026003BFFE9
FFF9FFBAFF88003C
0030004B006A00FD
007A003EFFEDFF53
005B008B00280000
007BFFB1005A002F
FFB90053006A0016
FF99006A00C90075
FF73FF48FFC50038
0084FF4CFFBC008C
FF6DFF6DFF20008B
FFF8FFD40071FFE8
FFDEFFA10022FF40
01450116003A0036
0107000E0076FFA3
FF48FF43FFC5FFDA
FFE40006FF70FFA3
FF8D001B0113FFB0
FF9DFFBF002EFFD9
00440002FF23007B
FEEB0046008100DE
FFDDFF8EFF98FFF0
008AFFF80112001A
004C0038FFF1FFEA
0030FF870073002F
FFB4001AFFAB004E
0001FF820090FF2F
00C3FF5AFFA000A5
FF4300EBFF5F00A5
FEF7003EFFFE009C
FF9E0021FFD1FFB7
FFF8FFE10015FF99
FFE9001C004CFFF2
002EFFB6FF91001C
00430052004C00F0
00930032FFECFF5F
0042006D00130005
0061FFC0005E0019
FFAF007C00530030
FFAD006C00C3007D
FF66FF55FFD1002B
006AFF32FFB8007F
FF5CFF83FF25009E
0008FFBF0061FFD1
FFC8FF9B0027FF4A
013A00F6004C0021
00F90016006BFF9C
FF40FF4EFFD4FFD7
FFD10014FF7BFF80
FF8E002F0110FFD0
FFA9FFBE0030FFD7
004D0025FF1E0091
FEE6003E008100E0
FFF3FFA9FFA4FFDE
0089FFE201160008
00520033FFAB0001
002DFF80009C0011
FFA90045FFC10080
0005FF7500A3FEF8
00C9FF3CFF610099
FF40011AFF410096
FEBB0011001B00C2
FFA9002CFFCAFF8A
FFD0FFB60028FF79
FFD90013009D0008
0069FFA5FFA4000E
005A004600220101
00A50008FFF0FF5C
0024005300050011
0040FFD20073FFEB
FFA300B9003B0049
FFA0006D00E2008F
FF31FF53FFDC001E
0060FF15FFB40073
FF24FF89FF0B00AC
0027FFB0004AFFA6
FFAAFF780024FF49
013C00E0005FFFFC
0101002E0060FF86
FF25FF25FFD5FFD2
FFAD0021FF71FF51
FFA0004301460006
FFBDFFA80040FFC2
0043004AFEDF00AC
FED7004800A8010B
0005FFD2FFBDFFCD
008DFFDB00F4FFFF
00600028FF98FFFD
002CFF96009A0007
FFBA0053FFE4007C
FFF8FF8B0098FEF5
00ABFF47FF590066
FF4B0105FF55007B
FEB4FFFF002A00A9
FFA8003BFFDFFF82
FF9CFF9D0005FF64
FFDE001200B00015
0081FFB6FFB20010
0035001FFFF500DD
00A40002FFFDFF71
0015003E00080006
001DFFF9006EFFEA
FF8C00B9002E0052
FFA3006B00DE007E
FF3AFF5CFFEE0024
0059FF1BFFC30062
FEF9FF96FF2A00A3
003EFFC9002DFF99
FFA6FF67000FFF40
010F00A1006FFFEA
00DC00300056FF8D
FF21FF37FFDBFFC6
FF930021FFA0FF4C
FF9E004701310014
FFC1FF9F0043FFC4
00270052FEFE009C
FEF2003D00A00102
FFF9FFD9FFBDFFC0
00AAFFD200F50019
00620015FF67FFFB
0037FF9C00B80013
FFA60075FFE10077
FFECFF8100A5FECF
00AFFF3AFF43005F
FF29011AFF4E007B
FE7BFFFA002B00B4
FFB2003DFFD7FF6F
FF8FFF90FFFDFF37
FFE0000F00DD0044
009BFFBCFFB9001F
003A0001FFCF00D3
00B300060023FF5A
FFFD0038FFF90009
FFFB000C006FFFCD
FF6A00CB0037005C
FF8A005401050093
FF17FF2FFFEF001D
006BFF11FFBF006F
FEBFFF8EFF3700B4
0052FFCA0018FF93
FF87FF470002FF1B
010A008D008CFFE1
00E8004A006BFF81
FF08FF09FFCFFFAF
FF5B0028FFB1FF41
FF9800510149003F
FFD0FF9F0050FFCC
000C0064FED40098
FEEC004D00B90135
FFE0FFE3FFD0FFCC
00BBFFDD0104002A
0065001DFF56FFFA
0039FF9A00C50018
FF93008DFFE70070
FFCFFF8900A6FEAD
00A2FF24FF47004D
FEF60132FF4D0083
FE6CFFFB002100A4
FFB30040FFB5FF6B
FF92FF8D0002FF1F
FFD0000F00FE0062
009DFFE1FFAD003D
0049FFDEFFC300B2
00BA0016004CFF42
FFD90030FFD6000A
FFFB00190079FFC3
FF5800C700570074
FF6F0050012E0082
FF03FF10FFE90011
009EFF19FFBF0081
FE8EFF8CFF4300B7
006CFFBC000DFF97
FF86FF17FFE7FF0E
010D008500BBFFE5
00E500410087FF8F
FEEBFEE6FFC6FF7E
FF2B0040FFB7FF23
FF8C0053014F0053
FFC8FFAD006FFFE9
FFEF004EFEAC00A2
FEFB006700C7014F
FFBBFFBEFFDDFFDE
008BFFE700D6001C
0034002EFF59FFEB
003BFF9400A30046
FF9D007CFFD80031
FF99FF970090FEC7
0093FF4FFFA5001F
FEF700F1FF510077
FEC10014FFE20063
FFD20026FFC0FFAB
FFCDFFD8FFFAFF42
FFD3FFFE00A0007A
006B000EFF8C0065
0053FFB1FFEF0056
00C200650086FF47
FFD2003FFFC8000F
000EFFE10057FFE4
FF7000AA0067005C
FF7400390109003A
FF37FF4F000AFFF9
00D2FF94FFCE0077
FEC9FF91FF8B00AD
0047FFA6FFFEFFD6
FF93FF0BFFEBFF09
00D7007900EF000C
00A9002D00A6FFDD
FEF4FF21FFA3FF4D
FF380060FFDBFF4D
FF9F003A00E1002F
FFDB002800560014
FFE60037FEDF007A
FF4A006800A900E4
FFA5FFB0FFEDFFED
0060FFEF00A6001D
001B0038FF77FFD4
0038FFA0007E0061
FFA50062FFB10008
FF81FF8A0079FEFC
0089FF7BFFE0001F
FF1800B0FF5F0056
FF210036FFB4003C
FFD1002FFFBFFFEB
FFF90002FFFCFF5A
FFE0FFF0006D007F
0033003DFF71007B
0053FFAA000C0010
00B7009700A1FF5D
FFC80049FFC2001D
0033FFB300450000
FF8A00910081005F
FF74003100DFFFFF
FF5BFF6CFFEFFFE9
00E3FFDAFFC60061
FF08FFA3FFA90084
0036FF9A0001FFE2
FF9AFF1AFFEFFF1D
00B9006F00EF000A
008E002100A7FFEF
FF08FF40FF96FF41
FF4D006EFFDBFF7E
FFB1001A009C0005
FFDE006B00490036
FFF8002CFF030046
FF7D005F0070009A
FFA3FFB9000EFFF6
003DFFFD0087000A
000A004EFF9EFFEE
0015FFB700660050
FFBD0048FFC9FFEE
FF8CFFA8006BFF47
0074FF9C000C0007
FF460081FF780043
FF79003CFF9C001E
FFC10024FFBD000C
001A0021000AFF8D
FFDDFFDA00490060
0003004EFF7B006F
003BFFA7001FFFE1
0098009C0091FF71
FFDA003BFFE40038
003AFFB30040001A
FF9A006B00800049
FF9B002500A6FFD0
FF99FF8FFFF7FFF0
00E3001CFFCF0063
FF48FFC1FFC70053
002EFFA30012000A
FFB1FF43FFE5FF49
0099006A00D60002
006BFFEE0081000C
FF3BFF85FFBAFF55
FF680071FFEBFF8B
FFC8FFEC0056FFE2
FFD8007E002E0041
FFFD0022FF56001B
FFBC004E003F0052
FFB1FFD7002E0014
0030000400A0FFDD
FFFA0029FFBFFFF8
0007FFFB00470030
FFDE0021FFCFFFE9
FFC9FFD7003EFFA6
0058FFADFFFE002F
FF93003CFF940030
FFCA001CFF98000E
FFBE0035FFAD000D
002A00150029FF9E
FFEBFFE7004A0032
FFF70047FF860048
0020FFD8002EFFF5
005A008A0066FFBA
FFD1FFFD00140039
001FFFC800280038
FFB30046006E004B
FFC20006004CFFDF
FFBCFFADFFDDFFBD
009B0016FFE70029
FF8B0002FFD80032
0017FF9500220008
FF95FF9EFFEAFFA4
00950037008E0007
005BFFED004D0017
FF8EFFB8FFD5FF82
FF9B0051FFE4FFD6
FFC7FFDC0025FFAC
0001005D0009003F
0016001FFF95FFEA
FFD80026000A0035
FFCAFFE4002A0012
001800040097FFE5
FFFE0012FFC8FFF0
000E000000390035
FFF70015FFC0FFED
FFD6FFE20029FFC1
004EFFB1FFF80030
FFAD0037FF9B0030
FFD70007FFA80004
FFD1003FFFCC000F
00290002001BFF9E
FFF0FFF700430025
FFF10038FF930031
002BFFDF002A000C
00400087005DFFDC
FFCCFFF600160024
0014FFD50012003E
FFC9004C00520040
FFD4000A0031FFE6
FFCDFFB5FFE2FFC2
007CFFE8FFFC001A
FFAB0016FFD00036
000FFF90002F000B
FF93FFD0FFEBFFB8
0085002E00680016
005EFFFE0033000B
FF9EFFCBFFD4FFA5
FFB30026FFD8FFD1
FFD5FFE2002EFF9C
00050043FFFC002E
00180029FF9CFFEB
FFD80013FFFF001D
FFCB00000024001A
0012000F0072FFFD
000A0008FFD9FFEF
00100003001E002F
00050009FFD9000B
FFFCFFED0013FFCA
003EFFD000010031
FFD3001AFFBE002B
FFE90003FFB2000F
FFE4003CFFEA000A
001FFFF70006FFB8
FFF7000A003C000A
FFE30023FFB20033
001CFFF200200028
002B004C00440006
FFE7FFF20013000A
0014FFE7000E0033
FFC1004C0034002B
FFDC0013000EFFF5
FFE7FFCBFFD1FFD2
0042FFECFFF2001B
FFD80026FFE1000C
000AFFAC0034000A
FFA2FFE9FFE5FFD9
0063002B00310007
003D0008002A0004
FFC6FFE7FFD1FFCD
FFDDFFFCFFC7FFCF
FFE6FFEB003AFFAB
FFFB0015FFEF0023
001F0010FFB1FFF7
FFCC000A00040024
FFE1000100160025
0009000700890010
0009FFFFFFC5FFD2
0020FFF10025004E
00240017FFD2FFE9
FFF5FFF40022FFAC
002DFFBCFFFE004E
FFD90029FFB9002D
FFDAFFF0FFC10020
FFFC0045000A0000
0033FFF7FFF5FF99
FFEC002D001F0020
FFEF0026FFAF003F
0038FFE1002E0049
0020004B00580015
FFEBFFE0001BFFF6
0010FFE5FFFB0034
FFD000600026000E
FFD70018FFF50005
FFEAFFDCFFEBFFC5
0043FFD1FFEC0026
FFE00032FFDC001B
FFFFFFA400410003
FF90FFEEFFF3FFD7
0071003E002F002A
004D0015002AFFF7
FFC1FFD3FFC6FFE0
FFE5FFD8FFB2FFCC
FFE4FFF0006BFFAA
FFF60012FFEA0032
00180033FF9D0006
FFB50011FFF80040
FFD5001C0017001D
00030024006E0013
00220004FFD8FFEF
001EFFE700040055
00120016FFD8FFF1
0007FFF6001EFFAD
001CFFCAFFE00040
FFEE0021FFB6003B
FFDCFFD7FFC20033
000C00400008000A
0037FFFDFFE6FFA8
FFF7001F00270010
FFE70016FFCA0055
0032FFE90015003D
0032001E00500019
FFEDFFED00130014
0012FFF000090032
FFDA00610020FFFD
FFC70024FFFBFFFF
FFF5FFE1FFDDFFDF
0032FFE6FFE50024
FFF20025FFDBFFEE
0002FFC3004A0015
FF96FFECFFEEFFE3
006F003F000D0022
0042000B0027FFFD
FFCAFFE0FFC8FFE1
FFFAFFCDFFB1FFD5
FFDBFFF5006CFFB3
FFEA000BFFFC0028
000D001AFFAB0001
FFB70027FFF6003F
FFE6001B00100018
00110031006C0013
00390019FFD6FFEF
0026FFD400080060
0014001AFFE3FFF4
0010FFFF0030FF98
0018FFB8FFD7004F
FFEB002AFFB30047
FFC5FFCCFFC50052
FFFF004D00090006
0045000AFFDEFFA3
FFE90028001D0009
FFDE001DFFC00069
002BFFDA00130041
00420008004C000E
0001FFF300250027
0016FFF50008003C
FFD400750033FFE9
FFBD00290000FFFB
FFE6FFE2FFD0FFE8
003DFFFEFFD60022
FFE00015FFE9FFD7
0011FFCF004B000A
FFAAFFD3FFF1FFD7
00710047000E001E
00500005002C0005
FFC4FFD6FFC0FFE4
FFFFFFC4FFB3FFD7
FFCCFFF10081FFB5
FFD9001100000027
000A0013FFAF0003
FFA70027FFFD0055
FFE300180014000F
001E003F006C000B
0053002AFFEEFFFA
002AFFC7000F0068
FFF6001AFFEA0000
0019FFF5004BFF95
001DFFB0FFC6005C
FFEB0037FFAE004A
FFA5FFCDFFC1007A
FFEA0059FFFD000E
0047001DFFC8FF92
FFE4002400250003
FFDF0012FFBA0081
0025FFCE000F0044
005B0008004EFFF5
0002FFF8001E0035
001EFFFA0001003A
FFCB00800043FFE5
FFA300400004FFEA
FFD6FFDEFFC9FFF7
00430024FFC50020
FFCF0004FFEAFFC1
0023FFE600590008
FFBCFFB9FFF1FFE3
007C005A00130010
0053FFFD00410001
FFB5FFC4FFBFFFD7
0005FFBBFFB8FFD4
FFBCFFF20095FFA8
FFCD00080018002C
000E0007FFAC0004
FFA3003B00000053
FFEC0001FFFD0001
002F0042006B000E
00580034000E0000
0025FFB90015005A
FFEC0020FFE60008
000FFFF50055FFA9
0017FFA2FFCD0067
FFDF0049FFAC004B
FF8CFFE4FFD10076
FFDB005AFFE6000E
0042002BFFC9FF9E
FFEE002D00210002
FFDF000DFFC10082
0022FFC800170052
0072000C003FFFD0
00070006001B0031
0026000100020026
FFDD006A004DFFF6
FF9D00540024FFF3
FFCDFFD0FFCB000F
00430019FFB90010
FFBCFFE2FFE1FFD9
002DFFF900560014
FFD7FF9EFFFCFFDD
00780075001F0027
0059FFF7004AFFFB
FFB6FFA0FFBEFFD5
FFF1FFB5FFC8FFD1
FFAFFFF90098FFA2
FFC20005002B001F
000A000AFFB00013
FFB0003500060054
FFE8FFF2FFE3FFFF
004C00480086001F
0074003E00390012
0021FFB80021004C
FFC60019FFF3001B
001AFFFC0062FFA9
002BFF97FFC1006F
FFCD0058FFB90062
FF850010FFC7008B
FFC60056FFBF000C
0030003BFFCAFFB1
FFE8002B0019FFEE
FFDA0006FFBA0084
0007FFDB00250072
007C001A0029FFA8
0016001500220029
00360007000C002B
FFB700490077FFFA
FF89004F00430007
FFC8FFC1FFBE0034
0060FFFCFFB50027
FFA5FFBEFFBCFFF0
0042000B00490010
FFFCFF9A0003FFD0
00930086001D001F
0055FFE4005AFFE5
FFB0FF78FFC8FFD0
FFEDFFCEFFC6FFCF
FFA8FFFD0095FF9C
FFA90001002C0011
0009FFDEFFB2001D
FF9F003100190064
FFE8FFD5FFCBFFFB
0065004100A40032
0086004100530013
001DFFA30031004F
FFB2000DFFFD002D
0023FFE5006BFFA9
004BFF80FFC2008F
FFAF006FFFB10075
FF630028FFC100A1
FFAF004EFFAE0015
00210056FFC2FFAA
FFEC002F0014FFDA
FFCB0006FFA80098
FFFCFFEA00310092
008D00210016FF84
002D002E0029001A
004BFFFC00110032
FFB000310093FFFA
FF76005500620014
FFB7FFAFFFB70049
0088FFEFFFA80033
FF97FF92FF960003
003D0003004CFFFB
000EFF950006FFAB
00B400AE001F0025
0074FFDA0068FFD5
FF97FF5DFFC3FFCC
FFF8FFDBFFC0FFD0
FFA1FFF400B5FF8B
FF92FFF9002CFFFE
000CFFCFFFA90029
FF7E002D0027006D
FFDBFFA6FFA2FFF0
007A003B00DF0040
0079004200660010
0023FF9000430056
FF980006FFEB0038
0014FFC80073FF96
0075FF6AFFB300B0
FF90009BFF98009D
FF400040FFC600BA
FFA00040FFA5000B
00220058FFC2FF95
FFF800310011FFC7
FFD3FFEAFF8800A4
FFFC0003006700B9
009C00340013FF5F
0039004D0036FFFF
005DFFEC001D0031
FFA2002800AE0000
FF5D005D0085002C
FF98FF82FFAC004F
0098FFC0FF970051
FF7CFF76FF6B002D
002A00020051FFED
001EFF7D000EFF77
00FD00ED00380033
00A9FFDE0080FFBE
FF6FFF39FFB5FFC9
FFF4FFE2FFA8FFD4
FF81FFF000D2FF74
FF8FFFEB002FFFF4
0018FFCFFF830036
FF460036003F0094
FFD9FF96FF95FFF9
0073002600EC0038
00680037004FFFF1
001CFF850055003B
FFAAFFEDFFC1005C
0012FFBD007AFF87
008EFF6CFF9500D0
FF7E00A8FF8800AC
FF360045FFDC00B0
FF930024FFAA0005
00280055FFE1FFA2
FFF900230019FFBF
FFE6FFCAFF880076
00190026006E00C8
009900360017FF58
003C00620030FFFF
005BFFCC002E0022
FFA2002A00990015
FF5C005A008C003F
FF8CFF80FFAB0048
008DFF9AFFAC0059
FF87FF78FF440036
0025FFF80051FFDA
000FFF91002DFF74
011200FE00330034
00CCFFE9006EFFAD
FF69FF47FFC7FFCE
0000FFE1FF84FFC7
FF96FFF600D5FF86
FF96FFE1002AFFE6
0028FFD8FF6C0054
FF20003800610099
FFDBFF84FF81FFE0
0069000501020014
00560048003CFFED
0010FF75006B001C
FF9EFFE7FFC6007D
000DFF9A0084FF6F
00B9FF53FF6A00D6
FF6600D2FF5D00B7
FF020048FFE600D8
FF80001BFFBEFFFD
00150045FFFAFF8A
FFEC00120035FFB1
FFFEFFC5FF790057
002A0047008400E0
00AC002D000CFF39
0044006100300003
007AFFBB0048001D
FFAD00500096001D
FF62006400AD004E
FF6BFF69FFB2004B
00A2FF77FF9C0058
FF7BFF57FF210050
0028FFEE0055FFAF
0007FF8F0033FF52
013B011F003D000E
010EFFE70066FF9D
FF3CFF33FFCEFFD1
FFFC000FFF78FFA7
FF96FFF90103FF9D
FF8FFFD80022FFDA
003DFFF8FF5A006C
FEF3003C0075009B
FFDDFF8BFF7CFFDF
005FFFDD010CFFEC
00330045FFFFFFF3
0008FF6E007D0000
FFADFFEDFFC5008D
0003FF980090FF46
00BAFF58FF5900C1
FF5200EAFF3C00A4
FEFA002EFFFF00D6
FF910005FFBAFFDD
000B00220025FF8C
FFEC000E0055FFCD
001EFFBBFF79001F
005E0055007500E7
00AA001C0004FF42
00360053001E0019
0084FFA80045000B
FFD2007E006B0038
FF77005500C00061
FF58FF6EFFC1002E
0092FF6AFF9E0046
FF81FF72FF14006F
0020FFC3005DFFA0
FFCEFF98002CFF67
01390105004DFFFE
0128FFE80054FF9A
FF41FF30FFD5FFD4
FFEE0027FF5AFF8A
FFAF000B011AFFD4
FF9DFFD90022FFE2
0049002CFF420081
FEEB003F008400A4
FFDBFF95FF7FFFD8
006DFFBA011DFFD4
00250031FF9DFFF0
001FFF5800A9FFFF
FFB90016FFC600AD
FFEDFF880099FEEA
00C9FF2FFF3F00A4
FF220109FF090088
FEB50008001C00E0
FFAA0008FFC0FFB2
FFE6FFC80038FF62
FFE5000B00840009
007AFFB3FF7FFFF5
0091007B005100F2
00CF00110014FF44
0010002AFFF7002D
006BFFAA0059FFE8
FFCC00BF004F006F
FF87004A00FA008F
FF28FF5EFFCE0003
008DFF34FF9D0038
FF45FF92FF0700BD
0023FF940054FF89
FF87FF7A0037FF4A
015E00ED0083FFF1
01390005005AFF8F
FF19FF10FFDAFFC7
FFC2004DFF58FF47
FFA00038013A000F
FFB8FFDF002CFFE6
00510061FF0400B1
FED0005100AE00E2
FFDDFFADFF8CFFD2
0078FFB40109FFD0
0015000FFF87FFF0
003CFF7C00B90004
FFD0002CFFD40099
FFE1FF8E008BFED8
00A8FF35FF4C007A
FF1600F9FF170066
FEB5FFEA003D00BE
FFCB0006FFB5FF9B
FFBFFF9A0030FF5C
FFEE001E009A0058
009FFFBFFF93FFEC
009D006B002C00E2
00C7001A0042FF5F
FFE50011FFE60020
0046FFC00041FFDC
FFD900D3003E007F
FF940029010E0097
FF1BFF63FFD8FFEF
0090FF27FFB5001E
FF1FFFB0FF2300EF
0035FF86002FFF9A
FF5DFF73002DFF5A
013C00B70094FFF9
012500180067FFA8
FF11FF06FFCCFFAA
FFAB0073FF70FF2F
FFAA003F01220041
FFCEFFE9002AFFF3
003D0076FEF3009E
FEF8005600BD00F8
FFCAFFADFF93FFF5
0092FFCA0125FFC2
00050014FF69FFF2
004FFF8400C0001A
FFBC0046FFC5009F
FFC0FF92007DFE9D
00ABFF14FF53006D
FEDF00FEFF0A007C
FE97FFED003300A5
FFD80001FF97FF83
FFBDFF92003BFF3D
FFDB001E00C20083
00B5FFD9FF920004
009B0057002600D2
00D6003A007DFF59
FFBF0002FFE00020
0037FFC90038FFEC
FFCF00D4004E0086
FF85000E012D008B
FF0CFF4CFFEAFFE0
00C2FF2CFFD2001F
FEE6FFBCFF330112
003AFF600025FFA9
FF2FFF48002AFF39
014800A000CC0007
0128001A0093FFC6
FEEFFEF6FFA7FF79
FF7C0073FF94FF1D
FF9F004501200048
FFE40005003DFFFE
001D006AFECF0096
FF13006800CA0119
FF91FF86FFA00010
00CCFFFC013CFFE6
FFFB0034FF52FFF5
0063FFA600C90041
FF940071FF9B008B
FF99FF780084FE78
00C4FF12FF7C005B
FEB00110FEFC00B0
FE820028FFFD009C
FFDA0000FF62FF67
FFB9FF9E002DFF1A
FFC8001400EF00D0
00AC0011FF8C0067
00730019003C009E
00E3008200CBFF25
FF970012FFDE0018
0027FFC9004DFFF6
FF8600BF0087006E
FF6EFFF50139005E
FEE7FEFF0006FFD8
010AFF70FFEC0048
FE92FFB2FF4C0131
0033FF3E0013FFC7
FF1AFEFA000EFEFA
0143008401210001
0128001E00E0FFF0
FEC1FEC3FF75FF1E
FF3A0071FFDFFF10
FF7700460116003B
FFE80045004D001E
FFE6003BFE94006E
FF3F009000C60134
FF93FF86FFCF0013
00AD001C0103FFD9
FFF30049FF66FFF8
0052FFB4009F0057
FF96007AFF92004A
FF8FFF8C0071FEBC
00AEFF33FFC2003B
FED300DFFF200091
FED80037FFD10058
FFDA0002FF6CFFA0
FFEAFFE50028FF44
FFB2FFF100B500BD
0061002FFF8C0078
0053FFDE00380058
00D200A300CDFF34
FFAE002AFFEB0035
0027FFBF0041000A
FF8D009400960045
FF6FFFE701090010
FF16FF27000EFFCF
010EFFCFFFE30056
FEC8FFB6FF8900F4
0034FF4F0009FFF0
FF54FEF5FFFBFF05
010700720123FFFD
00E6FFF700D80011
FEDCFF07FF7EFF17
FF3B0072000EFF58
FF79002600BB000B
FFDF00830052002A
FFEA0032FEDB004A
FF8E0087008600E2
FF9CFF84FFF80027
0093002500F2FFB7
FFE1004EFF74FFF7
003BFFD0008E005F
FFA60065FF820011
FF90FFA8006AFF00
00A5FF3DFFD3002D
FF0C00A3FF210076
FF420032FFB4002B
FFC40020FF55FFCB
001E00040030FF42
FFBAFFDE009C009B
00380044FF780076
0042FFD700480017
00B900D400CDFF49
FFA700110010005E
001CFFB9003D0043
FFA0006400B60041
FF9BFFD600D4FFD5
FF2CFF400014FFBC
0110001300010042
FEE0FFC7FFB500D1
0028FF3A000B0002
FF5BFF07000FFF1E
0100005A011F0005
00D1FFD300AC0024
FEFBFF39FF92FF17
FF48006F002FFF98
FF7FFFFF007AFFC8
FFE800AE003F0032
FFF10035FF08000A
FFC8005A00300097
FF9CFF850007001B
0075002B00CFFFB1
FFE30055FF86FFF5
002DFFD00073005A
FFB60051FF8E0005
FF96FFB1005BFF2E
009EFF69FFE90021
FF2E008EFF390063
FF74003BFF9D0026
FFB6001EFF6BFFEA
002C0019002AFF63
FFBCFFCE007E0082
00180041FF7D0079
002EFFDA00490006
00AC00CC00B5FF5A
FFBF001400120058
0028FFAE0030003D
FFA7005200AE0043
FFACFFE000B1FFBE
FF56FF620010FFBB
00F30034FFF40044
FF15FFD4FFCB009E
001FFF4D00170004
FF7EFF20000BFF39
00E0005700FFFFF3
00ACFFD10096001E
FF1AFF64FFA7FF32
FF5D00750024FFBA
FF94FFED0050FFB1
FFEB00AD00390032
FFF40030FF3AFFFF
FFDB004E0015005F
FFA8FFA700190012
004F001800B6FFB9
FFEB0047FF99FFF8
001AFFE2005A003D
FFC90042FFA8FFF9
FFB0FFC0004CFF74
0075FF83FFEF0036
FF6A0072FF6A0039
FF9A001EFFAA001F
FFAB003AFF7DFFFC
003200220025FF7B
FFD3FFDD00620054
00100036FF7B0054
0027FFCF00430001
007F00A70079FF7B
FFCF000100200048
002AFFBA0022002E
FFBD0036008F004C
FFC2FFEF0076FFCA
FF84FF90FFF7FFB4
00BD002CFFE40027
FF48FFF5FFE1005E
0017FF710024FFFC
FFA1FF510010FF73
00BB004500C2FFFF
007FFFDC00620017
FF57FF99FFBAFF5E
FF81005E0019FFDC
FFADFFE60046FFA6
FFFB00820018002E
00030033FF71FFEC
FFD9002D00050047
FFB3FFBC00140009
003800160098FFC5
FFED0033FFB4FFF6
0019FFF700430032
FFDF002DFFB4FFF9
FFCBFFC8002CFF9E
005CFFA3FFF0003C
FF980054FF8E0023
FFAC0005FFB5001D
FFBB003AFFA30001
002A001C0018FF9D
FFD9FFF30048003C
000F0025FF8D0038
001AFFDF002F0014
006300870059FFAB
FFE0FFF7001E0030
0025FFC7000E001F
FFBB002F006D003F
FFD3FFEF0047FFD9
FFA5FFACFFE8FFB8
0078001CFFEA0019
FF7E000AFFE80037
0009FF94002EFFF2
FFC4FF910004FFA3
0093003600850000
0062FFF400410004
FF87FFBCFFC9FF8D
FFAE004D0007FFF4
FFBEFFE60034FFA9
0000005D000D0026
00070026FF9BFFF0
FFCD001E0004002E
FFC3FFD100110013
002A0014007DFFD8
FFF70024FFC5FFF3
001EFFF90034002C
FFEE0020FFC5FFF2
FFE3FFCB0026FFC1
004FFFC2FFF90038
FFB30040FFA50016
FFC20009FFBB001E
FFC80036FFC4FFFC
0022000E000EFFA8
FFDE000000360035
000A001BFFA90031
0010FFE500280017
004E006B003CFFC6
FFEDFFF700210017
001AFFD000090013
FFC700360051002C
FFDE00030030FFEA
FFBAFFC1FFE0FFC4
0055000DFFE7001D
FFA60017FFE70029
FFFEFFAC0028FFF3
FFD4FFB9FFFAFFC1
006E002E0059FFFC
0054FFFA0032FFFC
FFAAFFC5FFD3FFB8
FFC40032FFFEFFF6
FFCCFFEF0032FFB6
0008003A00060020
00130020FFB4FFF2
FFCB0015FFFA0023
FFC9FFE4000A0019
00220021007AFFE4
00000023FFD4FFF3
001CFFFC00200030
FFF2001CFFD4FFF1
FFF7FFD9001BFFC8
0045FFC7FFF9003A
FFC1003CFFB30021
FFC4FFF7FFC2001F
FFD40039FFD90000
002D000A0008FFB1
FFDA00060039002E
0004000AFFB80031
000CFFE700150031
003D0059003BFFDF
FFFBFFF300220019
001DFFE000050016
FFC800380047001D
FFE6000F0021FFEB
FFCFFFC3FFDEFFC0
00420008FFF2001B
FFBA0024FFE90015
FFF7FFBB0035FFF6
FFD4FFD3FFFBFFCA
006A002200470004
004DFFFF002DFFF1
FFB6FFD4FFD0FFC9
FFE20014FFEDFFF6
FFDBFFF30044FFC1
0002002500030016
00110014FFBEFFFA
FFC90014FFFF0024
FFD1FFFE00000028
0012001F00790006
00060019FFDFFFE6
002EFFE400080043
000E0011FFE1FFEE
000EFFDB001CFFC2
003DFFDD0006003C
FFC40035FFB70024
FFC5FFECFFDB002B
FFEA00380003FFFB
0033FFF7FFE4FFAB
FFD7001E0028003D
0000FFFAFFC8003E
001FFFEC0017004A
00250034003E0003
000DFFF30023000A
0013FFE700010010
FFC9005200300002
FFEB0021000DFFFA
FFD3FFDAFFCEFFC3
001A0000FFF30026
FFD30041FFEB0002
FFEBFFC5003E0000
FFCBFFF00001FFDC
005100290023000D
004600030032FFF1
FFC9FFDBFFBDFFEA
0003FFDCFFE3FFE9
FFE50006006EFFD4
00030006FFF30015
001F0017FFBE0011
FFB900100003003D
FFB90010FFF60029
000C00370075000B
000D0027FFFBFFF3
0037FFDFFFF8004C
FFF0001CFFDAFFE6
0010FFD00028FFBF
002EFFCEFFF00033
FFCB0049FFB00030
FFAEFFCCFFE8003D
FFFB0044FFF3000B
004CFFF2FFD1FFAD
FFDD00200024004E
0005FFE6FFE0004C
0027FFE0000C0051
003200230044FFFA
0019FFF800240027
0016FFF40010FFF5
FFDC00560033FFF1
FFD5002C001A0003
FFD9FFD7FFD8FFCE
00170008FFD9001F
FFDC003AFFE1FFFD
FFE7FFDC00520020
FFD8FFEF000EFFEE
0055002700190028
0056FFFA0022FFE8
FFC6FFC0FFBAFFFD
000EFFDCFFE0FFF0
FFDA00190082FFE5
0002FFFAFFFC0008
001D000CFFB80013
FFBE002AFFFD004A
FFA5FFEAFFF60020
FFFF00470066FFFB
FFFF0014FFC9FFE2
0044FFE5FFFF0061
FFFB0028FFBAFFDA
FFF8FFDB0010FFA2
001CFFCBFFD90063
FFC0005AFFBC0047
FF8EFFD900020026
FFF4005B00030011
0066FFECFFE6FFAE
FFFA0030001C0029
0011FFF4FFB8002E
0042FFF200050067
004600320056FFF1
0018FFEE0018001B
000000000008FFF2
FFE100570023FFFD
FFCC00140011001F
FFE3FFC0FFF1FFC8
FFFCFFFBFFE3FFFD
FFC00037FFE80009
FFF7FFEA006A002B
FFCDFFE20001000D
005C002F0039005C
0066FFF20034FFE0
FFB6FFC9FF96FFEF
0017FFB0FFB4FFD1
FFCD0023007CFFD0
00030006FFFD0025
0004FFFFFF920019
FFB50014000F0057
FFC2FFB2FFCB0025
00370037006B0019
000D00190004FFDF
0025FFD600280052
FFD20018FFDF0000
FFFEFFC80018FFAF
0046FFB3FFEB0074
FF970067FFC2004B
FF700015FFF9003D
FFE60022FFD7FFFF
003D0017FFD5FFAA
0012002AFFF20002
FFFDFFF9FFAB003E
0034000F00300073
0047003B002AFFBD
00220019000DFFF6
0002FFFF0008FFEF
FFE2002C003F0002
FFA5001300380032
FFE0FFA7FFEC000A
0026FFE4FFD50015
FFBDFFDDFFCC003E
FFF6FFF900510026
FFEDFFD0000EFFDB
0082007F00240057
006BFFEC0045FFE2
FFAAFF91FFAFFFF9
0015FFD0FFBFFFDE
FFB200170078FFD6
FFDFFFF30008000F
0001FFE8FFA30029
FF9C002F001C005D
FFAFFFA5FFB40030
004A003D008C002D
00190032002AFFE3
0022FFCD002A004E
FFB80014FFCE000E
FFFAFFC1001FFFA4
005AFFACFFEA007E
FF820087FFC10062
FF60002EFFF50048
FFDB0023FFC2FFFB
003A0022FFE6FFBA
000F0028FFF7FFFA
FFF0FFE9FFA50042
002900210043008C
005D00460013FFA0
002700340003FFE8
0027FFFE000EFFF2
FFE300200053FFFA
FF92001E005A0040
FFD5FF89FFDE001C
003CFFC3FFCA002B
FFACFFBFFFB00052
FFF3FFFA0053002B
FFFCFFC40011FFC7
00A400A6001B0058
007EFFF30055FFDB
FF9AFF7EFFAEFFF4
000BFFDFFFB0FFE3
FF9D00210085FFBF
FFD2FFEB00180008
FFFEFFD3FF96003C
FF87004A00250070
FFB0FF73FF990024
006A004200EF004F
003E0057005AFFDB
003BFF9C00310066
FF8D000FFFBB0039
0019FF9A0057FF77
00A2FF8FFFC200AE
FF5600AAFF9900B8
FF25006FFFE1009C
FFA8002CFF94FFEB
0021003AFFE2FFA7
FFFB00350002FFE4
FFE8FFD4FF89006C
00060032007F00CC
008B0053000BFF6F
0047007F0014FFD6
005BFFDE00300015
FFAF003600870007
FF6C004A00900044
FF9CFF59FFB9004A
0078FF86FFBF0055
FF79FF7EFF6B006D
FFF7FFE200690010
000DFF910014FF6F
011A010600290043
00C0000C008AFFBF
FF6FFF3EFF95FFD6
0000FFEAFFA3FFD2
FF7D002100BCFF7D
FFA7FFE1001EFFE0
0018FFC7FF680051
FF2A0060004D00AD
FFB8FF6FFF8D0019
006E002F01080051
0062006B005CFFD9
0046FF830036005F
FF9B0019FFAE0045
0019FF870084FF64
00A8FF7EFFAC00A5
FF6800A8FF9400CA
FF32007AFFDA00B0
FF940043FF8BFFE8
001E003DFFF4FFAF
FFF3002B000BFFE4
FFE8FFD1FF8C0071
FFF00037008600DE
009E005EFFF9FF61
005600950030FFDD
006CFFCF0040002F
FF9C004800970006
FF6A0067008F003E
FF8BFF5AFFBA0062
007EFF78FFA9005A
FF5EFF54FF5E0071
FFEFFFDC0060FFE8
000CFF7C001CFF4E
0130010A003E002E
00BE001A0091FFB2
FF69FF3EFFA2FFC9
FFF7FFFFFF9DFFD6
FF7B003000BCFF60
FF99FFE6002EFFD1
0021FFD1FF730058
FF070064006300B5
FFCAFF5CFF900000
0077000A01290037
006000830048FFDC
0036FF5700340053
FF940020FFA8005B
0018FF66009DFF53
00CEFF5EFF7100A8
FF4C00D2FF6C00E2
FF10008AFFE600E2
FF890038FF8FFFE4
0016003DFFFAFF96
FFE30010002BFFEA
FFF4FFCDFF8C0053
FFFD0045007900EF
00B1005BFFE8FF40
006900950036FFFD
0083FFB1005D001E
FF980061009D000D
FF6C007D00A60041
FF6FFF48FFB7006B
008CFF70FFA30061
FF3EFF41FF300067
FFE1FFCC007AFFC4
FFF9FF68000FFF29
014B011500400008
00E9001A007FFF95
FF4DFF33FFB5FFCF
FFE8001AFF89FFCB
FF95003300EFFF59
FF8FFFE3002AFFBD
002FFFFEFF46006C
FEDE0063008300D4
FFCDFF68FF96FFF3
0078FFFC012A000C
005B007E001EFFEE
0019FF4B00450034
FF81000FFFBE0067
0021FF7500B4FF26
00CEFF5DFF5100A0
FF5C00ECFF5600CC
FEF60070FFE40104
FF7A0026FF98FFF3
000B0029000CFF75
FFD500050058FFD2
0004FFCCFF800059
0012003B006800FE
00BD0044FFD9FF3F
00700096002E000B
0082FFB100690029
FF9A007D008C002E
FF61008500BF0054
FF55FF3EFFBE0068
008FFF5EFF960081
FF3AFF34FF220069
0000FFD10079FF9B
FFE5FF6A0004FF28
016B010D0051FFED
01060002007CFF7D
FF4CFF1FFFD6FFC6
FFD7002DFF8AFFBF
FF9300240106FF83
FF93FFDC0041FFBE
0028001BFF380078
FEBE0067008300CC
FFD3FF8BFFA5FFEE
0094FFDF010B0008
005E0078FFD2FFEF
000FFF5400500019
FF8A0017FFBD0072
0020FF8200C5FF08
00AEFF57FF2E0079
FF6D00D3FF6D00AB
FEED0051FFEE00F3
FF880035FF9BFFD8
FFE40005001CFF68
FFD600060096FFF6
0026FFD2FF990052
0002001A002000DA
00B90029FFD1FF51
0064007C0035000F
005AFFCA00820022
FF76009400640040
FF84008600B0005C
FF45FF3AFFCF005D
0070FF5CFF9C006C
FF22FF51FF44006D
000BFFCA0056FF7A
FFC1FF520000FF26
013000BE0074FFD6
00F300190066FF7B
FF60FF1FFFDAFFC4
FFAD0024FFB9FFB5
FFA0005600F7FFA7
FFADFFD70042FFBD
00280038FF4A0062
FECD0065008800DC
FFDFFFA1FFA3FFCE
009FFFA8010CFFFA
00600046FF84FFFA
000DFF5C00890004
FF5D0030FFBC0092
000CFF7900D1FED8
00BCFF39FEFD0079
FF610105FF480090
FEA6002B00080110
FFA5002BFFAAFFC7
FFBFFFCF0020FF29
FFD7000300E9000F
0063FFCFFF9B004D
003A0012000000CE
00B60006FFE7FF3C
003D00540010001E
003AFFD800870004
FF7A00A60050006C
FF81007900DC0096
FF13FF1AFFDA003C
0083FF2EFF8C0074
FEFDFF65FF350090
0029FFBA0043FF60
FF93FF3C0003FF23
013B009F0091FFB7
011C00320070FF51
FF33FEF6FFE7FFB3
FF7F002CFFB2FF95
FFA0005F013F0001
FFD7FFB60053FFC3
00130066FEF2005F
FEB0007700A1010A
FFC0FF9BFF96FFD3
00B6FFA001260007
00480029FF52FFE7
0027FF6E00AC001B
FF600050FFBD00AF
FFD0FF6500C8FE9A
00B4FF15FEEF007A
FF250115FF3B009C
FE66001D00300113
FFAD002DFF92FFAA
FFA4FFA8000FFEFD
FFE5002E0109004C
009EFFEFFF7D0057
00600009FFFA00C3
00DA001A002EFF27
00020033FFDA0004
002AFFE50082FFDB
FF6500AD005900A6
FF7D006300FF00BB
FEE3FF07FFE2001B
00A4FF19FFA00052
FEC4FF67FF2900C6
002CFF8E002AFF61
FF64FF13000EFF01
0142008600B4FFD0
012300610091FF6A
FF11FECEFFC1FF8E
FF69003AFFB2FF61
FFA0006F01780021
FFF6FFC4002DFFF1
FFFB005BFEAF006A
FEAE008200BA0141
FFB1FFA9FFB3FFE6
00ABFFAE01330004
0029002CFF34FFC9
002BFF8700B90040
FF730067FFA60083
FF9CFF6B00B8FEA8
00A4FF0EFF220081
FEE60108FF27008C
FE660007003200C0
FFA90046FF6DFFBE
FFB2FFB0FFFBFEC9
FFEF002B00F10084
00B7002AFF540068
0086FFD600090086
00DF00600091FF0F
FFD2001BFFC10008
0035FFF1006FFFE2
FF770086009600B6
FF740032010D0086
FEE9FF04FFFFFFF6
00E9FF45FFB2002A
FE8EFF93FF3B00DA
002DFF610010FF94
FF57FEF70015FEEF
013E007800EBFFFB
0113004F0091FFAC
FEEFFEE5FF93FF64
FF4D0062FFD5FF4E
FF9C00600162001B
0007FFFAFFFE0030
FFD5005AFE9E0053
FEFC008000A00126
FF98FF95FFB6FFFA
008FFFC40110FFFA
000E003DFF38FFC2
003FFF8F00B30068
FF850061FF820058
FF6DFF6400A2FEB2
00A4FF1AFF70005A
FEE400EBFF23007D
FEA0001F0009007F
FFCA0038FF6EFFD7
FFC4FFCD000AFEE2
FFE7002B00CC00AA
009A0051FF480085
0087FFD900360051
00E500A000D1FF0F
FFAD0018FFBC0016
004CFFC20051FFFA
FF91007A00B60096
FF78001C010D004E
FEF6FF210007FFE8
0115FF8DFFC50033
FE9EFF9EFF6500E6
0021FF49000BFFC4
FF52FEEC0018FEE6
0132007F01190006
00F7003200B7FFD8
FED7FEFFFF78FF3D
FF490074FFE6FF59
FF9500430122000A
0008004A000A0050
FFD0004CFEA50046
FF3F0082008100EF
FF9CFF9CFFD80013
006BFFE100E2FFE6
FFF6003DFF59FFD1
0030FFB000860062
FFA50057FF85002C
FF79FF87007FFF05
0082FF51FFAD003F
FF1000B2FF410063
FEFD0022FFEB0039
FFCD0034FF74FFEA
FFECFFF0000EFF20
FFE900120091009E
0068005EFF510076
006FFFC700430016
00B700AD00CEFF34
FFAF000DFFD80027
0039FFCC00350005
FFAE004E00A9007D
FF8FFFFA00CC0017
FF36FF46001AFFDB
00FBFFD3FFDA0025
FEDFFFC0FF9C00B5
0010FF520003FFEF
FF5EFF100016FF23
00F5005E01000016
00BC001100A20008
FF0CFF37FF86FF3F
FF54006F000AFF77
FFA5001D00C6FFEA
000C0063FFF9005C
FFCD003BFEF70024
FF920067004800A9
FF8AFF93FFE80006
003CFFE400B5FFDB
FFE9004FFF77FFCA
001AFF9E007F0074
FFB1003EFF88000A
FF72FF7F0090FF3B
0081FF79FFEC0021
FF3D008BFF49003F
FF530044FFCB0013
FFD70033FF870028
001500230014FF4F
FFE5FFED0057008D
00250062FF44007A
0077FFBA005FFFE9
00A900D300C9FF3E
FFBD0011FFE3002F
0055FFA9002B001B
FFB1004A00A40071
FFA0000A0099FFD6
FF5BFF61001AFFEC
0100000AFFCE0040
FF32FFBCFFC3008E
000EFF5C00190018
FF6CFF1B0011FF42
00E7007C00F30010
009BFFED00950019
FF1EFF6FFF92FF3E
FF6000600007FF7D
FFB100020094FFC0
FFF80082FFF6005B
FFE70040FF210023
FFB2005500160066
FFA0FFB0000E0017
00270003009AFFD0
FFF00041FF9AFFDE
0011FFC500680057
FFCC0027FF980009
FFB1FFA20063FF7B
006FFF88FFF20034
FF7E0078FF69001A
FFA30031FFBE0016
FFD50042FF870020
002000220029FF6B
FFE3FFE300480065
FFF60047FF670053
0049FFCD005CFFFA
007900B80086FF6C
FFC30007FFFD002C
003FFFB800280030
FFC0003B008B0059
FFC400050074FFC7
FF7FFF860005FFD8
00B7001EFFDA003B
FF68FFE7FFDC0068
0010FF6E00350016
FF8FFF550016FF80
00C4006C00B80004
008CFFD500640015
FF58FF9BFFB5FF68
FF8100420017FFA9
FFB0FFF90061FF9B
FFF50067FFEA003B
FFFC0036FF66000D
FFC40038FFED0042
FFB4FFCC00190022
0023000E0093FFD4
FFFA002FFFAFFFE8
000BFFEB004F004A
FFD80015FFB30004
FFD4FFBD0047FFA3
004BFFA6FFEA003E
FFAC0056FF850016
FFC60020FFC90020
FFDB0044FFA10013
001500100027FF85
FFE2FFF300410046
FFFA0031FF82003B
002EFFEA0044001F
004B00900057FFAB
FFCD000200120025
0030FFC800240023
FFC6003B0074004A
FFD0FFFE003CFFD9
FFA4FF9AFFF4FFD4
007F0006FFE3002B
FF900004FFDA004D
0016FF8300380015
FFA2FF820006FFB1
00A3004E0083000A
0066FFE500460005
FF94FFB1FFCEFF9B
FFA60027000CFFC4
FFBCFFFC0044FF9E
FFF1003EFFE5002A
000D002DFF89FFFF
FFB80030FFE9003B
FFADFFD500240018
001D0015007EFFE1
00040024FFB1FFF0
0010FFFA003E0042
FFE90010FFAE000D
FFF1FFC3002DFFB6
0047FFB5FFF6003B
FFBF0056FF9A0011
FFCD0017FFBB001C
FFDD0049FFB10017
0011000A001CFF9E
FFEBFFFB0048003A
FFE9001FFF9C002A
0021FFE6002F0030
00460073003DFFBE
FFD800090009001A
002BFFD5001B0021
FFC9004300600036
FFD40008003AFFD7
FFABFFA3FFE3FFCB
005C0008FFDF0024
FFA80017FFE60033
000EFF8F003C000C
FFB6FF96FFFFFFC2
008F004E0070FFFA
0069FFE6003BFFF8
FFA0FFB8FFC8FFB3
FFB500180004FFC5
FFCF00010043FF9E
FFE60038FFE3001C
00130025FF94FFFC
FFC50021FFEE0032
FFB0FFF7000D001F
0012001B00660007
00160017FFC3FFEC
0017FFFA001F0049
FFFB0006FFC60018
0008FFD7000EFFBD
003EFFCBFFF5003C
FFEC0046FFB10019
FFD60005FFB90030
FFFB004AFFE10010
001600030005FFBB
FFE8001100420037
FFDA0002FFC00036
0016FFF3001C004E
00280045002EFFFB
FFF3FFFD0005FFF8
0021FFDA000E0015
FFCB005200310016
FFDE00110019FFE5
FFC6FFADFFDEFFC9
0026FFF8FFE3002A
FFD7002EFFE7000D
0005FFAD0043000C
FFBCFFBDFFF8FFE3
006C003D0040FFF5
004F00000034FFDE
FFBCFFC7FFBBFFCE
FFE5FFE8FFDEFFD1
FFE80007004DFFAB
FFE3001BFFFB001C
0014000EFF9F000B
FFC60016FFEF0032
FFAA00140036002E
000A0033007D0016
001B0031FFDAFFE4
0017FFF900010054
00130021FFD3FFFD
0004FFF20035FFAA
0023FFCBFFF00038
FFE00041FFA50034
FFCFFFD5FFC30041
000200520000000B
00380004FFF1FFA6
FFE7001700480033
FFE9FFEFFFDB0056
0023FFFA00050050
003E0005003D0002
0000FFF8000E0027
0037FFF0000F0018
FFD70062002EFFFB
FFC500320011FFEB
FFDDFFD0FFD2FFCB
0015FFFEFFDE0039
FFE00039FFEBFFED
FFEEFFB200550019
FFB9FFC7FFF7FFDB
0065003D001F0019
005A00020021FFEE
FFC6FFBEFFCDFFE5
FFF3FFD0FFCBFFC3
FFEC00120067FFA7
FFDC001C0007001A
00000019FF96FFFD
FFAF0032FFFA004C
FFA00028003E0026
FFFA004800A2000D
00230044FFEDFFDD
002DFFD4FFE20070
0012001AFFC8FFED
0004FFCE0055FF99
001DFFCAFFD80046
FFBC005AFF7C0052
FFA5FFB5FFCF006A
FFED0055000C0019
004F0009FFBEFF7E
FFD70016004A0057
FFF0FFDCFFE10077
0031FFE5FFFD005B
005EFFEA005EFFF2
00120001001B0048
0047FFFB00250002
FFE200890045FFE3
FFAE0053001DFFE2
FFD5FFD4FFB6FFBA
000B0014FFC40038
FFD00041FFD7FFD3
FFDDFFCC00740028
FFC1FFAF0005FFBE
006C0049001D0027
0089FFF40027FFF4
FFAEFFAAFFB1FFE9
FFFBFFBDFFD2FFC9
FFDD00200093FFAC
FFD6000A000A0013
FFFA002DFF88000B
FF9500430008006D
FFB7FFFA0033000A
0000005D00AFFFFC
00180052FFF5FFBC
0026FFAEFFDD0091
001D0031FFC9FFCE
FFE8FFAE0056FF83
FFF3FFDEFFCA0076
FF8D0074FF820060
FF76FFB2FFF60068
FFD800470013000E
004F0023FFC8FF5B
FFDD001A00470052
0005FFF8FFCE0091
0033FFDA00060066
008DFFF90071FFD2
0006002400110042
005EFFF9001EFFE7
FFF2008C0063FFFE
FF98007B0014FFEC
FFBFFFD8FF9DFFC2
000B0011FFB80020
FFAB000DFFE5FFDC
FFD3FFDD008A0016
FFCFFF80FFFBFF86
007E00760026003B
0088FFF00062000D
FFA4FFA3FFA1FFEA
FFE2FFAFFFD6FFE3
FFA6003700A8FFB4
FFE4000800110014
FFE7004FFFA60008
FF59006600250088
FFB9FFDC0011000F
001D005300A20010
001E0048FFEAFFC2
0024FFB2FFEC0084
00010023FFAFFFDD
FFD8FFB3004AFF75
0007FFD0FFCE0081
FF85007EFF8E0061
FF7DFFD2FFFB0051
FFD6003CFFEFFFFC
0049002DFFDAFF75
FFEC00270033003B
FFFE0008FFCA0081
0030FFF20016007C
0085FFFA0053FFC3
0019002C002A0028
005FFFF60021FFF2
00000070005B0006
FF9E006B0035000B
FFB7FFCFFF9EFFD3
0026FFEFFFAF0025
FFB4FFEAFFCDFFFD
FFD5FFD50087001E
FFDCFF84000DFF87
00AE008600310043
0098FFED00630002
FF95FF91FF92FFEA
FFE2FFC1FFC2FFE1
FF91003400A4FFAC
FFD7000C001C0009
FFEC003BFF8D0014
FF5E005B0022009A
FFC5FFB6FFE3000B
003B004B00B50028
0028003F001AFFD2
0022FFA600010074
FFD10011FFADFFF4
FFE9FFAC003CFF7C
0039FFAEFFD20095
FF790090FF9F007C
FF60000CFFF00062
FFBD0022FFCEFFF4
002F0031FFDFFF8D
FFFC00250028000F
FFF9FFFCFFB50072
0029000700400093
007A0011003AFF9F
00270049001C0010
005FFFF100210002
FFEB004B00680001
FF94006300590024
FFB8FFAAFFA2FFF1
0047FFCEFFAE0043
FFA4FFC5FFA20020
FFEAFFE900730017
FFF3FF93000CFF7D
00D200AD00330041
00A4FFF3006CFFE7
FF85FF7FFF90FFF1
FFF1FFC5FFB0FFE4
FF84002F00AEFFA7
FFCFFFF20013FFFE
FFF60011FF830019
FF540057002F00A0
FFBEFF90FFBB001D
0056004600D50047
0024003D0042FFDE
0016FFA900100074
FFA40003FFA10004
FFF4FFA90034FF89
006BFF95FFDE00B3
FF6300ADFFA80095
FF49003EFFE30072
FFB6000AFFB6FFF6
002C0033FFE6FF95
0007002B001CFFF7
FFEAFFE5FFA70062
002C001D006600B1
006100250024FF82
00350062000BFFEF
0065FFEB001F0013
FFDF00250073FFFB
FF8B004E007B003E
FFB2FF7AFFA90006
0060FFA4FFBE0062
FF9DFFA8FF7C0044
FFEEFFEE006E0015
FFFEFFA3000DFF70
00F200DB002E0049
00C1FFFF0077FFD3
FF7FFF6BFF91FFED
0000FFBEFF9BFFE8
FF81002900C3FFAA
FFBFFFDB00120000
FFFFFFE4FF640028
FF480055003B00A9
FFB7FF72FF9C001E
00730037010B0059
003D0034005FFFDF
002EFF9F002A006E
FF7D0004FF8E001D
FFFFFF9C0047FF82
00A3FF7CFFCC00E1
FF4600CBFF8A00C5
FF32006CFFD20086
FF940010FFA4FFEA
002D0032FFE9FFA2
000C00250013FFDB
FFDCFFD4FF90005A
0027003D009400D2
0059003E0013FF5D
004E007B0011FFE2
007AFFCD00280034
FFC4001D008E000A
FF86004F009C0056
FFA1FF57FF9D0023
008AFF77FFC8007F
FF8FFF7AFF3C0063
FFF5FFF000720005
000BFFB5001BFF5F
01300108001E0048
00E800110090FFC0
FF5EFF59FF9CFFE1
0009FFCCFF83FFD7
FF6C001F00F0FF93
FFAFFFD3000BFFF3
0012FFC5FF3A0049
FF1C0048005400CD
FFBCFF54FF9B0031
007F001201310053
003B003A0051FFC1
0046FF7A002C0076
FF87000FFF660028
FFFEFF78005CFF6C
00DFFF6CFFA000E0
FF4100DEFF7800EF
FF2A0098FFE200A2
FF8F0016FF9AFFBE
0034001DFFFAFFAD
FFFE00010010FFE7
FFFDFFBDFF9A0024
003D006E00A300D9
006F004A000CFF57
00490083FFEC0002
008DFF9E003D0022
FFB700490083001B
FF8E005F00A7005E
FF93FF44FF960024
0088FF59FFD10081
FF68FF70FF140062
FFDCFFD20097FFF6
FFF8FFBF002AFF61
0152012000000037
00EB003A0090FFAD
FF41FF68FFB3FFEF
FFF9FFD8FF5AFFB8
FF7200380103FF7B
FFAAFFE80006FFF5
0031FFCDFF10007B
FEEF005D00600104
FFD0FF4DFFA2000D
0068FFED012F002D
0028003C0023FFBE
0055FF620043006F
FFA70011FF5E0053
0003FF66005DFF60
00F5FF67FF7700C5
FF5800D3FF5C00E1
FF250077000000B4
FF920027FFAEFFAD
001C000DFFFEFFAB
FFFCFFF80017FFE9
0024FFA9FF9F000B
004E007C009900D9
008D0044000AFF69
003E0077FFE7000E
0092FF80004F0009
FFC3008300620030
FFA3006F009F005B
FF7EFF66FFAA0021
0083FF52FFC5006D
FF66FF73FF030061
FFE1FFB70096FFDB
FFEEFFBB003BFF67
0162013200010024
00F1003C0076FFB0
FF2CFF6BFFBDFFFA
FFFE0002FF53FF91
FF8500330105FF72
FFA1FFFB0004FFEC
0055FFFFFF060095
FEEB005D006600F3
FFD1FF63FFAC0000
006FFFDF013A001B
002D0031FFFEFFBA
0054FF6F005C006A
FFC60020FF66005A
FFF4FF670075FF49
00FCFF67FF6700B4
FF4A00DDFF4700D8
FF140067002100B8
FF830020FFBFFFA0
0018FFEDFFFEFFA2
0002FFE80025FFEE
003CFF9BFFA4FFEE
005D008B007B00D6
00A30042000FFF64
00450066FFDB001C
0085FF89005CFFFA
FFBC009F00520039
FFB4007400A30062
FF80FF67FFBD002A
006FFF3EFFC9006B
FF4DFF7BFEF90072
FFEDFFB60099FFD5
FFC8FFC50040FF6C
0161012E000A001E
00F300430065FF9F
FF22FF74FFD6FFEC
FFEF0010FF51FF74
FF93003A011AFF94
FF94FFED0000FFF9
0065001CFF0100B7
FEE00050006F00FE
FFD6FF82FFBFFFEA
0072FFDC013C000C
002B0028FFD8FFC2
004EFF7A00820058
FFDB003BFF800072
FFEBFF650086FF1E
00FAFF6BFF4A00A3
FF4100EEFF3000D0
FEE9004B003F00CC
FF800030FFC5FF87
FFE8FFCFFFFBFF8C
FFFEFFEC0051000D
006CFF90FFA3FFEF
005C0082006400E2
00B60034002AFF73
00260055FFE30009
0062FF9F006BFFDA
FFA300CD00390055
FFB6007D00AE0066
FF5EFF62FFD00028
0063FF2CFFC0004E
FF28FF85FEFE008A
FFFDFF9E0089FFB5
FFA9FF9B003EFF62
0153011200360017
00EB0050005DFFA7
FF05FF5AFFC1FFCD
FFD20026FF63FF48
FF9100480125FFAC
FF95FFE50005FFED
00630032FEFE00BD
FEDB0058007C00FF
