FFC7FFEAFFC00020
0021FFF30057FFE7
0067012F0090FFB9
0138FFF9FFC80002
FFF7FFDA00F30005
008BFFB8FFBB00BC
FFB80017FFCFFFD8
FFE2FFF50082FFD0
00F3020AFFB900BD
01D80057005A0079
001E00FFFFF400B7
FFC7FFDFFFC0FFBA
0080FFC2FFC20036
0026FFD3FFCA0011
0019FFF5FFC40042
0033FFE7FFB8004B
FFC600630010005C
FFF0FFF8FFC20054
FFB80081FFEEFFBE
FFDA006D0159FFDA
FFD3FFC5FFB90079
FFB90027FFE3008A
005AFFCC00230051
FFF0FFBA00ADFFE1
001FFFBAFFCCFFD3
000900290054FFF5
FFFEFFCC00250123
FFBD00E9FFD1FFC9
FFB800B6FFC7000A
FFC60071FFF3FFBA
002DFFC300B700A4
FFBA0055FFBC0057
005D001F006900BD
0065FFE20099003F
FFCEFFB9FFC2FFB8
FFF900D1FFCF0020
0009FFF0FFC60050
FFBCFFE1FFC00068
FFC1FFD8FFC50007
FFB8FFBB008A0030
006F0092FFC4006D
005FFFBC00480048
FFD400E10050FFD2
0047FFBC00D2013A
0099FFF100140074
FFBC008D0048FFBC
000EFFBA006B0007
0080FFF4FFE400E4
FFCC0019FFB9FFF4
00C600BB009E004E
0003FFC0FFCBFFBF
FFC00093FFBFFFBC
018900CFFFBDFFC3
FFC1FFC8FFE0FFE2
0051FFD0007400B9
00EE01B6006DFFE5
FFB8FFE0FFBBFFDE
00110000008CFFE5
FFCB00F2FFFFFFBC
013700630010FFBB
0010FFD7FFCAFFDA
0063007BFFBA000B
009D0053FFBFFFBF
FFB80041002D006F
FFC5FFE8FFBB0013
00250007004EFFEC
0065012B00ABFFBA
012F0007FFC70016
FFFAFFC700F6FFEB
008EFFB8FFBE00B6
FFB8002BFFD3FFDD
FFDAFFE2008DFFDA
00DA01ACFFB900DF
0206004C0032005D
000F0102FFE300E2
FFC9FFE9FFC0FFBD
007AFFC2FFBF0041
001FFFCAFFD80020
0025000DFFBC005F
002EFFECFFB80049
FFC4006900160062
FFDEFFEBFFC7005A
FFB8005AFFF3FFBD
FFCD00610169FFEE
FFD0FFC4FFB90080
FFBB0014FFEE0084
0046FFC800100053
0003FFB900A7FFC7
0020FFB9FFC3FFD6
000B00260044FFF8
0001FFC700330141
FFBC00CBFFC9FFCC
FFB800E2FFC80004
FFCF0057FFFFFFBC
0034FFC100DD0084
FFB90050FFB9003B
006D0044006300BE
0076FFE700970030
FFD1FFB9FFBFFFB8
FFFA00D0FFD7000C
0009FFDCFFC0005A
FFB9FFF5FFC7002C
FFC5FFD4FFC70014
FFB8FFC0008B0056
008A0098FFBB007A
0049FFBC00540049
FFD200DE006DFFE6
005CFFC000FE014D
00A9FFF2FFFA006F
FFB90061004BFFBA
000DFFBB0057FFFD
007E0007FFD400CC
FFCF0025FFB9FFFF
00C100CB00770066
FFF6FFBFFFC8FFBD
FFC80076FFBDFFBC
017500C6FFBEFFC3
FFC1FFD2FFF2FFCE
003DFFDD008400BD
00C401D9005EFFE7
FFB8FFEAFFBCFFCD
001CFFFB0091FFE8
FFC300C3000DFFBC
014D006F000BFFBB
FFFDFFDDFFC7FFD2
003A0096FFBA0013
0087004EFFBCFFBD
FFB8005A003B008B
FFC8FFE3FFB9000F
002EFFFD004FFFE2
004D014200A0FFBA
011C000CFFD7000F
0001FFD100E50004
009AFFB9FFBE009D
FFB80015FFDEFFE8
FFF2FFDD0099FFCE
00EA01E5FFB900E4
01FB008A00580071
FFFE00F4FFDF00B7
FFBFFFE9FFC2FFC4
007FFFC5FFC60022
0039FFCBFFD5000B
00100012FFBC0062
0036FFFEFFB90039
FFC30066002A004E
FFE7FFE3FFC90029
FFB80094FFEAFFBA
FFCC006C014FFFDE
FFD7FFC5FFB800BF
FFC30027FFF00056
0085FFBD0011005D
0002FFB900A3FFD2
0041FFBAFFC9FFD2
000E003200440007
FFF0FFD400410123
FFC100E6FFC9FFD0
FFB900D3FFC70003
FFD70088FFF6FFBF
0022FFC200BB008A
FFB8005FFFB9005F
005C0045006D00F3
00770002007A0044
FFD2FFBCFFBDFFB9
FFE600DEFFDC0022
001BFFE5FFBB0044
FFBBFFECFFCB0016
FFC2FFE4FFC70007
FFB9FFBE0084004B
00830087FFB9004E
007FFFC1002B0027
FFEC0108005CFFE3
0058FFBE00EF0114
0087FFFA00140061
FFC300A2004CFFC0
FFFCFFBA0038FFF5
006AFFDFFFF3009E
FFD80022FFB8FFF5
00A200B5004D007F
0001FFBAFFC3FFBB
FFBC00AAFFBEFFBF
01610114FFBAFFDD
FFBDFFD2FFD9FFD2
0038FFE5007B009E
00F5017B0031FFD6
FFB8FFE2FFBBFFDB
0002000E00A0FFF0
FFC800B40026FFC3
019C0073000DFFBF
0001FFD2FFC2FFD2
003D008BFFBB001F
009B004CFFBFFFC8
FFB90035004B0067
FFC8FFDEFFBB001F
002AFFF60063FFE3
00610144009AFFBA
01340007FFC4002C
FFF6FFCA00EEFFED
0098FFB8FFBE0097
FFB8002CFFD7FFD4
FFEBFFD40089FFD4
010401C2FFB800EE
01EC005800410049
FFF900F6FFE800BC
FFC6FFF4FFC0FFBE
008FFFC3FFBD0023
003FFFD5FFCD002A
00320010FFBD0040
0030FFF3FFB80032
FFC4005000180061
FFDBFFEDFFCE003D
FFB80073FFEBFFBB
FFD30069016DFFE3
FFCEFFC6FFB90086
FFC10019FFEA005F
006CFFC100170034
FFFFFFB900B1FFD4
0017FFBAFFC6FFCA
0004002E003A0004
FFFEFFCD002C0122
FFBF00DBFFC9FFD2
FFB800BCFFC5000E
FFC900910014FFBD
0023FFC100D2008B
FFB9003FFFBA0043
0074003200A600EA
008FFFF200950056
FFD1FFB9FFBCFFB9
FFF500E6FFCB002B
FFFDFFEFFFBD005C
FFB90009FFC6001E
FFC6FFDEFFC4001E
FFBAFFBF008F0061
007600A2FFBA006C
007DFFC30054005C
FFE100AE007BFFE9
005FFFC100D60166
009FFFF500170065
FFBB008C0051FFBA
0001FFBA00450006
0094FFF8FFEA00AC
FFD8002AFFBBFFF4
00CB00B200630057
FFF4FFBEFFC6FFBB
FFC20078FFBBFFBB
01AF00F0FFC2FFCD
FFC1FFCFFFF3FFC8
0041FFDD008E00A4
00E501F70051FFED
FFB8FFECFFBAFFE1
0004FFF60093FFDC
FFC400CC0004FFBF
016000690029FFBB
FFFBFFD5FFC4FFDA
0047008EFFBD001A
00AD0059FFBCFFC3
FFB8004A0032005F
FFCFFFE1FFBC0033
002A00020071FFE4
0071010A00B9FFBB
014A0022FFD00010
FFECFFD000E8FFFC
0080FFB8FFBF00B0
FFB80033FFD9FFDA
FFEDFFDF00A7FFCE
00F901BCFFB9010A
01FA006F00490046
FFEB00F2FFDF00B2
FFC3FFDAFFC2FFBE
0092FFC7FFC30032
003CFFD4FFCD0032
0042001DFFBF0041
0036FFF2FFB8004F
FFC40043001E0071
FFF2FFEFFFCD003F
FFB90065FFEBFFBB
FFCD00770168FFD7
FFCAFFC9FFB900A4
FFBE0023FFF40074
0064FFC1001C0069
FFFFFFB900BEFFD3
002CFFBAFFC5FFCA
FFF7002F003EFFF0
FFFAFFCB00360148
FFBC00CCFFCCFFC6
FFB900BDFFC4000A
FFC7007BFFF6FFBD
0024FFC000BE0084
FFB90036FFB90048
00900048007900EF
006900050083003A
FFDAFFBCFFBFFFB8
FFE600FAFFD2002C
FFF7FFE5FFC2006F
FFB9FFFFFFC60026
FFC7FFE3FFC70033
FFB9FFC100AC005C
00C10083FFBF005B
004DFFBE00410029
FFF600F2007DFFEB
005BFFBE00EF0124
0087FFEF000F008F
FFBA00690055FFBA
0004FFBA0051FFFE
00980007FFE800BC
FFCC0030FFB8FFFA
00DC00E5005D0066
FFF3FFBBFFD9FFBD
FFC40091FFBBFFB9
019B00D1FFBCFFD0
FFC2FFE3FFEAFFC5
0030FFEA009400B7
00DA01B9004DFFFE
FFBAFFEAFFBCFFE9
0010FFE60071FFEB
FFC700BD0006FFC1
01870084000CFFBB
FFF5FFD2FFBBFFD4
005E0070FFBB002A
008D0040FFBBFFC0
FFB8004E00410098
FFD2FFFDFFBD001B
001AFFF9006DFFEE
00750177009EFFB9
00F80014FFC7001C
FFECFFC800FDFFF3
009FFFB9FFBC0090
FFB90039FFD9FFD0
FFDBFFD300A9FFDE
00EF01BFFFB800F7
01EE006B002D0076
000F00FFFFD400CB
FFC60007FFC0FFC3
0073FFC1FFCA0043
0049FFD0FFD90026
00160020FFC10054
003FFFF8FFBA0057
FFCB0049FFFF002C
FFE5FFFFFFCE0026
FFBB0074FFFBFFBD
FFD300510135FFD9
FFE1FFBFFFB8005A
FFC30016FFF70063
0079FFC1001D0054
FFF1FFB800BBFFC6
002AFFB8FFC5FFD0
0014003900650008
FFF3FFD1001F011B
FFBE00A1FFC0FFC2
FFB800F0FFC4FFF4
FFD5006E0001FFBA
0025FFC500F400BE
FFBC0044FFB9003F
0076001C006100E6
007AFFF500A5006A
FFDDFFB9FFC0FFB9
000300DEFFD2FFFE
FFFFFFF5FFBB004B
FFBA0001FFBE002E
FFCAFFD9FFCB002E
FFBDFFBD00B40054
004C007CFFB8007A
007AFFBE004B002A
FFEB0083006EFFE1
0061FFC000E80155
00ADFFED003E004B
FFBE00820059FFBA
000BFFBA0065000C
009D0005FFD900B1
FFD5004EFFB80000
00B0009D00420058
000FFFBBFFC1FFBD
FFCA00B1FFB9FFBD
018600DDFFBEFFDE
FFC0FFCAFFF9FFDD
0063FFE0009800AE
009E01BC004EFFFB
FFB8FFDAFFB9FFD1
0005FFFA0084FFE3
FFC2009E0028FFBA
01650042001CFFC0
0010FFD6FFCBFFDE
006200BAFFBEFFFB
009D0045FFBBFFC2
FFB8004F00460071
FFC2FFF3FFBA000F
002A00090031FFDA
00830132008EFFB9
0130000DFFCA0005
FFFFFFC900CCFFE5
009CFFB8FFBF009B
FFB80040FFDCFFD7
FFDFFFDF00A1FFD7
00E801C9FFB800EC
01DB0056004E0060
000700F4FFE200B0
FFC0FFFFFFC9FFBB
00AAFFC3FFC2001B
0022FFDBFFD60022
0036000CFFC40051
003AFFF6FFB8004B
FFC40068000B0030
FFD8FFEFFFC90045
FFB80053FFD9FFB9
FFD2004E0162FFEB
FFCDFFBEFFB9007D
FFBA001D00030075
0069FFBB00160030
FFEFFFB9009FFFDF
0034FFBAFFBFFFD0
0017003D002CFFF9
0001FFCE003B010C
FFC000D0FFD2FFC5
FFB800AFFFCA0024
FFD7006DFFFDFFC1
0033FFC100D1007B
FFBF0038FFB80062
004F0045009000D0
006DFFE70087004F
FFCCFFBEFFBFFFB9
FFFA00D9FFCD0011
0009FFCDFFC00071
FFBE0000FFCB0014
FFC7FFD3FFC40004
FFBAFFC000850032
00860089FFBA0078
007AFFBE0057003A
FFDB00B90075FFE5
007AFFC400F40165
00EAFFED00140056
FFC20069004BFFB9
FFFDFFBB0049FFF7
007EFFF2FFED00D0
FFCD0049FFB9FFE7
00C100860079005E
FFF0FFBFFFBCFFBC
FFC00087FFB9FFBB
015200E6FFBDFFC9
FFBCFFCEFFF7FFE8
0052FFD5009400D4
00F701BD003AFFE5
FFB8FFD0FFBAFFD3
0001FFF800C2FFD7
FFBE00CF0015FFBF
013E0032001DFFBC
0009FFD8FFD1FFCF
005A006FFFBB0023
00AB007FFFBFFFBA
FFB900570064006E
FFCEFFE9FFBD0030
0028FFFF0025FFE0
005D0161007EFFBC
01320017FFC20022
FFF4FFCF00E9FFE6
0097FFB9FFC1008A
FFB80021FFDFFFCB
FFD5FFE2008BFFD3
00DA01CDFFB80104
01EB006200660057
0007010AFFE800C8
FFC2FFE1FFC2FFC1
0099FFC4FFC80029
003EFFCEFFC7002C
0022FFFFFFBF0057
0043FFF4FFB80048
FFC7004200050031
FFD8FFEDFFC7003F
FFB80070FFDDFFC1
FFD0006D0136FFE3
FFD6FFC4FFB8004E
FFBE0023FFFF008A
0067FFBC00360035
FFF8FFB800A8FFD5
0038FFB9FFC5FFCA
001000360046FFFD
FFF5FFD000200137
FFC400EAFFC4FFC2
FFB800DBFFD2000C
FFD70089FFF7FFBD
0026FFC000E100B1
FFB9004EFFB80023
0069002B008600C3
0088FFE9009D0043
FFCFFFB9FFBCFFBA
FFFF00FBFFD60007
000BFFDAFFC10056
FFBEFFF2FFCA002E
FFC2FFEDFFC50007
FFB8FFBE007F0041
006700AAFFBB0073
0073FFC000450051
FFE200CC008EFFD8
0046FFC00129017C
00B6FFFA00170061
FFBC005E005DFFB9
FFFDFFBB004CFFFB
0079000AFFDC00BC
FFD20032FFB90010
00CA00BD0058005B
0001FFBEFFC1FFBC
FFC5007AFFBBFFBA
018000DAFFC2FFCE
FFBCFFD0FFF1FFCE
004DFFDD007200C0
00CA01DC0042FFF9
FFB9FFD7FFBCFFDF
000AFFF5009EFFE3
FFBE00AA000EFFBD
0149005E001EFFBB
0012FFD9FFC2FFD6
004A009BFFBC0012
009D0042FFBFFFBD
FFB9005F00600082
FFC4FFFFFFBC0035
0022FFF30053FFFC
002E014700B7FFB9
0106FFFCFFC70013
0001FFD400D3FFED
00AFFFB8FFB900A1
FFB80010FFD8FFD5
FFE3FFE900A1FFD0
00F901CDFFB900BB
01F9003C003F0061
001D00FBFFDB0077
FFC8FFE8FFC2FFBB
0080FFBCFFCB0016
004BFFE0FFCB0015
0004000FFFBB003F
0040FFEFFFB9003C
FFC1005A000F003B
FFD8FFF0FFCA0036
FFB80063FFDCFFBE
FFCE004D012AFFE3
FFD2FFBFFFB80069
FFC0FFFEFFEF0068
0099FFC8002C003B
FFFCFFB900B9FFD5
0025FFBDFFCBFFD5
000D003F0067000A
0009FFCF001A010A
FFBF00CEFFC7FFC8
FFB800A6FFC8000E
FFC8008E002AFFBA
0013FFBD00AD00A1
FFBB0059FFB9005A
0046002400640096
0085FFFC00B10037
FFCFFFB8FFC0FFBA
FFF200E5FFD2001F
00170007FFC7006D
FFBBFFF0FFBD0078
FFC5FFFCFFC40008
FFB9FFBD009E0063
004B007BFFBC0057
0073FFC0005B004B
FFEC00DE0055FFD9
0063FFC000E00181
00AAFFFF00280053
FFC100730061FFBD
000CFFBA006FFFFF
0076FFE3FFE100B8
FFD80020FFBAFFEC
00C300D4007F005D
FFF3FFBEFFC7FFBA
FFBD00B2FFBCFFBD
01A200F0FFBDFFC9
FFBFFFC6FFDAFFD8
0035FFD3008400B9
00E801BC0058FFE8
FFB8FFD8FFBBFFDF
0020000A0096FFDE
FFD400D9FFF5FFBC
014C00550020FFB9
0012FFD5FFC6FFDA
004B0076FFC20023
00AC0051FFBEFFC3
FFB80058004E0069
FFC7FFE3FFBB001E
002D0005007CFFF0
005E016900AEFFB8
0124000DFFD4FFFA
FFEBFFDC00ED0005
00A4FFB8FFBC0081
FFB80029FFD9FFDC
FFD8FFE8006EFFCF
010001CAFFB9010E
01FB005400570052
FFFB0105FFD800C0
FFCDFFE9FFBFFFBB
0083FFC5FFC80034
002CFFCAFFCA0023
002B0015FFC0005A
002CFFDAFFB8003D
FFC600590029004E
FFE8FFEEFFCA002B
FFB80057FFFBFFBD
FFD3006B0155FFED
FFD3FFC9FFB80089
FFBD002CFFE90068
004DFFBF00300067
FFF6FFB9009FFFD2
0017FFB9FFCFFFD0
001500450063FFFF
FFFEFFCD0034011D
FFBC00B0FFD0FFC0
FFB900DEFFD20009
FFCA0082FFFCFFBD
002BFFBF00BD00B1
FFB80042FFB9002D
00570027007900DA
0095000800A80061
FFCFFFB9FFC2FFB9
FFED00F8FFCF0014
FFFAFFFEFFC1005A
FFB90003FFC30036
FFC4FFF4FFCE001D
FFB8FFBE00B8009C
00750079FFBF0073
006EFFBB00450046
FFE900E9006DFFE6
003DFFC000E5012F
0082FFF400160069
FFB90083004EFFBC
000CFFBA0058FFEA
0086FFFFFFE200A8
FFCB0036FFB90001
00A700DB00630065
FFFCFFC1FFDAFFBB
FFC00096FFBEFFBC
019F00F3FFBAFFD4
FFBFFFD4FFDCFFCC
003FFFE2009100C3
00B101C90095FFEA
FFB9FFF2FFBBFFCE
0007FFF2006D000A
FFC900DAFFF6FFBF
016D006D0022FFBE
000BFFCEFFC9FFD0
00750084FFC2001E
007C002CFFC0FFC5
FFB80049002C0090
FFC5FFE8FFBB001F
00360001005AFFE2
005A013F0099FFB9
0157FFFEFFC7000A
0002FFCC00E90001
0078FFB9FFBD00A6
FFB80042FFCEFFDE
FFDAFFEA00CAFFE5
00D501DBFFB800F4
01B1005700510068
001D00F3FFE800B1
FFC1FFE3FFC2FFBB
009EFFC1FFC40022
0017FFCCFFD70019
002A0009FFC70060
0031FFE8FFB9004E
FFC4006300070064
FFDAFFE3FFC3004E
FFBA0053FFF6FFC0
FFD800690164FFEE
FFCFFFC3FFB80069
FFBA0022FFF3007B
0056FFC1000A0055
FFEBFFB800B8FFD1
002CFFB9FFC6FFCD
000F0034002D0002
0009FFCB00390100
FFBF00E3FFD5FFCF
FFB900B8FFC5000F
FFD00067FFFAFFBC
0037FFBF00DC00A6
FFBB0041FFB90060
0070003B007F00CC
0073FFF3009C0049
FFDAFFB9FFBEFFB8
FFFF00C5FFCB0022
FFFEFFE0FFC6005A
FFBBFFF4FFC90036
FFC7FFD4FFC70021
FFB8FFBB00B00025
00810098FFBC0073
0052FFC000340034
FFDE00D30063FFDF
0061FFBA0113014D
00D4FFE7001C0075
FFBC005D0059FFBA
0003FFBC0072001A
0072FFF7FFDA00A9
FFDA003FFFB8FFF0
00CA00AC007C005C
FFF2FFC0FFC5FFBA
FFC30084FFBBFFBE
016E00C2FFC0FFD0
FFC0FFCFFFF0FFD5
0053FFDC007B00BB
00D901D60062FFF0
FFB8FFD1FFBAFFCC
0006FFFB00A2FFDB
FFBF00CC0000FFBD
014D005A0032FFBD
0004FFDBFFBFFFCE
006E005EFFBB0015
00750068FFBFFFBC
FFB8005300340076
FFD4FFE2FFBF0022
002C000C004EFFD9
007A01740080FFBA
012B0006FFD40023
FFF9FFCA00FFFFFD
008DFFB9FFBF006C
FFB8002CFFDEFFDD
FFD1FFE3008BFFC6
00EB01DFFFB800D9
01FE008800220065
00140126FFD600A4
FFC40000FFC0FFBC
007CFFC7FFC7003F
002FFFD0FFCE0016
00240016FFC10047
0047FFE1FFB90079
FFC5006500340055
FFF6FFF2FFCA001C
FFB8006CFFE7FFC1
FFCE004E0136FFDB
FFD7FFC5FFBA00A7
FFBD0019FFFD0070
0075FFBC0031005A
FFE4FFBB009EFFD2
0033FFB8FFC4FFCE
000D005C005CFFF5
FFF1FFCB00430103
FFBC00B4FFC6FFC9
FFB800EFFFCD0014
FFDF0084FFFAFFBA
0023FFBC00F200AC
FFB90051FFBA002C
00380036006200E4
009000070098005A
FFD4FFB9FFBCFFB9
FFF300F9FFE20014
0019FFE7FFC20061
FFBEFFF8FFC60041
FFC3FFECFFC7000E
FFB8FFBD00AA003A
00620088FFC1005A
0060FFBF004C0025
FFE900D60051FFD4
0054FFC000E60121
00ADFFF9002A0084
FFBC006A0064FFBF
FFE6FFBB008BFFF2
006F0008FFE500BD
FFD60036FFB8FFF5
00AB00BE007A006D
FFFAFFBEFFC0FFBE
FFC100A8FFBEFFBF
017200EBFFBBFFD2
FFBCFFC9FFE3FFCB
0027FFDF00AF00BC
00E5019B0059FFE1
FFB8FFD5FFBAFFD9
0009FFF00068FFED
FFCC00D80008FFBF
01850061002BFFBD
0004FFD7FFC0FFD6
005A0089FFBE000C
00900045FFBDFFBE
FFB80069003C005C
FFCDFFF9FFBE002A
0089FFFD004AFFE3
00B101B0009FFFBE
00F40005FFCC002A
0008FFDF012BFFE7
00A5FFB8FFC2005E
FFB90023FFDEFFF8
FFD4FFDC00C2FFBE
011B0202FFB80131
01D30074003A0054
FFFA00E1FFD1005D
FFC3FFE5FFC0FFC4
0097FFCBFFC60016
0029FFD0FFCBFFEC
0027003FFFCB004B
0030FFFDFFB90035
FFC7004300310036
FFE8FFDAFFCE0012
FFB80046FFD9FFC1
FFD400970117FFED
FFD2FFC3FFB80091
FFC0002C000E006E
0068FFBD001B0086
FFFDFFB8008FFFD7
003AFFB9FFC9FFE6
FFFC006100610013
0000FFCF00260123
FFCC00B2FFBCFFD0
FFB9009DFFE5FFF0
FFD40062000AFFBA
0057FFBF00C10091
FFB80082FFB80021
00920057006700F6
005EFFED00BD006E
FFCCFFBAFFB9FFBB
000C00E6FFCE0030
FFFEFFE9FFBF005E
FFBCFFFFFFD60020
FFC3FFF2FFC70014
FFBAFFBB007D0053
005A0084FFBB007F
005CFFBC002D0029
FFF300D10034FFC6
005AFFC500F50130
00A7FFF60029005A
FFC3003A005EFFCB
FFE1FFBB004D0004
006BFFE6FFDC0075
FFDA002FFFB80012
00AF00C1004E0060
0009FFB8FFC2FFBB
FFC10095FFBCFFBD
018100E7FFBBFFC8
FFBBFFD2FFE2FFE9
0032FFEA007500CC
00C301810032FFEE
FFBAFFD5FFC0FFDF
FFF7FFE40066FFD3
FFC500B1000CFFC4
017E0042001EFFBC
0018FFD6FFC1FFD2
0046007BFFCE0013
006D005BFFBCFFC1
FFB9007F001B0066
FFCBFFD8FFC10025
006D00160042FFF0
006B018F00B2FFBD
0159FFFAFFCE0042
0032FFCB0120FFEA
0094FFBAFFC7007F
FFB90037FFD8FFF3
FFCBFFF200D7FFDC
00F00221FFB80109
019E00680047003D
FFFF009BFFD8003A
FFD0000EFFC4FFBC
00FBFFC9FFC30016
0058FFDAFFD00019
00410046FFD40044
0018FFF4FFB9005B
FFC600460046004A
FFE3FFF9FFE5004E
FFBA0038FFE9FFC9
FFC3005A018DFFEB
FFC6FFCBFFB900A3
FFBE002CFFFB0090
0069FFBB0020005A
FFEDFFB90093FFCF
001DFFBCFFBCFFD5
00190033FFF20007
0027FFDA002F0110
FFC400D0FFCBFFE2
FFBA0048FFB90032
FFD7003F0049FFBD
0040FFBA00F50067
FFC20054FFB9005D
0056006D00C600C2
00B0FFD800AA0035
FFD2FFBAFFB9FFBA
FFFF00FEFFCC0085
000FFFF3FFC6009E
FFB90029FFE2FFEE
FFC3FFE4FFC7000E
FFB9FFBE00960017
008800AFFFB90065
004CFFC4005E0013
FFEC00B90067FFDA
00CDFFC2010F01A7
010BFFDF005A003B
FFBD0046005BFFB9
FFF7FFBE008BFFFE
007AFFF0FFF2009C
FFE80071FFB8FFDF
009000FC0068006E
FFDEFFBCFFC0FFBD
FFD100A5FFBDFFC3
013F00D4FFBFFFC5
FFBDFFDE0013FFDE
001FFFE600BD00B2
013801B20046FFF4
FFB9FFE4FFBCFFEF
000DFFEB007FFFCF
FFBB00DAFFEAFFC4
015800380065FFBB
0016FFDFFFC3FFF0
004C0069FFBB002D
00900048FFBDFFBB
FFBA002E003D0085
FFC3FFD2FFC00023
00CB00220027FFDE
00640197007CFFC1
01B0FFF0FFC30079
0057FFC9015AFFF4
0071FFBBFFCD008A
FFB90002FFD30006
FFC4FFE20098FFE3
00ED020CFFB90114
01580093002C0042
FFF90075FFDC001A
FFD40029FFC2FFB9
00E4FFEAFFBD0017
0052FFE7FFE3003F
004F0067FFE50032
FFF0FFFEFFC30063
FFC20061007E0097
00080000FFF3005A
FFBA002DFFFCFFDA
FFD7006501ABFFDE
FFBDFFC9FFB900C1
FFBD0038FFD30097
0049FFBF00250064
FFF7FFBA005DFFD6
0026FFBBFFBAFFCF
001A0016FFF0FFFA
005FFFDE005400E1
FFD400EDFFDDFFED
FFBB0023FFB80046
FFCC00380069FFBF
0049FFBB0104006D
FFD90052FFBE0065
00660053010800BF
00A0FFCB008D0030
FFD4FFBBFFB9FFC2
FFF10113FFC700A5
FFFD0005FFC30097
FFB80061FFDFFFD1
FFBFFFD8FFC5000F
FFB9FFC0009EFFE9
008800A0FFC40055
0038FFC400500006
FFE600A50076FFCD
0122FFC2012901CC
00EEFFE30092003F
FFBB0035005CFFB8
FFE5FFBF00A80017
007FFFFB000F0085
00020067FFB9FFD3
006100CE006D006E
FFF8FFC1FFC3FFBF
FFDE0085FFC4FFC1
01580094FFC8FFC4
FFBAFFCC002FFFDB
0005FFF000D400A9
015201C00021FFF6
FFB9FFD1FFC2FFF5
0000FFDD0092FFCC
FFBB00E5FFC9FFBF
015C0020008AFFB8
0033FFEAFFC7FFFD
00360058FFBA0049
00AA004EFFBDFFBC
FFBE0017002A006C
FFBDFFC9FFCD000C
00FD003B0010FFED
004701500062FFC0
01ACFFF6FFCD006E
0084FFBD0139002E
006EFFBEFFD60059
FFBBFFEFFFD20023
FFC4FFED00BAFFF7
00BA021AFFB900E7
012400AF003B003F
FFEE004CFFD7FFF0
FFED0040FFC5FFB9
01410005FFBD0012
0034FFFDFFE9005D
006500840010001C
FFE30021FFDE0072
FFBE006700B700A0
000D003100050079
FFBAFFFEFFF7FFDE
FFD200400197FFDE
FFB8FFC2FFB800F3
FFBC0022FFC700A1
0051FFBD00300053
FFE9FFBB0023FFCB
0034FFBBFFB9FFD0
0027FFE9FFC00004
0096FFF5007400B5
FFE700CD0009FFFD
FFBDFFD4FFBD0069
FFDB0016008DFFC2
0066FFBE00C40036
00060066FFBA008B
003A006101300094
0062FFC0004D0001
FFD6FFC6FFBAFFC9
FFF50107FFC900D7
FFF70006FFD500A5
FFB80093FFEFFFC7
FFBBFFE2FFC30007
FFC4FFBE009BFFC0
00970062FFC70027
0006FFBE0075FFEB
FFEB00A10071FFBC
018DFFC700DE01F7
00FBFFD800A50029
FFBD00230046FFB8
FFECFFBF00C00001
00710008001F00A2
00180078FFC0FFC7
004600ED004D009E
FFF8FFC8FFC1FFBF
FFEE009AFFCCFFD0
0110006DFFBEFFBC
FFB8FFD5004CFFEA
00090008010D008F
01780170FFF3FFF8
FFBAFFD9FFC30010
0014FFDE0082FFCC
FFBC010DFFBCFFBB
013CFFF40092FFB9
002AFFFBFFC8001C
002B0049FFB90057
00E30057FFC8FFBD
FFD0FFE90025008A
FFBEFFC3FFD9000C
01040030FFE5FFE4
002600CB005EFFCF
0194FFF7FFCC00D4
0144FFC700E00029
0070FFDDFFDE0085
FFB9FFEBFFD90000
FFC9000200E4FFFD
00A001F0FFBF0086
00AE009300450034
FFDCFFEAFFE1FFD2
FFFE006AFFC1FFB8
019F0051FFB9001C
0050FFFB0010009E
004B0065005FFFF2
FFCA00520017003D
FFB90069007E0097
0016002C00450071
FFB90022FFFFFFE2
FFC5003701DFFFDF
FFBBFFD1FFBB00F3
FFC90055FFC100AA
000FFFC700000049
0009FFB9000FFFD4
0023FFBFFFB9FFCF
0021FFC9FFB9FFFD
00BCFFFA00660030
000C00E300050032
FFBCFFB9FFCF0049
FFDBFFFF00A4FFDD
004EFFC30091FFDA
0047005CFFB900F7
003C0075011B007A
0069FFBD001BFFED
0002FFEDFFBCFFDB
FFEF012BFFCE0126
FFF8FFF9FFE700AC
FFB800D40017FFB8
FFB8FFCAFFBFFFED
FFDAFFBC0047FFBA
00C10067FFC2001A
0002FFC6009EFFED
FFE8003F005AFFC1
01E1FFDD00CE020A
0128FFC000E5FFE2
FFC40039002AFFBA
FFF0FFBE00510017
0060FFE6004A00A2
005D00A6FFC0FFBF
FFF5008F003300C5
FFD3FFD4FFBDFFC9
00160099FFE0FFD9
00A70071FFD4FFB8
FFB9FFFF0062FFF6
FFF5000900F6003C
021200E7FFE8002A
FFD0FFE3FFC60039
0029FFEC00BAFFBC
FFBD00E7FFBDFFBD
00CEFFEA00CBFFBC
00650023FFC30049
0035002CFFB800A1
0144005CFFC9FFBC
FFFEFFC9003A009B
FFC5FFC5FFCE0004
01070018FFCAFFED
00010077004CFFC5
01270000FFDC00F1
01B0FFC500AA0088
0093FFFDFFD4006D
FFB9FFD7FFE30020
FFE6001600E8000D
008001A6FFC60020
0096009600420051
FFDFFFD2FFD8FFBA
0007006DFFBFFFBD
01B50095FFB90007
0049000E001600A4
001C0092006EFFC5
FFBD0092002EFFFE
FFBC009000940051
FFFE0034009B0057
FFB9FFFD0001FFF8
FFC700170193FFDA
FFBBFFBFFFB900DD
FFE90021FFBF009F
0013FFCE000F0056
0023FFC6FFFBFFCE
0024FFB9FFBDFFE0
0013FFBFFFBA001F
00FB003C0036FFED
003400ABFFEE00A7
FFBAFFC0FFD10019
FFFB000E00CBFFEA
0028FFCA004AFFC8
00970058FFBD013E
001A008800E8004E
001BFFBDFFDCFFDB
002CFFF4FFBBFFEE
FFD5016BFFDB013D
00000010000400D2
FFB900D3001BFFBD
FFB8FFEDFFBBFFCD
0008FFB90045FFB9
00B20042FFBEFFEF
FFE1FFC000CBFFD9
000800220044FFBE
01C2001600C101B9
00C8FFC00115FFC4
FFDA004A0014FFB8
FFDEFFBB003E000E
0053FFDD006E0090
00A700BFFFD2FFBB
FFC90074FFF500DA
FFD3FFE1FFC0FFCA
FFFF00B300100005
005D0081FFD9FFB8
FFC3FFFF00560006
FFDC002700CC0001
020D0073FFD90049
FFE5FFEAFFC70065
0035000700EBFFBC
FFE200D5FFB8FFB8
00CBFFF600B0FFBC
008F0035FFBC0076
00160023FFBD00B1
014F003FFFD4FFD6
003CFFBC00560046
FFCFFFC4FFDFFFE6
00E9000AFFCDFFF0
FFFDFFFD004DFFDB
00C10002FFFE0100
01CCFFDF002D00BB
0074003FFFC8007F
FFBAFFC4FFEA000F
0013000D00E1FFEE
00830175FFDCFFDE
00510099002A0075
FFF9FFC00003FFB8
0010009FFFB9FFBF
018000DBFFBA000E
0011005200170069
0027004E00CEFFBD
FFBA00AA00B6FFF6
FFEE00A400A50061
003700120084001C
FFBE003AFFEFFFDF
FFC000230146FFEF
FFBBFFC2FFBC00E7
FFF5003EFFBE0088
FFFEFFE5FFEB003D
0036FFD7FFDCFFF6
0025FFBAFFBDFFE5
000AFFBCFFB9001A
011E003D0029FFD0
00940088FFEE00A8
FFBBFFD1FFCEFFEC
0022FFEE00880003
002AFFE8FFF9FFBB
00B20059FFBC016D
001A005C00670035
FFCDFFCAFFC0FFE2
005A0034FFBA0007
FFD7015DFFDD0112
000400190032006B
FFBB00AA0019FFC1
FFC1FFCFFFBCFFC7
0044FFB90030FFB9
00850003FFC9FFE1
FFD3FFB900A1FFCC
FFEEFFEAFFECFFBB
0204001D0040014B
00B0FFBC0113FFBD
002F0048FFE9FFBC
FFDBFFB9FFF50012
0003FFC700D9007A
00CC00A2FFC8FFBD
FFBF000CFFF400FC
FFD7FFE5FFB9FFD9
001B005E006DFFED
000B0085FFD5FFBB
FFC8001CFFFB001D
FFE300520074FFE8
0285FFCCFFC50071
0016FFDCFFC6007F
000600050100FFB8
000200ACFFBAFFBA
008EFFDC00CCFFBF
00A5005BFFBA005F
0017FFF3FFC800AB
018D004EFFCEFFD9
00D4FFBB00380036
FFDFFFFAFFD3FFD4
006DFFF4FFE1000C
FFF4FFDA0080FFC9
00270004003200D0
01CDFFEEFFE700EC
009C005AFFBE0048
FFBAFFCCFFF00032
003000250113FFE5
00920119FFE1FFC2
005E004200120077
FFF9FFBAFFFFFFBD
0035008CFFB9FFC8
013F013CFFB9FFE9
0000006D001B002C
FFF4005300BEFFB9
FFBC00EA0097FFC5
004700CA00560020
002FFFE90081FFE4
FFCA0041FFE8FFED
FFC3000C00DB002C
FFB9FFBDFFBE00A3
00360060FFC4007E
FFE8FFF1FFE3008A
0042005DFFCFFFF4
0022FFB9FFBA0006
0005FFBDFFB80030
0102007AFFF0FFBE
008EFFFFFFC800EB
FFE2FFD0FFC1FFC4
0041FFF7006E0015
000BFFEEFFC7FFBF
00C50044FFD701B5
00300041FFE20014
FFBDFFFDFFBA0008
008F0075FFB8003B
FFC5019CFFDC00DF
0001004C0073004C
FFBD008A0022FFBE
FFCDFFDEFFBEFFBC
004DFFC00025FFBB
0032FFD1FFDFFFCD
FFC7FFBA0069FFC8
0021FFDAFFD4FFBE
019C006C000A0099
0033FFC9011BFFB8
007A0076FFCDFFCC
FFD8FFB9FFE9FFF3
FFD6FFBA00BD0051
011600B4FFC3FFC1
FFB8FFF2FFE200FD
FFD5FFF4FFBDFFD3
000A005500E5FFF4
FFE900B5FFD8FFBA
FFD10010FFC6002E
FFC3007D0009FFD7
0256FFB8FFD7007E
004BFFE1FFD20052
0006FFFD0122FFB8
00620085FFBAFFBD
008FFFED0100FFBC
008A005DFFB80056
003FFFD2FFED009A
01710051FFC70003
016BFFBE00440032
FFEA002AFFC4FFC2
FFDAFFFEFFE4002A
FFE9FFC500A7FFC5
FFDB000E006D00EB
012FFFF1FFC50122
00A00059FFB80043
FFB8FFD7FFEE0063
007B0017013CFFF5
006D0075FFDEFFB9
0051FFFCFFD70092
0012FFBB0014FFB9
003D00EDFFB9FFE1
00CC0131FFB80003
FFDC00670003002B
FFE7001C0078FFBA
FFC401160051FFBB
008400AF00290022
0035FFC90061FFD6
FFDA002AFFD4FFEC
FFBBFFFD00640087
FFB9FFBCFFB80068
0038003AFFCD0089
FFCBFFF5FFDD009C
009200D3FFC8FFDE
000AFFB9FFB9001E
0013FFBDFFBA001C
010400D8FFD2FFCE
0074FFC3FFB80130
FFFEFFC1FFBBFFB8
00640013004E0001
00070019FFBEFFC2
00D80014FFEB01BB
001E0044FFBA0005
FFB80049FFB9003D
00B4006BFFBA002C
FFC00196FFDE0090
0011006B00990024
FFBF004F0027FFBA
FFCAFFEAFFC9FFBE
0068FFBC001EFFC6
0005FFD3FFDDFFC8
FFC1FFC80038FFCC
0022FFCEFFCCFFC5
01560095FFEF000A
FFE9FFEB00DDFFBA
00B00084FFC3FFE7
FFCDFFB8FFD9FFD8
FFD1FFBC00890091
014800D1FFBFFFC9
FFB9FFE7FFDF0111
FFCE0007FFBDFFDC
002700240160001A
FFD800B6FFD2FFBD
FFC90002FFC10032
FFC100CCFFE5FFC5
0233FFC0FFD7005D
007FFFE4FFD70040
FFE7FFE20141FFB8
00990055FFB9FFBC
00650023010CFFBA
003B0055FFB90057
0029FFCC00210075
014D0052FFB90022
0214FFC00027001F
000A004EFFC0FFC0
FFC30012FFE9003F
FFF0FFC100CDFFC8
FFC1001F00B800F2
00DF0012FFBE013C
00B00019FFBA003A
FFB9FFF0FFFE001B
009F0020013DFFF3
005A002DFFE7FFB9
0052FFD9FFCE00CC
0007FFC10014FFB9
00530110FFC2FFF4
0098014AFFB9FFFE
FFE60031FFE3002A
FFE800220050FFBC
FFCE01110043FFBC
00B400C5FFEFFFF3
001CFFBC0051FFC9
FFF00049FFDF000C
FFBA0001003400C1
FFBFFFC1FFBA0012
0080003CFFD200A0
FFC1FFD9FFDB00CC
00A40144FFC4FFDF
0028FFC0FFB80021
002BFFC4FFC30019
009500E7FFBCFFE2
0051FFB9FFBC0102
0049FFBAFFC0FFB9
00A0000DFFFE0010
FFEC0027FFB9FFCB
0096FFF30013018F
003D0026FFBFFFFC
FFB900C1FFBA0090
00EE006EFFC90068
FFC201B8FFEA0025
0025006000A3FFEB
FFCE004A001AFFB8
FFE5FFECFFC3FFBD
0060FFBAFFFB0001
FFE0FFCBFFE9FFD2
FFC1FFDF0014FFC9
0051FFC9FFD4FFDA
00E5009AFFF0FFE9
FFD1000800CBFFB9
00A800A7FFBA0014
FFD1FFB9FFDFFFCA
FFC4FFBD00490075
012B00DEFFBAFFDA
FFB9FFDEFFCA0137
FFC9FFF7FFC1FFD8
003A000801AEFFEB
FFD700C7FFD8FFBB
FFC00020FFBB000A
FFC000DAFFC1FFBB
01BBFFC8FFF2006D
0079FFE7FFE5002B
FFE1FFD6011EFFB9
00C8000DFFC4FFC1
00610055013FFFBB
00160056FFB90029
0025FFC900790062
013F003AFFB80021
0204FFD4001C0051
003100B9FFBCFFBB
FFB8002000000041
000BFFBD00C8FFBB
FFBC003000C600B8
003DFFFBFFB90124
00BFFFFDFFBA002D
FFC40010000E000F
009EFFFC0143FFF1
004AFFDFFFF0FFBF
0046FFC3FFBC00C8
0017FFCF000DFFB9
00550136FFBD0000
000E0124FFB8000A
FFD2FFFFFFE30019
FFD5000E002EFFC1
FFFA01260001FFBB
00C70090FFDFFFE8
0030FFBB0032FFC3
002E001FFFE3000A
FFBBFFE8FFF50114
FFC8FFC2FFB9FFE2
00870013000000D5
FFBFFFD7FFCE00F4
009A0195FFC0FFE9
002CFFD5FFBA002A
0027FFCBFFE30014
005B00F3FFBE0006
FFF3FFBBFFC000FF
006BFFC2FFDAFFBA
00D00001FFE00003
FFF6005EFFB9FFE8
00ADFFDF003801A7
003FFFFEFFD0FFE5
FFBC00F5FFBB00E1
01250086FFD80051
FFC2019AFFE6FFE4
0029004600AFFFF0
FFDC0032FFEEFFBA
FFF0FFF5FFC3FFC3
0025FFB8FFFA004E
FFEBFFC0FFE7FFE7
FFC60012FFF5FFD4
0047FFC3FFE1FFE9
007600B9FFE3FFC6
FFBB006A006BFFC1
00AA008AFFB90032
FFDEFFB8FFDDFFCD
FFC8FFC000130070
011500FDFFBAFFE7
FFB8FFCFFFD20122
FFC8002AFFBDFFE1
0031FFE901C8FFE2
FFD700AEFFE1FFB9
FFBCFFF4FFB90034
FFBF011FFFBCFFB9
010FFFCAFFEB002A
0069FFDDFFEB0001
FFDBFFC4012FFFBF
00CDFFF8FFCEFFBE
00130054012AFFB8
FFF70049FFB80000
0039FFCA00CC0032
01230049FFBB002F
01D8FFD7FFF8005E
007100E6FFBCFFBE
FFBF000900220043
0018FFB900CCFFB8
FFB9004500C90076
FFFF000DFFB8011C
00D1FFF1FFB9001A
FFCC001F0012FFF5
00C7FFFB00FCFFEC
0062FFD0FFF2FFBB
0073FFC1FFBB00C1
0011FFE50017FFC7
007E00D5FFC10006
FFE50110FFBA002A
FFDEFFF6FFD20003
FFCCFFFA0022FFBE
001500F2FFFEFFB8
00EB0077FFCCFFDF
0023FFBA000FFFC0
00410020FFE9FFFE
FFBAFFEAFFED0116
FFD5FFC2FFC1FFC3
007BFFF3001300CC
FFC2FFF1FFCE010A
00A5019CFFC0FFE5
001DFFE2FFCA0032
000BFFCB003A0014
003800C7FFBF0027
FFD6FFBCFFC500C7
00DEFFE70013FFBE
00B0002CFFC8FFFE
FFDF0072FFB80019
0083FFCC00200147
0056FFE4FFD4FFDA
FFBC0159FFBB0104
00FD0077FFED0030
FFC70192FFF0FFBF
0003005100B00002
FFECFFF6FFCEFFC6
FFF0FFFAFFCBFFCA
0018FFB8FFFB00B3
FFF1FFBF000DFFF8
FFCE0038FFFBFFFE
004BFFBBFFE9001A
000A00C8FFDEFFBD
FFB8009B0032FFC9
008C00ABFFBA0023
FFEDFFB9FFCAFFCA
FFD4FFC4FFFB0079
00EC0105FFB8FFE2
FFB9FFCBFFD600DA
FFCA0014FFC8FFE5
0023FFD301D4FFCE
FFE700B2FFF7FFB8
FFB8FFE3FFB80034
FFC200F7FFBDFFBA
00DCFFC6FFFD0027
0051FFD4FFE6FFEB
FFD3FFC0016BFFC5
00E1FFEEFFCEFFBB
FFF5007A00FDFFB8
FFE20038FFBAFFD8
0048FFC5010F003D
00FA0037FFBC0032
018BFFF000000057
008A010AFFBAFFBB
FFCA000D00220067
003FFFBC00F2FFB9
FFB900490090005E
FFD70003FFB900BB
0098FFFCFFB90038
FFD50048FFFE0002
00ACFFDE011CFFD5
0045FFBDFFF5FFC4
004DFFB8FFB900DC
0029FFDC0003FFD6
005A00B7FFC60013
FFC900AFFFBD002C
FFD1FFCCFFD5FFF7
FFC9FFE3FFFFFFD1
002F00C1FFDDFFB8
00EB0034FFC0FFDE
0008FFB9FFF0FFC9
005E0012FFEFFFF9
FFC3FFF2FFD7017F
FFE7FFC3FFD4FFC0
0071FFE1002900F5
FFC4000AFFC100FE
00CB01ECFFCDFFD6
0006FFE9FFCE0042
0006FFD7007F000F
002000BCFFC9004E
FFCCFFBFFFC900C6
010A002D0057FFC4
007F001EFFC50009
FFE50061FFB8003B
0037FFCF0056012E
008CFFDBFFD9FFCE
FFB90161FFBA0113
01240096FFFD001D
FFCD015DFFE7FFB9
00060024008DFFE9
FFDFFFE8FFC8FFD8
FFE1FFE8FFCCFFD4
0004FFB8000D00ED
FFEBFFBEFFFDFFFE
FFE50071FFE5000C
002EFFC1FFE9001A
FFE100BAFFE3FFB8
FFB900CDFFFBFFF3
0077007EFFBA0056
FFF2FFBBFFCBFFD2
FFD8FFCAFFE50071
00C900DFFFB80004
FFBAFFCBFFEA00E2
FFC50019FFCBFFDD
001AFFBF01C7FFDA
FFDD00B8FFF6FFB8
FFB8FFD2FFB8003A
FFC6010CFFBBFFBB
005BFFC20009001E
003AFFD5FFE6FFCE
FFD7FFC10122FFC5
00D8FFDDFFD5FFB9
FFEA007900D2FFBB
FFD0001CFFBBFFC4
0039FFCD01180041
00AD0034FFBD0039
01720000000B007B
00B00114FFB8FFBA
FFC900020022005A
0078FFC300CDFFBB
FFB8007600B2001F
FFC80031FFB800E9
0077FFCDFFB9000D
FFD70063FFF5FFEA
0092FFDD00BCFFCF
0062FFBDFFF0FFC6
00A1FFBEFFBB0131
00290026FFDEFFE4
005600B0FFD0000F
FFBD00A5FFB90058
FFCEFFCDFFCBFFF1
FFCBFFEBFFFAFFE0
004A009BFFC6FFBC
00A50051FFBDFFD2
0025FFBAFFD8FFC4
006B0032FFFA0015
FFC8FFFDFFD0014A
001FFFBDFFDAFFBC
0050FFF8003400CF
FFC6FFFEFFD2013A
00AA01CBFFC7FFD4
000F001BFFD2003A
0015FFED010FFFF1
000F0072FFC500B5
FFD0FFC3FFC7003C
016100C50134FFC6
00980028FFB9FFE7
FFD00071FFB9009A
FFF0FFCE002A00BA
0081FFCAFFDDFFDE
FFBC018DFFB80152
01060072001CFFF9
FFDD0143FFF5FFBD
000F000B0050FFDD
0015FFD8FFC20019
FFE7FFF0FFC0FFDE
FFF2FFB8001C0117
FFD2FFBA00040024
FFE9009BFFE1000C
0042FFBCFFF1000F
FFC7006AFFF8FFB8
FFB900A00004FFF3
005B008AFFBD0055
FFF6FFBEFFDEFFCB
FFEAFFE0FFD2008E
007100A0FFB90027
FFC3FFCDFFDB0097
FFE8FFF0FFCDFFDE
000EFFBF014BFFCB
FFF400B9FFF0FFB9
FFBAFFD4FFB90036
FFCF00F9FFB9FFC0
000FFFC000170017
FFFFFFD3FFE1FFBE
FFCDFFBD0134FFD2
00D5FFCFFFFDFFB9
FFEC0082007EFFC3
FFCE0003FFBCFFBA
0083FFE001640010
006E001AFFB90030
00EC002EFFF60090
00CC0143FFB9FFBC
FFCDFFFF00510071
00C0FFCA00E0FFBE
FFB8006A0071FFF8
FFB9001CFFBA0083
0096FFC3FFC00012
FFDD0096FFEFFFE8
008AFFD200B6FFDE
006FFFBDFFDBFFF5
00DAFFBBFFC3010E
000F003AFFD7003C
003C005FFFC1FFFD
FFB90093FFBD0066
FFD7FFC1FFCEFFE6
FFD7FFEDFFD4FFFB
00420076FFBCFFBB
00380019FFBBFFD5
0007FFBAFFC5FFD3
009800320003FFE7
FFD8FFF1FFDC015B
000EFFC1FFFFFFB8
001AFFFB004E00D9
FFCE0003FFBF0160
009301A5FFE7FFDC
FFE1000FFFEA004B
000EFFED011FFFFE
FFEC003CFFC30117
FFC1FFC1FFC60033
014001480154FFBF
004E0044FFB8FFE5
FFD40082FFBA00D1
FFD2FFCC002E0081
00D6FFCBFFD6FFE6
FFB80167FFBE0160
00D400990032FFD2
FFD300DAFFE5FFC1
FFF6FFF00016FFDE
000DFFD0FFC40007
FFCBFFDEFFBAFFEE
FFD6FFBB002C019B
FFF1FFC000040053
001A00A1FFDB004B
001CFFC60015004D
FFB900560019FFB8
FFB900A7FFCC001B
002000AAFFC3001C
0003FFBCFFCEFFD0
0013FFE9FFC8007F
002500ACFFB90035
FFD1FFDBFFDF0054
FFDCFFF6FFF7FFDD
0032FFBA00FFFFC6
001C00AD0023FFC1
FFC2FFD9FFB90025
FFD200C1FFB9FFC5
FFDBFFB80040FFE1
FFE1FFF0FFDEFFBA
FFDEFFBA012AFFCE
0084FFD80010FFBD
FFF300830045FFCB
FFC1FFF8FFCFFFB9
0073FFE5011E001C
00430023FFBA0016
009F0077FFFD00B2
00DA00D5FFB8FFBB
FFC70023008E0070
00B2002900E3FFBD
FFB800770061FFFD
FFB90022FFCC0077
006BFFBCFFBB0003
FFE700B6FFDCFFED
0065FFC90086FFDE
006CFFBBFFCB001F
00E8FFBBFFC20110
FFFE0084FFCC004B
0041008AFFC60001
FFBA004AFFB9004A
FFCEFFBAFFC2FFE3
FFE60003FFC4005E
00510055FFB8FFC4
00060008FFC1FFDB
000DFFBBFFC3FFE1
00470015FFFB0000
FFDC0002FFE00129
0024FFBF0044FFBA
000FFFE9002B00BB
FFD2FFE2FFCC016A
008D0138FFE2FFBD
FFFB003100140036
0051002A017EFFF1
FFD6003DFFD101BE
FFBBFFBFFFC3FFFC
0127025101BBFFBD
0034005DFFB8FFCC
FFDB0051FFC9011C
FFCAFFC90017001A
00D9FFD1FFD70027
FFBA0198FFCC01A9
007300120064FFDC
FFE400BCFFF3FFC1
FFF3FFFFFFE9FFD0
FFF3FFE3FFBC003F
FFC6FFEAFFB9003B
FFC4FFBB004601D6
FFD4FFC8FFF40073
001200A0FFD00051
0051FFDB00330027
FFB80049003BFFB8
FFBB0105FFDD0061
00030070FFD10030
FFEDFFBB0004FFC8
001D0013FFBC008E
000C008AFFB90030
FFFBFFF4FFE00075
FFF2FFDE0015FFCA
FFFDFFC000A5FFCF
004900AAFFE3FFD0
FFC2FFD5FFBC0001
FFE500D9FFC0FFD2
FFC4FFBF007FFFDC
FFC2FFF0FFC8FFB8
FFCFFFB900DBFFFD
0059FFC90010FFBB
000200B50043FFC9
FFBAFFDBFFC6FFB8
004EFFFF01290000
0002001DFFB9002B
007F00ACFFF500E8
00FE00BFFFB8FFBE
FFC3001300960057
011900A40112FFBB
FFC5006A0043FFF4
FFBA001E0001001A
0051FFB8FFCB0005
FFE500DBFFE9FFEF
0009FFC60061FFE1
009CFFCEFFC30094
0123FFC4FFC2013A
0001009EFFC500A4
00530098FFC6FFF1
FFB9002AFFB80099
FFEDFFB8FFCEFFE0
FFF2001BFFBF009C
0040FFFCFFB9FFF5
FFC90004FFCDFFE7
0001FFB9FFC1FFE3
002A00550020000E
FFD40009001A0123
004FFFC80037FFBC
FFEFFFFE006D00DD
FFD1FFD2FFE20160
008D00C7FFF0FFBC
FFEE001BFFFD0027
003F002C01A3FFD9
FFD4FFFAFFD5023E
FFB8FFB9FFC3FFD4
00C802C701F3FFB9
00380030FFB9FFC1
FFE3002FFFFB0181
FFB9FFD3FFDE0000
00D7FFD0FFCB0049
FFCB011E0001018E
0056FFF60020FFD5
000100D3FFE8FFC0
FFF7FFE7FFC8FFCD
FFF6FFDDFFBF0060
FFC4FFCEFFBD004A
FFB8FFC1006C01F9
FFDBFFE0FFF000DE
00570086FFD60054
001FFFE0006B0075
FFBB0014006BFFC4
FFBA00B6FFD6008F
FFC80085FFE2FFFA
0023FFB8003DFFCA
004B0031FFB90085
FFDA008DFFBB004B
000F0036FFE8004B
0001FFCF000AFFC8
002CFFBD0041FFC1
008A00AFFFF0FFDB
FFCAFFD8FFBF0017
FFE900C6FFC5FFEC
FFBF0009008AFFCC
FFB8FFE2FFD1FFB9
FFCBFFB900B3FFFF
000BFFCF0043FFB8
00470075002DFFDB
FFBAFFE5FFDDFFBA
007B003B00FCFFEF
FFF9FFF1FFB9FFE6
000900CCFFE30121
00B1007BFFB8FFC3
FFBD0029008A0054
016500B5012DFFB9
001F008B0016FFF1
FFBAFFF6004CFFEB
003BFFBBFFE7002E
FFDC00F7FFECFFE3
FFE5FFC2003BFFD3
00A7FFE8FFBD0109
0142FFCEFFC90157
FFE900BAFFBF00D8
005A0073FFBCFFCE
FFC1FFEEFFB900BB
FFF8FFB8FFC1FFFF
002D0034FFBD00BD
0029FFE8FFBA001A
FFB9FFFFFFDB0000
0010FFC1FFC10034
0014002B0012000D
FFD60024009400D0
0027FFCD0049FFC5
FFD6FFFA0071012B
FFD2FFCAFFFD0153
0067004C000CFFC0
FFE9FFFDFFD7FFFE
0022004F0184FFCE
FFEBFFECFFEF02C1
FFB8FFBAFFB9FFC6
002602FD01E2FFB9
FFFB0004FFBAFFBB
FFE90017002A01B2
FFB8FFDFFFC2FFE7
0100FFD2FFB90074
FFEB00830030014B
0019FFE4FFEBFFC6
002A00BCFFE2FFBA
0005FFC9FFBDFFEE
FFEBFFE2FFC30030
FFBDFFC7FFC00084
FFB9FFCD00AB01AC
FFF9FFFCFFDC011E
007C005500050057
FFFDFFE300CE0065
FFCAFFE500C00003
FFCD006DFFCB00C6
FFBA00470009FFCF
0028FFB80085FFDA
00C10055FFB900BD
FFBF006DFFB80049
0044008D00130016
FFF4FFD70002FFBF
006DFFBAFFE8FFB9
010C00750004FFCC
FFD0FFF2FFD8FFFC
00000091FFDC0024
FFBB00B2006DFFD4
FFB9FFE8FFDDFFB8
FFD4FFB900BDFFDF
FFC7FFDE003FFFBA
0049006F0002FFD9
FFB9FFE5FFDDFFB9
00AF006400CDFFF1
000DFFE5FFBAFFCF
FFCA00F7FFEE011E
004C0032FFBAFFD1
FFBA000E006C0049
011B00D60115FFBD
00900069FFF0FFE9
FFB9FFD10080FFDB
0055FFBAFFF50031
FFCA00ABFFE3FFCE
FFD5FFC60030FFEA
00AA002CFFB90153
017FFFE2FFDD017D
FFEB00DFFFC00153
00200054FFB8FFBF
FFD4FFE2FFBB00E1
0000FFB8FFCA002C
0016002FFFBB00CB
0020FFD2FFB9001A
FFBC0009FFFA000B
FFFBFFD0FFBF0080
FFF7004F001CFFFF
FFD200260107005A
001DFFD20065FFD3
FFC4FFFD00360113
FFDBFFC5003D00FD
005AFFEE0034FFBB
FFE9FFF5FFC7FFDE
001600260131FFC5
FFEDFFED002302CA
FFB8FFE2FFBCFFC0
FFE603060110FFC6
FFE1002AFFC2FFBA
FFF4FFF3008A01AC
FFB9FFE3FFBBFFE8
00CCFFD5FFC30071
003B0044004400E6
FFF4FFD2FFD2FFBF
002C00CEFFE5FFB9
0006FFCAFFBBFFF2
FFCCFFFBFFC7002A
FFBBFFC4FFC70072
FFBAFFD100EA013D
000B002EFFD40146
0089002A00380077
FFEBFFFB01430063
FFE0FFDA00C50068
FFD80053FFC80119
FFB9006D0028FFBB
004EFFB900B6FFDD
00EC007FFFB800F4
FFBB0074FFBC0045
006900B300320005
0005FFD4FFFFFFBC
0075FFBDFFCBFFB9
019500620013FFD3
FFCFFFEFFFE7FFEF
0011005E00030036
FFC30171007DFFCF
FFBBFFF4FFD5FFB9
FFE7FFC300E1FFED
FFBBFFFA001CFFBA
006D0079FFEDFFD6
FFB9FFE9FFF0FFB8
00C100BD004EFFF8
0029FFE0FFB8FFC6
FFBC00C7FFF50122
0034FFEDFFC6FFFC
FFB9FFD200650022
011E007F010AFFB9
010D008AFFCFFFE3
FFB9FFBC00A7FFCB
003CFFBD000A002F
FFBB0083FFEBFFBF
FFC6FFCA0036FFD8
00C50094FFB90166
01D1FFFA000F0169
FFF000D7FFBF017C
0014FFFFFFBCFFB9
FFFFFFD7FFBD00DB
FFFDFFB9FFC2003C
00280026FFBE009B
0029FFCCFFB8FFFB
FFBD0006FFFE0005
FFE7FFE2FFBC00F7
FFD70044FFF0FFE4
FFC300460194001E
0001FFC90036FFE2
FFBCFFEE002C0111
FFEDFFC8006F00B1
0065FFC8005BFFBA
0005FFD9FFB9FFD1
FFE7FFFE00E0FFBF
FFEBFFD2005602AD
FFB80068FFCBFFB9
FFC6028C00CBFFDD
FFE30037FFC6FFBD
FFF2FFE500E001A7
FFB80008FFBEFFD7
00E7FFD10003005A
0063FFFF00550049
FFD6FFD2FFB8FFBC
008600D0FFEDFFBB
FFF5FFBCFFBD003D
FFCBFFF3FFCF0004
FFBAFFD0FFC20077
FFB9FFD100D800B2
00350025FFC90155
0076FFF1009700BF
FFD2FFF501770025
0006FFC801070113
00120036FFC200F7
FFB900400064FFB8
0054FFB80077FFF2
01230083FFB90122
FFBA0061FFCA0054
00B901150044FFF1
0025FFCCFFE1FFB9
007FFFB9FFB9FFB9
020A005E002AFFC4
FFD0001DFFEEFFDC
004000380037008A
FFDF02120043FFE5
FFBCFFEFFFDAFFB8
FFF4FFDC014FFFD2
FFB900060012FFBC
0052006AFFC4FFCC
FFB8FFF9FFD5FFB9
00F700F1001FFFFC
004BFFE1FFB9FFBD
FFBA00C0001D011E
FFE2FFE1FFCD0014
FFC3FFCD00320038
00BC005E00E4FFB8
016E0067FFC1FFD8
FFC5FFBA00B1FFC0
004BFFB900050063
FFB80042FFE1FFBA
FFCAFFD60017FFE1
00C1012FFFB80137
01B1000100360165
FFEE00B1FFC5017C
FFF60001FFBDFFB9
002AFFCDFFBD00E5
0010FFC0FFC60057
001C0008FFC3006D
0005FFC9FFB90001
FFC600270011FFFA
FFE7FFF4FFBC0143
FFDB007BFFE1FFDC
FFC6004101F9FFFF
FFF6FFC70017FFE0
FFB90003FFFE0109
0005FFD6009A0076
0051FFBB005FFFC4
FFFFFFBFFFB8FFC0
FFEBFFF600AFFFC8
002AFFD4005E026E
FFBC00B70003FFBA
FFB901E40038000E
FFCA003AFFE7FFBE
FFEAFFD500FA0142
FFBB0032FFB8FFEC
0094FFCF009E002E
0099FFC2006D0016
FFC5FFD1FFB8FFBE
008000C2FFE4FFCA
0013FFB9FFBC0051
FFC5FFF8FFDFFFF5
FFBBFFC0FFC1003D
FFB9FFCB00B90025
00340061FFC8013A
00A7FFD600F200C7
FFC0FFEA0199000A
004AFFBD00FC01C2
0059FFFEFFD200B4
FFBA004C0087FFBB
0084FFB80097FFFD
011D0054FFBE012E
FFB8004CFFD90035
009F00ED006EFFDF
0023FFD0FFC7FFB8
00A3FFBEFFB8FFB9
021900470055FFBF
FFCB000E0000FFE1
004BFFE7006300C0
001702580021FFE1
FFBAFFE7FFE0FFB9
0022FFF9017DFFBE
FFBE003EFFF7FFC3
00400041FFCCFFC3
FFC0000E0004FFC1
00D30118FFDF0009
00C5FFE1FFC1FFBA
FFBD0064003700B9
FFD1FFC1FFD1002E
FFE5FFC9000A0029
006F003E00DFFFB9
01C90063FFBEFFF9
FFEDFFB900C1FFC0
0042FFB8FFFF0094
FFB80019FFDCFFB9
FFCDFFCC0017FFF1
009F016EFFB80119
019700160063012B
FFF2007AFFC40162
FFDF0001FFBCFFBA
0093FFD1FFBD00B4
001DFFC5FFCA009F
0016001DFFCB0062
FFF2FFC9FFBEFFFD
FFC5004A0025001D
FFE60021FFCB0157
FFC9009EFFE3FFCF
FFC10050022EFFDE
FFE1FFCC00070012
FFB9000DFFDE00E3
0014FFDD009E0036
0060FFB8005FFFC4
FFFAFFBAFFBBFFB9
FFEAFFE50046FFC8
0048FFDA009E0210
FFCB010E002BFFBB
FFBA0142FFD10028
FFCD0020001AFFC4
FFE3FFC9011400CD
FFC70038FFB8FFF7
005EFFD2014A0032
00EAFFBD005BFFE9
FFC3FFD4FFBBFFC1
006000E5FFE2FFE5
0028FFBCFFBF0061
FFBC0015FFEAFFCF
FFB8FFBCFFC10049
FFB8FFCD00C7FFEB
00610075FFC2011C
0097FFBC010C00A7
FFC1000401AEFFFF
00D2FFBC010C0228
00CAFFD0FFFA007A
FFBA003A00A0FFC1
0062FFB8007B0020
0128003FFFCE0132
FFBA005DFFE1001F
00B500EC0065FFED
001CFFCDFFC5FFBA
0099FFC7FFB9FFB9
02330057005EFFC0
FFC70022001DFFCD
0051FFDC009D00D8
0080027F000A0007
FFB8FFF4FFD7FFBD
002A0012015EFFBD
FFC20038FFE5FFCE
004C0029FFD6FFBD
FFC7000AFFF4FFCB
00A60129FFC0002B
010CFFE3FFC6FFB9
FFBD0027005E0095
FFC1FFB9FFEF003E
003FFFBDFFF10029
004B003D0097FFBE
020C005AFFBA000D
003FFFB800D6FFBF
001FFFB9001A0085
FFBCFFF8FFE9FFB8
FFCFFFC80003FFDE
008A01BBFFB900DB
01A600500061015A
FFE50056FFC600FE
FFE00007FFBAFFBD
00B6FFDCFFBA00BB
0037FFE7FFCC0090
0041002EFFD3002E
FFE2FFC7FFD3FFF9
FFBD004700400029
FFEA0039FFD00186
FFC40099FFE3FFC5
FFC00071028CFFC5
FFD8FFD2FFFE005E
FFBD000EFFD200A7
0027FFEE00970013
0055FFBA004CFFC8
0025FFB9FFBDFFB8
FFDAFFD9001AFFCB
006EFFD200DE0195
FFEC0192005FFFBC
FFBA0096FFBF003B
FFC70016004BFFD1
FFE3FFC401440071
FFCF0064FFB9FFE7
0052FFD701C90039
00DEFFB8006FFFCE
FFBFFFECFFC4FFCD
009800D7FFF10007
0031FFBBFFC00084
FFBC0032FFF6FFBE
FFBAFFBBFFBA0034
FFB9FFC400A6FFC5
00750077FFBF00DF
00A2FFB801740082
FFBFFFE3017BFFD8
012CFFBC00C70298
0101FFC90010003B
FFB8002400BAFFC0
005CFFBD005A0029
01200041FFEA0119
FFBB0019FFFF0008
00AC00CE007FFFDD
002CFFC2FFBAFFB9
0088FFCEFFBAFFB9
021C00570057FFBA
FFC100330019FFC4
006BFFD1010500E8
00D40268FFE00006
FFB9FFF7FFCDFFC1
0037004E0168FFB9
FFC10041FFF6FFCD
00390006FFCAFFB8
FFCF000FFFF2FFD3
00860153FFBC002A
014CFFEAFFD2FFBB
FFBF001300620070
FFB8FFB800040078
0084FFBDFFEF0034
0005FFF500A8FFCF
01F2003CFFC30016
0096FFB900B1FFD0
0027FFBF000500BF
FFBDFFD3FFE3FFB8
FFE5FFEC0017FFEC
0054020DFFB900A0
0146004E008E0131
FFE40020FFD200AC
FFCAFFE9FFBAFFBF
0116FFD5FFB8007D
0022FFFDFFCF00AE
002D000AFFD10017
FFC0FFD4FFDBFFDB
FFBC009800400024
FFF7003FFFD7018F
FFBD00A0FFD4FFC4
FFBB00750272FFBB
FFCCFFCDFFE10082
FFBC0035FFBB009E
0016001100AA0011
004EFFBB007DFFD6
000AFFB9FFBCFFB8
FFDCFFD2FFDAFFDD
0082FFE200C300FF
001D01DC00B0FFC4
FFC10017FFB9004C
FFBE001A0065FFC7
FFE7FFC0010D001F
FFD5007CFFB90008
002AFFDE02090032
00C2FFB8005EFFBE
FFC2FFE4FFC6FFC9
006D00BCFFEA0056
0029FFC2FFD4005E
FFBC002A001AFFBC
FFBCFFC4FFBB0010
FFC3FFBB00BBFFB9
00510073FFC00089
004BFFB901720057
FFC600020138FFCB
0196FFB900CC02CF
00FAFFBC00320013
FFBA002900ACFFC0
0051FFBC00410042
0103FFFF00200108
FFBF0017001EFFFD
007A00EE0075FFF5
0017FFC6FFBEFFBC
00AEFFF5FFBAFFB8
022F00300062FFB9
FFBC00690014FFBC
005AFFC500BB00BC
011B020BFFE90033
FFC7000EFFDDFFD8
00540090012FFFB8
FFBC006FFFCEFFD2
004E001AFFC8FFB8
FFE10034FFD9000C
0090011FFFB90037
0166FFDBFFE3FFC1
FFBBFFED00630022
FFB8FFB90003007D
0090FFBBFFD30041
FFE1FFD10097FFE3
02100034FFC8002B
00C5FFB90097FFD4
0016FFC7FFFF00D1
FFBBFFCDFFEAFFB8
FFE9FFE7001EFFFE
003101EEFFBA004B
0123005700710103
FFDE0008FFEB0072
FFC5FFF4FFB9FFC3
0144FFE3FFB8007A
0035002FFFE500D2
00320022FFDEFFE8
FFBFFFE6FFFAFFE4
FFB800A200290043
FFF70036FFF10186
FFBD0087FFD5FFBF
FFB90070028AFFB9
FFC7FFD8FFE700BE
FFC2002CFFC1009E
0009001D007A0015
0042FFB90061FFE7
FFFBFFB9FFC2FFB9
FFCEFFD0FFC3FFD3
00CEFFEE00DD00A6
004101A600B1FFD1
FFC5FFDEFFC20039
FFC4FFFA009FFFCF
FFE4FFC300E1FFE1
FFFC005BFFB80038
0006FFEB0228002C
0087FFB80032FFB9
FFCD0000FFC5FFCE
004300EFFFE80092
0042FFC5FFE5006C
FFBE0036000FFFB8
FFBAFFBDFFB80012
FFC9FFBC00D1FFB9
0083007AFFBE0070
0020FFBB01980030
FFD0FFEC00FFFFD4
01ECFFC00089029C
013AFFB90049FFF6
FFBE002D00A8FFC1
005AFFC400250040
00E5000C002E0128
FFC7001C003CFFE8
005300A50084FFF0
000DFFD1FFBAFFBB
00BE0006FFB9FFB8
01DB0023005DFFB8
FFB90080001AFFBA
0041FFCB00CF00A5
013D01B0FFD10061
FFEE0012FFD9FFEC
004A008F0149FFB9
FFBB006BFFC6FFD5
00340024FFD8FFB8
FFE8003FFFD3003B
005F00F9FFB90030
01BFFFD7FFDDFFC4
FFB8FFD400750012
FFB8FFB8001F007A
00C2FFBAFFD2002F
FFD7FFC200A8FFF3
01A1003EFFD30030
0116FFBA0069FFDD
001CFFDDFFFD00AA
FFBBFFC6FFF4FFB8
000E00040026FFEB
001D0209FFBB0029
00FE004600A300D1
FFE5FFEEFFEB001C
FFCFFFE3FFB8FFC2
014C001FFFB90041
0028005CFFD300A8
00270014FFF0FFD2
FFBFFFE2002BFFE5
FFB900CC0054002C
00040030FFF80175
FFBB00B1FFCFFFBD
FFBA00990250FFB8
FFC7FFD9FFCF00F9
FFD10065FFBD009E
0010001C009E000D
0054FFB8006AFFF9
000AFFBCFFC3FFB9
FFCFFFD2FFBBFFD8
00D0FFFE00920056
0061019900D7FFF6
FFC0FFBDFFC6004C
FFC9000C00A8FFDA
FFDEFFC100ABFFCB
001D0060FFB90065
0003FFF101EB0008
005CFFB90015FFB9
FFD30000FFC4FFE6
002D00F5FFEA00D5
005AFFC4000A0071
FFBD003C0024FFB9
FFC6FFC2FFBAFFDD
FFD5FFB800A4FFBA
0070005FFFCA002C
000AFFB9018E001C
FFDCFFF100E2FFCA
01D8FFC3003C025C
00FBFFB9005AFFDF
FFBE0042004AFFBB
004DFFD9001A0026
00A5FFEC004E00FD
FFD3000C0055FFE1
002700A000600016
FFF7FFDCFFB9FFBD
00910003FFBBFFB8
017A0031004AFFB9
FFBD0097FFF7FFB8
0017FFC900B900A2
01700143FFD40090
00240015FFEB0008
006700AB0128FFB8
FFB80071FFC4FFC9
00440036FFD1FFB9
FFEF0054FFC50069
00650091FFB80042
021CFFD7FFE7FFC5
FFBAFFC30096000F
FFB9FFB9FFF90044
009AFFB9FFC3000F
FFD2FFBC008E0000
01680048FFF10065
015DFFBF0007FFF5
00180002FFE100D1
FFBCFFBE0004FFBB
002A0019004BFFDB
001901FFFFC4FFDB
00E6005D006B0111
FFFCFFD8FFEAFFE5
FFD3FFF9FFB9FFBC
017F0032FFBA003D
0025008DFFDD0097
0010FFF20006FFC9
FFBBFFED0061FFD9
FFCB00F7004F0019
000E00120012010F
FFB900A3FFCDFFBB
FFB900970207FFBA
FFCBFFDAFFBC0112
FFE00069FFBE00B2
0000003C00650014
0061FFBE005C0007
0008FFC0FFC5FFB8
FFC7FFD2FFB8FFD5
00FE0019007FFFEA
009F0179009D0010
FFBCFFBBFFCA0013
FFDE000000C2FFE5
FFE6FFC3006EFFBB
004E0056FFBC00B2
FFEE000C0168000C
FFF4FFBEFFF0FFBB
FFF50015FFC5FFF3
0033011CFFF100E0
0065FFCA003C004C
FFC60025001DFFB8
FFC8FFC5FFC0FFC4
0000FFB80091FFBB
003A0046FFC8000B
FFF9FFBA017CFFFA
FFDBFFD80055FFC2
0206FFC6000F0210
00FAFFB80086FFC7
FFDE004F0021FFB9
0023FFDC001B0036
0062FFCC007F00FD
000800040036FFE2
FFFF0060006D0030
FFEAFFD3FFB8FFBF
00780019FFCDFFB9
00D800470026FFBE
FFC400AAFFD8FFB8
0008FFD50090005C
01E8008BFFC700F0
00690002FFEC000D
005200C3012EFFBA
FFC00077FFC8FFBD
00480024FFE4FFB9
00170069FFB8005F
0080006DFFBA004A
01F6FFDEFFE8FFCC
FFD1FFBF008DFFF9
FFB9FFBBFFF70030
005CFFB9FFC6002E
FFCCFFB800820007
00F8004EFFF6009C
0193FFC9FFE70039
00540009FFC300C7
FFBDFFBBFFFFFFBD
005400190048FFC6
002801C9FFC3FFC3
00C4001C007C00FB
0004FFD2FFF8FFD4
FFD8FFE2FFBFFFBA
016A0039FFB80020
FFFE00B5FFD50084
FFF9FFEB0036FFB9
FFBA0017005CFFBD
FFE800AF00220023
0002FFFD001700F6
FFC700B1FFC7FFB9
FFB900B20175FFBE
FFC3FFD9FFB900D4
FFF5005CFFBC006D
FFF9004900410012
006EFFD900250032
002AFFC0FFC2FFBC
FFC4FFCAFFB9FFEB
01090039002EFFCE
00AC0111005B0049
FFB8FFC4FFCCFFDC
FFE3001600C00002
FFE4FFC40014FFB8
00370092FFBF00C2
FFEE000E011FFFF3
FFD9FFC1FFD5FFBD
FFF80012FFC6FFEE
00000123000A00DD
0070FFD800A8002A
FFC9FFFF001EFFB9
FFC3FFCAFFC7FFBE
002AFFBF0049FFB9
003A0056FFC3FFE8
FFEEFFB901490010
FFCFFFCA0021FFBE
01E1FFE0FFFB015B
00E7FFB8007AFFBF
000F0046001AFFBA
FFFFFFD7FFDB0034
000EFFC0009A010F
001C00020049FFF0
FFE7002F005E0023
FFE1FFE3FFB9FFC4
006AFFF6FFF4FFBC
00AD00890026FFC1
FFC80097FFCBFFBA
FFFEFFDC00310055
021F0005FFCE00FE
00610006FFF00013
003700D4015EFFBD
FFD30076FFC4FFC1
0027002DFFF5FFB9
0068006EFFB9007F
00540051FFBD007C
01FF000FFFD1FFDF
0012FFBC00ABFFDB
FFBAFFDAFFE9FFFC
0046FFBDFFC00005
FFE2FFBB00B30004
00500055004300BF
0191FFE0FFBF004E
006D0020FFC000A1
FFBCFFC10019FFC1
007A002500A5FFC2
00390184FFD0FFB9
00AB003600480107
FFFBFFCDFFF4FFBB
FFD9001AFFC0FFB9
01780090FFBE0007
FFF900CCFFCF003F
0000FFF00021FFBB
FFBE00380051FFC0
001500FC0016FFE8
0022FFDC00360036
FFC500A1FFBEFFBB
FFB8009D00F8FFD4
FFC8FFCCFFBA00BF
0037007FFFC6008B
FFE30034001C003C
0071002A002F0029
0036FFC1FFBEFFC3
FFC8FFD9FFBAFFF2
01180078FFF5FFBE
00FB0082FFE70075
FFC0FFC5FFC2FFC0
0003000D0097FFEA
FFE8FFCCFFFBFFB8
00840059FFCB00DC
FFEE000800410011
FFBBFFECFFCBFFDC
00360038FFC00022
000A014E000200C0
0075FFDF00CF002A
FFD50006002FFFBA
FFCEFFCBFFCBFFB8
0053FFBF0039FFB9
0003002AFFC4FFD7
FFDAFFB800E3FFD5
FFEFFFC7FFF0FFB9
01C4FFEFFFDF012B
00A9FFB800B9FFB9
005A004BFFDEFFCC
FFD6FFE5FFDC000A
FFE9FFB9007E00D5
0050000DFFFBFFF2
FFE0FFF700360071
FFCCFFD4FFB9FFC0
003200070025FFBF
005E009EFFF0FFC3
FFD0009DFFBBFFBD
FFF0000000200013
0249FFC5FFD20137
00A5FFE2FFF50017
003100980143FFC2
0002005AFFD5FFB9
003E002D0021FFBD
00790065FFBD0055
006B0000FFE1004B
01F40025FFC4FFE9
0082FFC700ABFFE4
FFBAFFE7FFDC0011
0026FFBDFFCF000A
FFD6FFB800AA0000
FFFD0041007F00C0
0183000DFFB900AB
0093001EFFBB009D
FFB9FFC9002BFFBE
00DB002600B6FFC3
0038012BFFCFFFB8
0077FFF9001D00ED
FFE8FFD30029FFB8
FFDF0014FFC7FFB9
0138008BFFC5FFDE
FFFF008EFFCB0025
FFEBFFDC0040FFB9
FFBC007E0033FFB8
005F00F0FFDCFFDA
0016FFC400340016
FFD00098FFBFFFBB
FFB800A4009EFFED
FFC8FFCDFFC1008F
008A0075FFBF0085
FFD30051FFFB006B
0076005F0005005A
0048FFBDFFB8FFD2
FFCCFFEBFFC20011
00FB0084FFD7FFBA
00EA0049FFD20077
FFD7FFC9FFBAFFBA
0010003A0054FFF9
FFE7FFD7FFC7FFB8
007A003AFFE900FF
0004000DFFEB000A
FFB8002EFFC1000E
005A003FFFBA0027
FFF50167000900BB
004B000600F80010
FFE3FFE8FFFCFFB9
FFD0FFDAFFD2FFB8
0084FFCB0003FFCF
FFEEFFFCFFCDFFD7
FFD8FFB8009DFFD4
000EFFBFFFCDFFBE
01650013FFD900C0
0037FFBE00A6FFB8
00A70083FFD0FFE5
FFE1FFE9FFC4001D
FFE0FFB9009800A5
00A7002DFFF5FFF0
FFCEFFD200040094
FFC7FFD5FFB9FFC3
001300190061FFBA
003400C1FFF3FFC1
FFCB007CFFB9FFBC
FFE60014FFE2FFEC
0217FFB9FFDF0167
00B2FFEDFFEF002C
FFFF007A015AFFBD
00430037FFDCFFBB
0014004F0048FFBC
0098004FFFBC003E
0071FFE50012004D
01CD0033FFC0000D
00C4FFC40086FFE6
FFC10032FFC7FFF0
FFE6FFC7FFD00020
FFE1FFB900C80001
FFD1006F008400EE
01010032FFB800ED
009E0014FFB800B2
FFB9FFD2001AFFCA
01210028012CFFBD
00370097FFD4FFB9
0066FFD5001300D1
FFEDFFD70019FFBA
FFE5000AFFD3FFC1
00F7007CFFC3FFDE
FFEE0092FFC60014
FFF8FFD50034FFB8
FFC700B70013FFB8
00AC00C3FFC7FFD5
0005FFBB002CFFEA
FFCD004FFFC2FFBE
FFB900A90036002A
FFCFFFCFFFC30042
008C005AFFCA0099
FFCA005CFFD4009E
009D0109FFF50058
0059FFBCFFBBFFDF
FFD1FFE9FFCE0023
00DE009FFFC0FFBC
009FFFEEFFB900AF
0012FFC5FFB8FFBA
000600380025FFF0
FFECFFE5FFBCFFB9
0069000FFFF80129
001F0024FFBAFFF9
FFBC0069FFBC0051
00B7004DFFB9001A
FFE20157FFF20068
004F000401380006
FFE6FFDB0003FFBB
FFD5FFE3FFDAFFB9
007AFFCEFFF2FFF4
FFED000AFFDBFFC4
FFC4FFBC0034FFCE
0034FFC8FFC6FFC2
010C0027FFD5003D
0008FFCC00B5FFB8
00CB0075FFC40019
FFD5FFE8FFC50005
FFD2FFB8007500CE
00A9001FFFD6FFF5
FFD4FFCC000100C8
FFBFFFCBFFB9FFC4
FFFB000D00D0FFBE
000300DEFFD7FFC6
FFC6006AFFB8FFC2
FFDB0030FFD2FFDC
01C7FFBCFFE20146
00CCFFE1FFFE0041
000C0032012AFFBB
00A40030FFDFFFC3
000300740073FFBE
006D0032FFC20017
0057FFCB00590046
018F0051FFB90010
0117FFCE006D0007
FFD70069FFCCFFCD
FFC2FFCFFFDC0021
000DFFC000CDFFF7
FFBE007800DC00EB
00A70039FFBA00E8
00B1001BFFBA005F
FFBAFFF1002EFFC9
011700190117FFBC
00220024FFE0FFB9
0066FFD2FFF400D4
FFEBFFE50023FFBB
FFFB003FFFEAFFE2
008D00B0FFCAFFE5
FFF40063FFC6FFF3
FFF1FFD20014FFB9
FFD900A4000DFFBA
00CE0097FFCAFFD4
0039FFB90034FFD2
FFE00080FFCCFFC1
FFB800B7FFF10024
FFE7FFCDFFBC003A
00FC0056FFE700CC
FFBF0038FFD500BE
00750193FFF0003C
0088FFB8FFC3FFF5
FFD00007FFECFFFF
00BA00EFFFB9FFBF
005AFFC2FFB900CA
004AFFB8FFC3FFBF
00150038FFF6FFF0
FFF8FFEDFFBCFFB9
00530003FFF9012E
0012000EFFBD0007
FFC200D9FFBB00AC
00DE0032FFBF001B
FFEF0168001C004B
005100150168FFDE
FFFDFFCFFFDEFFB9
FFEBFFE4FFDCFFB8
0076FFDAFFEA004E
FFD4FFEFFFE7FFC3
FFC9FFCAFFFFFFC4
003CFFC1FFC5FFC2
0074005DFFC6FFDE
FFCFFFF300AAFFBB
00B20066FFBB0065
FFC6000FFFD1FFEC
FFBEFFB9002200B7
00E2001CFFCD0013
FFCDFFC8FFFB00CF
FFBDFFE0FFB8FFCB
FFF5FFF20118FFC1
FFE900D2FFC5FFC1
FFD2004FFFB8FFBF
FFCE006EFFC6FFCC
014BFFBF00100149
00C5FFD9FFFF001B
FFE6002C00FFFFB8
00D00007000AFFC6
FFFF009F0080FFB9
006A0022FFC20006
0061FFCD00B40027
01420057FFBA0029
016BFFE00077000F
000A00B4FFBAFFBD
FFB8FFE9000DFFF7
0034FFCE00B2FFCF
FFB8008A00F700DB
00270021FFBB0115
00B6FFF0FFBB0054
FFC3003C003BFFC9
011D00000137FFBC
0029FFE1FFF4FFB8
0072FFCBFFDB00B8
FFDD001C000CFFB8
00170055FFD0000B
002B00B9FFC9FFE6
FFDB0029FFC50000
0010FFD20013FFBB
000F00D6FFE2FFBE
00E00072FFBFFFCD
0014FFB90018FFBE
FFEB0041FFD1FFC3
FFBB008CFFDC006D
FFEBFFC4FFBE0008
01100041FFF100C2
FFBEFFFAFFC200D5
006D01BCFFEC0015
00C4FFBEFFCD0023
FFD800130008001C
005700B5FFB8FFC2
0005FFB9FFBD00A5
0084FFC4FFF9FFC0
004E005CFFCDFFFB
FFF70008FFB9FFC5
003DFFDE00170100
004DFFF5FFCB0019
FFC4017DFFB9011E
011C003CFFD4000A
FFF701640012FFE8
0025FFFD011EFFEA
FFFDFFDCFFD2FFBD
FFE3FFDFFFD1FFB9
0084FFC3FFDF00DF
FFE3FFDBFFF0FFC4
FFCFFFD3FFD9FFCC
0051FFBCFFCDFFEA
00220058FFD2FFC4
FFBD00370083FFC6
00C100A8FFB80090
FFCBFFFAFFC4FFE2
FFC1FFB9001300A0
00CC0041FFBD0012
FFD9FFBDFFCB0111
FFBBFFDFFFBAFFD2
FFDEFFF00125FFBF
FFDA00F2FFBFFFB9
FFC30019FFB8FFC2
FFCE00BEFFC2FFBE
00C6FFC1001E00E4
009BFFCFFFFAFFF5
FFDBFFF700F4FFBC
00F9FFF5003FFFCC
000E00C90087FFB8
0019FFFEFFC0FFD3
0053FFC100DE001F
00F10073FFBE001F
014BFFEB0082004D
003500CEFFBAFFB9
FFBF000000270026
0067FFE500D3FFE5
FFBA009100ED0111
FFF80021FFB800D8
00BDFFE5FFBD001F
FFCC00860036FFD4
0104FFDC0157FFBA
003BFFBE0000FFBA
006EFFC5FFC300C6
FFDC0035FFF9FFBF
001C00A7FFFB002A
FFF1007AFFCB0016
FFE0FFF7FFD0FFF0
001CFFDCFFF5FFBF
001B00B2FFC5FFC3
00CA000DFFBAFFC4
001DFFB90009FFBD
0003003FFFE1FFCD
FFBD0081FFCD00A9
0008FFD4FFB8FFF3
01560026002700BD
FFBAFFF2FFBD00E4
00970207FFE1FFE8
00B5FFD7FFEA002D
FFE7000E0044001A
002E00AEFFB8FFE1
FFD4FFBAFFCD0082
00B1FFFF0035FFC9
00700054FFC9FFFD
FFF70018FFB9FFCD
FFEBFFE7002000ED
006B000CFFD8003A
FFC301A3FFB9019B
01460032FFD5FFF5
FFEF01200021FFD2
003FFFF900E0FFCB
FFF9FFE5FFD6FFC5
FFE2FFD8FFCBFFC2
0054FFC4FFE4014B
FFD5FFF9FFDBFFCD
FFE1FFFEFFD0FFD6
004BFFBBFFD9000C
FFEB0094FFD2FFB8
FFB9006B004BFFDE
00980081FFB900DD
FFC7FFEDFFCCFFDA
FFC0FFBFFFE5008F
00AE0039FFBD0038
FFD1FFBEFFCA00D6
FFBAFFD4FFBDFFD7
FFE1FFDB0130FFD5
FFE00105FFC1FFB8
FFBB0011FFB8FFC9
FFD200C3FFC1FFBB
0052FFC0001B00A7
0061FFD7FFF0FFF2
FFDAFFF2007FFFCB
0106FFCF0073FFCD
000100D4008AFFBE
FFF1FFF9FFBDFFCF
003BFFDB0114FFFF
00A30051FFC30046
0154FFFE003F0052
008A010CFFB8FFBA
FFCC00050040001F
00BDFFE200A1FFCB
FFB900BB00A800BD
FFC8001FFFB800EC
009AFFCEFFBB001F
FFEB00E3001FFFD6
00B2FFD200F8FFBE
003DFFB9FFFDFFC2
0076FFC2FFC900A0
FFE60057FFFFFFE7
0023007A00000035
FFCC006AFFBF0059
FFDFFFD6FFD00007
0008FFE1001CFFC2
003E00A7FFBEFFCF
007FFFEEFFB8FFCC
0013FFB8FFE7FFBF
00350041FFFFFFD2
FFC7006AFFBF00CC
0014FFCCFFB8FFC4
00CA0018005A0091
FFBCFFE9FFBA0102
009F0241FFE2FFDB
00C7FFEEFFE3005D
FFD6000800BDFFEB
001E0082FFB80025
FFC2FFBEFFCA0030
00E6007000A7FFCD
00490075FFBB000F
FFF40037FFB9001C
FFDAFFD7000900B1
0097FFE1FFD9002E
FFC101CAFFB8017B
0134001EFFE4FFD4
FFF800FB0027FFB9
0002FFE900AEFFCD
0023FFD7FFC2FFD6
FFCAFFD3FFCAFFCD
0047FFBBFFDC019F
FFDAFFDEFFDEFFF0
FFF8002FFFBDFFE7
0023FFB8FFE3002C
FFC60054FFEDFFBB
FFB9007A001A0001
005D0090FFBC008D
FFD1FFE6FFCEFFDE
FFC3FFD1FFCB00AB
009C0055FFB8005E
FFD9FFBCFFC90099
FFC7FFE5FFC8FFDD
FFFBFFBE0120FFD5
FFE200D6FFC4FFBB
FFB8FFEEFFBEFFDD
FFDD0100FFBBFFC0
FFF2FFBB00320099
0020FFD2FFF7FFC7
FFC9FFC900DEFFD1
00C0FFC6006FFFC1
FFE900BE008EFFCE
FFF7FFE5FFB8FFBC
005AFFE001160008
005F0077FFC40014
010C001F00410083
00D70115FFB9FFBE
FFCD000F00820030
010A00090082FFBB
FFBA00AE00A8009B
FFBB000EFFB800C0
00B2FFC0FFBE0011
FFE900ED0005FFD1
00B3FFD50107FFC2
0054FFB8FFFDFFDF
00C0FFC6FFD30097
FFF30071FFE20011
00210072FFD90085
FFC20067FFBA0050
FFDBFFC7FFC7FFF7
0000FFEBFFF8FFD9
008B00A6FFB9FFD7
0037FFE4FFBAFFD0
001CFFB9FFE5FFC1
002300440013FFD2
FFC4004AFFBE00C2
0013FFC5FFBDFFBB
00A7FFF700750089
FFBFFFDBFFBB011B
00770228FFF8FFCB
00B0000FFFEB005E
FFD7000000E30007
FFEB0070FFB8008B
FFB9FFBCFFC8002C
00EA014100FDFFC6
00400075FFB8FFEF
FFE70042FFC30078
FFC6FFE00004006E
00B5FFD1FFDD004E
FFBB01B5FFBE019A
014DFFF6FFEEFFCB
FFF400BD0029FFB9
FFEFFFE2005EFFE0
0027FFD2FFC2FFEE
FFE1FFDAFFBDFFD7
001FFFBEFFEB01F4
FFE4FFD6FFD50002
000E0036FFBCFFEC
0026FFBD00090034
FFB900320009FFB9
FFB900D90000003F
002E007EFFBF0083
FFD2FFDEFFD7FFE2
FFCBFFF2FFBB0098
006A004EFFB80067
FFEEFFC5FFCE0097
FFC8FFE5FFCAFFD8
FFE6FFC300CBFFDB
000700BBFFC2FFCC
FFBCFFEFFFCEFFEC
FFE800EEFFBEFFBD
FFD4FFB90063003C
FFFFFFD5FFE9FFC6
FFCFFFC400CDFFE5
00C5FFC5009EFFBF
000000C00059FFCE
FFE3FFE2FFB8FFBA
0060FFEA0117FFFD
002E0096FFC30010
0099006800220099
00F60128FFB8FFBD
FFC9002000990027
01620082006DFFB9
FFB800AC006C005C
FFB8FFFEFFCE0084
00ADFFB8FFCEFFE5
FFF201570001FFDE
003DFFCF00F6FFCC
0094FFB8FFEB002F
00E6FFD4FFCC0092
FFE800C1FFCB006A
002A0095FFC70081
FFBE004BFFBA007D
FFE2FFBDFFD9FFF4
00120000FFEE0004
00B70060FFB8FFFF
FFE1FFCDFFBBFFD2
0012FFB9FFCEFFC0
003600320023FFE3
FFC90017FFC90104
0029FFC8FFC6FFBA
0066FFF200CB0083
FFC2FFC5FFBB0155
006001D7FFD7FFBE
008A0038FFF00066
FFEBFFFB0137FFEC
FFDC001FFFB900FC
FFB9FFBEFFCC0003
00F701EB0189FFC2
004A0064FFB8FFE1
FFFE0039FFDB00D1
FFB8FFE8FFF60031
00C5FFDCFFD50056
FFB90177FFD801D3
010C0004FFF7FFC5
0000008B0024FFBC
FFF5FFCBFFF8FFED
0015FFE8FFC70011
FFD2FFD6FFB8FFFD
FFEDFFB9FFEB0219
FFEDFFE5FFCC0049
0036002CFFBD0003
000DFFC3003D004A
FFB800250042FFB8
FFB900E6FFEE006D
FFE8007AFFCA0061
FFD8FFC4FFF9FFD4
FFE4002BFFB8007D
0031006FFFB90072
0005FFD8FFC80068
FFE0FFDDFFC8FFD0
FFE3FFC40065FFDF
001300CCFFC5FFDC
FFBFFFE9FFE10014
FFED00D5FFC5FFCB
FFC4FFCE0080FFE3
FFC7FFD6FFDEFFB9
FFD4FFBC0090FFFE
0063FFCA00CAFFBC
001A009B0042FFF4
FFCBFFE2FFBDFFB8
0078000D010CFFF8
000A006DFFBFFFE3
004D00A6000200E6
013900E2FFBAFFCC
FFC60025008E001F
017100EF0087FFB8
FFBE00B9001E0065
FFB9FFFFFFEE0051
0075FFB9FFD7FFF4
FFD70175FFF4FFCC
000AFFC600F5FFC9
00D6FFBAFFDF0090
00FAFFEFFFCB0096
FFDE00FEFFC900A3
00010072FFC0004B
FFBB001DFFB90097
FFE8FFBBFFCB000C
003A0016FFE7001F
00A30035FFB9001A
FFC4FFC4FFBCFFD6
000FFFC0FFC8FFC1
0020001600550000
FFD5001FFFE600C4
0034FFC7FFD9FFB8
0040FFEA00AF00A6
FFC9FFC4FFBD012B
003B016E0001FFBB
0071002AFFFF0048
FFF6000101A6FFFD
FFDBFFEDFFBF0160
FFB9FFB9FFCBFFE1
00CB0258018EFFBD
00100063FFB8FFD5
FFF000230013011F
FFB8FFEDFFD80009
012BFFD4FFC80061
FFC60127FFF90193
00EFFFEBFFEDFFBD
000B00980023FFBD
FFE6FFC9FFD40006
FFFCFFF5FFC30017
FFBEFFD2FFB90028
FFD9FFB800100232
001AFFFCFFCC006E
005F0013FFC0001C
0016FFC200650049
FFB8FFFD00C1FFC5
FFBD00DD000C0091
FFD10046FFD8002A
FFE1FFBAFFFCFFE4
001F0069FFB9007B
00130072FFBC0062
0033FFDFFFD2004E
FFE1FFCBFFD0FFD4
FFE9FFC70027FFCE
0066009EFFC9FFEB
FFCAFFD4FFEB000B
0002009FFFE4FFDD
FFBB00170075FFF1
FFBCFFD3FFCEFFB9
FFE4FFB90083FFFD
002AFFCD00AEFFBB
001F008A0037FFE2
FFD1FFD4FFC5FFB9
0074002701140008
00000065FFC0FFE0
FFE500E4000E0110
010200D0FFB8FFD6
FFBE003700750008
01A301060080FFB9
FFD40086001A0022
FFBAFFD600090023
0096FFBBFFE6FFF7
FFD7015DFFF4FFD6
FFE3FFC000D1FFE0
00DCFFBFFFD200C3
01230000FFD20084
FFDB012AFFCB00D9
FFF30077FFB80030
FFBD001CFFB90097
FFE7FFB9FFDB001C
00440055FFD90032
00B80026FFB90049
FFBAFFD7FFCCFFE2
0010FFC9FFCEFFD1
0016000B0033FFFD
FFDD0005FFFF00CB
0007FFBCFFE2FFBB
FFFFFFD700C10080
FFD0FFBCFFC90124
003400E00001FFB8
00700061FFD3004B
FFFAFFFF018AFFE6
FFE4FFE7FFC601B2
FFBAFFB8FFBFFFD3
0071028F019AFFB8
0019005BFFB9FFD0
FFFF00280035014D
FFB8FFE7FFD20011
00EEFFDBFFBF007B
FFCE00EC00010156
009CFFDEFFE7FFC2
FFFF009B0015FFBC
FFDDFFC3FFC7003A
FFF6001DFFC6FFF8
FFB9FFD5FFBB001D
FFC5FFBE002201ED
003FFFF0FFC900CD
0043001FFFC90012
0000FFDB00A30044
FFB90006010AFFE0
FFBE00E3FFEC00C0
FFC10040FFF3FFF5
FFE6FFB90038FFE0
00300096FFB90070
FFF60089FFBA0053
0051FFF8FFCE0044
FFF5FFD4FFD6FFC9
FFECFFC8FFFFFFC8
00A00065FFC7000D
FFCAFFCD000C0021
FFEB00B4FFF6FFE5
FFBB00850082FFD5
FFB8FFDBFFCEFFB8
FFE5FFB9009A000C
000AFFD9007EFFBA
0058005E0024FFE4
FFCEFFD1FFD1FFBA
005F003000A80003
FFF90069FFBCFFC9
FFD500ED00170132
00A100A9FFB8FFEF
FFBA001F005D000F
019901620086FFB9
00250077FFF10036
FFBAFFCF0052FFF3
0090FFBE00070008
FFC40126FFF5FFCF
FFCCFFC100E3FFDC
0116FFCFFFC30144
015A0016FFCC008A
FFD1016FFFC30105
FFE50079FFBBFFEC
FFC1FFF0FFB900A7
FFFAFFBCFFDD003D
00650060FFCD0050
00960006FFBA004A
FFBBFFCEFFDAFFE2
0001FFCBFFD0FFDE
0007FFF90047FFFE
FFD8000900440090
001AFFC6FFEDFFBF
FFD8FFDB00BA00C5
FFD3FFBAFFDA00EE
00260051001BFFBA
005F0027FFCB0017
FFFEFFFA0166FFDD
FFECFFD3FFD901ED
FFBCFFC6FFBDFFC3
001202940134FFC2
0007005BFFBFFFC8
0010000200960160
FFB8FFF6FFC4FFFD
00DBFFD8FFB9005E
0005006C00370113
0061FFDFFFCEFFC2
000200870009FFB8
FFEDFFC5FFBB004B
FFD80041FFD20001
FFB9FFD8FFBE0025
FFBCFFC7004101CA
005E0027FFC500F7
0057FFF4FFD70025
FFF4FFEB00FA004E
FFC8FFDD0157003A
FFCE00DCFFEF00E9
FFBA0030000AFFD5
FFEEFFB8004CFFDD
006D00A1FFB9009A
FFDC008CFFB90050
008B0035FFE5001B
000EFFCBFFD5FFC9
FFFEFFCAFFD6FFC0
012C0071FFD6FFF9
FFCDFFD20023001C
FFF90072002B000F
FFC201160061FFC8
FFB9FFDBFFD5FFB8
FFF1FFBA007E0009
FFDBFFEB006DFFBC
004D004E000AFFDC
FFC6FFD7FFE8FFB9
008C00800074FFFF
000E002AFFBCFFC1
FFBC00EF00030129
0083009AFFB8000F
FFB9001000740000
01BD014A0090FFBC
00480054FFDF0007
FFB9FFCA007BFFDF
009DFFBEFFFA0016
FFC20104FFF5FFD5
FFC2FFC000D8FFF0
01270004FFC00168
017A0025FFE20067
FFD80140FFC1012A
FFDA0047FFBFFFD3
FFC60003FFB800BD
0015FFBBFFDE0029
0041007AFFDE0049
00B60000FFBA004E
FFC0FFD9FFE4FFE9
FFE7FFD4FFD4FFE6
FFEBFFFB0037FFF0
FFD0000C00750084
0012FFBEFFE0FFBC
FFC4FFDF00B100A6
FFF1FFBAFFEA0102
002A0012002CFFBA
00410009FFBF000A
0002FFF60164FFEB
FFF2FFC8FFDE01F6
FFBBFFE3FFB9FFC3
FFFE025800F3FFCD
00000049FFC2FFC7
0013000400DB017E
FFB8FFF5FFBDFFEF
00D8FFDEFFCB006C
00390027005D00DB
0031FFDFFFC3FFBD
00030092FFE9FFB9
FFDBFFC6FFB8008F
FFD8002EFFD4FFF5
FFB8FFD5FFC30023
FFB9FFC700620184
00910023FFC00124
0075FFE4FFE8003B
0002FFF201010068
FFD2FFD90169008A
FFE800A2FFEE00BD
FFB8003F0036FFC3
000EFFB8003DFFEB
009A00A3FFB80088
FFCF00B3FFBA0030
00970044FFE80015
001FFFC3FFD0FFC3
000AFFD5FFC3FFBB
0156006DFFE20013
FFCFFFCE00350041
00100053004E0042
FFCA01780069FFC5
FFBAFFD7FFD0FFB8
FFEDFFBC00A3FFF8
FFC500040049FFBA
008700330009FFE1
FFC8FFD6000DFFB9
008B006300340015
0023002EFFB9FFBC
FFB800C5000D0129
004F004BFFB9002E
FFC1FFF80053001C
0185016700B2FFBA
00C60030FFCB0000
FFBBFFC300B8FFD9
008AFFC2000C0027
FFB900EFFFE6FFD7
FFBAFFC200D0FFED
013C004EFFBB016C
017F0031FFE70094
FFDE0142FFBE0116
FFD40049FFBFFFBD
FFDFFFDEFFB800D7
0014FFBAFFE00031
004100ACFFF0003A
0086FFE7FFB90045
FFC4FFE2FFDDFFE6
FFE0FFE6FFD40005
FFE7FFF6004B0007
FFD9000700DB0097
000BFFC1FFD3FFC6
FFBCFFE100730094
FFF1FFBBFFED00D4
0013FFEA0027FFBC
00270003FFB9FFF5
0003FFE9015CFFF9
0013FFC5FFFE01D7
FFB9000FFFB8FFC0
FFD901DB009EFFD0
FFFB0029FFD4FFC7
001AFFEB0103017D
FFB80038FFB9FFEA
00C5FFDD002A004B
00B6FFDD008F008B
0019FFE4FFB9FFC1
000E0089FFE1FFB9
FFF0FFCEFFB800A8
FFC5005AFFE3FFE8
FFB8FFCDFFC40028
FFB9FFC5007D0125
00910032FFBD013F
0078FFCC0008002B
FFE2FFF501120025
0003FFC901B60119
002C004B0010007D
FFB800460065FFBD
0003FFBA0049FFEE
00AA0091FFB8008C
FFC900A9FFB90034
009F00700007FFF6
0034FFC2FFD0FFBF
0018FFD7FFBDFFC0
01B00076FFF00005
FFD0FFCE002A004B
0023002E0092007A
FFE301E3006AFFBF
FFC0FFDCFFCBFFB9
FFFAFFC300B4FFD4
FFBB002C0028FFB8
009300080012FFDA
FFD3FFDD001DFFB9
009E0097001B0019
0041002FFFB9FFBA
FFBA00A9FFFE0103
00090053FFBC0074
FFCBFFE40030FFF7
00F101170084FFBD
00C30029FFC4000B
FFBEFFBD008DFFD4
008DFFBFFFFE003E
FFB8007FFFE2FFC8
FFBBFFC800E70007
0144008DFFB90178
0185005FFFEB00A7
FFDB0167FFC60148
FFC50029FFCEFFBF
FFEDFFEBFFB900C7
0022FFBDFFD40062
0037007AFFDE003D
0086FFF7FFB9001E
FFC6FFF3FFF7FFE2
FFDCFFF5FFE0000E
FFE5FFE50033FFE8
FFD2FFF401100036
FFFEFFC2FFE4FFCB
FFB9FFCD004C00A2
0009FFBCFFF700B4
001AFFCA0039FFBC
001BFFF6FFB8FFED
FFFAFFD80104FFED
0016FFC3001001A8
FFB9006CFFC0FFC0
FFBE01760030FFF3
FFF30054FFEFFFC6
0029FFFD0158013A
FFC40025FFB9FFF4
0099FFEC007A0044
00B4FFCB00820039
FFF5FFDCFFBAFFC2
000D0080FFECFFBF
FFF5FFD5FFBB00E9
FFBB0074FFDAFFDA
FFBBFFD5FFC10017
FFBEFFCE006C00C8
00CE003AFFB90166
0065FFBC0046003C
FFE10001011C0014
0042FFC2019A01B6
00310053000C0077
FFB900570065FFB9
000DFFBC0027FFF6
00EA0099FFBB009E
FFD700D6FFB80013
009F006E000B0009
0054FFC4FFC4FFBF
001BFFDEFFBAFFBB
01CA003AFFE90014
FFCEFFD70038002E
0029000F00CB0060
0016021C0058FFC0
FFBCFFE7FFC2FFB9
000CFFC900DBFFCF
FFBB0041FFFDFFB9
0098FFFFFFEEFFCC
FFD6FFE7002AFFB9
00970096FFED0025
007F0025FFBAFFBA
FFBC0092000400D1
00010007FFC100B0
FFE8FFD00008FFEF
00D400EE0091FFBA
014B0022FFC0FFF5
FFD6FFBC0099FFC9
0086FFBE0009006A
FFB90038FFE4FFC2
FFBAFFC500990008
015A00EDFFB8012B
01A50069FFFC00B3
FFE00146FFC0012C
FFC00024FFC8FFBB
0003FFDDFFB800E9
0025FFC6FFF00084
002A009EFFF30006
0049FFD3FFBD001C
FFC9000F000DFFDC
FFDA0016FFED0022
FFE100080048FFE3
FFD4FFFA0147001D
0001FFC3FFE7FFD6
FFB9FFDE00250062
0011FFC8001D0071
0023FFB9003FFFBF
001CFFDFFFBBFFD5
0000FFC500DFFFE9
0047FFBC00270133
FFB900E4FFD6FFBE
FFB900D9FFF10020
FFF5002A000DFFDA
0014FFDD015900CE
FFC10055FFB9FFE9
004CFFD9010F0020
0108FFBB008AFFF5
FFE3FFF1FFB8FFD2
FFF20071FFE9FFC6
000CFFD3FFBB00FC
FFBC00A0FFE8FFD1
FFBAFFC8FFBFFFF4
FFB9FFC8007E005E
00FA004FFFBE0141
005FFFBC00780034
FFD70012013C000C
0098FFBE01B90205
0069001400230039
FFB90066009EFFB9
001DFFB80035FFF8
00E4006DFFC8009B
FFC6009EFFB8FFFB
00AF006D001DFFE7
006CFFBFFFD6FFC1
001CFFF2FFB8FFBD
0205004900050007
FFCDFFDB0030002A
0029FFF0010E00AA
005A024D0039FFBD
FFBAFFE5FFC6FFB8
002FFFE500CCFFCF
FFBD0078FFF9FFBB
00A3FFE1FFEAFFC5
FFDFFFEE004BFFB9
007A00A2FFC7003F
00B60009FFC7FFB9
FFC00039001800A7
FFDEFFF8FFBF00CF
002AFFD40010FFF8
005E00CC0052FFBA
01590004FFBF000D
FFE2FFBA00A7FFD4
007CFFBDFFDF007A
FFB90012FFEAFFC9
FFC1FFC300C60020
011D0112FFB8011B
01A00099FFE000A5
FFE40140FFBD0124
FFBB0034FFD0FFBC
0004FFE3FFB900BB
000CFFDCFFF00097
002F0090FFEC0007
0044FFE7FFBF000C
FFC3002000150007
FFE80016FFE6000D
FFD6FFE10007FFCB
FFD1FFDC01550004
FFDFFFC1FFEEFFF6
FFB9FFDBFFFB0049
002DFFCB00140057
0016FFBA0034FFCA
0004FFE5FFBAFFC7
0022FFC7007B001E
0057FFBE005400E5
FFCA00E6FFEDFFC0
FFB80073FFC10056
00080043004CFFC4
0019FFDE0142008C
FFF10051FFB8FFDF
0029FFDA01890020
0102FFBA009DFFEB
FFE10017FFB9FFDC
FFE6006AFFD8FFE7
0023FFE3FFBC0128
FFB80098FFE3FFCD
FFBFFFDEFFBD002D
FFBDFFCA00BD000A
010A0061FFBE00FB
004AFFB800A50025
FFE7002200D5FFF6
011BFFBC01800253
0096000900350026
FFB8005900ACFFB9
000DFFBB00080009
0135006DFFEF00AB
FFCB009AFFB9FFD8
009A00740005FFF8
0075FFC1FFCCFFC1
0015002AFFB8FFBC
01C700470002000F
FFC7FFCF00270005
002CFFEB017500D5
00BE01F00008FFBA
FFB8FFDAFFBEFFB9
0038FFE600BFFFC3
FFBB0098FFDFFFC8
00B3FFD7FFE7FFBF
FFDCFFEB0038FFBE
007A0099FFBF002E
00DB0011FFC9FFBC
FFBD000E000E005F
FFC1FFE1FFC100FD
0057FFC9FFE4FFE6
000F00690050FFB9
0155FFF8FFBE0003
0019FFB80069FFE1
0068FFB8FFE30049
FFBDFFE7FFE6FFC4
FFBDFFCB00AA0025
00E40162FFB8010A
0186009300240077
FFE900E8FFC700E2
FFB80019FFCBFFC2
00520019FFB9009D
0002FFE8FFF600AE
0027007B002AFFD9
0034FFE4FFF20029
FFC00072005DFFF0
FFEF0059FFFC001D
FFCFFFE4000AFFCB
FFEBFFDF0176FFF0
FFE3FFC3FFDD0034
FFB9FFE6FFCE004E
0054FFCD001A0029
000DFFBB002BFFDF
FFF0FFD5FFC0FFC1
0029FFC9003D001A
00A4FFC000840073
FFDB01370041FFC6
FFBBFFE0FFBA0086
002000410078FFDD
001BFFF40132002F
0027004EFFBAFFF7
FFF9FFF201DBFFF3
0100FFBA0034FFC4
FFD8003BFFB8FFEC
FFCE009DFFD50006
0016FFF4FFB900FA
FFB800CCFFE9FFB9
FFBBFFDCFFB9FFED
FFCDFFC900E7FFDD
00FF0023FFC200DD
002CFFBA00CF000F
FFF6002700ACFFDC
014BFFC001100273
0097FFD5006E0018
FFB8008C0072FFB9
000AFFB80003FFFE
00E6006900190084
FFE600C2FFC8FFD2
005A00460009001E
006CFFC8FFD2FFBE
00000027FFBBFFBE
019B003FFFE90016
FFB9FFCF0001FFE7
0025FFEE01B000D2
00E001D6FFFEFFC9
FFBAFFF0FFC0FFBE
0051000000E2FFCB
FFBC00D2FFBEFFD2
00BCFFCAFFF5FFBD
FFF6FFE5006DFFC4
005E0055FFBD0054
01570006FFF0FFBD
FFBAFFE1002C0075
FFBFFFD0FFC700FB
00BDFFC9FFD1FFD9
FFDA001F0037FFB8
00FAFFECFFCE0019
0090FFBA003FFFF1
0078FFC2FFCC0074
FFBDFFC2FFFDFFCA
FFD8FFDB00CB000E
00C001BEFFB9004B
019500A9000C0075
FFEC008FFFC50057
FFB9002DFFC6FFBE
00C20023FFBE0078
FFFE0027FFF0008C
001A00710027FFC8
000900000016000B
FFB900D30071FFE4
FFFA0072003EFFF0
FFCAFFEDFFEFFFBE
FFD2FFD80192FFD8
FFDBFFC6FFCB008F
FFB9FFF0FFC90037
0062FFE200120027
0018FFBD0027FFF5
FFE7FFC3FFC1FFC4
0017FFCDFFF7004D
00C4FFC9007C0002
00120131002FFFE4
FFBDFFB8FFC80079
0049002700C4FFD2
0008FFDE00F2FFD1
0085003FFFBB0005
FFD1001701DEFFEA
00C2FFB80019FFBF
FFDC0051FFB8FFFC
FFC800BDFFDE0034
003F0017FFB8013E
FFB900990001FFB8
FFBBFFDFFFBAFFD5
FFE9FFC100D7FFBE
00F60028FFBF005C
FFFBFFB80139FFEC
0009001B0052FFCE
01E2FFCE00B10293
00CAFFBF00BFFFCE
FFC700A40076FFB8
FFF5FFB9FFD9FFF2
00DA001200600083
000100A7FFC0FFC2
003600290007004C
0048FFC0FFC7FFC5
FFEC00A9FFC1FFC3
011B005DFFE3FFE4
FFBEFFD6FFE9FFE5
0017FFDE01F600B1
01B20105FFDCFFD7
FFDFFFEFFFC0FFD8
0071002300DEFFBA
FFC4010CFFBEFFCD
00C2FFC80000FFB9
000EFFF20029FFDB
003D0052FFBA0047
01B1FFF60008FFC2
FFB9FFCB00360024
FFB9FFD2FFC400F4
00A1FFBDFFC7FFDC
FFC100130043FFBC
00A0FFE9FFE70016
008AFFBCFFD40002
0069FFDAFFCD005F
FFC0FFBC0027FFC8
FFF4FFDA00F1FFFE
007E01F9FFB80029
014D007C0008006F
FFDC005AFFE20026
FFB8002BFFC1FFC2
00F80046FFCD001D
000A003EFFD90078
000F003A003FFFC3
000600130029FFD4
FFBB00B5003AFFD6
FFEF00380024FFE2
FFCAFFF5FFCCFFBA
FFC6FFE80102FFF4
FFE0FFDCFFBA008A
FFC90019FFBC004C
0069FFDCFFFA0024
0017FFB80033003F
FFF7FFBEFFBEFFC1
0019FFDEFFE20061
00BEFFED0086FFD2
007C011E000CFFED
FFB9FFC2FFD1004D
0075003D00DDFFE5
0029FFE600B1FFC0
00DB0034FFD30000
FFD3002D0199FFDC
005AFFC10001FFC0
FFE100B7FFB9002A
FFC400EAFFDD0063
00380036FFC900BD
FFB900710010FFB8
FFB9FFEBFFC1FFC3
000EFFBB00ABFFC2
00A50019FFBF002A
0002FFBA00E6FFDF
00220002FFFFFFBE
01FEFFD6003D025D
0097FFBF00C0FFBF
FFFA00CD0036FFBF
FFF0FFBEFFC2FFE3
0066FFE200A90071
003F00C3FFC8FFC8
0023000AFFF50079
0016FFB9FFBAFFBF
FFE60099FFDEFFC2
00BC0086FFDFFFCE
FFCEFFCCFFC1FFCC
FFFC000401BA0083
02060050FFC40010
000BFFF5FFCAFFE3
003700460104FFB8
FFC700E1FFBFFFBD
008AFFC7002FFFB8
0026FFEA0000FFEE
00160004FFBD0049
01F30006FFF2FFCD
FFCBFFBD0071001F
FFB8FFEAFFBE00D7
008AFFBDFFD0FFD8
FFBEFFC90052FFC3
000CFFE500190025
00D5FFD7FFC00050
0084000AFFB8008B
FFBEFFBC001CFFD3
006AFFEF0101FFD5
0078020EFFB8FFCA
00DB004100300062
FFDE003C001FFFE5
FFB90006FFBAFFBC
011F006DFFD4FFF6
FFE7006BFFC5003A
0007FFF10041FFBA
FFDD00390040FFCB
FFC901430031FFC6
FFFC00000026FFCA
FFCA003CFFBEFFB8
FFD7FFFB00CDFFF9
FFD9FFD3FFBB00A7
FFD70044FFBB0045
0064FFFAFFE50041
0032FFBC00360093
FFECFFB9FFBAFFC9
000FFFFDFFD80082
00D1FFFE001FFFC0
009B00D4FFF30016
FFBBFFCEFFCA0021
0074006D00BCFFFA
0006FFEB001CFFB8
00E40025FFD4007E
FFC8003900F1FFDF
FFEDFFDEFFCBFFD5
FFEB0089FFBA002E
FFBB00EAFFDE0084
00410045FFF10079
FFBA0027002FFFB8
FFBBFFE4FFD5FFB9
0030FFB80050FFC3
0071000AFFCFFFF5
FFEEFFB9008EFFD7
0032000FFFCBFFBD
01CBFFDD000D018D
005CFFBB00B9FFB9
00450108FFF7FFD2
FFDFFFC5FFBFFFE2
0018FFBA01180060
007900B9FFC0FFCB
FFF9FFD3FFF100BA
FFFAFFBBFFBCFFC5
FFCD00B60026FFBF
006400C0FFC8FFCC
FFDCFFD7FFB9FFC1
FFE7FFED00E9004D
025CFFDCFFDE0051
005D0016FFCBFFFE
0038003A00E5FFB9
FFFE00D3FFBDFFB8
009AFFDE0065FFB8
0051FFEBFFE10004
0036FFE8FFBC0046
020700130001FFDF
0017FFBC0061FFE8
FFB90007FFB9009D
001FFFBBFFCDFFD3
FFB8FFC90081FFCA
FFC2FFE50062005A
00DB0000FFB90065
008F0012FFB90081
FFBBFFBE004BFFD6
00AAFFE90149FFD4
00640161FFB9FFBB
0099FFECFFF60071
FFDA0015003DFFCA
FFBC005BFFB8FFB8
011C00740008FFD6
FFDE0073FFC50038
FFFAFFDF001CFFBF
FFDE00720018FFBA
0014013FFFD8FFC0
FFF4FFDB0057FFBB
FFD5003AFFB8FFB8
FFBE000000680064
FFEEFFDAFFC3008C
00290037FFBD002B
0009FFF7FFD30036
0087FFEB00160090
0002FFB8FFB8FFD7
00300016FFEB00CA
00C40035FFE8FFB8
00E1004EFFBE0037
FFBCFFD4FFC5FFDB
00C9005E009A0003
FFFA0010FFE9FFB9
00F00009001D0077
FFCB0041001BFFE5
FFC30028FFC8FFF6
0019007CFFBF007A
FFB9013CFFE50054
0026008900290030
FFC00016002DFFB8
FFB9FFE1FFEEFFB8
00A0FFBA000CFFF3
0017FFEDFFC5FFE6
FFFAFFB90057FFD1
004BFFEAFFBBFFC6
01B9001B00040143
0035FFC20101FFBA
00E80111FFDC0009
FFE5FFC4FFB8FFD7
FFF9FFB90114003F
00BD00D7FFBEFFCC
FFD7FFC5FFDA010F
FFCFFFB9FFB9FFC6
FFCE00C10070FFC0
002800E4FFC7FFC1
FFE2FFDCFFB9FFC6
FFE40020007A0004
026EFFBAFFCF00BD
00A50002FFDB0023
000C005700EBFFB9
0047007FFFC4FFBB
0074FFDC00BDFFB9
00740007FFCC0010
0008FFCBFFDC0046
01FC0024FFCAFFF4
009BFFBD008AFFF4
FFB90017FFB90049
FFF5FFBDFFD0FFE7
FFB9FFC500CCFFD9
FFB9FFFE009A0072
00B2003AFFBB00A9
00B0001FFFB90071
FFBBFFBD0049FFD0
00F500100106FFCA
004E014AFFB9FFB9
00B2FFD900140086
FFE300160057FFC1
FFC5002AFFC7FFBA
01060092000AFFCE
FFED0071FFBD0006
FFE8FFD5FFFBFFBB
FFD5006A0030FFB9
00310147FFD7FFBB
FFE6FFC00041FFBB
FFD0005CFFBAFFB8
FFBF003000290068
0005FFE0FFC7006F
006A005EFFBB005D
00000004FFDC0061
00970031001F0075
FFFBFFB9FFBEFFDD
00300027FFF00091
00A4006AFFBFFFBA
00BC002BFFB8005D
FFD7FFCFFFBDFFBD
00B1005E00610000
FFFE0003FFCBFFBB
009FFFFA00290073
FFD4005EFFD1FFDC
FFB9007FFFBE0023
00290051FFD1006E
FFB90159FFE70057
005100AC009BFFE1
FFC5FFE90010FFBD
FFBDFFF5FFE8FFB9
007BFFBEFFFF0042
FFDE0009FFCFFFCD
FFD6FFBA0027FFD4
005CFFFAFFB9FFC3
0119002EFFD30095
FFF1FFC200B1FFB9
00CC0126FFBD0059
FFD8FFCEFFB9FFC8
FFD0FFB900A8004F
00B80086FFC0FFDB
FFE2FFCCFFDB0107
FFCCFFB9FFC0FFBF
FFCC008D00EEFFBE
000E0113FFC1FFB8
FFEEFFFAFFC0FFB9
FFDD002C000EFFE9
022DFFBAFFF800FD
0093001FFFF1002F
000C005E00DBFFB8
00870065FFD1FFC3
008A003000A9FFBA
006DFFF2FFBA0009
000DFFCB00060040
01A30001FFCB0016
00E5FFBF00750009
FFBA004AFFBA0020
FFEAFFCDFFD2FFD4
FFB9FFC300E3FFE2
FFBAFFFF00EE006F
007C006DFFC400A8
009D001EFFBB0050
FFB8FFC60061FFDE
0103000C0110FFCB
003A00CDFFBEFFBA
0054FFD5FFF30099
FFDD001C005BFFBA
FFC5005DFFCAFFBE
00E000B2001DFFC5
FFE60057FFBBFFEE
FFE2FFCEFFF0FFC3
FFF2008F0014FFB9
0092013AFFCEFFC0
FFF1FFBA0043FFB9
FFC70040FFB8FFB9
FFBC002CFFEC009B
0003FFE0FFC30067
009D0065FFBD004E
FFEF0008FFD2008E
008D0072000E00A9
0001FFB8FFCDFFE3
00310080FFF600AA
0081009CFFBBFFB8
00E6FFDDFFB8008F
0004FFC8FFB9FFBB
00A90065004AFFE7
0002001BFFBCFFBB
00CDFFDC00300088
FFD20072FFBB0009
FFBA00EBFFC00071
003F0054FFE900A1
FFBB012EFFF1004E
0057008F00C3FFDB
FFF2FFD4FFFDFFC5
FFC4FFF4FFF7FFB8
0095FFC5FFF8006F
FFCAFFEFFFDBFFCC
FFE4FFBB0001FFCC
0084FFFAFFB9FFC5
00DD0049FFC50031
FFE1FFD000C8FFB9
011900F5FFBE00AA
FFCAFFE2FFB9FFCA
FFC8FFBC00A6003A
00E70066FFC2FFDA
FFDEFFBDFFE20153
FFBCFFC0FFBBFFBC
FFCA0092010CFFC6
FFE900E6FFBCFFB9
FFF90003FFC0FFB8
FFD50030FFE8FFD0
01DEFFBE00030107
00E2FFFFFFF1004B
FFF1002200ADFFB8
00D80040FFDAFFC2
0090003A00E5FFBA
0068FFF1FFB90000
0003FFB800670036
01610026FFBD0033
0153FFC90081FFF0
FFC80086FFB80002
FFCAFFD7FFEEFFD4
FFC2FFD600E8FFD0
FFC300160101007E
001F0085FFC300CE
00D3000FFFBA0057
FFBAFFCB0062FFDD
0120FFEF0116FFBD
003F0057FFBFFFB9
003FFFC3FFEB00A3
FFD300350044FFB8
FFDF006EFFC6FFC9
00820081002BFFC8
FFE40049FFBBFFF5
FFF6FFC3FFD8FFC6
FFEC00A7FFFFFFB9
00A700F4FFC6FFC1
0008FFB9003FFFBA
FFD70030FFB8FFB8
FFC1004CFFD000B6
0009FFE3FFBC005E
00BE0069FFC50064
FFE20016FFCD00BD
00B200A7FFFC0080
001EFFB9FFF7FFF8
003F0095001900B1
005700B1FFB8FFB8
0070FFC3FFC1008A
000FFFBFFFC0FFB8
0074005A0011FFDA
00190012FFBBFFB9
008AFFC200270071
FFDC0054FFBD000A
FFBF014DFFBC00E2
0065003E00170074
FFBB0149FFEE0025
006400AC00CCFFCD
FFE1FFD1FFD9FFCD
FFC6FFFBFFDFFFBA
0067FFBCFFF800EF
FFC6FFFAFFFAFFC1
FFD9FFC1FFE3FFC9
00920017FFB8FFCC
00910080FFC2FFEC
FFC0000F00A3FFBD
010D00EFFFB900F2
FFD2FFE3FFBBFFC6
FFD7FFBA00B1004B
00BD0062FFBCFFD7
FFE3FFBBFFD6015A
FFBDFFBCFFC6FFC4
FFC500750132FFBD
FFDC00FDFFB9FFB8
FFDCFFECFFC0FFB9
FFD20068FFD5FFC4
0162FFC3002200FA
00BF00040006005A
FFF100000052FFBD
01390041FFE7FFCA
0080005100DCFFB8
0051FFE6FFB8FFEB
0010FFBA007A002D
01190018FFB80042
018DFFC60085001A
FFD90088FFBAFFE8
FFBFFFEB0002FFD0
FFCEFFCF00DBFFD3
FFCA002A013D007B
FFFD006DFFC200FD
00EF000EFFBB0015
FFBBFFCF0067FFEB
0130FFFA0109FFBD
0038001FFFC7FFB8
004DFFC3FFEC0094
FFDC00450019FFB9
FFE60084FFCBFFE2
0068008B002CFFCB
FFD00028FFBCFFE5
FFE9FFC3FFDDFFC7
FFFB00B6FFF4FFBB
00B300DBFFE1FFC1
0010FFB80036FFBC
FFCF0023FFB8FFB8
FFBE0049FFBD00B2
0013FFD9FFB9003E
00CB0046FFCC005A
FFE50003FFD300D5
00A900C5FFF10059
0026FFBD00100011
004000AF000F0092
003300D6FFB9FFB8
0035FFBBFFC200A3
002AFFB9FFD8FFB8
00A3006BFFF3FFD7
002A0018FFB8FFB9
0066FFC1004B0064
FFD9006EFFC80025
FFC601B9FFB90115
006B0016003A0062
FFBD0118FFFF0013
0055009E00E6FFC5
FFF8FFC7FFD0FFDF
FFD3001AFFE2FFBD
007AFFC10003011C
FFBEFFF5FFFCFFBE
FFD1FFE5FFD7FFCB
009B0020FFB9FFD1
004B009EFFBBFFC2
FFB90023005AFFC9
010600C5FFB80137
FFC7FFE5FFC0FFC6
FFC4FFB90076004E
00E1005AFFC1FFDF
FFDCFFBCFFCD0187
FFBDFFC1FFCDFFC3
FFC300610148FFC9
FFCF00FFFFB9FFB8
FFF0FFFFFFBFFFB8
FFD60082FFC8FFBD
0103FFCA003600F8
00B9FFF8000B0071
FFE8FFF5003BFFCF
01590033FFF1FFCA
009B007900C6FFB9
0024FFE4FFBBFFE3
000CFFB900CF0025
00BE0014FFB80064
01EEFFCD005F0012
FFEF00A9FFB9FFD4
FFB9FFF90012FFD3
FFE7FFEB00C5FFCC
FFD00059013A007F
FFCC008AFFC400FE
00C4FFFDFFB9001B
FFC0FFE80063FFF2
0144FFDE00DEFFBD
002CFFEDFFC8FFB8
0033FFBEFFED0094
FFD700780019FFC0
FFFB0080FFD8FFFD
0034007F0020FFCE
FFD9000EFFB9FFE1
0004FFC1FFD5FFDF
FFFC0099FFE2FFBD
009C008AFFCFFFC0
0002FFB90025FFBD
FFD00010FFB8FFB9
FFC10045FFB80106
0026FFE0FFB80004
00BD003CFFD70065
FFDEFFF8FFC300F5
00C70109FFE1004C
003AFFC0002A0014
004C00CA005400B1
002500BFFFBBFFC4
0019FFB8FFC80086
0054FFBE001EFFB9
00970061FFDFFFD4
00280028FFB9FFB8
002AFFBC003D0036
FFEB005EFFCC0029
FFCB01D7FFBB0168
0071000700570051
FFBF00EF0003FFD6
0041007B00EBFFBD
0019FFC2FFD2FFFA
FFD9FFFBFFD2FFC2
006DFFBFFFE201A1
FFBE0005000EFFC4
FFE4FFF4FFC2FFCD
00800020FFB8FFE2
00120083FFC1FFBC
FFB80051005AFFD7
00E600B7FFB8015E
FFCDFFE1FFC4FFC3
FFC6FFB800460050
00A20054FFBCFFEC
FFF7FFBAFFC9017A
FFBBFFBAFFC9FFC3
FFC400340157FFC3
FFC700F0FFB8FFB9
FFCCFFEEFFBCFFB8
FFDF009FFFC3FFBB
0099FFC7004400FC
0087FFF8001A0053
FFDEFFD40027FFDC
015A0019000CFFCB
007A007200DDFFBA
0029FFDFFFB9FFC3
FFF1FFB90104002E
00790033FFB9004D
01CDFFD60060004B
002700CDFFB8FFC8
FFB90019003CFFC9
000F002A0096FFCD
FFD20073012F008A
FFBD0082FFC200E6
00CEFFE8FFB8FFEA
FFD300040059FFFA
00FBFFD400D3FFBC
001BFFC7FFD8FFBE
0029FFBC00020062
FFD800B4000CFFC8
0007006DFFDD001A
FFFC0075003CFFCD
FFD3FFE3FFBCFFD7
0004FFBCFFD60001
000900A0FFCFFFC4
00830055FFD0FFC1
0006FFB80008FFBE
FFCF0007FFB9FFB9
FFCA005DFFBA0101
0032FFD5FFBBFFE9
00B40057FFEE0054
FFD5FFE7FFC60117
009D0131FFDD0007
004BFFCB00720028
006900F00057007C
FFFA00B4FFBAFFC7
FFF9FFB9FFC40041
005EFFF50068FFB8
0099008BFFC9FFD4
00420033FFB9FFC1
0011FFB900650007
FFE50044FFD9006B
FFCD0236FFBB01C5
0061FFF4007B003C
FFC800D20012FFC3
003A006F00D7FFB8
0039FFC1FFC2000B
FFE40020FFCCFFC9
0038FFBDFFEA01F2
FFB9000D0022FFC8
FFE20012FFB9FFE4
00A20032FFB8FFE6
FFCF007FFFC3FFB8
FFBA00B100220016
00C6009DFFB80153
FFC9FFF4FFD5FFC9
FFC4FFB9002C003F
00B40056FFBCFFF8
FFF7FFBBFFC3016B
FFBDFFC0FFE9FFC8
FFC2000C012EFFCB
FFC400C7FFB9FFBF
FFCEFFE2FFB9FFB9
FFD600E1FFBBFFBA
0018FFC3007000F1
005AFFFC0010002E
FFD7FFC8FFF90012
014FFFEF001FFFCD
0058008600D2FFC4
0003FFD4FFB9FFBE
0017FFBA01040006
0016002CFFB90063
01E4FFE90051006B
006D00D8FFB8FFCB
FFBB003F0060FFC8
0042007F0076FFCE
FFD4008A01090093
FFB8008AFFBB00DE
00AFFFC9FFB9FFD7
FFE2003000440001
00A0FFE200BDFFBF
0016FFBCFFD8FFC4
0028FFB9001C0056
FFD400D0FFE7FFD2
003A006DFFDD001C
FFF4007A0032FFDC
FFD0FFD1FFBEFFDA
002EFFC0FFD50028
00170098FFC6FFD4
00540024FFCDFFC7
000AFFB8FFFDFFBC
FFC6FFDCFFBAFFC1
FFCB004DFFBA0112
002CFFD7FFCDFFCB
0070005400020069
FFC6FFE0FFC50172
009B0157FFD1FFF3
004EFFE300B1003D
007500F8007F0078
FFEB008BFFC0FFE0
FFD0FFBBFFC40047
0044005D00EDFFB8
006E0084FFBFFFC2
004C0034FFBCFFCC
FFE5FFB80048FFD8
FFED0044FFDA008C
FFCB022CFFC701F9
005FFFDB009E0023
FFD300B10010FFBB
0029005200CAFFB9
0063FFBEFFC2002C
00070015FFBFFFE6
000AFFBEFFEE0236
FFB8002E0052FFCF
FFDC0036FFB8FFF0
0095004AFFB90009
FFC20082FFD1FFB9
FFBA00CD0016004C
0075008EFFBC0159
FFCFFFE1FFEFFFC8
FFCEFFC5FFEE006A
00750053FFBCFFF5
0005FFC2FFC30147
FFBEFFC10019FFC4
FFCFFFFA0122FFD7
FFC4008EFFB9FFBF
FFC2FFF0FFBAFFB8
FFD300D6FFBBFFBA
FFDCFFBB00C000AC
002AFFE700330044
FFDFFFBDFFED002A
0120FFF70016FFCA
0051009B00D4FFD2
FFEAFFD3FFB8FFBA
000EFFB90150FFFD
FFDA0019FFB90038
01BB0009004600B8
005400F9FFB8FFCA
FFBC0045008AFFCD
004400BD007AFFCA
FFD3006900F80079
FFBC008FFFB800E4
00A4FFBEFFBAFFC5
FFE1003A00240016
0071FFDF0090FFC8
0034FFBCFFD4FFE0
0032FFBC0022005A
FFDA0123FFE0FFD7
003E0064FFD30020
FFD00067002AFFDF
FFCEFFCCFFBEFFD0
0018FFC8FFCB0058
001F0085FFBDFFE2
0022000DFFE0FFD3
FFF2FFB9FFEBFFBA
FFC4FFE3FFC1FFCA
FFDF0055FFBB00FA
0051FFDBFFE3FFCB
005B004FFFF50058
FFCBFFDAFFCA0193
00500138FFD7FFDE
0036FFF100E40057
0074012800A60061
FFDB0069FFC0FFEE
FFC2FFBAFFBF002C
004700E70155FFB9
00610095FFBEFFC0
005E0031FFC0FFF5
FFD8FFB8001AFFD1
FFFF0069FFDA00BC
FFC70247FFD80225
004CFFC800BD000D
FFD300750020FFBA
0027008C0091FFB9
0062FFBEFFBF0085
000D0015FFBBFFF8
FFF5FFBD0003028B
FFB9002C0044FFE2
FFEE0032FFB9FFFA
009E0062FFBB0022
FFB90064FFD7FFB9
FFBC00FA0000009C
00490089FFBE013F
FFD5FFD30012FFD4
FFCBFFCBFFD0004A
007A003FFFC00000
0019FFCAFFC40111
FFC8FFC60036FFC7
FFD5000100E9FFE0
FFD10083FFB8FFD3
FFC0FFE4FFBEFFB8
FFD700C7FFB8FFB9
FFBFFFB800FC0071
0008000000260019
FFD1FFBCFFE7005C
0119FFEC002DFFC7
008300A700B5FFDF
FFDBFFCDFFB9FFB9
0019FFBA0150FFFD
FFC30014FFB80050
01690034001800BB
00B500F1FFB8FFC9
FFBA009000B1FFC8
00EB011B0093FFC9
FFC800A400DF007F
FFBD005BFFC50088
00A4FFB9FFC8FFC4
FFE600860020000C
0014FFCE00A1FFCA
0060FFBAFFE70019
005DFFCD00160030
FFD10130FFC9FFE7
0082008AFFC10049
FFD50057000FFFF2
FFF5FFC6FFBEFFE1
0042FFF5FFCB0072
00290075FFBD003D
FFE7FFF0FFECFFDE
0001FFB90019FFB8
FFC0FFDCFFD4FFDB
FFD4003AFFB800CC
0025FFC6FFDCFFC9
004B0025003D0093
FFDBFFBFFFD001B2
00310105FFE8FFC5
0020FFF000830046
006D011D009E002A
FFCE0040FFBE003C
FFB9FFBBFFC20013
001D01810180FFBE
004F004EFFBCFFBD
0044001BFFD90044
FFC5FFB8FFF6FFDA
00250071FFD800FC
FFBF0203FFF6022C
006CFFBB008CFFE5
FFE10086001AFFB8
FFFA0042002EFFBB
0063FFCFFFBD0052
FFF50014FFB8001F
FFE3FFB8002502B5
FFB900150014FFFC
FFF90029FFB9FFFE
00980040FFCF0056
FFBB005D000FFFB9
FFB900EA000B00C1
FFF80047FFC600C1
FFD0FFC20067FFDE
FFE9FFEEFFC10048
00670064FFBAFFF5
0029FFE2FFC50113
FFC6FFCE0025FFC7
FFF8FFFC008AFFCD
FFED0061FFB8FFD8
FFB9FFF6FFE9FFB9
FFD600CFFFBCFFBB
FFB8FFCB00E5007A
FFE2FFF0001E0029
FFD0FFB8FFE00071
00C9FFE20046FFC5
00D1008F00A2FFE0
FFD2FFD4FFB8FFBB
0044FFBF01380008
FFC30003FFBA000E
00E6006C001700ED
009000DDFFBAFFD2
FFBB00A200B3FFCB
00E2017800CAFFBC
FFBA0096008D0071
FFBF0002FFF0003E
00B0FFBAFFE4FFCE
FFE100B80019FFED
FFD6FFC200BBFFE0
007AFFBDFFD2006B
0061FFC9FFE60051
FFCA015FFFBE000F
008900DBFFB80003
FFCE002AFFF4000F
FFFBFFC0FFBF0001
0075003CFFC8008B
00450049FFB800A2
FFC2FFD7FFF4FFE1
FFF6FFBE000FFFC1
FFC3FFD4FFE60003
FFD20032FFCC00BF
0024FFBEFFE8FFC8
00300000003300B1
FFD9FFB8FFE901D2
002A00A5FFE5FFBA
0027FFF7001D001D
008C011100CEFFFF
FFDE002AFFB900AB
FFBAFFB9FFBBFFF0
FFCD021C0154FFCE
00270027FFCBFFBA
00340010001B009E
FFC9FFB8FFD3FFE5
00340057FFCF00EC
FFB80188002C0230
0044FFB80051FFE7
000E009C0003FFB8
FFF3001AFFF4FFCF
0021000CFFBE0025
FFEDFFF4FFBC0046
FFC5FFBE00690297
FFBF0024FFF00044
00010033FFC50014
0093001200300071
FFD00032005CFFD2
FFB900F8003200E8
FFCE003DFFDC003E
FFE9FFB900D8FFEB
0021000EFFB90071
003F0092FFBCFFEC
0043FFF8FFCE00ED
FFD0FFDCFFF9FFBD
0045FFFA0025FFC7
00570028FFB8FFDE
FFB8FFF30031FFC1
FFDB00DAFFD1FFBE
FFBA001A00B50027
FFC4FFE000170008
FFD9FFB800030052
003AFFE90025FFC2
00BE007C00A7FFDA
FFC4FFD4FFC0FFBB
0052FFCC01240008
FFD8FFFFFFBCFFD6
00550071001C0140
008F0080FFBCFFE5
FFBA007F00E6FFCE
00E3012E00ABFFC0
FFBB00B700520071
FFBFFFE900290043
00A6FFBFFFE8FFD6
FFD100B8FFFFFFD7
FFC6FFC8009FFFD9
00C2FFC5FFD100BB
006EFFDBFFF2005F
FFCF01A2FFC1002A
0085008AFFBBFFD4
FFC80009FFCF0026
FFF3FFC5FFBD002F
0067003AFFCF0087
00270047FFB80057
FFB8FFCB0006FFF0
FFDCFFC5FFF5FFEB
FFC7FFE1FFEC001C
FFC6002CFFE10059
0008FFBE0019FFC1
FFF1FFFC003300B8
FFDEFFB8000F01D2
00260057FFE8FFB8
0044FFEBFFED0011
006500BC00CBFFDE
FFDFFFFDFFB800EC
FFBCFFBBFFB9FFD8
FFC0025A017EFFDC
00050049FFC4FFBB
003DFFED004A00FA
FFBDFFBEFFC1FFE4
00520025FFC100F8
FFBB014F004401E3
0038FFBB0009FFD0
002500810020FFB9
FFE9FFFEFFD9FFDA
00190027FFBD004E
FFE2FFF8FFC10056
FFBEFFC50053025A
FFCA0034FFE10082
FFFAFFECFFCD0051
0065FFF9008A008F
FFDEFFFE00B6FFEE
FFBC010B000F00F6
FFC100350006FFFA
FFEFFFB800E30009
00390010FFB9009E
001F009FFFC1FFFD
005F001CFFCD00B5
FFF5FFEDFFE3FFBC
00A1FFDBFFEBFFBC
00BD000AFFC3FFDD
FFBF00150069FFC1
FFE700C1FFC6FFC2
FFBA006200C60025
FFBFFFF00005FFE7
FFCFFFB8004E0044
0013FFE1000FFFC0
00C300AE006DFFD9
FFBFFFE9FFBCFFBE
0080FFED00B7002A
FFE10002FFBBFFD3
FFF8008E0014010F
005F003EFFC1FFDB
FFB9005900C4FFC9
00DA01520097FFBA
FFF0005A00110057
FFBAFFBC009B000D
00D4FFC40005FFDE
FFD300CA0016FFCE
FFBBFFBD0085FFFC
00D5FFD7FFC900E2
00B5FFF0FFD30060
FFD2016BFFBF008B
00A700DDFFC6FFD2
FFD5FFE3FFBF0059
FFFCFFC4FFC90075
006D0062FFD20076
00470045FFB80085
FFBAFFC700020013
FFCFFFDB00080024
FFCFFFD8FFEF0012
FFC3001100490057
FFF8FFBC0007FFC4
FFECFFD5004D00A6
FFE6FFBD0028014D
0007FFF9FFE3FFB9
00540016FFCAFFFF
004C0084008AFFDA
FFE5FFF8FFC700DB
FFC4FFD2FFBBFFCD
FFB9026600DE0001
0004001AFFCDFFBC
0040FFEC00B60143
FFC7FFC4FFB9FFE9
004D003BFFB8010C
FFE900A6004E018A
0012FFBBFFD4FFCA
005800AE0002FFB9
FFEAFFDFFFC20014
FFE7005BFFC2FFF5
FFCFFFDAFFC3007C
FFB9FFC9008D01C5
FFF40053FFC000AC
0030FFD400080074
0023FFD0012400D9
000F003201060058
FFE800D5001E010A
FFBC002D003EFFC3
0006FFBE00D60013
006B0036FFB800C6
000800E8FFCBFFDD
0051001DFFD80057
FFF3FFFDFFC1FFBF
00D5FFF7FFCBFFBC
012B0020FFDAFFD9
FFBDFFF800CEFFE7
000D00B50000FFCF
FFB80106005BFFDE
FFB8FFD3FFEEFFD9
FFCCFFBD00B60027
FFC9FFFE0015FFBA
00BA00750066FFE9
FFBDFFF3FFDCFFCA
006F001D004C0029
000D0016FFBCFFBD
FFD20075002900EA
002F0022FFD20000
FFB9004C00CDFFCC
00AE00E9007DFFBA
0034005100010063
FFB9FFB800A7000C
00DEFFC1FFF5FFFC
FFCD00990008FFC5
FFBBFFC2006A0005
00F0FFE4FFC200F2
00C3FFEFFFCA004E
FFDC014EFFCA00B7
008400FEFFCAFFBE
FFD9FFF5FFB90067
FFFBFFCCFFCD009C
006C0055FFD5004B
0036002CFFBE007F
FFBCFFD000340025
FFEBFFE700160048
FFD1FFE400050007
FFBDFFF2007F0029
FFE1FFBD0025FFC8
FFD3FFD2004100ED
FFE1FFBA003C0135
001BFFD4FFD9FFB8
004BFFDEFFBDFFE2
003100350064FFC6
0012FFF0FFD000E6
FFCDFFEDFFCDFFD3
FFBF02310068002E
FFED0012FFDCFFBF
0035FFDF00E6012F
FFE1FFD2FFBA0019
000EFFFDFFBC00AE
0010005D0045013E
001DFFBCFFC2FFD0
002C00A80000FFC3
FFE5FFE7FFC8004F
FFD2008CFFBEFFEB
FFDAFFD3FFC30063
FFB8FFCF0082018D
0016005EFFCA00B0
001FFFD0000F0065
FFF7FFD7017700E6
0075000D0100009F
FFED00DA002000F6
FFB8003E0044FFBB
001CFFBF00E6001F
006C002CFFB900F2
001400F1FFD9FFDD
003000310004005C
00060042FFBBFFBE
00F8FFF3FFDAFFB9
01760006FFE1FFD1
FFBFFFFB00E4FFEA
000E00870015FFD3
FFC10144006DFFCE
FFBAFFCAFFFEFFDB
FFD7FFC000E6003A
FFC40019FFE8FFBA
009700650085FFD1
FFC2000CFFEDFFD6
0090003F001A003D
005C0001FFBDFFB9
FFC80041000700AB
0016FFF3FFDE0025
FFB900100084FFDA
0064007C0069FFBC
00B80062FFD80090
FFC8FFBA00C00015
00F2FFBFFFE1001D
FFBF008F0001FFBE
FFBCFFC1004F0005
0119FFF3FFBE00C6
00E2FFFCFFD00070
FFD4010EFFD700B6
004900D7FFCAFFBB
FFF8FFCAFFB8009E
0005FFE5FFE80108
00590035FFE30008
00000054FFC2004A
FFB9FFC9FFFA0032
FFF10000FFFE00CF
FFDC0009FFEF0001
FFBB000000EF000A
FFD7FFB90025FFCB
FFDEFFCE003200A3
FFE8FFB9005300C8
002AFFCCFFC9FFB8
0083FFD3FFB9FFD4
000AFFF6003DFFC0
0073FFF4FFEE00CF
FFC50014FFE0FFC1
FFC701C40016001D
FFCF0030FFF8FFC5
0003FFCF00C1010A
FFD50005FFBD0032
000CFFEEFFD800AB
001F000F002300AC
0018FFBAFFB8FFC3
003400D5001CFFD6
FFEAFFCEFFC70072
FFCC008CFFBEFFD0
FFCBFFC9FFBD0072
FFB9FFC7008500D3
00280087FFBD00B6
0043FFC000670077
FFDDFFBF01B400C6
00CBFFFB014D0106
0033008E004100F8
FFBA0028009AFFBD
003DFFBE00C6004B
0073002CFFC00145
001900C80008FFD4
000C00120018000A
000D004CFFB8FFBF
011BFFEDFFC1FFBA
01B90013FFFAFFC4
FFC5000A0107FFED
00360063001EFFE8
FFD7017C0019FFDC
FFBAFFC5FFECFFE5
FFE8FFCE016CFFFC
FFC10019FFDAFFB8
0059005D006DFFC9
FFD70034FFF8FFED
00A5008DFFE5005B
00C2001BFFBBFFBA
FFC30014003A0077
FFFFFFE1FFEB001C
FFB9FFF7003DFFDB
001900440047FFB9
00F60061FFD0008C
0000FFBB00BC0017
0108FFBAFFDD0023
FFBA00290003FFB8
FFBEFFBF003D0019
01050026FFC200A8
01360008FFC600A7
FFE700D4FFC5006F
006A00FEFFCEFFB9
FFFAFFDDFFB900A3
000E0010FFD7013E
0032001FFFE5FFF0
FFF90049FFDF0019
FFB8FFD2002C0056
00020024000C00E6
FFE4000FFFF4FFF8
FFB9FFF90119FFDF
FFCBFFB90043FFD6
FFE3FFD10005009E
0003FFB9006D007B
0036FFBCFFC7FFB8
0068FFCFFFB8FFCA
002AFFD90017FFBE
008A0006000C0083
FFBD0046FFFCFFC8
FFCA011EFFD70042
FFD2003D001CFFCE
FFEFFFC800E400FF
000B001CFFC10054
0003FFE500000069
003800040018006D
001DFFB9FFB9FFCF
005901150012FFE2
FFE1FFDFFFC900AF
FFC100D5FFBBFFC1
FFC2FFDCFFBC0053
FFBCFFCA00800065
00530062FFBF0090
003AFFBA00F0009B
FFDCFFB901B20083
0157FFFF01250178
0042007C0067007B
FFBC002F008FFFC0
0037FFBF00970069
008D003CFFD50144
003400BA0013FFCD
FFF3001F001E000F
00290056FFB9FFC2
0156FFF6FFC1FFB8
019800230025FFC1
FFC2000000CAFFDE
004E0069004EFFEB
0016012BFFF8FFE7
FFBCFFC2FFDCFFDC
FFE7FFDE01D0FFF7
FFC40047FFC9FFBF
0044002F004BFFBF
FFE7004EFFF60022
00A3008CFFD90077
0143002CFFB9FFBC
FFC1FFFA002F006D
FFCFFFE2FFEE0099
FFBBFFDA0028FFE1
FFD2FFD10054FFB9
00FD0053FFCA00AC
002CFFBB004A0020
00ECFFB8FFBD006F
FFB8FFDBFFF0FFBB
FFCAFFC800420009
01350046FFBD0032
01210008FFC4006D
FFE90091FFD10036
0017008DFFCCFFBD
0010FFE3FFBC0084
FFFD0062FFE40165
00060020FFFEFFC4
FFE300610010FFE1
FFBDFFFD00210054
0001004E003B00E4
FFEF0019FFFFFFDD
FFBAFFDE0146FFCC
FFCDFFBB0053FFDE
FFCCFFC7FFDC0075
0027FFDD006B008A
0034FFBDFFCDFFC2
001AFFBAFFBAFFC0
0000FFD00008FFBE
00EDFFF8002E0012
FFB9004E0030FFD7
FFCA0065FFB8004E
FFC300350085FFCF
FFD7FFC400B60069
00A40014FFC80095
FFD8FFEE00430025
003AFFDA00050011
0018FFB8FFB9FFCD
FFF501140014FFF7
FFE70002FFD600F5
FFC00098FFB9FFBF
FFBDFFD7FFB8002A
FFC5FFC600C80023
007A005CFFBF0070
000AFFB8011E0090
FFDDFFB901720095
0200000400E701B1
007A000D00A50020
FFC2003F00D3FFCC
0023FFBD004A0083
007CFFF8000D016A
007700D70025FFBC
FFDAFFF5007E000A
00260066FFB9FFC7
01490017FFCAFFB8
01B1000D0034FFBC
FFBBFFFC00B5FFDC
001B0019007AFFFB
00A200E9FFEEFFFE
FFEBFFC9FFCEFFF0
FFFEFFEC0237FFC8
FFD10055FFB8FFCD
002E001F0081FFB9
000F005AFFFB0054
00AB006DFFC200C0
01C40021FFB8FFBD
FFC4FFE00063FFFD
FFD5FFD4000E0093
FFC9FFC5FFEBFFE4
FFBEFFBA0036FFBE
00D20057FFCA00E8
00F0FFBA00290032
00CEFFBEFFBA007F
FFB8FFC4FFF2FFB8
0000FFC800300012
00F30057FFCFFFD2
011D0014FFC00067
FFFD004FFFE1FFEE
001900A8FFC2FFBA
002CFFF3FFBC005D
FFFE00D9FFE80160
FFF3000D0005FFBA
FFCB008A0063FFD7
FFD9002D001F002E
00290074004100D9
0016004EFFEEFFD8
FFBAFFFE011BFFBB
FFC7FFB9004BFFF5
FFE4FFD1FFD00044
0026FFFB00670021
005BFFC0FFCFFFBE
003FFFB9FFBFFFBC
FFECFFC1FFE7FFBF
012C001B002BFFE7
FFC200700024FFF4
FFCAFFEFFFBA0033
FFCB004B00B1FFE1
FFC6FFC6005E0017
00CC0045FFC000EF
FFDBFFD70032FFF5
FFEFFFF7FFDDFFE9
0032FFB8FFB8FFE7
00010136002C000C
FFE80007FFFE00E3
FFC200CBFFB8FFB9
FFBEFFDBFFCCFFF7
FFFEFFBB0074FFD0
00490023FFC70032
FFEDFFB8016A007F
FFDFFFB9011F001F
02310006009B01AE
005A000E00DEFFE7
FFEB00420082FFC8
001BFFB80017007F
004BFFEA00550130
00DD0086003AFFBB
FFC5FFD600570016
00270063FFBAFFD3
00F50025FFDDFFB9
016C000C0061FFB8
FFB8FFF50095FFCB
001A001C0070FFE3
0107005DFFC60053
0019FFC6FFCB0029
001E00140240FFBF
0007003DFFB8FFE2
FFFA002D0072FFB9
00310081FFE10093
0063006EFFC300A4
02390022FFB9FFC9
FFDCFFC8007DFFDC
FFCCFFDC000E0091
FFC7FFC3FFE6FFF7
FFB9FFBB0016FFC6
00A4004FFFC900DF
011FFFB9FFEB006F
00B4FFC7FFB800BF
FFB8FFBCFFEAFFBA
002AFFD400290003
00E40049FFDBFFBC
00F8000FFFBE004C
0016001AFFF1FFDE
0002007AFFBDFFB9
0029FFFFFFBE0049
FFF50146FFF00148
FFF0FFDF000EFFB8
FFCA00AB00C7FFCC
001B003E00210059
002E007C003800B4
0030003EFFE6FFC9
FFBBFFEB00DAFFC2
FFC6FFBB0055FFF9
FFDCFFCDFFC7000D
0049003C0034000A
006EFFCBFFC1FFD0
0034FFB8FFBFFFBA
FFE2FFBAFFEDFFC8
013700020036FFD2
FFD0005100680016
FFBCFFBEFFBD0011
FFC9005000BCFFF0
FFC2FFCE0047FFE5
00D4005AFFC4010E
FFD4FFDA0060FFDF
FFEBFFDBFFCBFFDE
0052FFC4FFB8FFF1
FFD9010B002A0003
FFF70009001400DA
FFBE0082FFB9FFBC
FFBDFFDFFFF0FFE7
0022FFB80049FFBE
004F0019FFC60002
FFE7FFB901520062
FFD7FFB800BC001C
0256000200650166
0061FFEA00D3FFD0
001600530095FFC3
0007FFB8FFEA007C
0030FFE500BF0124
00CC00620030FFBB
FFBEFFCC00860019
002F0083FFBCFFE1
00E20011FFF6FFB9
00D100220075FFB8
FFBAFFF50050FFCF
0006FFFD006FFFED
0192FFFCFFC70032
006CFFCBFFC00027
00360026021BFFB8
002A0055FFB9FFF9
FFF20010006FFFB9
005400A1FFE3009F
0059004BFFBB00E6
02640036FFBFFFCD
FFF1FFC2007AFFC9
FFBDFFEA00050087
FFC5FFBDFFFFFFFD
FFB8FFC30028FFE0
0066002EFFEA00D2
0124FFB8FFE10057
00B1FFD7FFB900AE
FFB9FFBFFFFFFFBA
003FFFED00540004
00BD0083FFDCFFB8
011F002DFFBE002C
0017FFEEFFF8FFD7
00120069FFBFFFB8
0049001FFFBA0031
FFF101B8FFDD0115
FFF1FFD4FFFBFFB9
FFCD00A000D3FFC1
002C004900070044
002A002700300094
0027006FFFC4FFC2
FFB8FFDD00DEFFBF
FFC1FFBDFFFD0008
FFF0FFE2FFC80038
0034001A003A000F
004BFFD7FFD0FFEB
0018FFBAFFBCFFBD
FFD7FFBCFFC7FFC6
00F800270013FFBE
FFD5005C00230025
FFB9FFB9FFC10001
FFDD0046009EFFED
FFC4FFD2001DFFDD
00F50041FFBB013F
FFD0FFF00042FFD7
FFDC001DFFCBFFD7
004EFFDDFFB9FFEF
FFDA010A0025002E
FFF00017005100BA
FFC2005AFFC6FFB9
FFC2FFE5FFF4FFD3
004CFFB90076FFC1
0039FFFBFFC9FFF4
FFDEFFBB018F004A
FFDEFFBA007F004E
026A000500290148
007FFFDC00B8FFBE
004600610067FFC1
FFE3FFB8FFC7004B
0005FFC600C20121
00F700890017FFBD
FFBEFFD900580015
0015006FFFBEFFEB
00F200330005FFB8
00B1003E0090FFB9
FFBE00210023FFCE
FFF4FFF0004BFFF0
022BFFCAFFC90048
00CDFFCFFFC60043
000E004D024CFFB9
0028004AFFB9FFEF
FFFF002E0054FFB8
002E00B2FFC700CF
0075002BFFBD00D0
02660023FFBFFFCE
0012FFCD00C0FFBD
FFBBFFF9FFE1005C
FFCEFFBDFFD4FFF5
FFB9FFC30047FFDC
0049001EFFF800DB
0167FFC0FFC6007E
0098FFF3FFB800DE
FFB8FFB90006FFBF
0094FFE500510005
00A50074FFE0FFBC
00ED000CFFBA004F
0018FFE1001EFFBB
00070083FFB9FFB8
00440009FFB80013
000501BFFFDD00DD
FFE6FFD3FFEEFFB9
FFD100CE00ACFFBA
00AE0097FFE80035
0017001D004D0060
00170061FFCCFFC1
FFB8000900A9FFCA
FFD2FFBEFFD90036
000DFFE8FFC10018
0038005E001AFFF6
006FFFE0FFD40005
0033FFBAFFBAFFC2
FFD7FFC4FFD3FFD4
0119004B000FFFB9
00090038FFF70051
FFB8FFBAFFC0FFD9
FFDA0044009CFFFB
FFC2FFD9FFF8FFC8
0129001DFFBA0164
FFD9FFFF001AFFD6
FFC60029FFC4FFE4
005AFFE5FFB9FFFB
FFD50129000E001F
FFF30041006900B8
FFCB0034FFC2FFB9
FFBEFFE5002EFFC5
0075FFBD003AFFBF
001BFFE9FFC4FFD6
FFDEFFBC01430021
FFF4FFB9002D0020
0271001A000C0111
0064FFD700F9FFB8
00B5006E0045FFBA
FFECFFBDFFBE004D
0000FFBB012E00D8
0123004DFFFFFFBB
FFBBFFC5007D003A
FFFF003FFFBDFFF2
00A3004B002CFFBA
007E005B006AFFBB
FFC8FFF6FFF1FFCD
FFFBFFEE003AFFDF
0241FFBCFFBE0071
0109FFCCFFC60056
FFF900500239FFBA
007A004CFFBAFFD4
FFEE002A007BFFBA
00590083FFC200C1
0039FFFEFFC400AF
025E002CFFBBFFE5
003DFFC200A5FFBB
FFBD0013FFD7001F
FFCBFFC8FFCC0002
FFBEFFC50065FFDA
00230044FFF500C9
013AFFD7FFB9007B
008FFFF8FFB9011B
FFB9FFBEFFFDFFC5
00D8FFEE007BFFDB
00AD0065FFE2FFBB
00D7FFE6FFBB0050
0016FFCE0038FFBA
0000007CFFB8FFBC
004D0027FFB8FFF9
FFE301B0FFCF00B3
FFFEFFC3FFFAFFB8
FFD500C000DAFFB8
00D800A7FFD8002C
0029FFF10032003F
00220071FFC9FFBA
FFBB001D0082FFFE
FFCBFFC2FFBB0037
000C0008FFCA0053
00130054FFF2FFE1
00850015FFDB0041
0029FFC3FFBAFFC7
FFD4FFC5FFD2FFD0
010A0059FFF3FFBC
001DFFFEFFCF0072
FFD1FFC0FFBAFFC2
FFE7003600570022
FFC8FFE4FFDDFFBE
01100020FFB8018B
00000000FFEFFFC8
FFBD0025FFBC0000
008A0020FFBB0008
FFCA013EFFF0001C
FFF6000D00A50095
FFC50021FFCDFFBB
FFB9FFD70040FFBE
0094FFBC0010FFCD
0024FFE5FFCCFFD4
FFE3FFB900E10017
FFDDFFB800020002
024B0021000100C1
0069FFC900B7FFBA
00E50051FFF7FFB8
FFE3FFBBFFB80029
FFE7FFBA014B00C7
00EE003DFFD8FFC9
FFBCFFC700930060
FFE20047FFBF0005
007F00160061FFB8
002700A70046FFC1
FFCA0007FFC8FFD6
FFFFFFF40000FFEF
02A5FFB9FFC200AD
010FFFC8FFCA0041
FFF300200203FFBC
0075004AFFC0FFBF
FFEF001C0086FFBC
008C0087FFBB0088
004BFFECFFCB00C9
02510046FFB8FFD6
0091FFCA0096FFC1
FFBC001CFFCB0037
FFBDFFC4FFCE0020
FFB8FFC60078FFD8
FFD7002F001800AD
00F8FFF5FFB800B6
009EFFFCFFBD0101
FFB8FFBFFFF8FFBF
0125FFEF00AAFFD8
00870051FFD1FFC0
00A6FFD3FFBB0053
FFFFFFE7003EFFBA
FFDF0077FFB9FFB9
00340030FFB8FFE4
FFE90194FFC20092
FFF4FFBFFFE5FFB9
FFDB00D0006EFFB8
00D00096FFC60004
000DFFD500290014
001E0080FFBDFFBA
FFB8001E0040FFFE
FFD6FFC5FFBD0012
003FFFF4FFCC004A
00230046FFEA001D
00A60058FFE40057
001CFFBFFFB8FFC0
FFE9FFDAFFEBFFE8
00E50087FFDCFFC0
0025FFDFFFBE0096
FFDFFFBBFFBAFFBD
FFE4005E00540014
FFC2FFEEFFCAFFBC
00F6FFFDFFBC01A6
FFE60014FFC9FFC5
FFB90084FFBA0020
00770005FFC8000A
FFBF013400030007
000A002900E10063
FFD0FFF8FFC9FFCB
FFB9FFDC0036FFC2
0081FFBD000DFFE3
0014FFFEFFCAFFCD
FFDEFFB900B40024
0013FFB8FFF4001A
01D9003BFFFA007B
003BFFDA00B7FFB9
0113006FFFECFFC0
FFEAFFBDFFB80005
FFE2FFB9012E00E4
00F90058FFCFFFC4
FFC0FFC300650078
FFD20013FFC1FFEA
0043002B0089FFBA
002200BA003BFFC1
FFC1FFFFFFC2FFCF
FFE1FFF1FFE7FFD9
0264FFBDFFC400C8
0145FFD4FFC30062
FFF6002C01E8FFBB
00970026FFBDFFBE
FFE0004600C0FFBB
006F0064FFBB008B
000EFFE2FFE600BE
025C0035FFB8FFF1
00C3FFCA00D6FFBD
FFC4002CFFC5FFF1
FFBCFFD3FFC90022
FFC0FFC7009FFFD7
FFBD002B007C007D
00DE0034FFB900D3
00A70019FFBD00F1
FFB9FFC60007FFC7
013CFFF30086FFC8
0069004EFFD9FFC3
00A4FFC9FFBC006A
000BFFDA0030FFB8
FFD90091FFC4FFBC
00250035FFBAFFF1
FFD4014CFFBC0036
FFF0FFBEFFF6FFB8
FFE700C70051FFB8
012100B7FFC9FFEF
0009FFC60016FFE7
0019007AFFBBFFBA
FFB8003D0004004C
FFE1FFD3FFB80014
004C0027FFD8002A
001B001BFFD40028
00AE006DFFE70086
002FFFBCFFBAFFD6
FFF30004FFE8FFED
00A30091FFCEFFC1
0030FFC6FFB9009C
0032FFBCFFBDFFB8
0014004F002C0025
FFC7FFEFFFBBFFB9
00B8FFF4FFC1019A
FFF20028FFB8FFD1
FFB800D9FFB80061
00920027FFDE0021
FFC2012AFFFAFFE6
002F001900FB003D
FFF2FFE7FFDAFFCA
FFBBFFD90027FFBA
0054FFC0FFFCFFFD
0005FFEEFFC5FFD3
FFDFFFB90079FFFE
0024FFB8FFD40006
01990056FFD6FFFC
002EFFD20073FFB9
01700071FFD3FFED
FFDBFFC7FFB9FFE4
FFC2FFB9014B00A2
00B6002EFFBEFFDC
FFC1FFBB0054009C
FFCCFFFFFFBFFFEF
001D001800D1FFBC
FFEC011C000BFFBE
FFC7000AFFB9FFD9
FFEB000EFFC9FFD0
0249FFD1FFD600A8
012FFFD6FFC90030
FFDF000A0175FFB9
00CD002CFFCDFFB8
FFEE005700BBFFB8
006D003FFFB9005B
0001FFC5FFFD0081
0211004AFFB80004
0124FFC60085FFC4
FFD70041FFBDFFE0
FFBDFFD0FFD30025
FFD0FFC300CDFFD2
FFB90026009D0071
0087003FFFB800D0
008E0007FFBD00EC
FFBAFFC7000AFFCB
0161FFE900A6FFC5
00850071FFDBFFC0
008AFFC5FFBD0071
0004FFD90043FFB9
FFD30095FFC5FFBD
000F0051FFBAFFE2
FFD70140FFBB0016
FFF5FFC3FFE1FFB9
FFE100C3002CFFB9
00F200D1FFCDFFEC
0014FFBF000CFFDA
002700B4FFBCFFB9
FFBA0055FFFC0054
FFE1FFCBFFB80023
0058002BFFE60052
00240019FFD3004A
00A0007C000700A9
0014FFC0FFBAFFD6
FFF4001FFFF0FFFA
00780090FFC9FFD6
0034FFBEFFBA00CD
0045FFB8FFCBFFB9
002100300011000F
FFC8FFF9FFBAFFBC
008EFFE5FFC201E5
0014000CFFBBFFD4
FFBD0100FFB8007C
009E0023FFF40014
FFC0013DFFEAFFE7
002200220102000E
0006FFDAFFCFFFD7
FFB9FFD70016FFBA
003FFFBD0004000F
0004FFE2FFD0FFD1
FFDFFFBD00430002
0041FFBCFFCBFFFB
01420057FFD4FFE6
0013FFE6006FFFB9
017E006FFFC50008
FFE4FFCDFFB8FFDB
FFC4FFB901350096
00A90036FFBBFFDD
FFCBFFBC004D00BD
FFC7FFF5FFC0FFF2
0002001A00FFFFB9
FFEE0128FFFBFFC0
FFBDFFF5FFB9FFDA
FFE80022FFBFFFCC
01FBFFD1FFD300CB
014CFFE1FFC5004E
FFE0FFFA013EFFBA
00DF0029FFD1FFBA
FFFE006C00DFFFB9
00570041FFB90069
FFFAFFC700240061
0210004BFFB9001B
013DFFCF007EFFCB
FFDC002FFFB8FFCB
FFB8FFF2FFD30050
FFD1FFBC00BDFFC8
FFB9003F00B9006F
00120061FFB90119
0078FFF0FFBE00B0
FFBBFFD8FFFAFFD5
0171FFE600BFFFC1
00410037FFDBFFBE
0065FFBDFFC30087
FFF6000A0034FFB9
FFCD0098FFCCFFBF
FFFD0035FFBBFFEA
FFCB00FAFFB90028
0014FFC3FFD9FFBE
FFF900C2FFF8FFBA
01030093FFC2FFF6
FFF4FFBCFFEAFFDF
FFFE0071FFBCFFB8
FFBA006FFFDA0094
FFF7FFE2FFBB0025
0058002AFFEA003D
001FFFF8FFC50076
009E00BD00070095
0015FFB9FFBEFFD6
000400570007001C
004400A7FFC7FFF2
0019FFB8FFBE00E0
005AFFBBFFDBFFB9
002A004500030009
FFCFFFF8FFBAFFB9
003AFFCBFFCA0187
001C003AFFBDFFDD
FFBE0179FFB800E7
00B1001D000EFFF4
FFBB011EFFE4FFC6
00460013013DFFEC
001BFFDAFFE20000
FFB9FFCEFFF6FFC2
001FFFBA000C0051
FFF60013FFC6FFCF
FFDDFFC100090007
0060FFC2FFCA0004
00CF006EFFCCFFC0
FFFBFFE50046FFBD
01690082FFC10051
FFECFFC3FFB8FFCE
FFC3FFB900F000BE
00680020FFBAFFE8
FFD7FFBE004200CD
FFBCFFDCFFBEFFE9
FFFB000E0130FFC2
FFDC0145FFEDFFBE
FFBAFFF0FFBAFFC8
FFE1003FFFBAFFC0
0149FFD6FFE100AC
01350003FFC70027
FFDEFFDE00CDFFB8
00DB0026FFD2FFBE
000E009700FFFFB9
001F0011FFB80025
FFDDFFC20038005E
01A20046FFBB0032
015EFFD0006AFFEA
00070050FFB8FFC8
FFBA0004FFEE005F
0026FFBA00DFFFBE
FFC0006100FD002E
FFDF0083FFB80148
00A1FFD7FFBD00BC
FFC1FFE9FFE0FFDA
01AEFFD700B6FFC4
00660009FFD6FFBE
006BFFBDFFDB0087
FFE50033001BFFC0
FFBF0055FFC5FFC5
FFE30034FFB8FFF1
FFC90090FFBA0009
0023FFC3FFD9FFC6
FFEF00D2FFC9FFBB
00A7006AFFBAFFF3
FFF9FFBAFFD9FFCD
00060094FFC6FFB9
FFBC0087FFCB009E
FFF6FFCBFFBBFFEF
00330030FFE60023
001EFFFFFFBC00E1
009B00DE0029007D
001DFFB9FFCDFFDE
000300460041002E
00150072FFBF0035
FFECFFB8FFC100CF
00A1FFF80039FFBA
FFF40050FFD4FFFE
FFC70006FFB8FFC0
FFD1FFC6FFCA0184
00560024FFC10001
FFC1018BFFB8014D
00B100140039FFD3
FFB900B2FFEDFFB8
003DFFFC00FCFFE2
005CFFC3FFDF001A
FFB8FFC2FFCAFFCF
0016FFC2000B00A4
00040011FFD3FFD0
FFEFFFCAFFD6000E
0078FFD9FFDD001D
00720059FFE7FFB8
FFE2FFF90014FFD4
015200ACFFC3006E
FFF7FFC5FFB8FFCF
FFC6FFBA00D500CC
0037000FFFB8FFE9
0006FFBA002A00C6
FFBBFFCAFFBAFFEB
FFE0000D0110FFCC
FFF1015DFFE1FFB9
FFBAFFE8FFB8FFD6
FFE8001AFFB8FFBF
00C3FFD100160071
01150001FFCA0025
FFE7FFCF0073FFB9
00F9001DFFE9FFBD
002A00A300C5FFBD
000CFFF7FFC0FFF4
FFDDFFBF00410076
01390059FFBD0030
016BFFD30090FFFB
00180026FFBCFFBD
FFBA001AFFED0053
004DFFC000C1FFB9
FFBD001D01080002
FFC2008AFFB900E6
007AFFCDFFB900A7
FFCC0006FFF5FFED
0178FFCE00C5FFC1
0089003CFFD6FFB8
004EFFBBFFE70057
FFCF004E0038FFCE
FFC10066FFC7FFCE
FFE1001FFFBBFFED
FFCE0035FFB90001
0042FFBFFFDBFFDD
001100ACFFBCFFC3
005E003DFFBEFFF5
FFD8FFB8FFD7FFC7
FFEA0085FFBFFFB8
FFBF00B7FFCF00F1
FFFEFFD7FFB9FFEF
0062001C0014004F
0012FFCFFFBC00B7
00710091006100B6
000CFFB8FFDDFFE7
0017009000480085
0000007AFFC70069
FFE7FFB8FFC600B2
006D001C006DFFBA
00060022FFCA0007
FFD9001AFFBBFFCC
FFBEFFC3FFC9014D
0079002AFFC2001C
FFC0015CFFBA012C
0099001E0041FFD5
FFBE00D0FFD9FFB8
0019FFE900D1FFDB
0069FFBDFFF30038
FFBAFFBFFFC4FFD2
FFF1FFBC000100ED
00380039FFCCFFDA
0036FFD7FFD50032
005EFFE2FFDB003A
00020071FFFCFFBA
FFF7001DFFF8FFF0
011E0097FFBD009E
0034FFC8FFB8FFC7
FFC6FFBE006500C3
FFF8000BFFB8FFED
0065FFBA001600E3
FFBAFFC4FFBEFFEC
FFC7000E00FDFFCB
FFE70177FFD3FFB9
FFBEFFD0FFB8FFE4
00210048FFB9FFBC
0063FFC300000069
00B1FFFEFFCC0043
FFD9FFD30061FFBB
00A0003DFFF0FFC8
002C00870117FFBE
FFF8FFE5FFD7FFDD
FFBFFFC800950051
01090076FFC00053
0133FFDA006B0044
00640015FFBBFFBC
FFB9005100010046
00E1FFE000A1FFC0
FFBA002100C80010
FFB900B1FFC500A3
0086FFC2FFB8009E
FFCB0075FFF4FFED
013FFFC300CCFFC1
0095002FFFD3FFC2
002AFFB900040049
FFC80064006CFFE4
FFBF0053FFC5FFCC
FFE70019FFC1FFF7
FFDDFFEBFFBAFFE8
006EFFBFFFDEFFED
000A00A7FFB8FFD4
001A0006FFB80009
FFC9FFB9FFC7FFCD
FFD300C8FFBBFFB8
FFBC00BDFFEB0125
FFE1FFD8FFB9FFD8
003400320034006F
FFF8FFC6FFBC009E
007A0050005A00CE
001FFFB8FFFFFFDF
0034008F003F005E
FFEE002FFFBE0115
FFDFFFBAFFCA006B
008C007F00E6FFBE
0000003EFFBCFFFB
FFD8FFF7FFBCFFE8
FFB8FFC1FFC100FB
00BD000EFFBF0058
FFB800F6FFC90181
008200180029FFC7
FFC400A7FFD4FFBA
0014FFCD0098FFD7
00AAFFB8000E007E
FFBBFFBAFFC0FFF5
FFCBFFBCFFDA0107
003F0091FFE9FFEB
0064FFC5FFC10045
002A001AFFFD006A
FFE8006D004CFFBD
00200029FFD30022
00E40060FFD20073
006DFFC1FFB9FFCB
FFDAFFC3006C010A
FFCF001CFFBAFFF6
00A3FFBF001C00D1
FFBBFFC0FFBFFFEF
FFC8000300D4FFBF
FFFA017DFFDAFFB9
FFC5FFCDFFC40005
00180022FFB8FFC2
006DFFB9001F003B
006BFFF6FFCE0077
FFD0FFC50022FFBE
002600290020FFCD
002D00B3013FFFBC
FFEAFFDCFFFAFFC9
FFC7FFCC00650049
00A1007DFFC1FFF0
00DFFFE8006F0061
008E0005FFBDFFBB
FFBA008300160048
0165004A00A8FFB9
FFB8001800D9FFDA
FFB80090FFD10071
0083FFBEFFBC0074
FFC700B0FFEFFFE8
00BCFFDB00BDFFCA
00A30060FFC90002
0055FFB800360022
FFBD00BE00510008
FFBB003AFFC5FFC4
FFF5FFFDFFD1FFF8
FFE1FFC5FFC1FFDB
0086FFD2FFDB0027
00200056FFBFFFE9
FFD1FFEDFFB9FFD5
FFBEFFBAFFCCFFDA
FFC30082FFCFFFB8
FFBF00F6FFDF017C
FFFDFFDCFFB9FFC7
0025002D00550063
FFEEFFBDFFBD00BD
0042002E00990094
004BFFB9000A0005
0032006D006C0080
FFDF0013FFC00140
FFC2FFBEFFC50048
007400D6011EFFCE
FFFA003AFFBC001C
FFE8FFCBFFD20001
FFBDFFCBFFC6007B
00AA0013FFBB006A
FFBD00B2FFDE013D
005A000E0035FFC2
FFC9006CFFD8FFB9
000AFFC50060FFE2
009FFFBE00180071
FFC0FFB8FFB9FFD2
FFBCFFBFFFD0017B
007C00D6FFCEFFFF
0057FFDCFFBD0031
00110048002C006B
FFBD00400091FFC4
000D004AFFC50078
0062007AFFCB0097
0095FFD1FFBDFFC1
FFC9FFD5FFF100D5
FFB90013FFBA000F
0117FFC8001C0077
FFBDFFB9FFB9FFDB
FFBAFFEF0077FFCB
0017016DFFCAFFBB
FFCBFFD1FFCA0019
004B0029FFBAFFCB
000FFFCB0065000A
00100004FFD30013
FFDAFFCE0010FFCD
FFFE0051003DFFD9
005400960120FFBF
FFEBFFD5003CFFBA
FFBEFFD200570045
003E00A3FFBAFFFE
006C0005005B00ED
00620013FFBCFFB9
FFB900A5000D001F
01A900C000B1FFB8
FFCF000500BFFFC9
FFBC0066FFEE0023
00A8FFB9FFDD005A
FFE900BCFFFBFFDE
005DFFD600B1FFE6
00B0005EFFD60056
0048FFBE00690027
FFC000CE00370019
FFCA0059FFB8FFC6
FFF7FFF8FFDB0009
0009FFBAFFCAFFD9
006AFFE5FFEB0070
003F001EFFBE0031
FFBCFFF9FFC6FFE0
FFBAFFB9FFD6FFE9
FFC200A6FFEFFFBD
FFBD00B900290149
FFF8FFD9FFBDFFC7
000B00060051009E
FFF0FFB9FFD800BE
000AFFF5009D006F
0051FFB90008FFFC
002D00A1005E0056
FFD4FFFCFFC80170
FFB9FFCFFFBC0010
0020015E01120012
00070010FFBA0004
0005FFD9FFF8005A
FFB8FFBCFFBD00A0
00950006FFB90064
FFCC005C0002016D
0030FFE70037FFC4
FFF60075FFE8FFB8
000CFFC8003DFFFF
00B7FFB9FFF50061
FFC8FFB9FFBBFFE1
FFB8FFBAFFCF019F
007100ABFFCB005C
0094FFCCFFC10047
FFF20058008E0081
FFBC003A0099000B
0044005BFFC60073
00060071FFDF0026
00D2FFCAFFE3FFC1
FFE2FFE5FFCC00E5
FFBA0047FFB80003
0148FFD7000C00A8
FFBCFFC3FFBBFFD1
FFBBFFFB002EFFC1
00270141FFD2FFBD
FFC8FFC0FFFB006D
00470027FFC0FFCE
FFEF00230087FFF5
FFDFFFFBFFD7FFFC
FFD5FFCD001EFFE7
FFCA004E0079FFD5
003A00720120FFBD
FFE2FFD20059FFB8
FFD2FFE200630027
003E0080FFBBFFD0
001800100063015E
0081FFEEFFB9FFC3
FFC1007DFFF70006
0200012300A9FFBA
001900000052FFC1
FFBA003D005EFFEB
008BFFB90025005A
FFE100EAFFF7FFC7
FFFEFFDD0061FFED
00D900AAFFC000F6
0032FFCB009C0046
FFBA00E6003F005E
FFC10057FFB9FFC0
FFF8FFEBFFD70030
002EFFB8FFC9FFF2
008E0002FFED0076
0031FFF5FFBC00AC
FFBDFFE2FFDCFFDC
FFC3FFC2FFD50025
FFCD00C9FFFAFFCB
FFC600AE00A200BE
FFECFFD0FFB8FFCB
FFE90013007C00D6
0004FFB90006009F
0001FFC400900053
004BFFBBFFECFFEB
00340082004A0009
FFE3FFDEFFD50216
FFB80008FFB9FFEB
FFE301DB01250070
FFD1FFF7FFBDFFFB
0000FFD300510095
FFBAFFCFFFB800A8
0081FFE9FFBD006E
0006FFF8003C00DE
0001FFCC0027FFC0
00100065FFE3FFC3
0004FFB9FFE8002E
008DFFD0FFFD0039
FFD9FFB8FFC0FFE3
FFBFFFBAFFD70122
00C800DFFFC800C8
00BEFFDCFFCC0046
FFE2006B01180078
FFC3000300F3004C
00440047FFCE00E2
FFC5004BFFE2FFF4
0125FFCC003DFFC9
00120012FFC700CB
FFB80038FFBB0008
0149FFF50022005E
FFB8FFCEFFBCFFD0
FFC7FFF2FFDFFFC1
009E00C5FFCFFFCB
FFCEFFC8002D00B4
0059000EFFC5FFD8
FFCC00F4007AFFD3
FFBBFFF3FFE3FFF3
FFEDFFCB000B0000
FFBB005F0072FFD0
003A00540093FFC8
FFFAFFDB00D0FFBB
FFE3000200220021
005E005AFFB8FFBE
FFCEFFFD0043016B
0075FFE6FFBBFFBF
FFD800A2FFF8FFF7
0209015200B8FFB8
0090FFF60043FFC8
FFB9001000F7FFD4
0098FFB80061005C
FFED01190000FFCD
FFD5FFCF0075FFE8
00F200DAFFC00159
006BFFEA0042003E
FFB900BE00000063
FFCD0070FFBCFFC9
000AFFEEFFCE006E
0035FFB9FFD70000
008900410003007F
001FFFF1FFBA0102
FFC3FFE4FFFE0003
FFCDFFC8FFDC0023
FFC500E4001AFFDC
FFC500AE0137007D
FFDAFFCDFFB9FFF0
FFF00023007F00F5
FFEEFFBE000C00A8
FFF9FFBB007E000E
004EFFBAFFDBFFEF
0029007D0036FFE1
FFE6FFD4FFF80218
FFB8001CFFBBFFD5
FFC601EA00CF0065
FFDCFFE7FFC2FFE5
001FFFCC006B00B9
FFBAFFE2FFB8009F
00C2FFF9FFD100AF
004EFFE2005F00CF
FFFEFFCCFFF6FFC6
0055008AFFDEFFD5
0004FFB9FFC2003F
001CFFEF0000FFF8
FFC9FFB9FFC60009
FFBFFFC3FFEE00EF
00F300C3FFC3010F
00B1FFCCFFF10036
FFED0041015E0073
FFE3FFF801150090
009C001CFFD700D1
FFBA0030FFFAFFCF
00F2FFBD0044FFD1
0024001FFFBD00BF
FFB8004AFFB8001D
0129002000030061
FFBDFFD6FFBAFFD5
FFE20005FFCBFFBD
00BF00C2FFD0FFD3
FFC7FFD6004200C3
004E002FFFDAFFED
FFD601260057FFCE
FFB8FFDAFFECFFDE
FFDEFFC30008FFF0
FFB900790075FFCF
008C00480077FFD1
FFECFFE3009EFFBB
FFF8003600130012
00700035FFB8FFB9
FFC600070010017C
0052FFCEFFC0FFCC
FFD20098FFDFFFFD
018F014C00B9FFBA
0126FFF10001FFC7
FFBBFFCF00CDFFC9
008CFFB8007F0065
FFD200E60004FFBE
FFC3FFD000740040
00D700BBFFC20191
0046FFDE00300051
FFB900C90006008F
FFC500BAFFC0FFB9
0025FFD8FFCD006B
003FFFB9FFEF004E
00A0007FFFF50082
001AFFE0FFB900E6
FFC3FFDE0009FFE9
FFC6FFF4FFF70073
FFC400440040FFF9
FFC30051017900A7
FFD9FFC8FFB9FFD8
FFE4FFE6004300EE
FFE7FFBB0013004B
FFE7FFB80080FFF5
0041FFC3FFBFFFE1
0032002A002BFFF5
0030FFD6001A01C7
FFB80051FFDDFFD9
FFB80176003A00C9
FFD5FFEBFFEBFFFF
000DFFC500DA00B7
FFC0FFE8FFB8007E
0084FFE60029005E
00BCFFBE00610057
FFF5FFCBFFDFFFC9
00520090FFD7FFE5
0000FFBBFFC200B1
FFF600510005FFD2
FFCAFFB8FFC1FFF4
FFBDFFC5000000AC
012700E1FFBD00F4
009EFFD20014003E
FFD5001E01CC006B
000CFFF501830195
009A002AFFFA00B7
FFB80028001AFFBD
0139FFBB0092FFE1
0059004EFFBD00BB
FFB80075FFCBFFFC
0111002900240034
FFBAFFE3FFBAFFC7
00070003FFC3FFBF
01270051FFE8FFDF
FFCAFFC9008400AA
005700220029FFED
FFCF02010031FFCE
FFB8FFDFFFE9FFD4
000FFFD30044FFFA
FFBD00AF001FFFC5
004900270090FFC0
FFF2FFED00F2FFC1
FFE80025FFFE002D
00970049FFB9FFB9
FFB9FFF4001A019E
0000FFD0FFD2FFED
FFE90065FFDDFFF3
014E012200B5FFB9
017B0004FFFCFFCF
FFC5FFD500E1FFCD
0082FFBA00A5007E
FFCB00DDFFFCFFBC
FFC8FFED00630036
00F100FAFFB801D3
0042000B005B0073
FFB9009900220085
FFCB009DFFC7FFBB
0057FFE5FFC7007E
0049FFB8FFE2006D
0094004D0016005E
FFF2FFDCFFBE00EA
FFCEFFEC0041FFE9
FFCEFFEF00030086
FFC5008E005AFFF2
FFC1004001E40040
FFD4FFD2FFB8FFE9
FFD4FFFD0037013A
FFDAFFBA004B005A
FFE7FFB9003CFFFA
002CFFBBFFBFFFD6
001C000EFFF8FFD4
0051FFD50002019B
FFB800900007FFCD
FFB9012B000300E6
FFC4FFDEFFE1FFFA
0030FFC800E40089
FFCDFFFEFFBA00D2
0071FFFA00630061
00C5FFB80065002E
FFF4FFC8FFD4FFCC
00480084FFE20031
000CFFB9FFBA00A7
FFD40047000EFFC7
FFD2FFB8FFC3FFF2
FFBDFFC7FFF1007F
013300FFFFBB0113
009CFFC3003D000A
FFC8000D01EC006D
0057FFDD013201E8
00B3FFFE000B009E
FFBD00330001FFB8
013AFFB900A0FFE6
0069004AFFBD00EA
FFBA0090FFD8FFFD
00B100380011004F
FFC30007FFBBFFC6
00350002FFBCFFBA
0116003BFFDDFFCF
FFC5FFF0009300B0
005F00020026FFF1
FFEC0224005AFFCB
FFB8FFE9FFF5FFCF
000BFFD3005EFFF8
FFBD00BE0032FFC5
0067000C005CFFC2
0007000600C1FFC6
003F005EFFE6002D
00FC001BFFBEFFB8
FFB9FFE700040165
FFEBFFC3FFCDFFDF
0014004DFFC8FFDD
010300F40071FFB9
01F80003FFECFFDF
FFF8FFC400C8FFD1
008DFFC100BD009B
FFC700B20006FFB9
FFC7FFF100670048
00DC0131FFBF01AE
0055FFF6004C0078
FFB9008500390038
FFCF00C9FFC4FFB9
009FFFF0FFCD006B
004EFFB9FFF3008D
007300490032002E
FFE3FFE4FFC900BF
FFC7001D004FFFE2
FFCE0022002700AF
FFCB00A30068FFFD
FFC1004A02250032
FFCBFFC6FFB8000D
FFEB0007FFFF0123
FFD6FFB8005A0010
FFF2FFB8001CFFF0
006CFFB9FFB8FFD6
000AFFEDFFDCFFCB
00A5FFDF00230122
FFBB00D4005EFFD0
FFBF007FFFD1010E
FFD4FFF8000A001C
0027FFC200EA0074
FFF90025FFBA00F1
0033FFDA00B80035
00F5FFB900430002
FFFFFFDAFFC2FFE7
006E00CCFFEF007A
FFF9FFC1FFBF00CA
FFCB009E0004FFBA
FFDFFFB9FFBDFFC9
FFB8FFC8FFD7001E
011400A8FFBD0126
0086FFBA008A000A
FFC3FFE901EF0029
009EFFD20125026A
00B8FFED00520046
FFBB00600014FFB9
011FFFC300880000
0060001DFFC900B7
FFC1008BFFE90002
009E002800090051
FFC5002DFFBBFFCA
00280004FFBBFFB9
01240025FFF5FFD8
FFBEFFDC008D0096
00530012004FFFE3
003902490026FFDA
FFBBFFE7FFEDFFCA
000CFFEE0098FFDC
FFBC00D8000AFFC3
0040FFF70075FFB8
0022001C00CAFFC3
00430072FFD60043
0156002FFFC6FFB8
FFB8FFD3FFF6014B
FFC9FFC2FFD40017
0043000CFFC9FFD9
00AA0095004EFFB8
0211FFF9FFECFFE5
0008FFBD009EFFDB
00A3FFBF00A1009E
FFBC003F001CFFB9
FFD000020049003F
00EE0162FFBA01A2
007D002400380071
FFB90086003A0065
FFCA00A1FFC6FFB8
009AFFEAFFCB0070
0048FFBE000E00B0
0056003300230013
FFD8FFF6FFD90077
FFC700290066FFFC
FFDC0014003300B3
FFDC008F005BFFD4
FFBB003601E80012
FFCAFFD7FFB90014
FFD6FFFCFFFE00F0
FFDBFFBA005A0015
FFF7FFBC00030013
0081FFB9FFB8FFD3
FFE7FFD7FFD2FFD3
00ACFFD4003600BC
FFBB010C0084FFD3
FFC3002CFFBC012D
FFC9FFE1000D0010
0046FFC100F0002E
00120051FFBB00C0
0000FFE300EC0027
00D0FFBD0057FFDE
FFF5FFEAFFBAFFE0
004200B1FFF6009E
0001FFC1FFC100BD
FFC80073FFF7FFB9
FFE3FFB8FFBCFFCA
FFB9FFC4FFD30004
014100CFFFBA00FB
0079FFB9008AFFFD
FFBAFFF901C20042
0105FFCC00F302B6
00D3FFE0003C004F
FFBA0054002FFFBA
0101FFBC00410011
0060000BFFD700C1
FFC300750007FFEF
007A0020001D0035
FFD10020FFBDFFCE
005E0014FFBCFFB8
014600160007FFC9
FFBCFFE900960075
0070FFEF0070FFF4
0080022A0002FFCC
FFBDFFE4FFFEFFD2
001F000D00C1FFD5
FFBB00E10017FFBF
0045FFE30045FFB8
004E004100E3FFD4
00440097FFC3005E
017E002BFFC6FFB8
FFB8FFCAFFEE00D2
FFC0FFBDFFF20043
006CFFF1FFBAFFDA
001800420045FFBA
01F4FFF2FFEE0003
009EFFBC003EFFF6
00A0FFDF0058008C
FFB8FFFE000AFFB8
FFF700260044004F
00E8018CFFBA00EF
0089003400510089
FFBB003E003AFFEB
FFC900C8FFC2FFB9
00E80027FFC40071
0029FFDEFFFD00C2
0038002C006DFFE2
FFC8FFF600570058
FFBD009100CDFFE5
FFED004F005A0097
FFE000CD0070FFE1
FFBE00240204FFE3
FFCFFFC3FFBB0030
FFE80005FFD300E4
FFE7FFC600A2FFF8
FFF1FFB8FFEC0002
005DFFB8FFBAFFCF
FFEBFFD5FFC0FFD1
016DFFEE001A0023
FFD300F800C70000
FFC4FFD2FFBB0116
FFCEFFF50064001A
0013FFC200BEFFE9
00A40062FFBE0107
FFCBFFDA010EFFEC
0085FFBC0010FFCC
0008FFE8FFBF0019
00200108000E00EF
0012FFDDFFCD00E1
FFBE00B8FFE7FFBC
FFEEFFB8FFB8FFBB
FFC5FFBEFFE4FFD2
00F2008CFFBE00B9
0031FFBA00E8FFDD
FFC2FFD00194FFF0
0167FFCE007002E7
00ADFFC800EFFFF5
FFB9007F0012FFBC
00D6FFCA004EFFFA
00260006FFF400B8
000300690040FFD8
001A00050012005A
FFDC0056FFBCFFCB
00460030FFC6FFBB
011B001AFFF3FFC4
FFB9FFEB00540049
0041FFF9009CFFE0
011001990001FFE3
FFCDFFDFFFE9FFDE
00300013011FFFC4
FFBD011EFFD4FFBC
0042FFDC0085FFBB
0099004A0097FFDF
00420082FFCB005A
02260014FFE5FFBC
FFC3FFBDFFF9009F
FFBBFFCD001C005E
00A2FFC9FFBCFFCC
FFF4FFF7002DFFB9
01B1FFE4FFFB000C
0111FFBE001F000E
00B4FFFB002E0062
FFB8FFDC0029FFB8
001C003600290045
00F6016FFFBC0097
00B80068001B0071
FFC0001C006AFFD5
FFD000DAFFBFFFBD
00D60063FFCF0071
001A001A00170092
FFF7FFF4004DFFCB
FFC4000900BC001E
FFB800E900CFFFE4
003C003C007C0057
000400EB003FFFCB
FFBE003601ADFFD0
FFDCFFCCFFC20079
00010021FFD000A1
FFCCFFF000B3FFE1
FFEFFFBAFFCD000F
0058FFB8FFB8FFCC
FFD9FFC8FFC3FFC5
016400040003FFCB
FFFF00F800F1FFFD
FFBDFFBBFFC000D6
FFD3000B0042000C
0034FFD2009FFFD4
0132008CFFBF0105
FFC0FFE100D5FFFF
0053FFBBFFF9FFD0
00130019FFBE0042
0006010800140155
00230013FFD20095
FFB90098FFCCFFBF
FFFCFFBCFFC1FFB9
FFDFFFB9FFD9FFCC
00830065FFC300AB
0016FFB9011BFFC9
FFC4FFC600F2FFD5
0155FFE2000A02D6
0065FFCC00F2FFDF
FFB80087FFFCFFBB
0083FFD50008FFFD
001DFFFA001B007A
004900500050FFD6
FFD6FFEB000E0037
000000A2FFB9FFE3
001F0048FFC8FFB8
00E50014FFF5FFC1
FFD1FFFA0000003A
0034FFF100A9FFE4
019201280007FFEB
FFE6FFEBFFD2FFDE
002500480104FFC1
FFCF011BFFE2FFB9
003CFFD2003AFFBA
00D60070005CFFFB
00AF0072FFC4003D
02680009FFF9FFC9
FFE2FFBDFFDA0020
FFB9FFDA00030044
0096FFD5FFBAFFD4
FFDCFFEE005DFFB8
013FFFE9001C0036
0126FFBBFFE10034
00AA00300004005F
FFB8FFC80025FFBA
001F0051004B0052
00AF014FFFC00062
00BC004C000E007F
FFCBFFEB002AFFC9
FFD800E2FFBDFFC1
010E00B3FFC40047
0002002400100086
FFE7000B004BFFCD
FFC10013012B0022
FFBC01020113FFEB
004E0050009E002A
FFF5007A003AFFCC
FFC0000E0134FFF3
FFD7FFC2FFC50079
00070010FFBA00BD
FFD600000073FFFF
FFF4FFCBFFCB0004
0017FFB8FFB8FFDA
FFDEFFCCFFBFFFD7
016A0020000AFFBD
0023009C00F6002C
FFBAFFB8FFCA009D
FFE200050093FFFA
0035FFD3006EFFC3
01B4007DFFB90103
FFC10001007EFFE5
001FFFB9FFE6FFCD
002A003EFFC20062
FFF20139000B013F
0013003EFFFD0067
FFB8009FFFC9FFC1
FFFDFFC8FFBFFFB8
0010FFB90001FFD1
0044002DFFC70064
FFE7FFC20106FFC6
FFCFFFC6007DFFC6
0178FFEFFFE50297
0029FFC20140FFDD
FFBA008FFFE1FFB8
0030FFC3001FFFF9
FFF8FFF300180071
00A0006A004EFFD4
FFC8FFFAFFFD00A4
FFE700A3FFB8FFDA
003C004EFFEDFFBA
0085000FFFE1FFBC
FFEAFFECFFE5FFFF
FFFA001600C6FFD7
018A00910012000D
0000FFEDFFD9FFD7
0049003300F1FFBC
FFF00135FFC6FFB8
006FFFCD0051FFC0
00D9005D0013FFF9
00970022FFD70079
0239000D0005FFD1
001BFFBFFFED0044
FFB9FFF6FFFD0051
00AEFFC2FFBBFFC7
FFD3FFD90058FFBA
00C2000A00090061
0192FFD3FFC30054
00900061FFE20095
FFB9FFC5000DFFBF
006500590038001B
00D00159FFBEFFF0
008000560007009C
FFD0FFD80038FFBD
FFE100A5FFB9FFD9
012100A6FFC2001C
FFFD006DFFFC0058
0001FFFE0064FFC4
FFBA00200125FFD9
FFD7010B00ABFFD5
006900270087001C
0002006C000FFFCF
FFC6002A0119FFFB
FFD3FFC1FFBB005D
00010031FFBB0091
FFCD0053002E0014
001B000FFFC20010
0027FFB9FFB9FFF7
FFCCFFCCFFC9FFD5
01C0002CFFE2FFB8
009A00680090004E
FFB9FFC1FFC20003
FFCB001A009DFFF7
0027FFD9002AFFB9
01AE007DFFB8010D
FFCE001B0075FFEC
FFCBFFB9FFE9FFDD
0023002AFFBF004B
0000013600070124
000100270008007E
FFB8006BFFCBFFC7
FFD8FFC5FFD2FFB9
0050FFBCFFD6FFCC
00250018FFC60047
FFE0FFBC00E8FFC5
FFC1FFBB0022FFBA
01A7FFE7FFE4023C
002BFFBC018DFFBB
FFD70065FFE4FFB8
0008FFC3FFF3001F
FFF5FFC7006B0049
00E7004B0014FFDA
FFBBFFD0FFFF0078
00060067FFB9FFD4
004900320004FFBB
0054000FFFEBFFB8
FFF00006FFD0FFFE
FFF50008007BFFD3
01FF002700000051
0004FFD7FFE0FFE0
003A00210160FFB8
00180106FFC7FFB8
002CFFD00053FFBE
0159005CFFD9FFFF
0094000EFFDB006A
01F9001CFFFDFFD4
006EFFBEFFF30004
FFB9001AFFE1002A
0090FFC4FFBDFFCE
FFC4FFCF0080FFC0
008D001C00410077
0181FFD8FFBB006A
00940041FFDF0071
FFBAFFBD000CFFCC
0055003C00670009
00970138FFC4FFDB
00AF006E000E00AB
FFD9FFD8000BFFBD
FFF30086FFB8FFD2
011300D4FFC9000F
FFF1008400040065
FFE400010049FFC5
FFBD003000FDFFCF
FFF4015700A4FFE6
0074000F0097FFF0
FFF50074000AFFCA
FFC1002500D40005
FFD6FFC1FFB9009E
FFFD0042FFB9006B
FFC7005A002A004D
00280039FFC2FFE7
0016FFB8FFB8FFE7
FFD0FFCCFFD0FFD9
0193004CFFFBFFB9
00B7003E0065003B
FFBBFFC1FFC6FFD2
FFE20001009AFFEB
0040FFF1000CFFB9
0183005BFFBD00F6
FFCA003400290002
FFC0FFD0FFD9FFE9
002F0058FFB90065
FFEB0157000700C1
0015005A002A003C
FFB80050FFD8FFC6
FFDFFFD2FFC6FFB9
0071FFB90011FFD0
FFFFFFDCFFC4001A
FFD0FFBB00D9FFC1
FFD2FFC4FFFAFFBA
01A7FFEDFFCE01D0
0009FFBB0187FFBA
FFDC0073FFDFFFBA
FFCFFFC3FFE90020
FFE9FFBD0046003B
010A005BFFFBFFDB
FFBAFFD2FFFB00B0
0002003AFFBCFFD5
0044004E0017FFBD
00610014FFDCFFB8
0009000EFFC3FFDF
FFDC0025007CFFD5
01FBFFEAFFF10074
0030FFE6FFE8FFD5
001D002A0153FFB8
004400C7FFC6FFB9
0061FFD50035FFBF
00F7004EFFBCFFF2
009FFFFBFFE70079
01D8001DFFF5FFE4
0097FFC60005000C
FFB90052FFD0FFEF
0059FFCBFFBCFFC8
FFD9FFD40098FFC2
00130027006000A8
016E001FFFB900DF
008D004CFFC8007A
FFB8FFC60006FFE2
009C00440072FFFC
007C00BDFFC4FFBD
00B00030FFEC00D5
FFD5FFCD0026FFB8
FFF800ABFFBFFFF0
00FC00FBFFD9000D
FFE60070001E0036
FFF1FFF00038FFC9
FFBC005F00D1FFC3
0053017E0038FFE8
009EFFE20089FFCD
FFE7006E000CFFC5
FFC8004F006B0030
FFE2FFC0FFB90093
00200074FFB9007F
FFBC00A1FFF50066
005A00BFFFC2FFE8
0044FFB9FFC10027
FFCCFFD3FFD8FFCA
0183006FFFD3FFBA
00BBFFECFFE5005D
FFE7FFC1FFBBFFB8
FFD70017003AFFE5
00460009FFD8FFB9
01720014FFC600ED
FFD8005EFFC8001F
FFBA0011FFC90014
00540079FFCB003C
FFEC017100020090
0000006D0080FFFD
FFBE001DFFC8FFBE
FFD1FFC9FFCEFFB9
00CCFFC3FFF4FFEA
FFD1FFD3FFD50006
FFC5FFC90053FFBA
FFDFFFC5FFC6FFB9
016B0012FFC100FC
FFEEFFBA0181FFB8
001A0071FFC7FFCC
FFD2FFCAFFD30008
FFD1FFBB005F003C
0156003AFFD3FFE5
FFB9FFC7FFFA00CC
FFFBFFFAFFCBFFE7
001C0056006EFFC9
00080038FFC0FFBD
00060008FFBAFFDF
FFD500460020FFC7
0215FFC1000600BD
004AFFD1FFF3FFD7
FFF90007012BFFB8
00A70091FFD9FFBA
003DFFE80058FFBF
01380032FFB8FFD7
0085FFDE0019005A
013C0023FFD7FFE8
015FFFCA000D0023
FFBE0044FFCBFFE2
003DFFCCFFC2FFCE
FFDBFFCA00B1FFDD
FFFF005F005500DB
01280017FFBA012F
00570027FFC500BE
FFB8FFCF0013FFE6
00CA00270085FFE8
0054005DFFD2FFBA
0090002EFFD200DB
FFE0FFC80012FFB8
001A0098FFCA000E
00F900A6FFCBFFED
FFE20071FFF6004F
FFFEFFCE000EFFD2
FFBF007F00E1FFBF
00B1014EFFFCFFFD
00A5FFDA0063FFCB
FFF00046FFE7FFD6
FFC00056003A0079
FFE3FFC8FFBA007A
002A0069FFB80075
FFBC007DFFD70063
007A0130FFBBFFE8
0069FFB8FFC1FFFD
FFD2FFDBFFF3FFD4
00F3009AFFD8FFB8
00B2FFDAFFCC0069
003AFFBEFFB8FFBD
FFDD0012FFFEFFDD
00480004FFC8FFB9
011F0013FFD800E3
00230052FFBC000C
FFB90066FFC5005A
008A0091FFC8004E
FFE70175FFF90050
FFFC002E00AAFFED
FFBC0005FFCBFFBA
FFCFFFD9FFD2FFB9
00D9FFC4FFF0FFF0
FFC7FFCDFFE3FFE4
FFC6FFBB001DFFB9
FFEFFFC2FFC7FFBC
0161000AFFDF00BD
FFDEFFC10196FFB9
00560061FFC8FFD5
FFBBFFBDFFCF0002
FFD4FFBB00A2003B
01540035FFBDFFFF
FFBBFFCBFFE7012B
FFF2FFF9FFCCFFE3
0025002F007EFFBB
FFE80077FFD1FFBE
FFFA001DFFB9FFC4
FFD10063000AFFCC
01FEFFB8FFFF00E9
0049FFCEFFE0FFDA
FFF2FFF200FCFFB8
00BA0055FFF2FFBA
004F0002005CFFC0
00E60031FFC2FFCC
0089FFD00024007B
011E0025FFC6FFE3
0165FFDB00440021
FFC60096FFBDFFC5
0009FFD4FFC0FFD1
0011FFE000CDFFE9
FFD50080009800F8
00D8005CFFBA0120
004D001CFFC90071
FFB8FFDF002D000C
00B3004E009EFFD6
004B0061FFD7FFB8
00C90028FFDC00DD
FFE4FFC8FFFBFFBA
005100AAFFDB0028
00B300EAFFD5FFFE
FFEB0071FFDB0015
FFFAFFDC0003FFD7
FFCD00770098FFBE
00CD0158FFF6FFDF
0084FFC6005FFFC4
FFED0038FFE5FFDE
FFC0006E000700C7
FFF7FFC7FFBF006B
003B0093FFBF00BC
FFBA006DFFDB009E
00AD017FFFC0FFD7
007AFFB8FFC1003D
FFD4FFDCFFF7FFD0
00DF00B7FFC3FFBA
00A8FFC2FFB80079
007CFFBBFFC7FFC7
0007000CFFF3FFDB
0054000AFFC3FFBB
00DF0002FFEF00B2
00250069FFB9000A
FFBF009BFFC10084
00AA00ACFFC20051
FFF4019AFFF2001D
000A002A00D6FFE7
FFCEFFF5FFDCFFB9
FFE6FFF1FFCFFFBA
00B7FFC1FFD80010
FFBDFFC4FFDDFFE4
FFC3FFC4FFF6FFB9
FFECFFC7FFBEFFBA
00F10003FFC9005D
FFCBFFC4014EFFB8
0053005AFFBB0009
FFB8FFC1FFCCFFDD
FFC8FFB90051002F
013E0021FFB8000F
FFBAFFE5FFE10118
FFE9FFDCFFD4FFE1
0017000700B9FFC1
FFD30099FFC7FFC3
FFFC000AFFB9FFCD
FFC6007FFFF5FFCE
01E8FFB9FFFA00DC
003DFFD80002FFD4
FFDFFFE600F7FFB9
00E8002A0011FFC2
004E00190036FFC0
00B50016FFC9FFC6
0082FFCB005E0056
00D20016FFC1FFF3
0155FFE20034004B
FFD3007BFFB8FFBB
0005FFE6FFCEFFDD
003FFFEF010BFFE9
FFC9009300980106
00A8008AFFB80112
001A0016FFC30072
FFB8FFEE00100060
00D6003F00ADFFC3
00510030FFCDFFB9
00C2001FFFD700F6
FFCEFFC4FFE1FFB9
00610094FFF1005E
00EE00E4FFCBFFFC
FFDE004CFFE30008
002EFFECFFF1000A
FFBE00990079FFC6
00C40131FFF0FFFA
0083FFBE0046FFC1
FFD4001CFFD7FFD8
FFC60079001200E7
FFE8FFCBFFBB009B
0023009FFFC300B4
FFBA004CFFCE00E2
00D201AEFFC5FFD0
0049FFB9FFCA0037
FFDC0018FFF6FFE0
00B2009EFFBFFFD9
00D2FFB8FFBB007A
00BDFFB9FFEBFFCA
FFF3FFFFFFE1FFC6
0052001DFFBCFFBA
0068FFF5FFFF009B
007100BFFFBD0063
FFC800B2FFC500D1
00940084FFD80023
FFE3018CFFE90013
FFED000E00C4FFC4
FFD2FFE2FFEAFFB8
FFCDFFDCFFC5FFBD
00C4FFC0FFF5003A
FFBAFFD2FFD9FFE7
FFC1FFDBFFDAFFBB
0009FFD3FFB9FFBE
00D7000EFFD1FFF5
FFCBFFBD012FFFBD
00710030FFBE0025
FFB8FFBCFFDEFFD0
FFD3FFBD00470033
010F000DFFB80016
FFC1FFFFFFDC0132
FFDAFFCAFFF8FFD0
0037FFFE00C1FFC6
FFCF0099FFC1FFC4
FFE3004DFFB8FFC1
FFC700B7FFDAFFCB
016BFFBEFFFA010D
0011FFDDFFFEFFE2
FFDEFFC800A0FFBB
00DB000F0017FFC5
0095002F0042FFBB
00990013FFD2FFC4
0077FFD1007E004E
0051000AFFBD0002
01E100150023006A
FFF1005DFFB9FFB9
0001FFF6FFCBFFF2
006A001900FBFFEE
FFBB00AB00A500E6
007200A8FFB90111
001C000BFFBB0046
FFB8FFFA000F005F
00D800040085FFBB
0036002FFFD3FFB9
00D50017FFD7012F
FFE5FFD0FFD2FFB9
006900B50041008B
00BB00D8FFCB0001
FFCE002FFFC8FFEE
001FFFE4FFDC0025
FFBF00690049FFBF
008C012FFFFAFFED
0079FFBA003DFFBC
FFDE0029FFCDFFE2
FFC8008EFFDE011D
0009FFCBFFB80057
0020009FFFD000A2
FFBA002EFFD700E4
00EC01DCFFC9FFC4
0032FFC6FFC9002A
FFEA003C002AFFEB
008700C6FFBE0003
0102FFB9FFC10064
0125FFD0003DFFD3
00210008FFD5FFC1
00490016FFBEFFC2
0029000800060024
00700091FFC30075
FFC700E4FFC4012E
0090006AFFD90032
FFE9018BFFE6FFDF
FFFC000600CBFFBC
FFDCFFD5FFFAFFBC
FFC3FFE5FFC2FFBD
0093FFC1000A004E
FFB9FFD9FFD6FFE9
FFC9FFFFFFD7FFBC
0002FFD1FFB9FFB9
00850020FFD9FFDF
FFCAFFBF00E8FFBF
0065000BFFC00050
FFBAFFBAFFDDFFC4
FFC9FFC600220034
00C40008FFBA004B
FFC0000AFFDB013C
FFD6FFC2FFF1FFD2
0028FFE200D9FFCD
FFCC00BDFFC3FFC2
FFE60029FFBBFFBC
FFC500BEFFCCFFD3
0111FFC1000D0136
FFEBFFDDFFEEFFCF
FFD0FFC5007AFFB9
00D2FFF50015FFC0
00B3003D004EFFBB
00750005FFD3FFBC
0054FFE700B4002D
0028FFFEFFBC0009
01E9004E0019003D
000E009EFFB9FFB8
FFCE0006FFFC0010
00C4002A0140FFEA
FFB900AA00B200DC
FFF4009BFFBB00F1
0001FFCDFFB9002E
FFB80027000100AA
00AFFFF300BFFFBF
00450000FFCFFFC0
00B50005FFD50114
FFD7FFD9FFDCFFBF
006C007C00130087
008A00CFFFC00018
FFC90006FFC7FFE6
002BFFFBFFCD0065
FFC30090FFF5FFC5
006500D7FFD20000
002BFFB80014FFBF
FFDB0027FFC8FFE9
FFC20090FFDA015C
FFF9FFCAFFB90017
FFFD0069FFF000A0
FFBAFFF7FFDC0146
00E00206FFCEFFC0
002DFFCFFFC80017
FFF500410034FFF7
002C009AFFBA009E
00ACFFBCFFCB0061
0166004500DAFFD2
0035FFF5FFC4FFBC
004D0041FFC1FFF0
FFE8FFF2000C0041
00B6008EFFCB00BE
FFC9011CFFCA017E
007F003EFFDA001E
FFD50155FFDEFFC0
FFE7000000A0FFB8
FFFCFFCE000DFFD9
FFC1FFCDFFB9FFD6
0055FFBF002B00A0
FFB8FFE5FFD1001E
FFCC000DFFC0FFC4
0045FFE2FFC1FFCB
0047002DFFEDFFC4
FFC5FFD30073FFDE
00540011FFC4004D
FFB8FFB8FFF0FFBB
FFD1FFD2FFF80050
00910030FFBB004C
FFD20034FFD7011D
FFD4FFBDFFF3FFC7
0029FFCE00C7FFC9
FFF500AEFFC5FFBC
FFBF0041FFB8FFD3
FFC400FEFFBCFFD8
0097FFBD001C00E0
FFD0FFEBFFDFFFCB
FFC3FFBE0044FFBA
00AEFFD30023FFC2
00FE00590066FFB8
0017001AFFCDFFBB
0058FFD700C70026
00080014FFB80018
01D8009800190059
00650090FFBBFFBA
FFC90030FFF60023
012800BD0114FFF9
FFBA0090006400C4
FFEB009FFFD700BC
0001FFC5FFC00039
FFBF0083000700BD
005EFFDA008AFFC0
003BFFF7FFC9FFD8
0094FFFCFFC80167
FFD7FFF4FFCBFFD1
006D00CD0016005D
00700097FFC30021
FFDFFFD6FFDCFFED
003D0012FFBF00A9
FFBF0083FFBEFFDF
0002006DFFC5FFFF
001FFFB9FFEEFFC1
FFE30019FFCE000F
FFD00086FFE9018E
FFFDFFD4FFBD0002
FFF7009C001400A5
FFB9FFD7FFC8017D
010101CDFFD9FFBB
0038FFE4FFD2002C
000F00560077FFF3
001A007FFFBD013E
008CFFBDFFD2003D
013500C90159FFD2
00100008FFC3FFBA
004B0008FFC50024
FFC1FFF0000D0009
014B0071FFCA010C
FFBF00EFFFE001DF
00780023FFDA0009
FFE70106FFD7FFBF
000AFFD20036FFB9
000AFFD90029FFF4
FFBCFFC2FFBAFFF8
FFFEFFB90022009E
FFB8001CFFD10018
FFF50004FFBAFFC8
001FFFEDFFD0FFD1
001900370052FFBE
FFCFFFE600390009
00330025FFCA004B
FFB9FFB90036FFBE
FFEDFFD9FFD7006B
003B0027FFBF006B
FFDB0020FFD300E2
FFD2FFB9FFEEFFC7
0035FFD10099FFE5
FFE700CBFFD3FFBA
FFB80029FFBBFFD8
FFC800FBFFBAFFD0
0010FFB80013008D
FFBAFFDBFFF0FFC4
FFCEFFB9002FFFB9
0043FFD20056FFC1
010B00710071FFBA
FFFEFFFFFFC8FFB9
002EFFFB00BC0011
FFD60007FFB8FFEE
019B00BD0017008D
009B004BFFBAFFBE
FFD20055002A002A
018A00E000F9FFE2
FFBC00D4005000BB
FFD700A7000500AB
002DFFBFFFBF0025
FFBC009EFFF000AB
007CFFD100A1FFBA
0084000DFFCDFFE0
00C3FFFDFFD8015B
FFD9FFF5FFC7FFD7
009D00B4FFFB0060
00960061FFBD0029
FFE3FFDCFFC7FFE2
006C0012FFC80088
FFBF0084FFB8FFDB
FFD70044FFC6000A
0009FFB8FFE9FFCA
FFD2003FFFCA0012
FFC000690031014C
FFD9FFC8FFBAFFF4
FFF2007A002A0093
FFBEFFC9FFE20161
01060146FFE3FFBB
0033FFCDFFCB0016
002C003C00500004
000F0051FFBC0205
0051FFB9FFD70030
0123010F0180FFC9
00020004FFBFFFB8
0027FFFBFFCB0049
FFB8FFEEFFEB0007
015D0064FFC50129
FFBB0091FFEB0225
0061FFF8FFCFFFDD
000200EFFFD3FFBD
FFF9FFC60017FFC3
001AFFD0005F000C
FFBBFFC1FFBC0034
FFE8FFBC0021007A
FFBA0026FFD60010
0006FFEBFFC4FFE8
001AFFEFFFFFFFD3
0024003C006DFFC4
FFF5FFE7002A000A
00380008FFDC002F
FFBBFFB90052FFBE
0032FFDFFFDE0098
00010031FFC10045
0008003FFFD300C1
FFC6FFB8FFD4FFC2
0024FFDE004DFFDF
001300EDFFDBFFBC
FFBB003CFFCD0002
FFDB00C3FFBEFFE4
0034FFB9FFFE0075
FFB9FFDCFFE5FFE7
FFD4FFB80039FFB8
000DFFD80064FFC1
010100730069FFB9
FFE5FFF5FFC4FFBB
004B001C00B0000E
FFD60019FFB9FFD8
013600CA0010007E
00BA0014FFB9FFBA
FFCE00750069003E
01BD012D00ECFFD6
FFCC008F003A0062
FFC20056006D0074
001FFFB8FFC7000D
FFBD00F7FFF600CA
001DFFCD00CBFFBD
00AF0026FFC30022
00B30023FFDD00F2
FFC80030FFBE0013
007000A7FFD1003C
007D001DFFBD003F
FFE8FFC6FFCCFFEF
00870042FFCC00E1
FFCD006BFFBB000F
FFBA0005FFCA0014
FFE9FFB9FFD5FFD9
FFCB0017FFCA002F
FFBC003F0074014A
FFD0FFC5FFBBFFEC
FFDD003900700075
FFC8FFB8FFEC0183
00C100ABFFFBFFB8
002DFFDBFFC00009
003C00500065000B
00050014FFCA0285
0014FFB9FFCF0005
00D301C201B6FFBD
FFFAFFFEFFC0FFB8
0030FFE8FFEC00B1
FFC10010FFEEFFF0
01580051FFBA0138
FFBC0061001A01F4
0046FFE5FFC4FFCE
001000B8FFD0FFBE
FFEEFFBCFFE7FFDE
000EFFF200920026
FFBCFFC4FFC20074
FFCAFFB900430080
FFCD0047FFC4003B
0023FFE3FFC1FFFC
001F000A004AFFED
000B000E0103FFD7
0016FFFA00070053
000100000009000E
FFC1FFBD0086FFBC
0046FFFDFFBE009E
FFDB004BFFC10032
004D0098FFD2009D
FFC7FFB8FFCAFFBC
002AFFEA0001FFEA
006300E2FFDEFFB9
FFC0003FFFF00022
FFE600C8FFC9FFFF
FFEFFFD1FFFF001C
FFBBFFE2FFDCFFD4
FFD9FFB80028FFB8
FFD3FFDD0044FFC2
01350086005BFFC3
FFC8FFEBFFBDFFBA
003C003D00840010
FFCC001AFFB8FFCD
00AA00E9000C00B3
00C00005FFB8FFB8
FFE0006D006D0039
01FE016400F2FFE4
FFE1008E000A0087
FFD8003500DE0020
0022FFB8FFE90015
FFBA0104FFEF0069
FFD4FFD900E1FFBB
0086006BFFCF0081
00C20008000800EA
FFDD0001FFBA0004
00AB0056FFC8002A
00A70020FFB8003F
0013FFBDFFC1FFF1
008D006BFFDE008F
FFDE004BFFB9002D
FFB9FFEBFFCA0017
FFCDFFBBFFDD0019
FFC4000EFFC9005C
FFBD005E00C7010D
FFC1FFCCFFB9FFE2
FFE1002C007800A0
FFD9FFBCFFF30165
00BD00710018FFBA
0036FFDAFFBA000F
0042003D0032001C
FFD2FFFFFFC702C0
FFEDFFC8FFD2000F
007501530192FFB9
000EFFDDFFC0FFBB
0019FFD7002500DD
FFCB001AFFF4FFF1
01D50075FFB800FE
FFD7002C0038017D
003FFFCCFFBAFFCC
003A00E6FFCEFFBD
FFE8FFB8FFD6FFFB
0009000700BDFFF7
FFBCFFCCFFC80060
FFBEFFB800270069
FFF50032FFBC0054
0029FFC9FFE10018
0013000E0078FFF9
000F000C0147FFF4
0051FFF5FFF8004E
FFDFFFE20002000A
FFC4FFBE008CFFC1
0066002BFFBC007F
FFC9006DFFBF0047
006500D3FFD0009A
FFC6FFB8FFC6FFBA
004FFFCEFFEDFFD2
007100F4FFF9FFB9
FFC400700018002D
FFF700ACFFC90026
FFEA00010016001C
FFC0FFEAFFEBFFE3
FFE2FFB90038FFB8
FFC1FFE20055FFBE
01330084003CFFC3
FFC9FFFFFFBCFFC5
0034004300570024
FFD7003DFFB8FFBD
00160112002D0118
0076FFF3FFBAFFBF
FFF0002E005E0055
01D3015A0118FFE1
00370061FFF2006C
FFE50013013DFFFA
0020FFB9FFF20009
FFB800DCFFEA005B
FFC5FFDB00E6FFBF
00B600DBFFC200B1
00DA003D00060114
FFE20020FFBC000A
007A002EFFBFFFE6
0090FFFEFFB80073
0033FFBAFFCCFFE2
003F009BFFEF0079
FFD20022FFBB0032
FFBAFFFDFFD50001
FFC6FFBDFFDE0052
FFC4002EFFE50092
FFBB005E015600BC
FFCDFFC4FFB8FFE5
FFD2FFFF006500BA
FFE1FFB90032016C
00950019003AFFB8
0013FFD4FFB8FFFA
001D002900740014
FFF5FFDFFFDF02E3
FFE5FFF9FFC9FFF1
002901860150FFB8
FFFEFFE2FFD0FFB8
0017FFCD00650126
FFCB0052FFD70000
01C10062FFCB00DD
FFF7FFDE0071011B
0026FFBEFFBAFFC4
006C00E5FFD3FFC2
FFE7FFB9FFC50026
0001000100A7FFF4
FFBDFFCFFFC70063
FFBAFFB800520029
00000029FFB900AC
0031FFC100080029
FFF6FFF300A9FFF0
002DFFF6016C006A
0068FFE0FFFA0047
FFC6FFE6003FFFD7
FFD9FFBF00B6FFCD
0087002AFFB80092
FFCE007EFFBA0044
003E00DEFFDF005F
FFD5FFB8FFBCFFB9
006DFFD7FFD0FFCE
00F300C1001CFFBA
FFC5004A0022005F
FFFC0073FFE1004A
FFE8009300050010
FFC8FFE6FFE4FFD5
FFDEFFBF0093FFB8
FFBAFFEA0028FFBC
013700790022FFC2
FFCD000FFFB8FFC6
006000A000600008
FFF2000DFFB9FFBE
FFCC00F5001300F7
0096FFDFFFC2FFC7
FFFC00270058003A
020101570131FFD4
009B0040FFF20042
FFDEFFE101AEFFD2
001FFFBA004A001C
FFB800D1FFF40018
FFB9FFDA00DEFFC8
00E10131FFC400EE
00FB0062000A00D6
FFDC0010FFBA0036
007C0047FFB8FFDB
008BFFF5FFB9008A
0047FFBDFFC6FFFD
006D00D6FFFD006F
FFED0003FFB800A0
FFBEFFF4FFEE0008
FFC6FFC9FFE30090
FFC2005000010094
FFBB007101E90085
FFD1FFC4FFB9FFFC
FFC90002006900D5
FFF1FFBF004B0120
0041FFDE0052FFB9
FFFAFFD4FFBBFFDE
0020002A0036FFEE
FFD6FFD2000102C9
FFCD003DFFBEFFDE
FFE801A200F5FFCC
0016FFC9FFD1FFBA
0005FFD000C90152
FFC70048FFC20018
01CE004DFFE300CC
004CFFD0009700E1
001EFFBDFFBBFFC5
008800F6FFCAFFC3
FFDDFFB8FFBB0054
FFEB003200A8FFD4
FFC4FFC2FFC80054
FFB9FFBA00A00025
003F0029FFB900EC
003FFFC000590042
FFFCFFE5011F0021
005AFFE1018700C9
00ABFFD900090062
FFBDFFE5004DFFBC
FFEAFFC000A4FFD2
009D004EFFB80092
FFC60097FFBA0037
006300FDFFE90058
FFDCFFBBFFBBFFBB
009EFFD8FFBFFFC0
014A00C2002DFFBE
FFC300690052007C
000E0057000F004F
FFE300DAFFFCFFEA
FFC5FFEEFFD7FFD9
FFE0FFC30075FFB8
FFB9FFFC003DFFBC
014C005B0009FFC6
FFC3000FFFBAFFD2
0081008C001E0009
0025FFF3FFBBFFB8
FFBA00CE001D0110
0063FFD5FFCCFFDE
001CFFFD001C0012
01D2013600FCFFCC
00F60054FFDB0017
0003FFD10177FFCE
0043FFBC00670001
FFB800D9FFFEFFE2
FFBDFFDE00D0FFCE
00CB015FFFC30128
01140069004900ED
FFD70044FFC3003F
0046002FFFBCFFE4
00B6000CFFB8006E
0054FFBAFFBE0001
005F00BF00130044
FFEAFFFFFFB9008A
FFC4FFF7FFE9FFE3
FFBFFFD6FFE300C1
FFCE009900010066
FFB900650202004B
FFCDFFBBFFBBFFEE
FFCFFFFD007A00DD
FFF9FFC600AD00C8
002FFFD1004FFFBB
001FFFDCFFC3FFD1
000A001A0012FFE1
FFEFFFD1FFEB02A9
FFD40090FFB9FFD4
FFCA017600DCFFE3
0026FFDFFFCDFFC2
0002FFD300E8018B
FFC3008AFFC6002E
016D0032001600A7
0071FFBD009300B5
0007FFBAFFBDFFCC
008F00F2FFDBFFCC
FFDFFFB8FFBB008A
FFFA00320097FFC0
FFC1FFC9FFC40019
FFB8FFBB00550006
004A002EFFB90119
006AFFBA008A003D
FFECFFD90184FFFB
0064FFDF017C0164
00B3FFD000010042
FFB90001004BFFB8
FFFFFFBC008AFFD7
00940064FFB900A7
FFCE00A3FFBE0042
00410108FFD90043
FFDCFFC4FFB9FFB9
0084FFD4FFB9FFBF
019100B80047FFC7
FFBD00590056009A
002C0051FFFE004C
FFF80147FFFAFFF0
FFCBFFE5FFDAFFD7
FFDFFFD200B3FFB8
FFBB00030051FFB9
013E0042FFECFFC4
FFD00037FFBFFFD9
00BD00A5000BFFFF
008DFFFBFFBEFFB8
FFB800BE002900F8
0047FFC9FFE1000A
0008FFEBFFFF0012
016E00DF0118FFC6
015C0043FFD40010
0032FFC20176FFBF
004AFFBA006F002D
FFBA00CF000DFFC9
FFB9FFF200E3FFDE
00E6017DFFBC0135
00F50042002700B2
FFCD0032FFCD003D
00230031FFBEFFC3
00E6FFFDFFB90090
0059FFBEFFC40040
006800B400050022
FFE2FFDBFFBC0079
FFC6FFFDFFE5FFDB
FFC1FFE4FFF200EE
FFCC00780010006C
FFB80052027B0034
FFC9FFC2FFBAFFEA
FFD6FFF00090011C
FFDEFFC100C00086
0034FFBF0061FFBB
0026FFC5FFC4FFC8
0007FFF20001FFCD
0030FFD3FFEC024D
FFCC00ABFFB8FFD7
FFB800FA004B0014
000CFFD7FFF2FFD2
FFEFFFC101240114
FFBA0091FFC20062
011600100075004A
00A9FFB8008E0036
FFFFFFBBFFBEFFD5
00870129FFE7FFF5
FFEFFFB8FFBE00FE
FFD90077009DFFB9
FFBEFFC4FFC40006
FFB9FFBC003AFFF9
00D1006CFFB80129
0051FFB900E30047
FFDEFFD701DB0006
00AAFFDC01D001DE
0101FFCE00160010
FFB9FFEC004CFFBA
002AFFBA0083FFD7
00A30069FFB900B2
FFC900D4FFC10032
004C0108FFF40023
FFD1FFCCFFBAFFB9
00A3FFDCFFBBFFB9
01D80087004FFFC1
FFC1008000560084
0037001C003C006C
003801AD00050006
FFC1FFE5FFE7FFDA
0009FFE700CCFFB8
FFBD00220012FFBB
00E200570006FFC1
FFDF0051FFCFFFF5
00A700B2FFEE0019
00F2FFF0FFBCFFB9
FFB9007800380104
001FFFBE0002002A
0031FFDEFFEAFFFB
00F200A200C6FFCC
01BB0027FFC6001B
006AFFB901A7FFC1
0072FFB800470014
FFB9008E000AFFC2
FFB9FFD900A2FFE6
00D601BCFFB90123
0106006C003B00A5
FFD70047FFD8007A
FFF3001DFFBBFFBC
00CE0018FFB800BB
0040FFBDFFCE0052
003800D3004CFFE2
FFD9FFE0FFCE0085
FFC90006000FFFE9
FFC5000DFFFC010D
FFDB00CC0026003F
FFB9003D028EFFE3
FFCBFFC5FFBAFFFF
FFCCFFF5007900E2
FFF0FFC100E20068
0028FFB90039FFBF
001EFFD5FFC8FFC1
0002FFE3FFD8FFC2
005DFFCD000301F7
FFCE0101FFC5FFD0
FFBC00D3FFE20045
001BFFDA001DFFD9
FFF4FFC3013400D0
FFBB00C8FFB8006A
008B001200C40045
00EEFFBC005A000C
FFE9FFB9FFC2FFCF
00660116FFF1002B
000EFFB8FFBB00E7
FFCF00860078FFBA
FFBBFFC0FFBD0006
FFBBFFBE004DFFCF
00F100A9FFB90146
002DFFBA0108004B
FFD2FFCE01F70003
010CFFE9016401E4
0142FFBE001C001F
FFBBFFF70075FFBF
0040FFB9007DFFE7
007F007AFFBB00E4
FFDA00CCFFE6000F
001F00C7FFF50002
FFEEFFE8FFBCFFBB
00BCFFE0FFBEFFBB
01E400650054FFCB
FFB9004B005F0089
001E002300440076
0046019FFFF0FFE7
FFBFFFEBFFE3FFD0
FFFFFFF400FFFFBA
FFC10033FFF8FFB9
00C8003D0004FFC8
FFF6004B00010013
00A500E1FFC40003
0165FFF9FFC2FFBA
FFB90023001F009C
000AFFBA00130086
0035FFC2FFCB001D
0069002100C9FFC6
01D50009FFC80014
00F7FFB8017CFFC2
0069FFBB0028003C
FFB900750024FFB8
FFC4FFE800860006
009501BCFFB800C4
00F00046001B00CC
FFC9001CFFF3002E
FFD20036FFB9FFB9
00E60007FFB800DB
003DFFC1FFDF0071
001C00BC0073FFC1
FFCCFFE3FFF5008B
FFC0003DFFF6FFC5
FFC2001E000C0132
00020111003F003F
FFB9003802E9FFD6
FFD9FFC5FFB80002
FFF0FFE0005800B5
FFECFFBC00E40023
001FFFB90019FFCB
002BFFDFFFCDFFBB
FFF5FFDFFFD5FFC6
00ABFFCD000F0172
FFD4012AFFDDFFD7
FFBC004CFFC30054
004BFFE9004BFFFC
FFCEFFC100F90073
FFD300F9FFB900D1
005AFFF50108FFF9
0116FFBD0027FFE1
0005FFBAFFBCFFF3
004401530007004C
0016FFB8FFBD0115
FFC500D30054FFC3
FFBAFFB9FFB8FFED
FFB8FFBA0039FFC0
01220095FFB90164
0023FFBA01780021
FFE2FFB90221001D
0148FFFE014F0247
0129FFBA005AFFEE
FFB800350075FFC6
0090FFBA003DFFD8
0058007CFFCC00D8
FFE800E7000A0013
FFDE006BFFDDFFF6
FFF9FFFBFFBDFFBB
0096FFF8FFBFFFBA
01C500900071FFEF
FFB9005D003D007F
0023001A006D006D
007B017AFFEFFFF2
FFBBFFF4FFCCFFCA
000E00260135FFB9
FFBC0036FFF6FFBB
009700300012FFC8
0023006D0037002D
009100EEFFC3FFF1
021CFFE3FFDEFFB8
FFBAFFE8003D007D
FFF0FFB9003500D2
0028FFBBFFC3FFFE
0004FFE2006DFFBE
01AD000AFFD9000F
0131FFB900BDFFC5
0074FFC700130012
FFBD0025004BFFBA
FFD00005006EFFFB
00A10209FFB800A0
0130004E003200A9
FFC9000000080012
FFCA003DFFBAFFBA
00E90052FFBD009D
0030FFE1FFCB008C
00040072007EFFB8
FFD7FFE400460040
FFBC005F0030FFC2
FFCE0026001D0109
001D015F00140005
FFB8000C0283FFC2
FFD7FFC5FFBB0008
001BFFE5004E00C2
0002FFBB0147FFF6
0013FFBA000DFFF1
0024FFD7FFCFFFBB
FFEFFFDBFFBDFFBF
00EEFFE6FFFE00C0
FFF20137000FFFDF
FFBCFFF8FFB8009A
007C000A00600014
FFCAFFC500E5004B
001D00ECFFBA00C7
FFF1FFE20115FFDE
00DDFFBA0006FFC2
0009FFC9FFBD000F
001701AB002200B3
0008FFBFFFCC010E
FFCC00A6002AFFC8
FFBFFFC3FFBEFFC5
FFBCFFBA004BFFBC
00FF0064FFB80130
0029FFBC01F80015
FFDCFFB801CA000F
016200010099028C
0104FFB90058FFD3
FFB8003D0057FFC8
008AFFC3FFFCFFD6
00230075FFE700CB
001200FE00460003
FFCD0065FFDDFFF8
FFFD0032FFC2FFBC
0087FFEFFFC0FFB8
018000770057FFEF
FFC600610003003D
001B001D007D0044
01300115FFE9001D
FFBCFFF1FFC8FFDC
0003005901A7FFB8
FFB9005AFFDFFFBF
008000100019FFC3
0056008700370052
00AD00F6FFC8FFEF
0286FFD9FFEDFFBA
FFB8FFD800580030
FFC9FFBC002C00A2
0046FFB8FFBAFFDA
FFE2FFCC003AFFBB
019F0001FFE7FFFD
0186FFB80042FFDF
009FFFD700000002
FFBBFFFB0061FFBA
00010009001FFFE5
008F01CEFFB9003F
0180006A001400E0
FFD3002000130002
FFC80041FFB8FFBB
00EB007FFFBD0097
00020009FFCC0066
FFED003E0080FFB9
FFCDFFDD00A1000E
FFB800AB0079FFC1
FFD9003F001F00B4
004B01560019FFD4
FFBC00170235FFBB
FFEDFFC8FFC30049
0018FFF2001C0080
FFF0FFB80145FFD8
000EFFB8FFEE0002
0038FFE0FFC8FFC1
FFD4FFE3FFC2FFBB
010CFFE500120038
000A01350056FFD9
FFB8FFD2FFB8007A
0086003800510020
FFD3FFCD00B1FFF9
008D00F7FFB80095
FFCBFFEB0108FFDB
007DFFB9FFE4FFC4
FFE5FFD9FFB90036
00130183005200AB
001CFFC9FFE100D6
FFC9006DFFFBFFCB
FFBDFFCCFFD5FFB8
FFCEFFB90025FFBD
00CF0057FFB80114
001CFFC10226000A
FFD2FFB90168FFE2
014C001800130238
00C9FFB80056FFC5
FFB90061003BFFC3
0034FFD6FFD6FFCA
00010058FFEF00E1
003A00B400A00005
FFC5000FFFE7FFF4
00170053FFC0FFC3
0034FFF5FFCAFFB9
0124009B0038FFD9
00000036FFCF001A
002C001400970048
017D00B3FFF6000F
FFBCFFF4FFC1FFBF
FFF7008101D6FFB8
FFBB0078FFE7FFC9
0040000AFFE3FFC1
008D0072002E001C
00D600EBFFCCFFF5
02B3FFF10016FFBD
FFBFFFE10042FFF8
FFC7FFBB001200EC
0044FFB9FFB8FFCC
FFBEFFBC001FFFC5
0140FFF8FFFF001B
01D6FFBAFFF90005
007CFFE5FFDDFFFA
FFB9FFE10097FFBA
0032002D004CFFF5
006D01A2FFBAFFFD
014A004F001000B4
FFCEFFFA003DFFCD
FFC20047FFBDFFC0
00ED008EFFD70056
FFE3001FFFDE004E
FFDF001100BCFFB9
FFCDFFFF00DAFFEA
FFD000E6002EFFB9
FFDD004200360056
006901470025FFD4
FFBC001D01BBFFC9
0022FFD0FFB9002D
004F000900040063
FFDBFFBC00F8FFD5
0017FFC4FFC80031
004AFFE5FFC2FFCA
FFD3FFE5FFC3FFC8
0145FFE7000FFFCD
003B00E90041FFDD
FFB9FFB8FFB80038
00EA003D00460041
FFD4FFD20043FFD6
00DC00E8FFC60093
FFC4FFF200B5FFC8
0027FFB9FFD2FFC5
000E0003FFB8006C
00030198004C009B
000DFFE0FFF000A6
FFD30050FFF2FFD0
FFC1FFD50013FFB8
FFF5FFBAFFFAFFBF
00800021FFB900CE
0002FFC401A8FFF4
FFE1FFBF00B9FFEE
01740032FFF40236
00A1FFB900B5FFB8
FFD400A5002EFFC0
003DFFE4FFB9FFD0
FFD1000E00210093
00B100B3009B0004
FFB8FFD6FFCB000A
00190046FFBDFFCF
00270019FFE5FFB9
008100C00047FFDA
004C001BFFBD0020
003400290075002C
01C10036FFDD003E
FFCFFFE8FFC5FFC9
FFE8008F020AFFB8
FFCD005EFFEDFFC1
0016FFED001AFFC2
00BA006F002C0017
00CA00B6FFE3FFE8
02C2FFDF0030FFCD
FFCEFFCD0043FFFE
FFD4FFCFFFFD00EF
0036FFB9FFB9FFC5
FFBFFFBC001BFFC3
00A9FFF3003D001E
01A6FFC9FFC40046
007AFFFBFFC20000
FFB9FFD100A6FFBA
005E0020002DFFF4
00650172FFBAFFE2
0154003EFFE500A2
FFD400020051FFC4
FFC0004EFFD3FFCB
00A700C2FFEF004E
FFDE001AFFDD0034
FFCE000500BAFFBA
FFC5000500E3FFDB
FFDC011C001CFFB9
001500250058FFF3
00AD01670019FFC8
FFC3001A00D6FFC8
0056FFD5FFBA001C
00640027FFE80044
FFCAFFC900BFFFE9
FFFCFFE4FFC80081
0042FFF1FFB9FFDD
FFD50004FFE0FFC0
0131FFF9FFD9FFBA
009000820034FFE2
FFC5FFB9FFB80011
00FB004D00230033
FFD5FFD70031FFCA
016800A1FFC40055
FFBBFFEC0049FFCE
FFF6FFC4FFD7FFD6
000F0020FFC20071
FFDE01CB005A0094
0017003400050031
FFD80027FFCFFFCC
FFBAFFDE000DFFBB
002AFFC0FFF8FFD9
003D0009FFBE00AE
FFE0FFD10159FFCB
FFFFFFBF0034FFE1
0142003EFFD401C4
0046FFB900F1FFB9
FFE700D00012FFB9
0010FFF8FFB8FFD1
FFC20008004B0067
00E400CC003C0012
FFB9FFC7FFC30020
0040002AFFB8FFEB
0025001A0005FFB8
005A00AD0018FFF0
007A0007FFB8FFF5
0005004C0052002E
01DEFFDD00110080
FFFAFFECFFC2FFBE
FFCB008301C5FFB9
FFF1006BFFFCFFC8
0025FFE70025FFC2
014700550034FFF4
00CB005DFFF3FFE3
0267FFF60034FFDC
0007FFD10033FFDF
FFC4000CFFDE00C0
001FFFB9FFBBFFCC
FFBCFFBC0065FFD8
000DFFEE00A5001C
018AFFF4FFBA0084
00A0FFFBFFBFFFEC
FFBAFFCC009BFFB8
00920036004BFFEF
00270142FFB9FFC2
01060027001500C5
FFE300000058FFB9
FFCF002DFFDCFFD0
006C010D001F0010
FFE5005EFFCDFFEF
FFC900100071FFBB
FFC4001400DCFFCA
001A01550002FFB9
FFF8FFE9005BFFE1
007F01570005FFC6
FFD100510050FFD8
0079FFCEFFB8001F
009C0050FFDD003A
FFC8FFD3009E0022
FFFB0044FFC90071
002CFFEEFFB9FFEB
FFE50029FFE2FFD4
00F00025FFBAFFBA
009D0038FFEEFFFB
FFE5FFBCFFB9FFD7
0135003D00070030
FFDCFFF0FFFFFFBF
0172005EFFD7006D
FFBC0013FFE4FFD4
FFBDFFF8FFD10003
00270013FFD00097
FFCD01A7004D0055
002A00840068FFE7
FFE9FFFCFFD0FFC9
FFBFFFF7000DFFC1
0028FFC5FFF1001E
FFFCFFF4FFC2005E
FFC9FFD40100FFC3
0035FFBAFFEBFFD7
00D70067FFBE011E
FFFAFFB800EEFFBE
001200CCFFDAFFBB
FFF80010FFB8FFC8
FFB9FFDE003A0043
00FE00BB003F0007
FFB9FFC3FFBC0037
00290022FFBDFFE4
001800230045FFB8
001D00C4FFFDFFE0
0090001DFFBDFFD8
FFEC0055FFF80004
018AFFBB005F009B
00140016FFC8FFC0
FFC400940191FFB8
00740047000DFFBD
004DFFFD001FFFC0
01340051FFE90000
00D400070016FFDE
0227FFF0002E000E
0056FFD4004EFFE5
FFC9001DFFCE0062
FFF7FFB9FFBBFFC8
FFC4FFBB0057FFDF
0008FFFA00CC0019
01260030FFB900C7
0075FFEDFFBA000D
FFB9FFDE00A2FFBE
00D50047003CFFE2
003500CBFFB9FFBE
0113001BFFD900AA
FFD8000C0063FFB8
FFCD004E000DFFF2
006100D5003F0011
FFCA005DFFD5FFED
FFD6FFE70063FFB8
FFC6001900D8FFC9
003B0140FFEEFFB9
001DFFD00058FFBD
008201070001FFBC
FFC90037FFFA001C
00A6FFE3FFB80016
007C006AFFFC0046
FFBCFFD800490021
FFF9009FFFBE009B
0039FFE6FFC10008
FFD70043FFFAFFCE
01060024FFB9FFBB
009AFFD8FFDCFFF9
0023FFBBFFC8FFBB
010C0029FFE10016
00010003FFD7FFBA
01330061FFE00048
FFBA002BFFCCFFEB
FFB80012FFD1002B
002C004DFFEE008C
FFC6015E0034003D
004000720069FFCF
FFEFFFDFFFCFFFBD
FFBCFFE3000DFFBD
004CFFCFFFE40065
FFE3000BFFC20058
FFC9FFEF005EFFBA
0028FFBBFFC6FFE3
00D5005AFFBB0083
000CFFBA00E6FFBF
003200D3FFCDFFCF
FFDDFFFDFFBAFFC3
FFB9FFD20030003F
00E1006CFFFF0036
FFB8FFC2FFBF0033
002C0012FFBD0003
001F00290067FFB9
FFE300E4FFE1FFD3
008C0036FFC4FFDE
FFF9007AFFDA0002
018EFFBA00570089
000FFFEFFFD0FFBA
FFBD004B012DFFB8
008D00570041FFB9
0051FFEE0030FFD7
015C0041FFD3FFD5
00BDFFF70040FFD9
01A7FFF80014000D
00D7FFE9000AFFDA
FFD60030FFBA0032
FFEDFFBFFFBAFFC9
FFD1FFC70067FFD2
FFD1000E01180042
00EE00A7FFBF010A
006DFFFBFFB9001C
FFB9FFDB007AFFC5
01090041003DFFDC
00250077FFBCFFBB
00E8FFF5FFF100D1
FFD60010005DFFB9
FFCA0070002BFFFD
004100FD0071FFF0
FFCB003CFFD8FFE7
FFE5FFE20049FFBD
FFC0003300A5FFC9
008B016DFFEFFFBB
002EFFC30065FFB9
00450116000BFFBC
FFD20067FFD10051
00A6FFD8FFB9002B
007900AFFFE3003F
FFBAFFF40020003E
002300E5FFBE00A2
0042FFDEFFCD0023
FFF0007A0006FFDB
00FA0036FFB8FFB9
00CBFFC3FFD00005
005EFFB9FFF1FFB9
010B0041FFD80015
FFF6000CFFC1FFB9
010C001AFFE7004E
FFBC0020FFB80007
FFBC007EFFC90077
00520042001D0093
FFBD017B002E001E
002A009D009EFFBB
0017FFD0FFC5FFBA
FFC0FFE00000FFC0
0059FFCAFFE500C6
FFC6FFF8FFD00045
FFCC0001000AFFB9
004BFFB9FFBAFFF3
00A30045FFBC0030
FFDAFFB900FDFFBB
006100DEFFC5FFE7
FFD4000EFFB9FFC7
FFB9FFC70071002E
00E40047FFDB0032
FFB9FFBDFFBF0082
00030001FFD00006
FFF9001700AAFFBB
FFCC00F3FFC9FFD2
00570019FFC5FFCB
FFE30093FFC0FFDD
0164FFBE008D00D0
003FFFF7FFCFFFC0
FFBB002400D1FFBC
010D00300044FFBA
005BFFF6005AFFC4
0172001FFFC9FFC1
0092FFD70075FFEB
0125FFF8FFF9002A
0142FFE80014FFFA
FFE10059FFB9001D
FFD9FFC1FFCBFFD7
FFE0FFC90097FFEA
FFBF0022013A0037
006A00BFFFC2013D
0065FFF0FFB80048
FFBCFFF9006BFFCB
0114002A0066FFC9
000B0057FFBDFFBC
00A1FFECFFF000E1
FFD700270069FFB8
FFCB003200330016
003100C40065FFDF
FFCC000EFFC9FFD0
FFDFFFD1000FFFCD
FFC4003C0069FFC7
0094013DFFD7FFBE
0036FFBA003AFFB8
003A011CFFDAFFBC
FFD1006EFFBD0079
008CFFDEFFBA0014
007F0093FFDB003E
FFBD0002FFF00094
001E0164FFC500B1
005EFFDAFFF2001A
FFEA00B30062FFF4
00580051FFB9FFB9
00ADFFBBFFC9FFFD
00C8FFBC002AFFB9
00E4004EFFC4FFF8
0004001EFFBBFFBF
00B1001900130059
FFC70020FFBC0031
FFBE00FAFFD000BD
00560052001B008F
FFC0014B00410005
0021009500BDFFB9
0016FFBCFFC3FFBC
FFBEFFE8FFE2FFB9
005FFFD0FFDC0125
FFBDFFE2FFDF0045
FFD2FFF0FFD6FFB8
0065FFC0FFB8FFE8
00450024FFC6FFE8
FFC6FFBB00DAFFB8
009100DBFFC9001F
FFC0FFF3FFB8FFD0
FFB9FFBC005E0021
00BA0047FFC10061
FFC1FFC1FFBE00B9
0003FFF4FFE0FFF9
0003000200B1FFB8
FFCC00E3FFC4FFDC
0019002CFFC7FFC1
FFCE009BFFB9FFDA
0113FFC300BB00E4
00460003FFCBFFBF
FFB9001300A2FFB9
010F00000070FFBC
008000060062FFC7
012C0013FFBAFFBA
009DFFD200910003
00BD0019FFE10038
014E001A0027FFFA
FFFF0051FFB8FFE6
FFCBFFDEFFCEFFD3
0009FFF900B0FFEF
FFB900230131003A
004B00F7FFBF012D
007AFFD7FFB80029
FFBD00260062FFE1
00E7001B0072FFC5
00160023FFBAFFC0
008BFFD4000000BB
FFC80032003EFFB8
FFD7008000440041
002500A80099FFD8
FFC3FFF9FFD0FFD4
000EFFD8000DFFEE
FFCB005E0025FFCD
00860108FFCFFFBD
001AFFB80032FFB9
000B00CFFFD5FFBF
FFD7008BFFB9010A
0084FFD7FFBCFFF9
008400C60001003C
FFB9FFD4FFE20096
0040019FFFBE0060
009EFFE300050046
000C00EA004B0003
0073006CFFBEFFBB
007DFFB9FFB8FFFB
00BFFFC300A7FFBD
00E9003FFFBC0003
002C0019FFB9FFBF
003FFFFC00210039
FFD60049FFC2006C
FFC30126FFC9012A
0056002A00470083
FFC201560019FFEB
0020006900D7FFBA
0025FFC4FFCFFFBD
FFBCFFDBFFCEFFB8
0037FFC8FFCF0199
FFB90001FFD9002C
FFD60011FFBCFFB9
0053FFC7FFB8FFF7
0030004EFFD6FFCE
FFCAFFBE00C8FFB8
00B20097FFC3004D
FFC8FFE4FFB9FFC7
FFBDFFBD003F0012
0089003BFFBC0072
FFC2FFC3FFBB00BE
FFEEFFD9FFE9FFF1
0009000200C4FFBB
FFC10111FFBBFFD6
FFF90030FFC6FFC3
FFD900CDFFB9FFCE
00BEFFC500D000E4
0002FFEFFFDDFFC3
FFB9FFE00061FFC4
010D00020092FFCA
0097000F00C1FFDA
01250002FFB9FFB9
0051FFD100B8FFEB
00430013FFCC0035
01C2001C0021003F
001D0078FFBAFFCC
FFC3FFF0FFF1FFCB
0054005600D0FFDD
FFBF00410159002E
FFE600F9FFBC0121
0057FFC4FFBC0014
FFC2003A0073000E
009EFFFC0066FFC2
0024000FFFBFFFEA
00BAFFE2FFE900E6
FFC800540013FFBB
FFFD007800430079
000C0097009EFFE4
FFCBFFDEFFDAFFD6
0004FFF3FFE7002E
FFD40035FFE4FFDB
006500CCFFDBFFD2
0028FFB8003FFFBA
FFF800DBFFECFFBE
FFE7009AFFB8010C
00B5FFE3FFB90023
007500CA000C0042
FFB9FFCEFFE900D5
002C0181FFC50041
008FFFF0000D0055
FFF801260080FFF0
00190066FFBAFFCA
0045FFBCFFB8FFE7
00D600090108FFBE
00F10020FFB9FFE7
004A000FFFBDFFE1
000CFFDD00110000
FFF50049FFC700CC
FFC1017EFFE8017C
0046002500380056
FFC201560016FFDD
000100930090FFC0
0026FFBDFFC9FFD7
FFBAFFDAFFBCFFBA
002EFFBDFFF9021C
FFB9FFE7FFE30041
FFF60025FFB9FFB8
0074FFDDFFB80027
000D0034FFD2FFBD
FFC0FFC300A9FFC4
005B009DFFC8004C
FFC1FFD6FFC3FFCC
FFBAFFC100080002
0065003DFFB90086
FFD4FFD6FFBC00DD
FFE9FFD7001C0003
001600000083FFBA
FFC9010DFFB9FFED
FFEC0020FFC4FFC0
FFD6010DFFB9FFD4
004FFFBC00D500D9
FFFCFFEBFFDEFFBC
FFB9FFD10024FFCD
00F9FFF800DDFFCA
0122000F008CFFDE
00C0FFFAFFB8FFB9
0076FFD100DAFFFF
FFF8000CFFBF0032
01910060000E006A
00660042FFBCFFBF
FFBE00110030FFDB
00C600A500CDFFFF
FFBB00470148003F
FFCC00FFFFB8011C
0037FFB9FFBBFFFA
FFC700910040002D
0073FFF40067FFC1
0039FFF0FFC1FFED
00A9FFDDFFFA00C7
FFC70086FFFCFFC1
001D008B00700051
00010065007CFFEA
FFC3FFCDFFD0FFCB
00350000FFF0007A
FFCC003FFFCFFFF4
001F0090FFD2FFD0
000DFFB9000AFFB9
FFDD00B4FFE7FFD0
FFEB009AFFB80178
0097FFD0FFB8FFE6
004000C600070049
FFB8FFC3FFE9010C
002A0185FFC60006
007F000F001F004F
0023013600BC0015
FFFF002EFFBC0028
0030FFBFFFB9FFCE
0105008D01DEFFBC
0116001AFFB8FFCE
00450011FFBE0014
FFC8FFEB000FFFCD
001F0033FFC90110
FFC3016DFFFD01C9
0035000300340040
FFD100F7000EFFBF
FFF5005D006FFFC6
004EFFBCFFD1FFFE
FFC0FFCFFFB8FFCD
0006FFC2FFF70247
FFB9FFF9FFE5005D
FFEA0044FFB9FFC0
005EFFDDFFB9001C
FFDD000CFFFCFFBB
FFC4FFCC007BFFD6
00460066FFD2006A
FFBEFFCBFFD8FFC3
FFB9FFD1FFD7001E
002A0041FFB80097
FFFFFFE9FFB900B9
FFEDFFC70034FFE5
0020FFD70063FFBF
FFD100F3FFBBFFE2
FFC20023FFBBFFBE
FFDE011DFFB9FFE5
FFFFFFB9010100CB
FFCAFFF5FFD8FFBC
FFB9FFC5001AFFC8
00A6FFDB00D6FFCA
0103002300B0FFE6
0069FFEFFFB8FFBD
007CFFE7010EFFE7
FFC7000CFFC10032
016E00A300040099
004E0058FFBBFFC4
FFBF002E0037FFE9
00EE00FE00F7FFFF
FFBC003301280032
FFBF0105FFBF00EE
0035FFB8FFC6FFF5
FFCB00940029005D
0014FFF80081FFCD
0030FFF0FFBE0032
006DFFE7003F00B3
FFC90093FFE2FFCC
0011007B00340049
FFF30066007FFFF1
FFCDFFBFFFE0FFCA
002D001DFFD800EB
FFD2003BFFBE0016
FFED0061FFEAFFE6
FFEFFFBC0007FFB8
FFC70079FFF5FFE0
FFE400A8FFB80199
0089FFD3FFBAFFDB
000800C3002A0056
FFB9FFBFFFE10171
00370184FFC9FFDD
0071000D0031004E
0027013A00D0001D
FFF00030FFBC005A
0006FFBEFFB9FFD3
00CD01070204FFBC
00C60008FFB8FFC5
007A0018FFC60041
FFBAFFDC0013FFD5
0037004EFFC7014F
FFBE0159001D01BF
002EFFED00190032
FFD200BA0001FFBC
FFFC00520047FFC6
0055FFBAFFE20008
FFCDFFD4FFBDFFDF
FFD8FFBA00190271
FFB9000CFFD40076
00010049FFBCFFC1
005E0025FFBB004B
FFD3FFFF002DFFBB
FFC4FFD800590003
00010045FFE3005C
FFC1FFBEFFEFFFCE
FFB9FFD9FFBF001A
000E0041FFB80097
0002FFFFFFBA00DB
FFEFFFCD0051FFD8
0054FFD20054FFC7
FFE200C5FFBBFFEF
FFBA003DFFB8FFC4
FFE600E8FFBAFFD4
FFCDFFBB0147007F
FFC0FFF6FFEBFFBE
FFB8FFBEFFFEFFDF
0080FFDA00A6FFCE
014B002C00B3FFFA
0034FFF2FFB8FFBE
005AFFE80123FFF8
FFBCFFF4FFBE003C
014C00B6FFF300ED
009E002CFFBBFFBD
FFB9005B007F0001
013C014301280005
FFC8004901040030
FFBA00C8FFEC00A4
0021FFB8FFD6FFF4
FFC700E800150071
FFEEFFE70084FFCF
005AFFEAFFC20063
0085FFEA002F008F
FFC5007AFFD7FFDD
0041008300220044
FFFB0025004C0002
FFE3FFC0FFDCFFD6
00740043FFD500FE
FFD60032FFB90041
FFDB001DFFE7FFFE
FFE0FFBAFFF8FFBB
FFBC006CFFFA0007
FFDD00ACFFC10194
0069FFCCFFBCFFDE
000F00A000410064
FFBCFFB9FFEA0171
00360145FFD8FFC7
0059000400190041
0039013100B0000E
FFE3001DFFB900FB
FFE5FFBCFFBAFFC8
009701990247FFB9
0097FFF9FFB8FFC4
00420002FFD100A4
FFBBFFD5FFE9FFD1
00950052FFC20179
FFB90157002701CA
0029FFD30002FFF8
FFDA00DAFFEEFFBB
FFE2002A0021FFBF
0039FFC1FFFB0023
FFCAFFC9FFBF0009
FFC5FFB8004A0280
FFB8001FFFDA0070
00130032FFB9FFCD
006C001AFFD500A5
FFD4FFF2008AFFBC
FFD2FFE70045003A
FFEC0024FFFC0027
FFCAFFBA0031FFCC
FFBAFFEBFFBC0026
FFE70054FFB90083
0030003AFFBC00B1
FFDEFFC8006AFFCE
0072FFCB001DFFC7
000900CAFFBEFFF5
FFB9004FFFBCFFC5
FFDF00EEFFB9FFDF
FFBFFFD001160071
FFBDFFFDFFE3FFC8
FFB8FFBAFFF0FFE1
0035FFD40095FFD0
0176004E00B1FFF8
FFEDFFE7FFB8FFBB
004BFFEF00FDFFFE
FFB9FFE6FFBA0019
00E900E000070122
008B0017FFBDFFBD
FFBA007100A2FFFC
016C01970124FFF0
FFE7004B00B30044
FFB8007A003E0075
0019FFBBFFE9FFEC
FFCA0107FFFB007A
FFD9FFE300AAFFD0
0061FFFFFFC200AC
008300000040008F
FFC500BCFFC8FFEB
00460077FFE7002C
FFF70001002E001D
FFEDFFBAFFE1FFDD
0077004CFFD20141
FFDA001FFFB9008D
FFBF0013FFE9001A
FFD7FFB9FFE9FFCA
FFB90066001A0017
FFDE00AEFFDF0154
0061FFC5FFC2FFE4
FFF00077003E0090
FFC4FFB9000C0187
002200C9FFEEFFBB
0047FFF3000B001A
003A012D00A8000C
FFE2FFF8FFB90149
FFC8FFB9FFBAFFC8
0044021C020EFFB9
006FFFF1FFB8FFBB
0048FFE5000000EF
FFBFFFD4FFD8FFD4
00890055FFBA0176
FFB90103004E01D1
0027FFC3FFEFFFD1
FFFB00CBFFEAFFBA
FFEB0012FFFCFFBB
0027FFC7FFF00030
FFC9FFC7FFC7004E
FFBCFFB80074021F
FFBA0044FFD40084
001A0008FFB8FFE4
004F0039FFF90090
FFD1FFD800BDFFC7
FFE2FFEA0047009F
FFC9001D00160001
FFD0FFB8008FFFDD
FFCBFFFEFFB90043
FFE30063FFB90053
004C0076FFC10097
FFDFFFC10049FFCE
0083FFD0FFF5FFC4
004800AEFFC3FFF2
FFBC0031FFD6FFC8
FFEC00C3FFBAFFEB
FFBD002000F90045
FFB8FFF4FFE4FFCB
FFB9FFBAFFEDFFE5
FFFFFFD4007DFFCF
0194006700AE0005
FFD0FFE9FFB8FFBA
0083002900BDFFFC
FFB9FFD7FFBA0006
006100CDFFFD0137
0099FFFDFFB9FFBB
FFBD006A00BE000B
019B01960126FFF7
00340051005A002E
FFB900520090002F
0017FFBDFFF6FFF8
FFCE0117FFE9007F
FFBEFFDB009BFFD6
00720011FFC80106
0086FFF5004E0090
FFD80087FFC60020
006D005BFFD10014
0003FFE6FFF7003B
0003FFB9FFE3FFE8
006D0069FFD80147
FFF60012FFBB0075
FFBCFFEDFFE2004F
FFCBFFB8FFE0FFF6
FFB90061FFFB0033
FFC6009700230148
001FFFC3FFBBFFDF
FFCF005100670071
FFCBFFB90013014E
004B0063FFF5FFB9
004EFFE7FFDD000E
003400BD0085FFF1
FFD4FFF3FFC201F0
FFC0FFBDFFB9FFBD
000E025B0223FFBB
002CFFEDFFB9FFBD
0034FFE4001E017D
FFC8FFEDFFD0FFD7
00C9003DFFB8018F
FFD300BD0081014C
0006FFBCFFC4FFC9
004400A5FFDBFFBA
FFD2FFDCFFD9FFB9
0034FFCE001C004D
FFD1FFCBFFC8007A
FFB9FFB9006B01A4
FFC20029FFC700B7
0049FFEDFFB90013
0017003B003600A6
FFEBFFCC013AFFE1
0023FFFF001900AA
FFC7FFF8004FFFDE
FFE5FFB9009FFFF0
FFE20002FFB9005E
FFCA0064FFB90057
006200C1FFD1007B
FFE4FFC50013FFC3
00C1FFC7FFCFFFC8
0097008DFFCAFFE5
FFC500540004FFEA
000C00C5FFB90007
FFBD008000A60015
FFBAFFDDFFF2FFC9
FFB8FFBA0029FFE2
FFCAFFD20062FFCA
016B0067007AFFF5
FFC10002FFB8FFB8
007F002800870012
FFBAFFF9FFB8FFD1
001200F8FFFC0153
0058FFF2FFB9FFC2
FFC5008500D50019
0175018A0141FFF6
009F002900120037
FFBC00100119FFF5
000FFFBD0029000F
FFD1013DFFDE0065
FFB8FFD700BCFFDD
007A003FFFD20157
005EFFED0021005E
FFD8006DFFBF003E
00770059FFC2FFE5
000CFFCEFFD8003C
0030FFB9FFE8FFFF
005F00A8FFE2011E
FFF80004FFBD00A7
FFB8FFD8FFD4005A
FFCAFFBCFFDD0042
FFB90025001F0084
FFD0007F00930127
FFFEFFC2FFB9FFEE
FFCF00320027009C
FFD4FFB90005013E
0035000D0020FFB9
0011FFDBFFCD0000
002500A000880001
FFD6FFDDFFE701EF
FFBBFFCDFFB8FFBE
FFD4021F018DFFC6
FFFEFFE2FFC0FFBE
002EFFCD004F01C1
FFC9FFFAFFC9FFF3
01250046FFC60139
0024005E00BB011D
0015FFBAFFBBFFBD
007A00B8FFC7FFC1
FFC5FFDDFFCDFFC9
FFFAFFF4001D0045
FFCFFFD3FFC90094
FFB9FFBA0092014D
FFD70011FFC600B1
0065FFD1FFC40046
FFFE0034006C00BB
0006FFC3017D0026
00410002002500BF
FFBCFFF3006BFFCB
FFFAFFBC00D8002A
0020FFFAFFB80042
FFCB0082FFB8003D
006000E2FFE40079
FFD5FFCB000AFFC9
00F6FFD2FFC7FFC3
00EA0054FFF0FFDF
FFC500190059FFF2
000F0084FFC50012
FFBB012700730015
FFBBFFDB0005FFD6
FFBEFFBB002AFFD9
FFBAFFDE0025FFC0
0149007B0088FFE3
FFBD0001FFBBFFBE
008D003F0050002E
FFBEFFF4FFB9FFC5
FFC300CFFFEE014D
0029FFF2FFBBFFCF
FFD5004401030009
013A017101150023
00FB001AFFDD0023
FFC0FFF9019BFFDC
0010FFC000400009
FFCB0120FFE8004B
FFBAFFE100A7FFDE
00B4008BFFD0013F
00600007000D003C
FFDC0056FFCB0072
00A9001FFFBAFFD5
0029FFC4FFD10042
004BFFBAFFEDFFFF
003F00A6FFDC00D9
00140002FFC0007E
FFB9FFC8FFC7006C
FFC2FFBDFFD40079
FFB8002AFFFF0099
FFC7006D012100D7
FFF4FFCBFFB8FFF0
FFCC00190022007F
FFDDFFB800250127
0030FFDF0016FFB9
0020FFC6FFCBFFF9
FFFB004E0091FFE9
FFCAFFCB000301E1
FFB90007FFB9FFBE
FFC501E40166FFC9
FFDAFFE7FFC5FFBD
0033FFC8009301D7
FFCD0006FFC2FFE7
0164004CFFF2011F
00880010010B00DC
FFE3FFB8FFB9FFBC
00C7008EFFC7FFD1
FFC4FFD1FFBFFFF5
FFEAFFEB0046008A
FFDDFFD6FFC3009E
FFB8FFB8006100ED
FFDF0018FFC300AB
0082FFBAFFD80091
FFE50018009700B9
0023FFC4017A0077
0082000A0004007F
FFBCFFF600A6FFC2
0017FFBF00C10034
005AFFE6FFB9004D
FFCC0082FFB9002B
006200F70001003F
FFEDFFCBFFDFFFC6
00EAFFE9FFBAFFBF
01390046000BFFCB
FFC00022008A0032
00110035FFCE0045
FFC301A90030FFEB
FFBDFFD40012FFE2
FFC4FFC40067FFC8
FFBAFFEE0038FFBB
011E00A7004BFFDF
FFB90014FFBDFFCD
00A200450025003A
FFC8FFF6FFBAFFB9
FFB800E0FFF400F8
001AFFD6FFC2FFC8
FFD5004700E8FFF5
012B015701060026
01420007FFC8003E
FFD7FFD801C7FFCC
0019FFBB005D0025
FFCD0102FFE7003F
FFBBFFCF0075FFE3
00B100A2FFD20133
003AFFFA0005004F
FFE20036FFCD006E
00E1002CFFB9FFC6
003CFFBFFFC3005E
0069FFB8FFED0024
00440084FFF600BD
000EFFFCFFBB005B
FFB8FFC0FFCE008B
FFBCFFC1FFD900CA
FFB90013000700A2
FFC80081017200E5
FFD1FFCCFFB8FFEA
FFC9FFFBFFFF009B
FFE5FFB8002900A4
0046FFBF0007FFB8
003EFFC5FFCBFFFF
00040010005AFFE9
FFDCFFCA003001A5
FFB8005EFFBAFFBC
FFBB01580102FFDD
FFD6FFE8FFD4FFCE
0036FFC1009C01CD
FFC60023FFBAFFEA
0175003B003D0102
00D6FFEA00C80090
FFD7FFB8FFBEFFBE
0127007DFFC6FFD9
FFC4FFCCFFBD0029
FFD5000500340034
FFDFFFC9FFC100B2
FFB8FFB800350090
000F0032FFC60098
00ADFFB8FFF900CF
FFC6000100EE00B4
0056FFC801AD00AD
00B3001200010084
FFB9FFE700B6FFBB
0023FFC000AB0063
0071FFDEFFB80066
FFD20097FFBC000D
005E00D900040027
FFE1FFC9FFD5FFC9
0106FFD7FFBBFFC1
01610057002EFFC5
FFC4000C00C10041
005B002AFFF30048
FFDB02100010FFDE
FFC1FFC70014FFE8
FFC0FFCF009AFFCE
FFBDFFF5000CFFB9
00DA007C004BFFD2
FFB9000FFFC8FFD4
00690051FFF60062
FFD4000BFFBAFFB9
FFB80086000500FD
FFFBFFCBFFC1FFDE
FFFD002000ACFFEC
010F012D00D6FFFF
01CA0010FFBF0038
FFF5FFC501E3FFC6
000AFFB80086003D
FFCC00CCFFE1002E
FFBCFFD80069FFF9
009600DFFFDC012A
00390000000E003A
FFEC0023FFCC0057
00E1000FFFB8FFBF
0071FFBCFFBC0062
008AFFB8FFF70030
003B00C20026006A
000BFFF2FFB80061
FFB8FFC9FFD20074
FFBAFFE2FFE80144
FFB9FFFB002800BC
FFC6005801DB009E
FFC4FFC4FFB90003
FFC0FFE6FFE700AA
FFFEFFB9002A0088
0022FFBA000DFFB9
001AFFC4FFB8FFF8
FFEB0005002BFFE7
FFF6FFC9005A0171
FFB800AFFFCCFFC2
FFBA00EF0071FFF4
FFCDFFE1FFF6FFCF
002CFFBF00C101BD
FFBE002EFFBA000D
014D004900B200AB
010AFFC600E9003E
FFDEFFB8FFC0FFBA
0136008EFFC3FFED
FFBBFFC9FFBB009C
FFD5002B002BFFF9
FFE3FFCFFFBE0084
FFB9FFB8003D002A
00320007FFBE00AE
007FFFB9003C00C6
FFC0FFEA01090080
009FFFC201A7013E
00C9FFF1001D0058
FFB8FFED00E2FFB8
003DFFBD00CF009D
00BCFFE2FFBD0061
FFE00097FFC7FFFF
003200E0000F0028
FFEAFFDDFFCFFFC1
0107FFE9FFB9FFC6
01840027004CFFC1
FFBDFFF8010F005C
004E002A00220049
FFDF026CFFF0FFE7
FFBFFFCB001CFFF5
FFC9FFD400E3FFC9
FFC00026FFF5FFB9
009F0064003BFFCA
FFBD001DFFCAFFEB
00850053FFDD0052
FFF50007FFBEFFB8
FFBC0045FFF900F3
FFEFFFD2FFD1000A
002E000300BBFFE8
00CA00DD00CE001F
01F7FFEDFFBB0075
0056FFC2020BFFCC
000FFFB9003A004E
FFC9008CFFE00027
FFBBFFEE00A7FFFF
00900146FFDA0118
002F0006FFFA003F
00210006FFCC0017
00EDFFFDFFB9FFBC
0072FFBCFFB9005B
007FFFB8FFF8000B
0004009A00660049
FFFA0002FFB9005A
FFB9FFD6FFD30066
FFBFFFDCFFE40153
FFB9FFF5001B00E4
FFC9006B01F0008B
FFC0FFC0FFBDFFF2
FFBFFFE4FFDF00CC
0004FFBC002E009B
001DFFB8FFF9FFBD
001AFFBCFFB9FFF4
FFF0FFF3001AFFFB
000BFFC800590121
FFBB00FAFFCEFFCA
FFBF004B00370004
FFE0FFDA0007FFC7
002DFFBC00A301B3
FFB90074FFBB0036
014D003400B40067
00E5FFBC00E60029
FFE3FFB9FFC6FFC0
016E0097FFBF0008
FFC0FFCFFFBB00B8
FFCA002D000DFFF3
FFE1FFE2FFBC008A
FFB9FFB90029FFE3
0033FFF9FFC700AE
0053FFBB005000C0
FFC0FFE000B00042
00F1FFBB019E019F
00E4FFEF0037002E
FFBAFFF100C2FFB8
003DFFC200D300DA
00A1FFCEFFC1004E
001700BCFFC4FFEC
FFF800D9000A0036
FFF8FFE0FFC8FFC2
0114FFEDFFBBFFC1
0166002A007FFFBC
FFBDFFF500EC006A
00600020002E007B
00200240FFDFFFE9
FFC0FFBB00100011
FFCDFFDC012AFFBD
FFBD0030FFDBFFBA
00910047005BFFC0
FFC40049FFC40008
00B40041FFDE003A
001F000CFFC5FFB8
FFBC001DFFE600C5
FFD0FFCFFFEC000A
003AFFF40065FFDC
0069007400DC000E
01F00004FFB90071
00A7FFBB01B2FFCE
001EFFB9003F004B
FFC5006AFFE3000F
FFBBFFF30095FFF5
00B10183FFE100C7
002F0006FFF70045
0023FFF0FFD1FFF6
00E6FFFCFFBBFFB8
00C5FFBDFFB80055
008AFFBFFFDC003A
000600770084FFFA
00000001FFC40038
FFBCFFE8FFDB0052
FFBE0011FFEC0184
FFB8FFF8000C00D9
FFC300460258003F
FFBBFFC3FFC0002C
FFC4FFE2FFD300D6
002CFFBF00400062
0021FFB9FFFAFFBE
0000FFB8FFBAFFEA
FFE7FFE2FFEDFFD2
003AFFD0008B00D4
FFBF0109FFDEFFCD
FFC4FFECFFE60006
FFCDFFE50041FFD0
0020FFBD00970146
FFBB0069FFB90089
011B00590105002E
010BFFBA009FFFFD
FFDDFFB8FFC7FFBF
018B00BDFFC5003A
FFC6FFC8FFBC013D
FFC3003F0013FFD8
FFD1FFF9FFB80054
FFC1FFB80030FFC1
0047FFDDFFBE008E
0055FFC200DB00E0
FFBFFFCA00D4000F
017BFFC0014001EB
013CFFCD0054FFEA
FFBCFFF600B1FFBB
0034FFBF00B100DA
00DDFFC6FFDD006E
004900C5FFD7FFDE
FFE600BA002D0054
FFF00006FFBAFFC1
0119FFFCFFBBFFC4
016400300069FFB8
FFB8FFF900DF0061
006100050060006A
0068021CFFCE0002
FFBAFFC1000D001D
FFDFFFEA0176FFB9
FFBF0056FFC6FFC4
0050004B003DFFBC
FFC70041FFC00054
00D30031FFD2005C
00AB000BFFC6FFB9
FFBDFFFEFFFB009A
FFC6FFCCFFEC0034
0025FFD00040FFD1
000EFFEC00BE0008
02050007FFBA00A8
010FFFB9016BFFCC
000EFFBE00190076
FFBE003AFFF0FFE3
FFB8FFF900990006
008901A6FFE70061
00440001FFE30044
0027FFE9FFE70011
00C1FFEBFFBBFFBA
00E6FFC6FFBB0084
006CFFC1FFD70061
FFF000460098FFCB
00180008FFF40029
FFD80012FFCF005B
FFC1000EFFF10197
FFB90007FFFC009A
FFBD004602A10031
FFB9FFC4FFC2002D
FFCEFFCEFFC900DB
0029FFC40022001F
0038FFB9FFEAFFCC
0015FFB8FFBEFFD8
FFD7FFCBFFD1FFCD
004BFFD500B2006C
FFC4015DFFEDFFE1
FFC6FFC6FFBF0014
FFEAFFEF0078FFEB
FFFBFFBD007F00F6
FFD40086FFB800E7
00E8003E0120FFFA
010BFFBC0052FFCC
FFEEFFBAFFC9FFC8
018E0109FFCC004F
FFC6FFC3FFC70172
FFBE00660004FFBF
FFD7FFE1FFBF0025
FFD6FFB8000AFFB8
009BFFDDFFC20090
002AFFC4013D00E8
FFB9FFBD00E40022
01BEFFBF012C0218
0140FFC90071FFEB
FFBC000E0095FFBC
003AFFBE006500E7
00ACFFC1FFFC007A
008A00DAFFD5FFD7
FFD8008E002B005F
FFEA0019FFB8FFC3
0108FFEDFFC9FFB9
016F002A0077FFB9
FFB9FFFB00B9001F
0059000200950058
011E01F0FFC2000D
FFBAFFBCFFFE001C
FFE8000701D2FFB8
FFBC0057FFC0FFC5
00440057004BFFB8
FFC70073FFBF006F
00BC001CFFC40063
01390017FFC7FFBA
FFBEFFD8000A005A
FFC2FFD9FFED003F
0013FFCA0023FFE2
FFDAFFC50074FFD8
01830014FFB800BE
0175FFBB00ED0000
0040FFDDFFE50070
FFBBFFEFFFEDFFDB
FFBFFFFD0080FFF5
00910166FFEE0006
0092FFF1FFD00027
005EFFD2FFD90000
00C8FFE9FFBAFFBB
00D0FFD0FFC40081
004DFFE2FFD10069
FFE2001000DDFFB8
001600350043FFED
0000000CFFDC0039
FFD20052FFFD0165
FFC6FFE9FFF90069
FFBE0016021F0018
FFB9FFC1FFBD0027
FFD9FFCDFFBC00BC
005DFFE40004000E
0041FFBAFFCDFFE0
0001FFB8FFC0FFE8
FFD5FFBCFFCCFFE1
008CFFE7009A0015
FFCC0124FFF60007
FFC2FFB9FFBA0002
FFE4001200A8FFF8
FFEAFFC3004A0084
0017009DFFB80107
008B005100EEFFBF
00D0FFBAFFF5FFC6
0003FFC5FFC6FFC1
01160127FFD60050
FFCCFFD5FFDE01BC
FFB80054FFE6FFBA
FFD00014FFD7FFF3
FFFEFFBD0019FFB9
0092FFD1FFC7001F
0004FFC001A500E0
FFBAFFB8009EFFF0
01F2FFCB00B201F3
00EEFFCC008CFFD4
FFD0002A0065FFB9
0025FFBC001A00CC
00A7FFC50058007F
010300C3FFE5FFCE
FFC1006000270069
FFF80042FFB8FFCF
00B7FFF1FFE4FFC1
00EC004D0070FFBA
FFC4FFD40079002A
0032001000CB0054
017E0107FFBA000A
FFC7FFBDFFF5003A
00190014021DFFB9
FFB800A8FFB9FFF0
FFF1002B0036FFB8
FFED0055FFC90098
00AD0014FFC30084
01C5002DFFCDFFB8
FFB8FFC00017001D
FFBA0014FFFA0078
FFE9FFBA001BFFCD
FFBFFFBA0078FFDC
00D80019FFBD00BD
01A0FFB9003BFFFB
00510011FFD500AB
FFBBFFD60006FFC3
FFEB0019007CFFF8
0074016FFFF7FFC9
005CFFEBFFD70038
0052FFC7001DFFE9
0093FFD5FFBBFFC3
00C6FFE9FFBE005A
003E0017FFD60050
FFCCFFDC0092FFBB
001600490094FFD1
0069005DFFCAFFF9
FFDD003DFFFE0138
FFE60020FFDC0006
FFC400200203FFF7
FFBAFFC2FFC30036
0000FFCFFFB9009E
00580035FFEEFFF6
004BFFC1FFD40000
0019FFBDFFBBFFF0
FFC3FFBAFFD8FFE0
009400010065FFC3
FFD40132FFFF001F
FFBFFFC5FFC0FFE2
FFE4004400A70027
FFDBFFD20007001D
00760073FFBE0196
007C003000B3FFBE
003FFFCEFFD4FFC3
001FFFD6FFC0FFCE
00EC0133FFE90051
FFCBFFDEFFF5017F
FFB90029FFCFFFB9
FFDCFFFD0017FFC8
0061FFC5FFE4FFB9
0071FFBDFFCB0006
000CFFC201A800BA
FFB9FFB9004BFFF3
01BAFFD6003D01B5
0070FFCD0084FFBD
0005008A0020FFB9
002BFFB8FFD200F6
0079FFB800AF0056
014700BDFFEDFFCB
FFB8FFEC00320071
FFF90058FFB9FFD3
0095000B0007FFB8
00C000370071FFB9
FFDDFFDB002E0007
0032FFEC00970015
01EE008EFFBC003A
000CFFC0FFF80053
0023005A0278FFBB
FFC9008CFFBCFFE1
FFEA00410026FFB8
00050074FFC500AE
00B8FFF8FFBE0097
0227003BFFD3FFB9
FFB9FFBC0044FFF4
FFBF0022FFFA0076
FFD4FFB90001FFCD
FFB9FFBD0054FFD8
006D0045FFCA00E0
0198FFB8FFE10043
0062002CFFBA007A
FFBEFFD30016FFCC
002C0005009AFFE5
007F010DFFF8FFBB
008AFFE3FFC40000
0047FFCB0020FFCC
0056FFD1FFB9FFCB
00B10009FFBA0021
00130051FFCC0043
FFC2FFD000CEFFBF
000B005900D9FFC2
00C10065FFCDFFF9
FFF5004B001C008A
000D0020FFD9FFE4
FFBE00030134FFF9
FFC0FFC3FFBE0034
003DFFCDFFBE0091
006C003FFFE4FFF4
0043FFDCFFC80018
0012FFBDFFB9FFE5
FFC4FFC0FFDEFFD7
00E600190051FFB9
FFEB0092FFD80039
FFB8FFCCFFC2FFC8
0017005100B4003C
FFD6FFD8FFE3FFE9
00C50085FFCD018B
0029002A005FFFB9
00050007FFC2FFCD
0040FFEBFFBAFFDB
0064017000030051
FFCD00120047015B
FFBA0019FFC7FFB8
FFC000230054FFC7
00B7FFD8FFE2FFB9
006BFFBBFFD7FFF1
FFECFFBD0120007E
FFCCFFBAFFF5FFE8
01C7FFF5FFFC0104
0055FFBE00B4FFB8
004100800002FFBA
FFFAFFB9FFC000CC
0026FFB800D00043
01CC00CBFFE0FFD2
FFB8FFDC00120088
FFF20046FFB9FFE2
00520027005CFFB9
004E00830041FFB9
000AFFCEFFE2FFF7
0000001C007A002B
023EFFF0FFBA009C
0061FFBFFFEE0036
00020040023BFFB9
FFF0005BFFBCFFED
FFDA0030004EFFB9
0046004EFFC0008F
00A5FFDEFFCE009E
023A003DFFC7FFC0
FFD4FFBA004FFFDD
FFC3006BFFE10077
FFC6FFB8FFEBFFD0
FFB8FFBF0057FFCC
FFE30038FFE200BD
0189FFBAFFBA0061
008E0067FFB90088
FFBBFFC50025FFC1
008A000800A7FFE7
003F00C0FFE8FFB9
0071FFC9FFCA0012
0049FFCF0034FFC4
0032FFD2FFBAFFE1
0072002EFFB80007
FFFE0051FFD10017
FFC1FFCD009FFFC3
001A006500D4FFB9
0122005DFFBFFFC9
FFEF00190022004A
003C0020FFD4FFC5
FFC60017006F001C
FFD0FFC8FFBD0016
0069FFD3FFBC004E
0044007AFFC3FFFC
0049003FFFC60048
0044FFB8FFB90013
FFC5FFC3FFF00000
00B00055FFF1FFBE
00010051FFC90084
FFBAFFD6FFC5FFBC
00400069009C007C
FFDBFFEBFFCEFFC2
0140005CFFED017F
000600370000FFB8
FFCC0030FFBCFFD8
0050000CFFB9FFFB
00250145001C002C
FFE1003D009800F5
FFBB000DFFC0FFBB
FFC00009006FFFB8
00F1FFF0FFC8FFCC
005DFFBFFFD8FFDC
FFE0FFB800F1003A
FFCEFFB9FFD2FFD9
0148001BFFDA0093
0001FFD200B7FFB9
009F00C3FFDFFFCF
FFEAFFC6FFB8008F
FFDFFFBA00F40027
01D000AFFFDDFFD2
FFB9FFBEFFF5008E
FFE5002EFFB8FFEB
0009001500B8FFBD
FFFC00900017FFBA
0024FFCEFFC4FFEE
FFF500220061FFFB
023DFFBDFFC4008E
00B9FFC7FFE40027
001000650212FFB8
00540061FFCBFFD8
FFCE0015004EFFB9
00890046FFCA005B
003DFFC4FFD70097
0230007BFFC5FFD6
001FFFB8008DFFDD
FFBE00D1FFD1006E
FFD3FFB8FFD9FFC3
FFB9FFBA005CFFC7
FFC3004EFFF100A2
0155FFCCFFBA0088
005C005EFFB90065
FFC0FFC50037FFCA
00B1FFFA009FFFEB
00290086FFDAFFBB
0057FFCDFFCA0028
0032FFE1003AFFBC
0012FFD8FFC5FFED
006A006FFFBCFFE8
FFEA004BFFC50003
FFC0FFD10072FFBC
000C007B00BFFFB8
013900BBFFBDFFBF
000600100026FFF7
004B0001FFCCFFC9
FFDB000E00140024
FFDEFFC8FFBC0009
006BFFF1FFC0005C
00160076FFC1002F
004200B5FFC4003E
0038FFB9FFBC0013
FFD4FFE40018FFF8
00D60083FFD6FFC0
0060FFF9FFC50077
FFD6FFCEFFBCFFB8
003D0069007B0046
FFEF0008FFC3FFC1
01CC001A000F0147
FFF60046FFD3FFBA
FFB9006CFFC00001
00460024FFCB002A
000501450010001A
FFEB005800980089
FFC3FFFFFFBBFFBB
FFBA00230071FFB8
00FBFFECFFCDFFDA
0001FFBCFFDAFFE0
FFD4FFBC00900007
FFF5FFB8FFBFFFC2
010B0025FFCE0071
FFDCFFD400E5FFBD
00B0009EFFCDFFDF
FFCEFFD3FFB8005A
FFD7FFB900E4000D
02140097FFCBFFD0
FFB8FFB9FFEB00BD
FFF50026FFBDFFD8
FFF3001D00DCFFBC
FFE40062FFF2FFBB
0070FFC6FFBAFFD1
FFE7003E00360000
01DBFFB8FFD300EB
00B0FFC8FFE4FFF7
0008003801FEFFB9
007B003BFFCCFFDE
FFCF0012006DFFB8
00B0001AFFBC0020
005DFFBCFFFE005D
01E40076FFC7FFED
0075FFBC0080FFD5
FFC600EDFFD5006F
FFC9FFB9FFE5FFC8
FFB8FFBC005DFFC4
FFB8005A00040089
00FBFFE1FFBE00EB
00670058FFBA006D
FFC5FFD1001CFFD2
010D0002008CFFDD
0050004EFFD4FFBF
004EFFC6FFCB0012
0023FFED0049FFBF
FFF4FFCEFFD2FFFD
00390075FFBBFFDD
FFD20049FFC3FFE7
FFC8FFCA0089FFBB
000F007900CCFFB8
012C00ACFFBDFFBF
0032000A0009FFCE
00790007FFCEFFC3
FFE80006FFDF0049
FFEBFFC8FFBBFFF7
005AFFF4FFBD0027
001B009AFFB9005E
00440122FFBD006A
0046FFB8FFCB003D
FFCAFFE8007F0001
00B7004FFFCBFFBE
002AFFDAFFC5009C
001CFFCBFFB9FFBA
001B0097004A0045
FFEF002BFFBAFFBC
015B001D0019014D
00020044FFC2FFB9
FFB800BEFFBC0023
00480048FFF00029
FFE101040027FFF3
FFF4006500BE006D
FFC3FFEBFFBBFFB9
FFBB00140076FFB8
011C0013FFC00001
FFFAFFBAFFFDFFDE
FFCFFFC4001DFFF4
0003FFB9FFB9FFC4
00BD0036FFC80005
FFC9FFD400F1FFBC
00E800F7FFC70027
FFCBFFCFFFB8003D
FFC7FFBA00E90003
01F5007EFFC0FFE3
FFB9FFB8FFE200C3
000B0008FFC1FFE6
FFD4001E0117FFC2
FFD30082FFDFFFBE
004EFFC2FFB8FFDD
FFD000320010FFF3
01C2FFBBFFEF00C5
00D9FFCAFFE5FFE9
0010001701A3FFB8
00C8003AFFD3FFCE
FFCD0012006EFFBC
00CF0002FFC4FFEA
0038FFB90024007B
019E0097FFC9FFE7
00B6FFBF007BFFDD
FFDC011BFFC80068
FFCEFFB9FFF1FFC4
FFBCFFB80064FFD6
FFBE004600520079
00C60010FFC100EB
005E002AFFBA0038
FFC7FFD3001FFFE9
0105000800A3FFE9
003E005EFFD5FFBE
004CFFD0FFDFFFF2
001B00040046FFBC
FFDCFFC4FFDF001F
002200D3FFCAFFC7
FFDC004DFFC3FFCD
FFCBFFD10077FFB8
0013007400B2FFBA
012B00BFFFBEFFBC
000BFFD3000DFFBC
00420022FFCEFFBD
FFE80035FFBC0069
000FFFC9FFBCFFE5
00560013FFCC0014
0023004CFFB80099
0022016AFFC8006B
0041FFBBFFD80039
FFD4002400650013
005E0063FFB9FFBE
0076FFC8FFBC0099
004FFFC4FFCCFFB9
0079008E00190046
FFFB0041FFB9FFBC
011B000D003A00FE
0004006EFFB9FFC5
FFBC0135FFC2005E
0035003200090047
FFCB00E60029FFD2
FFF2007400D10006
FFE3FFD0FFBCFFBA
FFB9000E0051FFB8
01130027FFC4004E
FFDEFFBDFFFAFFF0
FFD0FFC7FFDFFFE8
0049FFBEFFB9FFCF
004D0029FFCBFFD9
FFCDFFD100D2FFBB
00FC00D4FFC40041
FFBFFFD7FFB90018
FFB9FFBA00D2FFDC
01F60096FFB8FFEA
FFBBFFB8FFC900D3
FFF8FFEFFFCCFFE2
FFCA0019013CFFC3
FFC20097FFD3FFD5
005AFFD2FFB9FFC7
FFC60049FFE1FFED
0172FFC1001900E8
00ECFFCFFFD4FFEA
FFE50005011DFFB8
00F10005FFE8FFBF
FFFE0019009FFFC3
00D2FFFFFFBEFFDD
0012FFBA0035006D
01220076FFC80004
011DFFCB0094FFDF
FFDE0169FFBD0062
FFC5FFBF0000FFCE
FFCBFFB800B2FFCA
FFC1005100610066
0042001AFFC300FF
006D0019FFBB0077
FFCCFFDD000EFFF1
0114FFE30093FFDE
003C0019FFCCFFBB
004DFFC8FFDDFFFA
00040017005CFFCC
FFCEFFC6FFF1004C
FFF100AFFFC6FFD0
FFD50011FFD2FFCD
FFC9FFE00035FFBD
00250096007DFFBD
010500C0FFBCFFBF
002FFFCC0015FFB9
00650028FFCBFFBA
00090056FFB900BD
001FFFC6FFB9FFE3
00460011FFC80003
000C0085FFB800CC
004601EEFFC4005A
005FFFC0FFE10045
FFC80035010D003F
0042005EFFB8FFB9
0045FFB9FFB9008D
008CFFB9FFEEFFC1
0044007AFFFF002D
00070061FFB8FFBD
00B1000200340105
00220057FFB9FFD1
FFBE0159FFC00087
00520051001F0045
FFBB00F10021FFC2
FFF7008000B1FFD6
FFD6FFC6FFB9FFBF
FFB8FFF50013FFB9
00E5FFFEFFC400D3
FFD4FFBBFFFFFFF5
FFD3FFE5FFC1FFCA
004DFFDBFFB9FFD3
001A0038FFCDFFBE
FFB9FFEC00D6FFB9
00DA00DEFFC3007C
FFC4FFD0FFB80012
FFB8FFB80094FFD4
0192005DFFB8000E
FFC1FFB8FFC700FF
000AFFF1FFEBFFE5
FFCA000E0149FFC1
FFCF0089FFC6FFD6
0020FFC3FFBAFFC9
FFC10069FFCDFFE2
00DBFFBE004100C3
00C9FFD3FFE2FFE2
FFE7FFE900C2FFBA
0145FFFEFFF6FFBA
00360018009EFFC1
00E6FFECFFC2FFBE
FFF2FFB8003A0079
00EA0083FFC00016
012DFFD2008A0005
001C012AFFB9001C
FFC6FFC10017FFCD
FFFFFFDF0089FFC3
FFC500640080003D
FFEA0032FFC30131
0079FFE8FFB9003F
FFDC000D001C0011
00E8FFCF0057FFE4
005EFFFBFFC9FFB9
004DFFCC0002FFE3
FFED00630047FFEB
FFCBFFC8000F005F
FFF700BBFFCFFFC7
FFD8FFF6FFD9FFC9
FFDD00090040FFCF
001A006E003AFFC2
009F006DFFBCFFC5
0014FFCA001DFFBB
004A0021FFCFFFB8
00080044FFBE010E
0032FFC8FFB8FFCC
00320021FFE0FFE6
00010029FFBB0125
00160235FFC1004B
0082FFCAFFF40049
FFC90084015B0062
0024004BFFB8FFB8
0031FFB9FFB8005B
00A7FFC50050FFC1
00400061FFEB001C
00290061FFB9FFC4
0042FFF7002A006B
001D0049FFB9000E
FFBD0191FFE500EC
001B003E00280059
FFB900B50023FFB9
FFFD007B00A1FFC1
0000FFBFFFB9FFC6
FFB8FFDBFFD0FFBD
00AD001DFFC4018F
FFC8FFC6FFFD0019
FFF6FFF4FFB9FFCB
0064FFEBFFB9FFE1
FFE40051FFEBFFB8
FFC0FFE700F6FFBC
00C200DBFFCF00A2
FFBDFFCEFFB9FFF6
FFBAFFB9003BFFD5
012F0057FFB90019
FFEDFFBAFFBE00DF
0003FFE1FFECFFDD
FFC4001C0156FFD0
FFC800ABFFBDFFF5
FFFFFFC2FFB8FFC9
FFC2008AFFC4FFEB
0043FFBB008E00B6
0074FFD3FFDFFFCC
FFDAFFD0006DFFBF
00EBFFFF0028FFB8
0050000A00EFFFD8
00FAFFD3FFD2FFB8
FFD1FFB90079009B
006100B4FFBA0008
0188FFE600A50021
002F0112FFB8FFEA
FFBCFFDE001FFFCF
0030FFF500C0FFBF
FFC2009000D10046
FFC1004EFFC10188
0099FFC9FFB90037
FFDC000F00080029
00E3FFCD0067FFDC
0076FFEFFFC2FFBA
0057FFDE00350010
FFEC00BD0017000E
FFCAFFCDFFF90086
FFEB00ADFFC6FFD1
FFCFFFD8FFD2FFD0
FFE4FFFD00210011
0010007A0010FFC4
005E006DFFCAFFD3
000DFFC6001AFFBC
00170030FFDDFFB9
FFF9005BFFBF0122
0054FFCCFFBAFFCE
0008002FFFEBFFF9
FFEE0013FFB8017F
0029021FFFBF0017
007CFFCFFFFC0029
FFD300890147005F
00090059FFB9FFCC
0009FFBAFFB80040
00BF001200A7FFC3
00490046FFCBFFEE
003D0057FFB9FFCD
0001FFE2FFF6004A
00130049FFBA004D
FFBE017AFFD50161
0030002A002A0027
FFB800BE002BFFB9
002E007100ADFFB9
FFFAFFB9FFBCFFDD
FFB9FFD2FFBBFFC5
004EFFD9FFCC01DD
FFCAFFE1FFF90022
FFF50004FFBFFFC4
0056003EFFBAFFF6
FFE00024FFFFFFB8
FFBFFFEA00C2FFDB
006500C6FFD00098
FFBBFFBDFFBEFFE8
FFBAFFBCFFFC0000
00B30057FFBA0020
0014FFB8FFC400FF
FFFCFFDF0001FFDB
FFD0FFF80149FFCB
FFD100D0FFBCFFF5
FFD7FFCFFFB9FFC0
FFC8008DFFBAFFDF
0019FFBA00E6008B
004DFFE1FFDFFFC5
FFD8FFC1002CFFCB
00ECFFF2002BFFBB
00AD002200CEFFD7
00AEFFD3FFC2FFBE
FFE2FFB9007300A2
002A0091FFB90012
0187FFF800810057
005900FFFFB8FFF5
FFC5FFDA0057FFD2
0073007100D4FFC5
FFBD008200A3002E
FFBD003DFFB9013F
0080FFBDFFB90038
FFCC00300001003D
009BFFC6005EFFD8
00C0FFFFFFBCFFCB
00790001003A000F
FFD000D700000032
FFCDFFCB000600BE
FFF6005BFFD5FFE2
FFDDFFC6FFEBFFD7
FFF8001B00000056
0002006DFFE1FFD6
FFF60045FFCEFFD0
000DFFC10018FFC0
0002002FFFE9FFBC
0014007CFFBD013C
0053FFCCFFBDFFC3
FFF50023FFF6FFE1
FFE00017FFB801A5
002301F9FFC2FFDC
00A7FFE500290039
FFCB009101B3007B
FFFE0020FFB8FFE7
0007FFB9FFB9FFF0
00A500780135FFC1
00070034FFC5FFD9
0063003FFFC0FFF3
FFC50000FFDA0004
006D003EFFB900D5
FFBB014D000C015B
0011000100300013
FFBD0097001FFFB9
000100650036FFB8
FFE4FFBAFFBCFFFF
FFB8FFC9FFB9FFD9
0036FFE4FFCC0228
FFC7FFF2FFF80033
000A0007FFC2FFC0
00440071FFBFFFF4
FFCF00030046FFBA
FFBFFFFF00E1FFFA
00150093FFEC0080
FFBDFFBBFFD7FFED
FFB8FFC3FFCDFFEC
0071004AFFBD003F
0057FFB9FFBD00E2
0016FFC2003AFFD7
FFD2001900BDFFCD
00000094FFB90014
FFBCFFD1FFB9FFC2
FFD70084FFC1FFE5
FFD8FFC300FC0075
FFEDFFE0FFD7FFC2
FFE3FFBDFFF8FFCE
00D1FFFB005AFFBE
0104001B00C5FFD9
0097FFCEFFC2FFC2
FFD7FFC3007B0080
FFEB0094FFBB0011
012E003D00590089
003A00AFFFB8FFF8
FFCBFFE30064FFD8
00E000DD00CDFFC7
FFB9004500E00004
FFB90010FFBA0120
00C4FFB8FFC00014
FFC7004B000A0046
002EFFC5006CFFEB
00A90004FFBDFFF8
008D002500AC0009
FFCD00F90002007A
FFCBFFCFFFD400AB
000C0058FFE9FFF0
FFE7FFBA0015FFDC
0000004DFFFF0090
00130077FFC8FFF5
FFCF0034FFDBFFE9
FFF2FFBD0025FFBA
FFDE0046FFD2FFBD
FFEC0091FFBB0138
0033FFC0FFBAFFC9
FFEB0014001CFFD9
FFD6FFD7FFBE01C0
000A018CFFC9FFCF
00D9001600000036
FFD00090018C008A
FFE50026FFB80010
FFE3FFB9FFB9FFD7
004B00FE0143FFBA
001EFFFFFFBCFFD2
0086004EFFCD0019
FFB8000CFFEAFFE2
00340043FFB80149
FFB8011600250133
FFFDFFFDFFE20017
FFBD0095002AFFB9
000000340022FFB8
0002FFB9FFCAFFDE
FFC1FFCAFFC4FFE6
FFF7FFD6FFE20246
FFD0FFF5FFD20063
001F000AFFC1FFBC
005000D8FFD40016
FFC0001700AAFFBE
FFC90010009E005F
FFF400710017004F
FFBEFFB9FFE6FFE1
FFB9FFDDFFB90006
00160055FFB9002E
00A1FFBEFFBA00C6
0000FFC60031FFC6
FFD8001F0076FFD6
004A0097FFB80023
FFB9FFE7FFC8FFD4
FFE7009EFFBEFFEB
FFC1FFED01280023
FFCBFFE8FFE1FFCA
FFD0FFCB0006FFE2
0090FFEC0069FFC3
0167000D00A7FFE2
0066FFCCFFCFFFC6
FFD3FFCF0065009E
FFD7009DFFBA0001
0106005A008300E2
00280098FFB8FFE1
FFD000040070FFDA
01040139010CFFC1
FFBD002000E5000A
FFB80005FFC600DD
00C6FFB9FFCC0011
FFD00053FFF90065
FFFFFFC6008DFFF9
00DA001FFFBD003A
008C005E00970029
FFCF0110FFE100A4
FFCCFFDCFFBD00A8
FFF70061FFC9FFFC
FFEFFFB9000EFFD8
0009007EFFEF00EB
00280050FFC30012
FFC100180025000F
FFE0FFBB0030FFB9
FFC40027FFEEFFC2
FFE10097FFB80128
0038FFBEFFC1FFCE
FFD0FFF60028FFF3
FFDCFFC4FFC101D7
00010145FFD8FFC1
009D000DFFF4002E
FFCD008901580094
FFE10012FFB9003D
FFCFFFBDFFBEFFE6
0028017D015EFFB8
0008FFFEFFC1FFC5
00B10052FFEF0057
FFB90014FFC9FFFD
004F0067FFBA019C
FFB900EE00510136
FFF3FFDBFFD40006
FFCB007B0018FFB8
FFF60031FFF9FFB8
FFF1FFB9FFCBFFEE
FFC1FFCCFFC9FFEF
FFE3FFBD00090262
FFDB000EFFC500A3
0040FFF8FFBFFFC8
003800DEFFE7004C
FFC5FFFD00C0FFCD
FFD00023008D0094
FFD40062002D003D
FFC1FFBA000DFFED
FFB8FFE5FFB9000D
000D0053FFB80027
00B3FFD4FFBF00D9
FFF5FFD00005FFC4
FFF300120049FFD8
00720075FFB80020
FFB9FFE9FFDBFFE0
FFE500A1FFC2FFD7
FFBD00400133FFF7
FFBDFFDFFFD7FFC3
FFC5FFC80001FFE7
005F0000004CFFC8
01CA0017009AFFE8
0032FFD3FFCBFFC5
FFD6FFD2008400B9
FFCC008EFFB90000
00B10081005000EF
00380066FFBBFFD9
FFE2002700CAFFDC
013D019A00E2FFC1
FFD1001C00BBFFFF
FFB8FFE9001C00A1
00CEFFBBFFE5FFE9
FFC3005EFFEF006C
FFC6FFC80084FFE2
00F5004BFFC10090
00BD008E00CB0023
FFD500E7FFC50086
FFFFFFF2FFBA0099
FFFB004CFFC90022
0002FFBB0009FFE7
000300C7FFF000FA
00310049FFBE005E
FFB8000E007D003A
FFE8FFC3002BFFBA
FFBB0039FFF6FFDC
FFE9009EFFC300CC
001CFFBEFFCDFFE5
FFD300040034FFEE
FFEAFFBAFFE70201
000200C1FFE0FFB8
009E000EFFE20029
FFD500970114006B
FFCF0000FFBC0090
FFBFFFC5FFC3FFD1
FFFF01EB015AFFBC
000FFFE9FFC1FFBE
00AB001F003500BB
FFBF000AFFBDFFDC
0068004BFFBC01CD
FFC400BD00690138
FFF2FFC2FFC5FFEF
FFDC00A40008FFB9
FFEB0033FFDBFFB9
FFDFFFC2FFD40002
FFD1FFD7FFD10004
FFC3FFB8003B022B
FFD60008FFC400A6
003AFFF1FFB9FFD0
003800F5001A003B
FFC6FFEE00C6FFD8
FFDB0043007E00DA
FFBC00270054000C
FFC7FFBA0080FFE5
FFBB000EFFBF000D
FFEF0064FFB80018
00B50005FFC100CD
0022FFDA0022FFC1
001800160001FFD2
00A5005AFFB80029
FFB9FFF8FFFEFFDF
FFE800A3FFC9FFE3
FFB80090013DFFE7
FFB8FFEDFFDDFFC4
FFCEFFC4FFF9FFF5
001C000A002EFFC7
02230032007FFFEB
FFF8FFD7FFC1FFBE
FFFB000500440095
FFC70054FFBCFFEF
0053009900240113
001D001AFFC8FFE4
FFF5004300B7FFF0
0164019E00D5FFC8
FFF900150099FFF5
FFB9FFDE00A30098
00BCFFBD0015FFE7
FFC1007AFFE80044
FFBCFFCF006EFFF3
00D90073FFC100C1
00DB00D600F00038
FFD700C6FFBB00A3
FFFAFFF8FFB90054
0017002CFFC00041
0002FFB80001FFEC
000B00D0000E0102
00270044FFBC00BB
FFBD000D00A50045
FFDCFFCD0014FFC8
FFBA00340005000F
FFDB0090FFE9007E
FFFFFFBDFFC2FFE3
FFCEFFFC001AFFF8
FFF2FFB9001001ED
FFF00060FFE4FFB9
00860020FFD0000C
FFE2008C00FA0054
FFCBFFEBFFC50106
FFBAFFEDFFE0FFCA
FFF0023E016FFFC7
0007FFE1FFBDFFBB
00870029004B00EE
FFCA0028FFBDFFE2
00910070FFCA01D8
FFE70070005D010C
FFF0FFBBFFBDFFDD
FFF5009C0017FFB9
FFE9FFF9FFCBFFBC
FFE8FFC7FFF1FFF5
FFF0FFDEFFD60025
FFBBFFB9007701A3
FFDA0005FFBB00D1
0044FFEBFFBCFFD8
004800D200600059
FFCDFFDF010F0006
FFED0012006200F6
FFB900140087FFE3
FFCCFFBD00A7FFF2
FFC5004BFFC20025
FFDC0058FFBC002A
00B70028FFC100AA
0036FFD70017FFBB
00380027FFDAFFDA
00F40061FFBC0030
FFB9001D002BFFFA
FFFD0062FFD4FFF6
FFB900E50124FFD8
FFBBFFFAFFDBFFCB
FFCFFFCB00090004
FFE500040034FFC0
020A0050003E0005
FFE9FFDCFFC4FFBB
001000300044007E
FFCC003FFFCEFFE2
FFFF00C2001C013C
FFF50008FFD4FFF3
001A002500D7FFF2
012A019500C9FFCD
00840007004E000A
FFBEFFC501020034
0075FFBC0036FFED
FFBF0063FFD9005B
FFB9FFD800790004
011700B0FFC00120
00C9012000DD0022
FFDC00A9FFC2009A
0006FFFCFFB8003B
002A0020FFBB0061
0032FFBB001EFFF5
000D00DD001400F1
00150046FFC000D6
FFC2000500C80078
FFDCFFD30025FFDC
FFB80036003D002C
FFD0007400490037
FFF5FFBCFFD3FFEF
FFC5FFEB0029001D
FFF3FFB9004001DE
FFE2000EFFEEFFB9
0057FFEDFFC3FFE8
FFD0005C00830044
FFEEFFDDFFD0011F
FFBC0014FFFBFFC9
FFBF026200ECFFF9
FFD8FFC3FFCCFFB9
008B000F0090012B
FFC4005EFFB9FFFC
0075003DFFFA01C8
FFFDFFEC00AD009F
FFEDFFBAFFB8FFD1
001D008AFFFEFFCA
FFE1FFFDFFBCFFCB
FFD6FFCEFFEAFFEC
0020FFCDFFD1004D
FFB9FFBA0090012D
FFF4001BFFBC00BD
004BFFDAFFC3FFDA
001000C500A70053
FFF3FFC3010F006B
002B001D00930101
FFBBFFF900A3FFC7
FFD9FFBA01200008
FFDA004BFFC70041
FFEB0051FFC6FFF7
00B1003DFFE00085
0030FFFCFFEDFFBB
006E002BFFCFFFD3
015C0002FFBE000A
FFBB001E009A0003
00150034FFF00007
FFB8019700CCFFCA
FFBBFFE1FFE0FFE7
FFE6FFC8002EFFE5
FFCF001C0011FFBD
020300440065FFD8
FFD3FFF5FFC7FFB9
0038007A00350061
FFE7002AFFC4FFDE
FFD600B5FFED00E3
FFDEFFE2FFEEFFEA
0036002700BAFFEC
00EF014E009AFFCD
00C4FFF70018FFEF
FFD1FFBC01460014
0093FFB90060FFF5
FFBC0065FFD6000D
FFB8FFD00056FFFE
011C00E0FFC7011E
00D6013600FB0011
FFE20078FFC300A1
002B001BFFBD002F
00330004FFB90068
003FFFBE000F002D
000A00DB000D00B9
00380049FFC500D7
FFC7000700EA0072
FFCEFFF80038000E
FFB9006900460038
FFD2004400BEFFFE
FFD8FFBBFFC1FFFE
FFC4FFD600100002
0013FFBA005C013F
FFE2FFD80006FFBB
005AFFE9FFB9FFE2
FFD30024005F0013
FFD9FFCFFFF20110
FFB800730029FFC2
FFB9022300900022
FFD5FFC7FFCCFFC4
0063001300DE0144
FFC30068FFB9001D
00890036002701B5
0064FFDE00950057
FFECFFB8FFB8FFCE
004A008CFFF6FFCB
FFD0FFE4FFB8FFF7
FFC5FFF7FFF5FFD8
0019FFD0FFCE0036
FFBAFFB8007900DA
0022FFEDFFB900BB
0078FFC1FFFA0005
FFEC008A01190062
0014FFCD010800D6
005E001A006E00AE
FFBCFFFD00B5FFBA
FFF1FFBC00CB000A
FFEC0059FFC30050
FFE40071FFDEFFED
007E0035FFE70099
00430019FFCCFFBC
00700041FFBFFFD4
0193000AFFC10010
FFB9002400DA0031
003400120016FFF1
FFB901CE00A0FFC4
FFBEFFF5FFD2FFE7
FFDEFFDD0093FFFD
FFC00034000FFFB9
01D80053003DFFD9
FFCFFFFBFFD9FFC3
003100BBFFF80078
0016003DFFD5FFCB
FFBF009BFFFA00DE
FFCCFFC6000E000D
007500110084FFF2
00A600ED009CFFE2
0152FFE7FFF8FFEF
001CFFBE019AFFF4
008BFFB90085000E
FFBB0046FFD5FFF6
FFB9FFDB00420007
0113012BFFC000EC
00CA012F0116001B
FFD2004CFFD1003F
002A0011FFBFFFDE
005EFFF7FFBE0083
0079FFC8001F0037
001C00E4002C0070
0000004BFFDB00F7
FFC3001200D9008D
FFC5000F00380062
FFB800A00054002E
FFC600650189FFD5
FFC8FFBAFFC1002D
FFC4FFDF00020007
001CFFB8009700F9
FFEEFFBBFFFDFFBA
0057FFCBFFB8FFD6
FFDA00070025FFFF
0016FFC0001800EE
FFB900EB006DFFBC
FFB9017900220051
FFC2FFC4FFDEFFC8
0046FFEE00EA0112
FFC00067FFC00037
006A003000AE019B
009DFFBC00AAFFFC
FFE4FFB8FFB9FFCC
007D0085FFFDFFE9
FFD3FFE5FFB80026
FFC3FFFEFFF7FFC2
0022FFC6FFC7004F
FFB8FFB800680051
0060FFFFFFB80098
0057FFB90055000F
FFDE006601560058
006AFFD1010C0160
00BDFFF100850079
FFBCFFF200FBFFBA
0026FFB800AE002A
000F0046FFBD008E
FFD80057FFFDFFD6
00700031FFFC004A
00580019FFC3FFBD
00B40044FFB9FFCA
01BFFFFDFFCCFFE6
FFB9004901090045
006DFFF2004B0004
FFCA02250071FFC3
FFBCFFFAFFD40002
FFE2FFF600E2FFE3
FFBA004FFFEEFFB8
018E002F0029FFCC
FFD60013FFF0FFD9
00450100FFD90065
0055001AFFEAFFC5
FFB90054FFFF00DA
FFBCFFC0003D0006
009E00060044FFEF
004F00630039FFEA
01CAFFD8FFE4FFF9
0074FFB801BBFFF8
0083FFB800B2000C
FFBE0012FFD6FFD4
FFB8FFE800330019
00CB0148FFCD00DF
00A9011700D9002C
FFF3001AFFD70022
00390022FFC3FFD5
004FFFEDFFB90073
004AFFD2002E0054
FFF700A0004B002E
000F006FFFE600B8
FFBD001700E100AE
FFD00036002700BF
FFBA00880060004E
FFC9003401B1FFC4
FFBDFFBBFFBC002C
FFC3FFD6FFE3000C
001CFFB8009E0081
FFDAFFB9FFECFFB9
006DFFC6FFB9FFD5
FFCEFFDBFFDFFFFC
000EFFC2005C00A4
FFB9015900F5FFC6
FFBF00ECFFED00BA
FFC4FFC4FFE6FFD3
003AFFF000C10106
FFB900A6FFBB007A
005E001F00DA0126
00BAFFB8007CFFD7
FFEBFFB9FFBCFFD8
00CD0065FFEB0010
FFDAFFD5FFB80056
FFC5001DFFFDFFC1
006DFFD0FFBC002A
FFBAFFBA0044FFDC
006FFFDEFFB8007F
006AFFB800A10033
FFCB0027016A003B
00D1FFC800C601CC
00E3FFFE00570059
FFB9FFEB00DDFFBB
0034FFB8008A0055
0009002EFFB90086
FFF000360055FFCC
00290011001F0035
005A0069FFB9FFC9
00C40064FFB9FFD1
018EFFEAFFEFFFD6
FFB900320134007D
008DFFDC00390001
FFDD0200000DFFBB
FFB9FFDBFFE10024
FFF9000B0137FFE3
FFB90081FFECFFBF
00F40025000FFFC7
FFD8003F000C0018
004C00F1FFCD005A
00B6004EFFFEFFC2
FFB8002AFFE60082
FFB9FFBB0066001B
00DEFFED0007FFD9
0010002D0008FFE6
01EDFFC7FFD7FFFA
010AFFB801A3000E
0099FFBA00830008
FFBFFFEDFFE2FFCE
FFB9FFF100020029
00BA0170FFD20080
00EF0114006D0025
00160005FFD5FFF1
00550050FFBDFFCB
0046FFE5FFB8008A
0048FFEB001D0055
FFEB00810076FFE5
000C006E0015009A
FFB900420110009B
FFD60063003100CC
FFBD00600064005E
FFCC003A01B8FFBF
FFBFFFBBFFBD0033
FFCCFFD8FFD8FFFA
0023FFB800B8003A
FFE0FFBEFFDDFFBA
0067FFD2FFB9FFE6
FFD5FFDBFFCFFFE8
003DFFC500690043
FFBA018B00F7FFCF
FFC1003EFFCC00C5
FFCEFFC8FFFFFFD9
0033FFE700BB00B2
FFBC00AEFFBE005E
0037002E00D900CC
00B7FFB90051FFCA
FFDFFFB8FFBAFFE1
00E9007BFFE3001F
FFDBFFDCFFB800BC
FFC20038FFE5FFBB
0057FFEBFFB8FFF9
FFBCFFBC0030FFC0
0080FFE2FFB80066
0034FFB80134003A
FFC8FFE4014C0018
0114FFDB007F0209
00FEFFE7007A0003
FFB8FFEF00C0FFBD
0038FFB800650049
00070038FFB80087
001A0032007CFFC6
FFF0FFFE001A002A
007F0072FFB8FFD0
00B7007DFFB9FFE2
0158FFFB0007FFC3
FFC5000F00EC0070
00B1FFDC007C0006
000E01B2FFF1FFBC
FFBAFFD1FFD50028
FFF500220193FFEB
FFBD00C9FFD5FFCD
00A3001A0006FFC3
FFF3003A000F0044
002C00E9FFCD0026
00FD003F0021FFC2
FFB8FFFBFFD7003F
FFB9FFBC004B0016
00B1FFD8FFE5FFDF
FFC9FFDD0008FFFC
01D3FFBFFFE00030
016AFFB90115FFF9
0097FFC90045FFFF
FFBAFFC5FFECFFCD
FFC1000A0030000E
00B001ACFFE00032
012201090034003B
0041FFE5FFE3FFCB
00540077FFBEFFC5
00590005FFB8005E
002F004300150043
FFD100280057FFCF
001C0090006A0040
FFC20085012700A0
FFCC0023003400B3
FFBC008E0035002C
FFBD002A01C0FFBE
FFC3FFC2FFBC007B
FFE3FFDAFFD30013
002FFFBA00E6FFED
FFE7FFBEFFE9FFC5
0036FFC3FFBAFFD4
FFD3FFCEFFB9FFE9
005FFFD6008EFFEB
FFC601A200D3FFE9
FFBFFFE1FFB800CD
FFF8FFD4002AFFDB
001FFFE100A7006D
FFFC00B7FFBC00AB
FFFB003D00AC0077
0091FFB80009FFC1
0004FFC0FFBD0000
00D900B7FFE30074
FFF2FFFDFFBF00AE
FFBE0016FFEFFFBA
007FFFF6FFCAFFDB
FFC8FFB90054FFB9
0054FFE9FFB80026
0017FFB901A40044
FFC3FFC900F00019
0196FFF5000B0249
0130FFDF0065FFE7
FFC000100084FFBC
0030FFB900070040
FFEDFFFEFFC000B6
0060003000B3FFBF
FFCDFFFC003D0038
00410082FFBFFFD8
00B4006BFFC5FFCF
00FB00230021FFB9
FFE6001100690051
00A3FFE10093FFEA
00EC00FBFFCBFFBF
FFBDFFC8FFD00051
FFE500680232FFCA
FFC500BDFFC9FFBF
00A1000A0020FFBA
FFE50069FFE700A4
004F00F2FFCE0010
018D00270012FFCF
FFBBFFEEFFDAFFFE
FFBBFFC0003A0001
0068FFCCFFCCFFD2
FFBEFFBCFFF5FFF0
019FFFBFFFEC003F
0195FFBA00AD002C
0085FFDC002E0023
FFBDFFC10005FFC3
FFD300360025FFFF
00540174FFF9FFF0
011400D3FFFE0044
005AFFD0FFE9FFC1
005A008DFFBFFFCB
00490009FFB80074
FFFA005FFFF80067
FFC9FFE10046FFBA
001E009D00BF0025
FFEF00AC010A0095
FFE60034002B00B1
FFC8005B00130013
FFC1001D017DFFBE
FFC3FFC2FFBD009F
FFFEFFD7FFC4004B
0014FFC200A9FFD4
FFEDFFBBFFE9FFDA
0033FFC3FFB8FFE6
FFC8FFC8FFB8FFDA
0056FFF70097FFBD
FFC1017600BD0015
FFBEFFBEFFBD008A
0007FFDB0021FFE5
002BFFEE00560028
0057009FFFB90106
FFE90037005F001D
0044FFBEFFD4FFBB
002CFFCEFFB9FFFA
00ED00E9FFE10090
FFEDFFFFFFEB00B8
FFBE000CFFD1FFB8
00890020FFEDFFC1
FFEAFFBA0049FFB9
0054FFD6FFB80004
FFFAFFB901F20044
FFBFFFBC0096FFFF
017FFFFAFFDC0205
00D1FFDE0054FFDF
FFD3001B002AFFB9
0008FFB9FFD7003A
FFEBFFEDFFDA00D3
00A7001E00C7FFC2
FFBCFFF200490058
002A00D4FFBEFFFC
00850071FFE1FFCC
008500270018FFB9
0018FFF100310036
0094FFE9008EFFD5
013D0065FFC6FFC8
FFCFFFC8FFD30053
FFEF008A0233FFC8
FFE500FBFFC6FFD0
004A0025FFFBFFBA
FFF4006BFFD000CB
006200B2FFD70017
01C900260011FFDF
FFC0FFD0FFE3FFDD
FFBAFFD10062FFEF
0055FFCAFFD4FFCE
FFB8FFB8000CFFF3
00ECFFC6FFFF004E
01F7FFB80025004F
00A7FFF8FFE30013
FFC1FFC0000EFFC1
000F0050002FFFF2
0055015EFFF0FFC2
012900A4FFEB0060
007AFFC8FFEFFFBA
0071007FFFB9FFDA
005D002CFFB8003C
FFF10087FFDA0029
FFC1FFC6003EFFB9
002900B100D1FFE7
003200F800CA0053
FFF1001E0019005F
FFCF007CFFEE0003
FFBB0019014BFFC3
FFC4FFC2FFB8007D
0035FFECFFC00032
0014FFD000B3FFDC
000EFFB8FFDAFFE0
004BFFBDFFBAFFE8
FFD5FFCBFFB8FFE3
00610011005CFFBA
FFD7012200790034
FFBAFFB8FFBC003A
0010FFFA001EFFE2
0008FFF500100002
00B00095FFB80115
FFE20035FFFE000A
0012FFD0FFC5FFCA
002CFFD6FFB90016
00E000FAFFEE0073
000EFFF8001600CC
FFBEFFF6FFD0FFB8
007100340009FFBB
0003FFC50010FFB9
0017FFCEFFBAFFE5
FFE3FFB801E30033
FFC2FFB90060FFDF
0177000EFFC201B4
00A2FFDC006FFFBE
FFF4003EFFF9FFBA
FFF4FFBDFFD1000D
FFDBFFCAFFF000BD
00ED0025009AFFC2
FFB8FFDF003D007F
001500B3FFC1FFE5
00490069FFF6FFCC
004400540011FFBB
00360001FFE20011
006DFFE2006FFFDB
01D9FFF1FFCDFFD6
FFE4FFC2FFCA0045
FFFF0085025DFFBF
001500C8FFCCFFCA
002C00380001FFB8
00070075FFBB00D9
007A0065FFE9FFF5
01FC003B000AFFE4
FFE2FFD4FFFDFFCE
FFBBFFDC002DFFF5
0023FFC5FFC8FFDA
FFB8FFBCFFFDFFED
0083FFCD00270065
01E4FFBDFFE0005F
00A50034FFCA0019
FFBCFFBD001AFFBF
007800510035FFD7
003D013AFFF6FFB9
01130058FFDB005E
0066FFC00011FFB8
0042006BFFB9FFDC
00720038FFB90026
FFE800EAFFCC0012
FFC2FFBE004FFFB9
001300B600CFFFC8
0080010A008D0014
FFED001500260044
FFDE0080FFD9FFE5
FFBA001A00E3FFC4
FFCAFFCAFFB8006E
0056FFE8FFC1002A
001AFFE7009BFFC8
0013FFC0FFE10024
0046FFB9FFBBFFF1
FFD0FFD4FFB8FFF4
008200270029FFB8
FFFA00D900480051
FFC7FFBDFFBF0022
0032001A0030FFF6
FFEDFFF3FFF1FFD2
010A007DFFBB011C
FFCF0036FFE7FFE1
FFD9FFD7FFBAFFCF
003AFFE7FFBB0017
0097010DFFFA007F
000700170074009F
FFC9FFDEFFD6FFB9
004100390068FFB8
003EFFD2FFF4FFB8
000FFFD4FFBCFFD4
FFDBFFB801C00027
FFCFFFB90022FFD7
015F0028FFB9016B
008EFFD50064FFB9
0057002FFFEFFFC1
FFEDFFD0FFC0FFF8
FFD3FFC0002D00AC
00FA0020008FFFC8
FFB9FFD20044005E
FFF7007BFFC3FFF6
001B0063001BFFC5
0019007A0012FFBC
0055FFF8FFCC0012
0056FFED004AFFDB
023CFFC1FFC30004
0029FFCAFFCB005B
FFEE0097024EFFBA
003E00BBFFCEFFC7
FFF300290014FFB8
0046005BFFBD00E5
006E004FFFF0FFF5
0216005B0008FFFB
0002FFD30000FFBE
FFB9FFFC0015FFFA
FFEFFFC4FFC0FFD1
FFB8FFBC0021FFF1
002EFFD5003800A2
01CBFFCAFFBE007C
00B10030FFBE0047
FFBDFFBE0035FFC1
00B900580054FFD5
004200D0FFF0FFB9
00F3002AFFC80061
0046FFC60023FFB9
0037007FFFBCFFE4
00770032FFBC0006
FFD900DEFFC9000C
FFC8FFB8002CFFB8
000200B20115FFBF
00EB01150035FFED
FFF6FFF2002D0010
FFEF004BFFD1FFD2
FFBB00290085FFEB
FFD4FFCCFFBC004D
0071FFEEFFC10057
FFF50000004BFFC7
0029FFD9FFD7002E
0050FFB8FFC7FFFB
FFDCFFDEFFBAFFF1
0096005DFFFFFFB9
FFFC008FFFEF0066
FFDEFFC2FFBCFFE5
003B002A00230003
FFFBFFF5FFD6FFC0
0159005AFFC6012F
FFD60049FFC7FFD5
FFC10000FFB9FFF0
005FFFF5FFC3003E
0064012600070069
0005001B00D60075
FFC8FFD8FFCBFFB9
001F002F008AFFB8
006FFFD3FFDFFFC0
FFF2FFE2FFC0FFD4
FFD4FFB901420017
FFCDFFB9FFEEFFDD
01600046FFBB0124
004AFFD40062FFB8
00900049FFCBFFCC
FFD7FFC6FFB9FFF4
FFC7FFBB005E00AA
01440025004EFFCD
FFB8FFC7004A0081
FFD90059FFBFFFF2
0007003F0055FFBE
FFEF00A90004FFBF
0041FFF1FFBCFFED
0043FFF5003AFFD7
026EFFB9FFD0004B
002BFFC5FFCD0045
FFEB008A0225FFB9
0097008AFFDCFFB9
FFE5001F0033FFB9
00840059FFB90090
0071001D00090006
01CE005DFFE5FFFF
005FFFD20024FFC4
FFB90020FFEEFFDF
FFF0FFCAFFBFFFCE
FFB9FFB90013FFE3
FFF0FFEB002700AB
0179FFECFFB900BD
00940036FFBA0075
FFBFFFC0002FFFC0
0129004B0041FFCE
003600C0FFE4FFBC
00CFFFF8FFC00077
0041FFCA0023FFBA
0026006FFFC8FFEF
00600014FFBDFFF0
FFD200DBFFBEFFFC
FFD6FFB80023FFB9
FFFE00B100B7FFBE
00F000FD0005FFD6
FFF6FFDF0025FFEE
00060015FFD2FFCD
FFC7002F00400009
FFDAFFD3FFC20029
0084FFF4FFBC0054
FFF700070008FFC8
002AFFF6FFE30087
003FFFB8FFD40010
FFDDFFF3FFBD0009
0099005EFFD7FFBA
0020005BFFD4009F
FFFBFFC8FFB8FFD2
001A003D00210004
FFFAFFFBFFC5FFB9
01650041FFCC011C
FFE8005FFFBFFFCB
FFBA0003FFB90018
005FFFF4FFEA0029
006300FCFFE20065
000F001400D0006F
FFCBFFDBFFC7FFBF
FFFA003000A4FFBA
009FFFF5FFD1FFC6
FFEAFFF0FFC6FFC5
FFD6FFBB00FA000C
FFD4FFB9FFD1FFCF
013F002BFFB900EB
002EFFCF0075FFBA
00D00056FFBEFFFA
FFD5FFCEFFB9FFF5
FFCFFFB9008F0081
012EFFFE0024FFD7
FFBAFFBE00340085
FFD40031FFBBFFF6
FFE4005A0085FFC3
FFD600C0FFECFFC0
0052FFE4FFBAFFE8
004EFFF40025FFD7
023DFFB9FFC90051
002CFFC1FFD00050
FFFB005B01D3FFB8
00A600BEFFF2FFBA
FFD600350034FFB9
00B80027FFB9007F
0047FFF10036FFF6
01AE0076FFE50005
0078FFCE000AFFC0
FFB8006CFFD3FFE3
FFDAFFD0FFBFFFCB
FFBBFFB9003CFFD6
FFC9FFF500570080
01440018FFB900A6
00B5002BFFB90046
FFBDFFC0002EFFCB
01460048007AFFC3
004B00ABFFDDFFBB
00D5FFE2FFC30069
001DFFE00014FFBD
002A0056FFC5FFFE
00460035FFC8FFDE
FFC400DEFFB9FFDB
FFD9FFB80029FFB8
000F00980097FFB9
011B0101FFF7FFC2
FFF9FFD10010FFD7
00050016FFC5FFC2
FFCC005AFFFE003F
FFEEFFCFFFC30028
0086000BFFC3005A
FFF000050001FFD4
00360022FFDD0082
004BFFB9FFE10035
FFEA0019FFCA000C
00A70081FFC8FFBA
0033000BFFC0009C
0027FFC9FFBBFFC3
004E005A00130010
000BFFFEFFBFFFBA
0171001AFFE500FB
FFEE0081FFB8FFC8
FFB90047FFB9005B
0041FFFCFFFA0048
003F00F6FFEE0031
000D003201050058
FFD0FFD2FFCCFFC1
FFD7003700ACFFBB
00B0FFD9FFCBFFED
FFDEFFE9FFCBFFCB
FFCEFFC400BB0010
FFE2FFB9FFC2FFC6
01000044FFB800A0
0004FFD70050FFBB
01060059FFBA001A
FFD0FFD4FFB9FFE8
FFC3FFB8009E0055
013F0006FFFAFFE1
FFBCFFC0001A0099
FFCC0003FFB9FFF5
FFD4002A007BFFBF
FFC800DFFFDBFFBE
004EFFDBFFBAFFEC
0031000E000AFFDD
0252FFBDFFD2008E
003DFFC3FFD90021
FFE1003801B6FFB8
00CE009DFFFBFFB8
FFD800100041FFB8
00C4001FFFB80031
0051FFD10053FFF7
016F007DFFD7000F
00C9FFD50020FFCB
FFBB0086FFCAFFDC
FFD1FFD4FFCEFFC8
FFBCFFB80054FFD5
FFC0FFFC006B00A3
00F30017FFBD00E5
00AD0023FFB90049
FFC4FFC80030FFDC
01910035008BFFCB
003C0047FFE0FFB9
00D9FFCCFFBC0039
0034FFE00012FFBC
00300044FFD90010
00300047FFC0FFCD
FFC00086FFB9FFCB
FFD4FFB90025FFB8
000400AD0079FFB8
014800FCFFEAFFC8
0009FFD50016FFC9
0003FFF0FFC8FFC5
FFCA0042FFDB0071
FFF2FFCFFFC00006
0091000AFFBD0063
FFE30007FFD9FFF0
003F004CFFDB0089
004EFFB800080042
FFEC002DFFD60022
007F0089FFC3FFB9
0017FFE9FFBC00C0
004AFFC3FFC0FFBD
00450054FFFDFFFF
000DFFF5FFBDFFBB
019A0009FFF700D1
FFFF0085FFBAFFC6
FFBA007CFFBA0096
0051FFFA00190041
002000FFFFEB0019
FFFC0058014C0043
FFD2FFCBFFC4FFC4
FFD9005A0096FFBA
00A8FFEBFFC2001B
FFDFFFE4FFDBFFC5
FFC5FFCB003CFFFA
FFECFFB9FFBFFFCB
00ED0046FFB80065
FFDFFFE80061FFBA
01080055FFB90061
FFC7FFCBFFB8FFEF
FFBDFFB90081003D
01720017FFE7FFE3
FFBFFFC1000D00F8
FFC3FFFDFFB8FFF7
FFCF002000E1FFC0
FFC300DBFFE1FFBD
004CFFC7FFBAFFD6
000C0036FFF7FFE1
0225FFC0FFE90094
0060FFC0FFE60010
FFDF001A0193FFB9
00DB0075FFFDFFB9
FFD0003A0063FFB9
00B10011FFB9000C
003FFFBC00750000
013600B5FFC4000E
00E8FFDA0019FFCE
FFCB00D4FFBDFFC9
FFBFFFE4FFC0FFC5
FFE7FFC6005EFFCB
FFB80023009A007A
006D0036FFC500BD
00AF000AFFB90034
FFC9FFF1005AFFE9
0188002100A9FFBE
003D0010FFDBFFB9
00E5FFC5FFB90042
FFF900160010FFB8
000B0065FFF10031
00490034FFD4FFD4
FFBE0061FFB9FFCB
FFFDFFB90009FFBD
000F006D002BFFB9
010700C3FFCBFFB8
0008FFC4001FFFB9
0020FFD0FFC1FFBB
FFD10051FFBD00F1
0020FFDAFFC0FFF0
00A80005FFEC007F
FFCAFFF2FFC8FFF8
003600D4FFE60097
006AFFBD001C0068
FFE1006D0003001A
007A00B1FFBBFFB8
001CFFBDFFBA00A0
0087FFBCFFECFFB8
0075007FFFF20001
002A0008FFBBFFB9
017500030021009F
FFED009EFFC2FFD5
FFC000CCFFBA0109
004A002600420048
000400F5FFFCFFF1
0009001D0180002A
FFF4FFCAFFC6FFCB
FFBB002B006EFFBC
00C4FFDEFFC00091
FFD1001DFFD4FFDF
FFD0FFF00010FFE6
FFFAFFB8FFBAFFC8
00510089FFBA000D
FFDFFFE60051FFB8
011B006EFFB800B1
FFBDFFD0FFB8FFC7
FFBCFFB80059003F
0122001EFFCB000E
FFC9FFC2FFFA00CD
FFB8FFD8FFB9FFEC
FFBA001300E6FFCB
FFBD0112FFCBFFBC
0036FFC6FFBFFFDE
FFF9005C0006FFDF
01A5FFC0FFF300C5
0032FFBEFFDBFFE3
FFD9000800EDFFBA
010700580028FFC0
FFD200140075FFB9
00DBFFF4FFB8FFCD
0027FFBB00DCFFF2
00D500ACFFBC0012
01590003003CFFDB
FFDB00F8FFBAFFD3
FFB8FFEDFFC8FFD4
FFE7FFCE0098FFC7
FFBA005D009200AA
00050069FFC600CA
009CFFD8FFC20038
FFD4000C0049FFF0
01D5FFF4009AFFC8
004AFFE5FFC2FFB8
00C4FFBAFFBB0033
FFDD0051000EFFBD
FFE30035000A0024
00250068FFD0FFC5
FFBD0033FFB8FFCF
000DFFBEFFE3FFD7
0001006EFFF5FFB9
00C20088FFC1FFBA
FFFEFFBB0005FFB9
0010FFDCFFBDFFB8
FFCF0079FFB8010D
001FFFDBFFB9FFCE
008D0017FFFB0074
FFC8FFE3FFC50036
005E0137FFE7007F
0055FFBA00370025
FFF500B30038000A
007A00B3FFB8FFCD
0024FFB8FFBD006B
0098FFC10032FFB9
004200A10002FFEC
000A000BFFB9FFB9
0157FFEC0017007B
000A007EFFCAFFF3
FFC40134FFC10176
002FFFF900620066
FFD800DDFFF7FFD8
0012001601A2FFF4
000FFFCAFFC2FFEB
FFB80014001AFFB9
0079FFC9FFC40132
FFCB0075FFDDFFF7
FFD5001DFFC9FFF6
0043FFBEFFC0FFDD
003E007DFFBEFFE3
FFDAFFE3002FFFBC
00DD0058FFB8009C
FFC9FFC7FFB9FFC5
FFB9FFB900220070
00E9000DFFCE001D
FFEFFFC6FFEE00DF
FFB8FFD2FFBDFFCE
FFBBFFFB0102FFC8
FFCB0119FFCCFFB9
FFE2FFCFFFBDFFC2
FFE7007FFFD0FFE9
0112FFBE001F0106
0043FFC1FFE2FFDD
FFDCFFD800B1FFBD
00E600050023FFC3
FFD9003E00BCFFB8
00CCFFE3FFB8FFBE
0005FFB80119FFF9
00B600B2FFB9001C
01A6001700550004
00040128FFBAFFCC
FFBD000DFFD0FFE4
0012001000F4FFC5
FFBE007100C30088
FFCA0044FFC30091
00A6FFCCFFBF0018
FFD600580044000D
018CFFCF00CDFFC6
0066FFC8FFBBFFC1
007CFFB9FFBF0011
FFBB00B80019FFCF
FFC3003D00050054
00270029FFF0FFC8
FFC1FFF8FFBCFFE9
004AFFD4FFC6FFF5
FFE90083FFB9FFBB
004B0038FFB9FFB8
FFE7FFB8001BFFB8
0017FFD2FFBEFFB9
FFD80079FFBA0150
003FFFD8FFBAFFC4
009FFFFE0057005E
FFC0FFCBFFBF0088
006101AC000D003A
0061FFCA003B002D
FFF500F600580025
009200BFFFBAFFF5
0014FFC0FFCA0059
004C00290088FFB9
0013008C000DFFE9
0011FFFAFFBBFFBE
00B6FFD8001D0075
000C008EFFCD003F
FFC60150FFC401BF
002AFFD900840023
FFBF00DEFFFDFFD7
001A00170164FFDA
0012FFD7FFD9FFE7
FFBFFFEBFFE5FFBE
0041FFBDFFCD01EE
FFD900E9FFC9FFF4
FFE2003FFFB8FFE1
006AFFD1FFD8000C
000800AAFFE3FFC5
FFCF0007001CFFEA
00A7003FFFBA00AF
FFD0FFC7FFC8FFBD
FFBAFFBCFFED006B
00970032FFCB0029
0026FFC0FFDA00A9
FFBCFFC2FFC5FFC8
FFBBFFF300EFFFD7
FFF200E0FFBDFFBE
FFC2FFCCFFB8FFC2
FFD300C5FFC1FFD0
0029FFB800390111
0030FFD1FFF8FFD3
FFEEFFC6002CFFBF
00B8FFF1002EFFCC
000000600107FFBE
00A7FFD4FFBDFFBF
FFE1FFBA010DFFF5
005500B3FFBF0040
01D300340075001D
004E0100FFBAFFD8
FFC00043FFE9FFF7
013300C50159FFC0
FFB800A500B9007A
FFB9005BFFB80023
0071FFB9FFB8002D
FFDE00B300290071
00AEFFCA00A0FFCD
00B1FFC4FFB90004
0042FFBEFFD40004
FFB900EEFFE70000
FFC8002400080047
0018FFFAFFD7FFE6
FFC7FFD2FFC8FFDF
009C0025FFCD0077
FFD5000EFFB9FFD7
FFDAFFEFFFC2FFB9
FFD7FFB90046FFB8
0001FFBFFFCFFFBB
FFCE007CFFB901BC
004FFFDCFFCFFFB9
0009FFD901010086
FFBDFFC9FFC700FA
005001B9000E0007
005EFFC9000C0038
FFDB011800BF001F
00CA0082FFBC009D
FFD3FFC4FFCB004B
000D01250165FFB9
FFE400100024FFD3
0044FFE9FFDCFFD7
FFFCFFDAFFE70036
001C0081FFBB008F
FFBF00B2000301B9
FFFBFFBF00200003
FFBF0088000DFFC2
0013FFEC0121FFE3
004EFFCDFFF5FFEE
FFBEFFC4FFBAFFDD
FFEAFFB9FFDB029D
FFEB017AFFC20082
0005009EFFBEFFD7
001EFFEA00060061
0001006C0060FFC8
FFF9FFE700120035
0003FFF5FFCD0067
FFD7FFB9001BFFC3
FFBDFFD0FFBC006F
0004003DFFC0003D
0086FFEFFFF90042
FFBCFFBDFFD1FFC1
FFDAFFC60069FFD7
004B0093FFC1FFC3
FFBDFFE2FFC8FFEB
FFD200A1FFC5FFF8
FFCFFFF600A100D6
FFD2FFCC0023FFC6
FFE3FFBAFFEBFFBF
0063FFEC0036FFD1
003F00110117FFE1
00A7FFDCFFD2FFBB
FFD3FFC601450012
FFD70084FFC70009
0170008000680062
0086008EFFB8FFC8
FFBA006AFFF1FFF7
0154015F0158FFC6
FFBB0095009E0056
FFB90048FFC1000F
0084FFB8FFBA0039
FFE800E400210060
007FFFBE0067FFC7
00A9FFC8FFB8003E
0026FFBFFFD60017
FFB8010BFFD30044
FFCD00490008005D
003DFFD4FFDDFFE1
FFD5FFC0FFCBFFF5
00BA0052FFC800D8
FFCF0001FFBDFFFF
FFBCFFD4FFC7FFBB
FFDBFFBA0038FFB9
FFDEFFC4FFD1FFC2
FFD700B8FFB901B1
0058FFDFFFD5FFBC
0012FFEA00E60051
FFBEFFBAFFC80102
0051015A0012FFDA
005EFFD0000A0013
FFEB015300EB003A
00870069FFB900F2
FFDAFFBFFFC70017
FFDE017E0189FFB8
FFDB00010022FFCE
0044FFD4FFE5FFDB
FFBFFFEDFFE8FFEB
0065006DFFB800F2
FFB80084002901EA
FFDFFFB8001A0018
FFC90061FFFDFFC3
0034FFD40084FFDB
001CFFE500070004
FFBEFFBCFFB90009
FFCEFFBAFFE10293
FFEE01ACFFC30068
003A0074FFBEFFDF
0038000F00490032
FFEB005A00C2FFC3
0009FFFC00250073
FFEDFFE6FFD70072
FFE3FFB9006CFFC4
FFC5FFDBFFB80057
FFDC0021FFBF005C
00C9FFF3FFE30050
FFBAFFBBFFDDFFBD
FFD9FFE00029FFFB
007200A2FFBFFFD0
FFBDFFF8FFDBFFD3
FFE200A8FFC4FFFB
FFB8002A008000BB
FFBDFFCC003AFFC9
FFF8FFB9FFC0FFD1
000EFFF3004CFFCE
008D002D0103FFF3
0078FFCEFFCEFFBB
FFC3FFCF00FE001B
FFCE005AFFC2FFF0
013E006E0062008A
007500A1FFB8FFDE
FFB8005F001A0005
01A601DB017FFFCB
FFD9007100490045
FFBD001CFFE7FFD4
0052FFB8FFCE003E
FFD600C900270075
FFF3FFBB00A8FFC8
00B6FFD9FFB8011E
0013FFCAFFF20027
FFB800FDFFD50052
FFD10023FFED002C
000CFFCEFFEF0014
FFF5FFB8FFF00007
009000A9FFC2010D
FFD6FFF3FFC0001A
FFB8FFCCFFCEFFC9
FFE1FFBD0047FFC4
FFE9FFCCFFE9FFCD
FFEA00B8FFC3017E
0047FFF5FFF0FFC1
0000FFEA00EA0095
FFBEFFC6FFCF0148
004500FF0036FFCE
0065FFDD00090022
FFDB0106011E0031
0070003AFFB90109
FFC9FFBAFFC2FFEE
FFC401C80149FFB9
FFC8FFD6001AFFC7
0083FFC90034002F
FFBDFFF5FFD1FFE4
00880044FFBD0105
FFC2002E009A0174
FFF2FFBCFFDCFFE6
FFD50074FFE9FFD0
001DFFE30018FFD4
0000FFF1FFFFFFF1
FFBCFFBAFFC1002B
FFBDFFB9FFFE0276
000C0178FFBF009D
004B0063FFBFFFD0
FFFE005500610054
FFF0002C0112FFEF
FFF70006001D00DC
FFBDFFDF00030044
0002FFB80090FFE0
FFDEFFECFFB90033
FFC60038FFBB0058
00CD002FFFE80044
FFB8FFBAFFF5FFBF
0025FFCEFFF7FFCF
00D50034FFC5FFEA
FFC1FFDA0000FFF0
FFDD00A9FFD20009
FFB900F100900077
FFB9FFDC005BFFC0
FFEDFFBDFFC1FFCB
FFDAFFE5004DFFCD
00DC000A00D0FFE6
004BFFD5FFEBFFBA
FFD4FFF2009A002C
FFC60036FFC5FFED
00690071004400D9
005E0069FFB8FFD5
FFBD005E001D0023
019102060203FFC7
FFEC003B0075002D
FFB800120013FFCE
005BFFBBFFD70046
FFCA00D9000F0065
FFCAFFBB009AFFD4
00D9001DFFB800F9
0016FFDFFFE50055
FFB800E7FFBE0051
FFD9004FFFCFFFEC
0027FFCEFFDF0016
0005FFB8FFF50006
0077012DFFCA0124
FFD0FFE1FFC3003E
FFB9FFD6FFDCFFCC
FFCDFFBD005BFFC4
FFD0FFDDFFE7FFDF
FFDD00B1FFD8017D
003CFFD6FFD9FFD1
FFE3FFE6008C005D
FFC7FFBFFFD7016A
002E00C30046FFC3
0034FFD7FFD50003
FFEF01260117004A
00510022FFC20107
FFDBFFB8FFBCFFE6
FFBE01C7011BFFBA
FFD4FFC70065FFC1
0071FFC4004D0044
FFBA0006FFC1FFEF
00A70046FFD30148
FFDE002E00E5015A
FFDCFFBAFFC60012
FFED0079FFE7FFD4
0021FFEDFFFAFFD2
FFE5000F0008FFF5
FFBEFFB8FFCA003A
FFBCFFBC003D0251
0002011CFFB900D5
005E001DFFB9FFD5
0016004400700044
0034001401300017
0039FFE5004F009E
FFC0FFDD002C0013
FFF5FFB900C8FFE5
FFE0FFDAFFB90038
FFC00046FFBA0047
00F40040FFED0057
FFB9FFBCFFE4FFBA
003BFFDBFFCFFFE0
01300059FFC5FFEE
FFC7FFF0000BFFFC
FFDD0096FFE10014
FFB9011300AD0062
FFB8FFE5001CFFBB
FFE4FFBFFFC0FFBC
FFCFFFFD0046FFC7
0138FFF000D2FFDF
0039FFD9FFE1FFB9
FFD1FFF200A80041
FFCD0036FFBFFFE5
00490065005500D8
004E0023FFBBFFF4
FFCE002E00140033
01B001D401BDFFBF
003A001500460002
FFB9FFDF0057FFC2
005AFFB9FFE5005F
FFBE008400150065
FFBFFFBC008AFFE0
00F60071FFB90144
004E00090006003A
FFB900A2FFBD0086
FFCD0020FFC6FFF5
0058FFCCFFC7001E
0010FFB8FFFE0012
00540157FFC5012B
FFCDFFE5FFBE0066
FFC0FFE0001FFFEB
FFD6FFCF0071FFE0
FFD7FFEEFFE7FFE0
FFD7009F0007010D
0013FFCFFFEDFFD4
FFDAFFD900B00057
FFE4FFBAFFF00147
000E0043007BFFC4
0017FFD3FFBEFFEA
FFDA010F00F10042
004E0010FFD40161
FFDEFFBFFFB9FFE8
FFB801E100DFFFD2
FFCDFFBC007AFFBF
0045FFC3009E007A
FFB80041FFBFFFFD
00B7002C00020140
0009FFEC012100C3
FFD3FFB8FFBBFFF6
FFDD0089FFE4FFDB
FFFBFFDBFFDCFFF0
FFE300130036FFDF
FFBBFFB9FFCF002B
FFB9FFB9008301BC
003700FBFFB800FE
007D0026FFBBFFD9
000F006500AF005F
005A000A0198006F
005FFFCA004900B4
FFBAFFD10069FFDD
0002FFBB00E9FFFD
FFE7FFF8FFBA002B
FFBC0044FFC00050
0101006900080042
FFBAFFC2FFD2FFBA
0075FFEFFFC4FFD2
01A20039FFDA000F
FFC8FFF800210021
FFE4005FFFED002C
FFB90186007A0054
FFB8FFE80014FFC0
FFFAFFCDFFCEFFBA
FFBE000F0022FFBF
017AFFED00A4FFE2
0040FFF0FFFBFFB9
FFCC000F00540067
FFE20032FFBBFFDA
0009008D005400C1
0023FFE5FFC4001A
FFDE000F0022002F
011C01D601AEFFC0
00D9FFF400320017
FFC4FFC90090FFBF
0069FFBAFFF10065
FFB90046000D0061
FFBAFFB90091FFDA
012100ADFFB80183
005D001BFFF50057
FFB90094FFC50089
FFCF0038FFBFFFD9
0065FFCBFFC60034
0016FFB8001A0036
00380184FFCD0107
FFC3FFE1FFBB003B
FFC2FFE600380001
FFD6FFD8009CFFF0
FFCE00110004FFEE
FFCC0091006C00D0
0015FFD10005FFFF
FFDAFFD700710045
FFD3FFB9002A011D
0018FFF8005CFFBC
001CFFD6FFB8FFCF
FFD700B600B10043
0087000BFFFE010C
FFD8FFE1FFC0FFDB
FFC201BC0057FFDF
FFCEFFBB00A4FFC3
0046FFBE00F300A1
FFB80082FFB9FFFF
00710008004F015F
005BFFC7011D008D
FFD4FFB8FFBB0014
FFDB00C3FFE50009
FFFE000EFFC5FFF7
FFC600440044FFC4
FFB9FFB9FFD00034
FFB8FFBB00AC016D
004800F4FFB900F6
0075FFF2FFC4FFD3
FFFF006C00EC004E
00DE0007019900CF
005FFFD5007F00A1
FFB8FFDF00B1FFC7
001CFFBC00E80019
FFF0FFE8FFBA002B
FFC10052FFD60039
00AA007A001D0040
FFC2FFCBFFC9FFBB
00B70007FFC4FFD3
02350027FFE3000D
FFC5FFF600250023
FFEC00860006001A
FFBA01D8004E001A
FFB9FFE2001CFFC3
FFE5FFE0FFE1FFBD
FFBD0025FFF1FFC2
01B8FFE900C9FFD3
0034000FFFFFFFBD
FFDA0068001B004E
0011000DFFBAFFE2
FFED004F00180092
FFF7FFCBFFD00047
FFE8FFE700070039
008101C101C6FFD2
00ECFFD9000C002C
000AFFC500C3FFB9
0053FFB9FFF40060
FFB8004900080037
FFB9FFBD0090FFE9
01420129FFB8013C
00530017FFFA002C
FFBC003FFFCC0059
FFD40082FFC4FFCB
00ACFFC1FFD7001C
0038FFBC0022004F
001F0166FFDB00C5
FFBCFFD5FFB80068
FFC6FFFF0032FFDB
FFC7FFD900B60013
FFD0005E00140014
FFC6008500E600A7
0043FFC5FFD7000A
FFECFFD000440035
FFDFFFB9005B00A8
001FFFE30079FFB9
FFE2FFC9FFBAFFC5
FFE500B100A40032
00D20000000700B1
FFF30014FFC3FFD1
FFCD01390007FFF6
FFD2FFBB00F0FFCC
0017FFBC0111007C
FFB800D8FFB9001C
0056001A00A2010D
00A5FFBF012E0034
FFDAFFBAFFBB0025
FFE900FEFFDD0040
FFE0001AFFBFFFFE
FFBD007C004FFFBD
FFB8FFB8FFC50012
FFBBFFB800C9010A
001700C9FFBE00E2
00ACFFE0FFF7FFE5
FFE9002000E10063
0122FFFE018E0161
00C4FFBD00F00039
FFB8FFE600B4FFBA
0034FFBB00C2002E
FFE4FFDCFFBA001F
FFD70082FFF20019
0046005800280050
FFBFFFD0FFBDFFBA
00C10028FFC1FFE1
02440030FFF00003
FFBBFFFE003F0023
000100360030001B
FFC0020B00240050
FFB9FFE2000FFFD4
FFE600190019FFB9
FFBA0021FFD4FFBE
019CFFEE010DFFCB
003F00270020FFD6
FFD700A10019005B
0066FFEAFFB9FFD8
FFDB003C00280067
FFE2FFBA00120075
FFFEFFD70009004E
003700E601B9FFD0
017DFFCC000D001A
0069FFBE00D9FFBC
0054FFB8FFF90062
FFB90025000BFFFD
FFB9FFC5004AFFFF
012A0194FFB900FB
006D0035000E004C
FFBC000EFFD50028
FFD8008AFFC2FFBB
00B8FFCDFFC3003C
0048FFC000020073
00010181FFF50069
FFBCFFDFFFBD004D
FFC300300074FFE6
FFC9FFFC00C20048
FFD400AA00360021
FFBE006D01640036
0018FFC3FFE20010
FFECFFD1000A003E
FFE1FFBA00AE0088
0016FFCA005EFFBB
FFE4FFC2FFC0FFBF
FFD4006100540013
011BFFFF001D009B
FFF2005EFFFBFFD5
FFD200E6FFDF0009
FFD0FFBD00F8FFD3
FFF7FFBD01040092
FFBA00F9FFBA0038
0038FFE9014200F2
0104FFB900F2FFEE
FFD5FFBAFFC10038
00010118FFDF0066
FFEB0038FFBE0033
FFBC00870038FFB8
FFBEFFBAFFC10001
FFBAFFB800D20091
00320076FFBE00CE
0097FFCE0049FFE6
FFE3FFF5012F004B
018EFFF5013101EE
00CFFFB9010AFFF0
FFB8000300DAFFBA
0065FFB9008F002F
FFE3FFE2FFB90046
FFE0008A003B0006
000F0067003C0037
FFD3FFF8FFBAFFBA
011C0029FFC0FFDD
02AC0027000CFFFE
FFBA001E0039001B
002200230046000D
FFDC022800350029
FFB8FFEFFFFEFFD9
FFD9002F0097FFB8
FFB90051FFC1FFB9
0169000400F2FFC5
003500430027FFFF
FFE700D40017003F
00F3FFDFFFBFFFE5
FFC70014000A003D
FFC6FFB8002700A1
002EFFC3FFEB0041
FFEC0073014FFFD3
01C1FFC8FFEA002C
00EAFFB900D4FFBA
0044FFD1FFFB008A
FFBFFFDDFFF6FFDE
FFBDFFCB002BFFF7
012E01D9FFB800AF
0059004200180069
FFC8FFF000000013
FFD0007FFFBEFFB8
00D6FFD6FFBE004B
0040FFEE001F009E
FFF60129FFFE0007
FFB9FFDEFFDE0009
FFBF004D00A3FFFA
FFCD000900BB008C
FFD600F700460011
FFC3006901CAFFEC
0012FFC400170042
FFDFFFDBFFDA002D
FFEBFFD800D80017
0016FFBC0055FFBF
FFDFFFBCFFC2FFBB
FFCD000C0007000D
0156FFF5002E0022
001900DB0053FFF1
FFD60041FFB90049
FFC7FFC40135FFEA
FFE1FFBA01210036
FFCC0120FFC10062
0007FFDC01CC0093
0104FFBB00A6FFC4
FFDBFFB8FFC3002C
FFED0111FFE900E7
FFF10051FFBD0038
FFB9009E003DFFBA
FFC8FFB8FFB8FFDA
FFBFFFB900B90006
004B0090FFB90083
007FFFBF00CDFFF0
FFC7FFDF012E0027
01EBFFE800E6022D
00CCFFBB0124FFED
FFB8000400EDFFBD
0075FFB900640057
FFEEFFDAFFC20059
FFF4005E0085FFEC
FFEA003000690012
FFE1001BFFB9FFBE
01230027FFC4FFD5
02A000080035FFE4
FFB8001C00380005
001DFFE900610000
003601FC000C001F
FFC1FFFDFFF7FFF5
FFF0007500B6FFB8
FFBD0086FFBAFFB9
014DFFFE00C9FFBA
0049007200460041
FFF000F2FFCE0058
016CFFD8FFCBFFEE
FFC6FFE8000CFFEE
FFBCFFB9005D007C
008AFFBDFFD90024
FFC7000800CCFFE3
01D7FFC0FFF0001B
01B6FFB900BDFFC4
0052FFEEFFE6004E
FFBBFFC8000CFFDA
FFC7FFD8FFFAFFEE
00F801FBFFBA0054
00890062FFFB0063
FFE2FFD5FFFEFFE7
FFE400A9FFD0FFBA
00C4FFE3FFBF0052
0022FFFE0030007A
FFC700BD002DFFD4
FFB9FFEE001DFFF3
FFB800A000BD0000
FFED003600B1007A
FFF8013C00410009
FFC6004701CAFFD4
0010FFC5FFFC008C
0005FFEAFFCB0003
FFE8FFE500FEFFED
0015FFB80008FFCC
FFE1FFC1FFC0FFBD
FFCFFFF1FFE9FFF5
0155FFFC0078FFD4
003E00F50098FFEB
FFCEFFE2FFB90051
FFDBFFC4011EFFF5
FFE1FFBA00CD0014
FFEB0172FFBE0076
FFDDFFD701B1005A
0113FFBD006FFFBE
FFE2FFBCFFC20054
00080124FFED0113
FFFF005CFFC10044
FFB9009A001EFFBB
FFE6FFBEFFBCFFC7
FFCDFFC90076FFC6
002E0030FFB8004D
005BFFBF014BFFEF
FFBEFFC900E4FFEB
01FF000300540222
00CEFFB90140FFC4
FFBA001800C0FFBB
0059FFC00023004E
FFD8FFD0FFCD0048
0023004100C7FFE5
FFC20004005E001C
0007005AFFB9FFD3
00E3005DFFC8FFDC
0207001F003AFFD5
FFDA0002FFF9000C
0035FFDF007A000D
00AB0167FFF10006
FFC4FFF6FFE5FFEB
FFE900AE00FCFFB8
FFC700AFFFBBFFCA
00FEFFEB008AFFBA
006D008F00420078
00100128FFCB002C
01D6FFE10000FFFB
FFCDFFCCFFE9FFC8
FFB8FFB800580098
007EFFB8FFD40019
FFB8FFC1007FFFD1
0189FFBEFFED000E
01E2FFB80079FFD8
006D000EFFDA0038
FFBBFFBD000FFFC5
FFECFFF2FFECFFFC
00D10225FFBD000C
00C7005A00060077
FFFCFFC4001EFFE6
FFE10054FFBFFFBB
00A90022FFB9004B
00120030001A0075
FFBC005A0028FFBB
FFBE00110064FFC4
FFC300D600B50014
FFE600330070008E
000C014B0016FFE4
FFC7001C01C0FFC1
FFF2FFC80001009F
000AFFE7FFBE0002
FFFE001C00D7FFD9
0010FFB9FFFEFFF4
FFD4FFC1FFBBFFC5
FFC3FFD0FFCFFFF9
011BFFFD0083FFBC
0045012E00BC000A
FFC6FFC1FFBF003D
FFDEFFEA00E80001
FFD9FFC5007EFFFE
00340135FFBD00AD
FFDBFFDC01980023
00E2FFB90018FFB9
FFEDFFD4FFC1003B
00090137FFEE0126
FFF00085FFCE005B
FFB9003D0000FFBC
FFE8FFD1FFD3FFBF
FFE8FFC9005EFFBD
003EFFF6FFB90027
004CFFB801B40010
FFBEFFC000A0FFEA
01C90024FFF70219
009AFFBA00E3FFBC
FFCA004E00A9FFBC
0051FFC2FFD00063
FFE6FFC9FFF0005E
00580039010CFFDA
FFBAFFED005C000D
0021009EFFB9FFE1
00BB0075FFDDFFCC
01C2003B0066FFCA
FFFBFFFCFFD90005
0041FFD6005FFFF0
013600E4FFEBFFEB
FFE80006FFD9FFFD
FFEC00CB01A1FFB8
FFDC00EFFFB9FFF3
00AEFFFA0038FFB9
00590085003400B4
002200F7FFCB0034
022BFFF300160014
FFCDFFCCFFE4FFBE
FFBAFFB80048005D
008CFFB8FFBFFFF5
FFB8FFBF0022FFD4
0122FFBC0010000E
01F7FFBD002FFFF5
0069003EFFDB0027
FFBBFFB90021FFC5
00070012FFE5FFD3
008C0214FFCBFFD4
00DC0071FFF50099
0025FFC9000FFFCE
FFF000B1FFCAFFC3
00A90032FFC3004A
FFF1008AFFF4004E
FFBC0013001EFFBA
FFCBFFFE00BDFFCC
FFD9012300FA0004
FFFC0031006E0056
000D0146000EFFD8
FFC700270167FFC2
0017FFD2FFEA0103
0026FFFAFFBE0001
0002001600D3FFC8
001AFFB9FFF10000
FFD9FFC5FFBBFFD1
FFC1FFDDFFD1FFEB
01040011007DFFB9
0051010E009F001A
FFBFFFB8FFC00017
0012FFFD00C50006
FFE1FFCB0067FFD3
004A0128FFBA008C
FFBCFFE50116FFFA
007EFFB9FFECFFBB
000BFFDFFFBC0051
001B012D000500F7
FFFF0090FFEA004E
FFBC001C0000FFB9
002AFFE10000FFB9
000DFFD10042FFBB
0002FFE1FFB8FFFF
0040FFB901E70002
FFBBFFBA003BFFC9
01890020FFC601BC
0073FFB900ECFFB8
FFE4005F005FFFB9
0014FFD2FFC00039
FFD6FFC400000057
007E000600F4FFEF
FFB8FFDF00710027
00300092FFBBFFF3
0065009DFFFCFFDB
0125005D0032FFBC
006FFFEBFFC1FFFB
0045FFD4006DFFD3
01830038FFD6FFEB
FFF70006FFE2FFF6
FFE20105018BFFB9
001200FBFFBCFFE9
0089FFFE0019FFB9
006C0075FFFD009E
002C0100FFD1001E
0231FFE300440014
FFDDFFCBFFCEFFB9
FFB8FFBE00410051
006BFFB9FFC8FFEE
FFBAFFBB002AFFD3
0075FFBD004E0017
0212FFC4FFEA002C
006E005AFFC70015
FFB8FFB90035FFBF
00760029FFE4FFD5
006A01F6FFD5FFBD
00F00041FFDE00BC
0030FFBE0043FFC7
FFF70069FFD4FFD9
008D0060FFBF003B
FFED0079FFE0000C
FFB8FFDC0034FFB8
FFE5003300E8FFBB
004B014B0073FFF5
000500090045001D
0025017CFFE6FFC9
FFBD0026011EFFCB
0012FFDFFFC600EB
0065000CFFBAFFF0
001000370095FFC8
001DFFC0FFD80059
FFE7FFC5FFB8FFE3
FFC0FFD8FFC80017
008A0013006BFFBC
005A00DC005E003E
FFBDFFBCFFBEFFEE
0048001600610013
FFD3FFDEFFF6FFCD
006900FEFFB900B1
FFC4FFF50069FFE9
003FFFC9FFCCFFBF
001F0023FFB9004E
001A0132001400AF
0008008B00020032
FFC6FFDDFFE6FFB8
0036FFEE0038FFB9
004AFFF7000EFFBA
FFFBFFC0FFBCFFE9
0031FFB801D4FFFA
FFC4FFB8FFFCFFD0
0139004BFFB80137
003FFFBC00C2FFB8
004500A70029FFC7
001DFFE8FFB9001C
FFCDFFB900610029
00B9000700B1FFF1
FFB9FFC9003E003E
00230084FFBE0009
002A00AB0024FFCC
00A5009E003BFFBC
0087FFEEFFB9FFF4
004EFFE20024FFCD
020FFFD3FFD2FFE6
003FFFFFFFD3000F
FFD400F2019BFFB8
005100D6FFCCFFF2
006F0003000EFFB9
006B007DFFEA00A7
0039008BFFDD0008
0256FFF900410031
FFEEFFC6FFD7FFB8
FFB8FFCE00070014
0023FFB9FFC2FFE8
FFBFFFBB0003FFC5
001DFFBF0069001C
01DCFFC8FFC9007F
0094007CFFB9FFFF
FFB9FFB9003DFFC4
00A70017FFF5FFCB
00400195FFDAFFB8
0138002DFFC700B1
0054FFC4001FFFC3
FFEB00A7FFD9FFE1
006B0085FFBE001E
FFDD00A6FFD8001A
FFB8FFCB000DFFB9
FFFE005C00C2FFBA
007E015F006C0009
002600040036FFDE
00310134FFE0FFBF
FFC4FFFE009EFFCD
0020FFE4FFD6010D
00870017FFBCFFEB
0025001E0049FFD2
0026FFCDFFDA005F
FFD9FFCEFFBCFFE7
FFCBFFF2FFCC0004
00710042007AFFBF
0065004F001D0069
FFCCFFBBFFC1FFD3
0072006700650000
FFCFFFEAFFDEFFC4
00C200A4FFBC00B9
FFBC00000001FFE5
0013001CFFBBFFD8
0046003AFFBF0044
FFE7015F00050090
002200C7002D0022
FFC6FFE1FFD3FFBA
FFF70018004CFFB9
0064FFDC0038FFBF
FFDDFFC3FFBFFFCE
001CFFB8019FFFFA
FFE0FFB9FFD0FFCA
01170073FFBA0085
001CFFBF00BAFFB8
008100F70001FFDF
FFE5FFDEFFB9FFF6
FFC8FFBA0070004A
011400130075FFE5
FFBBFFC1004B006B
0013007EFFBB0018
FFF000D80097FFE4
003000EC0004FFBD
00D4FFD1FFBCFFD7
0014FFF60027FFC3
0211FFB8FFD0FFEC
007FFFF7FFC9FFF8
FFD700A20191FFBA
00A500F1FFC2FFF7
006A00290029FFBB
0058003FFFD000AC
0031004EFFF00006
024C000E00260047
0054FFC9FFD7FFB8
FFB9FFDBFFE2FFED
000AFFB9FFCEFFD3
FFBAFFBAFFF6FFC8
FFE6FFBE00A6001F
0186FFE4FFBB00C9
00850075FFB8000D
FFBDFFB9003AFFE5
010F00300011FFC6
005A012DFFF3FFB9
01150018FFC10090
005DFFC4003CFFB9
000000ABFFE60022
00510081FFCF0001
FFC300CCFFD5FFE9
FFB9FFBC0023FFB8
0009007400C2FFB9
010B015E00660013
0021FFE30036FFC8
0017012CFFD6FFBE
FFC40008003F0003
002AFFE0FFBE00FA
00A2001BFFBDFFF0
000400240033FFCC
001FFFE4FFCE009E
FFF5FFCCFFC4000F
FFCB0007FFC8001F
0065004B0020FFC1
00570016FFFE0085
FFF4FFBEFFB8FFCA
00BE005700230002
FFDEFFFFFFC3FFC2
00C50089FFC000C9
FFBE0013FFCAFFED
FFCB0030FFBA000D
005A003FFFCA004C
FFE2012F0000006D
000400D8004E0009
FFD0FFC2FFD7FFC3
0009000C0084FFBA
0090000B000DFFCA
FFD1FFBDFFC8FFCD
0012FFBA0119FFEA
FFDFFFB8FFBFFFD8
00F30073FFBC003A
FFFCFFC000B4FFB8
00E000E6FFE80004
FFD8FFDEFFBBFFF7
FFBCFFB800B5002E
01340004003AFFF2
FFBAFFBC0019009B
FFFD007CFFBA0035
FFD900D200B0FFE4
FFE8011FFFEAFFBE
00EDFFCDFFBFFFFA
001C0012FFF9FFC0
0259FFBDFFD4FFEF
0096FFDDFFC4001D
FFC400980156FFBB
00FD00DBFFDAFFCC
00720013003DFFBD
00610040FFC1006D
003800150007FFFB
01D20013000C0059
00B7FFCAFFD0FFB8
FFBC000FFFD2FFCA
FFF6FFBDFFCCFFD8
FFB9FFB9000CFFC7
FFC3FFC700AA0045
0146FFF7FFBB00CA
007E0087FFB80016
FFCAFFBB003EFFDD
0119000F0010FFC0
004200F1FFF5FFBD
0127FFFDFFB800BD
006EFFC30015FFB8
00260104FFE2001C
00410072FFC0FFF7
FFCB00D6FFC5FFD4
FFBBFFBEFFF1FFB8
002F0090009FFFBD
011E015D0049FFFB
0038FFE4002AFFBF
004400D7FFC8FFBE
FFC4FFF8002E001C
0018FFE5FFBB0111
00AD0017FFBDFFFC
002E0014FFE9FFE2
003A0009FFC80090
FFE6FFC2FFCC0022
FFD70026FFDF0016
00250061003DFFBA
003EFFE7FFCE0097
0024FFBBFFB9FFBA
00AB00650025FFE6
FFE1001FFFBEFFC3
00E9004EFFC700F7
FFCA0035FFB8FFEB
FFC500B0FFB90054
00650049FFEB004A
FFFB0129FFF50029
000E00B50052000B
FFD2FFC8FFC6FFCD
FFF5000A0085FFB9
00A6FFDE0008FFD8
FFC2FFB9FFC3FFCD
000EFFB9010DFFF1
FFEEFFB9FFB9FFCC
00ED0095FFC0000F
FFEFFFCD00A7FFB9
014A010AFFD1004E
FFC7FFD6FFBBFFDF
FFC7FFBA00CA0029
014E0008FFEDFFFC
FFBAFFBB002A00D4
00050051FFBD001A
FFCB00C600CEFFEB
FFCE0140FFDEFFB9
00CCFFC4FFBFFFFC
FFFE00320006FFBC
0223FFC8FFC6FFE3
0088FFE2FFBFFFFF
FFC6004D015CFFB9
00F500BBFFF0FFCD
003700100039FFBB
004B0018FFBC005E
002700000045FFED
01D10032FFF5002E
00D7FFDEFFD7FFB8
FFC50029FFBFFFC2
FFD2FFC4FFDBFFCA
FFB8FFBA0013FFBC
FFB9FFD500FD0051
0098002CFFB90113
0071005EFFB9001D
FFCBFFBC00380006
01650017003CFFBD
0048007CFFF0FFBD
0142FFECFFB800B5
004BFFD1FFFBFFB8
003A0126FFDE0032
0039007AFFCEFFF0
FFC100C8FFBDFFD5
FFCBFFBDFFE9FFBC
00400090006DFFC1
015C015700460006
0043FFD9002AFFB8
00080073FFCDFFBB
FFC1FFF90006005B
0021FFFEFFBC011C
00990024FFC10013
00050011FFD5000F
00510025FFC8008B
FFE7FFC3FFDB0040
FFE50064FFE30010
002B0068000CFFB9
0028FFC2FFBB00AA
003AFFB9FFBDFFB9
00C400540006FFD9
FFF70026FFBAFFBD
00FFFFF5FFCF00B9
FFCC004CFFBFFFFC
FFB80110FFB900CC
007C003F001E003D
FFDD0125FFE70002
000C00E7005A000A
FFD2FFC1FFC4FFDF
FFE700120065FFB8
0083FFCD001D0028
FFC4FFBAFFCFFFC2
FFF3FFBF0094FFDE
0024FFBAFFB8FFD3
00CC0095FFC2FFD7
FFD1FFD700B7FFB8
0144010EFFC5007F
FFBEFFD5FFB9FFD2
FFD0FFB900D60036
015B000AFFC8FFF3
FFB8FFBD001D0123
FFF0001DFFB8000F
FFC400DC0121FFF6
FFC6014CFFC0FFB8
00B3FFC7FFC2FFE8
FFF800670012FFBA
0201FFD1FFD1FFE7
00A8FFE1FFC40006
FFC7000A00EAFFC0
014000C5FFF7FFBA
003F002A005AFFBB
0016FFEEFFB90022
002AFFD7006DFFE6
01540016FFD20036
014EFFDFFFC6FFBF
0001007FFFB8FFB8
FFD8FFD2FFD8FFC2
FFE0FFD0FFFCFFBF
FFBAFFF200B7007A
004B004FFFB9012F
00450048FFBA002A
FFF0FFD50046002E
0175FFE4002CFFB8
00170016000FFFBC
00FFFFDFFFBA00EE
005BFFE2FFE9FFB8
00560103000800A3
FFFF006AFFC6FFF5
FFBF0043FFBEFFC0
FFD2FFBCFFE5FFC9
005A00BF0036FFC0
01AB00E6FFFF0004
0071FFD4000CFFB9
00240027FFC2FFBD
FFE5000DFFC400CC
0022FFF0FFBD00C2
00730025FFCB0020
0001002EFFB80023
00650089FFBF009E
0019FFDB0012009E
FFDF0091003E0036
FFEE0062FFFDFFBB
0029FFB8FFBA009D
00D6FFBA0016FFBF
00B6006DFFDBFFC9
001C0035FFB8FFC9
00C40002FFD9005E
00100045FFCB0025
FFBB0152FFBD014E
0092005900450020
001600CEFFDCFFD0
FFEE007A0061FFEF
FFFBFFBAFFBA0005
FFD00009006FFFB9
00B4FFD8FFDB0049
FFBCFFBAFFE6FFCC
000AFFC90008FFD9
FFFEFFBAFFBBFFC2
005A008AFFBAFFBD
FFC0FFF6008DFFBB
01A500D0FFC400FE
FFB8FFCEFFB9FFDD
FFCDFFB900DF002E
013CFFE7FFB8001A
FFB9FFB90003013D
FFECFFF5FFBA002E
FFBC008B0120FFFC
FFB80159FFC0FFB8
007FFFB9FFC0FFF3
000100B6FFF0FFBB
0165FFD5FFD2FFF2
0038FFC8FFC1FFEC
FFBEFFD300A6FFBC
015C00870053FFBC
0023000D0034FFBC
003BFFD8FFBAFFD2
000FFFC700B4FFE9
00900086FFC5001C
01520002FFD0FFC8
000E00F2FFBDFFBB
FFC2FFEEFFDBFFCA
002E00140008FFBA
FFBFFFFB00E3003A
FFEB0084FFB90125
0064000FFFB90017
000CFFE300400077
012FFFE70046FFB8
0027FFF00001FFB8
0141FFDCFFBC00FE
003F0029FFD0FFBE
003B00F300020092
FFEC002BFFD80002
FFC00018FFC7FFBC
FFDAFFBAFFC9FFFA
007600A7FFD1FFC7
014500B6FFE7FFFD
0053FFBFFFE9FFBD
0020FFE7FFC0FFBB
FFE3001DFFB8014C
00370019FFBF00A7
0054003DFFF90018
FFF00017FFB80069
006800B0FFC20070
00290004005700D7
FFF500BF007E0032
FFD50067FFF2FFD4
0013FFBBFFC30064
0153FFDD008AFFC3
00B40073FFCAFFBD
005C0046FFB8FFD8
0061FFE6FFF40031
00170080FFDB0054
FFBD0199FFBE01E1
007B007E0071FFFD
FFFA008BFFE3FFBE
001B0056005EFFD6
000EFFB8FFBE0071
FFC100040007FFBD
0052FFC7FFF000B1
FFB9FFC8FFD8FFDF
0006FFDEFFDEFFD2
001AFFC8FFBCFFC7
FFF80090FFB8FFB9
FFBE00100017FFE0
018300C8FFC1014F
FFB9FFCAFFB9FFC7
FFDDFFB800810028
00B6FFDCFFBC004A
FFCBFFBD000000E0
FFE3FFCDFFC30017
FFB8006C00E4001A
FFB80187FFBBFFB9
0027FFB9FFC40013
FFFD00D1FFE4FFBD
00CCFFD5FFDDFFD7
0005FFD0FFC1FFC6
FFC7FFC80030FFC7
01500065009FFFB8
0026FFFE000EFFD0
0027FFC6FFBAFFBE
0019FFC900C8FFD6
000D0081FFBF0027
0188003EFFC6FFE1
008B00D3FFBFFFBA
FFC0001AFFFDFFCB
00B000A80010FFBD
FFC0001A01000044
FFBE00AEFFB8012A
0036FFE8FFB8FFF5
002D001C003300CE
00DBFFDD0047FFB9
0014FFCEFFF8FFC0
00F1FFDEFFB800DF
001A0063FFC4FFC9
004900CA002200B8
FFEB0036FFEB0010
FFC4FFCEFFCBFFBA
FFFAFFC9FFD30050
007A007AFFC2FFE7
0100005AFFE9000C
004BFFBBFFE6FFBE
FFE2FFD1FFC6FFC1
FFE40024FFBA0198
00350025FFC80058
001C0033002E0021
FFE7FFF4FFB900DA
007300BFFFC20041
0047002E008700E3
000800E6009B0033
FFCB0049FFE20038
FFF3FFC0FFC70034
0179003E0130FFC2
00CF004EFFC1FFBB
0079002EFFB8FFF3
000EFFD00006FFDB
00250075FFDC00A7
FFC001B8FFCE0204
005E004E0086FFF7
FFFD005AFFEBFFB9
001100310051FFC9
0051FFB8FFC000AE
FFC4FFF9FFD7FFDA
0016FFC1FFEA0128
FFBCFFDBFFF3FFFC
0005000EFFB9FFCD
002BFFFEFFBAFFD0
FFCD0065FFBEFFBE
FFBE0030FFFF002F
01020087FFC70170
FFB8FFC7FFCDFFC0
FFD9FFC2002C0036
006DFFEBFFC20041
FFF5FFD0FFE400F3
FFDAFFBBFFEDFFFB
FFB8002600E90038
FFB90155FFB8FFC1
FFE4FFBCFFBB0001
FFF0012CFFE1FFC4
0049FFC80006FFDC
FFD8FFCEFFCAFFC3
FFBFFFBAFFF0FFE9
010B002000BDFFBA
004400000034FFE1
0003FFBEFFBBFFB9
0003FFC100F5FFDA
FFC0007AFFBC0009
017E0050FFCB0032
00AD00EAFFC0FFBB
FFBB003E000FFFD5
012801200025FFBE
FFBC001E00F30020
FFB900B3FFBA00D2
0034FFC8FFB90000
004B005A002A00CA
0087FFDA005AFFBD
0015FFC1FFEBFFE7
00D2FFD3FFB900B9
FFF7009CFFC5FFF0
0027008A000100A7
FFDA000800000002
FFC4FFC0FFDBFFBC
0020FFD1FFCB00B0
00940052FFB8FFF3
00AF0011FFD20012
002CFFB8FFE2FFBB
FFD4FFC3FFC6FFBE
FFE10044FFBA01E4
00490028FFC6001F
00000020005A002E
FFD5FFDCFFBA00DA
003F00D1FFCB0041
005E005100B200E4
0006010000D3003B
FFC00030FFE2006F
FFDBFFBFFFC3000D
016600B101A5FFBF
00A3004DFFBDFFBB
00980029FFBC0011
FFE9FFCB0013FFCA
00600084FFD700D8
FFBA01B1FFF0020B
003400360074FFEB
00010024FFE5FFB8
001000030035FFC8
005CFFB8FFC500D8
FFBDFFE2FFC2FFF4
FFF5FFBEFFF301A3
FFC00006FFE60034
00180012FFB9FFCF
00300010FFB80001
FFC1005BFFDEFFBD
FFC3003CFFE2007F
00D8005EFFD20160
FFB9FFC1FFD0FFC2
FFD7FFCFFFFB0037
0010FFEBFFC30071
003AFFE1FFE100A9
FFCDFFB9FFF4FFF4
FFB8000F0090002C
FFB80141FFB8FFD2
FFC6FFC0FFB9001E
FFEC0128FFD6FFD4
FFF5FFBB0028FFD6
FFCCFFC9FFCEFFB9
FFBBFFB9FFCFFFFB
0092000F00F9FFBC
0047FFFD0018000A
0002FFBFFFB8FFBD
FFF2FFBA00F3FFE0
FFB8008EFFB9FFF5
014A0086FFDC007D
00EE00D2FFC2FFB8
FFB9005A0041FFDE
016B0149003EFFBB
FFBA002A00BD000E
FFC1007CFFC7009C
003BFFBCFFBC0005
0050008E002300CC
0044FFD000A3FFBE
002FFFBDFFDE0030
0099FFCCFFBA0090
FFD900CDFFC00035
00070064FFDF007D
FFE2FFE4FFF00012
FFC4FFB9FFEAFFC4
0038FFEEFFC400DC
00750047FFBD001A
0028FFE7FFC70015
0029FFBAFFE5FFB9
FFD8FFBEFFC3FFBF
FFDD0029FFB801EE
001F002FFFD40013
FFED000000A40030
FFD4FFCEFFBB014A
004500AAFFDA001E
003F005B008200B2
000300F000FC0056
FFBE000FFFEA00EE
FFC9FFC2FFC4FFFE
00ED01230192FFBA
0062002EFFBFFFB9
009C0004FFC50033
FFC8FFC90028FFCB
00720074FFD100DF
FFB901560012020D
002E00190057FFCF
FFEB000FFFE3FFB8
0013FFE5FFFEFFD4
0037FFB9FFD400E6
FFB8FFD8FFB8003E
FFD4FFBA000901BD
FFD90034FFDF0042
00160017FFBBFFDC
003D0046FFBC0020
FFBE004F0032FFBA
FFC80052FFD20104
00770046FFE7013A
FFBCFFBBFFF7FFC7
0010FFDCFFDF0037
FFE0000CFFC70065
007FFFFBFFDB009B
FFC7FFB9FFFDFFE6
FFBB000A004D001A
FFC000EBFFB9FFE2
FFBAFFC4FFC10037
FFE20121FFDDFFE2
FFC5FFBB0023FFD0
FFC6FFD8FFDAFFBA
FFCFFFB9FFC1FFF0
002C000A00D3FFBA
00680000001A0021
FFE5FFBFFFBAFFBB
FFFBFFC000A8FFF2
FFB8007DFFB8FFE0
00E5009BFFDE0094
010D00BDFFC0FFB8
FFBC00730034FFE1
01B601C9003FFFBD
FFBF004F00700024
FFC0005AFFE9005E
003FFFB9FFBD0016
007800BD003600AC
002AFFBF0086FFC7
002EFFBBFFCF007A
0096FFD2FFBA00AF
FFD000FCFFC5007D
FFF60056FFDB0068
FFEFFFDFFFFA0021
FFE6FFB90016FFD5
00460016FFBE0107
004C0045FFC60022
FFE9FFD2FFBD001D
0022FFBAFFF2FFB8
FFD0FFC0FFCEFFC2
FFDB002BFFBE0192
0018001FFFE1FFFD
FFE7000100E8003D
FFCEFFC7FFB80145
00570085FFE2FFFD
006B00620069006F
001400C300EE0034
FFC50008FFF00179
FFC8FFBBFFC5FFDE
009C01C0019CFFB8
0023003CFFC5FFB8
007FFFF5FFD50063
FFC1FFCB000CFFC6
008E0042FFC80141
FFC100F200330203
001DFFFF002CFFCE
FFEB000DFFDFFFBA
002FFFCEFFD9FFDF
0049FFC3FFD700C4
FFB9FFCEFFB90082
FFC1FFB80006018B
FFE5008CFFE30066
0035000BFFBEFFD3
004D0066FFDD002A
FFC1004C00A5FFB8
FFD7006CFFD0013A
002E003CFFFC00C9
FFC6FFBC004EFFC7
003DFFFBFFCC0068
FFD0000AFFC20048
00AE000BFFDF0052
FFC4FFB80002FFD6
FFBA0017001B001C
FFDB00D7FFBBFFF3
FFB9FFCBFFD9002E
FFE3012BFFDAFFFB
FFBAFFE0000FFFCF
FFBBFFCBFFE0FFBA
FFD7FFB8FFBD000D
FFFFFFF200EFFFBB
0076000A001C0013
FFE2FFBFFFBFFFBD
FFFBFFCD0084FFE8
FFB8007BFFBAFFCF
00A700A1FFEE00BA
010E0075FFBCFFB9
FFBC00620052FFF4
02030203005DFFC0
FFD8004C005D001C
FFC0002A00200016
0047FFB8FFCB003B
004700BD00170099
FFEFFFC1008AFFC6
005EFFC6FFC900BF
0094FFDCFFC40099
FFC6010AFFBE00B6
FFF5003AFFCB002A
FFF7FFC3FFE20051
FFFBFFBD003CFFE1
004B0026FFC4011D
003E0022FFCA0040
FFC6FFCAFFC30022
0003FFBAFFF6FFBF
FFC8FFCAFFD5FFC7
FFC7004BFFD6017A
FFFF0017FFDFFFF3
FFCFFFE500F8004B
FFCDFFCBFFB80141
005D0029FFF0FFE3
0091003B00380040
FFFE00810108002E
FFCBFFF0000B01D3
FFBBFFB9FFBFFFCE
002E0214018FFFB9
00060011FFCAFFB9
0089FFD8FFFE009A
FFB8FFEDFFDFFFC9
008B0019FFBA014C
FFE5007D007B01A1
0010FFE3FFE8FFC8
000E000AFFE8FFBA
001AFFC1FFCBFFF1
0033FFC3FFDE00B4
FFB9FFBDFFC0008F
FFBAFFB800010168
001400B6FFD5009E
0055FFEDFFBBFFE3
FFFF009800230060
FFC9000E0128FFBF
FFF60066FFCC018D
FFEC002400460079
FFD7FFBA0069FFD4
0046FFFCFFC1008A
FFBA0013FFC50045
00EA0039FFF20041
FFC6FFB8FFEEFFC9
FFC0FFF8FFE7000C
002200BFFFBFFFFD
FFC0FFD20019005E
FFF700DFFFFD0014
FFBD00650025FFC5
FFB8FFC6FFE3FFBB
FFDAFFBEFFC0FFFF
FFD3FFF500DDFFBE
007E000300110012
FFDAFFC6FFD1FFBE
FFF0FFF00049FFFF
FFB80062FFBAFFC4
002C0075FFFF00CC
0104002EFFB9FFC4
FFC4006C006D0009
01E301F6005BFFBD
0008004000250017
FFBE000F006CFFFF
0054FFB9FFC80039
001C00B800090073
FFD1FFBB008BFFD0
0088FFDBFFC8010D
007DFFEAFFCA0084
FFCA0118FFC100FE
FFE5001DFFC0FFE9
FFF4FFC1FFD30065
001DFFBD003FFFFC
0045004AFFD2010B
0026000BFFC50040
FFBAFFC1FFBF004E
FFF4FFBFFFF3FFD0
FFC1FFCFFFDBFFCD
FFC4003300020138
FFEC000CFFE8FFE1
FFC6FFDB00EF0030
FFDFFFC5FFBD014D
003EFFE5FFFDFFDD
0054003400100001
0012007101160043
FFD4FFDA002E01F4
FFBCFFC3FFBBFFC1
FFFC020F0126FFC9
FFEEFFFFFFD6FFBA
005FFFCB003B00D4
FFB9FFF0FFC7FFC3
00930016FFBC0148
001D002C00B0015D
0005FFD5FFC8FFC2
00030020FFE6FFBB
0018FFC1FFBF000B
0027FFCFFFE300A5
FFB9FFC1FFC60102
FFB8FFB8002F012D
004D00E0FFD400B5
006EFFD6FFB80002
000D009900460073
FFD6000A0194FFDD
0036005AFFD0018F
FFD5000300900018
FFF6FFB80092FFF0
0087002FFFC20095
FFB90036FFC0001A
010F003F00020017
FFC6FFB8FFD8FFC6
FFD80006FFD4FFE5
006C0095FFD10001
FFCAFFD1004F0048
000800AF00130051
FFBC00CC0021FFD2
FFB8FFCCFFDCFFBE
FFDCFFBCFFC6FFFF
FFBFFFF5008CFFB9
0096FFFC003C0007
FFE6FFCDFFEEFFB9
FFFF000C000E0022
FFBA0072FFBAFFC1
FFEA006D000900DE
00E6000CFFB8FFD9
FFDA002A00540012
01D802030072FFBB
008A001AFFFE000D
FFB8FFEC00C1FFDC
0049FFB9FFD5007F
0013009200080048
FFC3FFBE0083FFDF
009DFFF9FFC30127
006EFFF6FFCF00A9
FFC600EAFFC200CC
FFE70035FFBAFFD2
001BFFB8FFD60079
0054FFBE007A001C
003D008AFFD10113
FFF50005FFC70079
FFB8FFC5FFC40040
FFF4FFCD000A0008
FFC6FFDA0000FFD7
FFC2004C00680107
FFE5FFF5FFE4FFED
FFC2FFD100F00034
FFE6FFD4FFC40128
0043FFCE0008FFCD
00650019FFDD0000
FFF2004300ED0034
FFFCFFC9006A01E4
FFBDFFE5FFB9FFBE
FFC401D000CAFFDC
FFCFFFE20000FFB9
0046FFBE006900FC
FFB9001CFFBCFFD8
0082FFEFFFCC0132
0050FFDF00EB00D2
0003FFC2FFBDFFC1
00220016FFE2FFC9
0014FFBFFFB80041
000DFFF1FFD20063
FFB8FFBAFFC800E3
FFB9FFB9003D00C4
006100DAFFBF00E6
007AFFC9FFBCFFF4
FFED0075008F0063
FFFCFFE701E70045
00580043FFEB01AE
FFC6000A00C8FFDA
0028FFB900FB000A
00BA0018FFC20094
FFB90023FFBB0006
00E900520018FFF4
FFD0FFB8FFD1FFBF
FFDF0007FFBDFFEC
00DB006DFFE1FFF2
FFD0FFD500A3008F
001A009700390049
FFBB01890002FFCC
FFBAFFCFFFDBFFBC
FFF9FFCBFFD0FFE5
FFBC00020075FFB9
007EFFE70029FFF5
FFF6FFDE0007FFB8
001C003DFFE70019
FFC4004BFFB8FFBF
FFC80039000300D6
00C0FFDFFFBAFFDA
FFD600180040FFFC
01AE01A70063FFBD
012A0010FFE0FFFA
FFBCFFCB00C6FFCD
004EFFB9FFD60091
000900960019002F
FFBAFFBE005FFFE7
00C00023FFC80115
005BFFF3FFD60083
FFCA00D0FFD70124
FFE60019FFBAFFC3
003BFFB8FFCE0095
0059FFC0009E0040
0010008BFFF000D1
FFFEFFF4FFC00062
FFB9FFBFFFC50056
FFD9FFDC000D003B
FFC2FFFDFFFEFFE1
FFBE003900BE00F9
FFD5FFECFFCFFFDE
FFBFFFC700BF0026
FFE1FFCCFFD800D8
002EFFBC0002FFCC
00860008FFC6FFE8
FFDD002300DF0012
0009FFC400A401B5
FFBA0020FFC6FFB9
FFBA01A5007E0005
FFD2FFE30012FFC7
0034FFBB0088010E
FFB8004BFFB9FFDF
0080FFDEFFF00129
00ABFFC700FA0071
FFEAFFBFFFB8FFC7
004C0032FFF2FFD2
FFFFFFBBFFB9006E
0012FFEBFFD80057
FFB8FFB9FFC600C7
FFBAFFB800180080
009600CEFFBF0101
00AAFFC5FFC40029
FFCD005800CC0070
0012FFEA0202006F
00A00027FFE7016A
FFBFFFFF0120FFBF
0049FFB900EE001E
007A0015FFBD00C8
FFB9003AFFB9000E
00F6002E0033FFF6
FFC8FFC1FFBFFFBF
FFF3000CFFBDFFEC
01090057FFF5FFF1
FFCDFFCF00CA00B0
0038007E0042006B
FFC101EFFFF4FFD8
FFB9FFC6FFDCFFBE
FFF7FFDB0000FFDD
FFB8000E005FFFB8
0062FFFA0048FFDE
0006FFEF001CFFB9
000E0049FFD4004D
FFD40089FFB8FFBA
FFC00020002000D8
0076FFD8FFC00001
FFF200120075001C
0144018E005DFFC3
01A7FFFBFFC20009
FFC8FFC90115FFC7
004BFFB8FFD100BE
FFE3005F00070039
FFB8FFC00094FFE7
00FA0063FFC10142
003A0001FFE4005E
FFCC0097FFE300F4
FFE80005FFBAFFBA
0050FFB8FFCF007E
007BFFBB00C70062
0004007AFFFA00A1
FFE9FFF6FFBF003C
FFBCFFC0FFC1006E
FFD7FFDF00250058
FFCC00190015FFEE
FFC10030013100BC
FFD2FFF3FFCDFFE1
FFBFFFC900A60030
FFE9FFE3FFFA00B3
0027FFBA0005FFCD
005DFFE3FFC0FFCB
FFE8FFEB00A60022
003CFFC400930156
FFBE0048FFCFFFBA
FFB8012F0015001E
FFC2FFD80028FFC7
002AFFB900A70120
FFB80083FFB8FFF5
005EFFCC005700E1
0125FFB80118003A
FFF3FFC4FFBBFFC0
00190041FFDB0010
0004FFC4FFB90080
FFE00003FFE3004F
FFB9FFB9FFC500E6
FFBAFFBA003F002D
009900F2FFC300C2
00A0FFBBFFD00023
FFC4006500D8007C
0056FFD8023200E6
00D8000E00010121
FFB90006013EFFB8
007EFFB900F6003D
00AF0000FFC700B8
FFBA0051FFBAFFEC
00BA00530052FFE3
FFD2FFC4FFC0FFC1
000E0017FFBAFFD3
015300410012FFED
FFCDFFD100E700D0
00270030005300A0
FFDD0240FFE8FFD4
FFB9FFC9FFD9FFCB
0003FFF90010FFCE
FFB900180021FFB9
0083FFF20080FFD4
0009000B004AFFC4
00410097FFBE0054
FFFB004BFFB9FFBC
FFBA000600200087
