FF03FFBC002E00AA
004600C4FF39FFBD
00CDFEC8FF8B001D
0146FF1200CF0193
014FFED2FE8700BF
FEA6FF720029FE66
01D4FF50FEE400D9
004800DDFE57FF9A
008F00D9FFE4FFB0
FFD9001700FBFF7E
009E0044007100BD
FFE2FF4BFE01FF0C
0035FF2EFF27016E
0240011BFF6800E4
00A202F60094002A
FFEFFED80046FEAC
FFEAFEFCFF7F008F
007801D3FF300170
FF7FFF45FFD00116
FF110056FFF60105
00A1FEC4FF0700C6
0116FFA3FE7900A6
FF9EFF92FFC4FFE0
FBAE00EA006D00F8
02AB00CA014C015C
FF5700160015FDBC
0097FEBEFF1BFFFC
00AAFF03FEB4FF5A
FF9200860081FFBD
FFB0FE8800B100E4
00E4003FFDF800C0
FF67FFCA01470146
FF18FF80001D0091
004400B5FF83FFCD
00C9FEBFFFA8000B
0158FF0D00B5016F
010EFF19FE5400F7
FEB6FF4F0016FE7C
01EBFF54FED500E4
005000E6FE32FFEE
008B00D50046FFD0
FFF9FFE300E6FF6B
00A30042006500CC
001DFF2FFE2DFF11
001EFEABFF140137
023C013EFF3400F3
009902CE009BFFE6
FF83FF0F007DFECD
FFBDFEAFFF7600D9
003F0187FF310159
FFE9FF83FFCF00CC
FF030025FFCF00BE
00C6FEC8FEDA009A
00EAFF73FE5900BF
FFAEFFAAFFFBFFB9
FB9E0093009F0125
02B300C601350168
FFC900480002FD91
0063FEDAFEE3FFCD
00BEFEDEFEC5FF49
FFCE009200AEFFB2
FF92FE8E009A0089
010FFFFBFDEA0111
FF260030016800FA
FEF5FFBD003300A8
0067009EFF87FFF0
00B7FEB4FFBEFFCC
0150FF2B00C10171
0165FF07FE950083
FE93FEF1000FFEA7
019CFF5DFF5A0099
009100B6FE4BFFA7
00F10121FFD1FF94
FFDFFFA40119FF8B
00B6003F00B50085
001CFF64FE20FF6E
0033FF1DFF140171
020C011AFF1800F1
00AB02A3009A0017
FFB7FF0F0070FF01
0009FEB6FFAF00C7
006501A7FF3F0113
FF84FF96000C00A2
FECE0092000300FA
00C5FEE3FF1800BC
00FCFF81FE7D010C
FFB9FFAAFFB50019
FBAD00BC003100CF
024600EF011B0185
FFAAFFEEFFE1FD93
00B0FF0AFEEAFFE9
00A1FEC0FE8EFF61
FFDA00A3009CFFF9
FFB2FEBF00750082
00F30038FDAB0096
FFA1FFDC015500F1
FF1DFFB400220082
001300A9FFB7FFD1
00DDFE9DFF6E0013
011FFEDA00BD0124
010CFEF9FEB300EB
FEC1FF220051FEAF
01E1FF39FEE600CA
003100C1FE02FF99
007A00D3001DFFD5
000600000109FF7B
00B0005F006200BF
0036FF48FE14FF6B
003EFEE5FF53017F
02070149FF2300BA
005C02810072FFEF
FFAAFEC20071FEC2
000FFEC1FF6C00DB
002B01B7FF3F0118
FF8EFF3C002100EB
FEE200B2001E00D5
00ABFEA5FED600A0
0113FF9AFE7500CC
FFCEFF69FFABFFF6
FB8F00AE008E00F2
02A400DE0126014B
FFCC0058FFEBFD66
0060FEBFFF15FF98
00DFFF09FEB6FF2D
0015007500DD0002
FFB3FEAC00830073
00DD000EFDE20104
FF5FFFFE0189010B
FF10FF89003D00A3
00100096FFB5FF98
00FBFEBAFF8C0029
0114FF3700BE0145
00FAFEF4FEB2009D
FEABFF4F002CFE78
01D9FF21FF01005B
007300C3FE0FFFB6
009700EFFFEDFFC3
0029FFF20133FF79
00D2003F009A00DB
0022FF04FDF5FF2A
001DFEE3FF6A0145
0203015EFF360122
006E029600970019
FFAAFEFA000EFEE6
FFFEFE8EFFD800D4
00770196FF6D0127
FF9BFF4C003C00F9
FF000046000A0087
00A9FECFFEE300A9
0143FF60FE5F00C3
FFA4FF8EFFD3000B
FBDC010E008C0101
02A1010701180154
FFA8002EFFEDFDB9
0064FEF1FEFFFFD1
00A4FEF4FE91FF20
FFFE005700C6FFD3
FF98FE91009A0098
0113006BFDD400BB
FF7F000C019D00DD
FF13FF4E007000A7
004700DEFFA1FF93
00B7FEDEFF8AFFCC
00EAFF1300C1015E
012AFEE9FE5700D9
FE67FF270052FEB7
01C4FFB4FEE600CA
006F00FDFDFDFF8C
00B800E100590008
005FFFEB00EFFFAD
00AA0051007D00C5
005EFF48FE58FF65
0069FE9EFF9C0162
0242010EFF3700B7
00E3027F0066FFDB
FFB5FEEA007DFEF1
0001FE93FF9200C9
005901F8FF380142
FFA6FF65001500EB
FF230065004200BC
007BFEE9FEBA007C
014DFFE1FEB800C3
FF49FFD3FFB4FFC0
FB96008400A0012F
028D00F3011F011C
FFC800440036FD72
0064FEB2FF390000
00BAFE9AFE8DFF77
FFE600A60080FFFF
FFB8FE9B009F0094
01010033FDDF00B9
FF4BFFF2013E00C1
FEEDFFB70051007E
0045005EFFBFFFE3
00BCFE8DFF550011
011BFF1B0097017D
0121FED7FE7F00D9
FE72FF1B0023FE8E
01A1FF67FED40085
003E0126FE3EFF49
00A20115007BFF7B
FFEBFFF40129FF69
00C40048006000A4
0017FF5EFE48FF76
0036FEBFFF47012C
02360121FEF5009E
008A02EC0090000F
FF35FED60040FE8B
FFF9FEDEFFA80095
00240193FF070168
FFBCFF72FFF200E5
FED50055FFCF00E8
0093FE9BFF1D00C9
00D4FFDDFE840113
FF9AFF95FF81FF95
FB7B00BC008900FF
027000FE00DC013D
FF690041003BFD77
00BFFECBFF06FFF1
00BEFEE4FE7EFF2D
000700D30112000B
003BFEDD00760083
00E70056FDC200C0
FF60FFEA015A012F
FF08FF6100310079
0050009EFFE2FFF0
00F0FEB1FFA60032
0141FEF3009D0162
0129FEBBFE5D00F6
FEADFEFE001DFEAF
01F5FF66FF0B00A8
00380125FDFEFF98
00E600DE0033FFAD
0005FFCD00F1FF4D
00B9003F005D00D8
0025FF1DFE41FF60
FFEDFED9FF600162
02240126FF1300C0
00C40302004E002A
FF8BFEE90030FECA
000CFEAFFF6B00CB
005D01DEFF5E01B4
FF87FF2EFFE200C7
FF080055FFF300F2
0066FEBBFEF500C0
0106FFB1FE4500F5
FF96FF89FFABFFBD
FB6B00F4007E00CD
02B300FE01390142
FFB600090030FD6A
0067FEADFEC00008
00D8FECFFE7CFF4C
0000007C00D6FFC1
FF90FE8F007E006A
0100004AFD9B00F9
FF4BFFC2014D0105
FF27FFB3000C007F
007800B9FF52FFFA
00C5FEB5FF87001A
0127FED000C80160
0136FEE2FECB00D6
FEB3FF140020FED0
01C6FF5CFF0200E4
005700F5FE59FF77
00D50096005BFF6D
FFE1000100ABFF73
0065003E005E00AF
FFFFFF28FE25FF35
000CFEEDFF4F0155
01E1011FFF4000BC
009C023A00C20015
FFC6FEDB0091FE9B
FFF6FEECFF4F0082
005901C7FF3D0186
FF83FEF4FFF200E8
FEDC007E002500FC
00A6FEA1FEF2006E
00FAFFA7FE5E00BF
FF91FF81FFC2FFED
FBB400E9007D00F1
02C200D601160136
FF9C0006003CFD8C
00B1FEDCFEDC0006
00CDFEE5FE9BFF6F
002400840096FFF7
FF4EFE8E007C0093
00BA002DFDB900A9
FF77FFEB013600F4
FF17FFA7002E00AE
001F00B2FFB7FF82
00E5FECEFFB1FFF7
017EFF0C009D015D
0145FF0CFF0100BF
FE9CFF3C0024FE6D
0214FF4CFEDD00B8
00420111FE1FFFBF
00D400BC0006FF92
002B001000EDFF8B
0095001D00BA00B8
002DFF3AFE52FF27
000DFEFFFF42019C
0240010BFF6E0117
0075027E007D0045
FFBFFEE30067FF02
FFDBFEDDFF9900D8
0069017AFF7D0169
FFB8FF48000D00BE
FECD0097000200E3
009AFEBEFEDA0083
0102FF7FFE7500FB
FF82FF5BFFDCFFB2
FBD300BF006C010C
028E009A01470158
FF89000FFFC7FD85
0038FECFFF00FFC7
00D7FEE2FE7BFF59
0012008000B4FFBC
FF80FE8A00B700A3
01000025FDC500DB
FF42FFF901AC00E1
FF01FF83007600B7
00100099FF7CFFC6
00E5FE96FF900027
0131FF47008B0141
011CFEEDFE9800D7
FE99FF57000FFE94
01A7FF9FFECD00C5
00460110FE57FFBC
00AB0122007FFF7C
0015000800FEFF90
0102004F004E00AA
FFF4FF34FE1FFF35
0046FED6FF870142
023A013EFF3500EB
00B302B500AA001B
FFB1FEF50020FEC5
0019FED8FFA70097
004A01A6FF1C0119
FF87FF35FFF40115
FF0E0066FFEF00BF
00A5FE94FEC200EA
0114FFACFEAD00FF
FFB2FF99FFA4FFCE
FB7E00C3007E010B
02B200EC01190160
FF9400250001FD92
00A1FEC5FEFEFFD1
00B0FECCFEB8FF3B
FFEC01000099FFF0
FFD4FEC70036008E
00CA0031FDFA00AD
FF40FFE801920115
FF3BFF83003200C3
004C00ABFFC1FFB6
00E9FEBBFF91FFF2
0115FF3F00A4015E
013DFEDFFEAC00B0
FE8FFF200055FEB0
0209FF26FF0100CA
005000F7FE48FFAD
00B500E80032FF91
005EFF920113FFBF
00CE0023009500C1
FFCFFF15FE25FF94
FFF7FEDFFF970134
01FC0118FF4100FE
00EA02D9009E0031
FFBEFF19FFF9FED4
FFEFFED1FF7500ED
006B01B8FF3C0181
FFACFF5D000600D3
FECE0044FFEC0117
009CFE9DFEEB00AD
00D8FFABFE5F00CE
FFB6FFA8FFC0FFD6
FBE500EB007100D0
02BB0146017E012E
FF7BFFDC001EFDB0
0080FEF3FEFB0051
00B6FEB3FE61FF3F
FFB300C2009AFFD2
FFBBFED6007E00D1
01070051FDE9010A
FF83FFFD016400EB
FF44FF4A002700FB
008000B3FFE0FFCA
00C3FEE9FFCDFFD1
0196FF2000BB016A
016CFEFEFE94006F
FEFBFEE50050FE88
01CCFF88FEE100A6
002C0078FE10FFB4
013600DA0018FF7E
0042FFCE0124FF9C
00D00041007200E0
FFFEFF70FE6AFFC9
FFB8FEC1FF450126
019C00D9FEE900B4
00F602EF007C0040
FFF7FF08FFF6FEE1
004EFEC5FF7900B3
009E01CBFF0E0114
FFF2FF93FFAC0129
FE9600730038012C
0091FEB7FEB10099
0132FFC0FE5500E1
FF83FF28FF8CFFF6
FBD800B2004600E8
0241012A01500193
FF63FFB5001CFDAD
0089FEE7FF020015
011EFEB0FE92FF36
FFE600B6012EFFBE
FF67FE75005B0072
00F7001BFDE000BA
FF75FFD1016200DE
FEB2FF990025005C
00410068FFA7FFF7
00BAFED3FF64FFC1
0122FF02006000ED
00E6FF0FFEB300AE
FE9BFF5F0006FE88
01C4FF45FE980138
005500E9FDEBFF74
00AC00CD009CFF97
0068FFAB0124FFF8
00C1FFB4000F00B5
0003FF32FE7FFFE7
001DFEA8FF9F0128
01C90165FEC400B2
006A02B400ADFFB0
FFB1FE87FFC6FEDD
0048FECCFFA7008A
0053016CFEDF0183
FF98FF54008600AC
FEB90022000A00F2
0083FE46FE9500F0
00CC000CFE7C00AB
FFCCFF55FF7E002F
FB85009F003E00F1
029C012401310164
FFAD001DFFB6FD7E
008AFE96FECA0020
00E0FE91FED1FF12
000A012F00FE000B
FFC2FEA500830014
00D90037FDAB0124
FFAFFFB5017F012B
FF12FF62FFB50025
0071002FFFE10013
0081FEEDFF12FFF2
0171FF12008900D9
00AEFF8DFF2100BF
FEFDFF34FFD1FE74
01CEFED8FE88019B
000700B2FDFFFF1D
009B00D2005DFFEA
009DFFE40145FFE1
0144FF5BFFDE00A3
0003FF3DFE9EFFC4
001EFECCFFDE011A
01B60152FEF4008B
006B02C6006FFF83
FFA5FE57FF81FED4
0088FEB7FF910082
000A0140FEF4017F
FF47FF45008F00A4
FE71FFEFFFED00C3
0031FE1CFE730122
00E70017FE6D0057
FFEDFF2DFFBB0037
FB5E0046FFEF0105
023A015F0114014B
FFAF0020FF6DFD9A
006AFE9FFED50022
0110FE99FEBDFF0F
FFE301C800B6FFF6
FFB5FE9D0094003B
011F0033FDEC0199
FFCCFFDC01C601C1
FE9FFF36FF99FFEA
0083FFCF001D0026
0023FF5AFE94FFAE
018BFF1C006A00A3
00C1FFB3FF9400C1
FEEAFF99FF9DFE71
0182FED2FE3401D3
FFDB00B8FE26FF06
007600990081FFCC
008F001D01960040
0146FECAFFC10023
0012FF99FEC90006
0051FF1BFFCC009B
01B80150FEF60032
003C0296007CFF21
FF87FE2FFF34FED6
00AEFE9FFFC70023
FFDF0134FEA101CC
FF43FF8A00F10059
FE46FF1CFF6B0075
0029FDB3FED600F7
00750069FE8EFFDD
0008FEFB001E0062
FB570015001C0131
01E60170010E015E
FFA4006AFF75FDF8
008FFEADFEB40039
00E2FE33FEF2FF1E
0013023100BD0032
FFD6FEEA009B0025
00D4004CFDFA01FF
001CFFAA019D01BA
FE64FFB4FF65FF92
00B0FFC7004E006A
FFE3FF3CFE49FFA6
0169FF3E00820097
0053FFDBFFA400B1
FF1F0033FF0CFE92
00E8FE8FFE5D01C2
FFD8003AFE06FEB3
001900C6008F0053
0059003102430040
00D6FEBCFF45FF93
0063FFD5FEF500EB
00C0FF3EFF930089
01600166FF2EFFD6
FFB3022E011DFEC0
FFB8FE19FF2BFF08
00FAFF33FFDDFFEC
FF9100A0FEEB0161
FED1FF9F01480003
FE87FED4FF6E0094
FFD9FD9DFEDC0128
FFC900CDFEF8FFEE
0098FF42008000FA
FB6EFF81FFF4010E
01420150003D0128
FFD200EAFF39FE88
001FFEE9FEBE0022
0094FF01FF10FEE3
FFD0023500D80014
0025FF8700BEFF83
009A004DFE510222
005DFF61012101A8
FE35FF86FF0CFF6B
00AEFF9A00BC0062
FF9DFFCDFE32FF43
0146FF2F00CE007F
FFFE004200650043
FF430057FF02FF3E
000DFEB6FEA30214
FFCBFFA1FDF9FE5B
0049001400350073
001E005E024C007A
00F3FE99FF23FF07
00DB001DFEE60159
00BDFF93FFBDFFD1
01080164FF83FFBA
FFB401B90111FE95
FF91FE58FF34FF46
015DFF110062FFC5
FF9C0057FF0A00F7
FE7EFF950181FF46
FE9DFE59FF72FFE1
FFE6FDA3FEEB0135
FF82011BFFA2FF56
0077FF0F00A2012F
FB64FF6A00160156
011C0170FFDB0101
FFCC00C7FE7EFEF4
0024FF7DFEE5004F
004FFF12FEF8FF23
FF8A020E0092001D
004000120042FF5B
008C0036FEAB023B
00D0FEE6007200F6
FE28FFD4FEEDFF80
006FFF880113006D
FF5DFFDFFDE4FF43
01F2FF70011000BD
00460094006BFFF2
FFD000F6FEC5FEF9
FFDBFE5EFED801B5
FF85FF1FFE5DFDCD
FFEA008F001C0089
FF6900B0038E0076
00DCFE72FF12FE57
0104009EFEBD020C
00EC009EFF03FF2E
00C901350003FFE0
0040016701DBFE18
0011FE81FF36FF64
0164FF980088FEF4
FF4E0085FEE400E0
FE2CFFFE01B9FF1D
FE9DFE5AFF20FFC8
FFA8FD9CFEF6014C
FF4F013CFFCAFF2E
009EFE8B0147019B
FBD5FEC40071014A
007A01DAFF6F006C
005A0127FE9DFF50
001AFFB2FF2B0049
FFC2FFB8FF1CFE75
FF9E021300BC0023
00AA0055FFE3FFE7
00AC0094FF18021B
0146FF0CFFE80118
FE930014FE8AFFE5
0003FFA001740048
FF8E0010FE26FEEA
022FFFB4015F00FF
0041012C00E1FFCE
FFF200B5FEC2FF73
FFA3FF3BFF2201C6
FFC2FED2FE1FFE2C
FF840031002700AA
FF4300FC03BB0077
00DAFE7BFF29FD93
013B00E6FEF80233
010700EEFE9EFEB9
00400099005D0013
004D00480261FE56
0073FF1AFF74FFCA
0157000C00B4FEB7
FF780075FEDB00A6
FE41FFBF01E2FEB5
FE29FE3EFF49FF8B
FF8FFD8DFF5900FD
FF0E018A002FFF4B
0043FE3B014D014E
FC29FF38006100FE
001F01A4FF49004A
00EB00BAFE490014
FF9FFFFBFF3C002A
FFB4FFFCFEC5FE88
FFB8018700FC0032
00AA00B3FF740033
00C800EFFF4501C9
00DCFEC0FF8A0082
FF02FFC3FE90FFFE
FFC7FF77012E002B
0037FFECFE75FE9B
01E1FFF8016D012C
00A301E000E70041
00730169FF05FF90
FF7CFFE4FF7701B9
0024FEB7FDBEFEDB
FF0700C5006600FE
FF3B00F80408002A
00CBFE71FF4DFD90
017700FCFE9501E0
00FD00A8FED0FE4C
FFD900F0005600CC
0064FF9802C3FE7F
0060FF8AFFA10005
00FEFFB000D1FE92
FF20007DFED80045
FECA006E01E0FED8
FE46FE0CFED5FF79
FF18FDACFFCB00F4
FEB8014700C3FF1B
FFCDFE7601B60129
FC83FF6200A600A7
FFFD0168FF4D0009
01930084FE0F001E
FFE50066FF6600A5
FF5C002BFE69FEAA
FFBD012F0147FFE1
00B100BDFF59006F
0099FFEFFFA901E1
0091FEC7FEFF006E
FF7DFF8EFDF3003E
FFA7FFC601730018
0024FFC6FEEEFEA5
01D200640153015F
00FF01A800FD005E
007C0169FF2BFFA6
FFBE0095FF7C01BA
0055FF15FD23FF24
FEB200D9007100EC
FF4101050447FFC0
005BFE88FF71FD83
01BE0108FEA30214
01040089FE53FE1A
FFDD008700D50124
009AFF0502F3FEFB
009A000FFF570023
00C0FFE40084FF28
FF1D0072FEC10039
FF1500AD0193FEDF
FE9CFE82FEEBFF6B
FEFAFDE9FF7200D2
FEF8010B00D7FFE5
FF94FE8A01D9011B
FCD2FF67011800D8
FFA0018FFF4AFF80
02760034FE8C00AC
FF59010BFF8300CE
FF74003AFE4FFEA6
FFFF00A60159FFB3
00AE00DFFF26006D
00F00008FF910226
FFD5FEEAFE890009
0078FF36FE0C0034
FF52FF7F0162FFC8
002BFFF4FF80FEAE
013400F5016A0146
00D80207006C0072
009B014FFFF5FFC4
002A0109FF520194
0056FFA1FD03FFA0
FE2A014F010C0118
FF8E00FB043EFF2E
008AFEF7FFEAFD46
01AF00DFFEE40179
00D70019FEB1FE02
FFD3FFDB00FA0132
007FFED90301FF8B
00BD005DFF800044
008DFFEE00CFFF4A
FF200057FEFF000A
FFA50122013BFF05
FEBDFEEBFEE7FF91
FE9FFE50FF9C0085
FEBD005F00DAFFCA
FEE4FF0D01AB0066
FD41FF6C01360123
FFD80153FF56FF66
02EC0036FEFB004F
FF68013CFFB000D4
FF9C00A6FDFEFEDF
FFE800530122FFDF
00850162FF42006E
00CBFF9A000301B3
FF4AFF37FE74FFBC
00B2FF6AFDE10091
FEFCFF500172FF87
005BFFB9FFB5FEDA
012B0087016E014E
00BA01CB00910057
009500F00059FFDC
003C010BFF600139
0036FFD1FD00FFD7
FE06016C01450140
FFC2011903C5FED5
0092FF480031FD56
01A100D1FF2100DF
00CB0014FEF3FE98
FFDCFF9F01420145
0094FEBA02DF000C
009600DEFF890079
0036FFF100ABFF85
FF4100A6FF8E000B
FFC800D000BCFF4C
FF22FF79FF28FFB5
FEC1FEB1FF3D0003
FE71FFE7007B000C
FEC9FF49018FFFFC
FD7CFFC101CB00E0
000000C6FF60FF82
02EB0060FF62005D
FEE4012F00240078
FF9B00E6FDBBFF00
FFB4FFAA010FFFE4
0045015DFF5B00A5
00FBFFCEFFB20147
FEF8FFE7FEBCFFBF
011AFF7CFE4400A4
FF14FF7D018EFF53
003DFFE1FFDCFED6
011A008C0123018E
0078021BFFA9008F
009400B60044FFC7
008D014DFF3F016C
004FFFE6FD460074
FDD50151017700E3
FFF000DB0324FE52
0089FFD5000EFDBB
018200A6FF6F0055
0066FFAFFEEAFEE0
0010FFAF0157018E
00C0FEB0032C0039
008B00DD0012007D
0045FF75006EFF61
FF7200DFFFBDFFC4
FFED00DF001DFF96
FEF3FFF4FF4CFFC4
FE93FF1CFF87FFC8
FE72FF7E00580045
FEB6FF4A0147FFCA
FDADFF75018F00EA
005F00D5FFC9FFDB
0370005FFFB40047
FF0D00C3FFF4004B
FF8400D8FD9DFEEA
FF7EFFBD0179FFE2
FFF8013BFF6D00B8
011FFF8AFFB600D0
FE2A0025FEC3FFD3
00D7FF49FE9700AA
FF38FFBA0184FEE3
0036FFF4003CFF0B
00FF009A01280173
00D101DBFFBC008A
FFEE0007009EFFAB
00D6013FFF5D0124
0005001EFCE10050
FE2C0131015A00EF
004C012A02DBFE9C
0079FFDF0048FDAE
018100B4FFAEFFE8
004DFFBEFF2BFF38
006AFF90018401AB
014CFF2D02F3009B
0080014CFFCC007E
000EFF97FFFCFFBA
FFB801740039FFDB
003A00F4FFAD000C
FF87FFFFFF80FFF7
FEDBFF8CFF79FF91
FEBEFF5D003600E8
FE29FFD00135FF1B
FDFFFF8E018A0094
0081011AFFE60007
032000050043004C
FEDD00B10040001C
FF9600CBFDC8FEEA
FF94FF91013DFFAF
000000F3FF66012E
0117FFE8FFAE00A7
FDD70030FEFDFFAB
00F2FF73FE5100C5
FEEBFFE30139FEF7
001AFFB00071FF67
00EC00A7013D016E
00A40180FEE8008E
FFDEFF8C00A7FFF5
01230176FFA30156
001D003EFCF20089
FE31016B015A00A3
007D00D90229FDCE
00DB001F008FFE22
01D000BEFF84FFB2
0015FF31FEBCFFBB
00B7FF9201C601C9
008DFF7F02B500D5
00590127FFCB0058
FFABFF56FFCD0052
FFD601490072FFE3
005E00FEFF4300B3
FF580073FFB6FFFF
FEE50021FFCBFF2F
FF1EFF11000F0179
FE16FFEC00ACFEEB
FDE2FFAD0177007C
00E100AB004000BD
0328004E001D0012
FEBD00A60089FF47
FFF400A4FD82FF15
FFCAFEDF013EFFDE
0019005BFF6600BA
0166FFD0FF900046
FDE400C5FF22FF7C
00FCFEE1FECF0154
FED800800179FEA2
000EFFB800A0FF12
00C900D1012F0157
00EC015EFEEE0050
FF7AFF3700ECFFF9
017F01B7001401E7
001300AAFCB700B9
FE3A01DB014E003D
0081007E01B9FDA6
00B8001F008EFE52
021500B7FF70FEEF
FFC5FE71FE84003E
00F3FFF801CA02D3
00D9FFF702410071
004100F0FFA90063
FF45FEC9FF5B009D
0014014300EEFFC1
00F2017BFF0D01CD
FF67008AFF860035
FF0FFFFEFF96FF09
FF5EFE44FF9601D1
FD49004100B2FEDD
FE07001A0158004F
00FF00B600E40138
037BFF850093FFC3
FEAD00690063FF3D
FFF0FFEEFD60FF72
FFF3FEDC013AFF9B
FF810028FF52014B
013DFF3FFEDC00B3
FD89008DFFB2FF91
0111FF08FED70165
FEFB00A200FAFF03
FFD6FF790116FF6B
011300D801180129
00FD00DBFE890033
FEF9FEDA00E8FFE4
0215014D001301E2
0003010AFC4000E2
FE8F023900C10025
014F001F0135FDCC
004A00400091FF14
01FD0086FEE1FEC7
FF40FE95FEE70094
018D0011021002AB
00CB0059019500D7
002600DAFFD00017
FEDDFE6EFEE30152
007C010300EE0012
01330142FF1F023F
FF630097FFA400BE
FF3E0032FF3CFF73
FFC8FE66FF5801EE
FD510091007BFEA5
FE01005B0111007C
019C010E00C6011F
033AFF9400ECFF66
FE92FF9C0050FF37
0012FFDFFD59FFEA
FFC2FED60118FFCA
FF77FF6FFF5E0143
016AFF55FEC80061
FD6100D9FFD9FFFF
00E4FECDFEC30131
FF3D006800D2FEEB
FFFAFF55012AFF9D
00C100D300CB012D
005C0086FDE70048
FEEBFECA011DFF86
030E0063FF940204
00100180FBBF0145
FED301D60027FFF6
018D003A00D2FD8D
00B5006B00610036
01F80023FE65FE3C
FEB7FE3AFF66011C
020200AB0220024A
003A012F014F00F2
FFF500C9FF6EFFAC
FEEEFE01FEC20189
009B011E00BE0038
017D012FFF4D0263
FF720018FF63008D
FF38FFF6FF58FFB1
0038FDF5FEDA01BF
FD4400630058FEA2
FDCC005F013200F3
024E017000AB0155
02D0002500E7FEDE
FE6AFF0FFFECFF0A
006BFFE5FD56FFF3
000FFED60147FFC8
FFA6FF1AFFA1014A
016DFF69FE4200D2
FD4001190029006A
005FFEDCFF0C012C
FF3700520096FEB9
000FFEDC00BFFF7F
00B9004000B70126
0061001EFDA500C5
FE90FEE000E1FF5A
0378FFD6FF46021E
FFE20197FBBB016B
FF1A0207FF52001B
0197005D008DFD9E
012E002400AD00D4
01AFFFB4FE33FDD1
FEB5FE07FF4C015D
02E300E6020F0247
002001B0009100DB
FF6C0015FFD9FF53
FF0CFD50FEAE0202
00E9014E008700A2
018F0102FF8B0207
FFB3FFF6FF29006D
FF48FFA1FF1EFFEE
000FFE39FEC3017B
FD5B00520094FE56
FD2F00580138014D
02EA0123007C01A0
0266008200AAFE30
FE7EFE97FFB2FF05
0082FFDEFD2FFFF0
FFDDFF1B00E70009
FF91FF0A00310134
01D3FF4AFDBB011A
FD2200D600B200EB
FFE0FF0DFEFF00D5
FF59FFE50059FEB8
0078FE93001CFFB3
00EFFF9600CE00E9
0010FF76FD8D00F2
FE69FEF8007EFEFA
0380FEEEFF140164
FF8C01B1FB69015D
FF4B012DFF240049
015A00BD006FFDA6
015E001300E50141
013BFF51FE72FD93
FEB9FE28FFDD018D
034F00FA00FC01E6
000D022F009500FC
FEFC0033FFC6FEF2
FF28FD3BFE82019B
012901DD005D00BC
018A008CFFD50196
FFC4FFBAFEC20022
FF35FF37FF75FFCF
0003FEAEFDFD00F6
FDD2003D00C8FE37
FC6D008001850198
0373014F003801C7
01D3012800C9FDDB
FE31FDD0FF3FFEC3
00A90024FD9FFF8E
0066FF5C010D0067
FF51FF2D005F00E2
01ACFFACFD1D0186
FD7100AC010E0124
FF24FF74FF2C002B
FFD6FF90FF8EFEE9
0046FE4FFF8D001C
00B7FF36006A010A
FFF3FFD8FD84018F
FE7AFF2D0038FE7E
0312FE6DFEC50126
FF9401B5FC0400C9
FFC000A2FED70043
0110010C002AFE16
017AFF97009001C6
008EFFACFEBBFD92
FF22FE39FFD601DC
0361013300E700ED
FFE30277004800A1
FEC4FF9B0027FE98
FF54FDC8FE560110
010E0218FFC70145
012E001F00020109
0008FFC0FED60039
FF3DFEC9FF7C0026
FFA0FF7AFE4400E6
FEA6FFED00ADFE8F
FBDCFFFB011901A8
036700B6004701A5
00CE01520079FD94
FE66FD53FECEFEAE
00D60047FDF0FEF1
0055FFC1008F00D6
FFCDFF34012400B4
01930021FD0101AC
FDE2008700C601E0
FE65FF9EFF5AFFBB
005DFF66FF7BFF34
0047FDF8FECBFFEF
0096FF26002100ED
FFD0FFB7FDD90188
FE19FF710002FE2B
02B9FD8FFE8700DB
FFB20159FC960039
FFD9008CFEBD00A2
010601170036FE86
0170FF13001D017D
0086FF48FEB5FE1B
FF8AFE19000701FF
03730187FFFD00B1
FFF002A00045003C
FECAFEFD0047FE5B
FF82FDF6FE9200EE
004901E6FF6F018F
00A4FFB1005700D2
FFFAFF53FE99FFEE
FF21FE72FF6A0083
FF7AFFD0FE3900E4
FF76FFE400D0FF0C
FB1DFF9300B70181
0334009000320196
009B01D10055FD56
FE71FD12FE63FED1
006E0046FE6AFE7A
00610091007900A0
FFD7FEF901400080
01A2FFFEFCCB01C7
FE32FFF5010E024B
FDF1FFD7FF4DFF87
00CBFF9BFFADFF89
FFF0FDF0FE3B000F
00EAFEE6000F00AB
FFAEFF5DFE79013E
FE28FF6AFFB3FDBB
023AFD47FE6A00AF
FF4600BFFCC4FFFD
FFA5FFCAFECA00A3
00D70117009CFF16
012BFED5FFE70140
0053FFAEFF1FFE7B
FFF5FE6EFFE3024A
0305017FFFA90030
FFAA02C800A7FFD9
FEBCFF090015FE0C
0003FE73FE420072
0006023EFF480158
004AFF8D00C4003C
0015FF6EFEAF001A
FF57FDF4FF91004B
FEF0004EFDF900A8
0044FFBD00AFFFB0
FB08FF1B00DB01A5
02CB00E300060156
007F024C003AFD7D
FE53FD0FFE42FE90
00ED0046FEF0FDD1
006C015000470163
FFA9FEF801320075
01610029FCA60211
FF10002D016E028E
FD1BFF85FF25FF03
0115FFDAFF67001C
FFD4FDB0FE46FFBE
00CDFF0BFFDD00B3
FF4AFFA6FF180135
FE39FF93FF3DFD8E
01ADFD3DFE780070
FF7B0052FDCFFFC9
0001FF88FEB200DC
006A011B0032FF49
00FFFE82FF6A0178
0027FFB6FF19FF25
00B7FEFDFFA00232
02CA01C9FF81000E
FFB402AF00F6FF83
FEE1FEC5FFFDFDDC
0059FEEAFEBF0041
001301E8FEF301B8
FFB0FF410146FFCB
001AFF13FE7CFFF0
FF51FDC1FFBD007D
FF3D0062FE6D00A2
00B7FF38010C0059
FB1AFECD009B0180
02990051FFDD01E6
FFA90296FFDAFDD6
FE98FD18FE1AFEA0
00C10087FF08FE18
00BD012D005900E0
FF9BFF520120003A
00640017FCA201DC
FF87FFB701490277
FCFEFF78FF27FEC6
011DFFE6FF970092
FFBDFD9FFE06FFAD
007DFF4CFFA10098
FEC3FFABFF7D00F7
FE70FFF5FF54FD92
0149FCF9FE9B0058
FF780023FDFEFF67
FFC2FF85FEAC0140
003300E800E4FFD5
0116FEC5FF1D00BF
FFF9FFCAFEECFFA0
00ACFF2EFF9601BF
01FB01B5FFCD001B
FF8F028A0144FF46
FF33FF410027FE04
005EFF03FF050004
FFA801B9FEF4017C
FF5DFF1C01D6FFAB
0001FE81FE40FF80
FF54FDE4FFD00106
FEFC005AFE7E0051
00F1FF6D011500FB
FB69FE89008F0141
026200A3FF8A0163
FFE70295FF90FDE2
FEA7FD71FE17FED5
0094008BFF76FDF6
006F013C004000F9
FFB0FF8D015A0007
0063FFE0FD0A01E9
FFD0000800F3023B
FC51FFC4FEF1FEB7
010EFFF1FFE60113
FF89FDC3FE10FF7F
00E6FF07FF150085
FEC1FFC8FFA800E4
FE3A0018FF45FDC4
00F9FCDAFEB10011
FFC3FFCEFE8FFEF3
0013FF6BFE7300FF
FFF700C101900045
00B8FED6FEE900D1
FF9C0011FECDFFD1
00A3FF74FF400184
01B90170FFE0FFD1
FF6D0283018BFF0C
FF40FF2C0034FE3F
00F8FF51FF81FF73
FFF100FDFF0C0199
FECAFEC101DAFF24
FFE9FEB5FE27FFA4
FFDEFDAA00490170
FEE600B4FEBEFFF3
0135FF24012C0154
FB98FE9F00700141
02300097FF4D017D
FFA402C3FFB0FE68
FE6DFD9AFDEBFF2A
00BD0107FFA4FDE7
008C00A8003300A1
FF76FFB501550078
FFDC0070FD6501F8
003F000C008C01C7
FC760009FF20FEF4
00DD0009005A015E
FF6DFDBEFE40FF3A
00DEFF47FF75009F
FEDF0019FFE300A0
FE900084FEE8FDFE
0098FDA0FEA8FFF5
FFD3FF82FEDCFE88
005EFF33FE71013C
FF9101110203008B
007DFEE7FECE0006
FFBB0049FE650081
0085001CFF3E00BC
012D0169000DFFBB
FFF601F50241FEDC
FFB4FF57004EFE5B
0113FFADFFA9FF33
FF9C00F1FEEA0169
FE48FEEF0252FE95
FFE4FEC3FE56FF78
FFD6FD9E00620170
FF0C0128FF4EFFBE
0144FF1F014201AB
FBEAFE8F008C013A
01E7013DFED900F3
FF85027FFF5CFEF1
FEF3FE70FE21FF95
004E0163FFA7FDC9
001E0123009B0071
FF88002800CB007E
FFBC00AAFDE601C9
00C8FFF0FFEB0191
FCC80008FEF2FF0F
01170025008B0130
FFCAFDCEFE1AFEDF
00F6FF28FFAB0110
FF210022000C009F
FF3B0100FF25FE38
0062FDEBFEFE0002
FFE8FE9FFEF2FE82
0040FF3CFE9B0148
FEAF015D02B9008B
0048FEE7FEF0FF69
002A0040FE5C0111
00A700A2FED1003A
00B00180001EFFC2
FFFE01D602ABFEF7
000BFF940021FEB9
015D001FFF8DFE52
FF8000FEFE990136
FDFBFEC401DAFE9D
FFC4FEDDFE7BFF78
FFEAFDF3006700F3
FEA10181FFACFF60
015FFEAE016C01E5
FC31FE5600980072
01570100FED20113
FF60023FFF36FF25
FEBEFE9EFDFFFFAB
000401C0FF94FDAE
0002009F005E0030
FFAC001500AE0094
FFBA0077FE2201B4
00EFFFBBFF340108
FD32FFF8FEDCFF8A
00B90041014D014B
FFEEFDFEFE67FF00
016EFFD900240114
FF82006900150022
FF6C0109FEE0FEA0
0001FEDAFEB2FFEB
FFDDFE91FEB4FE2F
0026FF40FEF8012D
FEA9013C032C009D
0033FEBAFECBFEFF
002C0078FE5B0168
0093009CFE7AFFC1
00370147004DFF97
00E700FC02DDFEED
004FFF75000BFEE2
0181005AFFD7FE91
FF6C0119FEF30108
FDF8FEF401DBFE54
FFA2FED7FEC6FFAF
FFAEFD6A00AF0151
FEC401A2001EFF9F
00D3FEA001660235
FC23FECB00C900D3
00A40172FE96006B
000701DDFEFDFFB9
FF3CFF63FEA30015
FFE701DDFF52FDA3
005500D600F6FFF7
0012007C001700CC
FF7A00E4FE780198
011DFFB8FE6D006E
FD5CFFD6FEBAFFE8
0056002301420106
FFBCFE2BFE85FED3
0187FFEC0078012A
FF94005500CC003B
FFCD00EFFED0FE3A
0027FF60FF21FF8E
002DFE88FEBFFDF2
FFF5FF66FF210132
FE6F0121036B0019
003FFEF3FF23FE33
009E00DAFE6401D9
00FD00D3FE25FF86
FFFA015000D8FFE8
00D100890313FF23
0051FFEEFFF6FF05
017E00ADFFE4FE46
FF4C0116FED900C0
FDE0FF3F01B3FE88
FF44FF35FF18FF8B
FFC6FDAA005300E1
FF0D0145001FFFFE
00B3FE4D017C0274
FC52FEDB0105009C
0093015AFE7F0065
006701C0FF4C000E
FEE0000FFEF20007
000901EEFF1AFDB0
002A006A0123FFD2
001700C9FFDF00A8
FF5700E0FE9601C1
00DEFF7FFE64FFFC
FE25FFAFFEB50025
00570023018400EF
0009FE3BFECAFEFF
016F003F00C10176
001600B400A70035
00330124FF1CFE53
FFF00059FEEBFFD6
002BFEC1FE58FEF0
FF39FFC3FFAF013F
FE54013603E8FFCD
003BFF4AFF0FFE0D
00C700C6FE560188
00D4008AFDBAFEB7
FF99017F00D1007E
00F6FFBD035FFF91
00BF0034FFD1FF70
016F00E20012FE4A
FF43011FFF04006E
FE31FF6A0119FF09
FF56FF3FFF11FF7F
FFDBFDC0005000AC
FF1A00CD0052FFE9
0071FE33016A0241
FC81FF6301690085
005901BCFE830003
00D90143FF810075
FF1B0050FEF10066
000F01BDFEC8FD97
0032000601BBFF54
003B007EFFC200D1
FFED00A7FEF0017F
0063FF51FE5BFFF5
FECEFF2CFEBC0002
0007007B01D00110
0067FED8FF28FE87
0166008C00B90196
FFCF0111002C002B
0028010FFF52FE9A
004F0113FF1B000A
005EFF0DFE11FF77
FF11FFDAFFDE012A
FE9B006C03F50019
FFFFFF9BFF47FDBE
009E00ECFED90158
00E7003FFDC6FEFF
FFB7010700F300CA
0120FFD10389FFB8
01100078FF5BFFD3
0160009F0014FE5B
FF78013CFF830039
FE65FFA100EEFEF7
FF01FF77FF38FFA1
FFEFFDDE00530028
FEE6007500A2FFF8
FFD3FE6E011501FB
FD2DFF36016D005A
003C0197FF0FFFA8
0165012FFFB2006C
FED800A0FF5600CF
FFE701E4FE6FFDC0
000E003101B8FF95
FFE000AAFFB7016B
FFB3004BFEE901B0
FFECFFF3FE8EFFD9
FF9BFF11FE9E0074
FFD20060025F0095
00A3FF01FF54FF11
016C007400D601AF
FFFC013E005D006D
FFE0009E0016FE92
006C01BDFF08000E
0059FF90FD5FFFD3
FEB9005C00620127
FF15006703C0FF9F
002A0004FFACFDB0
00AD006AFF3400EE
01210042FE2FFF51
FFF10098008D013D
0146FF7F0355FFC9
00C600CDFF42006C
012E004B0075FF4B
FF490163FFDCFFCE
FEE800180063FEDA
FEC4FFD1FF64FFAE
FFEBFE520006000A
FF47FFF000AA0051
FF7DFE8300CA0129
FD0CFF5A01BD0048
003601C4FF40FF85
020C00C9001D004F
FECA00E3FFA10095
000901A9FE66FE1B
FFCF001E01AAFF60
002C010CFFCA013E
FFDF00B1FF2E014C
FF990050FEBEFFAD
0015FE7BFEE60076
FFE500B2026A0040
0083FF3CFF57FEB6
0100007E00FB01A7
FFEA0168FF930055
000500510088FEA5
00C001FDFEFE0085
004BFFBAFCF400D0
FE1200A000B70128
FF8EFFDE037FFFC0
FFEB003EFFE3FDCB
00DC00B0FF1A009D
00ECFF8BFE3DFF44
FFDF006D00BD01CF
0143FF560356FFDD
00FC00C0FF5200DA
00DD0040FFE7FF58
FF890159FFEAFF80
FF560065FFECFF4F
FE6B0069FFBBFFC1
000DFEE6FFFAFF8C
FF72000E009A00D8
FEFFFF0400EC00E8
FD6AFF3B01B80064
00960175FFD8FF9E
028E007900820061
FE9800F6FFA80090
00050112FE60FE0A
FFD300060180FF9C
001A00EFFFCB00FB
0052FFE4FF310176
FEEE0078FF0CFFDA
00D6FE9CFECB0095
FF4C003E024FFFB6
00F1FF6FFF85FF23
00A30089012101B8
FFBE011FFF4700CE
000800350078FEE8
01040233FF6900BF
0058FFE4FCBE00E7
FE3B010E00E50140
002C00360347FF51
000F008C0003FDB1
010500B0FF560006
00A4FF84FEFAFF64
004D002300CA0210
0180FFB3033C0003
00C400C4FF5600F6
0076FFE4FFD1FF54
FF4F01A0004FFF55
FF7F006FFF5CFFC1
FEC70065FFEEFFDB
FFEDFFA8FF98FF42
FF82FFCA00850124
FE7CFF620076002D
FD96FF3601A7FFF1
00B501860005FFAD
02970035008C0056
FE6900DE00020037
FFDC00C7FE41FEA7
FFB0FFCE014AFF77
003000910017011D
0061FFF0FF5600D4
FE5A00CAFF2CFFB1
013BFE53FECC00F7
FEFD0033021BFFAE
00F7FFECFFD7FF00
006E009901AE01D7
FFB90113FEC9011B
FFFFFFD000A8FF8D
0160025DFF870135
0002003BFC7D0109
FE090120016C00E5
0071FFD70296FF0F
001D00780025FDED
011D00ABFF52FF9A
0084FF3AFEB7FF99
0097002100C70227
017AFFE702C60027
00C8008CFF3C00BA
0053FF6EFFC1FFAC
FF9E01F000AAFF92
FFEE007FFF2B0040
FEE900A5005AFFF4
0018FFD2FF87FF60
FF8EFF42005501CA
FE49FF890014FFC5
FD68FF4701DF003C
00F0017000860030
02CB005000C90036
FE2600990019FFFF
000B00CAFE67FEC1
FFCBFFBC00E5FFA8
00030078FFBB00F3
009C000CFF6A009C
FE2B00C1FF6DFF92
0147FE31FF2B0135
FEDC006801A1FF3C
00AFFFE8002DFF13
007D00E101B50166
004800CBFE7500F9
FF8AFFA20082FFF5
017D025DFFE0016E
FFEA006DFC0D0115
FE0B019E01B30083
00BFFF9A025CFF05
001D009B00A0FE1E
017600A7FF2CFF3B
0027FEC4FEE1FFD8
0106FFD9010601EF
01450048024B007F
009100B3FF430089
FFCBFEF6FF070069
FFFA018C00E5FF97
006F00E3FEAC0150
FEDF00CD00680042
001E002FFF60FF3C
FFB5FF49FFF80252
FDE70036FFB7FF2A
FDA6FF9801A10045
01560187008E005B
02DAFFB20101FFE1
FE6D00420049FFDA
FFF00015FE1EFF1B
FF91FF5200D1FFE4
00450033FFAF00D6
00A3FFEFFF800082
FDD300D5FFB0FF5E
015FFE2FFF550184
FEDD006F0175FF15
00C5FF9200A2FF60
006300CB01DA0167
0027003EFE3D0108
FF45FF5700BA000B
01D90222FFD8016D
FFB70076FB870117
FE6F01F301D4004C
0131FF58023DFE5D
005A00E700BFFEE1
01DD0017FF06FEFF
FFF3FE59FF330053
01450050014A01F5
0142006E01B2009E
008100A4FF240037
FFE7FEAEFEE000BD
004901D90174FF4D
009F0091FE3201CF
FF29009C003F0090
FFC7004DFED5FF1A
0001FEDBFF79024A
FDDE007DFF5BFEF2
FD6F000B01E7008E
015501DF00BD0020
02A7FFA40116FF9A
FE6000120089FF81
0010FFA1FDEEFF81
FF62FF3C009C0019
0013FFC1FF7C00C6
0107FFC6FF3A008E
FDF600C9001AFF6B
01CDFE12FF650195
FECC00510154FEF7
00E9FFA4009CFFD7
00B0012102100171
00240027FDCF0113
FF2EFEF3008C0015
02510196FFAD0208
FFB700C3FB4200F3
FEA80230018BFFCF
0191FF7601F3FE25
00D600D30147FF06
022B0015FEB6FE7F
FF8BFDD3FF610039
01CC0043012C020A
014C0102012600B7
FFD70057FEFDFFAC
FF47FDE5FED701A4
0043018C0140FF61
010000D2FE79020E
FEE2FFDB001B004B
000CFFFDFEA8FF41
002DFE66FF3E0229
FD5B00C8FEE3FE88
FD1D006B020300B1
0202020C00B7005B
02F3FF8D008AFF19
FE7AFFD10063FF60
003CFF2BFDC9FFE4
FF86FF3300960023
FFF6FFA0FFBC00A0
0120FFC2FF1000A2
FDC300FA0050FF87
016FFDEEFF56018A
FF15002500AFFECA
00D4FF1700C60011
00CA008A02050138
0014FFCCFD760170
FECEFECA00F3FFD2
0302010BFF58020E
FF6C011AFB250182
FED7024D010FFFDD
01C9FF98019EFE23
013300C301DFFFE3
01DDFF83FE82FE4E
FF28FDB4FF5F009F
023500AD00F701CE
00F0017D008E00BE
FF9BFFDEFF02FF7E
FF8CFD6DFEB8023D
0094017C013DFF83
01710097FE8A023A
FF02FFBEFFB30082
FFABFFDBFE7BFF73
007CFE77FEDF020E
FD8000C5FEDBFE3F
FCC7009C01CE010F
02980266008D0072
0289FFBC00D5FE72
FE7BFF3B005FFF49
00BDFEE6FD72FFDB
FF81FF740099000F
FFE0FF41001A0028
017EFF73FE5F00EC
FDBA00D600C7FFF8
0126FE7EFF5A017D
FF28FF880080FEA5
00C6FF4800A9002F
013F007B020A012B
0061FF9EFD6701B1
FEB1FE8000B1FFA8
02EF007BFF1A01E7
FF66014AFB0C00F5
FF77024F0121FFEC
01E6FFC6012FFE48
012B00C601DB006F
01BFFF61FED4FE47
FF25FD8EFFD30107
0275003800A5016D
00ED0197FFEF00F0
FF6EFFD9FF59FF52
FF87FD19FED9023C
009A01C800F9FFD4
01580082FED90272
FF1AFFCAFFD8008F
FFCAFFD3FE7CFFCA
0063FEA7FEA501AD
FDB600D7FEC4FE15
FC1D00AD01F50149
02AD0234004F00A5
01F4003C00A5FDF1
FE8BFE8A005FFF04
00F9FEA2FD43FFEB
FF8AFF950093000C
FFF6FEEC00570019
01DCFFC7FE190067
FDB400A301020069
00D9FED4FF2F0112
FFA5FF77FFF3FE89
00B6FF21000D007C
015C0016017C011B
007CFF57FD8E01B5
FEA0FE8F006CFF56
02C70004FEB00218
FF3E0147FB5000F5
FFBF019800F2FFF8
01DC003D00D5FEF3
0188003401D700DE
0148FF16FF15FE91
FF25FDE4000F0163
02950073004C0101
00DF01B8000000F7
FFACFF96FF88FEFB
FFB9FD68FEB001F7
0095024B00C8FFDB
0165FFE9FEEE01FD
FEDEFFC4FFAA00DE
FFB5FF93FE49FFD8
0048FF41FE890193
FE87003FFF19FDE9
FC370057016B0182
02F8021E00920097
01C70048003DFD9A
FE7CFE050003FED3
012BFE40FD9BFFA7
FFB70049007A0059
005CFEB20073FFC0
0209FF9BFDEF00BC
FD790018012300E6
0058FED6FF6C0100
FFC7FEEA0005FEAC
0072FEC4FFA2003F
0169FF8601CF00E3
0063FF41FDD9022F
FEC0FEB60097FF3B
0249FF5AFED701C0
FF10017EFBFD007A
000A014D00F40041
016A004000A4FF02
01BEFFCB021F00F6
0116FEE8FF45FE6A
FF86FDB0FFF90154
02FE00BD000700E6
00B701D9FFC20056
FF0AFF5DFFE1FEDD
0035FCF1FED50201
003802810075004E
00EFFFD8FF7D015C
FF1DFF65FF74008A
FF96FF2EFE95001B
005AFF62FE2800FB
FF020047FF34FE19
FBE8002B01950220
02E901F6005C0078
019B00E00024FD41
FEC0FE880046FEDF
0110FE99FDDFFF90
FF5F008F00AB00A2
001BFF2D00E7FF4A
01F1FF81FDE100E0
FE1F0027011F0121
FFCDFF72FF250079
006BFEABFF86FED8
0019FEA1FF3300E8
017DFFBB017D00BE
0053FF55FE45021B
FEA5FEBC0045FED5
01C5FEB0FE9E01A7
FF000135FCB3002C
FFF600CD00B1005A
018600C2005EFF72
012CFF85021100F3
0090FEEAFF6FFEC1
FFDDFE21FFE60189
02BA010BFFA100A6
00A1016CFFEE002B
FF18FEF70007FE90
FFE9FDE1FF1601A3
002F024200300087
009FFF50FF9B00D1
FF33FF59FF69005F
FFECFEE4FF02FFEF
0006002EFE620125
FFD5002BFF94FE39
FBCAFFFF00F801D2
031101D40029007F
010F0115FFF9FD9D
FE7EFDF2000EFEB6
0124FEB0FE17FF32
FF6E00DB006C00A0
0079FF2100F9FF70
021FFFD1FDB400E3
FE3DFFCF015401E3
FF8FFF69FF610030
0080FE99FFA4FF38
0016FE7FFEF100A4
0175FF92011A00AA
0099FF69FEEB01F5
FEB3FEA8009BFE7E
0130FE74FEC10117
FF1B014FFD9AFFBF
000E00AA01220038
017B00BF0039FFA9
01A7FEEF01D0008E
0084FED9FF73FF1C
009BFE59000101B9
0225012FFF69003B
007201490013FFF3
FEDFFF30FFE4FE9F
0034FDF4FF000171
FFA80244FFC100D3
0031FF3E003400CC
FEE9FF2BFF270044
FFCDFE92FF6FFFE4
FFF30037FE9F00BF
FFFEFFC60021FEAA
FBA4FFFB00F401BE
029E01DCFFD500C7
00D60136FFB6FD72
FF15FE76FFEAFEF4
013EFEBBFE57FEFF
FF92015C004A00A7
0053FF3300A9FF44
01B5FFFFFDEF00CC
FF16000F00FE01AC
FE98FFD6FF44FFB8
006FFE7B002BFFF1
FFCFFE73FEA9006E
01C5FF8C00CB00A2
0077FF99FF8801E7
FE57FEFA0061FE55
00B8FE10FEAA00CF
FEFE010EFE8BFF13
0077005700A40021
013800C500D9FFEF
0199FEDD01A20096
005AFF07FFBCFFD8
005CFEB900150164
023000F1FFBF0052
007101240021FF8A
FF03FEFF002DFE9B
007FFE7EFF6600E5
FF4F01C9FF6C0111
FFB1FEF200310052
FE93FEB8FEFF0005
003EFE0EFFFD006F
FFAB005FFED3007D
0053FFA70001FEF7
FC17FFC0008D01BF
024B0196FFC00081
00970171FFAFFD9C
FF4AFE3EFF85FF68
012EFE77FEA0FEFC
FF6B0133004900F2
008CFFA600E8FF9D
01520004FE2D00B8
FF7BFFC7010A0209
FE16000FFF1DFFC4
00D4FEC900100071
FF67FE70FE9E0029
01BDFF4E00BD00B4
0058FF98FFE00160
FE51FF2E009FFE47
0007FE30FED00097
FF4D009DFF22FE9E
0091002000D20067
00DB00B700E7008D
010BFE7A00E8003F
0044FF64FF7E00DF
00CCFF21FFE90147
016F0111FF8B001B
0083011600B5FF61
FF01FF29FFE3FE77
0081FED8FFC100C0
FEFE019AFF700111
FF4FFEDA00B5FFC8
FEC8FEB4FF2B001C
006FFDAB0045009A
FF410068FF010041
00C7FF8E0077FFE2
FC51FFA900720165
01D80189FF790060
0059019AFFA4FE0A
FFA6FEBAFF47FFBD
00ECFEE9FF09FEB9
FF380148008300AE
0075FFDC00CAFFAB
00D30003FE240085
0035FFC8006A01A2
FDA4005FFF19FFC7
0073FEED005200C9
FF61FDD8FEC6FFE7
01D1FF68FFF50096
0094FF3EFFFF012A
FE8EFF460060FE3A
FFE0FEAAFEDFFFD0
FF5F000EFFB9FE26
012E004800A4005B
008F00B40188009C
011DFE700115FFEC
0024FF8DFF7F0167
00C3FFABFF7A0112
00D9012EFFFEFFE4
009D010B012DFF5C
FF3EFF27FFF6FE8C
0108FEFDFFF9004F
FEF801D9FF34014A
FF15FED100FDFF6E
FE88FEDDFF320069
FFFBFDA500CD00DE
FF5E009DFF3EFFD4
00D1FF31008200AB
FCD6FF9E006A00AD
013901D1FF150074
0071017BFFA2FE0C
FFECFF15FF57FFEC
00C0FF1AFF23FEA6
FF93011A00A200A8
003C006E00ABFF9E
008C0033FDFB0097
006EFF85FFE90148
FD8700A9FF27002E
0068FF26007D00C8
FF74FDD8FEDAFFD8
022FFF55006C010D
00BDFF950022010D
FEC1FF65002FFE23
FFEAFF21FF29FF66
000BFFAF0010FD99
0149002C0026003B
FFE300E00216003B
0151FE9500E1FFBC
0043FFC8FEB901E9
00B7FFE5FEE50091
0099014800390037
00F200F90170FF4F
FF8AFF27000DFEEC
0125FF9B003DFFF1
FF05014CFEEB00C9
FEABFEF70143FF35
FE91FEE4FF140044
002BFD6800CA017C
FFAC00C4FFA4FFFE
00CDFEFE006F013C
FD0100430026007D
012101AAFF2FFFE1
0022017CFF56FE8E
0003FFB5FF2E0012
008CFF84FF27FE84
FF5A006A00EB0049
008F0048008F0018
0026009FFE7A006E
00DBFF78FF0E00C8
FDA9009EFF480020
003CFF6200D30103
FF9AFD9AFF02FFDC
0243FF7F00A20134
012BFFB800880122
FEC4FF880022FDE8
FFD3FF84FF52FF29
FFEFFFCEFFE2FD7B
00FAFFFF00980065
FFB400C702990012
00C8FE7C00C4FF26
00FAFFEBFEBE0227
00E9FFC3FE9B000A
005D018200650093
016000220223FF48
FFA5FF540025FEC0
014CFFE90076FFBA
FED10183FEB500E5
FEBEFF560169FF0A
FE77FED1FF5D001B
FFAAFD5401030184
FFEE00E3FF940020
00BEFEB2010A0207
FCC70000005B0008
009E01A4FF15FFCD
00E60198FF5FFEDE
FFC20042FEFA0095
003CFFD6FEFEFE9A
FF68005E0168002E
00AD0098004CFFCB
FFFC00AAFE4600D4
00F0FF12FE6800A7
FD8900A1FEA70077
004AFFFF0141016A
FFBEFD40FEEDFF44
030CFF7800730163
019EFFE2008800C5
FF350006FFE4FDFB
002A0073FF44FEE0
0047FF7DFFC3FD99
0109FFB0FFDF0072
FED300CE0358FFBD
0076FE4F00A0FEEB
0108001AFE860224
00E7FFF8FD9EFFBC
000501B400A20107
0177FFCC0254FF65
002FFFAF00A8FF22
00F60038004EFF83
FF2C017BFE8100FD
FE80FF4E0160FF21
FE97FF64FF50FFFD
0007FD75011B0153
FFD800F5FFD80036
005AFE62015D025E
FCC0003000A8000A
00AC017AFF2AFFBB
010D0159FF30FF4C
FF9E007AFEC900DE
007BFFD1FEE5FE61
FF77FF8B01CDFFC4
0059004FFFF8005A
003500ACFE36013E
00ACFEF8FDF8004F
FDD8007AFF1500D0
001CFFF001BB01DF
FFE3FD16FF1AFF19
02DC0014006A01B3
01F7004900E600AD
FF7DFFF7FFFFFD8E
0035009CFF41FECD
001FFFD2FF6CFD30
00E7FF62003A0030
FE88005603C3FFD7
0073FE930060FE85
00E5004CFE4D0229
012EFFACFD65FF76
FF9201B2010B0159
019EFF320331FF8B
009C00350063FF1D
010000760089FF50
FE9E01E9FE7400F7
FE14FF6D0182FF34
FE1FFF80FF4C001A
0011FCA1018E0178
000400BF0021006E
0057FDC8019102D9
FC94002500F5FF7B
006601B5FF0EFFA8
01420146FF42FFBB
FF660182FEAD00D7
005D0049FE4AFE17
FFD4FF9F02A6FF89
006900F7FF61009B
FFE400CBFE4B0146
0078FF15FD890046
FEE10061FF3A00FA
007C002D022C019E
0018FD68FF4FFEFF
032A0096008001A0
01D900C9011C0087
FF8A002200A5FD83
008B0159FF11FEEC
008AFFDBFF24FDD1
0012FFA70021000A
FE6400A903B3FF0D
0069FEF70044FE71
015AFFFDFE4F01EA
015FFF54FCFBFF4B
FF71017A010401E7
01B0FF340362FFA3
00C500010076FFC0
00CA006600C1FF97
FEF501AAFEC600E8
FE95FFE10162FF34
FDF50027FF69002E
FFE1FD07014200AD
0061001F0014003E
FFC2FDBA016C02A6
FC87FFD00148FF3D
008201C7FF4CFF56
01E300EDFFC2FFFA
FF6A01AFFEF10138
0085003FFDB0FE04
FF78FF49032FFF46
00670080FFBF0114
002D009FFE870170
004BFF18FD500046
FF4B000EFF930104
004F005C029D017F
0037FDF8FF49FE52
02ED00AB00D701B6
01FF01500105007A
FFD5004E0115FD90
00B101A0FF00FF0D
00690070FEDEFE4F
FFF1FF85FFFDFFB8
FE33004B03D9FF09
0031FF340071FE4C
01160009FE8C01F1
0145FF19FCF7FEF3
FF85015D00DF0291
021CFEE8037DFF5D
0124008F003D003E
0081006000DDFF94
FF040194FEB700D0
FE8C0064013FFF4B
FD900026FF9CFFF7
00AFFCEA0138004A
00190008004F005A
FF6AFDB20194021A
FC8DFFA301B9FF4D
00AD01C0FFA7FFA8
01DD00BF00340033
FF460215FF1E0144
00500046FDA3FE26
FFA4FF2C038FFF20
001200D6FF740198
00120067FE610160
0005FF74FD66002F
FFF6FFEAFFE3010E
003D003E02BE0142
001DFDEDFFCAFEA3
02B400E800CF018F
02240181009900A0
FFC60037014AFD88
00E70218FEBDFF2E
002D00BBFE5CFEDE
FFB8FFFC0017FFD7
FE7E002B0384FEBC
001FFF9F002FFE65
01460033FEC1011B
0111FF1CFD41FF4C
FFBE00F700B402AF
0228FF080360FFDD
00D60072002A00CB
006E003900E1FFB4
FF2001D3FF1700B9
FF3800C600A8FFC7
FDF500C2FF92000E
00A5FDE80097000C
004DFF86001F00A7
FF3CFDCD013E0199
FCF4FF8D0201FECB
00B001F10063FF4A
02240056007F0069
FEF70202FF290104
00160012FD94FE52
FF75FF20035AFED6
FFE50082FF9A0166
001E0050FE910143
FFA0FFB4FD760063
0090FF8B00440127
FFCC0041033C0122
006BFE7E0008FE7C
02B40139012F0170
01B6019D001100B8
FF86FF870178FDD7
016002DCFF08FF83
008D00E4FE26FFA1
FFB500410064FFAC
FEF7FFE702FDFE4C
FFF90023004AFE01
016A0042FF2F00DD
0097FEDFFD67FFA1
FFA9009000B70314
0254FF65035BFFB6
01050071000C0153
0013005900990027
FF4501ABFF8C00CB
FF4C00FD007D000E
FD81012CFF97001A
00BDFDDE00A2FF50
0085FF60005100D6
FEA2FE0B00F4011A
FCD6FF6A01E1FEBF
00C101B300C9FFA4
0246FFD900E60094
FED70221FF72009E
0063FFF9FD71FEF4
FFB1FF65035BFE8A
FFA500BAFFB3018A
00130023FE920156
FF5C000EFDBA0032
0148FF66001400FD
FF6F004302ED010A
006DFEBE003FFEBE
0245015F01300112
01430176FFF800BB
FFB7FF7F019BFE6A
015E0316FF35000A
00400184FD4C0030
FF4E00510060FFA7
FF73FFB0023AFE76
FFDA000FFFF2FEB7
01590038FFB5FFFF
006DFE96FDD6FFAA
FFB5008300A60360
022BFF720320FFFA
0117009EFF9C0189
FFAA003D004B006F
FF8C0160FFE700F9
002D0121FFFA00DD
FDC4012EFFDB0029
00DFFE8200ABFEEF
00E9FF18FFE1012C
FE6EFE4A00DC00BC
FCFDFF7101D2FEE7
00CA01540126FFC3
0211FF23010800C5
FE880220FFD70051
0069FFE0FD85FF83
FF7FFF4602E4FE5E
FFA5007C00100176
00500012FF0D017E
FF11FFF8FDDD0060
0127FF7C002A0142
FF5F008D02A80113
003FFF30007EFE79
020B01610120010E
0152017AFFC300C0
FF72FEFF01CCFEDF
01E80356FF930044
FFE5019CFD2C0072
FF6900620054FF5A
FFBAFF59019BFE51
0014001F0022FEC6
012F001EFF8DFFD7
002EFE76FDF7FFA2
0016007E00E70393
021BFF870290FF9E
011F00B6FFBF018C
FFBAFFE2000300A3
FFAB018F001700ED
0050011EFFFD013A
FDA70147002A0005
0129FF190029FEDF
0179FEE1FFD8017B
FE11FEB70086006A
FD62FF7401A0FEDA
0111010601840016
01F7FEE3016000A4
FE5E0224FFFC0008
008AFFAFFD88FFF9
FF87FFA5026CFE87
FF7A0046000B019C
0050FFABFF3C0169
FEE30035FE78003B
0163FF10FFEC0111
FF44008602A100C1
0029FFE4006EFEB3
01330142016100CC
00B40161FF630090
FF92FEFB01B3FF85
023F02BEFF9A00E0
000A01D1FCA1004F
FF6E007800AAFF23
00A3FEEB0146FE88
FFDD00710025FF2E
01A20066FF64FF92
FFC3FDE3FEAAFFC0
0061003A00B00350
019B00230216FFAA
00E10035FF760113
FF5FFFAAFFE2014D
FFE70130007800CA
00420117FFE7016E
FDDB00E200720002
00D8FF82FF87FF30
01ADFEC9FF6E019D
FDE2FF37FFF50025
FCEEFF8F018AFFC3
0150015601A40054
01BAFF06019400A1
FE5C01830057FFC6
008EFF50FD8A0007
FF8BFFE10235FE8C
FF5BFFDDFFFE0147
008AFFCDFF34018B
FEA100C8FF0DFFEB
017CFECFFFBC00FF
FF12002C020A008B
0009FFC60096FF26
0083014C015200AE
007F0107FF6500E3
FF48FF3801D6FF9C
028F026FFF5B017D
001201EFFC100042
FF6500D100ADFEC8
0159FEC3010CFE9D
FFE4009A006CFFDC
0216FFF7FF0DFEA3
FF2CFD46FF5EFFD3
00DB004A00D702FB
015400650171FF7C
0079FFB1FF700051
FF31FEF3FF4201B6
002A00BB00C600CE
00EF0114FFD301BC
FE6A009100370012
002EFF7BFF3DFF5B
01D9FE88FF1F0198
FDEBFFC5FF8DFFD8
FCEFFFE501A70087
01770155013B0065
01B4FEA7019F0023
FE8500CB0048FFAA
00F0FF31FD570082
FFBB00210135FEEC
FF91FFC600780143
0060FF75FF4F01BD
FE4700EEFF440004
015DFEB8FFAF0130
FF4700210181FFD3
0012FF7F00B9FEF2
00110135017100A3
FFF400EEFF9F0112
FF7CFF830161FFEF
03100225FFE601D1
FFC801A4FBC9007D
FF5B012E005BFEE6
0143FF0B0111FE56
FFE400AF0092FFFB
01E8FFD9FEDCFE53
FF23FD85FF8EFFF3
014B009600960305
00B40125014DFF33
0019FFDDFF0AFFFB
FF41FE6EFEEA01E2
004700D0009700BE
00E500FBFFB001D3
FEE800510000FFF3
FFF7FFA1FED2FF4E
0223FE75FEE501BB
FDFE0063FF8FFF6B
FCA3003101D3008F
0206016100DB00E6
0181FEEB01E5FFD4
FE1F0046009CFF21
00F5FF7EFDB500CD
FFADFFF2008AFEFD
FFD6FFA8008A0118
0069FF65FF230241
FE21010DFFDEFFCB
0165FED6FF9400E1
FF52FFB80119FF8C
0030FFA6FFC6FF56
FF830087011600BF
FFC4004DFF6D0162
FF88FF7A01820025
03020184FF5F01FF
FFD701CCFB310089
FF1801400063FEC7
0170FF0500F7FE95
001100C4007B003E
0218FF7CFEBBFE46
FF28FD4000380025
01C1002900750275
003301B40074FF55
FF70FF99FF00FF65
FEEEFDCEFEF60208
FFF300DD009900BF
013A0139000D0195
FF07FFF9FFE5FFF7
FF7AFFA3FE64FF9F
0191FEB5FECB0146
FE3900E4FF9AFF13
FC08FFB4020A00F6
02390117008700FB
015CFF5501BCFEDE
FE54FF860074FF63
012BFF5BFDC600EE
FF6F00BD0014FF9B
0082FFD500C900CB
00CAFF28FED7026B
FE4F00F0002A001E
0183FEBCFF4A0078
FF53FF2C005BFF48
0014FF78FF72FF54
FF54007A016100BC
FF660073FFA401B3
FFC9FFFB014CFFDD
034E00C8FF70024E
FFBE021AFB790060
FED20136003EFF24
0169FF310145FEDA
005E006600F80071
016DFF58FE70FDDA
FF13FD65003D002C
021E0033004E0248
FFD301D9004DFF2A
FF78FF1AFF1DFF33
FF20FDE0FF150224
00220061003E00F1
011300FF004B013F
FF42FFFFFF98FFD8
FF1DFF3FFE54000D
0168FED1FEB10132
FE3A00D4FFE5FF18
FBCDFFE801C1018C
0298010000730098
0149FFD40193FE80
FE16FEEC0058FF51
010AFFA6FDD200F7
FF5C0105FF6EFF9B
0075FFDD012C00E3
00B0FF20FECC0298
FE69010400710069
00E4FE90FF8AFFEC
FFB2FF0EFFCCFF3E
0050FF69FED2FF99
FEDD0023015E00B8
FEAD0071FFDC01E6
FFF9002E008AFFAC
02B0FFF4FFC601B8
001D0179FB7A0051
FE9800A8FFEDFF83
0131FFA30166FEE5
009B008900760063
016FFF4AFE43FDFC
FF54FDEA00900065
01CA0070003501C0
FF9901ED0084FEC8
FF60FF2AFF49FEEA
FF3DFE57FECA0162
001500D2FFFE00A2
0066009F007D009F
FFAEFFAEFF6DFF8C
FF15FF2DFE1EFFE6
00D1FF8FFE85010D
FE9A009C0013FF24
FB9BFF8901E60137
028900B7001300A6
00E900050157FE89
FE49FE38FFBCFF79
00CCFFE6FE0C00A9
FF88016EFF080047
00CDFFF901400091
006DFF3EFEAD0280
FED500CF005000BF
0079FEFFFF70FF74
003AFF2FFF96FF22
0012FF87FE5DFF74
FF07FFB001230067
FEF30052007A020F
004B0093008FFFA9
0262FF61FFD2019C
FFF80157FBFDFFC5
FF0F00CAFFF8FF8D
012F002F01DFFF18
00A0002F004B0024
0141FF2CFE74FEB0
FFC5FE2D00B30079
01BD0021FFEF0141
FF3601A900CAFEA3
FF12FF30FF8AFEB5
FF88FE70FED200F5
FFDA00FFFFE700CD
FFC9001F0106FFCE
FFFBFF8BFF57FF86
FEE2FF03FE54FFF2
001AFFCBFE8D0091
FF2600C0004EFF11
FB67FF2C01A20170
02010092FFE100A3
010D009B010AFE62
FE30FE4FFFD4FFAC
00E20047FE35006C
FFAD01FAFEC0005A
007400480144002F
008EFF51FEBD02F3
FF7E00CE00480108
FFE9FFBBFF12FF4D
0065FED9FF23FFAD
FFF3FF16FE12FF9F
FEB2FF8101230111
FE6700BC00EA01D4
002200B6008BFF80
0198FEB8002B00EF
FFB600F7FD2EFF2B
FEFA0047FFDF0048
00BF009D01B7FF70
00D5FFCA006F0036
00E2FF08FE8AFFA5
FFACFE5E00E70066
0137006D002900F4
FF57015C011DFE5C
FF6AFF620027FEC4
FFD0FEFAFF68007F
FF1700E9FFE700CD
FF2CFF81018BFF73
0005FF1EFEFFFF46
FF3CFEECFE6D0071
FFBC000EFEC9001F
FFFE00B2007AFF9F
FBC3FF1C014E00DD
01AC009BFF920054
004F00E400E3FEA6
FE7BFDF4FF80FF2B
003000BAFE65000D
FF4201F6FE880064
00440088019E005D
008CFEE5FEF90242
FFBF00CC0043013C
FF64FF3BFF14FEE0
00B4FF4EFF46FFAF
FFF9FF3CFE1CFFD3
FED4FF28013A00D6
FE5C00E5013901AB
003601050042FFC1
011AFE46005D00E1
FFC3000BFD7CFECA
FF0A002FFF980089
005000EC0200FF8D
00C5FFFCFFCBFFBB
00E4FF45FE780053
FFFFFF0700B3FFF0
00B10040001C0060
FF990169015EFD8F
FF3BFF280094FEB8
001CFF85FFADFFD8
FF3000BFFFFE0099
FE92FF0401DCFE93
0055FEB2FEFAFEF3
FF78FEF7FE82005B
FF0C0048FEC1FFC1
007500A500E5004E
FBCCFE94013F00D2
018600CBFF85FFC0
007500F9009BFF05
FE80FE98FF7CFF82
FFF70148FEC9FFD1
FF7C01CFFE640053
00180108011C0081
FFF6FF68FEF60274
0062009CFFBD0175
FEFBFF8DFF4CFED7
00DBFF3FFF52FF86
FFC6FF3AFDE7FFD1
FF1CFF4800E900FC
FE5A0149012101B6
004C0114000F0007
009CFE0C00E100C8
FFA4FF92FE3BFEA8
FED10028001100A5
FF8E01760276FFE1
00E3FFBDFFC2FF52
00DDFF53FE6600C2
0038FFB200BFFFD0
0087007600370046
FFB6011701C2FDC7
FF65FF7F00D7FEBB
0067FFBBFF8AFF5A
FEB600E9FFC900BD
FE37FEC90211FE8E
0075FF16FEF3FF02
FF9CFF07FF0C0087
FEBB0056FEC2FF72
01040067013300C0
FC53FEA401BA007D
017F00FDFF90FFB2
0066014C002DFF18
FEC9FEA1FF26FF54
FF960180FED7FF3C
FF62018DFE520020
0078011500FD00AE
FFE2FFB7FF8501DB
00D1008BFF5A0178
FE64FFB0FE8CFED0
0097FFA7FF61FFFA
0034FF02FDB9FFD8
FEDDFECF00AA013F
FE75014B01590169
00540130FFF1FFDA
008CFE0300D8FFF8
FF95FF78FE76FEAD
FEB60017000300EC
FF06014F02530024
010AFFA0FFDEFF5A
0097FF81FE280165
0090FFD0003CFFDF
003D000700260019
FFC7010A0232FDBE
FF76FFE200A0FF02
007FFFB7FFD1FF0D
FEB800D2FFC7010B
FE16FEAC0277FE0A
0017FEF2FED1FECA
FF8CFF1BFF7700D3
FEBD0089FF6DFFA0
010D005F01650126
FCEBFED9016EFFDE
016500D5FF0BFFB7
006C013E0035FF5C
FEA7FEBBFF61FF81
FF510205FEC3FF06
FFA1017DFED30024
0072014C00EE0082
FFB6000AFF1501EC
01330088FF410115
FE2EFFBEFEA1FEFC
00E5FFAAFF8A0051
FFE7FEF7FE0AFFF7
FF40FED000CC013E
FEA00140017D013D
002200E9000FFF90
0068FE3300BD004E
FFBFFF18FEC8FE3A
FED4001E004E0123
FED0015702A5004E
00FCFFBEFF9CFEC6
00CFFF91FDFF0199
00C400350024FF33
0003005E004F0020
001700B8027CFDA0
FF8FFFFE00E9FEDA
00E1FFFB0024FE7A
FE5B011CFFD000D4
FDE5FE8F02A3FDC0
005EFF1AFF31FF08
FFB6FEF1FF6800EE
FEAB005AFF42FF87
01340016017001B7
FCC8FEB001A3FF99
01130142FEE4FF69
00920182FFEBFF83
FF00FF3BFF71FFD0
FF7501FCFE7DFED2
FFE00152FF93FFE3
006201830051009C
FF870013FED901CA
01010060FF30013E
FE540027FEB3FF32
00AA0004FFFA003D
001EFED3FE57FFF7
FFF3FEDF00950174
FF3D016300E60131
003B0141FFD5FF54
0055FE6B006CFFF6
FFEDFF1EFF30FDF5
FEA9003B00B70117
FE5101AC03A7FFCD
00CAFFD2FFC9FEBF
00D3FFC2FDF701D7
00A1008FFF76FEFC
0022009800550002
003700B102C8FE16
FFA9001700C3FEC2
013300590062FE0E
FE7300E3FF900099
FE34FECC0250FDEB
0035FF4AFEFBFF2F
FF5EFEFFFF740106
FEB4008AFF65FF92
00FAFF65019401AD
FCD6FF4A01A6FFB5
00A30177FEB8FF3D
00CE01E1FFD5FF84
FF6EFF45FF480002
FF3C022AFE4AFE4C
FFF000E70079FF7B
00920107FFF700A7
FFAC0040FF040194
00BC006DFED700DB
FE1E0034FEC5FF58
00D30008FFF50059
0051FE7DFE9BFFDF
FF7FFEF0008E01B6
FFA6010D01320112
005001360052FF47
0054FEB80099FFCD
0032FF05FF1DFE00
FEDA007B00AD012C
FE2201390399FF87
00A3FFE9FFD8FE8D
01250012FE1201A6
00D5002CFF4AFE9E
FFD700DD00E00056
009B003802F4FE5A
FFAE003E00B9FF49
01060025002FFDD0
FEBC0109FF9B00B9
FE55FEE8023DFE7F
0066FF68FED9FF20
FF46FEE0FFB60124
FEC80086FF7BFFC3
00BDFFCB01850202
FCFFFF9F01B9FF6A
008A0168FE85FF1B
00E2018EFFC3FF7F
FFA3FFE8FF540057
FECB023AFE0BFE48
FFD8002D0045FF9A
0083012B002800AF
FFA3FFC7FEBB01B2
00A8000DFE760067
FE970062FEEFFFDB
00EA006A00A40001
0069FE8CFED1FFBF
0041FFBA008601BA
0064012E00D800C1
0079014F0005FEB9
0051FF2800390036
003BFF10FF07FDFC
FEB400A300C700D7
FDDD014303C0FF79
002CFF860011FE49
00E60037FE45023C
011C0065FE80FE50
FFA000C000DE00F8
00C4FFE20318FEC9
FFE700BB0085FF8F
00B200AE006AFDAB
FE870122FF8400A4
FE7EFF1C01EFFE8A
FFF8FFEEFED4FF80
FF84FEB70018012E
FE5A009BFF9A002C
004BFF8F014601E6
FD3AFFC901C4FF40
0090014FFEABFF6E
01590181FFB5FFD2
FFC20003FF5800B0
FF3301F0FE13FDB7
0038FFFC0112FF23
00DE011CFF9400D5
FFF70004FEC600B5
0056004DFE360063
FEDE0045FED00014
00DE009900A3002E
004CFEC7FF63FFB3
007BFFB8008901C2
0090011D007E0073
0048011C0066FEB7
008BFF7100020035
005CFF0BFEFDFDDD
FEA500A2009700C4
FE20012003CBFEF7
002DFFFDFFBEFE4C
00D1005FFE000263
011A004BFE81FE17
FFB9007A00FA00EE
00DF001802FEFF30
000600880056FFB4
00BA009B00A6FDD3
FF05013CFF650097
FE96FF7701DCFF19
FFB9FFE8FE94FF66
FF65FEB4FFFF0148
FECB0049FFA50012
FFC9FF9E011501D3
FD2C001401B2FF6A
008D0194FF41FF35
01760159FFA4FFB6
FFDA003BFF7600C9
FF3701D8FDFAFDDD
0040FF8D0168FF5F
008700A6FF5200F1
0021FFFCFEFB00F5
00320049FE690054
FF150035FF5F0071
00CF010B0143000A
0069FE98FFB1FFA5
0079003300150192
0105011B004F0076
0055011400CAFE66
00E7FFE8FFB1007B
0056FF4CFE9FFE91
FEAD011D005000CB
FE7B00C60389FEBA
0090FFF5FFDDFE7F
00F2003DFE2801BD
00F3001BFE6FFE03
FF6E00B1010D0180
00E100040342FF6B
003200C8004C0017
0093005400A3FE3E
FEDD0165FF42006C
FF12FFB7018AFF87
FFD10063FE88FF8A
FF7FFF5500230100
FECB0037FF5A0035
FFB7FF4901160176
FD6EFFFA01EDFEF4
009D016FFFA7FF52
018200E5FFA7FF77
00490054FF5500F1
FF1A0163FE19FDC4
0031FF5A0182FF31
00A00063FFA700E7
007FFFA3FF070108
FFB40006FE970002
FF89FFF9FF950062
010B01150112FFBD
0083FF22001DFF81
00A1008100630198
00CC0136FFF900DF
0054009900FDFE98
00E60083FF770087
005BFF77FE3EFF3A
FE56018D003800D6
FE6F00840291FE8C
004B00620027FEC1
00E9000EFE8B00F6
0103FFF7FE46FEA6
FFEB007C00B701A1
0126000F02EDFFA3
002900CFFFFF008A
001F005000D1FE80
FF1B01B6FF950026
FF6CFFC400E8FFEA
FFBF009EFEFBFFBF
FFB10003FFE6008E
FF18FFF9FF1300F6
FFA2FF7900C900F8
FD50FFCC01D8FF09
00640114003BFF73
014E0094FFF8FFEA
FFF30034FFE00014
FECD0146FDB6FDD6
0050FF44014CFF11
0093FFF5FFF400E1
0082FF8FFF3B0058
FF180035FEEA002D
FF950033FFBC0092
00A900FD012FFFF1
0066FF4F00C80032
0094005600190158
00FE0099FFF60105
005000A00141FE78
0129009EFF03FFFE
0011FFCBFE50FF30
FE8A01B50042003E
FEC4FFE0023AFE56
FFF400CEFFC9FF15
00C5002BFE7100DF
00E5001EFEB6FECF
FFF1001B00D40118
00A400A002380009
00020077FFAC009A
FFC8FFE900ADFEEC
FFA101A5FFB1FFFF
FFAA0073008800B2
FFC90103FF270032
FF71FFF7FFDA0084
FF40FF8FFF0C00F0
FF8FFF77003300DD
FD9A000101C6FF20
003D00FF006AFF94
00E20060FFBEFF90
00500069FFB10046
FF030125FE29FE43
0038FF310180FFAB
0047FFBAFFDA0045
0084FF85FF670099
FF57FFD0FF060008
0018003DFFFC00AB
0081009300A6FFE0
0038FF5800B60040
00D50039001B00FC
00DE0010FFA800F2
0028001C00F3FE99
014E009EFF720027
00070015FE12FFA2
FE6001E2003BFFEA
FEB9FF4101BFFE1D
FFC400FCFFD6FF85
00B80019FEC000B5
00A4FFE0FEBFFF3D
00080037009700BC
00BA010701CA0056
00030049FF5A008C
FFB6FFFB0059FF59
FFB8014BFFBA0000
001600CE002A0160
FFDC0111FF7600AF
FF2F0055FF7E0077
FFD8FF9FFEF8016E
FF79FF7DFFE100B1
FD910066019AFEF1
005500D800A7FFC6
009100250047FFF7
00660027FFFBFFD0
FF1000BDFE50FE5C
003CFEEB0123FF76
0099FF30FFC3002C
0089FFD0FF73006C
FF3BFFEEFF710031
0028FFFC003A00E5
0065008A0086FFD8
000EFF3C012C006F
013800A600000112
00D9FF76FF2B00EA
FFAE003A00BDFEB0
017A012EFF4C003F
FFB50044FE3AFFC1
FEC201D4001FFF5B
FF0EFF4E016BFE5E
FF8200CF00120003
00970049FECC0063
0072FFDBFEA5FF4A
00220024008C00DB
00C40135014B006E
FFC8FFD2FF440071
FFA6FFA50000FFC6
00590128FFE3FFD7
006500C8FFAC01C3
FFC3017FFFF30112
FFD20066FF9D0049
FFAEFF92FEE401B4
FF4BFF95FF2E002D
FD87008E0163FF62
0069008501100034
0055FFC5004AFFC3
0016FFE8FFCDFF94
FF59FFE6FE65FEAF
0031FF39010FFFBC
008CFF340009FFFB
00A8FFDFFF110045
FF42FFABFFC4FFF7
00460023001E012D
FFF9004C00490029
FFC0FF7E01770089
00E6009B000000DB
00EDFEEAFEE1009B
FF4FFFEE00BDFF18
01DA0135FF1900B0
FFA800DFFDFFFF6C
FEF302140040FF2D
FF53FF27010AFE42
FF6200D100120013
00A10058FEF10033
000CFF9AFEFBFF9C
00D6FFAE00C50051
0078019300A100AF
FFA7FF82FF46001C
FF38FF88000D001A
001000C60031002B
00B7012CFFC001FD
FFCA015D001E0102
FFC60012FF090056
FFE1FF29FF040183
FEE20023FEC40009
FD670050011BFF94
00E8008C009A0019
001D001D008AFF62
0096FFDCFFCAFF80
FF58FFBBFE89FF0B
006EFF7F0106FFAF
004FFEF90050FFC5
00B3FFFFFEFE00B0
FF39FFC000130009
002AFFB6004800BF
000BFFFB0031FFF9
FF81FFDA017500A1
00DA008F003D00BE
00AAFEB5FE6C00A6
FF29FF9100AAFED2
0234007BFEE80105
FF9A012EFD86FF8C
FEF60224FFE6FEFC
FFE0FF0200B8FE28
FF5E00EE004400C8
0078FFE3FEFAFF68
FFB1FF4EFECEFFD3
018FFFC000E9002E
00090219FFF300B2
FF85FEE9FF32FFC3
FF86FF13FFD50087
010900A2003B0034
00F30160FF830215
00050106FFEF013A
FFD6FFF2FECB00DD
FFC6FF42FEB201BA
FE83000CFE5EFFD5
FD24003F00D4000F
014D009D00D40063
0011000700BBFF1B
FFFDFEFFFFDBFF8D
FFCDFF8EFE77FF38
0033FF7F00C9FFF8
008CFF0B0074FFAA
00A5002DFEA700B9
FF06FFD800610085
003BFF5CFFE200D3
001900100026FFBB
FF73FFE300E8009C
00DE00360042009A
009AFEC8FE7B00AC
FF2AFF5700ABFEA5
0247000EFEDC0132
FFB60161FD10FFC5
FF430236FFA6FF21
0071FEE900E1FE71
FF9A00B3002E00DC
0048FFBCFEFBFFA0
FFB2FF2EFF0E002C
01E0FFCF00A8001A
FFF3025DFFE90061
FF9CFED6FED7FF9B
FF37FEAFFFA100BB
00E500A200510013
00ED0147FFA401D2
FF9800A5FFF50100
FF8CFFD0FE6F00FA
FFF4FF4DFE9A01DD
FE970007FEACFFCB
FD1B000B008400C9
0163008F00C100CC
0047004D0094FF0F
0017FEE0FFBFFFD6
0031FF51FE71FF29
0020002800E6FFF4
00A3FECC00B6FF9F
00DB0045FE8600EC
FEEA003200B3008F
0028FF02FFE20042
FFF6FF5F0005FFDE
FF2DFF84007300F0
00A30025003D0054
FFFCFE93FE4B013A
FED3FF6A00B8FE79
02D8FFB5FE2401F6
FF3B0214FCA1FF9B
FF1401F30012FF09
00EAFEF0006CFE95
FFF2006C00260139
0070FF48FF79FEE0
FF73FEE5FF8B004B
027B002600A5FFFB
FFC701ECFF620045
FF3BFE54FEBEFEC3
FFB8FE7BFFAA013A
00CC00F200740030
01080140FFF20194
FF710048FFE100FD
FF1AFF7BFE21011E
FF85FF2DFE4F01AE
FEABFFAFFE5AFF2C
FC16FFAB00C70175
01FA00D500D300B1
008300A70015FE25
FFC6FE3AFF7BFF9E
004DFED4FE91FF5E
006A00D600A4008B
00C8FF14012FFEDE
01410026FDCD01AC
FEFA00160159014C
FF8BFF40FFFE0001
0023FF24FFFEFFDC
FEF6FFA2FFEE008F
0086FFF400630096
FFC1FEE0FEA40171
FF0EFF9B0085FE33
0295FF5EFE72019C
FF1E0229FCA5FFAA
FF0E01B7FFD7FF53
00AFFF1D0100FECF
0004FFD100180133
000CFFCFFF3AFF03
FFFFFED0FF2200AD
02F1005C00A0FFFB
FF700250FF6DFFE3
FF4FFDFBFEFBFECB
FFDEFE8FFFDE00DD
00C500DA005D0093
00AC0110001D0102
FF6CFFF2FFD200AD
FF38FEF7FDFD0174
FF8BFFDEFEA901EE
FF07FFA3FE89FF3E
FC3EFF2B006D01CD
021D00A80074008F
004B0107005AFE83
FF80FDD4FF76FF9B
0055FF29FEE9FF2B
FFD1013700E00098
00CCFF210186FF04
0110002DFE1401DD
FEF5003C01440159
FF49FF0CFF8DFF94
005BFF05FFC80021
FE84FF7FFF7A00DB
00E3FFF6008AFFE9
FF62FEFFFF5001BE
FE96FFA3001DFDD9
0267FEF7FE5301DB
FF06020CFCFDFF38
FF090161FFAFFFAB
00CDFFB7016CFF23
FFFEFF78000E00D2
FFFDFFE7FF6EFF81
FFFAFF16FF8A00D0
03010058003EFF68
FF460224FFC6FF4D
FF0DFD9BFEEEFE29
001FFEE0FFB600DB
003E00F8FFF60021
00160093003A008F
FF7CFF94FFE20069
FF13FE36FDFB016E
FF0BFFEFFEB801A9
FF8DFF5DFE94FF71
FBDFFEE2003701FB
0203009B00570052
0096017EFFD4FE43
FF52FDABFF3EFF84
00AEFF7AFEE6FEE1
FFE201D700B800F5
00F1FF900177FEA4
00A10099FDC6025D
FF6AFFF2019B01CC
FF0AFEF6FF84FF68
00C3FEB8FFA10028
FE8CFF30FF3000C8
00E0FFF2006F0042
FF43FF1BFF5D01DA
FEF5FFB3001BFDCD
0243FEA7FE8E0160
FED101EDFD61FF7B
FEC2011BFFB9FFEA
0086FFE6018FFF6E
001CFEF100580091
FFCFFFF7FF5AFFB0
0087FF48FF3A009B
0316007D0007FF7A
FF2B025FFFB4FF43
FF08FDBFFF11FDE9
005DFF29FFCD00E2
0016012FFF8900A2
FFEA00B3009B0055
FF70FF77FFCE0070
FF4CFE35FE1B015E
FEF9FFFDFE74016E
0000FF99FF2EFFC3
FB9AFE38005901B5
022600A7003E007F
004701DC002BFE0D
FEECFD99FF34FF35
00D3FFACFEBDFEAB
FFAC021300B700FB
00D4FF8C01A5FE9B
009A0064FD820234
FFB70053019201FD
FE66FF2EFF37FF1A
00B0FEE3FFF500D9
FE72FF68FECE0073
00E5FF8500940053
FEFCFFA9002601D8
FED9004D000CFE2D
0136FE5EFEBF016C
FEA0014BFDE9FEAF
FF2A00CFFFA90011
00760040021DFFE3
0030FE80FFC00033
FF890005FF63005F
007DFFA4FEFB0095
028B0069008AFF4B
FF2A01D3003BFE6E
FF2DFDD9FF33FDD5
00C6FF980005005D
FFA80105FFE20068
FF0CFFD30118FF3B
FFBDFEE3FFD00010
FFABFD70FE3401A7
FE550062FF0100F6
0098FF5CFF8A0045
FC34FDD6FFE001A0
01D700C5FFD4FFDE
007E01E0FFC2FE61
FF0BFD85FF05FFD3
009EFFD2FEFEFEC3
FF94024700820111
009D004D017BFF44
FFF80062FDEB023D
004F005700DC01ED
FDF4FF28FF75FF0C
00CEFEF8FFF500FB
FEA3FFB5FE6AFFFD
016CFFAC0050004D
FEE6000700620173
FEB900190005FEB1
00AAFE57FF8000AA
FEF200B1FEBCFEB1
FF360059FFB20054
000A006F02AB0042
003FFE49FFE6FF6C
FF780080FF4200FE
00B9FFF6FEAF00B2
0228003A00CCFF1F
FF6301B80095FE42
FF6FFDF0FF80FDC6
00F20010FFEB0011
FF8D00DB00440073
FEC6FF92015CFED0
FFA8FF09FFFD000F
0000FD78FEC8019B
FEB000AEFF790087
0074FF720020009C
FCD8FDB2002101CC
018B006AFF9DFFD5
008C024FFFA3FEDD
FEE0FE16FF48FFF1
00D90062FF1BFEBA
FF65024500A800F8
009000BD013CFFF1
FF8C0045FE8901B1
00F000A4008F01A2
FDE7FF74FF67FF1F
0049FF1600620166
FE83FF89FE69FF6C
01AAFFC800070070
FF3E00870091016B
FF090083FFBFFF40
008DFECFFF4E00A8
FF390027FF4AFE35
FFF1000EFFDC0020
FFF300C9030B0062
0090FDF8FFB8FF78
FFF3002FFF4A00F4
0069FFE9FEB80029
01D6002E0113FF43
FFBB00EA00C6FE49
FF9DFDFFFFF6FE1F
00D8FFD100020021
FF590091FFF200CF
FE98FF6D0147FEC0
FF5BFED0FFB9FFD7
FFD9FD76FF17016F
FE8E0099FFF1FFC7
007DFF19009100B0
FD28FDB900460230
00F40071FF61FFE0
008501BCFF18FF19
FF4BFEA6FF38004B
0090FFFEFEF4FEFA
FF8A025A00AA0060
000F012200FE0005
FFD8004AFEFD0190
01560075FFE30107
FE47FF97FFACFF4F
0032FF0A009400D8
FEC6FF32FE7CFF54
01AFFFB1007B0093
FF5500DD007500CD
FF5F009CFF76FF4A
FFEBFF21FF48008F
FF52FF86FF2FFDFD
0065FFC2FFF6007B
FF7A014A0318005A
00AFFDFEFF76FEE9
005B00AAFF520109
00D30050FE6EFFE3
016A009A00E6FF75
00100118015EFE46
FFA1FE5E000CFE45
012A005AFFECFFAC
FF470094002C005A
FE85FF5C0141FE6C
FF8FFF0A001FFFC6
FFF1FDA7FF210110
FED900E2FFE6FFC8
00AFFEA8009D0131
FD2CFDFA0088018E
00A60081FF3EFFCE
00960151FEB8FF9B
FF33FF35FF90FFDE
007600A5FF04FEDE
FF4701FF01010008
00310149009C0055
FF870073FF2700F6
0157008DFF270112
FE10FFA9FF55FFB6
001FFF4B00BD00CB
FF05FF1CFE6EFF32
01D2003F009D00E7
FFA2011B00910089
FF6B0086FF49FF6B
000EFF12FF180038
FF86FF35FF68FE25
00ACFFDBFFB6007D
FF910170031D00A3
00D5FDF8FFBEFE85
00AC009EFEFD0123
009E003FFE96FFAD
012100D600C8FFC1
004F00E201CAFE4D
FFFEFEA00052FE7E
0124002C0013FF9C
FEEE00DD000200E5
FE8CFF500133FE4A
FF21FED1FFA7FF77
FFFCFD53FFA500EB
FECD01050059FFD5
00C2FEE601420150
FD24FE140081015C
0049009DFEF0FFC7
00C5011BFE92FFA3
FF3CFF80FF4BFFF9
006C00B6FEC7FEF4
FF5D02370110FFCF
FFEE013F0079007C
FFC70085FF620140
00F40057FF2900D0
FEB1FF99FF7BFFE4
0012FFCD00EE00BE
FF47FEE9FE8FFEFE
0246006A00F80104
003A010700A50032
FF7F00B4FEFBFF53
FF9BFFBBFF0C002E
FFB0FEF2FF26FE63
006DFFFCFFDB0108
FF2B01B103840072
009EFE33FFC1FE06
00C300A9FF200127
00D00057FDEEFF25
00F9011200F70080
00C6007D01FCFE67
007BFF060053FEB1
01270057002EFF61
FED300DFFFCD007F
FF0EFFC20101FE45
FF32FECCFFF5FF85
0051FD7DFF8B007C
FF01010F009EFFFC
003FFE8C019D01B0
FD35FE4E00E2011C
FFA600CBFF0DFF90
00F400F5FE9E006C
FF590049FFB8004B
000F007DFE4CFEBA
FF33024801BDFF3A
000D0134FFFA00E9
FFD4006FFF5D00D3
00A20024FF1400C5
FEE6FF94FF7EFFFA
FFF4003201510062
FFC8FEDBFEADFF39
020B008700870124
009E017600BEFFEB
FFD2009DFEA1FF6D
FFCD0027FF770019
0047FE95FEECFEB4
0014FFFD005400ED
FED101C203E7FFF9
00E4FE4CFF9CFDF4
0128007AFF120138
010F003FFE6DFF5C
00B2014B00B700B2
012100190258FF16
009DFF6A002CFEC3
0100002C000DFF1D
FE980153FFED00B2
FEE3FFE200B5FE3B
FF13FF63FF76FF49
0003FDBAFF93008B
FF4400A200A2FFF5
0085FE4A01D801B0
FD39FE6B013100B1
FFD40126FEBAFF73
017900E4FED000C0
FF770074FF4E0055
FFF700ABFE06FE9F
FF5B01E7020DFEAD
003A012EFF93010C
001C00E1FF1B00F9
0079000FFF2000BB
FF2AFFAFFF1D0047
FFF9006C01570049
000FFF1BFF18FF3D
025100BC00C00104
0100018B0034FF89
FF98009BFECEFF42
000500C5FF3A0006
003FFEC8FE56FF29
0023FFBD002A00F0
FF24018903D8FFF1
009FFE43FFAEFE1C
010600FCFF1E00CA
00BB0037FE6AFF39
004C01260050008D
0144FFE60274FF36
009CFFECFFFAFF35
01140025FFE4FF1E
FED30146FFBE00C7
FF1900130081FE58
FEF1FF6CFF91FFC8
0065FDD700080084
FF2300A8009FFFC8
FFC8FEB901B401A1
FD49FF0B0125006B
FFEA0178FF1AFF92
01C300A2FEBD00EC
FF39003CFF8F007C
0049009EFDFDFEA3
FF86018D029BFEA3
000D00DFFF5C0108
001600D9FF2A00ED
001EFFF0FF2A0065
FF58FF82FF3E008F
FFC300D001E9001A
0065FF37FF5DFF30
024F008100C9013E
011702070036FF53
FFCE008FFF1EFF0A
FFBF011EFF1E0017
0088FE9AFDEAFF52
0013FFB9FFD40118
FF2901680409FFA7
00DEFE6AFF08FE35
01760107FEED00D1
00920017FE53FF41
00620132005B017D
015B000702CBFF85
0082FFF1FFCEFF93
00ABFFF9FFEBFF46
FF200178FF890061
FFB000A30091FF30
FEC7FF7AFF74FFA0
004FFE45FFE40080
FFD20044007A0013
FFC1FE71020F01A6
FD7DFF2D01410039
FFA001ABFFA1FFB3
01990026FECD0137
FFB000A9FF570067
FFFD0072FDBDFE71
FFBA015D032EFE5F
0021009AFF020143
004E00A9FF2600D8
FFAC0063FF2B002A
FFBDFF7EFFAF00BA
FFD5012C022CFF9E
008FFF78FFC3FF0E
025800BF0064014B
01A5026EFFD5FF26
FFC30038FF4BFEF1
FFFF0120FF0F0019
003DFE97FDAAFFDE
0017FF93FFDD00DE
FF4B014703D8FF84
00A1FE40FEEDFE68
019C011AFF4800F6
003FFFC6FE54FF7C
003A014C0085019C
02060002029BFFD9
0057005CFFC9FFE9
006BFFE0FFC5FF49
FF220190FF890089
FFD500F1001CFF46
FEDBFFB5FF63FFC9
0022FE52FFAD0086
FF6E006000ACFFFA
FF7AFE7C02040152
FDBAFF3801440002
FFBE01A60008FFBF
01FC0013FEED0118
FF9A00D1FF730066
FFA00061FDEBFE72
FFC7011F036EFE47
FFBC003CFECA0198
00930075FEC400F9
FF0F0067FF03FFFE
0018FF66FF7D00F3
FF6C0128024AFF6D
00DDFFC0001AFF4D
020E00E70074015B
0178027EFFCBFF4C
FFCEFFF7FFB2FF3D
000D01B0FF570025
004DFEDEFD160034
FF5A0018002B00EB
FF9000E00313FF52
009AFEE0FF11FEC5
01A300EFFF000075
FFF1FF42FE9EFF6C
005D00A300AA01AF
0216000C02720015
0029004CFF5E008D
004AFF84FFE6FF5E
FF8501BCFF8E009E
0078013C0038002A
FF06FFDEFF47FFF4
FFC8FF77FFC5008D
004F00380087000C
FF21FF13020300E9
FDEDFFB1012AFFF0
FFAD014C00840002
01E3FF8EFF5E00FD
FFA900A5FFBFFFF3
FF440031FDF7FEF0
0005009C02F6FE90
FFD4FFEDFEDA0153
00A7FFDBFF2300D2
FEBF005DFF56FFBE
009CFF24FF9200EB
FFB0019801B1FF0C
00BCFFC00077FF8E
01D200F1FFDB00ED
015C0238FF2FFF57
FFDFFF81FF93FF6B
00200241FF5A00AC
007EFF14FCAB00C5
FF740059FFB900B4
0013005F0264FEEE
009DFF38FEE0FF47
01E500DFFF0AFFD7
FFA2FF33FEF0FFDB
003300A8008E01E4
022C001102260027
00130029FF6500BC
FFE7FF19FF93FFDE
FFC00137FF9E0053
009401B9FFFA00BF
FF18004FFF9500C2
FF6D003AFF750078
00910049004A00DC
FEE8FF280156006F
FE00FF8300C4FFEB
FFBA017B00A70016
01DFFEB1FF8700BD
FFD20122FFE3FF80
FF5CFFE1FDDBFF39
FFDD0051028BFE78
0003FF8BFF3D0131
00C7FFD7FF5800DA
FE700075FF2BFFC2
009AFF63FF7E0101
FFC501550122FEF6
00A5FFFC0091FF92
01A40063004400B4
017D01CDFF53FF49
0009FF9BFFFAFF99
003B0210FF0E00CD
0084FF56FC5C00D7
FF370092FFC50058
0021003B0255FF0C
0036FF86FED2FFC7
0208010FFEC2FFF4
FFA5FF09FF2F0011
0041009100250167
017D006501AD003F
FFCF000FFEEF00A9
FFA6FF44FFB4FFD9
FFE7012AFF850019
014001D9FFE50122
FFC9003EFFBF00B6
FF530013FF120067
00A10022FFFF00E8
FEEEFF700106002C
FD7D003A0105FFBE
FFC7015400C30030
013DFEBAFFDC00AB
002700A9002BFF36
FF4A0022FE29FF07
001CFF990208FED7
002DFEF7FF1000EC
00C3FFD9FF810105
FEBB0011FF6BFFA4
0098FEEAFF640135
FF7B014E0111FE9A
00D1001700A9FFE5
01730049005300F6
01990165FEECFF65
FFECFF4EFFEBFF84
00CF01F4FF420110
0059FFAFFBD6012C
FF4F0130FFCAFFB1
009CFFAB0188FEE0
0058FF86FF2D0011
01FA00C2FEB7FF64
FF41FE9CFF730022
006A0083001C017D
012400D7015A0098
FF8C0016FEBE003A
FF53FE60FF4A0072
003C015DFFD7FFEE
01880230FFE601F4
FF9F0012FF7400E7
FF2D002FFEE200A2
00AEFFD3FF7D0183
FED6FFAB0090FFE5
FD32007800C8FFB2
0086018500EB00D7
00F6FE8300030016
00390008FFDBFF16
FF50FF88FE1EFF82
0067FF82018FFF26
0054FEC2FF330075
00AFFFDFFF240106
FE8B0001FFF4FFB1
00ABFF3CFF0C0109
FFEC0141012FFEBD
0104004600DBFFFF
0164000F002400F1
017F0089FEB0FF66
0012FF8DFFCAFFBB
00FF01A3FEF30184
006AFFC2FBC90118
FF5D0117FFEAFF81
00A0FFDB017FFECC
FFD1FFE9FEA900FD
022600B5FEC0FFD5
FF1EFE78FFA20043
007E0028FF920154
00CF0183013000FD
FFA6000AFECE0033
FF5DFE44FF140082
006B00E4FF7B0025
017F01DAFFB701F5
FFA6FFE5FF800104
FF4D0057FEB500CA
008FFFC8FF370120
FF16FFEE0028FFC5
FD0E007900960009
00C4019100EE0124
00EFFE99006C0001
FFE7FF91FF73FF08
FFE6FF9FFE6BFF4F
0082FF330173FF3B
0021FE76FF4AFFD3
0124000CFF770126
FE76FF99FFD0FF9D
0055FF12FEFD00DE
FFD900CB0074FEC6
008CFFFA00DD0002
012EFF8C002A0114
0137004AFE77FF7C
FFEFFF34FFB9FF91
014B0101FEFB01AE
0018FFC9FBB500F8
FFBE0104FF8EFF88
00F8FFE20112FF04
0004FFBDFED70128
01CE00F4FEB5FFA6
FF05FE6C00180066
00B80059FFCB010C
00D101A000B400EB
FFC40008FF1FFFBE
FF56FE2FFEFD0084
00A50153FFA50006
017A0190FFE001D0
FF8DFF7DFF910131
FF560011FE3300E4
0038FFE3FF2A00E9
FF1F00480016FF97
FC9F0066005C006A
0177015100DF0122
00A3FF3D0047FF95
FFB1FEEDFF47FECE
0018FF66FE6DFF6C
0052FF800128FFB4
FFA3FE47FF84FF9F
0103FFF1FF540143
FE3BFF990047FFF6
001DFF14FEAF00CD
FFE80095008CFEEC
008600320075004B
012BFF3F00140119
00FD000FFE38FF77
FFA1FF100024FF66
01D20031FEA201F6
0002003AFB3C00D1
FF720127FF98FF56
0172FF9E0106FEBF
0017FFBCFF2701AD
01B9006FFE8BFFDB
FEEEFE5B005B0067
01480032FFB100BA
00AE022F003500CB
FFB1FFBEFF16FF77
FF0EFDE8FF1400E6
00CF0169FFF60033
017F013F001101B9
FF66FF4BFF5400E3
FEFCFFF9FE36015F
0007FFEBFEA900FE
FF2A0065FFE2FF73
FC47003B008900F4
01D7016000DE013E
00CDFFA90068FF37
FF74FDF7FF39FEC9
007DFF8DFE60FF85
007800270111000B
0010FE26FFBEFF5E
01AA004EFED50168
FE12FFE300B7008B
FFCFFEF3FECC006C
FFF5003E00C1FEF3
006B0055001B0021
0101FF27003B0106
00E0FF53FE33FFB6
FF6AFEC50007FF58
01A3FFBDFEE701BD
FFC10091FB330082
FFCB00E7FFC4FF56
0128FF84011BFEF3
FFF6FFB0FF7901A1
01700091FE8FFFCE
FF17FEAE005B006A
01D9FFF3FF9D0049
00620270002B00D8
FF31FF60FEF8FF30
FFB2FE2CFF6400BA
00DE018C0010005B
013000D20042015E
FF95FF1AFFA500D8
FEEBFFA6FE7A0198
FFAE00A9FEA700C9
FF43004DFFDCFF41
FBFA000500510125
0259012400AB00F5
00F4005B008DFEA8
FF97FDBDFF31FEDE
005DFFADFE86FFCA
00A4001E00D60053
0025FE7EFFB7FF48
00F800B9FE9601B9
FE11FFD70084008F
FF8DFECDFEB8FFEF
0036FFC10046FF0D
0072FFABFFDA005E
00E0FEFB002800EB
000BFF52FE6B003A
FF37FF7BFFE6FECA
01C1FF10FE9001CE
FF760120FB7C004C
FF6800A7FFE5FF98
012AFF7D0119FF34
FFBAFF8DFF9F0154
0102003EFEB7FFC8
FF65FE430048007C
021D0022FF86005B
00100256003F00A0
FF32FF1EFECBFED4
FFF4FE69FF5000B6
010D015300260049
00DA003C00AB00E2
FF94FEB1FF70009B
FEBBFF43FE5D0197
FF3700A2FE3E0105
FF8A0045FFDAFF5E
FB9200270030014B
029800F700AA00F3
00FA00C10021FE8E
FF1AFD7CFEE9FF4A
007BFFB6FEB4FF8A
0076006C00E400C7
0005FE9D002FFECB
00EF0080FE060218
FE71001E00B2010B
FF6BFEF9FED4FF96
0095FF5D0040FF36
0025FF88FEEA0006
00B6FED50065010B
FFB3FF36FE810076
FF50FF60005AFE64
016DFE50FEE001CA
FF6A0123FB8B0043
FF5800A7FF920008
0105FF4E016CFF8A
FFFEFF2DFFBA0107
009B0018FECF0015
FF8EFE4900310089
0255FFE4FF8A004F
FFF402C900330024
FF18FEDEFEE7FED2
FFD5FECBFF55007B
0088014BFFBC0063
0064001F00D4009A
FF94FE3CFF380060
FF15FEBCFE2D0219
FEE3011EFE60008E
FFDD00AE000EFF4F
FB8EFFB1FFC30156
02F200F60085010B
00EB01390059FE32
FEFFFCF8FEEAFF4E
0076FFCEFF32FF6F
FFEB0096002D0108
0036FEC400B0FF2B
011B004EFE4201F7
FE6F005900B2015B
FF13FEF1FEBDFF22
00B2FF840054FFA9
FFD3FF2DFE7D0041
0073FE8200450107
FF39FF2EFF51009C
FEE0FF7F0013FE18
0091FDFAFF8401B7
FF7300D9FC0EFF6D
FF29005BFFDF0050
00F5FF7A01A9FFD5
FFE2FF08FFAC00C1
0068002AFEDD00E0
FFD2FE8A000800C5
024BFFE70045000C
0031022F0062FFE5
FF14FF03FF07FEBE
FFEBFF35FF9D0061
005E0127FFFBFFE5
000BFF9F0172FFE2
FFA2FE05FF5D0022
FF4BFEBBFE0C0246
FE380127FEB400AF
004E0075FFEEFF86
FBE5FF64FF72018D
02FE00CE0005006D
013601A90050FE42
FE97FCE6FE6CFF91
0078FFD1FF88FF21
FFB5009BFFC401B5
007DFF8100EFFEF0
00B10083FE1C01AA
FF1F004500600153
FE52FF36FE98FEC9
0085FF800071002F
FFEFFF30FE540021
008DFE39004A00AC
FED9FF2DFFC000FA
FEFFFFD30062FDEE
0062FD67FFEA00E5
FEEA010EFCEDFF11
FF3AFFE3FFAC0044
00C3FFAE022E005B
FFBEFEB8FFED0045
000B0075FF1B01AE
000CFF3FFFE70124
0210FFBF0094FFD3
0054022700C2FF5D
FF0BFF2DFF08FE94
0079FF70FFAB0034
001D011A000C005E
FF2EFF5A0220FF49
FF7CFDE1FF82FFC9
FF84FE36FEB50244
FD950128FF18006F
00870031FFDFFFF3
FC54FF09FF930120
02B1010CFFF40039
0150020B0067FE55
FE79FCB4FE80FFA9
001C009FFFA6FED6
FF9000C6FFBA020E
0026004D00EEFF38
001D0092FDD20181
FFAD005D001C0105
FDEAFF7CFEBAFF2C
00ADFF7D00B4001F
FFA3FEF0FDFBFFE5
00E9FE53003A00D9
FF0EFF09004400B8
FEF1FFE9006FFE35
FFDEFD7200390055
FEBE0030FDAAFECA
FFF8FFB6FF6D0052
002B003102F70098
FFADFE7A0019FFA5
FFA00067FEE40201
0018FF9DFF750147
0208FFD400D7FFDA
001A026C00FFFF90
FEBDFF0DFF98FE54
00A5FFE4FFE50024
FF9200DE004F000B
FF36FF0301CEFE8D
FF9AFE19FF2FFFC9
001DFDCAFF1E0219
FD230169FF8E0054
00AA0025001FFFFE
FD2EFEB4FFDB010B
026C00C1FFA7000A
01100254005BFE67
FE9FFD61FEB5FFA6
006300E9FF9DFEA5
FF3C00F2FFB201AE
003700FC00CEFFD3
FFC4005FFE31015F
002C00EBFF9900BA
FDA5FF6EFEDEFF0C
0062FF8E00A6008A
FF27FEC5FE48FFF9
00FEFE4C004400F9
FF1DFEE9009D00B0
FEBEFFB00072FE2E
FF63FDED00D4FFBA
FED4FFF0FE20FE4C
003DFFC1FFBF007F
00010090035E00E3
FFE1FE970012FF25
FFCC00ACFF0302CB
004D0065FF5E010E
019EFF7F0104FFBF
008C01A2013FFF46
FF38FF8FFFADFEA2
00D3008E002F000F
FF2C00DC0074FFD9
FEC2FF1601EDFE05
FF63FE3AFF7DFFBE
0072FE1CFF5C022E
FD49014FFF8D001E
00CDFFEA00A2009D
FD5AFE5FFF980093
01E000CEFF20FFAD
0171022F0035FE9D
FE80FDD0FED0FFBE
002600F3FFBFFEC6
FF0D013400180130
004D018A00A6FFE4
FF6F00CFFE5C00C9
00BD005FFF1B0068
FDF1FFDAFF0EFF26
0016FF7900D400C6
FF2CFE5DFE8BFFD0
0178FEE300240113
FF7CFF1500D400AA
FEC9FFEE0098FE93
FF1CFE510120FF0B
FF6EFF4EFEFBFD8B
00E5FFCEFFD300D8
FFE500AF03C80115
FFBDFE07003FFEC4
FFEA008CFEFD0375
00AC007BFF1000C1
0166FFD50166FFF2
01380171014FFFAA
FF74FF78FFC9FE88
00E700AAFFFF0003
FF0C0106004F000B
FEC4FEBA01BAFE09
FF89FE74FFDFFFB3
001CFE47FF8E01AF
FDE7013A005AFFDA
0089FFED0074009F
FE36FE80FFC60097
013900E4FF15FF88
01830204000AFF28
FE81FEF7FF830038
004700DBFF40FF0F
FED70134FFFD0063
003C019200EA004E
FF6600A7FEAB0026
0111006CFE9AFFFF
FDEE0029FEDAFF81
0045FFC801680135
FF4EFE4BFEEBFF69
01EEFF83000B0149
001CFF4A011BFFFB
FED9FF840065FEDE
FF0EFF4F00F2FF26
FF86FF1DFF31FD77
0112FF6B002C00A7
FF5A00B803EB00AC
FFB5FDF30037FE45
005A0109FEBB035C
00FC0065FE3B0024
00CFFFFF018B009C
017800FD019FFFD1
FFEBFFED0017FF14
0108011B0047FFBF
FF3700EA0058006B
FEA5FE9D01E5FE26
FF58FEB9FFB4FF89
006CFE04FFE70152
FE7E017400D8FFB9
FFF4FFF600AE00E6
FE64FEE0001D0045
010C0087FF00FF7F
01C80227FFD9FFCB
FE53FF74FF900063
00CA00C6FF01FF1D
FF2F00F80090001E
003D01320069008B
FF9300E2FF0C0066
00E9004EFDFAFF8B
FE3CFFEFFF2DFFBD
000D0032019B00F8
FF74FDEFFF04FF76
02110008FFFF018C
0081FFBF00CF0016
FF44FFC10077FE91
FEFBFFC100EFFEB5
FF93FF1AFF48FDB4
0132FFC500800101
FF260103046100FC
FFA8FDA5006BFDC5
000500FBFEB50351
011200E6FDEEFFF6
00E9001F01BC0127
015600A401F6002D
003A0019FFABFECD
00AA0119001DFF90
FEFB016700310054
FF1CFECF016CFE55
FF30FF28FFA9FF9E
0088FE7E00350118
FE84019001220054
FFE9FF5D010F00E9
FECEFEE1005E001B
00A0009EFEE9FF77
01BB0208FF9DFFD0
FEA2FFE6FFA100C4
005D0084FEF3FF10
FEDB014D0165FF5B
00D2011EFFF100EA
FF8C00A3FEECFFCC
00B1007AFDC8FF79
FE970009FF65002F
0001006C01D20114
FF6DFE10FF66FF5E
029C0099006B0178
00C9002B00E50007
FF19FF9A0050FE33
FF41001300EAFF1E
FFC2FF2CFF52FD93
010FFFD8004F00E4
FF1B0111047E0075
FF83FDD20052FDA1
00A00103FECD032F
01080107FDBFFFAE
00DC00CD01D001C5
01DF004702460033
005D002EFFAEFF17
00C601860045FFB7
FEEC0135FFEB0075
FEFFFF4500F5FEE6
FEE7FF90FF97FF73
00B2FE5F003800CB
FEED0118012400A3
FF8AFEF200F20119
FE82FEF70099FFA4
006100DAFF38FF46
021301C7FF860034
FED30077FFB300BE
00370083FE4CFF1C
FEF9018601D3FEC9
00A600C5FF84013B
FFBC00C2FEFFFFDF
004B0040FDF1FFB1
FEF1000CFFD9009D
FFF000C601FB00FE
FFCBFE59FF98FF1C
02470109002101ED
00FE00B1009E000A
FF0EFF5F001FFE00
FFBF00B20117FEA3
0018FF47FF32FE0C
00F40032002800AE
FEC6011503F2FFD7
001CFE3A0070FD6B
00CA00DFFEEC031C
012B00A5FD950034
011300EC0193020E
0271002402C000A9
00C5009EFF74FF67
008E0139000FFF83
FEFC01EAFFD8008B
FEE4FF6800AFFF45
FE84FFEBFF5BFF83
0086FE9C001D0068
FF88007A017900A6
FF8CFEB40122013F
FF0EFF5600E6FF36
00730122FF8FFF68
0239012DFFCF00AA
FEA200EBFF86009C
FFF900A4FE02FED1
FF33012B0234FEC0
008C00BDFF88016C
FF9F009EFE95FFCD
FFF4006BFDE0FF90
FFBBFFC1001200B9
002E0173025200C7
002BFE87FFF4FF46
02A00150004501C1
014001050047FFFA
FF24FF60001EFDB5
FFE7013A008BFF25
0024FFCCFE76FE91
00CB0053006F0050
FECB00D00409FFAB
FFE8FE8F002CFD58
00FA00D9FF7802D3
012900A0FD6DFFC4
00E20099014F02BC
028A001A02B70070
00E800BFFF15FFF0
00550141000BFFCA
FF3801B0FFEE004C
FF7E001300BAFF72
FE33003EFFC6FFBB
00C8FEE7FFD4000F
FFC5008C01260116
FF0CFE7000F5010A
FE95FF4F00E1FEC0
002A0119000BFF58
025300A7FFC40093
FEBE0102FF6400B1
00300011FE08FF22
FF86012502E3FE61
00CA0089FF5B0195
FFD8008DFE5AFFD1
FF9A0030FDD8FFB3
001DFFB5002D01A0
FFD301A3027D00A5
FFF5FEDF0043FF2E
026801870022018E
015B015F0002FFBD
FEBCFF080099FDD6
005A01A0007AFED6
0053FFE7FE5AFED8
00B2008900300040
FF8B00B203ACFFC6
FFF4FEEA0047FDA0
011100C8FED50261
00B60091FE120042
0145005C011B02FE
02C3002602D30101
00EB008CFF140000
001F009700380048
FF5D01E200020064
FFA9005C005EFFFB
FE0600CAFFE8FF93
0091FFACFFB0FFB6
0063006201600101
FEADFE6B00E100AD
FEDFFF5300D3FEAB
FFF30137007EFFAB
026E002A00140099
FEE10137FF720054
00080011FD54FF90
FF6F015F0315FE4A
0065001EFF6301F5
000F0071FE62FFC6
FF4D007DFE79FF82
00A9FF94002D018F
FFBB01B902270052
0054FF0F00C9FF75
025F019100260154
01830168FFDCFFF3
FF00FF05009FFE18
00B1025B0078FEE6
0032FFEBFDADFF8C
00A500AC004AFFD7
FFA200A10310FF6B
FFC4FF02FFF8FE1B
015A00F2FF1701D0
00660061FE52008A
00E9007300F0033F
02F10073023B00E6
00FC00B4FEDC00A9
FF460098FF710079
FF8501E600180021
00A100E5FFF40103
FDFF00EDFFB60002
00A60017FF67FF59
00EBFFE1014D0172
FE6CFEB800D7FFEF
FF02FF7E0134FE8C
FFF501440145FFA3
0204FF4E005900CD
FEB00110FFD9FFC1
FFCDFFA0FDCDFFBB
0009012D02C8FE47
008EFFC6FF3201BA
0013004AFEAF0045
FEAF0019FE7DFF47
00B8FF4A003D01E0
FFC901DD01F5005A
0044FF600134FF64
0250021E003E0133
016201BEFF640002
FF22FED1003CFE82
0140026F00ABFF98
FFEF0061FD350024
009C01360019FF4E
FFD5000A0232FF48
FFFEFF16FFF7FE9A
01710102FF47010F
0021FFF7FE780071
0133002C00E303CB
02E3005C020500FA
01570093FEEC00E7
FF2C000FFF4700A6
FFC501AD007F0078
009A015BFFB701CA
FDDC0133FFBA002E
0093005EFF5DFF89
0140FFB8011301FD
FE20FEE7007F0021
FEA8FF1F0120FE9C
000600E301850011
01D4FF09003500C1
FEAE00F8FFB7FF5B
0041FF23FD7D0022
0021017E02B8FE29
0017FF46FF730176
0044FFB6FEC40037
FE4C001DFEBCFF57
00BFFF16FFC601F1
FF8D01F801D70040
0058FFB30133FFA7
01D5019C005C0102
00E4019CFF42FFD6
FF30FEAF0065FEAC
01D90270009C001A
00550089FCA30094
002A017E0004FF28
0087FF7001A6FEF7
FFD1FFA4FFBFFF2D
01CF00B4FEF30061
FF82FFB6FF210099
00F4006400CD03DC
0281009A01D000C9
013000BEFEC800CB
FECBFF7FFF1200FD
0005014400980062
00FC0168FFB70238
FE020131FFEE0012
0046007CFEE5FFC6
01AEFF54004F0265
FDF6FEE1FFF4FFD9
FE7EFFB70124FEB2
0062010E01B70073
01E9FE98006300B5
FEAA004CFF95FF1A
000DFF0DFD9B0066
007C010B024DFE70
0032FEE2FF5B0142
00A9FFB6FE900079
FE19003CFF6DFF67
009EFED1FFBE01D9
FF8101CF0179004E
003FFFCB0199FF83
01690179003E00E6
00C7013EFEFAFFF3
FEECFEA60078FF19
024B02410052008D
005100A9FC5900E1
002101F0FFC0FED9
0117FF5100DFFEE1
0023FFDDFFCFFFBC
01BF007FFEA4FFC3
FF34FF1AFFAD0099
0143008500C003A2
02240163014F008B
01130083FEE300A6
FEE3FF00FED90179
004E012000B50047
01320176FFD102B5
FE5600FCFFCB0065
00450083FE88FFE5
01FBFF0DFFF80248
FDEFFF70FFF7FFC3
FDB8FFD500EBFEF5
0119010B01ED00A2
016DFE8100D30052
FF0AFFBCFFA4FF0E
002AFEB0FD6B0056
0037013701EDFE8C
0036FE89FF5F0124
0084FF96FED100BD
FDFC0025FFECFF7E
00B3FEF8FFBB01B8
FF71015E00DFFFE7
00760019017DFFCF
01180133007700EC
00D700C7FECA0000
FF31FEACFFB9FF3F
02A501730043011C
0009011DFBE90165
FFE70210FFD5FEAD
015AFF400056FEE1
00000075FF9A0043
01C7008CFE9BFF14
FECAFF4A002100AF
0170006500060338
016C01D801490098
00CA0066FED20032
FECAFE64FEB6014A
007300E3007A0056
01880188FFB402E6
FED30080FFBD00C3
FFFF005FFE2D002B
0190FF2AFF70025A
FDE3FF8BFFF6FF74
FD6A004700F7FF15
012F011F01850164
0148FEA10108FFF4
FEE4FEFFFF4FFEC3
0047FF13FDD6006E
00C700DE0192FEAD
001CFE70FF4100B8
00A9FF80FE7B00D2
FDA8003300770013
009BFF02FF84016D
FF6600EE0036FF81
0071002A015BFFEB
0077008A002600E4
008A0057FEC60060
FF5FFEC9FFACFF19
035800F2FF550192
003A010EFC11016D
FFCE01CFFFA5FEB1
01D6FF8AFFBCFEF9
004100AFFF7C010E
01C70022FEC3FED2
FEBFFEFD00F2009A
0189006BFFF30285
00E301F900C90077
008C0032FF35FFD8
FF08FE49FEBB0183
00A70099006B004A
0127015DFFBA02E1
FE820028FFBC00DE
FF850074FDDA004D
0190FEFAFF3A01ED
FE4DFFA30000FF86
FD27004700A4FFE7
01AB00F0018D015E
0104FEC600FDFF7E
FF06FE82FF24FEA7
00A5FEE5FDD10080
00A000D70140FECB
001AFE4DFFC20000
00D3FFD0FE670123
FD7AFFFF011A0073
006BFEFDFF4D019F
FF8B008FFF8EFF24
0059001B00C40009
0090FF87FFFE00C1
00780013FE7F0043
FF9BFE7DFF7EFEF7
034F0089FF78015F
FFDE011FFBB50185
FF76017CFFABFEFC
0179FF9BFF86FF57
003B00CFFF650158
01480056FEC7FE70
FED2FEE3012B00D9
0198001CFF5D01D7
0094024D00AF0071
00870051FF69FF47
FF26FE21FE5D014B
00C100BE00630092
013A013EFFC702A6
FED40034FFF600EF
FF4C006EFDD30082
0142FF65FEB301C9
FE80FFC70025FFA4
FCF700740094FFDE
01D300C4013401CE
0077FEBD0129FEEE
FEF4FDEFFEE3FE29
00E9FF28FE5B0083
008000890133FF30
002CFE160040FFDF
00EB0002FE4C01B3
FD84FFD901B800D6
0068FF4AFEF50157
FFCFFFF2FF2DFEDB
004AFFFAFFF7003E
009BFF29FFF700AE
0061FFDBFEE5006F
000FFEF0FF15FED8
0354002AFF3F019F
FFFC012AFBC2014C
FF550167FF96FEB2
016FFFBFFF7DFF41
002600C5FF11017B
011D0023FEBEFE1F
FEFCFEDB01820107
01CD0051FEF60178
FFE70264007A0032
002EFFD4FF42FF41
FF21FDF5FE4600F8
007C009A00380023
00FE0148FF8C0252
FEF2005CFFFF016A
FF14002EFD82003B
0114FFBDFE77018A
FF00FFF40011FF81
FC4E00280098FFF0
01C60043012001C6
0068FF52015DFEE6
FEADFD98FEE2FE37
011EFEE5FE8F0038
0086013A0100FF71
003CFE4D000FFF88
0145FFFFFE36022F
FDD6FFB601CB016D
003CFF6FFED200C2
FF89FF58FF16FED2
FFD4002BFF79006B
0016FEE800500045
FFDFFFBDFF30009E
FFECFF0FFED6FE81
032CFF8FFE96024F
FFD20153FBE100CA
FF6B00B1FFF4FF46
01CAFFEBFF67FF7A
00930071FEF50171
00F9003AFEDAFE72
FF0CFEF5020400C7
02090058FE9000E7
FF92027D00870014
FFDFFF72FF6FFEDF
FF41FE4CFEBC00EA
004700DC0007004C
00A100D5000001F4
FEC4FFD5002700E4
FEECFFF4FD5D0095
0097FFA7FE4D00F6
FF75FFCBFFE4FF86
FBCDFFC1005B0073
0293004900B501D1
001EFFAD00E4FE91
FEEAFCF4FEE4FE2E
0151FF10FEDA002F
007E016E0103FFD0
004FFE8A007AFF06
0127005CFE01026F
FD8DFFC5023E01CE
0028FF91FEC4007C
FF93FEFEFEDCFF02
FFC0001AFF790064
000BFEA90077008A
0002FFDCFFA300BB
0033FF5BFEBAFE91
028FFF71FEC30214
0011012FFC6D004D
FF77009E0062FF30
016C0040FFC3FF93
0072002CFEB00109
007C0073FEDAFEEC
FF7DFF44020600BD
01A40012FE840070
FFD3024A00A7FFF7
0041FF9CFF52FEBF
FF61FEF8FEC00042
005D00B9FF9E0084
FFCB005D003001A8
FEB7FFA200210134
FF1FFF92FD7800B1
008BFFF9FE5C0072
FFECFFF90067FFCA
FB7EFF9AFFED00FD
02A5006B008F01AB
0016FFDE011CFEA2
FEF0FD5BFEEEFE8B
0197FF1AFF1CFFF9
004801BB00E9FFF2
0021FEA50064FEFB
00850090FE850225
FE2EFF7801800213
FF52FFECFEB50019
FFFFFECDFEDBFF12
FF91FFD8FE9E0027
FFE5FE4100590064
FFA1FFDFFFF50084
FFF1FFCDFED0FE6D
0259FED2FE820202
FFE0013AFC93FFEC
FF48FFED00A9FF8F
010D005D005CFFE3
005C000DFEB700FF
006B0068FEDAFF6F
FFA5FF2D02150098
01E0001EFE69001B
FF3D0236011AFF88
FFE9FF8DFFAFFE97
FFADFF2BFF03FFA3
FFBF00D3FF970096
FF31FFE400A700E3
FEC0FF1FFFCB00DF
FF1AFEC7FDE200FC
FFB30065FE36002A
0055001F005E0051
FB7AFF9B000B00DF
02AC007E000B018E
0016007A00F9FE93
FF47FD2FFED1FEC0
0140FFABFF52FFC4
003E014B0115005D
003AFF0E00CCFF04
0029006CFE83027F
FE4CFFA601710245
FF3EFFF6FE6FFFCB
FFE4FE94FF5CFFAC
FFB7FF56FE300053
FFF2FE0E0071004D
FF7FFFD9005600F3
FFF40049FED6FE3B
01D2FE51FEC40196
FFC90120FD22FF99
FEEEFFED00ACFFE7
007700A000C70011
008AFFDCFF05009C
0027003DFE98FFE3
FFFBFF6902110032
01B80014FE8DFFB4
FF72020F016DFF3C
FFC4FFC0FF9BFE9C
FFDCFF6EFF1CFFC1
FF6600ADFFA40073
FE8AFF7B01130059
FEF0FEB0FF7700D0
FF41FE98FE220145
FF160042FE50FFDB
0110000C00960091
FB8FFF47FFFD010A
027F0054FFF80117
007700E800C6FECE
FEE3FD41FE85FF10
00D6003CFF91FF56
FFF7013000C100B9
0026FFE300A3FEF0
0008008AFE790217
FF1BFFFC013A0262
FECB0002FE60FF4A
0003FE38FF68FFD0
FF9FFFC0FDBFFFD4
FFF8FDA400A9006E
FF62001F00A90118
FFFE00E5FF59FE93
0157FE69FED2013C
FFEC005BFDB5FF74
FF2BFFB400F80043
000A00C801920060
00D3FFABFF0F0047
005B0012FE8E0073
FFC6FFCF01CEFFEF
016C0001FF06FF41
FF6901D201CCFEF0
FF95FFEE000BFED3
001FFFA0FF47FEFA
FF53008CFF9700AA
FE3EFF0700F3FF5A
FF35FEE1FFA70097
FFD5FEBCFEC10123
FEA10057FE9DFF09
012EFFD100D200CC
FC2FFEF6005200EF
025500ADFF9E0105
004A00D7008FFF36
FF1BFDBBFE85FF4E
007D009DFF81FF58
FF9E00BF0024009C
000C00950102FF47
0000005FFEC301A2
FFB0FFDF00A801DB
FE78001CFE3CFF6A
FFBAFE5AFF950067
FF8BFF6BFDD2FFB9
001BFDC400BF00C3
FF3B003500B3011B
FFA700DCFEE8FEB9
00FCFEC7FF6C00AC
0028001DFE7EFEB6
FF49FFB800930090
FF23013601E7002E
0106001EFF3F002C
0060005DFE3D00E0
0048002E0114FFE4
013CFFEBFF48FF11
FFAE01710214FE83
FFA9001B009FFED0
00AB000BFFCAFEC5
FF110076FFD50076
FD64FECD018AFE72
FF3CFF28FFC30070
000CFEDEFF0A00CF
FEB8004FFEF5FF1D
0153FFD900F8013C
FC85FEDD007700AD
01E80037FF220073
005F01420076FF82
FEE2FE1DFE97FF56
00880150FF55FF43
FF880039004900CD
0018013D00E3FF96
FF6700F0FF090123
004B003DFFDA01BB
FE5D0026FE76FF5F
FF7AFE99FFFF0047
FF87FF2AFE07FF6D
001DFDF500D900C9
FF790025011900F9
FFD300D2FF63FEE0
008CFEFDFFDEFFE2
0096FFB4FF10FE68
FFCEFFF200F800EC
FF0A012D02AC007F
00ECFFFEFFB9FF39
0039FFF5FE51015E
001B00450103FFBD
00A4FFF8FF96FF19
001E00AF025BFE9D
000E00660086FF45
00F30066002DFE77
FEFE0084FF990039
FD7FFE69017EFE42
FF2AFEF2FFBEFFE8
0035FF05FF6C00B9
FE6C006EFF12FEC0
013EFFAA012E0193
FD08FF5300450037
0178009DFEFB0012
0073011E003BFF6E
FF30FEB5FF09001F
FFFF0172FF4FFF21
FF6D000D002F0059
FFD60171004FFFE5
FF3600B1FF4800D1
00BE002BFF5C00C6
FE740072FEAFFF9A
FFC9FE7E00C700B8
FFA0FEE0FE03FF60
0070FEAA010E010A
FFF9FFF6010D0134
FFE1013DFF65FF1A
FFC4FF87FFC9FFDF
00ADFF37FF99FE23
FFCDFFB6012A0105
FE67012702CE001A
00CCFFBF004BFE7B
00880000FE9D01BB
00B7005D0013FF2E
005E003AFFDBFF96
0096003C02BEFEC1
000F004400FEFF76
015000DE0080FE1E
FEE7009BFFDB0048
FD81FE2F012AFDF9
FF0CFF52FFDFFFAE
006BFEC600080035
FE7F009CFF4FFE7C
0135FF4B01250198
FD4FFF3E009D002E
0152006BFEC0FFA8
012E0125FFF7FFBB
FF1AFF75FF3F006C
0027018FFEF9FF07
FF1C001100640026
003101C600700001
FF5400E5FF2E004A
00F2001CFE8300D7
FE7E007BFF07FFA6
FF9BFE8501610095
FFE6FE8FFE43FF5D
00EBFF3A0115012B
0079006800CA00E9
FFA400B7FF75FF08
FF960024FFBAFF94
008BFF67FF88FDEF
005EFF3101730109
FE9101420315FFF0
0104FF5B001AFDF9
00AA0061FEF401A4
00F2FFC6FF9AFF20
004B00540044FFF0
00F9000602CDFF25
0011002B010BFF6D
017F010B0068FE38
FEA80109FFE8004C
FD58FE4D0127FE1D
FEE9FF04FFB7FF7D
0059FDFB007E004E
FED50078FF8EFEB3
00ACFF3C014501A5
FD66FF8400930039
010D00AEFE90FF75
0176012FFFA0FFFD
FF470064FF71007D
00750156FE9AFF23
FF15002900FBFFA5
001302060034009C
FF2E00E5FF210007
00570038FE5B00A8
FEEC00BBFF3DFFDA
FF95FEC40136007D
FFDBFE6CFE69FF18
0125FF5A0153017D
00C700AE00A700FE
FFB00084FF86FEFB
FF79005BFFEFFF64
009BFF11FF82FE29
001CFFC6017A012B
FE400186037AFFD0
00E0FF5C00A7FDF3
00750018FF3B0186
01030004FF45FF10
0064006B004D0042
014CFF6202DCFF64
005E009500B8FF80
017F011B0084FDF8
FEA60153FFBDFFFF
FDF6FE55007EFE65
FEA8FF61FFBEFF63
00A5FE3200740013
FEEF0036FFAAFF2E
00B8FEFF012701A0
FE20FFAB00CF0014
010100CDFECDFF35
018000BCFF9C0006
FF1300ADFFB600A3
00130116FE7FFECF
FEB9FFB60125FF68
002601BC005E0110
FF4500CFFF39FFAA
003F000BFE5A00D6
FEEF007BFF400067
FFA7FF1901FC00DD
0014FE6FFEC1FF1F
01AAFFCC013401B1
015500B7004900B9
FF8B0016FFB8FED7
FF4400BB003FFF4F
009EFF43FF7BFDE4
007BFFBF017E00E7
FE3F00B70348FF8F
00BBFF8F00CBFD80
006E0058FF680219
010B001CFF05FF2F
00510023008700DE
021AFF9602E0FF6F
00AA010A0085000F
014C01170089FE1B
FEAB017FFFB2004F
FD9EFE4000ADFF02
FE28FF9FFFE1FF2F
0128FE6600700043
FF5A007BFFC6FF7C
0080FED8010201AB
FDFCFFDD0101FF82
00F20122FF76FF37
01B300A3FFB5003B
FED90131FFC20098
FFEC0101FE31FEEC
FEDFFFF40200FF48
FFEB016BFFE2012C
FF61010CFEFFFF58
FFC9005DFE2B00A8
FFDC0017FFAF00B0
FFF4FF76020500B9
0065FEB0FF24FF4A
01CE00940119022C
0137015DFFAD00E7
FF64FF9BFFF4FEB5
FFEA00CF001BFF61
00C9FF0CFF2BFE2A
0050000B011400D1
FE6000FD031CFF68
011FFF9B0082FDF9
007C0031FF6A015D
00DAFFECFEA7FF4B
008E001B00860145
0257FF4A02C0FFBA
00CA00E700A8000E
00DA00A90081FE86
FEB601B2FFA3004A
FE25FE800007FF46
FDF0FFEA0004FF57
010DFEE8004EFFE5
FFC6FFC30025FF87
0002FEA4010C0193
FE3CFF6F0151FF84
0114012BFFF8FF25
02220054FF6D0085
FEC10120FF3D0083
0028004AFDC4FF18
FEA9FFCE0211FF0F
FFA300F200550165
FFE300A5FEF4FEEA
FF4A0050FE2300B8
006C0017000200F1
FFD1FFAC024900BD
005CFEB3FF5DFF2C
01E7010600D101FF
0169015FFF8E00DE
FF53FF4CFFFAFF01
FFE30181FFF6FF20
0094FF3BFEBFFE65
008C0058010600DE
FEB2006702CAFF50
00B2FFC0009FFDA6
009AFFDDFFEF0135
00BF001CFEBB0003
008DFFAA0034014F
0287FF2B026D0039
012C00CF004D008B
006200910058FEC8
FEA00237FFD1000F
FEB6FED6FF9EFFF2
FD920070FFFDFF50
0135FFD20000FF92
0013FFCE00140022
FFE1FE83004F0146
FE88FF250166FECF
008200EE0088FED5
01D0FF8BFF2E0069
FE97017AFFA30029
FFA80010FDD1FF52
FEE0FFE801E5FEEB
FFC800B6005401A8
FFD70054FEB7FEC8
FF1D008BFE640084
0097FFD90042016C
00060009023D0075
0049FEF2FFAAFEF8
01FD018000C1020F
016101AEFF5800C7
FF67FF5C007DFF4B
008901E5FFFBFF5A
009FFF93FE58FEF6
0039010A005800CD
FEC2005A02BDFF36
00BDFF64007FFDE0
009FFFB5FFD70087
0067000AFE9D002E
00A0FFB400370207
029EFF94025C006E
010C00D700150091
0011002D0055FF6B
FE620241000F0062
FEE7FF66FF6B0025
FDD100B4FFA1FF86
01280016FFA1FFBA
0070FF700006006D
FFBFFEC9005900B9
FE4AFF02016AFED0
008300EE0108FED3
019EFFA7FF7F0087
FED80140FF6EFFE8
FF70FFEDFD9CFF57
FEE1001501D0FE94
FFE20022006A01AB
004AFFF1FECEFEE4
FED20059FE3E0070
0113FF8300A701CC
001B003601D40019
0052FF270028FF8A
01DF019F00D00222
0125019DFF4200BC
FF5DFF100049FFAA
00870240FFF2FF1F
00CEFF51FE16FF68
00760106002F0082
FF420041022EFF4E
008EFF820029FE75
00DBFF8CFFA70032
0055FFDAFEE80078
00FFFF95001601F0
02D5FFA101790081
01370062000F00AC
FF9DFFD5FFE7FFE9
FF0D02580081001F
FF8CFFD1FF1D00AF
FDF100EF0046FFD6
012E005DFEE8FF2A
0129FF6AFFEF00E6
FFD2FF33FFD70081
FE7FFF060175FF07
002D00DF0198FED1
0166FEDBFF70009D
FEAA0134FFBCFF80
FF64FF44FDE2FFE8
FF31002F01D6FE9B
FFA1FFCB008801A1
0073FFF4FEDBFEDC
FF0A0055FEA7006F
0121FF0B005C01EA
0016002701F50062
00B0FFD50050FFC8
01D6026F00DF025E
00FB014AFF2C00E4
FF5CFEECFFC80003
00E502260031FEF9
0075FF86FD86FF97
007B0195FFCBFFD8
FF46FF9A0176FF36
0044FF940053FED5
0120FF81FF95FFCA
0023FFCAFED100A8
010FFF48FFE8022A
02C5003D010100BD
01180022FFBE0048
FEEDFF8DFFB0005B
FEF30238006E0059
FFF9005DFF13016A
FDD600AC002CFFE1
011A0086FEF1FF32
0166FF21FFB8014D
FF94FF7AFF890063
FE61FE9F0192FEB4
003E0087019AFF67
00FDFE84FF54007A
FED700AAFF77FF88
FFA3FF25FD9C0015
FF950096014AFF12
FF9CFF76008A0167
0055FF92FECEFF18
FEC4FFE9FEE20041
0105FF16006C0249
FFE0003401CF0090
007EFFDC00B7FF7B
0191022C011A0220
00BE0153FF4C0102
FFA1FEEA0011007C
016401DA004FFFAB
0027FF9EFCFEFFCF
00A50207FFC8FF5E
FF79FF410119FF69
0043FFD40044FF1E
00EDFF88FF81FF46
FFDEFFEAFF4300B2
0185FF420004023C
026B006E009F008E
00ED0009FFA80012
FED8FEC3FF7800A7
FF04022600990063
0017009AFF3201E0
FDCD00ED00100045
012B009EFE77FF67
019FFEF7FFB5015D
FF75FFA9FF53005C
FE4DFEBB0197FF72
006D00920189FFCD
00A0FEBDFF320005
FEFF0083FF9CFF25
FFA5FF21FDAB0023
FF7900E7013BFF15
FF5DFF70004D012A
0088FF38FF05FF5F
FEB00010FF5E0068
0127FEF20031028B
FFF4005D01B9002D
009D007400CFFF65
01B201EA011201D6
0087016FFF3500C0
FFA9FEB5001A0098
021101C00010005D
000DFFFFFC930054
008D01C2FF38FEFD
0040FF5800D1FF65
003BFFA2FFFCFF7F
0122FF97FF73FEFE
FF89FF61FF8200C0
0172FF38FFE7025A
022501240023004C
00FFFFF2FFE1FFE1
FE7EFE5CFF22010D
FF68019B00AE0088
005000EDFF59020F
FE10008B0007001F
01150012FE1CFF74
01B5FEEBFF650174
FEF8000EFF41000A
FDF3FECF0183FFA2
00ED00C701F4004C
00A5FE8FFF960000
FEE4FFB2FF4FFF36
003AFED7FDC0004E
FFA900FB00E8FF4C
FF62FECA00820142
00F5FF86FF12000B
FE6F001700130065
009FFEBFFFE50236
FFF700720155FFC1
00A700D90086FF4C
010F0196013001BF
007E00F8FF0A00D5
FFBFFEBAFFC40081
024E0120FFF200CA
FFF50024FBF800AD
00A001E9FF09FEE0
004AFF2D0092FF6B
0040FF9DFFC60023
011DFFD4FF99FEF6
FF78FF21FF9800E3
01E2FF7E00090241
01E1013FFF980076
00D00007FFBFFF87
FE51FE28FF060116
FF9C01B1009C00AA
00CA011BFF39021E
FE21003EFFDCFFD3
0119FFF4FE14FFFE
017CFEE0FF4701D6
FEF50068FF37FFE9
FDBDFED80196002A
0151009C01CA00EE
002DFE91FFD8FFD9
FECBFF4DFF2BFF17
0093FE91FDCB002F
FFE401340064FF81
FF88FECB008300FB
013EFFA8FF240082
FE19FFC8006B0077
004CFE25FFA201E6
FFB5FFA700B2FFE3
001201280087FF5F
00A7011A015A01BF
FFD500D6FF110113
0007FEE6FFCF0085
02B700A8FF8A010A
FFAE006EFBE300E1
00060152FED2FF08
00C8FED00077FFFD
0086FFB2FF61003E
00BBFFF3FF49FE3E
FF5AFF11FFE800BE
01F7FF8FFFEA0199
00F301E4FF590002
00F8FFBDFFFEFF41
FECBFE1AFEFF011B
001D01C5008B00B7
005D00F4FF71023A
FE91FFECFFCB0009
00B5FF4DFDB4005C
0190FF0CFF060176
FF3B0069FF5FFFC9
FD1FFEBD012B00BA
019700C901C1008C
0006FEDFFFC9FFA3
FEB2FEACFF12FEDE
00C1FECEFE3F0049
000D01C2007D000F
FF7BFE90004200E8
0149FFB1FF4D00FD
FE27001A00FF00C2
0025FE90FF84018F
0006FF98008AFF44
FFFE0141FFBFFF68
0037005F015B018F
001C007CFF150110
FFE9FF15FF93004C
02BAFFA7FF700154
FF2900BDFBD400BC
FFC50126FF05FEC5
00B8FEFB007CFFCB
005BFFBEFF880050
00E70004FF89FED9
FFD2FEF6FFB20085
02A4FFC4FF7D0166
003E0220FF08FFAC
007BFF590059FF15
FEEDFDF2FF1E00E2
FFEB01A2008100BF
005900E6FFAC0173
FEDCFFAD0003FFD3
005BFF08FD830085
00C0FF42FEF2018E
FF4800D0FF48FFA0
FCDEFEA00133011C
01B30075016C00C5
003EFF83FFF5FF0B
FEB8FE30FF09FEEB
00DCFEDFFECD0009
003501B800690082
FFE4FEE000AB0066
01780018FF0C01BB
FE06FFF601840101
FF99FED7FF4B00EE
00ACFF4E000EFF6D
FFB500F7FF03FFB7
0054FFD4013F013D
FF800005FF8C00EE
FFD3FF24FF6BFF8A
0265FEDFFF7C017C
FEF100E0FC010066
FF8900C9FEF4FF00
00B0FF4600630001
004FFF92FF360039
00850040FF91FF17
0055FF16FFCA0095
029C0031FF120133
FFBF0260FF37FF3C
0042FF19000DFF23
FF1CFE51FF230097
001701D8008400C0
000F00B4003C014D
FEFBFF4BFFE7FFD1
0030FE8BFD70006B
0041FF78FE8501BF
FFC000B8FFA1FFC3
FC55FE8101480118
01FA0041015000BF
003A003F0004FF32
FE89FD87FEE5FEEB
0114FEFEFEFFFF87
00150237005C00C9
0014FEAA00E3004B
01620057FEE501F0
FE4B001B01B9017D
FF88FEA8FF01009F
00C2FEDAFF90FF62
FF560145FE9BFFAC
FFC5FF7B0143013C
FF6F0006FFA30168
004AFF59FF37FF77
023BFE4FFF5201C4
FE8E0102FC4D007B
FF2C009EFF1BFEAF
00C9FF7D006C0008
0044FF73FEE60014
002B006BFFA0FFB6
00B0FF96FFF5003E
02D2000FFED10072
FF02026DFF4EFF14
001BFF14FFDAFE6C
FF5EFEB0FF100000
FFE401C80017010A
FFC8006D006C0092
FF17FF04FF99FFB3
0032FE48FDB800A5
FF93FFCFFE79019D
FFDD00C1FFD00004
FBDCFE1E00E601B3
01F8000001010108
FFEE00BE0061FF1B
FEA4FD7CFEB2FEC0
013CFFB2FF57FF4F
003C02A600070148
0068FF5B00EA002F
012700A3FEEE0258
FE9AFFF6021B0228
FF30FEECFEBD005C
00FAFEE5FFCBFF19
FF250126FE39FFCC
FFCBFED20126013D
FF58FFFF00080114
0089FF9BFF64FF24
01EEFDC3FF3B0205
FE2E00CAFCA7004E
FF4B003CFF8FFEDF
00A8FFBE00E40049
FFFBFF3AFECFFFB7
FFFE0087FFB4004F
0116FFDEFFFE0007
02A9FFF8FEFF001E
FEE8028FFF56FEE0
FFD2FF1C0000FE4A
FF4AFF15FF16FFC0
FF97017E001E00F8
FF6A0006009D0003
FF89FEE4FFCBFFBD
00ABFDC2FDDE00C5
FEA7001BFE770143
002500B800060039
FBA6FDA8012001C1
025B001200C0014F
003F0123005AFF05
FEAAFDA4FEEEFF12
01A9FFADFFADFF3B
FFFC02C600010109
005DFFD900FA0028
00EA0069FEFC027D
FF0F002902010275
FE6AFF51FE89002B
011DFF4C0009FFFD
FF1200A6FE03FFB0
FFD4FE7400A30144
FF210019005A0123
008EFFF0FFBAFF2F
01C2FD61FF940198
FDBC00BFFD3F0053
FED2003BFF80FF10
0034FFC9016E007F
0045FEFCFEC1FF4A
FF8400BFFF800188
01290089FFD9FFCB
0210FFF4FF59FFE6
FED502640020FE2D
FF6FFF4A004CFE60
FF7DFF70FF5FFF69
FF13015E000E011A
FED1FF960174FF6B
FF5EFEACFFD8001E
00B3FD88FE6D013C
FDF4005BFEC100D8
007B008300A100B8
FBA6FDBC0107016E
02240039003D012C
009101CA00BBFF05
FEF6FD7AFE9DFF36
013C005C0012FEC1
FFEB02F600260171
00290077007F0016
00920038FEE90261
FFBA003D01740241
FE4AFF4BFE55FFC4
0103FF8300190041
FF3D00C8FDC0FF96
FF8AFE3A00770139
FF1B001F00EB0102
00C000C1FFB9FF44
019CFD43FFC00134
FDD40065FDCA0000
FEE50008FF8DFF37
FF83005401ED0054
0069FF28FE9AFF41
FF790056FEED01E0
016900D4FFE8FF48
01DFFFCEFFBEFF8D
FED70278007CFE13
FFBBFF8900A9FE5D
FFADFFA0FFC2FEFA
FEE10117005E00FD
FE4DFF5B018BFE64
FF95FEACFF510007
00AEFD94FF0D0180
FD830056FF52FFF5
007500A40103011C
FC3EFD9700F9019E
01FA0012FF9D00E2
006802030048FF32
FF64FDF1FEB8FFE4
013B00E8FFF8FEC9
FFA502D5001B0110
0049016B00420029
00100057FF5A0272
009E004900F901CC
FDF2FF9FFE7DFFD7
00B6FFBE00500001
FF4F0080FDD9FF66
FFD2FE1100800169
FF6E002E0102006A
00EE00FBFFC3FF9A
0108FDC2FFFA00D3
FEA0FFE7FE2EFFBD
FF37FFDFFFF4FF6B
FEDE00AD02A800C3
0032FF11FE85FEBE
FF7900ADFEE801BC
018A00DFFF4EFF39
0155FFB0000BFF58
FF21020B00FBFE1C
FF9BFFBD00EEFEDB
FFE20030FFDDFE9F
FEC700CF006D0111
FE49FF220188FDB6
FFF2FF1BFFB00077
00EDFD1DFF650190
FD510097FFC6FFE3
00A4006B01530154
FC5FFDEE0107016C
0195FFDFFF5100B0
009A01CE0025FF89
FF75FE90FECC0004
00E5015C0012FEB4
00090210FFF6008C
000F021DFFF00063
FF9600C0FFB4020A
00F4002AFFD6011B
FD9CFFC6FE62FFA4
00AFFF700090006F
FF99000EFDB5FF3B
FFB6FDB000A30179
FF5EFFE6016D009B
00EC0138000BFF5D
00B1FE11FFD6007F
FE9BFF62FEECFF35
FF65FFAE0009FFF0
FE4200E9037500BE
0017FEF3FE5EFE38
FF8900B3FEA902B3
017E0123FF0DFEBF
00C400300050FF3A
FF6101A2014AFE18
FF95000B00C0FEB3
009900C30016FDF9
FE8100EDFFDD00FC
FE20FF07021CFD64
0053FF2BFFAA006E
010AFCEBFFAE01AA
FD0400B0FFF3FF6D
00B0004E018801CE
FCD6FE6A012700E4
01920036FEFF005C
00760255002BFFA7
FF9FFEBDFEDF007F
00A701D1000AFE44
000501890051009C
000E0242FFC00058
FF6A00D2FF9901D6
017D0009FF6A00BF
FDFD002BFE87FF95
0051FFF3011100B9
FFF4FF93FE04FF45
0006FE14009E018D
FFB80011017D0098
00D10169FFCCFF74
0071FEFFFFEA000E
FF31FF80FF69FEC0
FF3AFFAB00A6002F
FDBD011303C40051
0011FF13FEEFFDF4
00040083FEA1026C
018000DFFE82FEA0
00790074009CFFA5
FFF400F2016BFE43
FF9EFFEB00CAFECB
0096010F0017FDED
FE8B00CFFFE90102
FE1FFF1201E9FD5D
FFE3FF9CFFA40078
00ECFD23FFA50113
FD7600AFFFF3FF69
00ACFFF301B601BF
FD10FEBE017000BF
01430066FE83FFE5
0085024E000AFFD1
FFBCFF7BFF3400B9
008C01C2FF8BFE65
FFCB017E0107FFFD
00460253FF3F004B
FF3D00D9FF860187
014FFFF8FEAA00B6
FE2A002AFE8AFF62
007CFFC7015500B4
FFBCFF2BFE0BFF88
0054FDD900A60180
0066001C016600AE
00FA014C0022FF0F
0029FFC2FF3BFFD5
FF84FF7CFF99FEA5
FF4DFF5100F10040
FD80015E041B0010
FFD2FF19FED2FE03
00050081FE98028D
01B800E8FE42FE74
0051012400BAFFA3
002E006A018FFE9A
FFFA001A00CFFEBB
012201650030FDA3
FE710101FFCF00B9
FE2FFF1B016EFD80
001D000FFFD4007A
00FAFD400003011D
FDA900A30030FF55
0082FF5F015B0213
FD11FEFA016500E4
011900BFFEADFF91
00880201FFEAFFBF
FFEE0024FF8800B5
00C701E9FF65FE2D
FFA300D10193FFA0
0054022BFF2E0082
FF3D00F4FFCC0142
0135001EFE8400C3
FE3F00BDFEC4FFE1
0046FFFE01A900E7
0026FEDFFEE8FF6C
00E5FE4C00B20166
00E500160130009A
0085011B0085FECC
000C0039FF20FF85
FF9CFFA5FFD3FE3F
FFB6FF8B01510016
FD780168043FFFCF
FFDBFF15FF88FDC9
000E00A0FE910266
017A00AEFE14FE3D
001D00F000C0FFE7
00D9002B01E9FEA6
FFA9002B0068FF1C
01260178003BFD8B
FEBC0132FFB200B3
FE74FF200160FDCC
FF9E003900030077
012BFD40003F009A
FE0C00AFFFFEFF6C
0021FF5E014F01AC
FD70FFB9016F008D
00D100C2FE75FFA2
00F001F8002DFFCC
000E007CFFA300E4
00C301BBFEF4FE42
FFB300A1024CFF6A
006801E1FF2F00C4
FF190101FF8C00CB
00E20022FE310079
FECD00CFFECDFFF4
FFA3FFBD018D00D6
0014FEB5FF3AFF38
00BFFEC100D40192
00ED005701240087
00A000D0009FFF06
003A00D4FF1EFF93
FFF9FF72FFE3FEC2
FF92FFD201BB006B
FD7301380422FFAA
FFD3FEDCFF88FDC4
000A004FFEDA021D
016B003DFE46FE55
000F00DE00840035
00EAFFEB0204FF3B
FFE9005B0042FF3D
01430188009AFDD7
FE9D00EDFFAA008C
FECCFF3A00E0FE26
FF3C0052FFF1005D
011BFD750053008D
FE660022000FFF3D
FFECFF39016701A1
FDAFFFC4016C006E
00B500E9FEF2FFB8
014101B90026FFDB
FFEA00DEFFC000DC
00AC0180FEBEFE91
FFFD006C022CFECD
003801BCFF0500EC
FF1000C9FF810084
00B00023FE790078
FF260055FF820051
FF9A005E024200B8
007DFE87FF97FFA4
0104FF69008B01AA
0133006100780037
FFFE009700E7FE9D
00140147FEE5FF62
FFD3FFD3FF3BFEFE
FF98FFC40197008C
FDD300E30408FF94
FFBCFF38000EFDF7
0010006DFF0601E1
00BFFFCBFE4CFECE
000500B101110075
0186FFD102210001
FFB2005FFFD7FF81
00FE013600AEFE5E
FED1012BFFA4002B
FF5FFF6C0058FED4
FEF1007EFFF1006A
0124FDD6007D003E
FEAF0092003BFF85
FF80FEF600E3012E
FE2900500170FFFE
00E20149FF27FF6F
014D0104000CFFBA
00050155FFF00124
003D00F2FE76FE9B
FF9A00760302FEF3
0058019AFF4000AF
FF55006BFEEF0065
004D005AFE430021
FF710016FF9C0058
FF6B0089024A0084
008AFE52FFF3FFB1
00D7FFED009001C4
012B008AFFCB0067
FFF000420133FE83
00420138FF37FF46
001E0001FEB1FF41
FF7F0004013600E0
FE4000900385FF22
FFCCFF94FFD5FE35
00260023FEF200E6
005AFF40FE4CFF56
00200088013000D6
0175FF8C0223002D
FFA40021FFAE0026
00DD0105007DFEA2
FF240103FFAD0053
FF79FF900077FFCC
FF1000C1FFB4001A
00D4FE7700470032
FF460077FFDEFFFB
FF02FEC700FE0116
FE1A006A0178FFB3
00920129FFAFFF8C
014800760001FFB6
FFC90164FF8A00E4
001500E3FE6AFEFF
FFE6004E0283FEA3
FFB100F1FF8E00C3
FF60FFEFFED80044
FF98008EFE27FFDC
FFE8FF25FFFA0086
FFAC00B2026D0062
00A2FE27000CFFAF
00D20083009101E6
009000BBFF0B0087
FF9DFFC60187FE7A
007B01F2FF13FFBB
00390014FE1BFFF9
FF3B0040010D006E
FEF4FFE702D5FF1C
0000FFC4FFF6FE84
00CFFFEBFEA90064
0026FE92FE56FF0B
0047009E01120195
01D3FFC9022C0053
FF67FF99FF52005E
009D00770061FF54
FF8A0112FFBE000B
FFD1FFCD00580052
FEAE008A0016FFEC
005CFEDC0041FFED
FFC50053FFD300A3
FE77FEF8003700F0
FDE20059010AFF8F
009D00F9007AFF9F
0182FFE5FFCAFF84
FFB4018AFF26006A
FFD20037FE25FF79
0004FFF60280FED9
000F008DFFF00097
FF8AFF32FE67001B
FF6B008EFE75FFA5
00EAFEF1FFE800E4
FF9A00CB024C006E
00A0FE4A00ECFFB7
0048012100DC019E
FFDB00EAFE420095
FF9DFFAD0155FEF7
012C01F2FF130043
FFFC005DFD85001D
FF2600F400CC0062
FFA2FF4F018CFF35
FF9DFFF4FFE6FF4D
00BC0015FEC9FF37
FF48FE31FF0CFF67
00820064010F01DF
01E40034019600BF
FF87FF45FEAE0020
FFFAFFD2FFCAFF9C
FFD801250010003E
00BE0006FFDA017E
FEB600DB00470042
008A0016FF6BFF78
005F0005FF640131
FE63FF1BFF51005F
FDE5000500D5FF72
010A012C00C3FFB2
0098FF79FFAFFFBF
FF7600BDFF57FFE5
FF7CFFD6FE25001A
FFD200120245FEDD
FFD7FFB4FFFB0077
FFB7FE75FE8CFFAC
FEFF00BBFE97FFB4
0115FE6200520126
FFFA00E2025E0051
0091FE8E0132FFB8
00650158008E01B2
FFF90125FE0900B3
FF94FF450179FF06
01810241FEEB007E
00510082FD300066
FFB60105003DFFD5
001AFEBD0120FEDA
FF44003CFFB7FFD8
00ECFF9CFEB8FEA9
FEE0FDFBFF11FFFC
0065009D00E801E3
020E0072014400B2
FFA8FF19FE97FFED
FF91FF4EFFB7FFF0
001400FD0052FFDA
01160059FF9301C0
FECD00E2004C005F
0063003BFF24FF92
00EF0021FEEB0206
FE7BFEC0FF170046
FDE2FFD200B0FF7B
00EB01130153FFE7
006BFEE3FFDAFFAD
FF6B00B7FEEAFFCA
FFA2FF6BFE2B002F
FFCFFFD8022CFEC2
FFD7FF5C0050008B
FFCBFE82FE3A0009
FEDC00D8FEB7FFE8
0167FE5F0055015A
001100F002150067
006FFEC301C4FFDE
00C301F4008001C5
FF7F00FBFD8800BC
FF4BFEE10145FEDD
02490220FF1A00C6
003200AAFCB800C1
FF84014EFFEEFFF2
0099FED60035FEDE
FFBB001C000600A9
00FEFF9AFECEFE49
FEA6FD99FF4F0038
00C10087012501D9
020300CC00F300E7
0015FEFCFECFFFC8
FFF5FE92FF5F00CB
00610136006DFFE5
00FD00D5FF770244
FE47007E008A00C0
000F0084FEBCFF81
019FFF71FEFF0177
FE34FF2EFEED0001
FDB8FF64005EFF79
0159016B01500039
00DFFF3C0019FF61
FF21FFC4FEDCFF85
0000FEF4FE0D008C
FFBF00260212FEC9
FF9AFEAD008F0047
003CFE49FE16FFD1
FE6B00E2FF9FFFFD
0118FEA50058019E
0075011C01AE006D
0046FEDF0170FFCF
00BD01B5001601A3
FFC500E7FE0700A9
FF14FEEF0148FEDE
024301B3FEB70128
0037005FFCAC0058
000E013BFFBFFFA7
00DBFF0A0007FF34
FFBC001AFFC100E8
00DCFF28FED6FE3F
FEAAFDC7FFD700D5
00D9008400B801A0
022B00BE00C20092
005AFEF7FF3FFF9D
FF81FE4DFF0F0104
0028018600600019
012900C3FFDA0229
FDF60088002000F5
FFC40054FE52FFB9
0181FFADFF260186
FE92FF47FED7FFB5
FDC5FF300041FFBD
0148013A015B0051
0082FEF6FFDCFF7A
FEF4FF7BFEA2FEEE
0000FEBDFDEF008B
001500C101D8FED5
FF8BFE9B00BEFFFC
001BFE50FE12FFF2
FDFE007FFFA80010
00D0FE93003F0150
005B00F4018B0004
0055FF62018F000D
00680131002D01E6
FF750113FD9200C5
FF50FEA80106FEFB
028900A4FE940154
000B007BFC910051
001C0122FF79FFB3
00EDFF07FF9FFF5B
FFCDFFFDFF7A0155
00D5FEF1FEC0FE8C
FE6CFDC3FFFA00DC
0168002600760150
01EB0106003000F7
004DFECAFF4DFF0B
FF82FE0CFF5F014D
008D01B8FFFF003D
00E200AD000D022E
FE20FFE80007006C
FF88005AFE48003A
00F2FF60FEAC012D
FEC7FF70FEBEFFAD
FD66FED30058FFE2
01900104016A00E3
0046FF66FF6CFEBE
FEE8FEEBFE85FEFD
000AFED9FE110075
003E010A017EFF40
FF47FE5600A8FFC5
007AFE7DFDB9FFF2
FE2900A80027005E
00D0FE730011013E
005C00950102FFE7
FFF9FF67012C0004
005D011C003F01E0
FF0D010BFE730109
FF8CFE7E00DDFEC5
028FFFE9FE9F01B3
FFE10047FC8C007E
FFFA00FAFEFCFFCD
014FFEECFF9CFFD4
002CFF91FFB60129
00A6FEF6FEA8FE7F
FE86FE3D00480121
018200290016017B
0167012A000A00B7
0073FE55FF60FEB8
FF9BFE01FF6F0185
009601C5FFF20031
00BE007100810182
FE17FFD7000E0074
FECFFFE4FE070055
010BFFCBFEC900F8
FF40FF66FF5FFFED
FCEDFEA7FFCE0065
01BA00CC01660107
008CFFC9FF24FE56
FEB8FE24FE63FEF0
006BFED6FE4400B7
002A01A600EFFFBD
FF46FE6B00E9FFB8
009BFE51FDBC0083
FE36004D008800D8
000BFEB9FFFA0093
00930078004C0026
FFBAFF4B0087001D
FFF00022FFD40200
FF1500B4FED40129
FF8EFEF20071FEB3
023EFF34FE830167
FFBD003EFCED0021
003C005EFF1CFF96
0194FEE2FFB60026
FFD3FF81FF47014F
00AAFF5BFEFAFF0D
FEB1FE2800A100DF
01570088FFC00134
011000EAFFD40005
008DFE1F0062FE8F
FF6DFEA1FF4E012A
00AF0179FFE5002E
0055003000640127
FDEFFF9C00430037
FE81FF8AFDCF00C4
0055008EFEEC0130
FFD6FF87FF550005
FCC9FE5CFF9E00A9
01880028016400DB
0045FFDAFEF3FE12
FEC0FDA0FE3AFF95
0057FED3FEE500FD
002C021300E1006D
FF6FFE8700E0FF3B
0050FEBDFDA000F0
FE08FFE00084016B
FFAEFF00FF390022
008DFFEBFFCDFFE5
FF7CFF11FFAC0003
FFB6FFEE003901C4
FE5B007FFF6D0124
FFB6FF4B003FFE65
0229FE2CFED801BF
FF7A0036FC90FF99
0015FFDBFEFAFFE0
018CFF370011007A
FFE5FEC0FEFD0102
002DFF8CFF2DFF6B
FF7AFED700C0010D
01D50076FFC300ED
003500CDFFCBFFD3
0096FE25003AFE65
FF6DFEA7FF3A00B8
006501BDFFFE005C
FFFBFFC9010900BB
FE45FF58001F0017
FE5AFEEDFDC700DD
FF8B00D7FF26012F
0014FF99FFA50028
FC83FE0FFFC4011D
01AFFFD0014400E8
00700108FEB3FDD1
FE10FD18FE3EFF4B
0089FEFFFF4400C6
009E021B008F0108
FF9EFEC50107FF94
001FFEF9FD81014C
FE28FFA700B301C1
FF16FF21FF37FFC9
0127FF8AFF8C0057
FF2AFEECFF09FFF3
0009FF7A00300190
FE0200F6FFDB019D
FF9EFF7F0016FE3F
01D1FD2FFED50208
FEE0FFC8FD50FF8A
FF8DFF64FEBA002B
0143FF6000250090
0027FE6CFEE700FC
000CFFEEFF0C0004
0005FF5A006100E4
01BB00F7FFD900AD
FFDA01090044FEDF
003BFDD20051FDED
0008FEFCFF5C0099
00230188FFBB0040
FF4CFF25014E002C
FEA6FEEF0032FFBA
FE5FFE3CFDF20107
FF270130FF2000CB
00D8FF57FFBD0069
FC42FDA2FFA50101
01C9FF92010100D6
006401CCFEAEFE03
FDFAFC87FE27FF13
009DFF7DFF8F0031
0009025100690189
FFE0FF0900ECFFC2
0099FF2CFD50019B
FECAFFF000FF027D
FE9BFF63FF3BFF62
0161FF8EFFAA003A
FE97FF68FE6BFF85
0016FEF8000B01BC
FE43011B00450140
FFADFF9FFFF0FE3F
017AFC75FF1B01DF
FE94FF81FE00FF4A
FF89FEEFFEFA0025
00CDFFE300BE0150
FFF0FE05FECDFFE4
FFC00085FF050129
00B10001001500B2
01CC004AFFDEFFDD
FF83018A00A3FEB0
004BFDFA0099FDC5
0016FFC2FF52FFFA
FFCE014DFFF10072
FEB7FEDD0167FF32
FEBEFED000140002
FED8FD90FE2A00F9
FDEA019AFF3C0084
0124FF7F00540086
FC8FFD1AFF910121
01A0FF8A00C50124
0084022EFEBAFE4F
FDECFCB9FDD9FF72
00B40007FFB8FFA5
FFF10290005B0149
0001FFC200A60036
000BFF6DFDAE01A4
FF6CFFE700E7028C
FE0BFFA0FED3FF8C
012AFF73FFA40068
FEA9FF86FDC1FF30
0055FE64003E01B0
FE7100AE009F011A
FFBDFFB10005FE86
00E1FC59FFAE0148
FE41FF42FE81FF0A
FF6EFEE7FEF4006A
0029004D012100E9
00A4FE41FEC3FF78
FF8F008FFEE70209
014100C0FFA8009D
01BF00110031FFA7
FF2D01830129FEAB
FFFDFED600CCFDD9
0093FFE5FFA0FFAE
FF420161001B009B
FE29FEA401E4FEC1
FEE8FEECFFF5FFD9
FF3FFD8EFED200FC
FD6D0154FF510022
011EFF8700CC00C2
FD01FD4FFFE300BA
01B1FF4F00720134
00BA0294FEC4FE95
FDE3FD23FE10FF47
00B000FBFFB5FF52
FFB201C900350141
FFBE00870079005E
0010FFABFE1B0171
0014000400A00218
FDF5FFC2FEF8FFB7
0144FFCAFFA50074
FEAEFFA3FDD9FF38
0088FE71FFFD0189
FF4700BC010000BB
FFCE0024FFDEFEBA
00FAFC89FFCD0116
FDEEFF21FF2AFEDA
0027FEBBFEDE001D
FFD0007401B10139
0089FE01FF31FF6B
FF8200DAFEA50269
01210141FF40FFCB
014900290042FF98
FF5A018E0169FEA5
000CFF0E014EFDE2
0070005BFFBAFF6D
FF00013500390051
FE0FFE890188FE14
FF90FF0F000F0009
FF8FFD5CFF880136
FD0A018CFFC50017
0152FF9B013E015D
FDA2FD56FFEE00A8
016FFF67000200FF
007D029AFECFFEBF
FE95FD91FE6A0036
00D80145FFFDFEDD
FF4E01E0002B0113
FFDB00D5000D00BD
FFC80000FE8E01CE
00B00005000601B4
FD7CFFFAFEC6FFB6
00ECFF79FFD500B7
FEB2FFD3FDE4FEF3
00D0FE35006201A5
FFC9003401BE0092
FFC000150023FEF8
005DFCEC006B0039
FE99FE9DFF95FE3D
FFEDFEE0FF60005A
FF1500A102640144
008EFE41FF04FF13
FF8100CBFE42035B
01CB01EEFEE9FF8B
00FEFFB200BCFF5D
FF6E012801E4FE9A
002500080127FE35
00AB00AB001CFE9C
FE8F01ABFFC900B4
FDD9FE9101E9FD7D
FFA2FF7300440088
FFDBFD61FFF1015D
FD1A015C0003FFFE
017AFF8901F701D4
FDEBFD63003E0080
0130FF41FFEC00C5
00FD02CAFF5EFF43
FE50FDFBFE4A002D
009401BDFF87FE0E
FF3F00F300380105
FFD801D9FF7900BE
FFC900CEFED10104
0126FFD3FF79012A
FDB4003BFF090009
00BFFFFA00370078
FF21FF60FDD1FE99
00B3FE4100420188
007E005A01F000A9
000F0030008AFF41
0029FD3D007B0016
FF16FE93FFF3FE22
0056FF32FF730091
FF3800BA0317010F
00F2FE2DFF83FE3D
FFD00061FE1103C1
01B101AFFECDFEFD
0050000C01090003
FFBE00990220FEDE
0054006301BAFE7C
008F00930071FEA9
FE3B016DFFA200BB
FDB6FE7F01C4FD8A
FF93FFA5FFFE0060
FFBDFD29007B0173
FCCF014F003DFFEB
0109FF6B020101E2
FE4EFE22003E0058
00EEFFA0FF9E00A2
0137024AFF08FEE6
FF50FF19FEE2011D
004901B3FF3CFE43
FF2100DF003A0080
0021021AFF4F0114
000700DFFF4C011A
0121FFF8FF0F0092
FE15006AFF380085
0063002300AE0084
FF41FFE6FE23FEDC
010FFE7200940187
00FD00CF022D0078
001400140092FF00
FFF1FE150061FFCD
FF19FEEA0042FE19
FFCDFF580034006A
FEA400C0033C00EC
004EFE3AFFD2FDAE
FFCF009AFE0703CE
02010234FEC9FECD
0052004200E5008A
00450037022DFEF6
00A900CC00FEFEBB
0097010500B3FE65
FDF0019AFF870091
FDD5FEEB0185FDF7
FF47FFD900520038
0038FD3A00B10150
FD3F010C0051FFB2
00E0FF1B022F01EB
FE44FE9D00A7FFC1
0100FFA8FF96005A
0164026CFF59FF1B
FFC9FF4DFF2A0117
FFFD020FFF3DFE0F
FF25010B00EA004B
006901DAFE9F0172
FFCD012DFF9B007B
0139FFF4FF1B00A6
FE7100A1FF47004E
007C006800AE0057
FF46FF9EFDF6FEC5
00F4FE6C00A80150
019900D601D10013
0014001000AEFF19
001DFECA00180026
FF83FED8FFE9FE25
FFDEFF8800A400AA
FE91010B03C00063
0097FE81FFBFFDC6
000600A9FE4F03B2
01B4016EFEBBFE96
0004005D00B40087
0090FFD90264FF10
007000E30151FF29
005200A000A8FE24
FDE101CCFF5400D5
FE5EFF330154FE0F
FF10003F000C0081
002BFD2300B8013D
FD3F0090004EFFE8
0079FF5702230207
FEBBFEC700BD001E
00B10011FF850009
01D301B9FFA3FF09
0012FFFEFF8B013E
001E01FBFF1BFDBC
FF3A00B7014C0017
00800237FEB2015E
FFFB00F9FF9000C0
00E30033FEEC0078
FEB70094FF2400E5
0005005A00ED0050
FFA8FF75FE47FEE2
0145FEF900D7013D
01CE011801BDFFFE
000900460110FEC0
002FFFDEFF9E0051
FFE0FF69FFD6FE81
FFC6FFBF00CA00D1
FF0600FB03DB0039
0083FE8C002BFDD2
002B0055FE440310
01730103FE97FEC4
000E00C700A20154
00A7FF700272FF8B
00CD00E800D5FF7F
004900AC010EFED4
FDCD01AAFF960090
FED7FFE4011EFEA0
FF180056FFE00020
0019FD5B010A0112
FE21002A0042FFF0
001EFF1C022C01D9
FE95FF4D0114FFDB
008E009EFFA1FFD4
01FA0169FFD2FF38
00850086FFC70159
002901A3FED8FDEE
FF5400C101F5FF7E
008201C2FEC901D2
0021008FFFB5008A
00D8005FFF2F0054
000C009C002800FB
00080085018DFFD0
FFCBFFD1FEB8FF04
014EFF5E00CA0154
024401850111FFD0
FFFDFFC60104FE9B
FFED00C4FFA2002F
FFB7FF3CFF20FF01
FFB2FF9D014A00E6
FEE800FF03B8FF7F
00B4FF24FFCEFDD2
00680018FEE502B4
015F00E2FEEFFF3B
001300A1FFF40108
01B2FF8C02B5001C
00EB012F007AFFFD
008D00570115FEA7
FDCD022FFF970014
FF21006C0039FF6D
FEAF00C500000102
00B1FE11009C008C
FEA9FFB20014FF9A
FFC9FEFF01C10124
FF01FF760136FF46
00940135000AFF8E
029C00E70053FFB3
0094013100670102
001D015FFE4BFDCA
FF08009C02A2FEBA
008A01C0FE73020A
FFD600F8FF72FFED
003900D3FF1F00AE
0004006000940179
002300FE01AFFF6C
0030FFFAFF46FF2D
01A3FFE9006C0136
025601910049FFA1
FFBDFF720158FE98
002601CBFF2D002E
FFEEFFB0FF09FFDB
FF76000501570104
FEFE00EA035BFF85
00B6FF480036FD8F
006D000EFEF0024F
00C2005EFED6FF64
002D006500500161
022CFF8202BA0087
008F01370068009E
0011002100D6FF09
FE51026DFFAA0026
FFC000F8FFCD0021
FE6901520011013E
010BFEDA00D70052
FF0CFF79FFEF0035
FF15FF61018C00C4
FF29FFC30150FEC8
00CB014C0045FFE7
029CFFE40069FFDD
011001D4007F00EC
00150106FE02FDF7
FF0000A70313FEAB
005B014CFEA601D8
002E0059FF66FF8C
FFA100F2FEF90022
0110002300DF01D3
FF6900DA022CFF61
004EFFFEFFC0FF18
01E0009500750100
02A60172FFEFFF37
FF93FF020166FE8E
002102CBFF270080
FFF6005CFE5F0043
FF5A007B018C00BF
FF87007402D7FF71
005FFF5F005DFD8C
0096FFEAFF330172
0050001BFECEFFB9
003E006F00340224
0302FFB402CD00D5
00A00158FF9A0173
FFA4FF9B00CAFF6C
FE800259FFE20030
005401D3FF510165
FE0C0178FFD90194
0154FF8E0060FFC2
FFA1FEEFFFD500B0
FE70FF52014D0036
FF38FFB60127FE38
00B6020000F9FFEA
02BEFF14010C0034
00E8020F00910083
FF870033FE09FE50
FF0B00A60346FE51
004C00DCFE9A01DE
00520042FF6DFF2B
FF1600FAFF3F0019
0166FFBE01140256
FF430137024DFFA1
0055FFBAFFF5FF79
01F1012C006000F9
02690135FF18FF63
FF4FFE780192FE59
005F033FFF6D0056
003B00BBFE24007D
FF7D014901D6005B
FF95FFE7022AFF0A
004BFFDC00E0FE05
0094FFB6FF7200C8
FFF1FFEBFEF4FFF0
00450069007E0257
036DFFC402DC015F
00870149FEEB015E
FF4BFEFB0074FFB3
FEBB0279FFF30041
013A01FCFED80246
FDAD01FD000901A4
01670081005FFF8E
0045FEB6FFBE0164
FDAFFEE4007FFFC2
FF3EFFC00179FE05
00C301B401240066
0271FEA60123FFE5
00E50227007A002E
FF55002BFDE7FE7A
FEEA00BF0348FE0C
002D00ACFEE10166
00900005FF15FEFB
FEF10117FF68FFD2
01EDFF3F0137025D
FF7200BD020BFF62
00A0FFB6004CFFC4
01B70165008D0119
01CD010FFE74FF9D
FF3CFE4B01C5FE65
01230359FF5B00BC
00A600F0FDCA0104
FF4A01AB01A80018
005FFF7E0128FEBF
007C001100F8FEE2
012CFF76FF35FFFF
FF81FEEDFF5E0005
00A100640095028E
03170020029F01BA
003C00C3FE8E0111
FEEAFE660028009F
FF32024CFFF0001B
01920213FEB002F9
FD95016400030168
012E00EE0040FF8A
00C9FE5DFF3B01D1
FDB5FF350050FF7E
FE69FFF90156FE73
013301FD016D00D0
0228FE450145FF8D
00D101DF001EFFDA
FF38FFC6FDD4FEC4
FED1002A02CBFE61
00ABFFE2FF8F00E6
00B7FF6FFEFDFED7
FEE1010FFFA1FF7E
0232FE470124024F
FF8200C0020BFF39
0073FFAF00510001
018A01B200C0011C
014F00B5FDBDFFA1
FF0BFDA70190FEAF
01150326FF9600F8
00DB0119FD080156
FF3901FD00F50040
010EFEF500AAFEB9
005D00BA00C3FF19
0159FF5DFEEFFF07
FEE1FE73FF6A00B4
007E005A00B30266
02B00082025B01E0
FFEB0022FE28009D
FF0DFDD3FFEE0120
FF6D01C7FFF9FFFE
01A60227FEC00366
FE340128002701A2
00D900E4FFBFFFA6
0153FE8EFEEB022E
FD53FF2FFFA5FF2F
FDF1000700DCFEAE
01750248017700F9
01E7FE3D014BFF50
00EF018FFFE9FFA4
FF63FF5DFDD6FF44
FEE50015022EFE36
0071FFA3FF7C00BE
00EEFF61FEA8FEE1
FEA400F60011FFA6
0206FE5E00F60239
FFE300880128FF2D
0065FF820084005E
017B01C90103011E
00B20070FD9FFFEB
FF05FE1900F6FEA4
01BF0263FFB50193
00990145FCAE01BF
FF12023F0041FFEB
00E0FEF4FFF2FEDB
0011009400CAFFFA
010DFF79FEF8FE65
FEC5FE8DFFC50116
011E00D8008D01E3
0254015201A701AC
0006FFE1FE69004E
FEA5FD85FF5E01A2
FFFA01BAFFF1FFF8
01E10208FE9803BA
FE2E00E0003C01F4
00DF00D7FF4EFF9A
013CFE67FE75023D
FDE9FFCFFF71FF34
FD42001100ECFF0D
01E0020701520131
015EFEA30170FF0A
00470054FF98FF30
FF71FF59FDD6FF23
FF0A004C01A8FEB0
0064FF32FFF10045
00F5FF2DFE24FF13
FE5100A7008A0077
01D0FE6D01400210
FFFA001400E5FEF6
007DFF77009C004D
014201A500B10167
0091FFEBFDA10067
FF1FFE1800DAFEB6
022F0168FF5B018D
009D0172FCA901A8
FF3002550059FFBE
0190FEE6FF82FEBC
006200D500710066
013FFF17FEE3FE64
FEADFE5C005A0183
011C00A6008B0198
01C301BE011401CE
FFC2FFD1FE280003
FEEBFD61FF2901D4
001A01FBFFA2003E
01AD01C4FF4403C4
FE6F008FFFE801A6
003E00C7FE71FFAA
0147FE78FDFF01D9
FE14FFF2FF84FEF0
FCA700580135FF3D
0240022C01340156
00CFFEDC0175FEB9
FFE9FFE2FF64FF09
FF8AFEF0FDB3FF14
FF14008D00F6FED4
0029FEA20042FFDC
0187FEFAFDF7FF9F
FE3C009400D400B7
0176FE36013C018A
0026FFC3001DFEC2
0018FFAA003A0099
0122016100F20145
FFDCFFC4FD9B0070
FF0EFE2F0061FEC3
02180107FF2F0248
00C7011AFC8D015E
FF3A019B001FFFA4
0203FF86FF04FF01
004600D400050098
0127FF2EFE93FE17
FEA8FE5B0091014C
019300E800800115
016D01D600FF017C
FFC7FECBFE9AFF83
FEECFD71FF0401C9
008401FCFFA50017
014A0191FF6B034E
FEB80050001B0197
FFED00A7FE180004
0147FEB4FDE901A8
FE55FFFAFF76FF09
FC27FF7500EC0017
02D9022800E40173
00AFFF3A0130FE78
FFA4FF04FF32FF04
FFECFEE5FE2FFF3E
FF3301670093FF46
0059FEC20064FF91
0141FF52FDDDFFB8
FE510065012900E4
0141FE78010C018D
FFF8FF34FFDEFEAC
FFFEFF91FFD800A9
00B8010300D801A6
FFCEFF68FD9A00CF
FF47FE8CFFD8FE84
02310032FF5501F7
005C012BFCAD0107
FF2B0162FFF8FF9A
01E6FF64FF57FF31
FFED00D7FFC90086
00C8FF28FE70FE1A
FE9BFEAE0110016B
01F300AD001600B0
00E2020C00E70186
FFC1FEB2FE8BFEE9
FED5FDC6FEF80161
005F01FDFF7E000D
00E10156FF7A02C3
FEDD0000FFFC016C
FF6F002EFDF00011
0080FF4BFE000158
FE8F0033FF91FF11
FBEDFF9E00F2FFD3
02E301B4009F017B
001EFFAB00CCFE29
FF64FEB8FEA2FEB1
FFDDFF0AFE6FFF2F
FF65019C003BFF7E
0036FEFF00A9FF6E
0161FFABFD970076
FE4E0061017C016A
00C2FEB100D10100
002FFF28FF4DFE98
FFBBFF9AFFA600C6
00C5008A00A901C3
FF9BFFC4FDFE00EC
FF39FEB3FFC4FE66
023DFF84FF8201F5
0049012AFCD9011D
FEB500EA000BFFB0
01ABFFD5FF2AFF9F
00410081FFB6006D
00CEFF95FED4FE85
FF13FEBB00FC0178
01CC00D6FFFD005B
006301F100C40148
000EFE50FF09FEB4
FF34FE1EFECB0117
00A701F6FF37003A
004000D8FFBE0277
FEE1FFD200550133
FEFCFFC9FDBB0041
00A9FFDEFE680122
FF33FFDBFF9BFF4D
FB6CFF8500650012
02C201B70067019F
FFCF0015009DFE0D
FF2AFDDCFE77FEBA
FFF3FEEFFEC7FF34
FF3701B700010008
0075FE9000BCFF3E
0197FFEEFDB000BD
FE41FFE901AF0197
