FF5BFFD0FF31003B
003CFFE5008BFFC8
009F017600D0FEDA
017FFFF2FF620005
FFEEFFA4013B000A
00CBFEA3FF040101
FEC6002CFF81FFA0
FFBBFFEA00C0FF84
013B0241FE840103
0214008B008E00B5
00370147FFE800FC
FF5CFFB5FE18FEF6
00BEFF43FF3E005D
0044FF8DFF690021
002FFFEAFF4A006E
0058FFCAFEBF007B
FDDD009A00200091
FFDFFFF0FF3F0086
FED100BFFFDBFF22
FFA600A7019EFFA4
FF8FFF52FED400B5
FEEC0045FFBE00C9
008EFF7500400082
FFE0FE7900F1FFB8
0038FE6FFF75FF8E
001300490086FFEA
FFFCFF720043016A
FF1D0131FF87FF68
FEBB00FBFF5D0015
FF5900ACFFE6FEFD
004FFF4600FC00E7
FEF00088FE50008B
0092003800A10102
009CFFBD00DB006A
FF7DFEE2FF40FEA8
FFF20118FF81003B
0012FFDEFF560081
FF0FFFB9FF3400A0
FE0CFFA0FDE8000F
FEB9FE6200C90054
00A900D3FF4F00A6
0095FE4D00760076
FF9201280081FF8B
0075FF0D01190181
00DBFFE2002600AF
FF1000CD0076FF0B
001CFE7000A4000E
00BEFFE8FFC2012B
FF72002EFED9FFE7
010C010000E0007F
0006FF34FF6FFF2E
FF3600D4FF2BFF15
01CB0116FF1DFF46
FE16FF62FFB6FFBB
0082FF8200AF00FE
013601F500A7FFC3
FEABFFB6FF02FFB2
0021000000CCFFC4
FF6F013AFFFFFE4E
017E009A001FFF01
001FFF9CFF6BFFA5
009A00B8FEFB0016
00DF0085FF2EFF2E
FEB1006D004F00A9
FF51FFCBFF050025
0042000F007EFFD6
009C017200EFFEFC
0176000EFF5B002A
FFF4FF5C013EFFD4
00CEFEA1FF2500FB
FEC5004CFF8EFFAF
FFA4FFBD00CDFFA5
012101EBFE950126
023E007C00560092
001D014AFFC00129
FF66FFCFFE1BFF16
00B7FF3EFF2A006D
0039FF6BFF9E003A
0043001AFF110095
0050FFD5FED00077
FDEB00A100290099
FFB1FFD2FF5C008F
FEB6008EFFE5FF18
FF78009701ADFFDB
FF85FF4CFEE300BE
FF020026FFDB00C2
0074FF5F00200085
0006FE8700EBFF5A
003BFE93FF49FF99
001600440070FFF0
0003FF5D00580187
FF150111FF67FF75
FEAD0129FF610008
FF81008AFFFFFF14
005AFF3D012400C3
FEE20081FE970064
00A70070009A0104
00B2FFCA00D90053
FF88FEE9FF2CFEC2
FFF40117FF9C0017
0012FFAAFF33008F
FEE6FFE9FF5A004E
FDE4FF93FDD30026
FED2FE1E00CB0089
00C900DAFF0000B7
0078FE4F00860078
FF8A012500A6FFC7
0091FF3201460193
00EDFFE3FFF400A9
FEED0097007BFEFD
0019FE5C008AFFFB
00BB000FFF900112
FF810042FEE0FFFE
0107011100B3009E
FFEDFF2DFF61FF16
FF6000B2FF17FF14
01B8010CFF25FF48
FE11FF89FFE4FF7C
0066FFAE00C20102
010A02150094FFC8
FEABFFD1FF10FF76
0033FFF700D2FFCC
FF490109001AFE51
019300A90016FF00
FFFBFFAEFF5DFF89
006300D7FEF80024
00C6007EFF11FF16
FEBD008E006400CB
FF62FFC0FEEC001D
0050FFFB0080FFBB
007D018800E3FEF9
01630017FF9C001E
0002FF86012C0008
00DCFEE8FF2300DF
FEC30028FFB1FFCC
FFE3FFAF00DBFF7D
01320220FE81012B
023400C9008C00AC
FFFC013CFFB500FC
FF2AFFCDFE00FF4E
00BDFF50FF57003E
0061FF6FFF950016
001F0023FF0B0099
005DFFFCFE960061
FDF6009E004B007E
FFC9FFBEFF640048
FEB600D5FFD1FEFC
FF7200A50195FFB2
FF9BFF54FEAF0105
FF480046FFDE0089
00C4FF1A00210092
0004FE8600E6FF89
006DFE6FFF65FF8A
001C00560071000E
FFDEFF90006D016A
FF39012DFF65FF82
FEDA011AFF5C0007
FF9B00C7FFEDFF2E
003EFF41010000C9
FEC50095FEE60095
0091007200A6013B
00B3000400B60071
FF8BFF10FF19FED4
FFC70125FFAC003E
0032FFC3FF080071
FF02FFD5FF70002A
FE03FFC1FDCF000E
FEDCFE3700C2007A
00C100C6FEED007F
00BDFE12004C0045
FFD601500091FFBF
008CFF250137015C
00C6FFF400270098
FF4700E5007CFF34
FFF8FE720060FFE9
00A3FFB5FFE600E1
FFA0003DFEB9FFEB
00E500FA007D00BC
0002FEF8FF48FF07
FF1400EEFF22FF2A
01A6015CFEFCFFAD
FE3FFF8CFFA3FF8A
005FFFC500B800E1
013D01BE0055FF99
FED2FFBCFF01FFA7
0004001B00E3FFDF
FF6200F90044FDF9
01DD00AE0019FF2A
0002FF8BFF40FF8C
006600CBFF020038
00DD007CFF28FF63
FEEA005B007A009F
FF61FFB2FF040039
004AFFED009AFFC0
0097018A00DCFEF4
017B000EFF4B004E
FFEDFF6A0136FFD7
00DAFEA7FF2500D8
FEBD004EFF9CFF92
FFD4FF9100C8FF93
014C0200FEB40136
0226008C006C0077
FFF3013EFFCB0101
FF58FFE7FE18FF24
00CFFF47FF19003F
0069FF96FF78004A
0057001FFF1E006B
0054FFE5FEB50056
FDF20081002D0098
FFA9FFD8FF7A0066
FEB200AEFFD2FF00
FF8F00A101B1FFBF
FF7BFF59FED700C5
FF3C002EFFD10095
00A5FF39002B005A
FFFEFE9B00F6FF93
002BFE6DFF58FF6C
0009005000630008
FFFCFF79004E0169
FF2D0122FF65FF8B
FEB50101FF51001C
FF6500D20027FF1E
003FFF3B011900CB
FEE90069FE71006F
00AF005600E90132
00CFFFE400D60089
FF86FEE4FF11FEDC
FFEB012DFF6E004C
FFFAFFDDFF1F0091
FEEA0012FF570037
FDDEFFB0FDF40037
FEF5FE2600CF0098
00B200E5FEF500A5
00BAFDF900860091
FFB800F200B8FFCD
0095FF38011D01AA
00E2FFE9002C009C
FF0500CC0082FEFD
0003FE6E0072000D
00D5FFF1FFD100F0
FFA0004BFF05FFE8
011100F7009A008A
FFE7FF21FF55FEFF
FF4000B4FF05FF0A
01EE0138FF41FF77
FE10FF80FFE5FF62
006CFFAE00CE00E7
012C02300082FFD8
FEB7FFD5FEF6FFB9
0008FFEC00D4FFAA
FF4F01130008FE23
01A500A20049FF06
FFF7FF95FF4CFFA5
007500CEFF1D0030
00F1008DFF12FF46
FEC0007900570095
FF80FFBAFF0F0058
004B000400ACFFC2
00AB015200FEFEFF
0190003DFF82001F
FFD5FF840130FFF9
00BEFEAEFF2A00F4
FEB00058FFA1FFA6
FFD8FFB300EAFF7A
014101FAFE960152
023300A900770074
FFD2013AFFB300F7
FF45FFA5FE05FF23
00D3FF5EFF480057
0065FF90FF790057
006E0036FF2C006D
005CFFE3FEC70080
FDEF006F003700AB
FFE4FFDCFF76006A
FE8C009DFFD4FF03
FF7700B301ACFF9D
FF6AFF68FEDC00E7
FF23003FFFE700AF
009BFF3B003300A2
FFFEFE950104FF8E
004DFE77FF54FF69
FFEE00520068FFDE
FFF4FF6E005C018E
FF130112FF74FF59
FEDE0102FF4C0014
FF5D00B8FFEDFF1B
0041FF31010400C3
FED4005CFE840076
00D0007600B50137
00A2000B00C10063
FFA4FF11FF2FFEA4
FFC60142FF89004E
FFEFFFC5FF4300A9
FEE3FFFFFF590044
FDD5FFBEFDD00058
FEE6FE0D00F00091
010700C1FF2B0090
007DFE2F006D0048
FFED013A00BAFFD4
0090FF220137016B
00C6FFDC001D00CF
FEF200A10088FEF9
0009FE730083FFFD
00DA000FFFCB0101
FF750053FEC6FFF5
0123012C0092009E
FFE5FF06FFA1FF16
FF4E00D2FF06FEE4
01DC0118FF12FF85
FE08FFBEFFD0FF51
0053FFD000D500FC
012101F7007DFFFD
FEF1FFD0FF0CFFCF
001FFFC700ACFFD3
FF5B0103000DFE0D
01C900C30017FF04
FFEAFF8CFF01FF93
009300AAFF07004B
00CD006BFF08FF35
FEAA007E006D00DA
FF8AFFFAFF170032
0031FFF300A6FFDB
00B101BA00E0FED5
01400027FF5E0034
FFD6FF620145FFE5
00E2FE96FF1000D1
FEDC0061FFA2FF84
FFA9FF8F00EDFFB1
013701FDFEAE013F
022800A4004F00B2
001D0147FF910111
FF55000EFE17FF45
00AEFF37FF6B006F
0077FF83FFA20044
002A003BFF380086
0069FFF1FE77008A
FDAB0077FFFF004E
FFC5FFFEFF7A0044
FF0100AFFFF7FF1C
FF8E0082017CFFA2
FFB9FF2FFEC9008E
FF45002AFFEE009A
00B5FF3A00360086
FFE1FEC60100FF58
004BFEADFF53FF82
00270061009D0010
FFE5FF8600390162
FF2200E4FF36FF41
FEB70138FF4BFFE8
FF9400A80002FEF0
0043FF52013C0104
FF0D0071FE8F006A
00B200340098012D
00B6FFEB00E800A3
FFAFFED5FF33FE97
00070125FF8AFFFD
FFFEFFE9FF03007B
FEFC0002FF200051
FDB0FFA3FDAB0050
FF16FE4000F90086
007C00B9FED200B6
00B6FE3B007A004A
FFD400C100A8FFB9
0097FF350130019A
00F1FFD70068007B
FF2100C0008DFEFA
0016FE6C009C0018
00DF000BFFA300F5
FF95007FFEC80000
00F400DF006E008C
001DFF0AFF38FF1A
FF6A00F6FED3FF1A
01C80124FF26FFB2
FE18FF6BFFF2FFAE
009AFFB600DA00F2
00E101FA007EFFF6
FEB1FFA6FEE2FF88
000AFFF500C2FFBE
FF4200E10047FE79
01A9006E0034FF34
001FFF98FF71FFB1
009900FFFF21FFF6
00DF0072FF04FF3F
FEA90080007400AC
FF3FFFE6FEF6001E
004B00120055FFA4
00C1017900CEFEDF
0177001AFF6B000B
FFFFFF680112FFC5
00DEFEADFF2E00DD
FEBA006BFFAAFF9B
FFB3FFB500E4FF9B
01300206FEA10134
02160089007F0096
000F013CFFBC00F4
FF35FFFEFDBDFF08
00EEFF45FF420032
003DFFA7FF97003D
005C0017FF4B0083
0062FFEDFEB0007A
FDEB00A000160054
FF9FFFDDFF680072
FEC40085FFA2FEE6
FF8C007F01A7FFD3
FF79FF20FE8600BA
FEEF0036000600B0
00A2FF0600290053
FFDDFE7F00E2FFB4
005AFE74FF2CFF82
002C0067004DFFF2
0003FF7D00640154
FF310117FF89FF53
FED200F3FF6A0041
FF9A00A6FFFBFF37
0058FF3A011800B8
FF2D005FFEBE0099
0080007200D00117
00A7FFC900C60080
FF74FF20FF2AFEEC
FFF40120FF760021
0013FF77FF3400AB
FF220000FF710026
FDCDFF8DFDEF0009
FEF3FE1F00C40056
00C500C8FEEE00B4
00B7FE38008B0063
FFA700FE00B1FFC3
00B7FF4D013C01A9
0132FFD900270089
FF4300A1007AFEE8
FFFBFE630078FFEF
00BBFFE4FFD70117
FF790078FEDCFFC8
010700C500B50093
FFDFFF2DFF0BFF10
FF3400C6FEE7FF02
0197012DFF19FF64
FE4AFF7DFFEEFFCC
0084FF9600D5011B
013F01FB0062FFC3
FEBEFF85FEFAFF8F
0002FFF00108FF9B
FF2301160028FE2C
018400560036FF11
0013FF9EFF86FF7E
008F00A9FF04003F
00EF00BDFF2FFEF6
FEDC008A009B00A8
FF7DFFCDFF170053
0047FFFE0042FFB7
009201A600BBFF15
0179002CFF42003E
FFE7FF800131FFC7
00D8FE8FFF3700CA
FEAB003CFFB3FF71
FF96FFBB00CBFF8F
0121020AFEA1014C
02250099009E008A
000F0152FFCC010E
FF40FFB8FE0AFF39
00DBFF4BFF5F0049
0068FF7AFF5A004E
003DFFFEFF2A008A
006FFFE8FEC60076
FDD2006E000A0055
FF9EFFD8FF5B006A
FEC700AAFFAFFF3C
FF8400A6017DFFBE
FF97FF4BFEBA007F
FF21003FFFFE00C9
009FFF0B005D005B
FFF0FEA800ECFF94
005FFE95FF54FF6A
0020005D0073FFFA
FFE9FF85003A017E
FF4F0132FF4CFF43
FEBB0122FF890018
FF9D00C8FFEFFF1B
0044FF33012800F5
FEEB007EFEB00040
00A1004C00C50109
00C7FFCD00DF006F
FF7FFEDFFF0CFEF3
FFFF0143FF97000E
0016FFA4FF380089
FF27FFE4FF6C0051
FE01FFD8FDE0000F
FED0FE3200BD006C
009F00EEFF0A00AE
00AEFE1F00720083
FFBD011200CEFF9F
0073FF35017001BF
00FBFFF4002B0097
FF1000930092FEEC
FFFBFE66007CFFF7
00B50014FFAC0101
FF890057FEE8001F
01100102008C0090
0003FF23FF39FF12
FF5400B7FF02FEF1
01C30121FF3FFF7B
FE4AFF85FFE1FF7D
007DFFAF00AD0106
01100217006EFFF3
FE8FFF9CFF14FFB4
0015FFEA00E1FFBF
FF2200EE001BFE3F
018F00930037FF09
0023FFA1FF43FF98
007900DDFF130023
00DF006EFF2FFF1C
FE850095009600C0
FF4CFFFFFF11005B
003EFFE60085FFF8
0050018D00FCFEDC
014EFFF8FF5C0024
0002FF90011AFFD7
00F3FEA2FEDA00E4
FEA10020FF9EFF94
FFC0FFCD00E4FF84
0141020AFE940100
02320065006A0098
00360143FFA800B3
FF5FFFCCFE00FF02
00BEFF10FF6D0029
007BFFB6FF6F0028
0008001EFF000069
006BFFDCFE9B0065
FE10008E001E0064
FF9FFFE0FF6A005D
FED2009AFFABFF21
FF7A007D0171FFBF
FF89FF2DFEC100A1
FF32FFFDFFDC00A0
00DBFF60004D0064
FFF8FE9A00FEFF96
0043FE47FF70FF94
0019006A009F0015
0013FF7E00310152
FF2F0115FF5AFF61
FEAD00E9FF63001B
FF6200CE004BFEF9
0024FF1700F100E4
FF08008DFE94008F
00740041009B00D7
00C4FFF800F6005E
FF81FEC4FF32FEF8
FFE3012CFF8B0038
002B000EFF5D00A6
FF06FFE0FF1D00B4
FDE4FFF8FDF20010
FEEAFE4400E1009A
007A00B8FF14008B
00AEFE210090007A
FFD501250088FFA1
009AFF33012701C4
00EEFFFF00470085
FF3900AE0097FF18
0018FE7400A9FFFF
00B2FFC0FFB800FD
FF9F003AFEF7FFD6
0109011B00BC0092
FFE5FF26FF5AFEFB
FF1C00F7FF0EFF17
01E20138FF18FF66
FE23FF57FFA6FFA0
005BFF8D00C300FE
013001FA008CFFCC
FEB6FFA0FF04FFB3
003A001500D7FFB1
FF930120FFEAFE4F
01920088003BFEDE
0023FF95FF57FFA5
007A00B2FF3E003F
00F00083FF23FF47
FEAC008C007E00A1
FF5EFFC0FF0A0037
004F000A00B9FFE0
009301AD00F2FEB5
016B001AFF90FFF4
FFD4FFAC0135000A
00E7FEA7FF0D00BF
FEAB0049FFA2FFAC
FF9EFFCC00A8FF7F
01480207FE840156
02340086008B0084
FFF6014DFFA00106
FF76FFCDFE25FF05
00C1FF52FF5F0059
004DFF6BFF6A003F
004C0028FF33008F
004EFFA4FEB90067
FDD6008D0048007E
FFCCFFDBFF6B004C
FEAF008BFFF6FF1A
FF8D00A4019AFFD7
FF8FFF66FED100C8
FF1F004EFFCD00A0
007DFF2B0054009F
FFEDFE8800E2FF89
002CFE92FF7EFF82
00280072009AFFFF
FFFCFF7800590164
FF1000F4FF82FF36
FED40125FF890013
FF6A00C0FFF9FF1A
004CFF2F010300F5
FED1006EFE80004F
008B004500B50121
00D6001000EC0097
FF7EFEE5FF40FEE3
FFD80140FF800026
FFF5FFFDFF3A008E
FEED0007FF46005C
FDF4FFE8FD8E0036
FEC7FE3400FD00DE
00B100B5FF2E00AE
00A8FE5900720073
FFCD013100A6FFC6
0067FF30012C0176
00C0FFE7002900A2
FEDC00C1007FFF13
0017FE6B008CFFD1
00C5FFFFFFBB00EC
FF6D005DFEDF0002
00EA0122009A009C
FFF8FF38FFA4FF02
FF3200D7FF20FF10
01DF013BFEFCFF91
FE25FF90FFABFF72
006AFFBC00D20109
00F5020600D6FFD0
FE80FFE4FF03FF7B
000EFFE300A70014
FF660121FFECFE28
01B100A6003DFF22
0016FF7AFF67FF84
00B000C2FF430037
00B9004DFF30FF54
FEC20077004D00D1
FF52FFCBFF020039
005C0003008EFFBC
008F018500DBFEEB
019CFFFCFF5A0015
0004FF7501310002
00B4FE99FF1D00E9
FECC006EFF7BFFB1
FFA5FFD00110FFC4
011C0216FEB0013C
01F0008B008300A0
0035013BFFCB00F5
FF37FFBFFE02FF04
00E1FF3AFF4C003E
002CFF72FF9C002E
004B0012FF5E0096
0055FFCCFE9A007E
FDEF009A000E009B
FFA6FFBEFF49007E
FE7E0085FFEDFF33
FF9F00A201A8FFDB
FF7FFF46FEA900A2
FEF3003EFFE500B8
0089FF3900150088
FFD4FEA500FDFF88
004EFE84FF59FF77
001E005A004F0004
0012FF6E00610148
FF2A012AFF95FF7E
FEE300FDFF53001D
FF82009FFFF4FF11
005EFF2F012300E9
FF06006DFE980096
00AA006400BC0113
00AEFFE600DE0077
FFA4FEEDFF25FEB3
FFFF010BFF6E003D
FFFDFFB6FF59008F
FF05FFE8FF67005C
FDCFFF92FDD0003C
FED2FE5E00F40042
00BF00DAFF0C00AE
0084FE1C005A005A
FFB0011A009AFFB5
0097FEFD015B0193
011BFFCA003300B1
FF110092008DFEF5
0006FE5800AD0030
00ADFFEEFFA500ED
FFA40069FECCFFDF
011000F000B90091
FFE4FF30FF52FEFD
FF4800C2FF0AFF26
01B20108FF34FF82
FE1DFF80FFDFFF96
0085FFAC00B80100
012002120099FFE0
FECFFF86FEF0FF73
000DFFF600E5FFA8
FF2D01130000FE3E
0193008F0057FF1E
0009FFA7FF2CFF7D
00A80094FF020028
00B100A0FF2EFF14
FEBA0085005900B2
FF92FFBDFF2E003D
004E0017007EFFA2
00B601B700BEFEF6
0172000CFF90003F
FFF3FF6B0147FFFA
00CDFE9EFF2900A5
FEAF004DFFB0FFAD
FF87FFBE00CBFF59
0133021AFEB60120
023600C7003E009D
0027016DFF9700E7
FF4B0001FE19FF13
00B9FF5CFF5B0069
0052FF84FF7C002A
0041002AFF3B0075
0075FFB9FEDA00B5
FDE5009D00590088
FFECFFE4FF6C0033
FEAC00A5FFC9FF38
FF7B007F017DFFA8
FF9DFF51FEF700EB
FF1D002EFFFA00AA
00B1FF120055008E
FFC2FE6700E1FF8C
0058FEB5FF4CFF7B
001900910091FFEB
FFE2FF70006F014B
FF1100F9FF57FF67
FECA0137FF760026
FFB400C2FFF5FEF6
0040FF10013A00F0
FEE70082FE72004E
0060005D0099012B
00D1000F00DA008F
FF93FEE5FF0FFEE4
FFE50141FFBB0027
002EFFCAFF410097
FF27FFF1FF57006C
FDFCFFD6FDD3001B
FEC8FE3C00EE0062
009900C7FF3A008F
0096FE2A007C0042
FFCE011D0083FF91
0087FF34012E0168
00F1FFF2004A00C3
FF1200A3009BFF2E
FFC7FE5C00CBFFE4
00A90010FFC40102
FF97005CFEBEFFEB
00EF010400B700A7
FFF4FF21FF35FF26
FF3700ECFF25FF2D
01B60133FF03FF8B
FE58FF67FFBFFF6F
0046FFB400F30101
012C01DC008DFFB8
FECCFF96FEF3FFA2
0012FFDF00A0FFD7
FF72011F0010FE2E
01C70098004CFF1F
0009FF9AFF34FF97
008F00C8FF220017
00D00072FF19FF23
FEBD00A200650091
FF76FFF2FF21004A
00C8FFFA0079FFC0
00F501EF00E2FF22
013C000BFF74004B
0010FFB40172FFC9
00E8FEB0FF400093
FE850040FFB2FFF0
FF90FFAA0108FF26
0162023AFEA40178
020F00AF00630086
FFF50128FF870092
FF49FFC3FE22FF4C
00D9FF70FF550029
0048FF82FF71FFD5
00460069FF71007A
0053FFFBFE93005B
FDD5006F0055005D
FFCBFFA5FF7C0022
FEC10074FFA1FF3A
FF9300D9015FFFD9
FF8CFF49FEAF00D2
FF33004D001B00A8
00A0FF1E003200C5
FFFAFEAF00CFFF9D
0063FE88FF68FFC6
FFF9009700980025
0000FF7E0044016A
FF7500F7FF0CFF85
FEE700DFFFC3FFDE
FF9100990015FEF1
008AFF2E010700D2
FEA600C0FEC6003C
00D3008A009F013E
0093FFD8010200A8
FF73FEF7FEE2FF00
0017012EFF7D0054
FFFDFFCDFF2B0093
FF12FFFEFF97003A
FDFEFFE3FDCD0026
FEF7FE6700BA0085
008F00C3FF0200BC
0091FE4C004F0048
FFE50118005AFF57
008EFF52013D0177
00EBFFED0049008E
FF4800630094FF70
FFB9FE64007D0008
00A4FFC6FFAB00B1
FFA50052FEB60022
00F30107007E0096
0013FECDFF40FF05
FF3700D6FF0DFF1C
01C4012FFF0AFF5F
FE59FF8BFFBBFFCF
0056FFD000B10113
010901C40056FFDB
FE6FFF94FF36FFB5
FFEEFFC2009EFF8E
FF5100F60017FDF4
01C1006E0037FF0C
002DFF99FF39FF8C
007300B8FF7B0024
00A70090FF0FFF3D
FEEA00BD0032009E
FF6DFF9EFF3D0042
00A7002A006EFFDE
00A401D100F7FF19
019EFFF5FF7A006E
0057FF6E0167FFD1
00D5FEEEFF5E00BD
FE9D005EFFA0FFE6
FF71FFE3011EFFAB
01380256FEAB0151
01DE00A000750066
FFFF00DDFFA00063
FF82001CFDEFFF13
0143FF68FF490029
008CFFA6FF82002F
006C0074FF900070
002DFFE7FEE50090
FDDB007400730079
FFBEFFF3FFC3007F
FE6E0060FFCFFF65
FF48008E01CFFFD2
FF56FF6DFE9E00E6
FF25004EFFF600D1
00A2FEFF003A008F
FFD9FE8A00D4FF81
0036FE4AFF13FF94
002F0058FFE3000E
0045FFA600520158
FF4B0117FF6FFFBB
FE7B0076FED80057
FF9C00690078FF1F
006BFEF3013D009F
FF3E0087FE8B0092
008900A7010C0108
00F4FF9E00EE005B
FF8CFEFBFEDCFEEF
FFFF0146FF7500C4
001EFFE5FF5700E1
FEDB0049FFBBFFDB
FDF7FFC2FDD1001C
FEDFFE3800D7002B
00C700F3FEED009C
007CFDEB00940025
FFD500FE009FFFA5
0114FF41015701E7
0153FFB5008E0064
FF1E00730090FEDC
FFEEFE3900CBFFFC
00B7FFE0FFE300DE
FFCB00ABFEC4FFB4
00D1014400A000A8
FFB0FF14FF33FF16
FF8700E8FF18FF47
0185011BFF2BFF53
FE3FFFB10024FFB1
0038FFC6010200F7
017F01F10073FFE8
FEDEFFC1FF11FFDD
0019FFD200BDFF7E
FF0A0121FFD1FDF2
019D0060009DFF02
002AFFB4FF48FFDF
007C00A1FF06004F
00D00076FF1CFF07
FEF50051006700C4
FF46FF8CFF340040
0111003E0045FFB0
009B01D800B9FF3B
01EFFFDFFF4900B5
008BFF67019FFFE7
00ABFF09FF7700CA
FE8E0005FF8F000C
FF4CFFBD00DAFFC0
01350243FED4015C
019D00D4004D006E
FFF300B0FFAC0031
FF910049FE0AFEDD
012BFFD1FF17002C
0084FFC9FFC0006A
0080009FFFC30056
FFE0FFFDFF47009A
FE03009700BB00D9
00100000FFE6008F
FE79004FFFF9FFA5
FF9D009C01EAFFB2
FF1BFF65FEE00107
FF16005FFF8F00D9
0077FF2D0042009B
FFEEFE710092FF98
0044FE61FEFBFF7E
00300029FFE0FFF5
0095FFB200860128
FF900135FFAEFFD8
FE5B003FFEBC0074
FF73005F00A2FF29
0077FF01014C00A7
FFA30084FE32009C
009E008501500105
00E3FF6E00CD0053
FF92FF06FE90FF3E
FFE2015BFF5D00E8
FFFA000BFF4700D9
FED10098FFB3FF88
FE28FF9FFDE7001E
FEE9FE1F00E0FFCE
00C700E3FF4E0088
005FFDF20081000D
FFC700E800B2FF76
0169FF4201700209
0136FFBE00D30069
FF05005B0091FEBE
FFC4FE2E00EC002C
00BDFFF7001D00C4
0005009FFEDEFF8F
0097011500A700A8
FFF1FF38FF45FF29
FFB100C4FF4FFF3C
019D00D5FF62FF4C
FE74FF750052FFA9
000AFFE0011B00ED
019701FE003CFFEC
FEE0FF87FF3FFFEB
0000FFAE00D3FF73
FF05012CFF67FE2A
01A1003B00C9FEA5
0058FFD1FF5DFFFA
005C008CFEEE0078
00EE007FFF1CFF0E
FF22002B004B00A5
FF1FFF65FF790018
01450064001FFFD8
007501960099FF34
01EBFFECFF7900A8
00C3FF1C01800050
00A8FF21FF99008D
FE67FFDCFF890040
FF4BFFD800FFFFEE
00FF0250FEE4012F
016B00F300640069
FFDA007CFF9DFFE0
FFD8006BFDE5FEDB
0187000AFF1C0022
005AFFFBFFCE0092
009C00C3001F0034
FFC0003CFFB000AD
FE36009F00FC00E3
00190055000B00B5
FE74FFFDFFEFFFB1
FF89006B01D8FFB1
FEB0FF3EFEC4013B
FF14003EFF5A00E4
0082FF1800540085
FFCEFE5A0040FF70
0059FE69FE8FFF84
0046FFCFFF360009
00D7FFE900AF00FA
FFCA01140013FFFB
FE3DFF91FE3D00A1
FFA9002A00CDFF3F
009EFF25010A005C
000C009EFE7500CB
00620098017700D5
0099FF32007D0003
FF99FF57FE72FF66
FFEA014FFF65011E
FFEF000DFF9600E8
FEB500D4FFDDFF5A
FE64FFBBFDFE000F
FF4AFE3700DDFF33
00D80099FF5E0045
000CFE3100B1FFD2
FFD300E400ACFF0F
01CFFF5D01250230
0143FF9F00E80048
FF1E003F0073FEAE
FFD6FE2601060002
00AB0011003900E5
002D00B4FF36FF5C
00730135007D00E1
FFF0FF60FF38FF2D
FFDB00DCFF74FF83
015800A6FF24FF0C
FEC6FF96007CFFD0
00130010015500CF
01BB01B4FFE5FFF1
FEF4FFA1FF470020
0026FFB000C0FF72
FF100155FF15FE5E
0182FFE800D3FE7F
004BFFF7FF620034
004C0078FEE6008A
012A008AFF60FF1B
FF82FFCF004300CA
FF20FF49FFA10018
014C0054FFC4FFC2
004401110093FF81
01D5FFEEFF74011B
018AFF5D01270049
00AAFFAFFFB100C4
FE88FFD3FFA10000
FF660005012BFFFA
00E3022AFF2A00C5
00F200D40072005A
FFABFFD0FFBAFF8A
FFFD00A3FE0DFEC4
01DF0083FEE80034
0081FFF6002000E1
007A009C0095FFE4
FF6A0084002B0066
FE9900A100BB00D8
002A004E007200AC
FE86003DFFFFFFBB
FF51005E021AFFB4
FE5FFF86FE5B013B
FF640088FF3700EE
001DFF5A00000077
0013FED4001EFF92
003FFE2BFE7FFF7E
003CFF66FED8FFFB
0101FFF5009E0054
0017012A000A0056
FE4EFE96FD810077
FFA7FFFE00E7FFAE
007EFF4800D2FFA6
00750091FE98013F
006500B1016200B7
00A1FF160032FFD9
0005FFD9FE52FFA9
FFDD0172FF7A016D
FFF1FFF2FFC800F0
FEB2011B002BFE9F
FEB6FF69FE2CFFD9
FFA5FE4E0075FEFA
0107009FFF3E0031
0005FDD900E0FFD8
FFCC0069008EFF3D
021CFFAD01150241
016FFF36012CFFBC
FF4B0061004BFE7A
FFDEFE370082002B
0096FFC6007900E5
009200E9FF32FF29
FFE900CF0058010B
FF8EFF91FF17FF64
002900DBFFB7FFA2
00EB00ACFF90FEBF
FED3FFFF0099FFEC
FFEA0013013E0065
0249012FFFCC004A
FF84FFC0FF570061
0049FFD500FFFF0E
FF1D012FFF17FE46
0115FFD00111FE52
009D003FFF440078
005B004DFEC800E4
018A0091FF67FF15
FFFCFF64006300DD
FF50FF50FF7D0009
014F002DFF6BFFD8
000200B3007CFF52
016E0001FFAA0139
01EFFF5100EE00C7
00D4FFFAFF9300A7
FE82FF9BFFC0003B
FFC700290130001A
00BE01E6FF55003B
00D700D7006E0082
FFB4FF89FF9EFEF5
000E00A6FE28FF1C
01F400D6FEE0000E
0077001B002900E7
003300D300A8FF51
FF1E00D30050FFFD
FF0E00D100D50083
FFFD005A00DD008B
FEDBFFFB0002FFF0
FF5C002B01D4FFA4
FE62FF2CFE840124
FFCD003CFF2F00E2
0025FF7B001E0089
003FFF58FFF6FF7D
0041FE99FE45FFB7
0024FF2DFE7B0039
01430065005CFFD7
005A00EFFFDA00EB
FE7BFE22FD6D002F
FFF7001C0111FFD0
0047FF6B0079FF61
00D8008CFF1B0184
003100C70130007F
0032FF1EFFACFFA7
004EFFE7FE66FFDA
FF9501AFFFA90183
0000002000090119
FED4011A0032FE3D
FED1FFD9FE63FF79
0010FE9E0072FE9B
00F7006EFF20FFDC
FFBAFE1D0111FFA1
0011003E0071FF22
0200002A010701F7
010EFF31015DFF4A
FFA600790027FEA1
FFB1FE5C0068001C
0085FFAD00A800D0
00EB0105FF8CFF08
FF6600AFFFEB0121
FF8EFFBAFF30FF69
FFFF00F80020000A
009200BFFFA2FEB4
FF47FFFE0089000D
FFAA004601120003
024400AEFFA20077
FFC4FFD0FF5B009D
005B000E0133FF0C
FFBC011CFED1FE9F
0111FFED00F4FE53
00CF005BFF1000B2
0029003FFF1D00F5
01950069FF93FF99
0065FF1500890074
FF7EFF4DFFB5FFC6
01310015FF76FFDE
FFFBFFFB007DFFA7
01070004FFFD0148
0209FFB5004F0100
00AF006AFF6200BC
FE78FF4BFFD0001D
002500190128FFDB
00C101B8FFACFFB1
008200DB004A00B0
FFF2FF310007FEB8
001F00E2FE8BFF2A
01C30122FEF4001B
00210084002C00A2
0046007E0115FF19
FEF900EE00FBFFEC
FFDB00E700E80097
005E002200C20034
FF250063FFDCFFB5
FF33003F018CFFDD
FE66FF40FE55012F
FFEB0068FF2600C7
FFFDFFC4FFD40067
005DFF9BFFAAFFED
0043FE6AFE45FFC3
0015FF13FE810030
016500660049FF82
00D500C7FFDB00EC
FF01FD6CFD8AFFD5
003DFFDB00C70007
004BFFCBFFF3FEFF
00F7008DFF1201B1
00310091009F005B
FF76FF6BFF31FFBB
008F0059FE71000F
FF9D01A2FFAE015A
0008002E005700A4
FF0700EE002FFE14
FF3BFF7FFF14FF5E
0071FED80053FE8C
00C40007FF66FFB9
FF8DFE9100E4FF75
FFDBFFD0FFD6FF08
023C0036006B0191
00F4FF11015BFF1A
00520076FFCEFF0D
FFA8FE97FFE90023
0006FF5B012000B7
011300E5FF5FFF1C
FF290018FFE80144
FF9CFFC5FED9FFA1
0032009400A7FFD8
001600C4FF96FE60
FF630033FFF70036
FFBF008400AFFFCB
02B1FF74FF5400AB
002AFFABFF5600BC
000D000A0148FECF
000400F0FEF3FE74
00CEFFAC0112FE2E
00E80090FEF90095
002CFFE6FF6100EF
01CF007FFF7AFFA3
011BFEFE0060005C
FFB4FFF5FF8DFF92
00A7FFE7FFB90017
FFE8FFA400BEFF64
0045000900560117
020AFFDBFFC80134
00DE008EFF200076
FE75FF73FFDF0056
00540043015BFFC4
00D30161FFB8FF3F
0093006E002300B3
FFF3FEF3FFFEFE46
005B00CCFED4FF5F
01850182FEDAFFCF
000100A70032004E
FFE800850104FEE4
FF15013200D8FF51
007501100089003B
0052FFCE00BFFFC1
FF6B006CFFCBFFD8
FF4600170122004E
FE96FF1AFE3800E6
005C0096FF4C00BB
FFCCFFE2FFC000C9
006E0092FF81FFE7
003DFE88FE71000C
000AFF16FEB60053
014A00B6FFE0FF27
00CEFFFFFF610133
FFBDFD78FE0BFF4D
006DFFEF00A80028
0016FFDBFF5EFF2A
010B0071FF9B01F4
0054006CFFBD0026
FF1BFFFBFEFC0011
00CF00B0FEA80064
FF5301DDFFAC0126
0003007C00AE007C
FF1F00C9003EFE33
FF77FFB1FF24FF11
007DFF340043FEFF
0056FF86FFB5FF78
FF5DFEF600A1FF61
003CFFA4FF93FF26
01DD00A5001500DB
0058FF660162FEC8
00B600B2FF77FF72
FFA0FEE0FFCEFFE5
FF97FEF601020082
015E00F9FF44FF38
FECEFFE3FFBD0145
FF94FFE7FF1DFF8F
00150088012CFFE7
FFCF00FAFFA0FE6D
FF860020FF580051
FF4400BA0013FF9C
0286FEB8FF9D00BB
007BFFB9FF890084
000CFFFB0169FEB1
009900C4FEFDFE3F
00CFFFD90148FE4B
00CA0092FECD0089
0069FF8CFFD900DC
01B50082FF5D0006
01AFFF2100710056
FFD0004BFF4BFF40
FFA4FFFDFFC2004B
FFCFFF5000EBFF52
FFA8001B00A60133
0176FFE2FF520169
00E3008DFEC6006F
FED2FF9BFFDA009A
00B8002B0182FFE9
00A700B1FFB1FEE0
0083FFF8FF9A00D3
0022FF040026FE85
00670135FEECFFB9
01130178FEB20006
FFAA009F0007004C
FFC8003400B4FEFA
FF4A015E0082FF09
00C300F30048003E
005BFF640098FF98
FFA5004AFF90FFD6
FF0AFFFA009B00C6
FEE8FF15FEAE00A0
005F0062FF7800C8
FF6DFFE9FFAE00DE
00D3011AFF61FFB2
0015FEE3FE8A0037
0025FF16FEF10034
014C011FFF8BFF7B
00AFFF47FEC50177
FFFDFE0BFE5BFEC0
009B0025007F0002
000F002FFF20FF3E
011F0027FFD301F9
00370071FEF5000B
FEA10077FE8D0067
00F900A4FEF6004E
FF3601D7FFB000D0
002100A400DB0041
FF2D00800046FE73
FF69FFD1FF68FF22
00A0FF0D0037FF58
000AFF8FFFAFFF62
FF3CFF63005FFF72
003EFF7DFF75FF51
019B00D6FFDC0014
FFCDFFD30124FEF5
00F400C3FF47FFCA
FF78FEB1FFA1FFA0
FF86FF0E00C800D2
018E0118FF28FF64
FE9BFFC8FFB40159
FF7B000FFF1AFFAC
0046004101A50031
FF9E00FBFF8CFE46
FF680005FF3C0057
FF3A0113FFC3FF50
0267FE22FF9C0092
00BDFFC2FF9C006B
FFCAFFBC0187FEA9
00DB0088FEDBFE53
009C00400154FE78
00640088FE9E008A
0048FF74003C00B0
01930084FEE2003D
024AFF3400450039
0015007FFF36FF30
FF440022FFCF0069
FFE0FF370114FF61
FF37003800FD013A
01260022FF200182
00F4002EFEFD0063
FED8FFDFFFFD0032
00E2003B0183FFE6
008F004FFFC8FED6
0084FFA1FF7D0113
000EFF390027FE88
00850158FF42FFE8
00DA0190FEDDFFFD
FFC60055FFBE004B
FFCB003D0081FF0D
FF7C0159006FFF14
00F9010BFFDCFFE6
0033FF130082FF64
FFDE0078FFB30017
FEF7000300590107
FF2CFF37FE6C0023
00BE0065FF8900E3
FF3BFFA3FFA70113
00E7018AFF4CFFB3
0047FF34FED0003C
004CFF4FFF47002F
00D6012FFF0CFFBC
0082FEE9FE51014A
0078FE7AFF32FE88
00E3001AFFFD001F
FFD60046FED3FF6D
00D7FFE5002401D1
00660044FE25FFF9
FE810107FE7C00D0
013600A8FF6400A0
FF3E01F6FFD00043
0043009600E6FFD4
FF7D00790030FEC9
FFC3FFD6FF48FF18
0096FEFBFFF70002
FFB6FF6DFFCFFF89
FF38FFB30026FF66
0083FF64FF92FFA6
012C00DCFFE0FFCF
FF8700100111FEDC
00EC00EAFEF90027
FF87FED7FFB3FF6C
FF4DFF19007800B0
01720125FEF7FFA5
FEDAFFB0FF69017E
FF67FFEFFF3BFF9F
0063001001EDFFD2
FF9B010DFF9FFE64
FF30003AFF000015
FF320121FF3CFEFF
01F9FDC5FFE300A7
00B5FFCAFFC4004C
FFBAFF970165FED7
010E001AFF4BFE12
009700880185FE64
002A0089FE800049
0042FF6400B50099
01850062FEC7003C
023CFF9100330083
005500FEFF12FF05
FEA0003A0000006C
0016FF1E010EFF02
FF0B0054010C00FD
0066FFF7FEE8016B
0105FFFAFEFA004F
FF4D0020001C001E
00E1FFF80189FFE2
0079FFB5FFDEFF2E
0074FF49FF11010E
002BFF7E001AFEED
0088017DFF1F0001
001C016BFEA60014
FF8CFFFEFFC0002E
FF94001B0050FF37
FFF4016D0003FEFF
010D00D1FFB5FFCB
0054FF090057FF49
00500038FFBF0014
FF07FFCBFFE9015C
FF5FFF41FEE4FFBD
00C600250000011C
FF2AFF9AFF7C013C
00DC01D6FF35FFCD
004EFF95FEF9004B
0045FF70FFBF0026
0090013BFF27000C
FFE6FE63FE1C0147
00A4FF3FFFA6FE72
01170002FFB70006
FFEC0093FED5FFCC
00F1FFB4005F01E7
006AFFFDFD72FFC3
FE57013DFE590128
016C00C5FFA00083
FF4201DBFFC7FFC2
0049007400F3FFDE
FFAB0056FFDAFEFC
FFDFFFEBFF48FF47
0043FEA8FFF5007E
FFD2FF32FFC9FFCA
FF560023FFE9FF90
0075FF48FFB8FFCE
00B200FEFFBFFF57
FF0900A300A4FF3C
00EE00C9FED70057
FFB1FECFFFADFF79
FF62FF32002400AA
015D0145FEFBFFCA
FEB8FF80FF8C0169
FF61004AFF1AFFBA
0055FFCF0205FFBD
FF9C00F2FFBAFE8D
FF0DFFE8FEE6005A
FF290166FF0CFEDB
0157FDB0FFD2004A
00A1FFADFFD40002
FFA8FF4F0176FF29
0114FFF1FF7CFE3B
002500870171FEBC
FFEE0078FEC20001
0061FF6A01120056
016A0077FE5E0052
0214FF9DFFF10094
00AC012DFF11FF25
FE2D0013003D006F
002DFEE50113FEAA
FEE40072010F00B2
FFFE001AFEC90163
0118FFE2FEEB0031
FF7500380022FFEA
010DFFF60144FFD6
0099FF82FFE4FF01
00AEFF3AFF020107
0021FFC3002CFF5A
00BB011CFF3D000C
FFC50158FE78004A
FFB0FFECFF8C0006
FF73FFF4003EFF27
0028013AFFFCFECC
013300B3FF72FFB4
003FFEF0001DFF30
006D003BFFCEFFFC
FEF8FFD1FFD9015E
FF95FF40FF3AFF47
00B8FFE600240113
FF41FFE1FF7D0152
00E801DDFF32FFC4
0035FFBCFF690056
0016FF6D00620026
005F010DFF2E0045
FF97FE4FFDEA010D
0125FFC90025FE35
00F4004DFF60FFFC
FFB500ADFEBB002F
00C1FF72003B018D
0089FFC1FD4EFFA4
FE52019EFE67014C
014500B3FFD90054
FF5B01D3FFDEFF28
0007008300F40005
FFD6FFEDFF7CFF55
FFDEFFF4FF71FF6C
002DFEB1FFF700F8
FFE2FF2B001AFFF1
FF7B005FFFF7FFFC
007BFF0AFFCF0031
0015010EFFB0FF1F
FECF00DD0056FF68
00CC00EFFEF30040
FFD8FEE9FF6AFF69
FF93FF4EFFF600B5
0134014DFECCFFBB
FED3FF6FFF980121
FF6A0027FF60FFC3
003FFF8F0210FF7A
FFC900F7FFEFFEA6
FEC4FFBFFEBE0059
FF42013FFF1AFEF2
0123FDDEFFFB0046
0083FF90FFC6FFD2
FF8DFF3401AFFF50
0128FFDBFF7CFE63
FFE900B60145FED0
FFBD0060FEF1FFA0
0076FF5201570066
0142005EFE560056
01CDFFDE0000008A
00C90152FEF4FF01
FDB3001A003E009F
006AFF12013AFE88
FE9A007700D10093
FF9D0007FE9D0100
00DAFFF8FEEC0060
FF960076FFFC0004
00F0FFB00163FF95
0072FF1BFFEBFF4C
007DFEC4FEDE0123
0048FFAA0006FF97
008E00FCFF570025
FF6400F3FE48004D
FF87FF73FF96FFEF
FF65FFBEFFFFFF88
00520107FFAFFEBD
01330059FF34FFB0
0011FED8FFDEFF64
00930022FFDDFFF3
FF46FFE4FF9D01C2
FFCAFF48FF93FF31
00ACFFBA0049013D
FF4D0015FF380146
01110226FF77FF99
000CFFCDFF7B006E
000CFF9A00BC001D
003A0101FF68007E
FF72FE28FDBA010C
0152004F008BFDEF
00BD0037FF500013
FFC50097FECD0064
005EFF8000890175
00CCFFA9FD12FF7B
FE8001A6FE75015B
016B00D7FFFA0036
FF7901A2FFC8FEE0
000D004100CDFFCF
FFB3FFCCFF61FFA0
FFB9FFCCFF73FF90
0008FEB600190135
FFD3FF21FFFBFFFC
FFC500ACFFC30017
0050FF39FFCE0031
FFB900FFFFC0FEBC
FE8B0114FFF7FFE5
00B300BBFEF30089
FFE4FF00FF6FFF8B
FF9FFF6CFFC400AC
010F0126FEBE0008
FEF0FF71FFD00129
FF50002EFF6EFFAE
0030FF280204FFA5
FFAF00FDFFEDFEA6
FEB6FF8BFEB30062
FF580154FF05FEFF
0090FE0300120037
0062FF94FFC7FF7C
FF9DFF3C0169FF52
011FFFADFF94FE97
FFD100B50119FF09
FF830034FF05FF4C
0061FF790160006C
00F1005AFE3C0061
01B60001001600B8
00F4015CFEB2FEF8
FDBC0004003D008F
00B4FF490114FE65
FEA100B200F70039
FF620055FECB0131
00B3FF79FEE60019
FF9D009AFFEAFFD1
00D3FFAE0101FF81
0099FF1DFFE0FF55
00E4FF26FF060178
00480044FFB2FFC2
008900F4FF83001D
FF1A00E8FE92008C
FF7CFF77FF6EFFE1
FF70FFD2FFF4FFB6
007900DDFF57FF0E
00E80082FF1DFF8C
0043FEEFFF9EFF4A
00A40056FFF40028
FF63FFFBFF840190
0038FF1EFFA5FF0B
0081FFF0005A0116
FF55FFFCFF890181
00EE0208FF5DFF93
001D0032FF8B0063
0028FFD80157FFE2
001D00ADFF5400FA
FF84FDFCFDCB0065
01A6010B017BFDDC
00DA0047FEE2FFC9
FF8200ACFEE100DC
FFDEFF7C004B00FF
00BFFF6AFCECFFB1
FE5601CFFEBC0197
014E00AD0034FFF2
FFAF0189FFEAFE45
001D00160081FFAE
0028FF9FFF3E002F
FFC8FFDEFF30FFB0
FFE3FEAF0033015F
FF8AFEF300090041
FFCD00DDFFB90018
006EFF10FFE2001D
FF5E00A3FFF0FEB1
FE9500E30009FFE6
009000CAFF1B0088
FFECFF26FFB1FF6E
FFD0FFB7FF8B00CE
00AC00E3FE8B0045
FF46FF79FFA900D9
FFCCFFDFFF79FFB2
001CFF2F0191FF70
FFE700FEFFDEFEEC
FE71FF92FE9C005C
FF800141FEDDFF34
001EFE20002C002B
FFFFFF8DFFB8FF25
FF78FF1A017BFF89
011CFF7FFFFAFEE4
FFD600C000BBFF49
FF7A0007FF13FEFD
00C1FFB601A8001F
00A80031FE880054
01340050FFED00D1
01130189FE86FF0C
FD90FFFF008300AB
0106FF6C0127FE3B
FEAD00A300ABFFF1
FEE60034FEEE00C1
00D7FF46FF350023
FFAF00D7FFDDFFCB
00C9FF8C00FBFFB1
00A9FF1FFFA7FFEB
0121FF02FF440156
001D0063FF9C0065
00650095FF3CFFFA
FEDD00D4FE40009E
FF9BFF38FF7CFFC6
FF9BFFD8FF90FFF7
006E00B2FF0BFF05
005F002EFF06FF96
000EFEF1FF50FF8F
00DA00560007FFCA
FF9FFFE2FFAB01A0
001CFF3DFFFEFEC8
0031FFF6007F0120
FF7D0006FF2C01A5
00D401E5FFCAFFAA
FFB9001DFFD0007A
001CFFD90166FFFC
FFD50065FF45015F
FF3CFE16FDD70058
0186018E0199FE23
007F0071FEB5FFC4
FF9100C0FEF70118
FF8CFF74005000BF
011DFF70FD3AFFC7
FEA501ABFF2601A5
011B00DB0057FF8B
FF8D0121FFC3FE0F
FFECFFDE0029FFB0
0019FF85FF4C000F
FF6FFFB0FEF7FFDB
FF98FE69004D01DC
FFE1FF3200080085
003000E4FFA9007B
0034FF570028007D
FEEC0089002EFED1
FE9800EAFF750032
003A00EEFF450033
0007FF11FF7BFF82
0024FFCEFF5F00BC
004300F0FE85005B
FF87FFA9FFB50087
FFACFFECFFEEFFAF
0056FEFB0147FF56
003300F10040FF3B
FE08FFA2FED70043
FF8A0107FEDEFF51
FFA9FEB2006BFFB8
FFB8FFDEFFB0FEF3
FFB1FEEF0171FF7B
00C2FFA00020FF16
FFE500C10072FF71
FF37FFF1FF80FEE0
00AEFFC401650033
006F0040FE7B002A
00E200B3FFFA00F7
0121011CFEC6FF08
FDCB004000CE00AA
00F70048012AFE3C
FEAE00B30097FFFB
FE9A003DFF7300B3
00A4FF14FF070006
FFC900FBFFAAFFD9
009DFF6500C5FFB0
00A5FF00FF6D0039
0130FF00FF3E0158
FFFC00C2FF74007A
006C00C9FF570003
FEEF0079FE980079
FF7DFEF4FF41FFBE
FFC60007FF4E0094
00820088FEACFF4B
000C0010FF3CFFA7
001AFF03FF45FFB9
00750028FFF60001
FFAB0005FFB60170
0041FF2C0070FEF5
001DFFCF004C0100
FF8AFFBCFF7301AE
00CD017FFFBDFF1B
FFF600550027005C
0082004A01C1FFE1
FF970067FF8701FC
FF01FE25FDF6FFF8
016E028201F9FE41
005A0092FECEFF73
FFA80082FF650163
FF6AFF65002C0031
0120FF88FD280046
FEF401D9FF7201E9
00AE0023009BFFAB
FFC10101FFE5FE10
FFE6FFFEFFCEFF84
FFE6FFC0FF0D006A
FF55FFD0FE9A0064
FF4BFE5B00730212
FF91FF5FFFE700AE
002200E3FF820082
0083FFA800580046
FECE00770064FEBB
FE68014DFFAE0098
000700AAFF860053
FFD7FF070009FF60
00360024FF1400CE
001700CAFE830054
FFF7FFE7FFB600B1
FFE4FFB10028FF6B
FFFBFF3100E8FF81
007800EEFFBEFF82
FE09FF95FF100002
FFC50120FF31FF8C
FF4BFF2C00BDFFAB
FF41FFDFFF60FEC6
FF7FFED70122FFFB
008DFF680020FF04
000500FA006FFF67
FEF1FFA7FF59FEB2
007EFFFF01700001
00040035FE87004C
00BC00F0FFEA0130
01460105FEA7FF22
FDF7002500D7008A
016100E7015AFE60
FF5300A3006FFFE7
FE75003700020030
0083FEC1FF6D000A
FFC30122FFCFFFDC
0013FF590097FFB8
00DEFF7CFF4400D5
016AFF4FFF420181
000200E0FF5400E7
008500DAFF59FFE2
FEEC004BFEC100DB
FFD7FEBAFF7CFFB7
FFE30032FF2C00DE
006BFFF8FE97FFE9
FF680009FF77FFC8
0002FEEDFF3AFFBE
004A0088003B001B
FF9000120030016A
0080FF60005EFF0C
FFDDFFFD00A70124
FF86FF89FFBD01A5
00CD010DFFDFFF14
FFDA0032FFFA0046
006A004D01E3FFA3
FF91FFF5FF950271
FECBFE8AFDFDFF92
010E02EE022CFE8A
00600053FED5FF3C
FFBE0052FFF601C4
FEE4FF8DFFB20000
011EFF83FDA90077
FF710165000301D0
0089FFED003AFF94
0002011AFFCCFE22
FFEEFFCAFF63FF78
FFECFFAEFF280096
FF4CFF7CFE440079
FECFFE0E00A50232
FFA8FFB6FFDF0125
008B00C5FF990087
0039FFB700A400B1
FF00002600A4FF4C
FEF400FBFF9700CF
FF6000C4FFBCFFF4
003FFED10067FF6A
007A0055FED700C4
FFA500CDFE5D007A
001D005CFFCC007A
0003FF7E0015FF63
004DFF17006DFF38
00CA00F3FFE0FFA8
FDB6FF9FFF2D002C
FFCD010CFF52FFD6
FF2F001300CAFF75
FECDFFBCFF87FE96
FF71FEED00F8FFFF
0016FF81006FFEBB
007500B1004FFFA8
FEF9FFC3FFADFE7C
00B800640144FFDD
FFF3FFE1FE8FFFC7
00120112FFBE0168
00F600B8FED1FF46
FE48004900CA0087
01A900FA0174FE8F
003800CB002AFFE1
FE73FFEC007CFFD2
0064FE61FFC80050
FFAB013FFFD6FFC0
FFC5FF3E0064FF8F
00EAFFCCFF160151
0188FF7CFF64019C
FFCF00FFFF29011F
008E00AEFF0CFF7B
FF3AFFDBFE8C0100
FFF1FEAFFF38FFFE
004F005AFF1D0103
0049FFCBFE780030
FED6FFFEFFA70000
0020FF3BFF3A005A
0027004C0022001A
FF97004100D50117
0045FF790077FF52
FF98FFF500AC0172
FF8CFF69FFFB0198
009F007C0017FF31
FFCFFFFAFF9BFFFC
003D008001C6FF7B
FFD3FFD5FFDC02E8
FEB9FEF1FE88FF55
0044031F021DFEEB
FFF70008FEFCFF00
FFCF002C004A01F1
FEB3FFB5FF43FFC8
0148FF8BFE8500AF
FFD200C100530191
002FFFC1FFD2FF57
004B0101FFBBFE76
000AFF67FF1AFFDA
FFD2FFBBFF450053
FF1AFF5EFE1800C2
FE8CFD9600EF01EB
FFF2FFF8FFAC0165
00B90088000A008B
FFFBFFBF0115009D
FF6BFFC501060006
FF7900A7FF71010C
FEF500750013FF7F
0047FEA600C4FFA6
01070088FED60103
FF2E00A6FEAB0077
007000CD00240029
FFE7FF9B0004FF2F
00A6FEF1FFCCFEE9
015400B10008FF73
FD75FFE4FF9FFFF8
000000D2FFAB0041
FF0700F700A6FF91
FE83FFCBFFADFEB2
FF90FEEB0102FFB4
FF5BFFB10069FEF3
007700A90004FFA3
FEEAFFC5FFAEFE98
00F3009B0114FFE1
0019FFC4FE77FF7F
FF6A013FFFDA0165
007C0056FEF7FF86
FE78001C00A50077
0162011D015DFE45
00D100A2FFDEFFCE
FE8BFF8800BEFFA8
0088FE71FFEA0055
FF6C00EFFFC0FF7D
FF94FF570054FFD0
00EE004DFEEB0198
01C2FFBDFFAF01C0
FFD40126FF360198
003A0086FEADFF2F
FF91FFBBFE650128
0000FEA5FF69004D
002A0052FEFF0111
003BFF8CFE800030
FE510013FFF40016
FFF7FF83FF2A00BE
FFEE00800034FFFE
FF8B0044014F008F
0035FF8B009CFF8F
FF4DFFFA005C015B
FFA9FF5300670145
008FFFDB0059FF00
FFCFFFEBFF5EFFB1
002900440178FF53
FFD9FFD7003F02F0
FEA0FFBBFF0BFF31
FFC703280158FF59
FFB9004AFF41FEFB
FFE8FFE500C901EB
FEE1FFBEFF08FFCC
0112FF95FF4800AC
006400700070012E
FFE7FF89FF8BFF2B
004E0115FFC3FED5
000CFF6BFF01FFE3
FF74FFF6FF5E004A
FF05FF4CFDD400AD
FE6BFD7001320183
00160050FF91018C
00C8004B005F00B3
FFD2FFF70189009A
FFB6FFA4010B00A0
FFA00085FF630161
FE7F00A60047FF08
007FFE9500FBFFAE
013400BCFEC5013C
FF0600AFFF0F0072
00A200F80057000A
000BFF91FFFFFF0E
00B0FF1DFF70FEE3
01D600990024FF8E
FD7EFFDDFFCAFFDC
002100940007005C
FF4401B500BAFF7E
FE5BFFE7FF96FE8D
FFCAFF490128FFD9
FF00FFF40034FEFA
00A600B5FFD9FF97
FEEAFFCEFFE0FEB4
01070102007EFFF1
0048FFB6FEB5FF59
FF0B010DFFEB0169
005AFFD7FF55FFF8
FEE3FF89009C003D
016500BC0152FE95
015500CAFF7EFFBE
FEDEFF0E00EAFF6E
0065FE4000150052
FEFE00C1FFD2FF2D
FF56FF6C005CFF9F
010B00D5FEE801AA
020DFFF4001D01AD
FFDE011EFF2F01BF
0026FFFFFE57FEE9
FFFFFF9BFE470122
FFFBFEE0FF400065
00470044FF2600DD
0049FF75FEBFFFF7
FE40000DFFFD000B
FFC8FFBBFF12013F
FF9A0071FFDEFFC2
FF49007301D50037
0003FF64005CFFBD
FF0CFFDB004E0159
FFD7FF6100A900F5
009DFF610090FEFC
000BFFA3FEE8FF86
FFC8FFFC0127FF2C
FFD4FF8C008902D6
FEB900A0FF71FEEB
FF5602B80111FFAE
FFC0005EFF58FF17
FFE3FFC3012701E7
FEBB0011FF26FF9B
012FFF860007008E
009AFFFE00880078
FF99FF8CFEC7FF13
00C50117FFD9FF07
FFEBFF0BFF1B0066
FF71FFE5FF810009
FEF5FF84FE0700B3
FE8EFD6F011F00F7
005B0043FF66019A
00B2FFE100D90105
FF8CFFE901BA0042
000CFF63014F015B
0022005CFF40013F
FE89006B009BFEBF
0087FEA600B3FFE3
016A00C1FEDB0169
FEF50097FF6C0087
00FE015D0071FFE1
0042FF73FFBAFEDB
00BDFEE6FEE8FE87
02410093004AFF4B
FD730036FFDAFFAB
006B005F005E00CA
FFB50249006FFFC5
FE55FFDDFFA6FEAE
FFE8FFAB0195FF8B
FE87000D0023FF10
008400A3FF4FFF75
FECCFFF3FF94FEDC
013F01390039FFF9
007BFFB8FED4FF1E
FE70010600350165
FFBCFFB9FF760026
FF45FF7700560060
01010093012BFEA2
01B2009FFF38FF9E
FF50FEF800F6FF34
007BFE8D000B009A
FECE006EFFB9FEFB
FF6BFF98002BFFBA
01070176FEA7017E
01F00002005C01A9
FFDA00F6FF5201BF
FFEC0003FE40FE89
004AFF76FE3D012C
001FFF35FF55008A
00340010FF4900A6
000BFF65FEE10002
FDD700460021FFF4
FFC9FFE7FF0D0189
FFA700B8FFB8FFAB
FF58006C0232FFFE
FFEDFF5D002CFFB7
FEE90006FFFD0151
000BFF9800DC00B2
0083FF010095FF4D
FFFEFF2AFEBCFF36
FFD4FFEC00F3FF62
004AFF920093029C
FF0D00FC0006FEFA
FEE7021F005F001B
FF690062FFC9FF23
FFD0FF9601420188
FF040056FEBCFFD5
00D5FF8100E10051
00DBFF4200A6002A
FF53FF86FEA4FF25
00BE0108FFC2FF6A
0024FEEBFF120082
FF52FFF0FFB4FFEB
FEFFFF33FE130067
FE87FDA900FE0042
005A0097FF610181
00EAFF97013A010D
FF31FFD001DA0014
0079FF1801440200
008DFFFCFF8C00F9
FE78007C00C6FE66
00C2FEBE00D9FFFA
01640086FF230175
FECB007CFFA1005B
00E2013500A8FFB3
003FFF85FF5BFED1
00E6FF25FEA7FE89
024F00750088FF2F
FDA7001B0001FFB8
007AFFC8009A0106
002C0288003CFFB9
FE6BFFC9FFB6FEE1
003EFFF201C0FF20
FE350068FFEFFF44
006B006DFF72FF47
FF34001B0008FF3A
011A0160FFB30013
010BFFBAFF3CFEF7
FE42009B005E00FE
FF86FF3BFF860051
FFC5FF6600140049
00A900680126FEE5
0206009AFF21FFF2
FFD7FED50107FF33
006EFEC5FFFE00D5
FEBB002FFFABFEE3
FF79FF75002BFFE2
00E201B2FEBD0161
01D8002A009A0172
FFE400B6FF4B01A7
FFB50003FE53FE75
00D4FF87FE4900F9
0036FF54FF6A00E2
002A0036FF710099
FFE3FF68FF25FFFA
FDE1007900430035
FFC7003CFF6D019C
FF6500E1FFBFFF7F
FF3700810262FFB2
FFB8FF75000F0022
FED4001AFFB2012A
0026FFAF00E0005D
0096FEC90095FF4D
FFF4FEFAFE66FEDB
FFD0FFC40073FF60
0076FFA500E10247
FF710156004CFF07
FE740188FF870047
FF79003B0031FF4C
FFBEFF65015C0114
FF5A0060FEACFFEF
0093FF8901900057
0132FF190090FFCE
FF47FF92FE5AFF39
0096012CFFBBFFC4
0047FF15FF2A0098
FF100028FFD0FF7E
FEC4FF13FE0B0078
FEB0FD95010DFFD4
009700B0FF410163
00D8FF15015400EA
FF3B000801EDFFFE
0119FF0B0154025D
0110FF82FFF400B7
FE6A006300E3FE11
0099FEB700B8003B
016F006AFF7B0179
FEF50092FFB80039
00FA0134009CFFD9
0033FF79FF53FEF4
00DBFF5CFE9AFE88
0267008A0093FF32
FDD0003D0036FF79
0083FFAA00DF011F
00BE02AC0014000E
FED1FFE8FF9CFF1E
004A002301A3FF16
FE06005FFFC5FF7C
007C0049FF99FF1A
FF5C0014FFE7FF6E
00E90170FF30004C
0154FFBEFF55FEE5
FE430045009400D6
FF39FEE0FFDC0068
0069FF1FFFE10048
007A006700D9FF26
0243008EFEF70019
0069FECC011DFF2A
0038FEE9003000C4
FE53FFF0FFCFFEC5
FF80FF630007FFB0
00C901F9FEDC0122
01E600810098019F
FFC40089FF590146
FFB6000EFE6CFE48
00FBFFACFE7B0100
005EFFCAFF7500D0
006D0051FF8F0050
FFBDFF5AFF8EFFF2
FE420075006B0048
FFD00061FF8301C8
FF4E00DBFFBEFF54
FF3500AC02B8FF52
FF9FFF8BFFFC0093
FF16001BFF8B00EA
0046FFDA00D90025
0088FE79007CFF61
0042FEDDFE40FECF
FFA6FFA10030FF6D
00A8FF8C012501D6
FFD601D30095FF0C
FE6E00D7FF280064
FF5E0029007AFF87
FFC0FF4A018A00AC
FF7E009BFE82FFC9
0084FF9B02060061
0125FEBC00A9FF7B
FF2EFFD6FDEDFF76
00DA011EFFE2000F
0055FF02FF3300C2
FF140057FFECFF20
FEEFFF08FE700059
FEEBFDEE00E9FF52
00B100B3FF2A0126
00E5FECA01B700C0
FF2FFFC001BEFF9F
0173FF13010D02C3
0149FF65001F0064
FEA5004100FFFE20
0091FF19008E0048
0167006DFFD10161
FF02002FFFFE0010
00F0011500BCFFAF
004DFF42FEF4FEE8
00C7FF7BFE6BFE8C
0252008B008AFEF9
FE130058002FFF4D
00A4FF88014D0130
011B0297FFB6000C
FED9FFEFFF76FF37
005E007F01ACFEDD
FE11006DFFEDFF77
0061000CFF69FEC8
FF7F001DFFE3FF8F
00C50198FF14004B
0192FFD0FF8CFF00
FE2D0024009900AA
FED0FE9F000900B4
00C2FF16FFDC005A
000AFFEB00ECFF7E
022B0065FF44002A
00D7FEEC00F5FF85
0046FF2C000B0105
FE3CFF8EFFC0FED0
FFC4FFD5002CFFD6
00870244FED700E3
018C007F00CE0178
FFC2003BFF8B00F0
FF6BFFCDFE6FFE24
015EFF96FEBB00BA
003DFFFBFF7F00F2
004F0014FF86002B
FF30FF90FFA8FFA9
FE5600DA006B0041
FFEF0069FF9D01D1
FF1A00E3FF90FF4B
FF0200B102A0FF08
FF73FF76FFBA00C0
FF12005BFF0600E1
002A002100EE0021
007FFE6900BAFF98
0014FE84FE53FEBC
FFABFF89FFA4FFAE
00C0FFBB01090147
0035021700F4FF4F
FE0F002BFE8A007C
FF260031009DFF5C
FFC8FF3201550039
FF9400B9FED60010
004AFFB102400057
0108FEC40094FF24
FF43FFC1FDDDFF65
00A60101FFD10089
0048FF3EFF920094
FF13004A0031FF0C
FF15FF4FFE650020
FF48FE690100FEDA
008300AEFF3400C8
007AFE8101B6008B
FF580004017FFF6F
01D7FEE0011302F5
0142FF1400560025
FEF4004900F0FE22
0083FF12006C006E
014BFFFE003B0150
FF2A002B0037FFFA
00B6013600B1FFEA
002BFF57FF23FF0B
00F2FFEBFE73FEA3
026300530099FEDE
FE4F00A20026FF0E
008EFF5201000101
01620242FFCF0058
FF5B001CFFAEFF9F
008700D00176FEB9
FE5300A9FF7BFF8C
007E0031FF62FEB4
FFBA005AFFA30018
00D00166FEE0005E
01AAFFA8FFBFFF3A
FE62FFD9009A003D
FEB2FE91000700BA
00D1FF02FF8D006C
FFBAFF8600D8FFBF
02470059FF63004C
010BFED700D8FF91
002AFF5CFFFE0118
FE5EFF79FFD0FECA
FFCFFFC90037FFFC
00550228FEEE007A
016A008B00AB014B
FFB20010FFD200AD
FF54FFE7FE91FDF9
018AFFC0FEB900B7
005B0052FFC30119
0057003EFFB2FFCC
FF2EFFC7FFF5FFC2
FEAD00E50049006F
FFEF005DFFE201C8
FF1B00C6FF95FF2C
FEEC00AA02B6FEE4
FF5BFFA0FFC90104
FF43004EFF3A00E0
0012003600B60028
006EFE880098FFCA
FFF6FE8AFE07FE85
FF7BFF83FF49FF8F
0115FFDA012400E9
006D01E600F6FF86
FDE3FFB1FE060061
FF4BFFF500E2FF7F
FFC1FF480128FFB9
FFF90090FEC20060
000CFFD4025D004D
00C6FEBB0056FEE9
FF760000FDE9FF7D
006F0137FFCC00D3
006EFF54FFC400A5
FF26005C001EFEB1
FEFDFF17FEB50022
FF65FE570118FE9E
00C100B7FF2000AA
003AFE6201D90054
FF83FFD60147FF91
0226FF3200C802C6
0181FEE40078FFED
FF26004F00ECFE0C
008FFF4A0042006B
012C00180050016F
FF5E00330065FFCB
008500E800C3FFDF
0019FF88FEF1FF05
0104000DFEE5FEC0
021600400092FE9F
FE9600BE0030FEF5
006DFF6F011600E8
018301EFFF870097
FFDA0023FFA3FFD6
007900CF018FFE99
FE6300A4FF55FF96
00590041FF9FFEB6
FFCB0069FF8F0064
00950141FED50054
01FDFF9CFFAFFF4A
FEB7FF9200B00022
FEA8FEAA003800B7
0108FEF6FF8C0052
FF9DFF4000ECFFE5
01E10068FF8F0054
015EFEF300A1FFAD
0034FFAEFFFB00EE
FE60FF55FFE7FEC5
001B00090044FFD4
00360240FF080049
0146007300E60118
FFC4FFDAFFD30034
FF7EFFC0FEBFFE08
01920038FEDB006D
00470091FF8E00EC
00460026FFDEFF8C
FF2CFFBD004CFFC4
FEE701130086004D
00090053FFF001B8
FF0600F6FF7FFF19
FEF000DB0281FEBF
FF5AFFA3FF810141
FF87009CFF1700E0
001F003400E10019
0087FEB600A3FFF3
0014FE4CFDF7FE93
FF7FFF89FF05FF9F
0117FFFD00D30089
009701DA011EFFED
FE1FFF18FDDB007C
FF67001800ECFFA6
FFB2FF3C00EFFF71
00360096FEE6009D
0006FFE202250010
0091FEEC0028FEE8
FF8D0001FDF1FFC6
004F013DFFD0011C
008EFF4E001500AC
FF1900650041FE96
FF57FF43FEF0FFAF
FF94FE9F00E7FE71
00AA0095FF69004D
0015FE8401D00034
FFACFFE10129FF6C
0214FF480065028C
0143FED5008FFFB4
FF27006E0079FE61
007DFFA300300044
00E8FFD5007E0145
FF8E00180088FFB8
004600E30096002A
FFEEFFACFEEAFF1A
00D20006FF07FEB6
01BD00550079FE8B
FF1700D9FFEFFED1
002BFF6500FE00E5
01B40189FF9000D0
00410028FFD20010
009F00EF016FFEA5
FEA900ACFF4AFF64
0071005CFF88FE94
FFDC0086FF5400A2
009C00D2FED2006E
0252FF9DFFC8FF53
FEF0FF4900D7001D
FE91FEEDFFF30070
00DCFEEAFF49001E
FF89FF1100CE0001
01AC0076FFE1009C
01A2FF2B000FFFE9
002D0005FFB90118
FE52FF230009FF05
004A002F007AFFA7
002E0237FF4BFFA9
012E009200A40159
FFF8FFA0FFD1FFC5
FF8EFFF3FED4FE4A
01C20056FEF90067
004300CDFFAD00D8
001FFFE3000CFF64
FF08FFD80098FFA3
FF70013F0080002E
001C002200220157
FEE900E6FF79FF07
FEDF00D8023FFEF3
FF71FFA5FF0E015A
FFB700A2FF2300F7
00010065009C0026
0097FF220091000F
0011FE18FDE0FEC8
FF5DFF89FED1FF96
0146002E00BDFFD0
00E201BC00DF001F
FE50FE68FDAF0025
FFB200000108FFC4
FFC6FF4800A8FEFE
007E0089FF1300F7
FFDA001701AC0018
FFE8FF26FFDFFEFE
FFE90028FDE9FFE6
00580163FFE20127
009DFF6C0065007C
FF5800420036FEA8
FF60FF52FF32FF4A
0000FEC300D2FE59
00630073FF620016
FFF3FE7B01BFFFF4
FFA8FF9F0088FF40
023EFF58001D0247
0142FEB100C5FF5C
FFB00080003CFE93
003FFFAC0032005C
0099FF7400BD0145
00100008005CFFBC
FFFF009600A60053
FFD0FF8EFEB5FF2F
00B4002FFF79FEDF
011F00750044FE32
FF4F00EEFF9FFEC5
0010FF9500D00091
022200CBFF5B0138
00A10004FFD60019
008401090175FE74
FF3600B3FF61FF1A
00760041FFC1FE86
002C00A1FEC10095
00BE00A6FEF30079
022FFFB0FFCBFF75
FF87FF2D00CDFFF2
FE8CFF09FFEF0054
0091FEE7FF550050
FF72FECF00C0000F
0140007EFFEC00DE
01D4FF65FFC80061
00870012FF49010D
FE42FF05FFFFFF1F
0086002F0076FF56
00470206FF46FF48
010A003400B90143
0008FF8BFFF1FF93
FF9FFFBCFF2BFE6B
01AE0061FEC3003B
FFFD00FAFF9500C2
FFF2FFD4005DFED3
FEF6002B0091FF16
FFCB00F3003E0040
0005FFFB002C013E
FF5E00F5FF5BFED5
FEE600F701B8FF26
FF49FFA3FEED011B
FFE90091FF0F00A6
FFF20078006D0023
00A8FFA200430057
004BFE1CFE0AFF10
FF4CFF6AFEDFFFD2
015100610051FF7B
00F0015900900077
FEA6FDEEFD9FFFAC
FFBE002901060004
FFC2FF4C0026FEB2
005E00D3FF280108
FFDB001C0166FFE5
FFA2FF3AFF95FF1F
FFF00022FDD8FFDA
0000016A00140124
00AAFF9F00EC004A
FF68FFFF0037FE92
FF48FF69FF5CFF27
004BFF2F0077FE96
00620089FF45FFCB
FFDBFE8A018F001F
FF7EFF6C003CFF27
021CFFB6FFF701A0
012FFEA000B7FF2F
001E00730031FEF8
FFFEFF9CFFA70059
001CFF3100DC0157
003400040077FFDE
FFC900520093003F
FFB9FFC0FE9AFF4B
00A3FFEDFFE8FF11
00F100C80044FE0D
FF6200D9FF70FEF2
FFFDFFAA00550088
0254000AFF7A0146
0098000DFFE00025
005E011B01A3FE46
FF8E00B2FF4FFF3A
0046004FFFE9FE8D
00A000A8FEE000BD
00860083FF1B00B9
0237001EFF86FFB5
0022FF1500EFFFA8
FEF4FFA6FFCEFFF8
0074FF1FFF35000A
FFBDFF0A00F80008
00810088006F0105
01D2FFB6FF2E007E
00A6003BFF3500E4
FE4DFF38002EFF39
00B7004200E8FF42
006101C6FF85FEE7
00EF005D0076014F
FFF7FF76FFE8FF00
FFA30031FF32FEDF
01BB00D1FF26000F
FFF30112FF7E0069
0001FFE0003CFF00
FF20005F0083FF30
002801440029FFCB
003EFFAC005D005C
FF5400E4FF23FF04
FECD00DF0140FF90
FF61FF73FE730105
005E00BCFF5500CB
FFC0005A00340065
00AC004A00520048
005CFE13FE33FF45
FF62FFA3FEF5FFE4
016000B4FFEAFF27
014300C0FFC800B0
FF32FDE5FE03FF30
0006001900D9FFD1
FFCBFF75FFF7FEA5
00C2008DFF6F0123
FFDA0011006C0021
FF0AFFD5FF71FFAB
005C0060FE21003D
0015019400050106
00B0FFB40116004B
FF94000D0052FE6B
FF7AFF6DFF6FFEB3
0085FF2F0061FEE4
0007004AFF4EFF9A
FFA6FEC7012AFF94
FFDCFF5CFFDEFEDB
0201FFDDFFB50172
00EDFECA00FEFEDC
008F007AFFB0FF75
FF97FFC3FFAB0014
FFCDFEE200BB011C
0081001AFFF7FFE3
FFB7FFEF005D00AB
FF72FF93FE80FF30
0056000E0042FF28
009400E0FFDFFDFA
FF8500DFFF06FF19
FFDE0001003B0025
027BFF53FF8B017E
00E8FFBBFFEB002C
005500DA0189FE03
0004008FFF96FE8A
0068004F003CFE49
00B5009CFE400088
00A40000FFB8007B
022D0042FF4EFFCD
00C0FF5D00EFFFC1
FEFCFFC9FFAB0021
0044FF1CFF7E0014
FF99FEC800EE0001
FFFB006C00BC0106
01C5001AFEED00EF
00D40037FF0300DF
FE81FF67004CFF25
0122004400FBFF47
00600172FF81FEC8
00B3FFF300360135
FFCCFF8E0049FEC3
FFB30026FF5AFEE7
017F00CBFF50FFB0
FFFE00CEFF6E0043
FFD4FFAB006BFED5
FF1400BB0058FEC8
00950138FFAAFFA6
002AFF4B005A0029
FF8400DAFF2AFEFE
FEBD00E700E1FFD9
FF60FF78FE1100CF
00C900B0FF2E00C4
FF8F0082FFF600A4
00B20095000A008F
0076FE46FEB1FF8C
FF74FFD3FF3F0021
014300C3FF9BFEF6
01320078FF8C00B3
FF9CFDBFFE79FEF3
002000630086FFF3
FFC8FF9AFF5BFEA9
00B60063FFCD0147
00080019FFD20015
FEB60051FF3C001B
008F0069FE710046
FFE901AB00130100
007B000D0140001F
FFBEFFCCFFF8FE99
FF85FFA4FF8BFED1
00C3FF6E0006FF7E
FFDBFFF9FF76FF9D
FFA0FEA400DFFF90
001CFF2CFF77FF23
01A90024FFA10106
005EFF2000E9FEAD
00EB00C1FF84FFC4
FFB9FFCEFF4D0036
FFB6FE9B00DA00E8
00EA004FFFE9FFE0
FF7BFF8C000800D5
FF5EFF94FE8FFF47
0024002F0098FEF8
005A0107FFE5FE0B
FF7100B9FEDAFF0E
FFC70027FFBDFFD5
024DFEE5FFB301AB
00F7FFD8FFDD004E
FFFF00B7019FFE43
006F005EFFABFE67
002700800076FE4D
00DA0080FE530068
00ABFFC50022007D
020A0058FF330019
010AFF4F00C5FFC7
FF3A0056FF5BFFDF
FFC7FF5CFF82003B
FFB9FEDD010E0003
FF8800A900C20136
01490057FEA70135
00E00027FECF00F7
FE9AFF890030FF6A
016800470173FF1F
005E00D8FF93FE8F
009EFF9400240118
FFD7FF9B002EFE78
FFC30015FF8FFF37
013F00B9FF46FFB1
FFDB00D3FF590027
FFF1FF96005AFEBC
FF5C00FC0024FEBF
00F00109FF5DFF95
000AFF0A004DFFD0
FF780080FF41FF25
FED500ED005C004A
FF80FF81FDFD006E
00CC008EFF6A00DB
FF6B0091FF9100E1
00DF0151FFEB008C
008DFE51FF01FFB4
FF88FFCDFF7B003F
012500E2FF31FF11
00E2FFDAFEDB00F3
0022FDE5FEC9FE6C
000D005F0043FFE0
FFD6FFC3FF0CFE96
00A2001DFFF00170
00390041FEF0FFF3
FE5100A1FF0B0082
00FC007DFEED0030
FFBD019CFFE300A0
00800008017F000C
FFC6FFA70006FF00
FF96FFC0FFA4FEDB
00B6FF7AFFE4FFE7
FFD80014FFA7FF4C
FF4AFF110059FF7A
005AFF61FF59FF3E
01540045FF940066
0010FF7400FAFECD
011100B0FF4C002F
FF95FFCBFF52000B
FF8BFEA000B00115
00ED0038FF99FFEB
FF90FF740003010E
FF2CFF6FFEEBFF4F
FFF700190117FF24
00070125FF9DFDD8
FF5500A3FEAEFF3E
FFA80054FF8CFFAC
0204FE54FFBB018C
0113FFB8FFFD006C
001700560171FE65
00E70053FFB4FDFA
000600AF00AEFE32
00A60057FE03002C
008BFF6F008D0073
01D10083FEDC0020
015FFF7A00A7000E
FF9A00A1FF74FF76
FF43FF7FFFAC003C
0019FF350114FFEF
FF2600B401230133
00EA0061FE6E0130
00F50032FEF30095
FEF3FFE10050FF64
015F002F015FFF13
003D0041FFB7FE98
009EFF8AFFE8011B
FFD4FFC30040FE66
FFF60069FFD0FFBB
00CD00F4FF6BFFC4
FFE7009AFF59FFE5
FFE2FF8A0026FED9
FFA300E70019FEFA
011500D9FF6AFF90
0061FEE0005AFF8B
FFB700BEFF74FF3A
FECF00FCFFE20041
FFC8FF78FE4E0063
01440089FFCA0112
FF2E0060FF940104
00B001D4FFDE0065
00C7FEABFF47FFE9
FF83000EFFD5FFFF
00FF0137FEDAFF2F
008FFF42FE850110
0079FEB9FF45FE23
0028005FFFECFFE0
FFF0FFD8FF0EFEE8
00850006FFF20175
0022001CFE42000F
FE010120FF0300F0
01250057FF2F0032
FFDC01AC0034007A
0083002801ACFFB0
FFFBFF80FFB1FEE8
FFD2FFC1FFACFEC5
00B2FFA6FFD1007F
FF90FFDDFFC8FF46
FF65FF6CFFFEFF4D
0065FF37FF53FF42
00AF0092FF58FFB2
FF7EFFE600EEFF01
00F7009EFF00009C
FF57001DFF86FFD5
FF20FEEB003E00FC
01290033FF790024
FF77FF5FFFF70116
FF1AFFB7FECCFF6F
FFE9FFE30160FF3D
FFCF0119FF51FE15
FF8A0080FEACFF29
FF7B00A8FF59FF75
0191FE2D001F018F
010BFFA3FFFF0032
FFC6004E0147FEB2
0117000F0014FDD7
FFFF00E200BEFE8E
00A3003DFE05000C
0098FF7900F90045
0188008BFE720048
01AFFFB700B3001D
001500F9FEFAFF1F
FEB3FFCF0019FFEE
005AFF7B00F7FF7F
FEB300C9013F0122
0046003CFE59015D
00FBFFDFFF020086
FF4700650064FF66
01640000017EFF15
0048FFBAFFE8FEC1
00ADFF71FFA900FD
FFAE00340018FECC
002C0088FF850016
004C00FEFF64FFC7
FFA80049FF500001
001FFF8A0024FF0A
001E011DFFBBFF20
012700ADFF2FFF79
0026FEE1002DFF20
FFD3006DFF87FF45
FF0300CCFFAC00A7
FFD3FF4FFE300010
0158006DFFE10108
FF22FFF4FF3F011C
00A701FAFFD50028
010AFF21FF770040
FF9E002500100033
008A00FAFECFFF3F
000AFEE3FE3D00E8
00C2FF4AFFF2FE17
007F0091FF77FFF6
FFEF0011FEECFF53
0067FFB0002B0148
007DFFEAFDAC002E
FDED01C0FEE30165
01630065FF920014
FFEF01A80022FFCB
0042FFFB0165FFD0
FFFAFFABFF8BFF16
FFBEFFB5FF87FED9
00C3FF44FFB50126
FFBFFFA8FFE0FF4B
FF80FF8EFFA1FF74
0082FF11FF79FFD0
003E008CFF89FF4F
FF1C005E00C1FF57
010700ECFED100D0
FF6DFFF4FF4DFFBB
FF38FEE3002500E3
0112006DFF160022
FFA2FF1FFF710159
FF08FFB3FEFDFF8A
FFB1FFE0016CFF2E
FFA5013AFF2AFE90
FF47002EFEC7FF42
FF7B0104FF42FF25
010CFE160037012B
00DDFF7FFFF5FFEB
FFA9FFEF013CFF0D
0141FFEA0069FD9F
001C010F00C6FEBA
002FFFFDFE21FF8E
0085FF3B01250039
013900AEFE3B0039
0191FFD400C0007D
005B0115FEF8FEE4
FE2A000000450044
009FFFC3011AFFC4
FE7500D201350159
FFF1003CFECD011F
0102FFC3FF1E0039
FF7400C5005DFF91
014CFFAB019CFEEF
0064FF240001FEFB
00A8FF51FF46010C
FFAA005BFFF2FF2B
003300EAFFF6004B
FFE200B6FF70002A
FFB6FFEEFF82FFDE
0034FFACFFEBFF29
003200F7FF53FF48
0110001AFEF0FF4E
0035FE9C0012FF16
00060069FFB9FF79
FF1A00BFFF7900ED
0011FF90FEA5FFE5
019B004400460102
FEF4FFE3FF17012B
00D9023FFFBAFFCB
00FAFF9BFFD0004F
FFCA001C00700030
005100F2FEB8FFBA
FF92FE76FD9000C0
00F5FFFF005BFDB9
00AA0087FF67FFFA
FFEE002DFEEAFF79
FFD4FFC9003B0135
00A40017FD260062
FDFE01E3FED801DC
018C0056FF95FFE9
FFDD0167003CFF8A
006AFFF30127FF6D
FFF3FFC4FF98FF51
FFBBFF9EFF71FF41
0087FF4AFFC10191
FF96FFF3FFA9FF78
FFBAFFFCFF83FF98
007AFF02FFA30018
FFD300D5FF8BFEA1
FEE900A4007AFFB2
00DA00BFFED40124
FF5EFFD9FF75FFA5
FF33FF28FFC300CF
00F20061FF18005F
FF88FF22FF6B011D
FEF2FF92FF18FF9D
FFBAFFA80177FF96
FFB7014DFF3BFEAE
FF020021FEC8FF68
FF8B0109FF37FF0A
0084FE1C003200EA
0098FF9CFFDEFFE4
FFA4FFE400BDFF71
014EFF8000AEFD96
0003011B00C9FF20
FFE2FFF2FE46FF80
0064FFA9015CFFFE
00E60082FDFA0073
0199FFFC006A0084
00CA0154FEC3FEFB
FD9D000A006B0039
0103FFBB00E4FF6F
FE95010000EC0102
FF610039FEAF0134
00DCFF7CFF0A0038
FFD2012A0039FF99
00F7FF890140FF23
0066FED8FFFAFF40
00B2FF40FF6700E3
FFC6008BFFFEFFC8
004000B70001005B
FF7300A3FF29008D
FFB3FF98FF85000E
0011FFB80033FF40
006800EAFF27FF81
00BDFFDBFEC2FF75
0024FECFFFC9FF2D
005B006DFFFEFF8C
FF5C00A3FF2B0112
0027FF74FED1FF4D
0110002D008E00D2
FF0BFFCFFEF2014A
00E20273FFBCFFA9
010DFFDAFFBE0092
FF9800100102FFD4
003700C0FEBB0042
FF42FE36FDB00053
012D00AA00EBFD91
007800B1FF00001E
FFE7005EFEE80034
FFA4FF9C001200F5
00D8FFB8FD180050
FE110207FECD01BE
017B0037FFC1FF90
FFF101430045FEE2
0005FFCF00F2FF77
0040FF9AFF41FF99
FF6CFF8FFF69FF76
0075FF04FFAB01DF
FFA6FFB1FFB1FFDF
FFF00052FF1BFFC9
003FFECFFFBF004D
FF580086FFD7FE61
FEE700B700300002
009200D1FF1300CD
FF88FFC6FF7CFFB1
FF47FF86FF6D00EF
00DE0088FED10093
FFA1FF11FF6600DB
FF5DFFC3FF61FFAF
FFF6FF210167FF94
FFBB011DFF4EFF08
FEA2FFDAFF26FFAF
FFAF0148FF0AFF35
FFE3FE62005600DB
003BFF89FFEEFF5A
FF64FF670125FF86
0106FF5900A9FE11
FFCF010400CEFF7C
FFEEFFC3FEA6FF14
008EFFB6015E0011
009500B3FDF30026
01540039006C00C1
011E015DFEEDFF21
FD93001D00C00054
0152001300C0FF05
FE7900F200EC00DD
FF00001CFED00106
00F7FF30FF240021
FFCE0135000AFF88
00F8FF96014FFF40
0087FEB5FFFAFFB5
0106FF58FF8F00D9
FFE600ABFFBC0021
003C00ADFFA200C4
FF3E009FFEEE0081
FFA9FF5EFF5EFFEE
0001FFD2FFF0FFA3
00CB00E9FEEDFF9A
005EFFC2FEF9FF84
0033FEE3FFC4FF37
003F00710025FF8A
FF4A0079FF250108
0025FF52FF19FF07
00EBFFEE00B000C8
FF2DFFA7FF040162
00B3025DFFF0FF6E
00F4001EFFD40094
FF9C0001012A000E
FFD200AAFEAC00CB
FED8FE53FDC1004E
013201870145FDDE
006B00B1FECDFFDC
FFC8006EFF4500B4
FF56FFB6000800A8
00FAFF88FCEC007E
FE5A01F4FF2401DB
0193FFEDFFDAFF71
FFE801030049FE80
FFDDFFBD0093FFB6
0046FF89FF40FFDA
FFB8FFA4FF1AFF9D
0039FF23FFD2022D
FFC2FF97FF940004
001B005DFF14FFD5
0044FF1E0013005A
FEE700560012FE97
FE9D012000000069
005100BBFF2900C1
FF89FFB0FF9AFFBD
FF6FFFE3FF0300DA
00A3007EFEC3009F
FFDAFF51FF7C00D8
FF60FFC5FF6BFFA0
FFC6FF440111FFA9
000E0100FF40FF72
FE52FFDCFF7BFFD5
FFCC0136FF23FF1F
FF91FED8009A0065
FFFEFF96FFCDFF58
FF7FFF4D0114FFC4
010BFF5000E0FE2A
00010106008DFF7C
FFC0FFBDFEADFEF9
0096FFD1015FFFFA
005100D7FDF8001F
00DB00A0003E00DB
013E016FFED2FF1E
FDBC003A00DB0046
01A700C000A7FEE0
FEB700F000A50091
FEB6FFFDFF7A00C2
00F1FEC7FF7DFFC4
FFE4019C0002FFB2
0066FF81013EFF74
00D5FEC2FFD20052
012DFF90FF7500D3
FFCB0107FF6E00A3
004A00D6FF5A00BF
FF20007BFEF300BA
FFBBFF17FFA1FFE7
00230000FFDB0009
00FC0096FEA8FFFF
FFBAFF77FEFEFF8A
0022FEE4FF7BFF35
005D0056003FFFBF
FF64002CFF68014C
0048FF62FF59FEF0
009EFFE4011100C1
FF42FF54FF08019A
00960213FF9DFF25
00C90060FFDF009E
FFD3FFF6017EFFD6
FFAB0039FEDD0144
FE85FE32FD9D0007
013F022501CBFE00
0079009BFEA7FFB9
FFFD0061FFA90118
FEB7FFCCFFEC0055
010BFFABFD3D0089
FEE601BAFF9F020F
01540008FFEEFF54
000100CB0041FE4C
FFEAFF70FFF0FFD7
0028FFCBFF5E0021
FF8AFF97FEA4FFFB
FFD8FEE3FFD4024F
FFD7FFC3FF750077
005D004EFF1A0007
0019FF4500660079
FEA80043006EFEBC
FEE7012EFFDA00A7
FFCC00B7FF6B0097
FF9FFF4DFFF3FF90
FFC2004CFEA900BA
005500A9FE8300AD
000AFFA0FF6000A0
FFB7FFAEFF63FF84
FFC0FF4C009DFFB5
00250113FF50FFAC
FE28FFCDFFB80026
FFD9011CFF51FF6F
FF4EFF7A00BEFFC0
FF5AFF97FFB0FEE7
FF92FF1000D1FFFC
009AFF6A0110FE4C
003000DD006EFFE8
FF6EFFBBFF19FEA6
00B4001A0154FFF1
001400A6FE2EFFBE
007D00E90005012E
01800129FEF0FF74
FDD7004200CE0038
01B5013700C6FEAB
FF2400FE0037009D
FE90FFFEFFDA0083
00B0FE8EFF9BFFE8
FF9B01B8FFE8FF75
0015FF58013DFF68
011DFEF8FFB300D1
0142FFDDFF6E00D7
FFB00146FF6400E6
000300ADFF31007A
FF0A0036FEE500D8
FFCCFF00FF700018
0062002AFFC80038
00E6005BFE930030
FF4FFF4FFF0DFF98
001EFF32FF62FF3A
003A002900880001
FF960039FFC6010A
0059FF5EFFA1FECD
006BFFD000F300E9
FF64FF4EFF160172
006401B20003FF01
00AC004AFFFE0076
FFEC000301E6FFFB
FFA9FFD9FF2F01A5
FE88FE96FDA4FFB9
0111028801D0FE42
001F009AFEBDFF96
FFDF004000240166
FE9FFFD7FF9E0013
0172FF92FDC70097
FF55016EFFF201D4
0137FFD3FFD7FF1F
001600DA0040FE3D
FFC6FF68FF90000C
FFF8FFE9FF47002B
FF27FF8CFE8D0047
FFA2FEC400200266
0031FFF8FF7500A8
00950025FF360033
002AFF41009C0078
FEB8FFFA0107FF53
FF160124001800D2
FF880073FFA0004B
FFB8FEF9FFF9FFC1
003800A2FE9D00B8
002500ADFE550099
0058FFB5FF8C007F
FFB9FF71FF85FF93
FFCFFF5C0046FF7C
009E00E0FF67FFD4
FDB4FF93FFD40016
000500E2FFC1FFAF
FF0A002B00B1FFE2
FF0DFF8DFF7BFEE7
FFC1FEEA00C1FFFB
004BFF7600F2FE64
003800CA005EFFBC
FF88FF92FF50FE81
00AF0046015C0011
0000009DFE17FFB7
FFC4012B001C0158
014A0117FED0FF99
FE32005E00B00010
01E3014E00BEFE82
FF9200C50031003E
FE7DFF980012003F
00D7FE68FFC7FFEF
FF9A01A2FFE8FF99
FFC0FF360118FFB7
0123FF2DFF8B0109
016A0000FF8B00C2
FFA70171FF6F0120
FFE600B3FEB60053
FF1C0033FEEA00D9
FFCAFEECFFA80033
00710088FFA10057
00FD0044FE9C0077
FEF7FF9DFF72FFBB
001FFF65FF7CFF88
002A00160058FFFB
FFAE000BFFFE0111
000FFF14FFBDFF04
FFFEFF9B010700BE
FF85FF0FFF65016B
005901270003FED2
00AA0097FF8E007B
FFF4FFFF01CCFFC6
FFC2FFC9FF5801F1
FE6DFED1FE26FF8D
00AC02BA01DBFEB9
002F0090FEE8FF84
FFFF0047005B0193
FEC3FFCAFF8C0021
0136FFA8FE2B00B8
FF7B01340002019B
00DEFFB2FFC9FF3F
FFFE00DD0028FE54
FFADFF47FF5C0063
FFEC0035FF59FFF1
FEE7FF94FE5E0036
FF54FE37003D0227
006AFFDEFF660114
006F0038FF680023
0001FFA700E60070
FEE4000C0152FFB6
FF27012AFFD50106
FF3C006BFFE5FFE9
FFC7FED3005FFFB6
005300D7FE8A00AA
FFEC00C8FE720085
0082FFF0FF7D0070
FFEAFF92FF97FF68
FFD5FF61FFFFFF63
00E3009DFF5C0019
FDB6FF760018003C
FFD400F9FFEDFFC5
FF0300C400C0FF94
FECEFFA8FF7CFEC0
FFC4FEE300DC0017
0014FFA200BBFE70
008C00940041FFC1
FF7AFF88FF88FE6D
0095005300EC0007
FFF300A1FE50FF67
FF950135002C0179
00E400EDFEC6FFDC
FE7B00380092001E
01DA01A700C5FE84
004200B3FFE1005C
FE6BFF7F0084FFE6
00D0FE39000E0010
FF4F016DFFE9FF80
FF74FF3A012AFFAA
015EFF81FF46018A
019F0029FF7300CA
FF8601B3FF48014D
FFC400B5FE65FFD5
FF39FFDEFEE800EA
FFF4FF0CFFAD0067
009D0096FF760081
00D7000DFE730079
FE68FF7CFFA6FFBC
0002FF71FF83FFB2
000EFFF20075FFFC
FFA00013007100D0
0030FF55FFD7FF29
FFA0FFA900FF010B
FF8EFEF2FFA60136
004400830032FEF0
00950046FF70002C
FFFDFFF501AAFFAF
FFD6FF8FFFA30227
FE4BFF56FE42FF49
002202BF017BFF40
000E0090FF2FFF5F
001F000500D701A5
FECCFFEDFF4CFFFA
0122FF9FFED40093
000B00A5005E015B
0098FFB5FF7BFF40
000400C60013FEB7
FFD9FF50FF02007B
FF9F006DFF8A0003
FED6FFA0FE310043
FF10FDCE006C0207
00940045FF54013F
008AFFE8FF9A0043
FFE8FFD20142007F
FF62FFAF019C0063
FF7D0123FFDC0131
FEF000540014FF94
FFDAFEA7007CFFAD
00A600E4FE9800DC
FFAB00CCFE870081
00CB005BFFC40032
001BFF70FF95FF66
FFFCFF6AFF99FF32
017300ACFF97FFF3
FD91FF8C003F0034
FFF300AD004C001D
FF3E015E0097FF60
FE85FFA8FF96FEBA
FFE1FEFA00BB0013
FFA7FFD300A6FE4A
007D007F0015FFAA
FF55FF9BFFCBFE88
00CC00BE00AFFFFF
001B004BFE50FF3B
FF0F013700070170
00C100DCFECB001E
FED6001F00AF0000
01FB019000D0FE57
00760086FFB5000E
FE90FF6C00B8FFB5
00DFFE37FFF4002A
FF3E014CFFEAFF95
FF41FF36011FFFDF
016E0008FF3401AC
01BD0043FFBC009F
FFA00186FF380171
FFA40075FE23FF8F
FF580006FECE0102
0028FF07FFB10048
006D00B6FFB00078
00FB0001FE72007F
FE19FFA2FFC1FFCE
FFC8FF93FF91FFC6
FFD2FFF7005EFFDE
FF85001800B000C3
0022FF24FFB7FF12
FF4DFFB400F500E9
FFE2FEEEFFD1014A
004A0022004EFEF9
006C0013FF2B0014
0004FFEC01A8FFD3
FFE3FF62FFB2022F
FE5CFFBEFE90FF44
FFFD0288013BFF77
00000078FF3EFF5C
00240008012201C1
FEBCFFEBFF18FFDC
011FFFB0FF7100A5
0061004500920122
0055FFB4FF44FF1F
000600D3FFCEFE9E
FFA9FF56FEC500CF
FF9E0051FF91FFEA
FEC2FF94FDF70040
FEE6FDCF009901C6
00D2003FFF36016B
00B0FFC2FFCB0064
0004FFE4014900A0
FF8CFFA101AD00C9
FFCB00E5FFDB0102
FEC30069005DFF44
001CFE9F0066FFD2
00DC00E6FEBA00C7
FF8100F8FE6E0054
00D90070FFCB0028
0039FF49FF85FF47
0014FF94FF45FF08
019B00A7FFBC0024
FD7BFF7C005B006C
001F0085007E006E
FF6C01BB00A2FF52
FE70FF9AFF84FECA
FFD8FF1400E6FFF0
FF5100080078FE75
00C600580013FFB9
FF61FF980019FE87
00CB009A00590028
003F0050FE8CFF15
FEBA010B001A0170
0080007AFEEB0051
FF3BFFF100850034
01C701AB00F7FE6F
010C0053FF6E0000
FF01FF4400FDFFA1
00CAFE0600180045
FEEC0137FFC6FF9A
FEFCFF3E0117FFD9
0182007FFF0101B0
01C20055FFCA00D5
FFB10188FF27015E
FF920077FE2EFF17
FFB3FFB2FEB0011E
0026FEF0FFB60055
006C00F0FFDE0062
00C5FFC8FE990072
FDF1FFBDFFAFFFC6
FFB7FFC6FF90000A
FFC9FFED007A000E
FFA3000F012200D8
0016FF3BFF8EFF55
FF14FFB900AE00D5
FFE2FEFEFFD7011B
0025FFD00045FF10
00450006FEDBFFEB
0006FFCD01A1FFF2
0025FF53FFFC0213
FE8D001DFECAFF33
FFA1021600E0FF83
FFF60049FF92FF5C
0031FFD4014B01C0
FEA6005FFEDAFFD0
010BFFAE004B007A
00FBFFAF00CF00CB
002FFFC1FEE6FF3D
001B00C8FFB9FEED
FFE0FF7BFEB600EC
FF50008EFFC0FFCB
FEACFF78FDED0047
FED8FDE700BA016C
00D20057FF170185
00B4FF730010004C
FFBBFFEB015A0042
0007FF6701F50161
004D007A001F00BA
FEA80074009CFF1D
0006FE780077FFDB
00EE00D2FEC400CC
FF6400EDFE87005A
00E200AA000EFFED
0059FF41FF82FF2D
002DFF9CFF1BFF31
01EF00B2FFE0000B
FD78FF7D004A007A
0040005100D300B7
FFC0021E00A3FF2B
FE1EFFAAFF6EFE9E
FFF5FF4500F9FF93
FF09004E0047FEA4
00D400110022FFA6
FF8DFFAE0035FE9C
00E100D80032002F
006C0052FED5FEF4
FE7100EDFFFD014B
00130085FF1400AF
FF6DFFC20054FFEF
0139015F00C2FE48
01090048FF4A0016
FF26FF1700CDFF92
00CDFE2DFFFC0068
FECB00BDFFBBFF61
FF06FF5F012F000F
018A00CDFED301BB
01C70095FFD200EB
FFA901ABFF56018E
FF520049FD87FF2E
FFD7FFD2FE97010D
003EFF18FF900099
005E00B7FFB00066
00C5FFEEFED80037
FDD7FFE5FFEEFFBD
FFACFFE9FFB6001C
FFC4FFC40058FFCC
FF89FFE70158005D
FFFDFF3EFFC1FF71
FEE1FF76007C00E5
0013FF14FFEE00F9
0031FF690061FF13
0032FFECFEC4FFD7
FFF5FF9E014CFFD9
0029FF46001F01E8
FED800A5FF30FF30
FF2301B90054FFE6
FFE50086FFDDFF57
0048FFFA019D0181
FF4D0043FEDCFFE7
00DBFFD500B70071
00F9FF7000C00061
FFE9FFABFEF5FF42
001900BEFFD6FF2C
FFEBFF94FE650131
FF0200AFFFA4FFA4
FE65FF96FE15002C
FF21FD8E00A5010E
01150063FEDF01AA
009DFF1200730065
FFB9000201630027
006EFF4301DB01F5
00550085001700B3
FE96008A009DFEE8
0019FE4E0046FFED
013200DBFEFE00E0
FF9D011DFEB00024
00E200A800160012
0087FF4CFF4AFF28
0032FFB2FEFCFEFF
02070063FFCD0027
FD8DFF9B005F0051
0048001D01110096
002A0252008CFF30
FE51FFC9FF3FFE9E
0018FF650122FF80
FF00006DFFFAFEE2
00DAFFFEFFDBFF73
FF99FFC8004BFED4
00D900D7FFD80042
00BD0043FEF0FEFC
FE4A00D300080118
0002000EFF3900F4
FFCCFF820011FFDC
011B013600D2FE79
0191003DFF33FFEB
FF98FF1300DBFF66
00C5FE3B001200A3
FE86005FFFC2FF41
FEF7FF5000DB0010
019F0135FEB90172
01E500A2FFF800F8
FFB7018CFF360173
FF300041FDC5FE66
0007FFAFFEB20131
0043FF58FFDE00C2
004B00E1FFE6000C
0078FF8DFF160033
FDC0001E001AFFAC
FFA40029FFD7003E
FFB900110076FFBF
FF92FFF4018D0036
0003FF48FFC9FF97
FE86FFB100420099
0021FF62003500AC
003FFEE50069FF28
0033FFB4FE5EFF95
0001FF500126FFCF
0075FF0F0045017A
FEE8012BFF98FF26
FEE80120FFE2003B
FFEB004B0019FFA4
0026FFAD019E0115
FF370088FE9CFFCE
007CFFA20157003A
0150FF0900CAFFEB
FFC0FFE1FEB6FF8B
FFE300ACFFCFFF57
0017FF8FFE670144
FF1100E3FFCBFF88
FE77FF5FFE2AFFE8
FEEDFDC100BB0094
01420080FF220187
0095FF0D00B40059
FF9A002301820018
00DAFF2301F7023D
00A2002600400061
FE80009E00E0FE8B
0035FE9F005BFFF1
012B00A7FF6100DD
FF5900E1FEC6FFF6
00F300A60035FFC8
00A5FF28FF97FF38
0033FFE4FEBFFF1C
023D0078000B000E
FD96FFA90054004B
0049FFDE015600EE
008F027E0061FF17
FE74FFC5FF55FEC1
0052FFC50112FF7F
FF1A00B4FFF2FEFF
00E6FFBAFFD1FF50
FFB3FFDA007BFED6
00B700E5FF5E006A
00FB0012FF5AFEDA
FE1C0061002D00EA
FFB1FFF0FF290116
004AFF90001FFFF1
009301120084FE7A
019E0008FF2D001A
FFBBFEFA00EAFF93
00B9FE44FFB500B6
FE910022FFD1FF67
FF37FF44010C003B
0164015AFEBB0162
01E000DBFFB700E8
FFC20186FF19016B
FF03005AFD79FE51
0009FFBEFEE30100
0017FFABFFDF00D8
005200D0FFD6000E
0071FFC8FF2C0017
FDFC003B0028000F
FFCB0029FFC60019
FF99FFB8000FFF6F
FF88FFAA019A0009
FFB5FF3CFFDBFFED
FE8DFFA8FFF60078
004FFF710027008A
002AFE73005AFF69
0008FFC4FE79FF5B
003EFF5B00B80037
008AFF260087012C
FF6C012EFFD7FF33
FEBA00AEFF3B0089
0011006F007CFF4C
002FFFB0018800CC
FFE20082FED2FFB5
0048FFA501CB003B
014AFEEF00DFFFD4
FFBA002CFE8FFFAC
FFC600A3FFA0FFC8
003FFFBFFE4C016F
FED000DAFFC0FF77
FE24FFB2FE45004F
FF1FFDB101020015
01520098FF270143
0079FEB400E80043
FFC9003D011CFFED
0162FF0D01C30284
00D70013005B0044
FED0008D00F0FE86
0019FE6900110012
017C00A6FFDC00EF
FF7100DCFED6FF9F
00DC00AF000AFFF0
00B1FF3DFF73FF38
0028004AFEACFF0F
020400750005001D
FDCCFF7E0045000A
004EFFD201B8011C
0104022A0010FEFD
FEBAFFA5FF23FEED
0060FFC70105FF48
FF0400DAFFB4FF5F
00F8FF9DFFC9FF28
FFACFFD3005FFF25
00B700DBFF2F0051
01220021FF65FF13
FE46001C001B0095
FF3AFFBAFF390145
008AFF65FFC1FFC6
001E00A20081FE83
019AFFF0FF210006
002FFEB200A1FFB8
00A0FECFFFC00077
FE44FFC9FFC6FF4E
FF1DFF7100EE0042
012B01A7FECA0152
01C800D4004100B3
FFCD0130FF5C0129
FED0002FFDACFE00
0084002EFEE300DF
0005FFCBFFED00F2
004600B8004BFFA3
005AFFC1FFE40048
FE2000AD0092FFE0
FFDD008DFFF90036
FF7FFFC10014FF6E
FFD4FFB401B9FFDE
FFBEFF46FFAD0059
FE97FFC7FF7D007F
0086FF7600310049
0019FE69004CFFB5
FFDEFF94FE18FF3B
0048FF6600660030
00E7FF3600C300AE
FFA9017E006DFF55
FE66FFB6FE7B00C5
003B006D00B4FFAE
0032FFE701790052
0046007FFEEEFFEF
FFF2FFE30216FFE6
0148FEF3005AFF4C
FF9F0064FEA2FFD5
FF7A00DFFF95000C
0029FFE8FE9B0142
FEA60112FFCEFEEB
FE62FFAAFE9AFFD7
FF76FDBF012FFFAD
0147003FFF420124
004DFEEF0116001D
FFEC004500F0FFAB
0191FF32015802A1
00D9FF9600A8002D
FECC00CC00ADFE9B
0014FEB60007FFFD
012E00A2002E00C2
FFC70108FF5FFF89
008F007300130037
00A5FF62FF8AFF25
00000045FF08FF25
01DC0069FFCF0029
FE8CFF800003FFC8
0043FFDA01EF0119
01270212FFFCFF67
FEF8FFDEFF35FF27
008300000129FF6F
FF0F0119FF27FF89
0101FF6AFFE9FF1A
FFECFFC400A6FF4B
00930088FF190087
019C000CFFE0FF17
FE76FFBA004E00B0
FF2AFF85FF5B0143
0102FF66FF86FFA3
FFA60039005EFEAE
0142FFD5FF7A002F
00D0FEEE006AFFE2
00B4FF41FF7500AF
FE45FF3EFFFAFF6B
FFA0FFA70111001C
010601FCFED4007B
01D600ED001700B1
FFD500CFFF54008A
FEE6004FFDDEFE35
01080040FF2200B4
FFFD0045FFDE00CC
003000AB0045FF63
00120001002A0016
FE92011A00ACFFC1
FFF500AD0068FFE0
FF6CFFD7FFDDFF24
FF8CFF9E01D3FF9E
FFA9FF59FF6D00CF
FEEAFFDEFF66005E
0099FFBC00230046
002DFE450046FFE9
FFC8FF46FE10FF4A
002BFF78FFEE007D
010AFF6800B90004
002301780052FFC2
FE49FEC8FDC500B5
00770046010AFF8C
0010FFB2013AFF88
00C4006AFF01000A
FF87002C0219FFD1
0108FEC9002FFF2E
FFAC0082FEB4FFF8
FF610102FFB20059
0069002BFEC80184
FE9C00DB0003FEA3
FE59FFB5FEF9FF94
FFCEFE16011EFF25
013E0047FF2F0091
FFF6FEAE0180FFD6
001200320084FF7A
021DFF7B00F502BE
0110FF2D0105FF7A
FF5B00E700B2FEBC
FFEAFEE3FFA1FFE4
01210023009600C1
000300EAFF35FF41
005D0048000E007C
0076FF36FF5BFF50
FFD600EDFF38FF48
01620092FFBEFFC2
FF23FF97FFCDFFC5
002BFFB2022F00F6
01F1014DFFABFF9B
FFB4FFDCFF35FF9E
00AC00400125FEF8
FF4E0154FF20FF76
0108FF600001FEE0
001BFFE40049FFA7
00670084FEEF0075
01F0FFEC0010FF3F
FEDFFF71005D0041
FEDDFF89FF4F013C
00E4FF1DFF5CFFAA
FF3B0025006FFF14
00E3FFCDFFC80029
00CAFF15FF900004
00A1FFA4FF760095
FE1CFF0F0046FF63
FFE7FFA50139FFFC
00BB0232FED10049
019300B9001100A9
FFAB008FFFBD0044
FEC5004CFE16FE05
01400073FF760035
00150068FFA100B4
001E0062006AFF44
000D00250048FF91
FF0300FA0062FF99
FFDD00600041FFBB
FF6CFFE9FF74FEF3
FF55FFCB014AFFE8
FFB6FFACFEFC00CA
FF68002EFF13007C
00A1FFAAFFF40041
002BFEA90058006A
FFEEFF24FE33FF3A
002FFFB1FFBC0098
0104FFD800C5FF8B
00B901650018FFD8
FE8AFE00FD6B007D
00B100670124FFC5
0048FFC700F6FF30
0122005AFF8F0001
FF8E004F01DAFFAA
008FFF3D0002FF31
FFBA00FCFE88004B
FF4D0132FFAD009A
0060005DFF680102
FEE900AB0020FEA0
FE81FFD3FF3DFF48
001BFE5C00EFFF3F
00E8002FFF2C004A
0005FE7C012EFFB4
003D0005FFFFFF22
0236FF970067028D
00D8FF2E0106FF28
FFF50114005DFF2E
FFDEFF20FF42FFC0
009EFFBB00ED00AB
00690109FF5FFF61
003F0014FFEA00B5
0029FED8FEFDFF2C
FFC600DBFFB2FF42
010100C5FFB4FF7D
FF7BFF75FF37FF75
FFF8000801F800C1
023E0081FF4D001F
0016FFEBFF6CFFBE
005E0074014CFECD
FF5A0128FF2EFF17
00CAFF5B0052FEB6
0044FFD00001FFDB
00290009FF1F0078
022C000DFFE4FF76
FF70FF1700AB0039
FEAEFFD1FF26011E
00C9FF1CFF84FF9E
FF22FF680084FF45
0018FFC4002E0043
011CFF9AFF340081
00C20014FEC900CB
FE2FFF130033FF8F
00A3FFDD0149FF94
00B40245FEC2FF6C
0122006C00540099
FFB200650039FFC4
FE98000DFE7BFE55
016600A6FF91FFEC
FFC800A4FF510062
000FFFE1006CFEFA
FFAE0061006BFF6F
FF6601890055FF56
FFF900000044FF6A
FF690065FF26FEAB
FF9CFFF70114FFF3
FFA2FF8EFE5E00EB
FF9A0071FF080072
009BFFF5FFC5006D
0057FF0C005D00D4
FFD6FE9CFE7CFF64
001DFFFBFF9F00C0
0118FFFC0039FF36
00DD011BFFE6002A
FEFEFD8EFDAD003C
00AF00A70101FFF5
000CFFD30033FEBB
012B0043FF9200BB
FF6300610139FFB5
FFD9FFB0FF6FFF94
FFD300C8FEF80050
FF030132FFB200C2
006C0072FFE100B5
FEFB00460052FEC0
FE66FFC2FF96FEE2
0053FEAD0081FF49
00AB0014FF81FFE9
FFDBFE8400CEFF9D
0057001DFF6EFF1D
0208FFAD001901CF
0091FF0A00FEFEE5
00720150FFEFFF8B
FFB5FF50FF2BFFBC
002DFEF001600096
00B500FEFF35FF6E
FFF2FF8EFFE200FF
FFF4FF00FF0BFF51
FF7700FB0044FF2B
009B0106FF62FF72
FFABFF9CFED5FF3B
FFC9FFD90131007D
028CFFACFFB10083
00920029FF6EFFFD
00600062012CFE95
FFFC011AFF18FEB1
00DCFFB0009DFEA8
0083FFD2FFB80008
005DFFCCFF130074
023F00250003FFB3
002BFF150097FFCB
FEDD000EFEE200DF
0038FEFEFF77FF8D
FEBCFF6800BFFF6C
FF3EFFC50099008E
01220000FE84009C
00CF0022FE8000BF
FE5CFF20007AFF98
00EEFFCD018FFF91
009B01A6FEECFEFE
00DBFFD5FFEC00AB
FFA400280066FF6C
FF120090FED2FECF
016300AF0010FF97
FFB100AEFF540060
FFF4FFB50033FF28
FFB100AD002DFEF1
00260185FF9EFF30
FFE8FFA8008BFF02
FF950062FED0FEB5
FF23000000A0009B
FFDBFFA4FDF700CC
0048005EFF16004C
0013FFEFFF8E005D
00C6FFD4002A00D1
0004FECDFEB4FF9A
0054002AFFD20110
010A005BFFCCFEC6
0128007FFF24005E
FF14FD4DFDE6FFA7
010F009300DC0007
FFF40020FFCEFE9D
01380013003600B3
FF6F006C0032FFC5
FF440047FF5FFFEC
002E00B9FF2C00B6
FEE30182FFC40087
004400C800480054
FF350029004FFEBF
FE8EFFBAFFDBFECF
00E3FEF40018FFE5
002CFFD8FF54FFC6
FFF4FE99008BFF87
007AFFD1FF09FF59
01F7003200080189
005BFF430149FE6D
01300159FFAC0012
FFC3FF4DFEA3FF9B
FFF3FE89015C006A
0103011EFF21FF73
FF9DFF50FFA40157
FF80FEE9FEE0FF57
FF7D010700AAFF32
0047012BFF5BFF3B
FFBDFFACFE8FFF55
FFC2003A00B60008
029CFEFDFF800103
00E80004FFA8003F
0017008A0133FE89
007500BCFF4EFE67
00AFFFAC0102FE8A
00AF000FFF740020
0010FF70FFAA0073
02350041FF6BFFE7
00DDFF1C00C9FFE7
FEDB002CFEEA0077
FFEAFF1BFF85FFC9
FEDBFF530112FFA3
FEDEFFFD00DC00AD
00F70063FE6800ED
00F40039FE8200AC
FE5BFF1D0077FF84
013D001F014EFF69
007E0190FEE2FE9A
00F7FFA2002700C5
FFBF0029008AFF37
FF51004BFF5BFEEE
014E00D30014FF7C
FFD900ACFF17000C
FFCBFF96FFF7FF04
FF9500A30053FEEC
0055018DFF9CFF05
FFC6FF35006CFF09
FF850091FEF3FEC9
FF2F0053004800A0
000BFFB7FDD400A9
00A30094FF000092
00000009FFAB0098
00D90055003900B0
FFF6FE83FF22FFAD
00540046FFE000D2
00E700A3FF28FEEF
0101004CFEA50092
FF9DFD7BFE48FF1D
00F5009400980000
FFFC0007FF70FE66
00E2FFF4004800AE
FF900094FF88FFAC
FEE400BCFF260040
00480082FF8600A8
FEEC019EFFCA008A
008200F000DDFFBA
FF52FFCF001FFF1A
FF1AFFEBFFCBFE8D
00B8FF26FFFE006E
FFB10013FF7EFF78
FF97FEEF0046FF93
0091FFF4FEE4FF49
01610050FF8D00D6
FFE1FF4300F5FE83
0112016DFF1D008D
FFA0FF7DFED3FF61
FF84FE8600EC0080
00FD00C5FF32FFA8
FFBBFF75FFA9014F
FF72FEE4FF31FF28
FF7500CD0136FF20
001B015BFF3AFED0
FFDAFFF4FE1EFEDA
FFAF004D001CFFCF
0261FE7EFFF10145
00D40039FFE20052
001800930122FEC0
00C6009DFF86FDFF
00CA005400EDFE75
00A6FFE4FEF00013
0019FF6D000D006B
01E30002FF710029
012CFF2F00B00012
FEFC0079FEF6003A
FFD1FF77FF8CFF91
FEDFFF45012AFFBC
FE73FFFE013600A9
00B900A7FDF100EC
00DF0037FE660081
FED0FF570097FFB1
014B00170158FF6F
00620114FF21FE7C
0087FF95FFE500DB
FFAF00330090FEFB
FF530092FF69FF22
012700F70036FF53
FFC7008BFF0AFFDA
FFBBFF7DFFDFFF48
FFE300CF0026FEE2
00D30181FF7AFF32
FFE1FEF1006FFE9B
FF5C006BFEAAFEEA
FF0B004DFFD500DD
0006FFB7FDFB009F
00DF009DFF1E007F
FFDD0011FF8B00CE
00CD00AD001C00ED
0003FEB8FF78FFC0
005500BEFFED00EE
00BF00DEFF04FEAE
012EFFAFFEA800CF
0009FDC8FED5FF01
00ED009C0079FFCA
00040032FF0EFE62
0114FFAB005300C7
FF8C00ADFEFF0012
FE7E0133FF3600AB
00690087FFCD00E4
FF0A0175FFE2007F
008A00CF0109FFA9
FFE3FF93FFFBFF53
FF4CFFE8FFEFFEBF
00D6FF52FFF000A9
FF6AFFDDFFA7FF72
FFC1FF080003FF75
00C3FFF4FE94FF51
01240077FF530055
FFB9FF84010EFE88
0161013DFF2600EE
FF6CFFBBFEEAFF6A
FF60FE5400E90062
012F009EFF3FFFA6
FFB1FF1CFFBC0198
FF13FF36FF0AFF14
FF6C00D30154FF56
FFCD012EFF11FEDB
FFF30006FE19FEC6
FF960054FFCCFF82
0219FE300007014F
0129FFFEFFE2007B
FFE1003E00F1FEB5
011F006BFFA6FE03
00D00062012CFE6E
00A0FFE2FE820000
0007FED1009F005D
01A60044FF1F0058
0198FF6700BFFFDF
FF6300C5FEC60005
FF6CFF9AFFDBFF92
FF3EFF970130FF85
FDFA0029014900BB
003800C4FDFF0115
011A001EFE78008A
FEF0FF6D0099FFAD
0167FFDC015EFF1E
006A008AFF2EFE8E
006AFF49FFD300E6
FF8F005B0070FECE
FFB300A8FF56FF64
00C000BF004CFF5F
FFC20077FF09FFEB
FFECFF49FF9EFF58
FFD600EAFFFEFEE4
00EA013CFF57FF3D
0011FED7006AFE78
FF9A0053FEA9FEC7
FF38007CFF8400FB
0013FFBFFE4A0094
010400A1FF51009B
FFBD002AFF790103
00F700EBFFF900BE
0037FED4FFEEFFF1
006A00D6002F00F5
008B00F5FEC8FEB9
00AAFF46FE0B00CA
001DFE2EFF32FEBC
00AF008F0021FFA6
002E0022FF01FE85
00CAFF41004600AC
FFAA0087FE480015
FE240193FF130129
009D0068002C00AF
FF02018FFFDA0042
009B00F00112FF76
FFBAFF86FFA3FF77
FF55FFF7FFB3FEFA
009FFF0FFFF00137
FF57FFF5FFF5FF3B
FFA2FF3AFFBEFF66
00D3002BFEA2FF73
00D200BEFF3FFFD5
FF34001E00E6FF17
01550137FEDE013A
FF8AFFBFFF04FF55
FF9AFE6B00F5007B
01020099FF12FF9C
FFBEFF06FF97019F
FF1CFF14FF55FF4A
FF5400B00179FF1A
FFAA0145FED9FEA3
FFABFFD6FE1AFED5
FF8A00A0FF96FF4C
01A7FDF8003E0142
01050009000D008F
FFE200000084FF18
0180006DFFCAFDAE
00BE00830123FEA2
0082FFC7FEA1FFD2
0020FEF500B6004F
0161002DFEBF006E
01CFFF5500C40031
FFA100C7FEF3FFCB
FF2DFFD40005FF84
FF7AFF7F0122FF8F
FDB3004A018300B8
FFFB00A6FE040145
0137001CFE690028
FF06FF7E009FFFD4
0177FFF40151FF16
00600038FF5CFE9F
007DFF48FFD500D5
FFAC0072002EFEDB
FFC700C2FF6EFFBC
00A000CB004DFF6E
FF840047FF0CFFC3
FFCFFF45FFADFF5E
FFF700FBFFE7FF04
00F80122FFBAFF38
0020FEAD005CFE56
FF7F003FFEAFFECD
FF240078FF1900F7
0024FFA3FE8F0068
01110073FF74008E
FFC50006FF8D011C
00ED010BFFE2008D
0044FF16001F0021
006B00F3001E00D3
0058011DFE88FECA
005BFEFFFE0A00E6
004BFE9EFF9EFEB9
00E600A4FFE6FF9C
004B002DFEC2FE83
009EFF3B007A009B
FFA200A8FDC80042
FDD801F7FED3015D
00A4002900620099
FF1F0160FFFE0024
008800E0012DFF50
FFF1FF5AFF85FFB3
FF8F0030FFBCFF18
00B6FF3C00070163
FF24FFEBFFF9FF26
FF87FFC4FF9BFF6F
00DD003AFE91FF86
007A00E1FF07FF43
FEE9003F008FFF67
014E010BFEC7017E
FF5DFFC4FF30FF57
FF4AFE9300B2007E
0128008EFF3DFFB5
FFAAFF13FF7801C9
FF16FF37FF77FF46
FF450097018EFF66
FF7E0147FE98FECE
FFDEFFFEFE24FEC2
FF9700C0FF62FF18
014BFDB5005D0140
00FEFFF1001600AB
FFCBFFE90064FF80
019E0058FFE2FDB6
00DD00B5010CFEE6
0041FFC1FE68FFBE
0017FED601160042
01040026FEC2009B
0228FF7700950023
FFDC00EDFE9DFF92
FEE5FFF20023FF8D
FFCAFFD4010BFF73
FD72008D018100BC
FF7500CAFDF10146
010AFFFBFE850032
FF35FFCC009AFFE3
018AFFB00125FF16
004EFFD9FF63FEC2
0058FF24FFD800D5
FF9A00B4002FFF30
FFF700BEFFA0FFFB
005A00BD003BFF7C
FFA3001CFEEDFFBA
0009FF3AFF94FFB4
FFF900DBFFBBFF1B
00DE00C9FF80FF32
0004FE9D0043FE46
FF85001FFEBDFEDB
FF3C0072FECD014E
0044FFB6FEAB0009
01030065FF9B009D
FFB0FFF0FF46013D
010D0151FFB8007C
0062FF33004B0027
007C0110008700F5
00430105FE62FF4B
002EFEBEFDC600C5
0087FF260037FE8F
00D90097FFB5FF93
00470047FEDFFEC8
004AFF0D0066005D
FFD30093FD9A0049
FDAC0213FF0A01AC
00AC000F008A0082
FF2A01370007FF97
006D00B80133FF1E
002FFF40FF8AFFF5
FFA3FFF7FF8CFF3E
00A7FF2BFFBC01E1
FF23000B001BFF4A
FFC2FFE7FF3FFF76
00BE003BFEB7FFBC
002200C1FF3DFF0F
FEC70083008EFF9B
012E00FCFEC401A3
FF78FFB9FF4DFF45
FF58FEC100730081
00E50086FF15FFD6
FFEEFEF5FF6501BD
FF05FEFCFF68FF48
FF4C005A019CFF44
FF5C0138FEA7FEDF
FF72FFDAFE4AFEB9
FFB400E2FF44FF04
00DBFDD200700144
00C6FFF000300085
FFB2FF900045FFAC
019F002E0018FDAA
00B700AD0124FEF4
0049FFB3FE99FF47
FFE2FEE2014C0051
00B50058FE99007D
020AFF980096007A
00460114FEB2FF63
FE94002E0065FF66
001D004B00D7FF76
FD6000AE017600C9
FF1900C0FE03012E
0115FFCCFEA2FFD1
FF8D0008008DFFF4
0143FF93011AFF0D
0032FF5AFF9EFF26
0049FF0B00050099
FF9F00F90017FF60
000E00A6FFAD0031
FFF900B10065FF79
FF8EFFBFFF0DFF9A
0009FF15FF980002
001200E3FF81FF4B
00C10088FF85FF3A
000DFEAD0010FE37
FF81000FFEE5FEE9
FF6B0092FE790149
0057FF94FF05FFCF
00F9008BFFDA0087
FF96FFC9FF57015F
00DF0178FFAF000E
007AFF6E00AD0047
00A10138008B00B9
FFF500F9FE6BFF5B
FFF3FE90FDF0006C
0093FFEA00A0FEB4
00DB00CBFF67FF92
006E0058FEE0FF38
0021FEE8009C000E
FFC30070FD1500A4
FD940269FF0A0202
0098FFE700B80065
FF6001190023FF47
006200A9011EFEC6
0061FF38FF400016
FFC2003AFF72FF68
005FFF1EFFD0022B
FED30019003EFF5F
FFBD0023FEE3FFC1
00E50056FEB6FFC7
FF7E00BCFF48FEAA
FE7400F5003D0029
010C00DFFECC0198
FF67FFE8FF96FF66
FF4EFEE7004E006A
00F90089FF14FFF1
FFEEFF02FF4401AF
FF1BFF31FFCDFF60
FF4100170175FF70
FF4C010DFE8DFF2C
FF7AFFBDFE87FE8D
FF970128FF08FEFA
002DFDF800AA0139
008EFFF800200051
FF9BFF60FFF30023
0195FFDD0039FD98
008C00C50119FF4C
0006FF91FE9DFF23
002CFEF2014C000C
002A004EFE92009A
021FFFCE008300A4
00A6011FFED1FF70
FE67006A0096FF62
006E00BC00B2FF7C
FD4E00CA015100D4
FEAE00C9FE5D0125
00F3FF66FED3FF9B
FFBB005300700003
00E3FFBC0102FF2F
002AFF14FFA0FF4E
0047FEE800340089
FF920117FFCAFF89
006300A6FFAD0034
FFE800B60056FFAC
FF83FF86FF21FFA5
0051FF32FF960047
002B00DAFF55FF92
00860041FF77FF5C
0014FEA3FFFAFE4A
FF58FFACFEEFFF3A
FF6E007DFE70015A
004DFF9CFF78FF6F
00AA0086000400A2
FF56FFB7FF5301B6
00DD019CFF86FFE5
007FFFBF00F50067
00B0014000BD00B4
FFD300CBFE20FFB6
FF83FE5CFDEB0075
007000920135FEB1
00A800C2FF2FFF3E
007C005AFF0BFF75
FFC3FEB00076FF9E
FFD70070FD0A00CC
FDA50260FF5C0232
0095FFA900E1003F
FF8E00F50020FF07
004900840110FEE0
009AFF25FF43004E
000E0028FF29FFC7
0015FF26FFDB0269
FEB400510084FF80
FFAA005DFEB9FFDE
00D60079FEE80012
FF3E00C0FF88FE91
FE7601140029007C
00B000CEFF0C019E
FF7EFFB8FFDDFF63
FF7DFF53FFDB00A3
00B10085FF0DFFE9
000AFF41FF49018D
FF22FF3D002FFF4D
FF80FFF40169FF9C
FF4F00CEFE9BFF2F
FF3EFFDEFEF5FEAB
FF8E011DFF08FEF6
FFAAFE5E010600F0
004AFFC900580070
FFB5FF1CFFD8004A
0167FFEE0029FDAF
008300DD011BFF89
FFD1FF8DFEC3FEF0
001CFEE30196FFFA
FFA6002EFE860060
01F90012007300FD
00860141FEADFF6C
FE58007200C9FF79
0070010200B6FF6B
FD5400A1014000B5
FE5800CFFEC3012B
00E7FF26FEF8FF54
FFB900630041002A
00ABFFB400D1FF61
0059FF0DFF93FFB6
0056FF11003D008F
FFA4016AFFB6FF9A
0068009BFF8D003A
FF85009F004BFFB4
FF7CFF74FF23FF84
002DFF61FF6F008C
003800C4FF1BFFBD
003D0019FFB7FF8D
FFE3FE94FFD3FE7D
FF4BFFBEFF3CFF6C
FFB30088FE5B0142
0083FFA9FFBFFF6F
00900080FFEB008C
FF70FFA5FF6901D4
0081017FFF9CFFB2
005DFFE1012B008A
00AF016F00E90098
FFA900A2FE22FFDB
FF3EFE6CFE23004E
0075012F019AFEEA
009800D6FF20FF36
00930055FF33FFE9
FF9FFEB50030FF87
FFFF00A1FD070101
FDD00279FF9E025A
007CFF6201030019
FF8E00B0003AFEF4
004600CC00D2FE94
0099FF23FF2E00C4
001A0028FEFFFFF1
FFE9FF1B000602B7
FE89004D0070FFBC
FFDB0057FE9DFFF4
00E00099FF06003E
FEEB009BFF9BFE90
FE540142000000DE
007700C8FF260185
FF96FF8E0023FF91
FF6EFF71FF850079
00B60069FF320000
002EFF69FF4F0159
FF62FF56005DFF5E
FF9400020131FFB6
FF8800C1FEA0FF8D
FF35FFC2FF21FEAF
FF9B010DFECEFEE7
FF2AFEC7014400AB
001000000044002E
FF87FF0BFFC80091
0161FFD6004FFDD4
00C100EA00FAFFB5
FFA7FF77FEE5FEDF
002FFEFA0196FFFB
FF480026FEA50081
01AD0059002D0100
00FA0139FED2FF66
FE7E00D100F5FF5F
0133016200D4FF64
FDCA00E7012600BD
FE3F0090FF5100C7
00E7FED8FF60FF4F
FFC700C5003B0018
0026FF7C00E4FF6C
0096FEF5FFC8002F
0092FF7900290053
FF870177FF66FFC8
00C000C9FF3C0078
FF96008B001EFFE3
FFE9FF56FF27FFB9
006EFFEAFF6E00AD
004800B1FF1C0066
FFC9FFDFFFD5FFB1
0003FEDD002FFEB0
FF34FFABFF91FFA7
FF910062FEBD0112
0043FF58FFAAFF66
007B0043006600D4
FFA8FF2CFF8301F1
0055014DFFCCFF52
003BFFDF00C10073
00A7016400E0004B
FF7A006BFE3A0065
FED7FE5CFE090025
003501C401C3FF22
0080007EFF10FF1B
00710032FFA20070
FF54FEABFFECFFA5
004200ACFD1D0144
FE26023BFFEC0260
00A5FEFE00CCFFC4
FFB900C50031FEC6
FFF4006E0050FF08
009AFF81FF1B0084
FFEA0026FEA90038
FFBFFEB5004302DD
FEE300280027FFF9
FFF20048FED5FFFD
00DA006BFF7F0089
FF050092001EFEDA
FE9D013200160107
FFF10075FF580107
FF84FF40009FFFB0
FFCEFFDBFF390076
009F009BFEF1FFEB
0049FFBCFF50015B
FF58FF7D0042FF5C
FFF0FFF900C9FF77
FFD90097FEA2FF9F
FEEAFFEDFFCEFEE1
FF980116FF15FF04
FECBFF6D012C00B6
FFBDFFDF00370049
FF85FEBFFFB700AC
010FFFBD0073FDE5
011800CF00E5FFB6
FF8CFF92FEC7FF05
0071FF2B017F0011
FF460007FE77001C
012E00A5002C0135
00D00124FEF0FF8A
FE6500E500F8FF71
012901BB0110FF12
FE7300D700CD00AB
FE260004FFE00068
00F4FE6AFFC1FF7B
FFBA00FD002FFFD7
FF98FF3E0100FFB7
00B6FF1FFF8B00A4
0097FF68FFC60083
FF6C01A4FF26001E
00C80122FEA70007
FF7A004AFFE7001E
FFF6FF35FF2B0002
00B00065FF6200CB
00720078FECE00E5
FF3FFF9CFFE8FFB8
FFECFF27001DFF3A
FF47FF91FFC70006
FF8A0057FF730105
0041FF27FFCCFF5F
00540000005800F5
FFA2FEBFFFCD020E
004A00E8FFC5FEF4
0046FFEE00350035
00CC01590115FFFF
FFB2004AFE8A00EF
FE7BFE93FE64FFE0
FF7602520199FF7D
00460045FF6EFEF3
00590020003200E1
FF64FEC9FF8DFFC5
005A008AFD810134
FEBB01CA004D0264
0071FE9F0082FFC8
001C00DE0006FEBB
FFE60030FFE8FF80
003C0018FF220042
FFD8FFE8FE4A0073
FF51FE3400A102C2
FF280041FFDE0071
00020058FF510027
00D40022005300AC
FF8300560091FF89
FEDA014000570130
FF7C0067FFAA0068
FFCEFEE1011FFFD4
003C001CFEDF00AB
006900D3FF15FFD6
006FFFF1FF7B0135
FF83FFACFFF3FF1D
0072FFF40042FF5A
008B0047FED1FFB0
FE9FFFE50055FF3C
FFA80121FF86FF24
FE7A003000FA0046
FF4DFFB6002B0011
FFA2FEAE00060084
0062FFCE0042FE00
010400B900EBFFA5
FF4FFF90FF36FF05
0084FF74016B0010
FFA0FFFEFE57FF99
008800AB00340186
00CF00BEFF15FFC5
FE6A00BC012DFF7B
012A017500EFFF34
FF0400FC008400AC
FE24FFCE0049006F
00E9FE2EFFCBFF99
FF8800FDFFFFFF9A
FF58FF6100E2FFA1
0108FF54FF880100
00A8FFA9FFE40095
FF7F01E2FF3C004A
00C400CAFE5DFF90
FF630012FF800044
FFE6FF54FF1E0052
009F0062FF8000C6
00460075FECD008A
FEC4FF6D000DFFE0
FFACFF53FFEBFFD3
FF5BFFB8FFD50033
FF59004DFFBA008D
0011FF25002FFF39
FFE2FFF8005800FD
FFB1FEC4001E020E
0044008BFFCBFEAE
0071FFD4FFD80021
009C01010111FFB0
FFB3FFFAFEB30134
FE4AFF05FEDEFF9F
FF32028A01C1FFAB
000A0077FF4CFF05
0067FFD900790142
FF1EFF22FF37FFC2
00840042FE0E0140
FF0301950070021E
005FFE610012FF85
004300BF003BFED5
FFCDFFFCFFA1FFA4
002E0045FF1B007F
FFBBFFF0FE0F0089
FF21FDE60085028A
FF6A005AFFB800C0
FFF5FFD5FF790083
009CFFF300CA00CF
FFB1FFFD00FBFFDA
FF100153001D013E
FF39005B000DFFF4
FFDDFEC0012A0013
00610020FED800E0
003900E2FF38FFFA
00950033FF7700FA
FFEBFFD9FFBFFF10
00E4FFA8FFD2FF0D
01020015FF48FFAE
FE28002800A2FF3D
FFCA0107FF55FF41
FE770099010C0042
FF29FFE0000AFFC9
FF80FED1007E0070
0024FFBA001DFE22
010900F200A6FFA2
FF2CFFCEFF13FF21
00BEFFD700FC004A
FFB90005FE5AFF8F
FFF100CE00270157
00950068FF3BFFA7
FE7F008D010AFF66
0121019700D8FEFC
FFE0008E0021008B
FE7BFF0B00DD001A
011BFDF3000AFFB0
FF8E0110002AFF7B
FEFFFF1800C4FFF8
011CFF9DFF660129
00FAFFDEFF8F0096
FF8B01AFFF2B00CB
00EA0124FDDEFF8B
FF94FFC0FF28008D
FFF8FF4FFF6500B0
00A60099FF8C00B2
00750072FEC000C4
FE7DFF5C00040025
FF81FFA900110041
FF7EFF9FFFDC0023
FF4400210078008B
FFF1FF14000FFF4A
FFD5FF95007D00E9
FFC6FE3C00470193
000EFFF3FFC0FE98
00860029FF69FFFE
007C00C200C9FFA6
FFC3FFF1FF5C0122
FDF3FF89FF08FF76
FE99029501250003
00080030FF79FF14
006BFFD500FB0189
FF5AFF4CFEDFFFCD
007D0064FEB80154
FFCD00E9007F01CC
0023FE61FF91FF6C
008C00F20004FEE5
FFD0FFB4FF410026
FFCA0090FF3EFFEA
FF7FFFA4FDFA00B9
FEE1FDC000CD0202
FFE70085FF3000F0
0054FF92001100AF
003FFF84016B0120
001E0057014E008C
FFCB011C00370152
FF12004F0068FF48
000DFE3B011D0025
00A4005CFEB3010C
00110130FF70FFAF
00820035FF9E008B
FFE6FFFBFF39FF2C
011CFFEEFF6FFF10
0172003AFFA5FFA2
FE3CFFF10115FFC9
001900FA0001FF7F
FEA9014E0090FFB1
FEB4FF8EFFDBFFA3
FF75FF1F00FB0046
FF64FFFC0028FE6C
00FF00B0009EFFCD
FF1BFFE5FFABFF6B
00A90035007C0049
00190029FE58FF1F
FF8900B000480132
0052003DFF890001
FE9D007C0114FF73
00F2013100BAFEF1
005A00830002009A
FE9DFED000EB0017
0125FE13FFEBFFF8
FF7800DB0011FF54
FF01FF4300A3000B
0138FFC2FF43013A
0109FFDDFF69007F
FFAC0194FF6900FC
00C30146FDB6FF21
FFA1FFEAFEEA009F
FFF6FF75FF7800DE
00A50088FF95007A
005D004EFF2400BD
FE4EFF8400590043
FFD4FFC900290076
FF88FFC1000B000F
FF1FFFE300BD0048
FFBAFF1E0043FF61
FF8FFF8C006C0135
FFBAFE730065017C
0032FF90FFA1FECD
007BFFB1FF1FFFBD
0055005B009BFF57
0023FFDEFF83012D
FD94FFD7FF77FF8D
FE2C026500A00050
FFD70023FFACFF2E
005BFFB4012D0176
FFB8FF8AFE76002E
001CFFFAFF1100F2
001F009200720184
0036FE53FF41FF83
004E00EC0000FF45
FFC3FFC9FF600080
FF8A00CCFF25FFD3
FFA4FF8FFDFC009A
FEADFD8100C001CF
002A0093FF6B00F4
0039FF84001E009C
FFEEFF9C01BA012E
00B0001A014800E2
FFD90121003A013E
FEC500680070FEFE
0034FE2B012E0038
00A5004DFEDA013A
00270139FFA2FFAF
0054005500090091
000D006EFF02FF27
0140FFE5FFA5FEED
01B9000DFFBAFF86
FE27FFF7012BFFD1
001B00C60028FF8E
FF39018A00A6FF7A
FEF4FF69FFFDFFA8
FF9BFF30012E0063
FF4F002EFFCCFE79
00D9009D00C4FF87
FF420018FFD8FF98
00D1006900310067
00910003FE40FEE3
FF62006C000F00EF
002AFFE6FFB00042
FE82001F00C3FFA6
009B00B900A1FF10
00FD0099FFA000D1
FF5FFE7101060028
013AFE26FFB80036
FF2D00CF0002FF27
FF11FF3A0080000B
0161FFE5FF26010C
0129FFF8FF8500AA
FF910156FF9A00FB
0077011EFDAFFF00
FFF0FF69FEC500E1
000BFFC4FFCC0150
008D005BFFBE0011
00010087FF3E0079
FE8AFF64FFF50056
FFE10000FFFC0116
FFAA0013FFDC0003
FEFE000101370014
FF9DFEEB0042FF6F
FFB0FF7B005700E6
FFCCFEDB0085010E
004AFF72FF66FEAF
00C1FF8DFED9FF92
0015FFED0066FF36
00AEFFE8FFDA0116
FDE60026FFB6FF3D
FDD5020100290036
FF7E0053FFF1FF54
0006FF8101070152
FF95000AFE3E0057
0018FFDAFF9F00EF
0039001D003F00F0
002DFE6EFEAAFF47
0059011C0033FF99
FFD0FF7AFF5C00AD
FF7500CCFF22FF85
FF6EFF68FE4000AD
FEE3FDCC00C4011A
004700C6FF1C00FB
006FFF30009F00B3
FFADFF2F01F3010C
0111FFF70193014E
005800CE006C0140
FEFC004700DCFE3C
0066FE33010C007A
00AE004DFF35018B
002E010E0010FF90
00180023002D0015
001A007CFECFFF2C
0162FFD8FF38FEEF
01F70025FFF4FF4B
FDE80015014FFFD8
005C009A0037FFCB
FF9B01BF002EFFAC
FEEFFF51FFD5FFC4
FFCCFF7D01B0FFF9
FF39002EFFA6FEBC
008D009200A7FF67
FF9D0059FFF0FFD9
00E800CDFFC30090
01080032FE5FFEF7
FF490027006300B3
FFFEFFB8FFD20034
FED8FFEE0067FFA9
002E00710075FEDA
013E0098FF8200CC
0001FE670101002C
0150FE6BFFAD003F
FEFD00480006FED0
FF20FF2B0066002F
014D0044FF4200EC
017D0011FF5700EA
FFC9011BFF5100A9
00A30146FD86FED5
FFF4FFAFFE8B00E6
001B001FFF9D0184
00560038FFC5FFDE
FFF20078FFB5002E
FEC1FF8C004E0089
000500410018012D
FFC1001EFFE7FFF0
FEEBFFF20161FFB4
FF6EFEDD006FFF98
FFBFFF87000A00E1
0006FEE200A700B8
005CFF0EFF5DFEC4
00A0FF7EFEAAFF6B
004BFFA2002BFF24
00CA000D001700C1
FE470073FFF8FF60
FDAF0165FF9A006E
FF8B00660033FF7A
FFDDFF63012B0147
00160033FE140086
0007FFC3000000A2
00600008002D00A7
0036FE85FE9EFF7E
008D015D0023FFBB
FFB8FFB4FF6400F3
FF38011CFF0AFF39
FF41FFAAFE540085
FF15FDB200BE009D
00850099FF2800D0
0062FEF0013800DD
FFACFEE701F100C1
019CFFFF016C01BB
006E00B9009F00B8
FF0D005200CFFE1B
005EFE2B00D900A2
00CD0065FF96018A
005900FF0024FF78
FFE500380037001D
00490089FE89FF40
019BFFEDFF39FEBA
01D900400042FF3B
FE0000010110FFB1
007F00A1007EFFD2
002A0172FFF0FFC9
FF10FF43FFAAFFAC
FFC8FFB0020CFFEE
FF4E0075FF64FF28
00710052007AFF2F
FFC9007EFFED003E
00E600CCFFA100B3
0189004EFE86FF13
FF3CFFF5005200A7
FF7EFFBDFFDB00DB
FEFEFFA50047FFB8
FF89FF880086FED3
01450085FF6C00F0
004DFE5F0079003A
0134FEA9FF1900A9
FEB0FFA8FFDFFF02
FF6AFF60006E0012
017C0073FF1E0057
01680011FF4E00A6
FFCE00D2FF87005C
002C00CDFD9FFE45
0020FFC0FE5300C3
FFFB0099FFC101A9
000D003BFFFCFF4F
FFBF0097001FFFB9
FF1FFFFB003C0087
0002007E0064012B
FFDC002EFFFFFFAD
FEF6FFB0018CFF75
FF78FF070085FFB1
FF74FF5BFFAB00B1
0045FFAF00A400C9
005AFF1BFF78FF42
0031FEF2FE70FF32
0001FF840010FF23
0135FFF000500022
FE82007E0054FF9A
FDB3009CFECA007F
FF44005B00C4FF80
FF9DFF4F00FB00A1
00E70027FDC900D6
FF9EFFDA006F0042
0062FFA6000B0021
002DFEB6FE90FF79
FFEA015C0027FFEF
FFC80005FF99013D
FF3100DAFEEDFF2F
FF17FF9BFECC004A
FF50FDDB010E003F
00B60091FF2F00AA
0015FECA016500D0
FFAEFEDE01B600D6
02380009012F01F0
00B7001A00E8003B
FF420069011AFD9F
0040FE3F007900C1
00B9FFF0001A01AE
00B3011E0042FF0D
FFA5FFEA00BB0014
0044009EFE8FFF5D
018F002BFF6CFEAE
01F000190059FF0C
FE64FFF900FAFFAC
0032002E00B6FFF7
00E50131FFDBFFFD
FFD2FF65FF7DFFE0
FFFCFFD6026AFF5F
FF880088FECBFF78
0050003800BFFED4
001D008EFFF60086
00EF00A7FF430106
0201003CFEC3FF1E
FF4FFFB7009AFFFA
FF94FF90001B00D4
FF66FF52FFD3FFC1
FF25FEFA005DFF24
0119008BFF6C0130
0138FE7100480057
0115FF23FEFD00BD
FEB5FF4EFFE4FEB2
0000FF6200530022
013B008BFF7EFF89
01640027FF36009F
FFFA0080FFB9FFDB
002E00ECFE0AFE7E
004DFFE6FE530092
FFFD0120FFCB01A5
FFE50019000AFEF4
FF6F00CA009AFF9A
FFA1004F00390050
004900AF006C0120
002A007EFFDBFFA0
FEF3FFFD0162FF09
FF5CFED3007BFFEA
FFC1FF87FF820071
0044FFF7009F003C
0090FF30FF7FFF20
0069FEDDFE2DFF0F
FFD5FF3BFFC8FF2B
01730032004CFFC8
FF4100AA0041FFE8
FDB4FFDCFE740058
FF6E007B00F6FFB9
FF58FF560094002C
01130072FE190137
FFA7FF9A0057FFEA
FFDDFFEFFFADFFCE
0056FECDFEAFFFC8
0003017D004D0018
FFCC000FFFFD012A
FF410111FECDFED8
FF23FFA7FF72FFEE
FFFCFE5A00AFFF82
0078003FFF5B0057
FFD9FEC001AE00BD
FFB5FE9B01660039
0265000C00DD01ED
008F001C0125FFCA
FFD4006E00C0FDC9
0032FEBB002C00BC
007AFFD100880177
012400C50063FEFF
FF53FF97008A002A
0045009AFE6CFF8E
013D0043FFAFFEE1
01B000180098FEB4
FEBBFFEB00D6FF6E
0030003400AAFFC0
014F0092FF560085
002FFF57FF6F0049
003700260272FF2A
000E0066FEBEFFBC
FFF4004F00ADFE81
005500BFFFB800D4
009A00A8FF4600E7
026C003DFEE7FF67
FFAAFF6300BAFFAC
FF75FFAC001C00D2
FF5CFF47FFC7FFEE
FEE5FE68002AFF55
00E70080FF660126
0166FE8FFFD400A9
00F9FF5EFEAC0105
FEB4FF0CFFD0FEF5
004AFF9200490006
012B0077FFA7FF0C
0140001DFF25007C
002A0031FFE1FFB1
000400B7FE43FE8F
0049FFFFFE370078
FFE9018CFFE0018E
FFDEFFB5001BFEB6
FF6B00EF010DFF73
00320068003C008D
005100B9006000F9
00540068FFC6FF68
FEFEFFD20121FF43
FF59FF030088FFF2
FFACFF76FF5E001A
00780065005A0015
00A8FF6FFF3DFF82
0059FEAAFE2AFEFD
FFBCFEF4FFD9FF61
017E0005005CFF8C
FF84008300A0002A
FE4FFF26FE430021
FF6700810101FFE0
FF43FF7B0075FFC4
011B008EFDEB0156
FF90FFA50096FFB3
FFD4FFA7FF71FFB1
0084FF4FFEB8FFE1
FFA20153004A0007
FFEE001200270121
FF2400C0FEEBFF0E
FF1BFFB4FFDFFFC9
003EFEB80078FF24
0080002EFF560004
FFCAFE9801970099
FF9DFEA801010033
02860005009D01AA
0097FFD0011AFF85
0029008500D6FDF8
000EFEA9FFD000B9
0054FFC30105016B
011200990053FF01
FF20FF7300C5002E
005200C1FE4CFFB8
01290021FFECFEE8
0118003E00B1FEB6
FEF8FFEA0081FF7F
000CFFFB00A9FFD7
01D3FFF9FF5D0057
00A5FF6EFF350046
005D00440251FECF
004A0088FE9BFFF3
FFE3002000A9FE9C
008700E4FFBF00E2
008D007BFF07012E
0293005DFF2CFF78
FFE1FF4300B6FF64
FF1CFFD1000B00C6
FF54FF1FFFFEFFFA
FECCFDFF0047FFB6
009E0050FFD10119
016BFEA8FFB9008A
00F6FF9CFED500F2
FE9AFF29FFFEFEF1
006AFFD700860008
010200C1FFABFEBE
0166004FFF27004D
002CFFDAFFF0FF9D
002300A2FE26FEAE
00770038FE6B0055
FFE201F6FFAD015D
FFE1FF90FFF6FE87
FF7900E3011AFF38
004D0077000F0070
004B0046005400D5
004600A9FF4EFF42
FEB6FFAE0125FF2B
FF3AFF16FFFB0011
FFE0FFBBFF630060
005900310062001D
007AFF9BFF84FFD4
002DFE7CFE4BFF1C
FF9CFF0DFF5AFF55
014000450024FF20
FF96009100400043
FE83FEE6FE0D0002
FFAE007400E1FFD7
FF4DFF8B0035FFAF
013D006CFE690185
FF83FFDF006EFF9B
FFAC0036FF70FF9D
007FFFADFE87FFDC
FFA6015200430051
FFE0002B008200FF
FF40008EFF57FEE0
FF40FFC3FFE7FF8E
007CFED400B2FF3A
0061FFF7FF66FFE7
FFB1FE6701D10079
FFB1FE7D00BD007E
0299000B0049018E
00BDFFAA00FDFF23
00740097009FFE0E
FFC0FEB7FF5C007A
000AFF5601080168
013F00C8002BFF17
FF22FFA2008C0028
002800A9FE3AFFD3
013A0058000AFEBB
00F5006800D1FE89
FF26003C003FFF7B
FFE7FFDE007BFFDF
025FFF6AFF650076
0114FF7EFF59006F
001C007D027DFE80
00470079FED5FFDC
FFFF00510086FEBC
005100F7FF5E0116
00B0004CFF1F0117
02950040FF2BFF7D
0022FF760106FF18
FEFEFFF2FFB90091
FF7CFF1CFF91FFEB
FE9AFDF90075FFAC
00770037FFF10122
01ABFF33FF5700BB
00DAFFE6FEAC0125
FEBCFEE9000DFF2E
00D5FFC30082000A
00E800AFFFB7FE4B
01350017FEF30080
002DFFB90037FF02
000E00C1FE93FEC5
00700012FEB70025
000B01FDFFAD0124
FFC6FF8DFFDAFE8C
FF86011500F0FEF1
00F200D9FFCC005B
002C0036007D0096
002C0098FF75FF3C
FECE001300EDFF6C
FF8AFF27FFA3005D
0019FFCCFF39002D
005F00940030FFEC
00A9FFB7FF90000B
0058FE71FE6CFF43
FF9BFF4EFF8DFF90
0161007A001EFEE7
0013005FFFEF0082
FED2FE72FE18FFA2
FFA4007100DEFFF7
FF3FFFA1FFF0FF62
01700035FE7701A8
FFA2FFFF0031FF98
FF550049FF4DFFC1
008FFFC4FEE5FFF6
FF950170001B0039
FFE6006C00A100FD
FF700059FF40FEED
FF23FFC40051FF50
00B0FF1A0063FF2D
0032FFCEFF4EFF99
FFB2FE550189003C
FFE7FE98004F003A
029F003100170159
009BFF9B0141FEAC
00FA00A80072FE7A
FFD5FF1BFF23007D
0000FF000175011F
016A007DFFFEFEFF
FF06FF5000BA0063
FFFE006AFE3DFFE3
00E6007B004DFEEE
00BB009000A3FE5F
FF61FFEDFFE2FF77
FFF6FFDB0063FFB4
0273FF10FF2700AC
0151FF75FF590089
FFF20081026CFE76
00B7007CFEF3FF93
FFDB004B00B8FE71
008D00C1FF3E0107
0061FFFCFF4B00F3
028E004EFEFFFFC3
0066FF4100E8FF01
FF1D0024FF9D0039
FF71FF61FF720004
FF26FDE1009CFFA6
00400070FFE9010F
0181FF9DFEE500B8
00CFFFF1FE950162
FE9AFF25FFFBFF50
011FFFDA00B8FFA7
00F1009DFFBCFE68
011EFFC6FF000081
002AFF7C0060FEF7
000100B9FEC5FF0F
007D0045FEA0FFF2
FFBE01EFFF7E00F8
FFFCFF45FFF5FEA8
FF9401060121FEC5
011F00EAFF9F004D
0049FFE100570069
003D00ACFF65FEF7
FF01003600C0FFFD
FF71FF40FF02005E
00180011FF6C0085
00250087FFE4FFB8
00C40028FFA8006D
0048FDFFFE6AFF5E
FF91FF51FF89FF83
0152008DFFE5FF14
0036FFFDFF7F00AD
FF87FE1AFE6EFF3E
FFC8005D008B003D
FF61FFC2FFAFFF21
0158003BFEC301CD
00000000FFDCFF5F
FF1C0042FF150001
00C9003BFF070010
FF6A0184FFDF0033
FFED001900E800D6
FF53003CFF77FF03
FEEDFF9A006BFF25
00D5FF0B001FFF76
0041FFC5FF72FF92
FFBFFE9A0128002B
FFAEFEAB00050005
027C003C00020107
00A2FF6700FCFE72
012C0083FFEEFECC
FFBFFF02FEB80048
FFC8FEF60191010D
01360067FF9EFF67
FF0DFF5A00D40096
FFBB0075FE2C000A
00BD002A0098FEB6
004600EA0074FE10
FF6A000EFF61FF98
FFFEFFE70001FFDD
02CEFE9DFF3E00F1
0157FF5FFF69006C
FFE5003A023BFE4B
00B10079FF34FF29
FFDC003300C5FE50
00CC00C6FF0900C7
007AFFD5FF6F010F
02820074FECDFF97
00D2FF6B00D7FF3C
FF140033FF70005E
FF1CFF4BFF7D003A
FEB0FDDA00B4FF9F
FF9B0052002D00F1
0140FFE9FEB200FB
00E0FFF9FE480149
FEC5FF2AFFF0FF2C
016CFFDD00EEFFA0
00C60082FF86FE17
00E9FF8EFF000085
FFFEFFC80068FEF2
FFB400B3FEDFFEE8
005A0054FECFFFC2
FFCF01D5FF4200D3
FFE7FF2FFFC3FE97
FFA7011700A8FEA2
011700D7FF560008
001AFF9400490027
003700BEFF1BFEFB
FEC60037006BFFFD
FF97FF51FF190023
0069FFE7FF720079
00400073FFD10035
00E9008CFFC1008B
0033FE2BFEBAFF36
FFCEFFA4FFD4FFCB
012C00C6FFABFF34
0042FFB5FF2000D7
FFB3FE5AFE7EFF16
FFC1009300870027
FF43FFDBFF69FF0D
013EFFFBFF0B01E6
FFC60026FF66FF50
FEE100C2FEF8003B
00B3000AFF600014
FF2C017B0006000E
001500480128009A
FF85FFF1FF68FF6D
FED9FFAB005DFF40
00BFFF1A001AFFBF
0027FFFCFF6AFF78
FFB1FE9600F90041
0025FEAFFFE80031
02150064FFF400B8
0064FFA500FCFE7F
015B00A9FFD6FF35
FFD1FF1CFEBF000B
FFBBFED30175012B
0141008CFF7EFF4D
FF36FF47009D00B4
FF8B0025FE0BFFD1
006F004C00C8FEEF
003E00FF0064FE15
FF3BFFFFFF3FFF7E
FFB8FFE2FFCAFFA1
0293FE48FF4A010E
018BFF90FF480099
FFED004D0222FE5F
00D90044FF1CFF21
FFB600740106FE64
00A9009BFEFF00CB
001CFFBBFFC70104
028C005BFEB3FFE2
0109FF69011DFF1C
FF4D004DFF52FFE1
FF12FF8DFF67003E
FF31FDD500E2FF9A
FF16004C00B900BA
01250059FE82011A
00EA002EFE3E0139
FEE8FF55000FFF5A
0182FFE600C5FF62
00A2007EFFA3FDFA
00E7FF65FF1100A3
0016FFA50053FEB0
FFA100D2FF4BFF10
0043005BFEF9FFE1
FF930192FF11005C
FFE0FF24FFEDFEB3
FFC8010D0082FEBC
016800FCFF64FFDC
0013FF55002AFFC8
002E00B7FF08FEF0
FEC000660008007C
FFB8FF8DFEBC0027
007C0045FF9E004A
00320032FF910047
00F200A6FFC900C5
0052FE4EFEF2FF98
FFE50008FFCBFFD7
00E600D2FF7CFF3C
0054FF56FED700DE
0056FE4FFF19FEC8
00270080004D0042
FF5CFFDCFF02FEDA
00FDFFE7FF3C01DB
FFE30047FEC9FF86
FEA70120FEB20097
00D30046FFB1003C
FF3E0171FFF5FFC7
0052002E01430067
FFE3FFC8FFA6FF69
FF03FFA30045FEF1
0087FF30FFF8FFFA
000AFFDAFF51FF8E
FFB5FEEC00B5FFFD
0041FECFFF92000C
01DA0089FF97FFF8
0050FF8900AEFE84
01B400ACFF8EFFD7
FFA8FF5EFE89FFC1
FF3FFE9B019100E5
00FB0050FF25FFAC
FF3AFF09008600DE
FF75FFFFFE28FFDC
0036002D0118FF15
FFD601630016FE38
FF5B0015FE9EFFA3
FFD2001BFF67FF85
027BFD6EFF9800EC
0176FF99FF670054
FFB3001501B8FE84
0114004EFF79FEA8
FFDB008B0100FEAC
00A60069FEDF0090
0003FF50FFFA00BF
02480079FECF0009
016BFF5600C4FF4B
FF9C006DFF1EFFB7
FF1FFF83FF8F0043
FF84FDFF0114FF8A
FEED004400DF00AC
00C6006AFEA90117
00CE000EFE440134
FEF0FF5D0015FF70
01A6FFCF00E9FF50
00C400ACFFA7FE1B
00CAFF51FF1C00AB
0009FFA1006FFE8B
FF8E00D6FF51FF1F
001E0082FEFAFFBD
FF9C0186FF03002A
FFE9FF48FFB8FED6
FFB80109004EFEE7
013A0118FF76FFD5
0027FF290017FFA5
004600F9FF0DFEE7
FEF10088FFF80086
FFB9FF71FEC3003F
008C004CFFC70084
0041002EFF8F0079
00E300B9000F00ED
0026FE1FFEFAFF97
FFE80039FFDFFFF5
00B400D1FF64FF98
0059FF24FE710114
0072FEA2FF6DFEDF
003C00530021001D
FF62FFF2FEFAFF11
00CEFFC3FF3F0220
00270018FE63FF93
FE420148FEB400B9
00E1003FFFE70027
FF330183FFD0FFCA
003D003D014A001B
000CFFA5FF80FF9C
FEEBFF9A0029FEFB
0069FF1A0009001E
0008FFBCFF85FF88
FFB3FF1F006F0004
006DFF15FF71FFF7
0188008BFF90FFC6
0025FFC700A9FE97
01C100A9FF500010
FFC2FF77FEC9FFA8
FF4EFE8D017C00D7
00ED005DFF03FFAE
FF6FFF13007D0102
FF5BFFE9FE1DFFE4
000400300147FEEA
FFDB016FFFF7FE22
FF1AFFEAFE97FFA4
FFCB003EFF2DFF73
0234FD70FF8E0111
0192FFB8FF52007F
FFB6FFF50184FE71
01260049FF87FE72
FFFD00A50126FE8C
008B006CFEDF00A1
FFF4FF5B00410097
0247007BFE8C0032
0183FF7F00BBFF6E
FFAB0052FEC3FF71
FEA0FFE4FF8F0081
FF88FE4A0103FF60
FE9A006900FE00A9
00220098FE9E0161
00B4FFDEFE3800F4
FF04FF9FFFF5FF95
01B5FFC70105FF3C
006D005EFFA9FE30
009CFF1BFF4500C6
FFEC0015005AFED5
FF7600DAFF73FF2C
FFFA005BFF04FFD1
FF6D0142FEDE0047
0026FF45FFA2FF22
FFF30108FFF0FEF6
014B00D4FF42FFEC
FFE7FF11FFD0FFB3
FFFD00ACFF12FED2
FEF500A9FFA400D5
FFEEFFBCFEFF0043
008C004BFFD10067
0038FFF0FF5400B2
00E10102000F00D6
0028FE91FF21FF97
0008008B000E0034
007100EBFF5DFFE4
002EFEBAFE360127
008EFF08FFA8FE85
004A007200060013
FF80FFF1FEEEFEE5
0063FF6EFF6B01C9
00330063FE3DFFAE
FE3001BCFEA1012F
00F50035001CFFE7
FF000165FFC1FF59
007400250183FFD6
0032FFA4FFBD0000
FED9FF7DFFEDFF41
0039FEF400170082
FFEC0025FF57FF80
FFAFFF370013000E
0096FF3EFF690009
011600A8FF72FF32
FFF6FFC40074FF1C
01AD00C0FF3A0082
FFD5FF48FED0FF7A
FF45FEDF01380104
00A0003BFEFDFFCC
FF9BFF24006E0114
FF0EFFAAFE31FFCD
FFF7001B0177FF43
FFAC018BFFD8FE37
FEFAFFDFFE6EFF61
FFB9006AFEFCFF34
018FFD34FFB900F0
017C0006FF5D0046
FFB0FFB00114FEBB
01220044FF8BFE39
001B00D90147FEDD
00380021FED00042
FFADFF4000600094
01E20074FE5E0056
01A3FF8200A3FFD0
000E0081FEA2FF61
FE700009FFDB0095
0044FE6D0126FF27
FE1D009801450050
FFB400C1FEA7018E
00E4FF9CFE470101
FF3BFFCEFFB7FFA4
01EDFF9B00FBFF4B
009E0013FF97FE3B
00A4FF17FFA800C6
FFC300580032FF30
FF2B0088FF54FF54
FFC00059FEC9FFE1
FF6500D1FEF90013
003FFF48FFA1FF57
FFDD0119FF66FEFF
00EB00A3FEF8FFE6
FFF2FEF5FFA2FF77
000D00D5FF57FE91
FF1300C6FF6F00E1
FFEDFF6EFF0AFFDD
00580053FFC6003F
0037FFFEFF130128
00DD0125004900BA
0035FE83FF77FFB1
00070073006D0051
002800ADFF2A005B
FFD5FEA8FE140116
00E4FFF10061FE75
FFE80081FF93FFFD
FF5A000DFECDFF32
FF87FF56FF6C01C6
00890041FE120002
FE1001CDFEC00193
00F600260061FF8F
FED500F7FFD9FEAE
0066FFF90144FFBC
0091FF49FFB40031
FECEFF41FF6AFF80
0029FF40001600E7
00080021FF8EFF82
FFDDFF6CFF98001B
00B4FFA1FFAE0036
00AD008DFFCAFEC1
FFBCFFF20026FF91
019700F0FF4700A8
FFEFFF53FEC9FF81
FF59FEF7011C0113
005E001DFEB5FFCE
000CFEF7004A010C
FF07FF6CFE75FFD3
FFB700190158FF73
FFE201A2FFBAFE8F
FE76FFCCFEB1FF98
FFCB0031FEBAFF2C
0109FD69002A00AB
015D0003FF6B0043
FFCAFF8100AEFEEC
01410036FFCEFE3F
004B00E6010BFF19
0017FFEFFF31FFE7
FFADFF29006C00B2
0180008DFE480054
01AFFF8E00D0FFF6
002D0044FE55FF16
FE6A0030FFD80085
007DFF320107FEE9
FE49003601500004
FF4100CAFED6012E
00B7FF79FE8700EB
FF74000CFFEAFFD8
01BBFF7A010BFF3B
00C80065FF97FED2
007FFF03FFCA008A
FF81007E005FFF7A
FF39009EFF5EFF7C
FFB90039FF03FFD9
FF7A005BFEDF0003
006EFF28FFA7FFAF
002100F0FF12FF47
00940067FF24FFEB
FFA0FEBEFF9DFF5B
FFD100C4FF2BFEA3
FF2900FCFF7F0139
FFFDFF9DFEDBFFDC
0099003400260080
0023FF81FF1200FC
00AC00D2009700FB
0017FECAFFAFFFC9
002B00D0007600C4
000000B7FF5D00A2
FFCAFECFFDDF00F7
00A7003400A7FEF0
000D003EFF6C000F
FFA30031FF00FF74
FF20FF47FF680193
00B5004BFE070033
FE2101A1FEF60173
00DB0037006CFF95
FF240117FFA3FECD
002EFFCE0118FFA8
00A2FF1BFFE60060
FEF2FF2FFF4EFF8C
FFE1FF1300020135
00600061FF73FFA5
005CFF9DFF960056
0093FFBDFFA80062
000500ACFFF9FEF0
FFEE0036FFF0FFDE
016500D8FF1E00E1
0059FF5FFEC2FF5E
FF57FF26009C0109
FFF00016FEBDFFD9
009DFEF50029012A
FE7DFF4BFE36FFD5
FF5C001B0145FF6E
FFCA01BAFF8FFE8B
FE2FFF84FEC6FFC1
003C0076FEDFFF13
009AFDF7000100A2
00F6FFFCFF74006F
FFA3FF8D0097FF05
00E30067FFDEFDC7
004E00C6015FFF21
FFF1FFC5FF9AFFAD
FF2DFF5F00D60082
015100B2FE1D0085
017AFFA400A40070
009B0028FE67FF0F
FE82008300030073
0128FFB700E4FF33
FE73003C010E0020
FEEC00F6FF5200E6
00C5FF43FEBE00E1
FF6D00B0FFE8FFD7
0185FF460113FF37
00D60052FF8EFF43
004BFEE200080077
FF61009B00A5FFC1
FF2A0085FF51FF72
FFC9002FFF37FFEF
FFAFFFD3FEF5FFCC
00A8FF2FFFB1FFD9
001400EBFEB6FF90
0030000CFEC00012
FF68FE8CFF5EFF77
FF8F010EFF05FEC8
FF110103FFD4016C
FFB8FF9FFE9DFFA0
005A0056005900A9
FFF1FF56FF1200E0
00B60081008E0115
0038FEA2FFFEFFB3
005A00CF006A0093
FFDB0052FF22015D
FFB4FEF4FDB500A4
00CC00BD012EFF26
00000068FF10FFF7
FFA0FFEFFF12FFCB
FEA3FF3AFF3A0143
0103001BFE2D008C
FEA5013EFF6601C4
00C0002D0049FF5A
FF4F00EBFF92FEFB
0027FF7800DAFF9B
00EEFEC6001C00BB
FF09FEF3FF32FFEB
FF6EFF15FFA6014F
006A00D2FFCEFFD3
009BFF52FF370072
004B0030FFFB00A3
FFCC00A7007CFF1A
003A0049FF8D003D
012B0096FF8A00AE
00A7FF38FEEBFF70
FFA4FF4800A50152
FF7E0034FE78FFED
00E6FF2900330118
FE61FF31FE27FFDD
FF610007011BFF2E
FFF401C0FFA6FE9B
FDE4FF77FF4B000B
002D003DFEA7FF42
00A7FE8600390064
00A4FFECFF7D00B3
FF82FF51003EFF24
00440049003BFD95
004F00F80185FF10
FFD1FFACFFF5FF66
FF5CFF75009C0078
00E400BAFE12FFE0
0126FFCC00A90098
00CE000AFE42FF05
FE7D00C100290076
01A9007900ECFEEA
FEB3002D0120FFA6
FEBB00D0FF8600AB
00C1FF25FF1300AF
FF5D00F4FFDDFFCB
0101FFA90103FF69
00E60096FF670004
0088FEC8005C003E
FF18010400820010
FF080062FF53FF4B
FFE9FFFBFF87FFF0
FFBAFF53FF3DFFA7
00C5FF8AFFA70046
003B0089FE28FFCD
FF86FFD7FEDBFF94
FF22FE76FF73FFA4
FF4900C0FF81FEBD
FF2B013EFFB501BF
FFFBFFABFE8BFF5C
0042004F0088009A
FFDBFF17FF1B0103
006E005000DB00D5
007AFEE10015000B
005600A600A500BE
FFB40025FF350186
FF42FF22FDEA0076
00AF011D0165FF7C
FFF50063FF110034
FFCCFF6FFF8B0003
FE3CFF71FF5900B8
00EE0024FE5B00A3
FF1700F7FFB20183
008E001B005BFF3E
FF6800A5FFA0FED4
0015FF510096FFBC
00E2FF21002D00AC
FF33FEC1FE92FF8A
FF12FF2AFF8201BE
00B9011DFF7BFFFF
008BFFACFF1E0055
00210076004D00A4
FF19006B00D2FF4B
001A0079FF5200B4
009900B7FF6D00D8
00D6FF86FF1EFF3B
FF65FF94FFE1011C
FEE00025FE79001D
015FFF61003400B3
FE48FED7FE86FFA9
FEF3FFDC00B3FF6D
002B01B1FF69FEFE
FDA5FF86FF69002F
007A0049FEFAFF71
001DFF6F009D0015
00200008FF8D0024
FFA4FF7A001FFF77
FFFC00820066FD1A
008600D70167FF2A
FFD3FF960065FEF9
FF24FF8A008B0072
006800E6FE71FFFC
00A5000B00900135
00990025FE4EFEDF
FEE300E800190039
01E9010600F5FEAF
FF7E000A0105FF66
FE4A009EFFDA0040
00ECFEDCFFAD008E
FFCD0101FFF7FFB1
0092FF9800F5FFC6
00F40093FF990089
0076FF2000A20045
FF360115005E002E
FF6C008DFED1FF55
FFEEFFF0FFA90012
0013FEEFFF6CFFA3
00A3FFC3FFD400AA
00690037FE330055
FF0FFFF2FF55FFB6
FEEEFEEBFF97FFCE
FF4200E9FFDCFF1D
FF1C00FE0049018F
FFF1FFA3FE3EFF5E
0016000C008200E0
FFDEFED5FFA00104
0014FFE900DF00A9
0082FEED0011FFF9
004F00E400940089
FF92FFF8FF5F01B4
FED5FF80FE570020
003A01A3015A0022
000E0020FEF50009
000BFFA2FFF1008E
FEBBFF10FF1B00E3
00D6000DFE89009B
FF750091000401B1
0054FFC9005EFF4C
FFEC00B1FFCCFEC5
0018FF600066FFFF
00FCFEDAFFEB0098
FF60FED9FE60FFBA
FEADFE72FF8001DF
00AC00EFFF710091
00D5FF75FF390075
FFE4008C00CE00BF
FF0F006300DB0016
00710090FF5700AE
000D00ACFFB30044
0119FF6BFFC0FF3C
FFBBFFC5FF75012C
FEF80075FEBE0006
018EFF9D001800EC
FE4FFF45FE5EFF87
FF01FFF60050FF3D
00450187FF8CFF1B
FDC6FF35FFF700A7
00750046FF36FF7D
FFDD003F00C6FFE9
FFB5FFF6FF9DFFF8
FF96FF770037FFC9
FF6A007E00B5FD43
006200AD0167FF1F
FFBBFF8B008DFECD
FF8CFFBB009A0045
006800BEFE67FF85
002D0020009A01A3
00BFFFDBFEDEFF48
FF3A00BAFFEF000D
0238016A00EDFE78
002E00010084FF37
FE7D00670094FFD3
00CBFEE10043008E
FFB90132FFEFFF5B
FFFCFFAE0098FFD9
012000EEFF36013E
0056FF7000DE0074
FEF3012D006A0094
FF38008AFE7FFF33
FFF0FFD4FF9A0054
0051FEB5FF68FFE3
00CE0005FFD700B2
0055FFE9FE5600F0
FE3DFFBDFFACFFAA
FF49FF43FF960042
FF77010FFFF5FF71
FF5700F200E50104
FFD5FF82FEA0FF6D
FFCE002500B9011D
0009FE8F000D00E2
0002FF4C00D00085
007AFF01FFD5FFD4
005A00C000790012
FFBEFFB1FF96024C
FEA80011FED7FFD2
FFBF0216016C00AA
FF88FFEEFF17FFF7
0001FF8F008200D6
FE7AFF81FECE00EC
00BFFFCEFF1B00A8
000CFFF100650125
0003FF720046FF33
001F009CFFC0FF46
0008FED9FFCB0050
00CDFF85FFFA0061
FFA2FEA2FE17FFBF
FE2AFE77FF9D0169
010E0126FF62010E
0104FFAAFF730074
FFBD00A4016000B4
FF490006013B007C
00710075FF7D0129
FF51007BFFBBFFE7
016CFF740066FF64
00220023FF5E0111
FE9F005FFF090010
018FFFEB003D0093
FEB5FF7AFE53FF83
FF5AFFE3FFB4FF3A
00E1010BFF7EFF71
FD88FF62004F00F9
008D001BFF50FF9F
FF72013C00B7FF8E
FF06FFE6FFBEFFE5
FFD8FF6D00160001
FF03009500ADFD78
0063008700D4FF62
FFF5FFA80117FF01
FFBE0005003E003C
0093008FFEC1FF24
FF7DFFFA006F01AF
00B1FFC7FF09FF2F
FFA000E5FFF0FFEE
0240019700FDFEB7
00D0FFED006FFF60
FEE8001F013FFF92
00DAFEC100970091
FFD701610000FF79
FF96FF8000B1FFCC
013A0121FF30019E
00A4FFD1006E0068
FEDD01040000009A
FF7800AAFE56FF64
0015FFDBFF7C00A8
005BFE86FF9B0000
00C8006C000700BD
0038FFE1FE7C014A
FDFDFFC1FFFD0006
FF77FF62FFAC003F
FF50012B0031FFAA
FF5200F2017E00BA
FFA4FF78FE92FFDE
FFE0004000BD013D
FFDBFE38001800EC
FFF3FF0400BB001C
007FFEF9FFA8FFDD
004900BA005DFFB8
FFC7FF90FFF1024E
FEAA0034FF00FF94
FF5502240116009D
FFAAFFCAFF43FFC5
0038FF7500A400FE
FE70FFBCFEB400E2
0108FFF3FF8800F3
007FFFBD00950116
FFFCFF72FFECFF58
008800CAFFB2FF94
0008FEE6FF400069
0034FFDD0001FFF0
FF67FE97FDDD0012
FE2DFDF6FFDA0137
013B0109FF490157
00F5FF73FFE1005C
FFD7006C01A300AE
FFBFFFF1015D00D0
00DE0033FF9D0118
FEF70054FFF5FF80
013AFF1C0070FF86
00410038FF160105
FEBD0079FECD0035
0170003A00070098
FF18FF98FE7CFF94
FFBB000AFF70FF17
01050108FF85FF8D
FDCDFF97006E0109
007E0052FFA5FFD9
FF97016D008BFF7C
FEC7FFA4FFD6FFB0
FFB2FF460011FFE0
FE9100B500B0FD83
00CC007600B3FF88
FFD5FFBF00E1FF04
FFF1005D00250022
00AA005BFEC9FEDC
FF57000E002001BF
0084FF7BFF36FF73
FF8A00DAFFB3FFFB
01D1019200FEFE6E
016DFFE10003FF5B
FEFEFF7F0114FF64
00CCFECC00BC009D
FF8A012E0009FF25
FF45FF8300AF006B
011E0100FF3F01D2
0073FFB100530082
FEE8010F000C00CF
FF5300FFFE18FEE0
0043FF9EFF7700A4
0069FE9DFFDC007E
00E300BDFFEB00C0
0031FFB7FE92012E
FDF7FFB10012FFCE
FF55FFE8FFEF00AE
FF4E0071006BFFF3
FF49008201BC00EB
FFA1FF5FFEEBFF9E
FFC1FFC7006F0136
FFC8FE610024007B
FFCAFECF00BEFFEA
006CFF44FF2AFFB9
0056004A004CFFEB
0054FF9700300204
FEBF0082FFAFFFA3
FEA401B90063010F
FF95FFD2FFD4FFFF
0019FF50012100FC
FF35FFCBFEAD00BB
00C3FFC700490093
0101FF200098008B
FFEBFF6DFFB3FF68
008400D0FF9DFFC3
0000FEFFFF4200F5
FFED0082000BFF8A
FF69FEAFFE14FFE7
FE46FDE8000000F0
016E0128FF17013C
00E1FF8A00270068
FF950037020900A4
0018FFE901C501D6
00DC004BFFF500FC
FED000470031FF1F
0180FF0300D3FFBA
008D007EFF160100
FEA500B1FF6DFFF9
0159004800410059
FEF0FFC0FE7BFF5D
000F0006FF44FF29
016E0083FFCCFFB3
FDB6FF6500C300EE
008A003E0049FFD8
FF7F02390055FF7D
FED0FFB3FFCDFF92
001DFF8E0070FFF5
FE4400F30039FDE2
0077004500D0FF35
FFE3FFD8013AFF3A
FFCB0043FFFC004F
00D90078FEE0FEE0
FEE1FFE8003001DE
0001FF82FF8CFFD9
FFCE009CFFAFFFE5
0194016900FAFE9B
01BE0009FFF8FF80
FF52FF940128FF78
00C0FEFC00E800BB
FF710124FFF8FF0E
FF60FFD8009A005C
01390142FED0020F
006E0016009000AE
FEEB00DB003D00C4
FF6E00DFFDD4FF01
008BFFC3FF5D00BB
0078FEB1FFBB00A7
00D5007D00290093
FFE3FFABFF200132
FD8DFFD5006CFFCE
FF7CFFDD000700C5
FF5300CE008FFFE4
FF38006B021F006B
FF93FF8BFEC5FFCE
FF93FFFA005E0181
FFA6FE70007A008F
FFC8FED90065FFF5
004EFF03FF28FF99
0033001CFFF1FF91
0082FF94000501DC
FEAA00D0000EFF78
FE8301720007012D
FF4DFFB1FFB8FFF5
0054FF62012B00C8
FF77FFFCFE720119
00ABFFF5009A0097
010BFEC3009D0051
FFE8FF5FFF91FF74
007600C2FFBD0055
0018FEE9FEF800EA
FF920075001BFF5A
FF8CFEA3FDFFFFE4
FE45FDCCFFE100BC
017A0147FF0A015B
00DEFF4800670015
FF630019022600A7
008AFFAF01790222
00F8FFFC001600E1
FE4300580003FEBF
0181FEE200E3FFC6
00A10079FF1E0132
FEF100D1FF9FFFFB
00F5005F00210080
FF49000FFE5DFF58
005B0004FF0EFEF3
015E0064FFADFF81
FDE0FFDE00D400F4
009500050044FFE2
FFD50259008EFF70
FEB5FFCEFFE9FF80
0016FF8E0093FFF0
FE4401040057FDE2
009F00180091FF41
000F000C0107FF56
006A0093FFC7004F
01440032FF26FEAE
FEDDFFC9000801A9
FFD4FF46FF77FFB5
0026007DFF63FFAF
014B013C00ACFE90
02310007FFD6FFB5
FFF1FF4B010EFF87
00CDFF3A010200DD
FF5B00F7000CFEEB
FF5CFFE2009F0076
01230178FF2801ED
0088FFEC007C00B4
FEDD00C40061005F
FF81010FFDF2FED4
00E2FFE0FF7700A4
007EFEE8FFE500CD
00AE007800560050
FFBEFFC2FF660105
FDD000360080FFBD
FF7B003E004600F3
FF6F00E600A0FFFB
FF390079025A0056
FF70FF59FEB4001A
FFD3000EFFFE016A
FF99FEAB008E0020
FFE3FEAE0033FFDF
00A5FEDBFEB1FF99
0015FFD8FFABFF71
00E8FFB4003F0169
FF09011B0093FF85
FE2300BDFF870156
FF91FFF100150033
0045FF41013200AF
FFF20042FE760139
0058FFA500FD005B
013DFE9B006F0005
FFFFFFA5FF41FFC9
00A80113FFDC00B6
FFF2FF38FF2D0110
FF6F00E00008FEEE
FFB3FE95FE45FF64
FEBDFDC8FF9B0037
015C00ECFF1C016D
00C5FEF800CA0014
FF47FFCF02290049
00E1FF89016C0299
00FDFFD700840073
FE6700960027FE90
0166FF4400C70001
00960036FF6800FC
FF3700CBFFCF0005
00E0004700120083
FF54004FFE64FF6A
00470008FF01FEE2
016B0043FFE9FF9E
FE33FFAA00CD00D7
008500230080FFC0
0061027B0044FFA4
FEFFFFCAFFD9FF6A
0017FFDA00DAFFAA
FE4A011F0014FDFA
006BFFEF00B1FECE
003D00340110FF47
006F00ADFF97006F
019B0052FF55FEBC
FEC5FF8EFFEC0191
FF67FF40FF92002B
006F0018FF64FFA3
00EE00D6007FFEC8
0248FFF3FFD6FFC4
0010FF1A00E1FFA8
00E6FF2B00E400E0
FF0E006A0034FEED
FF8300040077006A
013601A7FEF201E2
00BA0041006000AB
FEE100C50063009D
FF6C00E4FDD7FEC4
00DCFFD1FF6E00AA
0076FF23001C00F4
00890058003F0025
FF9EFFEDFFA100B3
FDD40048009EFFF8
FFAA0026005800F8
FFAC00CF0090FF90
FF06005D02220022
FF6CFF9CFED80027
FF99FFF8FFFD0138
FFA9FEFA008F0028
FFEEFE4A00060025
00BFFED7FEC3FF8F
FFCAFF9DFF8BFF8E
00F0FF90005C0101
FF07015400C3FF8D
FDFC004DFF0E0174
FF68FFB8001A001F
0074FF3701380051
00220082FE680106
0000FFBE01340046
0117FE3E008BFFB2
FFEAFFD0FEF8FFB6
006E00F6FFEC00E1
0003FF38FF3A0103
FF5F00AEFFEEFED3
FFC0FEBBFE4BFF6B
FED7FDF4FF8E0009
01870116FEF30143
00B5FEDC00CAFFFB
FEF6FFF20200006E
014DFF75013B02DE
011AFFB600650080
FE6C00860052FE79
0149FF14006D0021
00960016FF9A0107
FF4400B0000FFFDD
00B6003B0035005B
FF88003AFE42FF7C
00930026FF10FEA2
018C0029000EFF67
FE4DFFCF00D700B1
00AAFFDD00AAFFE7
00BE025E0004FF73
FF17FFC2FFFDFF89
0038001A0107FF95
FE670128002BFE25
0072FFC00072FEBE
007F006C012AFF91
007100D9FF440093
01C1004CFF57FECD
FEC2FF69FFDA0119
FF33FF1FFFE3006F
00A5FFE2FEFBFFA4
002D006E0072FE72
022DFFE3FFDA0007
00E1FF110068FFED
00E3FFB4008C00CC
FECBFFFD0015FECA
FFEE004400710080
013001CEFEF60137
00C80059008300C8
FF0600680063FFD4
FF65010EFE00FEDE
01300046FF4D00AC
0049FFB1FFFB0108
0060004D00A7FFBC
FF62FFEC008B008C
FE3D00D20114FFC3
FFD70080008F00D9
FFB7011400AAFFB8
FF220041023CFFBE
FF7FFF47FF030054
FFCC000AFF8D012B
FFC8FF5900E5FFF0
FFE1FEABFFD60004
0092FEA0FE6CFF7E
FFD2FF94FF31FF88
01B1FFDB00300040
FF8F0140010D0001
FDF0FF8BFE5F015E
FF7AFFEB009B0031
0025FF400104FFCF
00E70099FE37014F
FF70FFA60156FFD6
00C4FE50001FFF72
0010FFCCFF2B002F
003A0150001B0137
0022FFADFF760128
FF2200FDFFC9FE51
FFDBFED1FEC4FF06
FF51FE30FFC2FF8C
013A00CCFF2700FE
0055FEF20130FFAE
FF43FF8401D5FFDE
01ABFF7C00AA030B
00F1FF630137FFEA
FE9000BD0022FE4B
011DFF6B007FFFF4
0044000CFFE700FD
000700A1006BFF9E
0030000B0023008F
FFAC0089FE52FF6D
00730053FF56FF07
01620030FFE5FF4C
FEE5FFD200870078
006DFFF200DEFFB7
015801DA0003FFC0
FF79FFB5FFCFFFB1
005400250166FF4E
FF180165FF93FE4F
006EFFAA00C4FE62
00DB007900D8FFB4
006E00C0FF70008F
025B0027FFC3FF12
FF48FF16FFF200E2
FF00FF7900340093
00E5FF64FF15FF73
FFE8FFEE004FFEDF
01F0FFC2FFF70018
0159FF230039001B
00F9FFF700500099
FEC1FFAC0049FEC3
0034005C00490072
013E01B3FF1000D8
00FD00A0003200AC
FF35003300A3FF94
FF850121FE2DFF18
011D009AFF7F00AC
00300031002B00D3
FFEFFFE8007DFF70
FF4D001201010037
FEAC01310116FFC2
0065006500B9008B
000901330069FF6D
FF22005D01ECFF85
FFACFF74FF4100B5
0003003CFF8400E4
FF74FFDF00F8FFB8
FFDDFEF4FF78001E
008CFECBFEBEFF74
FFA1FF60FF46FF51
01A800090007FF6D
FFFE01400139FFFB
FE48FF0AFE17011D
FF8E0016006E0018
0059FF8B00E2FF92
017900CCFE26014D
FF33FFBA011CFFFE
0085FE62FFF3FF84
0024002EFF22006E
000D01500027019A
003F0024FF8A00D6
FEDF00DAFF72FE29
FFF8FF10FF3DFED5
FFB4FE88FFA2FF73
00C1009CFF4700EF
002AFED30162FF65
FF4AFF55013AFF94
019AFFBC001502FB
009DFF74013AFFB3
FEC700C6FFF9FE69
00C1FF950011FFFA
0036FFF4003200B6
007800810081FF97
FF99FFD2001B005E
000000E5FE8DFFBF
00390076FF5FFED1
012C0027FFE9FF3C
FF88FFF500000063
005AFFE100EDFFC1
01D3016F000FFFD2
FFC7FFD2FF8AFFB0
00420076014CFF37
FF800162FFBCFE89
0065FF890062FE72
011D00AA0091FFF7
00F300ADFF4F0067
02970013FFF3FF67
FFBBFF16FFA5003A
FEDEFFA400060070
00D7FF95FEFCFF91
FFAAFFDB0092FEBE
0185FFCD0033005D
016DFF07FFB9005A
00EE005400080095
FEA4FF620043FEFA
00380082007A0084
00F30195FF310099
0101007C001C00BC
FF71FFD2004AFF67
FF9F0129FE49FF3A
015600F8FF4D0075
00050041002000C5
FFCA0016007AFF77
FF3900240172003D
FF12014A015BFFD3
007E008100E0004A
FFEA00B70063FF73
FF31001B017BFFE6
FF9AFF40FF5000B5
000E0020FEF40103
FF99000100AEFFFE
FFE7FF6DFF710009
002BFEC4FEB9FFA5
FFB1FF75FF2AFF9A
01AE003B0015FF16
003F00DE013E004E
FE77FE9FFDAD00DF
FFBC000B00D4FFF4
005BFF8E00A8FF45
01F300BAFE94014B
FF3D000200BBFFC5
0039FED8FFC6FF76
004B0068FF430099
FFE3018000160185
00240068FFFA009F
FEBE00E2FF67FE12
FFFBFF5FFF2FFEA2
0020FE940003FF86
0070004FFF5B009B
FFCAFF43014EFF55
FF81FF5600BAFF58
01BBFFDDFFC502C2
0048FF3E0186FFAD
FEEE00CFFFBAFEBB
0053FF490038FFF2
FFF0FFE6002D00AB
00E300A3007FFF93
FF63FFF4FFFB00E7
FFCA00E6FED2FFA4
0065007FFFD9FEF9
00C4001EFFB8FF0D
FFD1FFD5FFC3FFFE
FFF4002A010CFF9B
01CC00D200220019
0000FFD7FFA3FF9A
007800580139FF13
FFE0017CFF58FEC2
00A9FF770082FE1A
012000920024FFF2
00D9003DFF9C00B5
026C001A000AFF87
0032FF2AFFD70071
FEDFFFECFFFB0083
00F2FF40FEFEFF5D
FF8EFFA3008CFEF1
0108001400130098
01D3FF8DFF480086
00D10097FFBC00D6
FE84FF54001AFF2C
009D008D00600032
0117019EFF20FFDF
00BE0089000E00DE
FF82FF9E0060FF18
FFBA00E8FE92FFA1
016800E9FF3F0034
FFFA00A6FFF9008C
0003FFFD009BFF4F
FEF2003A016CFFA3
FF9B015300EFFF95
00A2004600C60034
000400A5001EFF81
FF55004B0161FFF6
FF8EFF3AFF020092
00020055FEFE00D2
FF79008500500026
0032001DFF42001F
0046FE8EFED8FFEE
FF73FF75FF67FF96
01FE004EFFBDFEC5
00DC00A000D1007F
FEDAFE11FE080007
FF71003000DFFFEF
0045FFA3004AFEE4
01ED00BAFEB70155
FF7A003200B1FFD6
FF6FFED3FFCDFFAF
003F004BFF2E007A
0001017D000F016B
00020045001000BB
FED200A4FF71FDD5
FFA0FF50FF8AFE90
0081FF12FF99FF73
0042002DFF560075
FFB7FF0F0130FF52
FF3DFEFF003DFEFB
01E7FFCAFFC2026F
004CFF1101CFFF00
FF9A009DFFC2FECB
0011FF44FFE50039
FFEAFF5A00A40077
012F007B0026FFA6
FF00FF84FFFF00B4
000D009FFEDEFF92
007700570009FF09
0086001DFFD2FEAB
FFDF000CFF85FFFC
FFEB001000B8FF8F
0237004500000083
0008FF9CFFB7FFB6
0062003C01A5FEA0
002D014EFF5CFEBC
004EFF850085FE30
019E0091FFA3FFFE
00D5001CFFA800A3
02320034FFFBFF90
00A8FF24FFE60009
FE920030FFB9004A
00D0FF4CFF1AFF7B
FF4EFF8100BEFF31
00CD0034006D00B3
01C4FF9EFEFF00A3
00D5006CFFB500AC
FE73FF1B0018FF73
00880065009F0012
00D8017FFF4DFFA7
00F300A8001B00EF
FFA1FFA00016FF1D
FFE600C5FEAEFF89
015B011BFF64001D
FFE200C20008009D
FFC100030078FF53
FF1A00540145FF7F
FFE7019C00E7FFC6
00AF001E00D9FFE0
FFEA00AF0014FF69
FF3D0042011B000A
FF97FF3DFEDA00E0
FFFB006EFEE200A4
FF5C008F004B007D
00470061FF3EFFC9
0029FEB2FEA7FFC9
FF82FF72FF82FFA1
01D4007CFFF6FE86
00FC0068009C0064
FF0AFE0DFDD7FF8C
FFBB000300DCFFD2
006BFFE10018FEEB
01C50090FF1A013E
FF6A005A00480005
FF36FF85FFA2FFCF
0052008CFEEC009C
FFD4019C000F0107
0028008F004B0065
FED10081FFA0FDDA
FFB3FF8AFF59FE90
00ACFEDC0021FF84
FFFEFFACFF4C0031
FF83FF060120FF39
FF8AFF4AFFF5FEFC
01E7FFD9FF7A020C
0013FF0101C9FEF3
FFAB00AEFFB3FEF1
FF80FF45FFCE003B
FFCEFF1C00730064
01520090FFF7FFA9
FEF9FF8AFFF600F4
00040063FF12FF94
0071007F002CFF1E
00970026FFAAFEA5
0012001BFF45FFB4
FFAA004200B9FF95
0234FFD0FFE200AF
0054FFC6FFCBFF96
0035004A0198FEA2
0071010DFF56FED6
0097FF96005BFE28
013F007EFF0FFFE4
00E2FFF6FFC800B5
02140035FFEBFFC1
00D9FF58000B0017
FED90084FF83FFDD
008DFF6EFF0DFF61
FFA3FF9200DAFF40
00250046009600EC
01B20038FE930126
00CD007CFF6300B6
FEA3FF56000CFFBB
00DE007000ADFFF9
00B90102FF4CFF1E
00F40054FFD6011C
FF94FF770044FEAE
FFF100EFFF2DFFDF
01440143FFA1001A
FFC600AA0037005D
FFE1FFDE005FFF65
FF1400950118FF49
008501C10060FFCC
00E0FFBD00C8FF78
FFC800A80017FF51
FF61008000A40054
FFBDFF31FE8700D4
003A00AFFED800BC
FF1000E4FFE9009E
008E0105FF41FFCB
0070FE94FF370045
FF74FF8DFF9FFF6C
01C500A9FF8FFE74
0100FFD5FFC50092
FFC8FE0DFE60FEB8
FF9C002B0062FFC3
00730013FF9EFE98
01B60027FF560135
FFA00093FF630038
FE7C0021FF670027
008600B5FF6D0065
FFD501B5000500D1
000100A600BEFFFA
FF260036FF5FFE2F
FF86FF68FF7AFE9C
0113FF44FFE8FFD0
FF87FF8EFF95000D
FF51FF640085FEFC
FFB3FF51FF59FEE1
01AF0023FF370144
FFDBFEF301C4FEC3
003000ACFF5AFF74
FF8AFF69FF8F0010
FF88FF0700950065
019B0063FF8EFFC3
FEECFF5CFFF40112
FFF7FFF4FF6FFFC9
0034008900A8FF68
00100060FF36FE40
000D0010FEF1FFB4
FF960074003AFF5E
024BFF39000C0102
0079FF88FFE6FF9A
FFF2000F0172FEBA
00EA00D2FFA3FE6B
0067FFCB008CFE2D
017F0056FECFFF9D
00C4FFB2002E008E
01820040FF9CFFCB
01A4FF69001A003F
FF270071FF71FFBD
0067FF75FF3FFF7C
FFA7FF6A00F5FFAD
FFFF009500880122
016F002BFE770176
008A0046FF520104
FEB1FF800024FFC6
0110004500C4FFCB
00870092FF89FEF3
00D00050FF8A0122
FFB6FF5F0022FEBB
003100DAFF6B001B
014100E9FF70FFD9
FFBD00ACFFED0080
FFFDFF7D001CFF8C
FF2A00BD0128FF2C
00F60194FFF9FFFA
00E8FFA6009AFF70
FFE00074FFC9FF99
FF350089006200B5
FFBEFF5FFE6A00B6
004A00A2FEC900B1
FF0F00BAFF9A009A
00B60177FF09FFCB
00A1FEC2FF3BFFFB
FF8BFFA7FFE5FF90
013B00DCFFA0FEA0
00F7FFA4FF7300A1
0062FE36FEC7FE47
FFAE0022FFFCFFAE
00760008FF63FEDF
01660025FF9F012A
00400084FF0E0018
FE95009EFF50008F
00CA00D2FF61007F
FFC801B8FFF30081
FFF9005000EEFFD9
FF14000AFF6FFE73
FF80FFA3FF8AFEE6
0120FF4EFFDFFFE0
FF5BFF77FFBEFFC2
FF55FF0A0036FEE9
FFDDFF43FF5EFF0E
01A60014FFB40102
FFB2FF3B01D7FEDE
00890097FF60FF94
FF03FF18FF800004
FF90FEFE00E50064
0199005BFF1FFFFF
FF09FF6FFFC80172
FFE3FFF2FF75FFC0
0043005200BBFF06
FFCC00B3FF88FE34
FFF50036FED3FF4F
FF87009A0014FF72
0236FEB1FFFF0131
0077FF7CFFB7FFA5
FFE3FFE30144FE9F
00FF0088FFE3FE77
008000050091FE1E
012E0055FE09FF74
00C8FF85004100B8
01650042FF55FFBF
01A9FFA90070003C
FF5800D7FF18FF50
0013FF93FF32FF88
0021FFB60114FFCF
FF9500BE00DA0140
011F0091FE6F0167
007D0033FF6400AB
FEB3FFB5004F0018
00F8007F00E1FF97
007A0097FF9BFED2
010F0047FFAB0124
FFC2FF60FFF7FE7A
008200EEFFA70047
00F80132FF96FFFD
FFD300ABFFA90028
FFF5FFAA0007FF9C
FF7600B300DAFF22
0114019DFFEDFFB5
00C3FF590095FF4E
FFD80060FFC3FFB2
FF3500A8000F010D
FFEFFF5DFE2300A4
006400D4FF2D0101
FEFC00A7FFA700E1
00F101C2FF30FF9D
00B6FEC9FF3C0067
FF92FFABFFEFFF82
012600FCFF49FEF9
00ECFF42FEA600B5
00B9FE5CFF5BFDD3
000F0018FFE5FFA9
00860015FF48FF02
01260005FFDC00F7
004200A1FE880015
FE2500DDFF3C00C3
00EE00F0FF430082
FFE701DBFFE30035
0015004B011DFFCA
FF7DFFEAFFACFE9A
FFC7FFE2FF80FE72
00FCFF38FFA0001F
FF1EFF4EFFAEFFC2
FF46FF4FFFEDFEEA
FFD5FF5DFF20FEF7
01390007FF650092
FF6DFF4D0194FEAD
0085008EFF090013
FED1FF3CFF75FFAE
FF63FEEA00830052
0184003CFEC5001E
FEF3FFC3FFBA0160
FFCEFFABFF90FFB9
002B000E00FEFF39
FF8E00DBFF5CFDF9
FFF90014FE95FF79
FF5800BCFFE9FF7C
0222FE80FFF40123
0066FF9E0005FF90
FFB4FFC6013FFE92
0130004B0021FE01
007E002F005DFE21
00FA002AFDBCFF59
00C0FF6D00930089
01190029FF39FFE6
019AFFBC005A007A
FF8F00B8FECFFF09
000BFFC6FF7CFFAF
006AFFDD0153FFCE
FF6400D400DA014E
00EC00C9FE9F015A
00310029FF4400AD
FEC7FFDA001F0096
011D006900F1FF45
00820054FF79FEE2
01080038FF9C013E
FF7BFF4AFFB9FE9A
009700D5FFE20093
0136012BFF6EFFF9
FFB0007CFFBF0011
0051FFD6FFE20014
FF2000DB00B5FF56
010A0178FFDEFFF4
00C1FF200073FF3D
FF910034FF9AFFA0
FF5800B50023012F
FFCCFF70FE5D00DD
004000E2FF4800F9
FEFC007CFF7A0129
011901EDFF52FF84
0078FEDAFF6B005E
FFAA002DFFEDFFB6
00F700E1FF2BFFA1
0119FECDFE6000B6
0103FEDCFFD4FDAD
FFE6FFFEFFB8FF58
00840035FF0EFEF3
00A0FFEBFFFF00DD
00AC0105FE44009A
FDC400F7FF500118
00D500C3FF9F003F
FFC001CEFFCD0025
FFD9001B010AFF4C
FF89FFBCFFD1FEBF
FF78FFACFF50FF1A
010AFF31FFEA0062
FEF4FF8AFFA1FFC9
FF37FFA8FFA5FF00
0013FF8DFEEDFF20
011E001BFF86FFEA
FF6FFF1D0176FF1B
00AC0053FF250043
FEA3FF0FFFB0FF83
FF8EFF1A00750058
01570019FEA80029
FF38FFFEFFAC0179
FFA6FF6CFFF0FF85
005EFFFC0107FF59
FF8100DBFF3DFDEE
FFBE007DFEA6FF3C
FF5B00FCFFA6FF71
01AFFE35FFF50155
0021FFAFFFFCFFBC
FFB2FF5F00E3FE61
0122001E002CFDE5
00D60052006EFE5E
00DB0025FD5FFF4F
00B3FF8700BB007E
00820014FF1F0004
021C0028003F00A3
FFE20092FEDDFED3
0002FFECFF6EFFE4
00A3002E0143FFDB
FF0100EF00E8012D
00AD00ECFE9E0159
00330016FF070074
FEB4FFF5001E0095
011F000800C4FEFE
005C0052FF8DFEE4
011C002BFF9C0176
FFC5FF83FF8BFED7
00A100FA006C00CB
0100011FFF6F0002
FF7C0052FF61FFDB
0039FFC1FFAA0042
FF2800A20078FF29
00CC0176FFF5FFD7
00B5FEFD0067FF13
FFB00049FF78FFBD
FF5F00CEFFB20164
0013FF6DFEBF008B
003A00E2FF8400E5
FEF20051FF9D012B
01340217FF65FF4F
0056FF58FF65004B
FFD00065004AFFD3
00C6010CFF210006
014AFE8CFE15009B
016CFF820066FD59
003C0010FF95FF3D
0078002AFF22FF42
00490011000C0041
00AA00D2FDFF00B1
FDD0012BFF4C0175
00D000A3FFA20056
FFCF01CDFFC6FFB3
FFF9000C0111FF11
FFABFF94FFF4FF15
FF49FFC4FF41FF1F
00D4FF390015007F
FE95FFA3FF97FFCF
FF64FFFFFF9BFF10
0004FF87FEE5FEEC
00C4003AFFA1FFB5
FF6CFF2C0130FF2C
009D0016FF320081
FE7DFEF7FFADFF4E
FF66FF58003E005A
010A0010FE7D007B
FF340015FFA90182
FF98FF43FFE2FF8C
0047FFBB0120FF78
FF750102FF48FE07
FFC70048FE60FF13
FF540104FF75FF8E
0159FE0D0019017D
FFD4FFAEFFDAFF7F
FF85FF5200B7FE85
0119FFE90028FE17
00F80066007EFE65
00B1000AFD5BFF12
0086FFCA00F9004F
0047FFFDFF110013
0223007E002E0066
001B00E1FE8EFEBC
FF7C000DFFF90020
010A004A0186FFD0
FED500EE00F70123
FFE700DDFF090139
0002FF79FEEC0051
FEC70045000200EE
00F3FFE60105FF2A
00720000FF80FF36
00FA000AFF95015C
FF9BFFA3FFAAFF2A
00A500B9002400C6
00C90116FF30002D
FF68000DFF5CFFC7
004CFFF6FF79009D
FF4900D1FFE9FF50
009D011EFF890001
004CFE9F0026FF28
FFA90045FF5FFFCF
FF4100D1FFA501A1
FFF2FF6CFEE7002C
FFFA00A1FFDF00E3
FEF0FFEFFFAC018C
0127023EFF7DFF32
004FFF80FF63002B
FFEB006D005AFFEF
004E00DCFEF800E1
00F0FE53FDA80097
01AA00720121FD5E
005BFFE9FF4EFF14
007D006DFF3CFFDE
FFCBFFE30018006C
00FB00CEFDAB0104
FDB90163FF6C01C1
00BD0068FFA60037
FF95019AFFB2FF35
FFC9000100E3FEB5
FFF9FF7D0019FFA1
FF3DFF79FEDDFF97
0088FF29004C00E3
FEB6FFC5FF870037
FF740019FF36FF4E
0072FFBDFF38FF6F
0075004FFFD8FF4B
FF54FF8E00AEFFB2
00860021FF4E007D
FEA9FEC0FFE0FF03
FF86FF89FFF10081
00D20053FE59007C
FF890059FF9D0164
FF90FF17FFE5FF5C
0048FF7D010DFF66
FFE900F2FF50FE52
FF28006DFEC2FF8F
FF4D0146FF12FFA0
00D9FE4200340127
FF83FFD4FFB5FF71
FF46FF230070FE76
00F2FF8D003FFE01
0146008D009EFEA7
002C0031FD90FF03
008CFF9C010D0044
00100026FECA002D
021400DA002E008D
009D00D1FE5FFE75
FF640054FFEC003F
016F0103015CFFF2
FEF700D0009B010A
FFD300E2FF9B0101
0002FF54FF310061
FF2A00C1000F0102
0093FFA500C9FF32
0064FFEEFF67FF9F
00D5FFF8FF5F01AB
FF9AFFE8FF71FF88
00A6011400290092
00AA00D9FF48003C
FFB5FF98FFABFFD7
00670023FF2900ED
FF2A00C1FF20FFB5
000500A6FF54FFFF
0038FE80FFDAFF3D
FFC0002FFF7C001E
FF8400C5FFCE01D0
FFFAFF91FF1A0005
FFEE00DE002700E8
FEE4FF9BFF6101C0
0149020AFFA1FF05
0060FFC2FF8C004D
001D008900B3FFE6
003000BDFF1D0184
00CCFE48FD610066
017C010F019EFD60
00200010FF44FEFC
007B0010FF540041
FF3AFFE0001A0013
019100ABFDB50154
FE250137FFB7021A
00B40040FFA40013
FFC9014EFF9AFF2B
0014FF8B005CFED3
0014FFA20048FFE7
FF13FF42FE70FFF1
FFFCFED3003E00E1
FEA50033FF86002D
FFE90009FEF7FF61
0039FFD7FF83FF86
002E005E0084FF25
FF7FFFC700610013
00580042FF69007A
FEDFFE8D005DFF23
FFD9FFA3FF9C00A4
00640045FE2B00A4
FFA8003BFF8F0129
FF89FEE6FFDBFF5A
005BFF8600DBFFC4
FFC80111FF8FFE6E
FEC20049FF09FF9F
FF600143FEF7FF85
001FFEA3002400CD
FEFBFFA7FFDFFF4A
FF7DFED80052FE9E
006FFF890089FE10
015300AB00ABFEF0
FFFDFFFEFDC5FEE9
0050FFF701010021
FF98000EFEAEFFDA
01DC0102002C00CD
00DD007AFE7CFE34
FF8A0088004B004A
01CC01270141FFBC
FF0B011B00810100
FF9B00EB000A00EF
004FFF2DFF2B0043
FF0F00E0FFDE00EF
00B9FF8700E4FEFD
00C2001AFF78FFB7
0109FFFAFF9E01A0
FFA3FFEBFF5CFF9C
00DF00F9FFF60096
00D70097FF180049
FFBFFFABFF5DFFBD
00A50022FF6000C7
FF2F00C2FEBEFFA8
FF9C0070FF550014
0012FEB2FFCFFF69
FF8B0069FF6A0023
FF3600A100550192
FFA2FF63FEEEFFE7
FFE400B6004A00D4
FF26FF64FFBB01A6
014E018CFFBFFF04
0058FF77FF6F0029
004E006500810009
001E0083FF0F023D
0083FE85FD2A0054
016A015701C3FDB7
00040008FF29FED2
0046FFF6FF710077
FEB8FFDBFFD3000E
01A2009BFDE50170
FE6600D2FFD4025A
0097FFF1FF7EFFAE
00040137FF8DFF19
FFF3FF59002CFF49
0030FF8500950018
FF03FF3DFE58005A
FFCCFF0F003C00B6
FEFC0044FF990020
000DFFD4FF4AFFCB
0031FFDDFFFFFF8E
0041006500A6FF4F
FFE9FFC8004A0015
005F0011FFAB0052
FEFFFE880084FF25
0057FFB3FFB200DA
00030055FE140072
0011006AFF8F0107
FF55FEB3FF92FF42
0041FFB1007DFFB5
00240135FFA9FE57
FE680065FF790005
FFA70109FF23FFC2
0059FEE0FFFC00B0
FED8FFACFFC3FFC8
FF92FEC40061FEB0
001AFF9E009BFE13
014900AE00A2FED6
FFC3FFE9FDF2FF0A
007B003400F4001C
FF97002EFE7FFF9E
017D0110001F00BB
00FF0026FE9DFE70
FF7D00B100A20068
01FB01740134FF98
FF7500CF00630099
FF40008900A700AF
0038FECAFF5A0019
FF1D013FFFED0110
0036FF790111FF1E
00F30044FF47003E
00F8003FFFAF013A
FF600054FF210024
00AA00EAFF860065
00BA0035FF19006A
FFCBFF59FF73FFDC
00C6006EFF730128
FF7600A4FE5F001E
FEF8000AFF6A0027
FFCEFEE1FF95FFA3
FF70002CFF6A0052
FF0D006900AF0190
FF85FF50FF05FFD5
FFAD006100AA00B0
FF62FECCFFD501C5
010700EFFFF6FEBE
004FFFA9FF330013
00650081009D0016
000B0027FF6B02B1
0026FED4FD7C000B
011A020001F5FE40
FFF4FFFCFF35FEBF
0054FFCCFFD500F5
FE15001FFFDAFFDE
019D0083FE7A017F
FF0F00980031022D
0074FFC4FF4FFF7C
001F00FDFF83FF20
FFDBFF10FFCAFFB2
001BFFE400D30044
FF0CFF4AFE0400AF
FF69FEDF006F00BE
FF770075FF4C0064
0040FFBFFF37FFF8
003900140079FFD8
0016001C014BFF9C
002AFFF4000F0085
000200000013001B
FF3AFE4700C5FF0E
0073FFFAFF2700E1
FFA8007AFE0C0057
007D00DAFF8B00DF
FF5DFEAAFF6CFF0E
004BFFD10003FFD0
009A0129FFB1FEE5
FE19006AFFE0003D
FFC7010EFF66FFFF
FFDDFF86FFFF0033
FE5BFFBDFFABFF92
FFA3FEC50047FEC6
FF8FFFAE0071FE01
017C00C50090FF45
FF62FFD3FE45FEEF
0065006700C2001F
FF730030FEA5FF76
00EE0131001700F8
0106000AFEC6FEB7
FFB700A700A70061
023601A8013AFFC1
FFB900CE001500C6
FF9F005B0125003B
003EFEB0FFCF0028
FEF7014CFFDD00A2
FF91FFA10128FF0A
00C500A4FF7F00BF
0108001100100132
FFAE0002FEF20008
00EF0089FF60004B
00EA003BFEBE0069
0025FF1EFF38FFE1
00CD00A4FFB100CF
FFB1007AFE82004F
FED8FFD3FF6A002B
FF79FF01FFAF002E
FF4E001CFF680091
FF1E0093010D0155
FF37FF75FE8DFFBD
FFB9004E00B400E3
FFA3FE55FFE601A9
010200AB002DFEEE
005CFFA6FEF3001D
006E006600560033
FF89FFFEFF5D02E7
FFD7FF5FFD63001D
00B1019801D3FE9B
001CFFAEFF34FF08
002FFF9A00430124
FDA50030FFE7FFE2
021100B0FEBB0146
FF9D004E006001C0
006AFF72FEF5FF74
0063012DFF7AFF1B
FFCBFEB1FF99FFF6
0012000F0103FFEF
FF12FF74FDC20096
FF22FEC8004600A1
FFEB0056FF150087
0049FF67FFBA002D
0025001B00B4FFF3
001E0017018DFFE8
0082FFEBFFF1007F
FFB4FFBC00040015
FF4BFE3A00CCFF3C
009E004CFF1500BD
FF6800A7FE280075
009C011AFF8300DC
FF57FEB2FF58FEEE
0080FF7CFFD7FF8B
00AB013CFFF3FED7
FDF300AA002D004F
FFEE00F0FF670044
FFD00002002A0033
FE1FFFD1FFD2FFBF
FFBDFEE80060FEBA
FF3BFFBC0088FE31
017A00C20065FF47
FF68FFFEFE55FF50
005A006F008B0041
FF9D0066FEB0FF1A
002A015A004F0160
00B2FFE5FEF4FF2A
FFDF005100930088
020F019F0160FFB8
005E0097FFE400A5
FFC400250183FFF5
003AFE8EFFE30012
FECE0123FFD00090
FF52FFA9012DFF2A
00FB0122FF3F00F5
01210066000C015C
FFBB003BFF0C0014
00B60051FF2EFFC6
00D1FFFCFEAD00AE
0058FEF5FF72FFBC
006900DDFFDD00B5
FF8B003EFE590057
FE71FFFAFF940002
FF59FF1DFFB00084
FF4D0051FFC400D3
FEFE0093019B0101
FF77FF4CFEA5FFC5
FF8BFFFE009D00FF
FFBAFE95005701B0
00D6002F0062FEC6
0024FF92FEB0FFF4
0036004900AF0027
FFEBFFB3FFB50307
FFC4FFF3FDBEFFE2
004901C80196FEC3
FFFCFFBDFF82FECF
002CFF76009C016D
FDA60084FF9B0000
01FF0099FF700124
FFEEFFB100AB0162
0044FF21FE7AFF4E
00A5012CFF8FFF42
FFC9FEDBFF500044
0003000300EAFFE7
FF18FF81FDCD009A
FEFBFEB800840049
00000049FEED00F0
0055FF3D00100048
FFEDFFE600EDFFDE
004FFFED01B000A3
00A0FFB6FFF40075
FF56FFC60069FF9C
FFA3FE2A00FBFF76
00C6004BFEAC00D3
FF7B00BBFE7B0071
00680125FFB30095
FF94FEA5FF13FEDE
00A7FF9DFF85FF7B
013B01070034FEEE
FDE70079003D0095
FFF800AEFFB80079
FFCC00D4000B001F
FDC7FFC6FFC1FF95
FFB0FF2A00D4FEA1
FEF4FFD10047FE54
017E00B5003EFF3E
FF78001DFEA2FF56
009600E300960011
FFE3001AFEE9FF21
FF75013D0025013F
00D7FFB3FF3FFF5B
FFF90045008C0062
0239019C0178FF92
00DD006BFFE3006E
FFB1FFB901EDFF8B
0039FE6B00790033
FEAB0118FFE7002D
FEE8FFA60125FF5F
01280178FF4F0136
014300990014011D
FFAA001FFEF9005D
00B90075FEB2FFA7
00CBFFEBFE9200CA
0075FF18FF55FFFA
00A6011DFFFA00A9
FFD70006FEB900E3
FE36FFE8FFDB0010
FF58FF68FFBE00D0
FF430081000200D5
FF0200AC022300C4
FF87FF4CFE95FFF8
FF66000400A1011C
FFE2FE2B007A0167
006CFFB10084FEDA
FFF5FF90FE62FFB1
003A004B005DFFDB
FF98FF8C000302EF
FF790067FE33FFB1
FFCB01E2013DFF73
002AFF67FF87FEFD
000BFF83010F0197
FDD30076FF3F002D
020B007DFFC00112
007CFF8300D90128
0037FF1EFE65FF51
00C7013EFF6CFF48
FFAEFEADFF030087
FFD2005600ECFF90
FF4BFF40FDC90086
FE9DFE7000E30042
006A0049FED40134
0069FF33008D006E
FFF9FFC30166003C
008FFFBA01C9010F
00EFFFA300130099
FF1AFFC4007DFF0B
FFD0FE2000E7FF8B
00DF007EFED200D3
FF5500D9FE70005E
009A0145FFCF008C
FFABFF05FF03FEFE
00E0FF9EFF2BFF36
01900108004FFF27
FDF700A2008400B9
001C008B001D0080
FFBE0121FFF8FFD1
FDEAFFDBFF9CFFA2
FFB6FF4800B1FEA4
FE83FFF90067FE52
019200900013FF56
FF45001EFEFAFF8B
00BF00CC00370012
0043FFE5FF06FEC7
FEFB011500350158
009AFF95FF72FFB0
0034FFFB00330023
020E017D0144FF74
013E0086FFA8002B
0006FF8601BAFF7B
006FFE4B009F0002
FEA80120FFFCFFBB
FF1CFFB20117FF7B
011101A4FF46016F
015C00A200770135
FF9B0070FF450069
00730052FE58FFC2
00FB0017FED100A8
0087FEF1FF260003
0095010500240070
FFD0FFFEFEE800CA
FDEFFFEEFFCDFFBF
FF28FF97FFBF0107
FF7D00DB0002009E
FEE0009C023A007A
FF78FF06FE5DFFDA
FF80FFFA00B60124
FFF2FDDF00F1010E
0052FF870080FEFF
0038FFACFDFAFF88
001400310023FFB9
FFDCFF86FFD302D2
FF9100D1FE93FF93
FF6C01B90123FFBE
0044FFB3FF77FF40
0005FF8D013001CD
FDF900CAFF570051
01B10057002A00EA
00ACFF1E00D400FA
000EFEF8FE3FFF73
00CF013AFFA8FF74
FFB5FEA2FEFE00C9
FFF4005700D9FF30
FF3DFF67FDF0002F
FEBBFE680088000D
00790051FE830161
00A3FEFD00CA0067
FFD6FFA201C6FFF7
009BFFB301BF01A8
00F8FF820002006E
FEE40002007AFECC
FFFEFE5200C9FF9D
00D5009BFEE300EA
FF7B00E6FF21006E
006D0150FFA2006F
FFABFF4DFE7FFED7
00C2FF93FEE6FF2A
01D200FD0075FF5D
FE3F008D008900DC
004D0083FFFC007C
FFF1018DFFF5FFDF
FDACFFC5FFA4FF9D
FFB3FF8C00F8FEBE
FE6000070083FE8E
0184006EFFD6FF4E
FF82005EFF2CFFA3
010200E80016FFFF
00CDFFF7FF20FEAA
FEAF010400480140
0075FF68FFB90015
0011FFD2FFFE0022
01B201260160FF59
01A1006FFF920020
0057FF3F01B9FF2B
0079FE7700A9004F
FE7001160019FF67
FEE1FFE4012AFFB2
012E01C0FF0B017C
013D006E004500F7
FF760057FF780067
003F0055FE38FF48
012EFFFAFEEA00D0
008DFF24FF4F006B
00A000F9000B003D
FFBDFFA8FF0F00B5
FDDEFFFBFFC5FFA7
FF38FFC2FFE40136
FF7200B4002000A5
FEB6008402A80059
FF68FF40FE7DFFD0
FF98FFDE00D00163
FFB1FE0E010600C5
005AFF2E0097FF05
0044FF50FDF0FF60
000EFFE40003FF76
0053FF8EFFD6027E
FF7300EFFEBAFF9B
FECE0142007B0026
0017FF9DFFE4FF8B
FFDCFF38016B015C
FE6C00D2FF3E0099
015E001F00B10079
00EDFEBF00CE005C
FFFEFF01FE32FF96
00C60170FFC8FFEA
FFDCFEA1FF240146
FFA200B300DFFED6
FF20FF4AFDEE000C
FE9BFE4E0063FFF2
011800A5FEA50170
0083FEEB012A0075
FFB0FF9A0216000D
00EEFFAC020C0219
0149FF7C0029001F
FE97FFD5007CFE7B
004AFE6A00C1FF9D
00E600A1FEDA00F7
FF67011BFF390056
007C0150FFE8003F
FF87FF72FE7EFEE2
00E6FFACFEFEFEDB
021400C60080FF3B
FE1500BE008900C2
005E0034006500A5
005F01EC000B000D
FE11FFC3FFC9FFA4
0013FFCA0113FEC1
FE3F003D0022FE67
0129008B000DFF39
FFB50082FF7FFFEB
00EA00F7FFDA002E
013AFFDFFF0EFE9A
FE8500B40060014C
0039FF260005004B
0055FFB0FFD1FFF7
013A00E5010CFF74
01F90046FF580032
00A3FED801E7FF38
00ADFEA900750027
FE9B00CE0014FF40
FEE6FFA200E5FFC7
011D01FAFEEB016A
014E00A5006400E8
FF9C0075FFA000B7
FFE50036FE5CFF15
0115002DFEB50100
006BFF1BFF7A0084
0060011A007CFFBC
FFA1FFB7FF7C00C4
FDB7000C001DFFCE
FF50001AFFF90155
FFA901130044006A
FEE6006702B9FFBE
FF6FFF52FEEEFFFE
FF73FFEA00B50129
FFE0FE15012900A0
0047FED90061FF2C
0037FF95FDC6FF38
0004FFC0FF9EFF3E
0092FF7700060230
FF7C0149FF54FF83
FE54011AFFBD0072
0032FFA60036FFA1
FFE7FF44017B0117
FEFE010EFECC00A3
00CB0022010A0072
0136FE57008F0018
FFCFFEE6FE08FF81
009E015EFFE1004C
001CFEC1FF01012F
FF8100C500B4FE6D
FEFFFF31FE3F000C
FE60FE32007DFF80
013900EDFE92018C
004FFEF80150007A
FF8AFF7C02300007
0154FFCD01A8021F
0188FF2600330039
FE63FFEF00B1FE28
006BFE8400BAFFC9
00BC00B6FF07012B
FFA40112FFC7001E
0038010DFFEA0005
FFDAFFCBFE55FF02
0101FFB7FF22FF03
021F009D0087FF6F
FE87007A009500C8
00370040007100B2
007301DFFFDFFFCA
FE26FFD3FFBFFF84
FFFFFFE70147FEF0
FE0D0058FFF0FEDA
010E00660008FF62
FFEC007B00020025
00E80128FF4C0007
01A9FFF2FF41FE76
FE870040003800DE
0014FEF8002400C5
005BFF43FF6F0035
00A1003C010FFF57
02110012FF630026
013FFEA801BFFF43
00A1FF0200470065
FE9200B10041FEBE
FF4AFFCB00C5000D
00D601FAFEC5010A
0138007300320112
FF680033FFE60051
FF8A005CFE88FEE6
012E000FFECF0122
0066FF3DFFB500AC
0034010100AEFF3D
FF74FFBFFFEB00CB
FE1A0066FFEDFF54
FF43003700180179
0005015900690069
FEE8005F030DFF99
FFA2FF50FECA0005
FFE0FFB6008C00FA
FFD6FE4D012B003F
0039FEDF002EFF71
004CFFB3FD95FF0A
FFEBFFB4FF96FF59
00EFFF77001D01B6
FF900171FFAEFF9C
FE50007CFF470086
007AFFCE007AFFF9
FF7BFF3B014100AE
FF8D0141FED90118
008EFFEA0150FFF2
015EFE450046FFBA
000AFEFBFE53FFE6
00710198000F007C
0029FED2FF18015D
FF54011A0086FDF9
FEEFFEE9FEB1FFD8
FEAEFE6A0061FF35
016900D6FE9401A8
0040FEF201BB003C
FFBDFEDC02560036
018EFFFD01950279
0170FEF5008EFFDB
FEA1005B00B0FDDB
00D0FEF40066FF9F
008C00B9FF72011F
FFCB012F00150024
FFB200A4FFADFFED
FFF2FFF6FE41FEFE
00D7FFF0FF28FEF1
020200D000ACFFDC
FED30092006700BD
0040003100A700A6
00B801BDFFDDFFE4
FE5CFFE8FF73FF6A
001C0044017CFED9
FE55005DFFECFF06
00D800540022FF61
003F00A7005E004F
00D20136FF47FFE1
0252FFBEFFB0FEAC
FE77FFCB006700BA
FFDEFEE4005B0119
0047FF06FF49FFFC
0008FFBB00A6FF25
01EC0014FFA3001E
0178FE960102FF54
00AFFF5D00250022
FE460043007AFE75
FF82000B00A8FFF7
00E40240FECB00E3
0177007F005700ED
FF68000100110022
FF6A0067FE6FFEFD
01310084FF1D00DF
0053FFBAFF7100CC
000800AD00BBFECE
FF9BFFC10074006B
FE5600950054FF43
FF7C004400350151
003501A40027000B
FEBA001702AFFF40
FF9DFF50FF080011
0032FFC5007E0108
0005FE66018DFFED
0025FEF3001AFFE1
0041FF9DFD80FF05
FFDCFFA9FF18FF2A
0136FFC7FFFD0106
FFE4017E001DFFB3
FE4FFFF1FED200DC
00B9001500960027
FF6CFF50012C007A
00350134FEF6010D
FFE1FFBD015DFFB2
0124FE78000DFF41
0013FF64FE48001D
002C01EA003E00F8
0011FF2AFF720156
FF7400E9004BFDC8
FF2BFF47FF24FF50
FF11FE78007BFF11
0147009BFEA10177
0049FF0D02310028
FFAAFEA70207001E
01A7000200DB02B8
014CFEDC008CFF8F
FEBE0067008BFDC3
00CAFF47FFF9FF98
003F00B0FFCA0111
0023014600740007
FF76009CFFADFFF1
FFFA0056FE02FF10
00C6FFDCFF31FEB3
01C300B3008AFFDC
FF55009700070066
0032003500BA0071
0177015DFFCE0035
FF0CFFE1FF5FFFAC
0007008D01E7FEBA
FE8E008EFFB4FF2C
00BE001F002FFF48
008900C6005E0084
00F1013EFF60FFDD
02B2FFA2FFD9FEF7
FEB6FFA0008C0053
FF64FF0C004D00E5
0073FEC1FEEFFFA4
FFBDFF740063FEFF
01DF0002FFC8FFFB
01C8FEB1006EFFB3
00E2FF9B00010005
FE63FFF60097FE79
000200130038FFC4
00CF020BFED40069
01C300A300260127
FF8F003B00250004
FF5F006DFEA7FF08
013300BDFF1B00D8
00050013FF75009E
FFD8006800BEFE8D
FF77FFAD00E4001B
FEBE00EF00B5FF3A
FFA1006A003800F9
007B019B002EFF90
FF0F002C0268FF01
FFD9FF5FFF440078
002DFFE4003400BE
FFE0FEB7018BFF9F
001CFED0FFDA0005
0060FFB7FDC9FF3B
FF93FFC0FF3EFF01
0154FFC500230060
0015017C0089FFA2
FEC6FF8CFEAF00B6
00C5005F0082003A
FF8FFF7600F5FFF2
00CD013FFECC00D6
FF70FFD40150FFA8
00BAFE8FFFC2FF4E
FFC5FFA3FE99005D
002401C5008400EF
0033FF68FFB9011D
FF6500A6FFF6FDA8
FF1EFF72FF95FECC
FF7AFE850043FF1C
0116008AFEAB015C
0034FF3D025B0014
FF8BFE8501ACFFBD
0192002D0025026B
010FFEB80089FF51
FEE300970064FDFC
005AFF97FF99FF6A
0002008CFFDD0128
006200F900E3000B
FF52001EFFC9FFE7
002B0085FE21FF44
005AFFE9FF6BFEE1
016B00DD0060FFA3
0001005CFF7E0030
004E002600D80076
01C000F8FFED001E
FF0EFFE7FF3CFF2E
FFEE00BF0212FECB
FF0900B4FFC8FF66
006B0014FFC0FF37
00CD00AD00510033
011D0133FF73FFEB
02DBFFE1002AFF1F
FF2DFFBA006EFFF0
FF5EFF0A00230134
0071FE90FEB4FF74
FF25FF140038FF52
0186FFF0FFFE0032
0212FEF7FFF2000A
00B9FFC4FFAEFFF4
FE88FFB800D9FE7C
0056004F007CFFE9
00A601E2FEF0FFFA
01900080002000F9
FF7DFFF50067FF78
FF420075FF16FF36
013500CEFF9D0089
FFBE0038FFB0007E
FFB400210101FE8C
FF76FFFE0121FFD0
FF85012D0051FEEC
FFAE006E005C0089
00A1018D0042FF93
FF14003501F9FF67
003EFF82FEED004F
008000120008009A
FFA8FF130140FF95
002BFF4FFF630055
0079FFC4FE08FF6B
FF8EFFC3FF44FF62
018BFFCA001EFF76
00640131006CFFAD
FEE9FEBBFEA7005F
013200660074006D
FF91FF8A006FFF98
01230130FF5500D4
FF4EFFE400FAFF60
0045FED6FF89FF50
001C0006FEC800A5
000601D9007C00DD
001AFFB7FFE000E9
FF8D0081FFE4FD79
FF39FF960025FEA6
FFE9FEF9FFF4FF2F
00BE003CFED60115
0004FF4B01E8FFE7
FFBAFE2B00FEFFDB
01B70057FFE80269
00E4FE8100FAFEBD
FF9000E80050FE20
0067FFC2FEE9FF84
FF86001B003C00D4
00F500F800DD0008
FEC6FF99FF710015
002E0073FE3CFF7F
0045002FFFC3FED9
00BF01060075FFA6
007C0032FF1F003A
005A004800B0004D
01FF005CFFAD0068
FF7FFFCCFF50FF66
FFCC00CF0241FEC6
FF770093FFD9FF38
002AFFD90031FF3E
00FF00A9004E002B
011000FBFFBEFFCB
02E9FFB40053FF79
FF7CFF77006FFFFD
FF90FF7EFFFB0137
005DFE9CFED3FF51
FF2FFF0F0032FF49
00EDFFE500660037
01E6FF64FF4B0074
00B7FFF7FF420001
FE83FF8800E9FE7A
0094003A004FFFE7
009C01B6FEF4FFBC
01990068FFC500E5
FF9200040083FF4A
FF34007EFF8FFF70
00EA0108FFDD007E
FFB20030FFAD005A
FF7C000B00FFFE70
FF51000B012AFFA9
FFAA01630033FEDA
00280042008CFFE6
00F101AB002FFF62
FF450031011DFF62
0089FF94FEFD0034
009B0045FFCB0070
FF69FF660105FFCF
FFF9FFC1FF6100BF
006EFFE2FE83FFAD
FF950009FFB7FF36
0178FFF3FFA2FEF4
00D100C00059FFBC
FF53FE9AFEAE0021
0143007D00400058
FF95FF9C0055FF6C
01AC00E4FF4C0088
FF08FFD60078FF7C
FFEDFF4DFF9CFF98
001D003AFF4100AB
FFB10208008E00D5
002C005A000A0055
FF9E0046FF7FFD9F
FEF4FFB2001AFE63
004AFF30FFF0FFA3
00670013FF2700F2
FFB6FF88019EFF6E
FFFFFE2D005AFFB8
01880068FF900201
0073FE890139FE87
FFC901170022FE8A
001FFFF0FEB9FF88
FF420010007B009F
012B011200650022
FEE0FF5DFF49003B
006B004BFEA6FFD4
00420030000BFEA3
008F00F1002DFFDF
00B7000FFEC3FFEA
000B007C00840051
0219FFAE002100BE
FFF5FFD6FF40FF24
FF6D00C10202FE9E
FFE100A4FFF9FF63
0043FFC90042FF41
018D00880059FFE8
01110092FFE6FFBE
0296FFEC005AFFAC
000FFF880058FFB4
FF4F0018FFB20106
0038FE85FEFEFF73
FF0CFF0C009DFF9E
001AFFDA00E80033
01CCFFE8FEEE00C2
00E3FFF6FF2BFFD6
FE77FF7500DDFEB0
00D3005D007BFFDC
00460188FEEDFF3F
014E00460028010B
FFBE0001008CFE9C
FF7F004FFFACFF83
00A5015500390020
FFC40093FF78FFDD
FF64002000ABFE5C
FF4A00260123FF6A
0031019A0005FE98
FFF1FFCF0090FFB8
00BC019C000AFF58
FF8800830081FF9E
00B5FF7AFEB40039
00DE0081FFAE0062
FF62FF8D00E1003E
FFF70071FF6800AC
004DFFDAFEE5FFD3
FFC50048FFBCFF93
01380042FEF0FE78
00DF0060FFDBFFF7
FFC5FE50FEEAFF9C
017C0066000E0054
FFABFFDFFFFFFF2F
01B60093FF9D00A6
FF0E0024FFC1FF91
FF19FFF0FF860007
00450024FF8300D9
FF7801E7007D0088
004B00C200A0FFC8
FFCFFFF8FF83FDBE
FF2AFFEE0019FE0C
0047FF53FFE20037
FFF8FFE7FF3E0094
FF68FF910148FF44
005BFE6EFFD4FF9D
011E009FFF220165
FFF5FEBD0136FE2F
00230113FFA4FF0A
FFF1001FFEA4FF61
FEE8FFB00063006F
014601000069000E
FE92FF44FF0D005E
0049003EFF17FFC1
002D00400072FEBA
0035010AFFFAFFB7
00D00035FE40FF9F
FFD60088FFF00008
01CCFF03009500DD
0026002AFF60FF36
FF4B00D501D2FECC
00AF00750019FF17
007DFFFB0038FF33
017B0083FFCF0000
011B000E002AFFB2
025CFFE00051001B
0089FF92007FFFC4
FF650036FF7C0099
FFEEFED3FEFFFF62
FF4AFF02008BFFB3
0011FFF40112002E
016D0054FE7F010D
00B0FFD7FEF7001A
FEE2FFB100E5FF26
011C00750065FFBD
005B0111FED3FF20
015B0032FFA300EE
FF9F0018009AFECD
FF76007E001AFFE4
0097011C00690021
FF6A0092FF94FFD9
FF97FFC9009AFED0
FF57002E011FFF64
00640186FFDAFEDE
0036FF84008CFF19
00C0014F0002FF14
FF67005EFFF40034
00E9FFBFFEB0002A
00B900A3FFF90073
FF0CFF9F0078003C
FFF300E2FF2000DD
0061FFC6FF380011
FF9C006FFFF4FF7D
014E0041FED8FE64
00DCFF9EFFABFFF2
0040FE68FF61FF0A
01540048FFB80029
00020007FF9CFEEE
017A0098FFB70076
FEFB004CFF74FFD4
FECF0022FF86004C
004D007DFFDA00CC
FF5901A300590067
006B00AD00A1FF7E
FFDDFFB3FF7FFE3E
FF14FFBF001AFE42
007CFF80FFC1009D
FFC00016FF41008C
FF65FFDC0093FEF9
0047FE60FF56FFBF
011C008EFF0100C1
0018FE73012DFE26
0057011AFF79FF7E
FFAFFFFBFE7AFF47
FE99FF8900530069
012800A5FFFE005D
FEC5FF3FFF2A0058
004D0022FF1A0007
00380049009FFEE3
FFC0012BFFB8FF8F
00CC005CFDEBFFB2
FFF200B7FFA40005
01D0FE7D008A00C8
001EFFDCFF82FEF3
FF1D007B0174FECA
00CD008A006DFED3
0083FFDB0053FF9C
01A1006DFF8FFF95
0102FFEF006BFFA3
01E7FFF10026001A
011EFFCF0014FFA4
FF980054FEFB0057
FFD8FF2AFEEFFF65
FF87FF5E009FFF8A
FF86001C0160006E
013600EAFE2B0152
00A7FFF6FED70034
FEE9FFA700B6FF52
0151006D0067FFAA
004300B3FF14FF02
0130FFEBFFE20118
FF97001F0092FE81
FF6C00AA004CFFFB
006D014500ACFFDF
FF6E0065FF9FFFC8
FFC5FFBC0078FF16
FF32005800E8FF67
00CB01B1FFDDFEFE
0050FF44009DFEE1
0072015E0016FF13
FF8A009FFF860082
00E9FF9FFE94004C
00B500F3FFC00069
FEF1FFE7003B0068
003F012CFF2700E5
006EFFB0FF790040
FFE000B6000DFFA9
0142005DFE9FFE99
0111FF49FF83000A
0094FE94FFE1FEDC
0153006CFF9E0028
FFEC0017FF38FEE1
01540030FFCA007F
FF10003BFEC2000E
FE4C00BBFF6500B3
0084006E003600D4
FF1601BE00510037
004A00DF00E1FF0A
002BFF82FF54FE7A
FF33FFB70001FE1C
008DFF6AFFC5010C
FF57FFF1FF840072
FF7200030014FED6
007BFEDBFEFDFFE5
00E60072FF150053
FFA4FE9E0145FE66
00980125FF52FFCA
FF93001CFE92FF5C
FE82FF5D00AC0050
012B0075FFA80056
FED6FF17FF2C00C0
00070003FF82000C
FFF3002B00EEFEFF
FF73013BFF67FF8B
008B002EFDE7FF71
FFC000D4FF32FFAF
01A8FE3100CD0117
0069FFEEFF80FF30
FF0700410118FF0F
015500540071FE75
0090FFEC008EFF4E
01B60038FF67FF39
00D3FF9D00B0FFD2
016CFFF1FFF3004A
0188FFCB0026FFF5
FFB9008DFEEC0035
FFA3FF3BFF70FF9B
FFB6FF6500D9FFD1
FF2C003E0181005E
00A30105FE030183
009DFFDEFECE0076
FF10FFF300A4FF70
015C004B009EFF67
0016008BFF19FF10
00E4FFD5FFE00128
FF9C004600A1FEC1
FF6E005600580029
0055010A009DFFB5
FF72001BFF66FF85
FFB3FF86001EFF77
FF4B006500A1FF5C
00D50183FF9CFF22
005CFEF40063FEBD
00630163FFA4FF12
FF8800A8FF1E00B5
00CCFFB0FE7B0027
00BD00D4FFA70068
FF1C0004FFE000D5
003701A8FF5000F6
0094FFA6FFE40031
FFD000F80099FFE7
008C0083FE89FEE3
00F1FF03FF66FFFA
010EFF15004AFE8C
012B007EFF4FFFF0
00080037FF03FF29
00F6002E0025008D
FF5B003AFE570055
FE340142FF820103
00890084003200CF
FF330191006D000B
003C00D60103FE8A
002AFF0EFF49FF13
FF24FFCBFFBDFE85
0095FF84FFAC016C
FF18FFBDFFB50072
FF89FFDEFF99FED2
009DFF30FEADFFCC
00720041FF56FFCC
FF59FEFF0121FEAA
00D20122FF670039
FF36FFE5FEC9FF82
FE82FF100094003C
00FF0075FF380097
FF3BFF3AFF2000FE
0006FFE7FFB6FFF3
0006000400F5FEBC
FF73012AFF4BFFAB
002F004DFDCEFF39
FF7A00DDFEE4FFA6
015BFDFC0100012B
00730006FF6DFF2A
FEE6002500E5FEEB
0157000100AAFE4E
00BE000D0099FF5A
01730025FEEEFEFA
00DFFF8A00D20006
0102002FFFBA0060
019400300046FFF5
FFFE0082FEC5FFC7
FF71FFB1FF7DFF8D
0012FFF300F4FFDD
FEEC004001780062
007A013FFE2C0174
00B6FF9CFECB0048
FF1C00440099FFB9
012F003200ADFF54
002A003FFEFAFF32
00CBFF9300010100
FF5F00570068FEA5
FF9C00BE0070006D
004300EC00DBFFA0
FF47FFF2FF82FF92
001CFF9F001AFFDA
FF6E00930043FF78
00C50150FF80FF19
0030FEBF0057FE85
00160116FF95FF2B
FF9C00CBFED90152
00C3FF9AFE4FFFF3
00C3010C00030065
FEE3FF93FFBD00D7
006B01DFFF270096
00E0FFBE000B0073
00170132007B0007
00AE00A5FE32FF09
00BAFE80FECFFFF7
0105FF4900EAFE43
01310069FF110006
004E002FFED5FF2B
006AFFF9003C0061
FF990077FE0900A5
FDFC016DFF680171
0089004A007500C1
FF43019B002EFFD3
003B00A1011EFE72
0042FF4BFF7EFF17
FF12FFA7FF7CFEBB
005EFF63FF8101DA
FEED0002FFA2004D
FF990021FF0FFEDC
0085FF5DFEAEFFEF
0053007FFF97FF7C
FF6CFF25010EFEC1
00F700D9FF47007D
FF61FFC2FEDAFF5A
FE3DFF1E00690022
00C80064FF0C00AD
FF41FF46FEFE0104
FFDAFFA3FFCEFFE2
00120005010AFF02
FF3B0159FF09FF99
FFF20054FDD7FF44
FFA30114FE97FF7D
0104FDE20117012B
0005FFDDFFAFFF48
FED6FFB70098FF4E
0155000400D3FDB1
00D9001E0107FFA6
016C0005FEEAFEE0
0082FF8800FDFFD3
006F0024FF74005B
02000033003C0069
003600B4FE6CFF72
FF49FFDFFFE1FF6E
008700890117FFAF
FF2D006C019E0051
FFC60141FE540168
008BFF4EFF0D0027
FF41006200AE001C
00E0FFF8009EFF40
0041001DFF2CFFD0
00FFFFBBFFCF012D
FF6000870025FF04
FFFA00B4006F00B5
001800D800E1FFC2
FF6EFFB1FFA4FF98
0009FFE6FFCA0051
FF90005BFFC2FFA8
009C0112FFA9FF8C
0047FEA9006AFE6E
FFF00122FFD5FF27
FFC800DCFEBF0154
00FAFFC0FE96003F
00B001100017006E
FEDFFF7CFFCF011C
004D01C4FF54006C
00CFFFDE00190088
FFF0016D00BEFFDE
002F009EFE77FF69
0072FE50FEB0FFCA
011D00130150FE39
0139003BFEE4FFCA
0079001DFF18FFBA
0018FFAF00210001
FFEA0078FDCC0113
FE0E01C1FFCC01BF
00730042005F0089
FF41019B0029FFAD
000300D400D0FE1F
0044FF1FFF68FF9C
FEF8FFA4FF0EFEFC
0051FF1EFFF30252
FED6FFC9FFC0006C
FFED0042FEDEFECB
00AFFFADFEB90046
001A005AFF8BFF1F
FF31FF4700EDFF4B
009000DFFF61007C
FF3BFF97FF44FF75
FE7CFF3900100005
009D0067FED700C5
FF91FF98FF0F0124
FFCFFF9B00340006
002A000000C1FEF3
FF650155FEDCFFD7
FFD6003BFDF3FF34
FF980155FE96FF92
0080FE58011C0120
FFF8FFD4FFB2FF12
FE8DFF860041FF76
0141FFF00124FDB4
0169001E00CCFFB0
0106FFF5FEA6FE80
00B2FF870121FFFF
FFF00017FF2C0056
01D20096001B00A3
009E006EFE4DFF2A
FF2100210054FFA7
010C00E80114FFFF
FF040075018E0069
FF740147FECB0163
005EFEE5FF0AFFF4
FF5E00D2006B004F
00AEFFE7009FFF38
0061FFE0FF39FFD7
00EDFFAEFFF5010D
FF5D00C5FFF9FF3B
003600CB00AA0082
0003009D00B9FFD1
FF45FF76FF85FF6D
005B0001FFE000B7
FF730069FF80FFE8
003800D1FF8AFF84
0019FE8A0015FE8E
FFAD00F9FFC8FF82
FFD200DCFEB601BB
00D9FF83FEB4FFC6
006B010C000E0078
FEC9FF48FFCE0154
004A01C7FF55000D
00BC001E00380080
003F017D01010028
FFFF0050FE4B0047
0053FE2EFE8AFF7B
014D00CD0219FE4B
015E0030FEA9FF7C
00720021FF200026
FF60FFD2001DFF78
00380058FDBB0158
FDFD01B1FFFB0206
005B0007005A006B
FF86013F001BFF2A
FFEA009200A9FDD6
007EFF0CFF88FFFC
FF36FF7FFECBFF76
000CFF3EFFEF0279
FE84FFF3FFC50092
FFD10070FE9CFF35
0093FFAEFEDC0034
FFAE0018FFF9FF01
FF4AFF7400B8FF97
0073009EFF8B00A3
FF22FF6FFF9EFF48
FE88FF88FF9D0037
004A006CFEAB00D9
FFFEFFCFFEDC00FE
FFD7FF5D0059FFC4
003AFF9B009AFF28
FF87013BFF04FFBC
FF420040FE5CFF25
FFB10164FE88FFC4
FFFFFE9901490111
FF6CFFE9FF9FFF13
FE83FF510030FF63
00E9FFA7011DFDAE
014B004000F4FFC7
00A2FFDDFEACFE49
00B9FFCA0156FFC8
FF5C0018FF390057
01B200E6000900DB
007F008CFE5BFF4B
FF2E0050005EFFCE
01360146013FFFFE
FF0E0058016F0056
FF29014DFF2F0136
005BFEC1FF58FFEA
FF6F00D500490092
0027FFF000BFFF79
0054FFDFFF270056
00A6FFC8006900F8
FF6500D4FFBDFF73
002100B8005A0077
FFE5009E00BCFFE2
FF78FF2BFFB6FF6B
004F0035FF9E0133
FF8C0064FF25002A
FFD80097FFD0FFC7
FFDDFE52000EFEA0
FF5E00B5FFEBFFB7
FFC200ECFEA001DA
00C8FF8EFEF9FFA7
00100109004A0089
FED9FF28FFBA01B5
005E01C6FF65FFAF
00AB00190055007F
0046018101170036
FFE00053FE4A008E
000DFE30FE9EFF8E
0114014F023CFE4D
010C0010FEA9FF52
00B6002DFF57006C
FEF5FFAA0024FF95
005E007EFDD50195
FE31019E003601FD
0050FFD9002E0056
FF8A00FF0003FF12
FFF900840075FDD7
0088FEFAFFBC0010
FF77FF92FE3CFFB4
FF9FFEF7002F029F
FE8D0018FF9100B2
00020078FE55FF3D
00940043FF02007A
FF8EFFFE004FFEFF
FF4BFFA0008D0006
00020072FFC00091
FF3BFF26FFDCFF7A
FE94FFA1FF2F0031
001B006CFEB400D8
0004FFFFFEFD0122
FFDCFF780083FF9E
0086FF890086FF5B
FFBC010BFF03FFDD
FEF00067FEA2FF4B
FFC60130FE76FF93
FF78FF09018D00BC
FF30FFECFFD2FF26
FEA3FF25FFFCFFB3
00BEFFA600E9FD8E
0191004D00F8FFF5
0059FFE3FEBBFE38
008FFFCC016AFFF0
FF0FFFE7FF240065
019200FBFFE60135
00E1004DFE5AFF16
FEE6009000BC0002
01820189016F000B
FF600077014C0053
FEF3010EFFD500E7
003CFEA3FF99FFE8
FF5D0130002800AC
FFDBFFC800C3FF7E
008EFFD1FF3E009A
00C4FFD0005200CF
FF5300B7FF9DFFAF
006C00C1003D0071
FFF70042007C0005
FFC0FF32FFAAFF97
00AF006FFF940146
FF970056FEDC006D
FFA70036FFC9FFFD
FFB6FE6CFFF1FF09
FF0E00A5FFF5000F
FFAD00F0FF3901D5
00A1FF75FF14FFB0
001E00E3006D009B
FF0BFEEAFFD101B5
005D018BFF9EFF5B
008D0009002F006C
0061017800F4001C
FFBF0035FE860143
FFC5FE56FE74FF5F
00D801DA0279FE82
00D9FFF2FEB4FF4B
006E0004FF8800E7
FE61FF94FFCFFF88
00D60084FE0101BC
FE97019C00460207
0049FF8D0004FFF0
FFA50121FFDBFF04
FFBB004A003CFE26
0061FF37FFF60040
FF6AFF66FE270012
FF53FECF007902AD
FED10039FFA500AA
00250056FE84FF76
00A50031FF9500E8
FF92FFE300CAFF0D
FF8AFFC800720063
FFD60041FFF80045
FF6BFEF20055FF75
FEF2FFD2FF0F0044
FFC90087FE8000C1
00530063FF1200F6
FFB1FF6300A3FF7A
00ADFF6D0035FF5A
00120110FF25FFEA
FE810080FF0BFF52
FFB40136FE90FFB4
FF2BFF82015E00AB
FF18FFFAFFBEFF61
FEB9FEF5FFDEFFBA
005BFF9100D6FD73
01B9007E00F5FFF0
FFD7FFCAFEA9FE5B
007BFFDD0145FFFD
FEEDFFC7FEF6002E
01310127000E0169
00CB002CFE3FFF19
FEFB00AC00E5FFF8
01B001D8016BFFDF
FFC9007A00F80071
FECA00B7006800B0
002FFE5AFFCEFFD6
FF69014FFFF600B7
FFA2FFC000EEFF83
0098FFFFFF4200F0
00C10000006B00CF
FF540101FF62FFD2
007400B3FFCA004D
FFEF000200500035
FFD9FEF5FFBAFFAD
00B3007CFF8C0187
FFA40039FE9B00CD
FF2C0024FFCD0030
FF9CFE9CFFCDFF69
FEDD009E0031002C
FFB000F2FFB40199
0097FF54FF43FFC1
FFDF00B3006800D0
FF4AFEDC001701C9
003D010FFFDAFF07
0075FFE500160031
0063017400EC0017
FFBDFFF1FEDA018F
FF62FE95FE70FF60
007102520245FED4
00A9FFE2FECCFF08
0076FFC400000137
FE2AFF91FF9FFF91
00C80088FE6A01B9
FEDF014B007F020D
0045FF46FFDDFF88
FFF70111FFD1FEF6
FFD20023FFF8FE5C
0045FF5DFFDF0054
FF67FF5EFDD5007F
FF12FE9F00AF0254
FEF70070FF9100C2
00310010FE9FFFC1
00800061FFF200D0
FF88FF9E0102FF5B
FFBBFFD0007500E2
FF64003500290003
FF83FEB600CFFFAF
FF6EFFFDFED6006F
FFBF009AFE870085
007C00B2FF3700D8
FFB3FF390078FF7A
00C1FF83FFEBFF4D
007600F2FF49FFE4
FE510055FF97FF5F
FFD50109FEEEFFD4
FF17003A01410072
FECAFFE7FFC1FF6D
FEDBFEEEFFD9FFC4
FFFEFF9200BAFD83
01D5009F00F2000A
FF82FFCDFEC2FE78
00C100480102FFF8
FEE0FF9CFEF2000D
00980114FFFB017E
00DBFFFBFE88FF09
FF1F00A301040016
01DC01D7016DFFEF
00590083008F0051
FEE2008400D00052
002BFE47FFECFFF1
FF7B015FFFCD00BC
FF24FFA700DDFF97
00AD0021FF61014E
00C5FFEB007F00D1
FF9F00C6FF59003B
00A60090FF870026
0006FFC6FFEF0064
0007FEDDFFC0FFCC
00A700A1FF9F018D
FFED0023FE6500B0
FF0CFFD8FFBD0080
FF6FFEADFFB7FFEC
FE960098FFF60058
FF5700D90040018E
0039FF44FF08FFB4
FF7E0083009F00AB
FF70FE9C00240194
007A009AFFEBFED8
007FFFC9FFAD001C
005A010300C4FFE1
FF92FFE6FF40022A
FF36FF16FE9EFF1E
001C028B0258FF02
004EFFD9FED7FF19
005AFFC1003701C0
FDC1FFD8FF82FF9C
010F0067FEBD01D1
FF8F010300BF0192
000DFF0BFF4DFF67
007100E8FFA7FEF2
FF8AFFAAFFA2FEED
005AFF7A0033007D
FF88FF6DFDC700B6
FEEAFE9500A401E4
FF420048FF5D00FC
0077FFD8FEE70025
002B0064005D00E9
FFD3FF720181FFBA
003FFFFF002F00EE
FF5AFFF10080FFB2
FFC5FE9200E2FFE0
FFBC0004FED30094
FF6C009BFE94008A
00990107FF8800B8
FFC1FF500024FF48
0107FF5DFF81FF62
00D900CDFF6CFFC5
FDE900870009FFD1
0018010BFEE9000F
FF1C00BE00E90028
FE75FFAEFFE3FF68
FEC3FEF20049FFBC
FF69FF8B0099FDB5
01AF009F00B7FFEA
FF3D0005FEC6FEBC
00BD004700C60022
FEF2FFF2FECFFF86
00220140FFF80198
008CFFE3FE91FF40
FF5400C4011C002F
01B801CC0187FFED
00E200490023005E
FF1100200161FFE9
001DFE3F0048001E
FF860183FFB0009C
FEC4FF9B0101FFAD
00B60069FF8A019C
0093FFD8003C0093
FFA000A6FF2F0068
00B3008DFF41FFC5
0017FF7CFFA00065
0053FE9EFFCBFFFE
009500ECFFBB0165
FFF10009FE4300EA
FEBFFFA0FF90008F
FF69FF0BFFAE006E
FE9D0043003800C3
FF8200BC00D4016E
FFFCFF43FEEAFFDA
FF7E0056004500DE
FF93FE98000B0184
005B001A003BFED7
0021FFA8FF770001
004200E300C70003
FF97FFAEFFCA0229
FEFEFF77FED2FF23
FF90025401CFFF55
FFFDFFBBFF36FF22
0051FF79008001FF
FDB8FFF5FF68FFE6
016C0073FF580180
0041009401000164
0028FEF9FF0AFF1F
00B600FDFF5DFF3D
FF54FFAFFF76FF68
FFF4FFE700360072
FF80FF8FFDBD00D5
FEDEFE7800D30193
FF9D0021FF5600F5
009DFF86FF4A0074
FFFD005A00A50100
000CFF4401C00044
006D000400420105
FF13FFE600A4FF70
FFF4FE53011F004B
003AFFF5FEB9006E
FF6D00C0FEB30066
00960129FFC100B5
FF95FF700014FF64
013EFF8BFF5CFF45
01320086FFDFFFB4
FDE8002E008DFFE3
001E00C2FF520022
FF02016E00AE0028
FE68FFA9000BFF99
FF25FF02004BFFA2
FEEFFFB20042FE21
018F00B800C7FFBE
FF190003FF09FF23
00CD006A00810050
FF23FFE7FEDAFF51
FF480116FFDB0193
0049FFE4FF06FF7E
FF940070014B0012
018101B5015D003F
01430030FFAE0040
FF31FFF301DCFFAA
001FFE22006B0012
FF710167FFCB007B
FE72FFBA00EBFFB0
00F900CBFF820185
0096000E001A0065
FFAC0089FF6E00AD
00ED0038FEF7FF95
0049FF4FFF88006E
007BFEF1FFD8FFFF
006A00E9FFAA0120
00270005FE1700BB
FE98FF62FF5B00A5
FF41FF16FF9100B5
FEA7004BFFFE00DB
FF5A00A60168011E
FFE7FF6FFEAFFFDF
FF74002E003E00BD
FFAEFEA80043016E
0053FFB3002AFEE6
003BFF55FF6EFFF3
FFF6007E00D2FFCF
FF69FF700007021C
FEE3000EFEDBFF22
FF52021F01AAFF68
FFA6FFCAFF54FF1F
0058FF6000D40213
FD92000DFF41FFCA
01A8007CFFE30166
00C7002001530123
FFC0FED0FE97FF0E
010D00CEFF5BFF88
FF4CFF87FF2EFFEA
FFD0FFD2007300C9
FFAFFF98FDF800E1
FED0FEC400970135
FFB5002DFF4400EF
00C0FEEFFF9E00D2
FFC4002D00D800FE
0040FF4F01BD00B3
00C00015000800BC
FF0EFFED00E9FF3F
002CFE2D01070059
008EFFC7FE9C007D
FF7400C0FEDF004C
0099013F00030069
FFD9FF6FFFB3FF55
0132FFCEFEFDFF2B
018000730016FF6E
FE18003D00CA0057
0021005BFF7A0072
FF4801E90054FFD4
FE47FF930023FFBB
FF4EFF4D009FFF61
FE6AFFDB0060FE59
016500EA007BFFB3
FEE90027FF1DFF78
00E5007200420063
FF62FFECFEF3FEE7
FECD0127FFE80140
0030FF99FF3EFF62
FF9500750130FFE9
0172019C014E0044
0188000FFF620068
FF9AFF9E0204FF75
002EFE6400920043
FF78014AFFC8006A
FE5EFF7E00B1FFC0
00F600E5FF8A017A
0063FFF4000A0080
FFBC005DFF7700A8
0128004EFEDEFF59
0065FF2BFF440093
00A1FEC5FFD90041
007000C2FFED0103
001CFFF9FE650090
FEC7FF34FF7D00CB
FF0CFF37FFA10110
FE8F0025000F00E5
FF6100BF01B6012C
FF86FF75FEBFFFD0
FF64FFF6FFFE00DD
FFC3FECB004800E7
0074FF28000FFEC3
0068FF52FF70FFFE
00080020008FFFCF
FFACFF69005301E5
FEC90093FEFBFF13
FF04019D014AFFAE
FF99FFCCFF91FF7A
005CFF3C00DE020A
FDD7003FFEF5FFD0
01B800640067014A
011DFFD0010E00D1
FF9DFECBFE3BFF22
016E00BAFF56FFA3
FF4BFF73FF1B0049
FF96000B005A005A
FFB3FF64FE1300F7
FECDFEA7005B00D1
001D0056FF5600DA
00F1FEBFFFF30116
FF570002013600F9
0089FF6001EC00F1
00F80022000200C2
FEE2FFC800FBFF03
003FFE1C00EF009A
00ABFFB2FECA009E
FF8900D8FF0D0019
0094012000080046
FFB9FF65FF94FF64
014EFF9CFF00FF3B
01A6008A0051FF54
FDF000180107006C
0090004BFFE50076
FFA90247001FFFB0
FE11FF5D0026FFCC
FF36FF7F00DCFF7B
FE41FFEA0017FE8E
012100B9007BFF8A
FEE9001EFF63FF90
00A10082FFED0099
FF900016FEF7FEE0
FEB800C5000A0145
FFF7FF70FF39FFB2
FFFA003B00F0FFD6
01570174011DFFFF
02070020FF29005F
FFE9FF52021EFF55
0015FEA900C50066
FF720113FFB80050
FE52FF9E00A2FFF3
00D70126FFAC0171
00610001001B0062
FFD60040FF74008B
0128001EFEA0FF29
00ACFF0FFF100099
00C9FEC9FFEF0053
00640108004400A3
0016FFE3FEAE0098
FEB8FF67FF8900AF
FEF3FFBDFFCC018A
FE90FFF600470101
FF59008C021600E1
FF4EFF4EFE890007
FF31FFC7FFC900EE
FFFCFEEC004B00C7
003EFEF3001AFEED
0030FF4FFECFFFF1
FFD4000B004CFFC8
FFECFF64008E01B5
FED200F3FF74FF3F
FE6A013700ABFFE8
FF79FFBAFFEDFF7E
004EFF2A010701FB
FE390051FEEF001A
0193007700F700EF
0152FF5601310068
FFB0FEB1FE1BFEFD
017D00CEFF49FFD9
FF07FF67FF0100DE
FF96004C004CFFF2
FFBFFF7FFE3700C2
FEE4FEAF0067004B
0057000FFF2200F2
00BDFE840065010C
FF35FFD1015100BE
00E2FF4301E70184
010FFFE10036008C
FED1FFD70129FEA2
0067FE47011600DF
0101FFBDFF1B0097
FFB700D9FF5EFFFF
00560127001E0047
FFD1FFADFF80FF38
014FFFCEFEE6FF57
01C60045007CFF3B
FE40FFF001570091
007F004B003D0078
FFB5029AFFE0FFC8
FE2DFF6D0033FFEB
FF68FF91012AFF67
FE210044FFEAFEDE
00E2009B0064FF6B
FF1B0035FF6BFFD4
00C40085FFAF0084
FFE9000FFF27FEAA
FE530072FFF2013B
FFDDFF89FF860015
005000060100FFCB
0110012401150038
0230FFD7FF0A00B1
0089FF400242FF73
001EFE940062007F
FF6800CCFFB70045
FE60FFDA00EBFFFF
00D1018CFFA60160
0052000DFFF5006A
003C000DFF72002B
0135FFFBFE8DFF0F
00ADFF14FEDD0090
00BCFEC3FFF10016
000800DC009E0078
FFF40005FEE1008F
FEDCFF99FF8F009E
FF2AFFAAFFC10198
FE9DFFEB0032012B
FF6600A4022A00CB
FF33FF31FE40FFE3
FF2FFFC1FFB40113
0009FF15005100DD
0036FEB2FFF3FF1C
0030FF0EFEDDFFE7
FFE0FFE50031FFF7
0016FF60008D0168
FF060142FF7CFF6A
FE2C007A005E0009
FFB7FFA6000EFF5C
004FFF0E00E601F2
FE8700AFFF05005C
0193005900F9009F
012CFF12012E0049
FFBFFE9CFDDFFF33
01B200D9FF2C0011
FF36FF81FF0200FD
FF69004F001AFFE5
FFB8FFBCFE5600CA
FEEDFEE60048FFC0
0058FFF3FF5B00F2
0085FE5B00810106
FF35FFB700F4006E
0139FF0401DE01DF
012BFFDD005E0051
FEF5FFE20108FEA0
0066FE07011A0121
00E4FF7BFF3B007E
002B0101FF4DFFD5
FFF001200015005D
FFF0FFB7FF62FF40
015CFFD8FF04FF3A
01AA004B00BCFF14
FE41FFEA013400A3
0096003B005000B8
003B0272FFB5FFCE
FE17FF0700200021
FF77FFAB0171FF1F
FE440054FFA8FEFC
00D200750090FF34
FF4F0078FF4C0010
00F9006DFFB00063
00380017FF50FEBA
FE4A0036FFC7010B
FF82FF7FFFD60014
0063FFE8009CFFAA
00A200AF0123001C
022A0009FEE700AB
00EAFF0A01F1FF7A
0037FED60069007B
FF5000A3FFBE001D
FE63FFE600D6FFE9
00F601C5FFB8010D
0052000CFFEF0072
0040FFDFFF86FFEC
012DFFF8FE66FECA
010BFF1AFEB10088
00CAFF2CFFAA0063
000D00B300C3FFF5
00000002FF4B005F
FF14FFCCFFA90084
FF200021FFD601C6
FECBFFF000170120
FF49007302880069
FF07FF44FE1D004D
FF4FFFBCFF8E011D
004DFF29006B0099
003CFE8EFFF5FF24
0001FEAEFE6CFFD0
FFCAFFBDFFD9FF8A
0063FF8200CB011B
FF2F0151FFB0FF78
FDECFFD5FFC7000D
FF79FFC4006CFF83
003BFF1700D9018C
FF0200A1FED300C8
0162008D014D0050
0153FEEF00E2FFFB
FFAFFEC7FDCCFF2C
01CD0103FF530062
FF59FF62FF150183
FF4500690024FFA0
FF87FFF2FEBF0086
FF3AFEC80054FF37
0075FFADFF2200CE
0088FE0201220127
FF2CFF6B011B001E
01BEFF3501860225
0182FF770087FFD0
FF0FFFED00F6FE66
005AFE2800F50121
0124FF59FFAD00A8
0077010BFF9BFFB0
FFC700FF004F0087
FFDE000CFEF2FF3A
0161FFF8FF01FF4A
01A8005400A2FEB8
FEBCFFF201260097
0098000A009600A3
00A00252FF7B0005
FE7EFF3A001A0036
FFB4FFD001B9FEE8
FE2C0089FF57FF4A
0081007A0067FF0F
FF5A006CFF330086
011A0055FF8B0091
00EF0016FF55FE88
FE41FFFDFFF600DC
FF59FF74FFD6005A
0043FF84006BFF86
001BFFD601040010
023D000FFEF100EC
0157FE8601AFFF72
001BFF23002F00B2
FF250063FFDEFFBF
FEB3FFF200DB000C
00C801E6FFC90097
00700003FFBF0070
0045FFCEFFC80021
0107FFD4FE64FEFA
012DFF56FE6300C3
00A5FF39FF9D0098
FFE0007300DAFF6D
002D0010FFE70049
FF9E0023FF800090
FF39001BFFE101D8
FEDA000FFFF900DC
FF16007402CB0055
FEEAFF4FFE07004F
FF7AFF7CFF660122
0049FF4F003D0039
0060FE82FFD0FF75
0028FEBBFE3AFF9E
FF9AFF6FFF86FF79
007AFF9500F700A5
FF4C01A2FFD7FFB9
FDD9FF55FF2D0027
FFD0FFDC00B4FFD3
FFF6FF1E00BD013E
FF9100C5FECD012F
013000680167FFF5
0153FF100084FF73
FFDAFEF3FDBDFF60
01D00151FF750080
FF57FF47FF5B01B6
FF24009E0008FF2A
FF9CFFB9FF2C0043
FF98FED00015FEBF
00DDFFADFF3E00D1
004BFDF001830130
FEE6FF1C012B003D
01FCFF2E0173024E
0186FF6400ACFFD4
FF13001B00D6FE52
0062FE2F009C012F
00F0FF3BFFF800B7
00C90121FF94FF9D
FF9E00CE004C0095
FFD1002FFEB4FF45
0150FFD8FF65FEE4
01B3004A00B3FED4
FEE0FFF600FE0038
008D000400D6008C
0165022AFF430019
FEF7FF0FFFFD0033
FFCB000F020EFEA6
FE55008BFF34FF54
0071008A007AFECA
FF5C00AEFF2900A9
01010034FF4C009A
0180002CFF5BFE71
FE38FFA00015008E
FF43FFA3FFD7006A
0025FF6B0040FFBB
FFA6FF5100AFFFA0
01C50027FECF0104
01B8FE6101350001
006BFFADFFC300AA
FF08FFDCFFD9FFA8
FF2AFFFB00BEFFE9
00D201AAFFDB000C
00D3FFE1FF840046
0094FF8CFFA30000
010EFFCEFE70FF06
0117FF85FDEE00BF
007DFFBBFF8700A2
FFBB00200124FEAB
0029005B006FFFD8
00000018FFAC0061
FF8B0084FFFB01A9
FF57FFCDFFF200A1
FF2600290254002D
FEE1FF37FE420046
FFA1FF76FF140101
0092FFC20009001B
006CFEEFFF76FFB6
0003FEBCFE21FFCC
FF96FF12FF74FFB9
00CCFFCA00DC0028
FF74016BFFEC000F
FE00FE84FE6F0005
FFC1002300ECFFF0
FFD0FF49007900C3
002B00DFFECA014F
00CB00830136FF2F
0117FEF6FFE9FF55
0006FF54FDD6FF3D
015E016EFF990081
FF72FF95FFB101FA
FECE0087FFC6FEF6
FF840026FF9CFFE6
FFFDFF1A002EFE8C
00D3FF86FF5B0039
0008FE2001E50127
FEF9FEC000E1FFE0
022BFF7000F7022C
0136FF7300CCFF92
FF85004A009DFE80
0043FE4C00310113
00EAFF50008C00BD
014B0109FFC3FF7A
FF380096004600A2
FFF0006EFEA6FF81
00FCFFE1FFC2FF3C
0134007D00AAFE70
FF4DFF9200B5004A
0056002001110086
01C1014FFEF90015
FF5AFF1FFFE90062
002F00270253FE9D
FEC000ECFEE0FFDF
FFE1004C005DFEC3
FFD70088FF6600DA
00F10027FF4800C2
0202004FFF78FEA7
FEA0FF32002B0035
FEF10027FFF500B4
FFCFFEFA0032FF76
FF2DFE6B00B4FFAC
011F002EFF1F0103
01E0FE7F0064FFF6
00830021FF9400EF
FF03FF99000CFF49
FFD2002F00B9FFF0
00AF01B3FFEFFF65
0091FFD3FF9D0060
0084FF5C0035FFCE
00D4FF94FE5CFF45
010CFFCEFE35008F
0068002BFF980081
FF73FFAA00D3FE65
002A007800D5FF86
00A10092FF6BFFF3
FFAD0066FFFC017F
FFC6003AFFAB000D
FF4B003A023BFFEE
FEF5FF3FFDF8005C
0000FF81FEEA00E0
008C005BFFDAFFED
007AFF3CFF910001
002FFE49FE61FFDE
FF44FEFCFF9EFFB6
00D50003009DFF46
FF900179FFFF0039
FE26FDE9FE1FFFBB
FFC2007000EB0046
FFA7FF8B000F0036
00B200AEFF2301D7
00B9005300F8FF20
0069FF7CFF92FF47
0038FF97FE1DFF7C
0134017AFFCF0082
FF6DFFB1FFEA01C2
FEDD0049FF7EFE9E
FFABFFFB002CFF62
0097FF50FFC2FE98
00ABFF19FF71000C
0017FE0801E800FF
FEECFE95007BFFE6
01F8FF99006701F4
00AAFF7800C3FF1A
000B00CA003AFE9D
004CFEB4FF89013E
00B5FEA400F30089
018D0102FFD9FF6F
FEC1FFD6005700AC
FFF3008CFE98FF8F
00D60016000EFEC3
0106005E00ACFE9C
FFADFFA70051000E
0057FFD500D80028
022800CEFF0E0062
0017FF33FFF10085
003F008F02A5FE69
FF6800CCFF15FFBA
FFD1006D0044FEAD
000B00AFFF5400F2
00FDFFF0FF2700D9
025C0064FF8EFEE3
FEE2FF0D0070FFE8
FF2F003EFFF400B2
FF92FEE80002FF76
FEE0FE3C0087FF9F
00A70072FF6B0127
01D9FECDFFBA006F
0099004DFEF900B7
FF20FF8D002AFF74
004E000B00DCFFC5
00BC0155FFF1FF00
00C9FFBEFF4D0001
0075FF6D003AFF74
0089FF86FEEAFF6D
00F60012FE73003C
00240082FF74006F
FF41FF830115FE2A
0016008D0120FF41
0107009CFF78FFF2
FFEB007B003300C9
0019003AFFA2FFC2
FF200007017BFFF2
FF32FF47FE2F0059
0067FF78FF2200D2
00A5006AFFC2FFE8
006FFFAAFF62002D
0022FE43FE81FFC3
FF4FFF33FFB0FF9A
012D002E0083FEE2
FFD200D3FF9F0061
FEA1FD9FFE00FF60
002C008200F90065
FF99FF9FFFBEFFCD
010B00C4FF7801CD
0049004A0095FED4
000A000EFF41FF78
006BFFD4FE6AFFA7
009B01B400060083
FF770022007501A0
FEF6002FFF5AFEAE
FF35003F0086FF5E
00FCFFA0FFBBFEE7
00A4FF08FF9BFFE2
FFD5FE42016700BB
FF74FE70FFE9FFCC
0204FFEAFFF8014C
0088FF2000F9FEAE
006C00BE0005FEEE
FFF4FED3FF360112
0044FEA00117006F
02090111FFB6FF8A
FEA3FFAB002300C7
FFE30074FE82FFBD
008400460091FEDC
007E00C1006DFEDB
0014FF7BFFBCFFEE
0000003400B6004C
0271FFDEFEEE00DE
0097FF2CFFDA005C
0005006B026EFE9B
FFDF0090FF0FFFD8
FFA40053007EFED8
0074007FFF3300CF
00E8FFB1FF7D00E1
026D0066FF5DFF31
FF93FEFD0080FFAF
FF4400A4FFBA00B3
FF56FEB1FFD4FF82
FEADFE2A008BFF74
FFBF0060FFBD0102
01CBFEF4FEFB0098
00CE009FFEE700C7
FF09FF520042FF3D
00C9001100EAFFC9
006A0106FFCBFE8D
00ABFF64FF6B0022
0078FF81005AFF4D
0057FF89FEF6FFBA
00AD0051FEBB000E
FFFD0082FF86002B
FF3BFF7800E2FDFE
0030009D011BFED5
01690092FF2AFF66
FFDD002E003D0079
0065003BFF93FF52
FF58002B00A90033
FF85FF63FE3C002A
00A1FF8DFF15007F
007100B7FF45FFF8
00770069FF590076
0071FEACFEDA0025
FF53FF48FFDF0001
00F40088FFE2FE32
00020083FF6400C3
FEF2FD3CFDEAFF14
006B00A100DE00B9
FFA8FFD3FF7CFF42
01860091FFD701C2
000D005E0001FEAD
FF750054FF10FF9E
00810017FEEBFFF7
0042018B0033004D
FFB8006700DA013D
FF04001AFF31FE60
FF36001200A9FED1
0139FFDEFF60FF74
0092FF2DFF9EFFAC
FFB6FEAB01390062
FF7DFE8CFF89FFA2
018E0032FFA400D4
0003FF8C00FCFE84
00E20109FFB3FF7F
FFD1FF55FEA700CF
FFB5FE74013C0045
020C00F3FFAFFF8C
FE9DFF26FFEA00CE
FFC50050FECFFFD2
0012002800FDFF18
FFF900D0002CFEEE
0041FF7CFF4AFFDA
FFEB003E0098FFF6
0270FF18FF4A00CE
00FEFF5EFFC20045
001F009C0249FEA8
00870097FF6EFF9F
FF7A0028007FFEE0
00C80074FF690090
0067FF4AFF9D00D9
026400B8FF51FF97
0039FEC600CDFFAE
FF200118FF8800A8
FF8DFECFFFA3FF45
FE90FE6A0091FF5C
FF49007EFFE100E5
019AFF75FE7100C7
00910094FE93009D
FF32FF53005EFF6A
00F5FFF400E2FFD2
004900C5FFA5FE60
008BFF79FF6C0047
0057FFBA0063FF0F
0023FFA0FF53FFD8
00A300A9FF11FFCC
FFD0007BFF530006
FF30FF8700ADFE53
001800B80105FEB9
01800100FF17FF2D
000C00200044FFEF
007B0002FF75FF67
FFA9001B00260041
FFB0FF60FE550012
00A4FFE2FF340091
002900B2FF370052
006E00FAFF4A0068
0060FEE1FF130024
FF91FFC1002DFFF0
011D00C1FF99FE1E
0096FFF2FF5400B3
FF98FD8EFE55FEBD
006600A200B80074
FFDC0010FF44FF37
02090031001E018D
FFEC0074FF8DFEEE
FEED00A5FF310003
00740041FF6E004B
000B018B001F0030
FFD2008C00DA00C8
FF48FFFEFF09FE68
FEF9004000ABFEC1
0143FFD5FF76FFA5
0003FF0CFFA5FFB6
FF91FF0D00D0000F
FFEBFEA1FF2DFF3E
01530043FF7D00AB
FFABFF90012CFE48
00F400E1FF79FFB5
FF7CFF8DFEC8008F
FF9AFE83012B001A
024A00D8FF6FFF82
FEA6FEE7FFD20102
FFE90044FF1CFF9E
FFE600360123FF10
FFC10099FFE4FF00
00AAFF59FEFAFF86
FFC80068005D0001
0216FECBFF8F0133
00F4FF62FFC2FFEE
001000600236FE8C
00B80064FF72FFB0
FF7E002300A6FED0
00F40030FF0C003B
0092FF0FFFFC0092
021F00B2FF5CFFD9
00B0FF0C00BEFF95
FF570135FF9600A9
FF65FED4FFC5FF60
FED0FE4B0092FF4A
FEC6008F000900C8
0143FFB8FE390133
009F008CFE7700A7
FF54FF870033FF89
0155000500CCFFAE
0081007EFF93FE24
007FFF56FF710023
0040FFD90077FF28
FFE7FF7CFF8BFFFB
006100B0FF09FFAE
FF8B0078FF49FFC8
FF5FFF6C00C8FE63
001E00B50112FEBE
017300F0FF16FF29
005700150013FF7C
00B5000EFF7DFF44
FFCC000CFFB30077
FFD4FF60FE61FFEE
008FFFE7FF160045
003200DCFEE60093
00700169FF1C00A3
0073FEC5FF6F0067
FF69FFCB00BD0002
00FC0080FF71FE33
004AFFA4FF5100DE
0033FDABFEE2FE6D
003200D900790072
FFDD004CFEFCFF0C
01A00036002F0193
00040071FF40FEE5
FEBF0104FF13003F
00760076FFDE0049
FFB8014C0046FFE6
FFE7009C010400A6
FF46FFD3FF00FEDA
FF01002600B2FECB
01630024FF350002
FFF5FEF3FFFBFFB1
FF80FF4D0035FFE8
0007FEDCFEEDFF4B
0103005DFF61000B
FF66FF920139FE51
0130013FFF5B0046
FF70FF81FEAC0067
FF5BFE6C01310006
022E00BBFF36FFC0
FED7FEC0FFBD0109
00160011FF39FFC7
FF900037015FFF40
FF8D00C0FFB3FF26
007EFF43FEB0FFAE
FF8300570020FFE6
0200FE69FFDD010B
0120FF6AFFC3FFCF
001F002B01E3FEBF
010E0063FF8EFF7C
FF77002200A8FF11
01160005FF4AFFD0
0060FED3004100B8
01DE00D8FF65FFCA
00FBFF2C00B8FFAD
FFAC0162FF5F00A0
FF7CFEE3FFE2FF4A
FF0CFEAA009BFF99
FE380073008400B5
010C001FFE100133
0093004BFE6F0060
FF5DFF8D0039FFCD
014D001100E6FFCE
00680094FF94FE34
007CFF84FFB4FFE4
003200080074FF10
FFABFF4DFFB30039
003E011AFF6BFF5E
FFAC007DFF46FF78
FF6EFF8800B3FEB9
002500AF00F7FEF0
01720105FF22FF0E
0016FF8D001AFF14
006E003DFF7AFF1B
FFCC005BFF0D00A2
001EFF66FE4AFFC4
00890024FF740027
003F007CFED200DB
003E01AEFF5F00A4
006CFF05FF9F0061
FF900041009D0025
0093009AFEE9FE35
00B2FF61FF1100DB
0080FDECFF72FE80
00B500CE002E0074
FFF6006CFEE6FF0E
0162001900620146
000900A8FEEBFF52
FE53017CFF430093
005B005700130075
FF6D012D0048FF8B
FFE300AF0118000C
FFBFFF85FF0BFEF8
FEE5001C0083FEBA
015B0046FF4E007F
FFB1FF1BFFF5FFDF
FF83FF5CFFB4FFCB
0078FF22FE8FFF81
007D0048FF6FFFA3
FF79FF860119FE63
0144011BFF4D006D
FF2BFF9DFE97002D
FED8FE7A0119FFAA
022F00D7FECBFFD0
FF09FEBFFF66011A
FFF0FFDCFF72FFBC
FF6A002E0182FF47
FF4100D9FF8EFF94
008FFF8BFE98FF5A
FF570077FFB9FFD9
01B6FE10002E0130
0134FF80FF92FFD1
FFC5000B0164FECC
0139000AFFCBFF29
FFFC002E00E2FF44
0119FFFEFF24FFAF
0022FE74005B00A6
016900B2FF620009
0164FF7100D5FFB4
FFB001ADFF1D0099
FF51FF2A0001FF7D
FF71FECA00F7FF6C
FE0E00820097009E
006E0030FDF60147
00A6002FFE6400B3
FF73FFAE001CFFE2
015CFFC000D4FFB1
0065002EFF74FE65
007DFF61FFAFFFF5
0008002B0091FF74
FF7AFF56FFE2007C
FFE200F3FF56FF82
FF940021FF8CFF79
FF65FFB6005BFF1B
004200D700BAFF17
014D0106FF15FF2F
0052FF750028FED5
009C0047FF6FFEFD
00130089FE9D0103
0038FF57FE81FFBF
00740021FF610006
001800C4FEBA0112
00740228FF4C008E
0095FF35FFBA0072
FF60005B0155006A
006E0094FECEFE8C
0072FEE6FEE400CD
00CCFE89FFDBFE12
007100B7FFFF004F
000E0098FEC8FF1F
00F600050059014D
003E008AFE80FF88
FE3A019EFF3000C6
0084008300380072
FF090139003CFF41
FFEF00BE00F5FF97
FF97FF56FED3FF2C
FEC5FFEB0025FEDA
012CFFFDFF4D011A
FF91FEFEFFFEFFEB
FF8DFFC4FF39FF6C
007DFFA9FE82FF8F
0030005FFF77FF27
FED6FFD5011DFEED
01210125FF4700B9
FF4DFF85FEA80023
FEC5FEA800D5FF92
01D30092FEB8001B
FF38FEA3FF5C0147
0015FFE2FFD2FFC3
FF6A001B018FFF37
FF7E00C8FF56FF97
003BFF44FE77FF67
FF3A00A2FF77FFBD
0122FE38006C0109
010FFF8EFFBCFFBD
FFC9FFCE0108FEF6
018BFFFDFFECFEF8
005C002D00E1FF39
012EFFD5FF43FF24
FFE3FEA7006300B5
013200C1FF300029
0174FF8900CA000A
00330171FEE40033
FF58FF3B002CFF77
FFFFFFB400C8FF47
FDE3009B00BE0067
FFD00056FDFB0178
00B5FFCBFE830069
FFAA001900330021
0130FF7E008AFFC1
0094FFF7FF67FE98
007DFF740004FFC0
FFD9009A0075FFD3
FF71FF5F001E0095
FFEE0100FF80FF5C
FF9EFFECFFA1FF66
FFAF0013006BFF7E
003000A80063FF3F
00E200A6FF15FF52
0027FF6A0036FE60
0079003CFF7EFED2
00100070FE350156
0057FF63FEA5FF72
0057003CFFB7FFC7
00020048FE66016C
002A0268FF3C007B
00C0FF69FFE80077
FF6700C201A00099
0041007BFE9FFED2
0055FE84FED20090
00EAFF510081FE0B
006B0097FFD30034
00480097FED7FF4B
006EFFEE004B00A4
00360077FE9C001C
FE4701D2FFC30134
003200680047008D
FEEB00FA003FFEE0
FFFA00B800E4FF3D
0001FF2EFEE4FF58
FEB6FFA8FF84FF1C
00F10035FF4B01D1
FF61FF58FFFA002E
FFECFFE7FE86FF6F
009BFFD4FE8EFFB9
FFC10083FFD3FECF
FF34FFC8013EFF0B
01080122FF7E00E5
FF16FF7BFEDDFFEC
FE78FED80064FF95
0176008BFE89002F
FFD9FE7AFF210126
0007FFB9FFD6FFAF
FF4D0033019BFF83
FF6100EFFF1EFFEA
FFFFFF3FFE9FFF65
FF4100CAFF4BFFD3
006FFE6900CE00FB
00AFFF8EFFB3FF72
FFA6FF8400A6FF2D
0133FFFF0047FEC1
008100140137FF9F
0142FF8DFF8AFE9F
FF88FE9600B500DD
009700F9FEFA0010
01CAFFC600E8003C
0052015AFEBAFFD0
FF0EFFB20038FF81
0054FFEA0106FF28
FE0200D101180074
FF39007FFE1601CA
00DBFF66FE88005E
FFAA001E00100048
012AFF77009FFFAA
00B2FFDCFF41FEF0
008AFFB2005B001F
FFD60103002B001C
FF69FF79FFF300C5
FFD400F1FF58FF86
FF81FFA0FF8AFF83
FFC2FFFB003C0021
002000B6001FFF4A
009400A6FF6CFF8D
001AFF560030FE50
002C0053FFAEFEE3
FFF30090FE2C0169
0087FF73FEFAFF7A
00110052FFD2FFF2
FFDA0025FEB101C2
00490254FF2C002C
00B9FF80FFF90048
FF8F00C8018D0095
0013008DFE9EFF73
0013FE6AFEC4006B
0105002300EBFDFD
00770074FF70FFDB
0067008AFEEBFF77
0003FFBDFFEC0079
00240078FE7E007D
FE3901BDFF9501A6
0053004B004B0046
FED10104004CFE9C
005100AB00F1FEDE
FFF4FEE4FF0DFFAE
FEEBFF8AFF0AFF51
007EFFA1FF720218
FF69FFB8FFF2003D
FFEA0008FE2BFF4A
00890068FEFDFFEC
FFB70041FFFEFEA7
FF2AFFD10108FFA7
009D010CFF8300DA
FF08FF17FF23FFCB
FE7CFF11FFF80000
00F8008AFE6B003B
0027FEC3FF4A0147
FFF8FFB30003FFA9
FF82FFF1018FFF6F
FF860117FF0EFFE9
FF9BFF81FE9DFF31
FF5F00CDFEF4FFB3
002EFE7B012E00CB
007DFFBAFFB4FF52
FF9FFF39004DFF6E
0134FFE3004CFE62
00F1003D0115FF9D
00F2FF8DFF40FE39
FFBDFED900AE00E5
004A00D2FED80023
01C9FFF000BF008B
008D0147FED0FFEB
FF50FFA4008AFF89
00AE00AB011BFF51
FE4500C000E60051
FF1D0067FE990185
00BEFF1AFED6005F
FF75005300020066
00DDFF560093FF9F
0106FFFFFF0EFF70
00B500020062001E
FF82011E00000056
FF76FF70000C0104
FFED0090FF95FFBD
FFAEFF55FFD2FF9B
FFF0003200010089
000400A7FFB8FF99
FFED0072FF7CFF84
001AFF3D002DFE1D
00050052FFCEFF15
002700B9FE430182
0085FF73FF1CFF44
FFE90040FFECFFB8
FFB7002BFEBD01E5
003F0232FF41FFAB
00EBFFC400480061
FF7100D201F200B8
FFFC003AFEA0FFC8
000FFE80FE9DFFDF
00E800B4017CFE0B
000E0059FF50FFA1
009A0069FF32FFE5
FF530000FFA60009
00A70068FE94011C
FE650193001701A0
0021000200530024
FF1D00D90039FE94
0002009D005CFEC4
FFC1FEFCFF10FFFE
FEC5FF66FE86FFA3
005DFFC2FF73025D
FF5CFFE3FFF00058
0015000EFE03FF32
007100ACFF2DFFE7
FF7F00070074FEF2
FF2EFFFF0128FFF4
002800D4FFD600BE
FF1BFF00FF9DFFD8
FEA2FF46FF76FFD6
00AB0079FE48006A
008AFEE1FF160129
0029FF3E0062FF9D
FF89002E0103FF76
000000D5FED60027
FF13FF87FEE5FF3E
FF9D00C2FF38FFC3
FF9FFF48014400B0
FFD9FFB6FF9DFF43
FFC0FF1AFFF1FF7B
0118FFF6008EFE32
014C0032010BFFA1
00D9FF7DFF3EFE09
FF9DFF4500B800BE
FFD400D5FEFF0021
01750066008D00C8
006200F3FECCFFF0
FF71FFBE009BFF9F
012701240114FF5D
FE97007201270009
FEE8001FFEF40167
010AFEBCFF360026
FF5D007B00140074
0051FF5200A5FFD3
00ED0009FF17FFF1
00CD004300F00013
FF790141000500B6
FF6DFF80FF9000EF
0017008CFFCDFFDF
FFC8FEFD0028FFAC
0000007DFFFE00D1
002500B3FF62FFEA
FF81005AFFA9FFCE
FFE4FF1C0042FE7C
FFB00073FF8AFF19
FFD500D2FE63017F
0058FF36FEEFFF65
FFD300270034FFA3
FF97FF9CFF2401FE
001401CEFF67FF81
012000290000005D
FF8500D101CE00CA
FFC50044FEA30020
FFBEFEE7FED4FF9D
007A01460189FE6C
0037FFFFFF10FF8A
00C5007FFF77002F
FEA20017FFD1FFBD
005A006FFEA8018F
FEA0015E0042017A
FFFBFFFBFFBC002C
FF1600D6004BFE8C
00000059003EFEA2
0005FEE7FF6BFFB2
FF39FF6BFDEDFFC6
FFEFFF98FFBD0278
FF83FFEBFF8B009A
00390015FE16FF12
0081011FFF910029
FF30002C00EEFF20
FF65002000E00095
FFE800AB002C0080
FF24FEDDFFC7FFB9
FE91FFAFFEEC000C
00290088FE9C0050
00E4FF22FEF5010C
0000FF560055FF58
FF9F003800B2FF97
007900D9FEC50040
FEDEFFCAFF61FF91
FFC900E1FF23FFD4
FF3BFFD7016F0040
FF6EFFCCFFB8FF69
FF84FF6E000DFFBD
00D0FFD600A1FDF6
01AB001A00EBFFBB
009EFF75FF81FDDE
FF8DFF81009C00E1
FF9C00DFFEF40003
014E008E00C10129
004700DAFECEFFB9
FF82000800AAFFA6
014C01800154FF37
FF19003A012C0015
FEB6000BFF580124
010CFE87FF750021
FF830085FFF2009C
FFFFFF5600CDFFF3
01210039FF1D0062
00CC009400D80048
FF810158FFB900E7
FF73FFABFF1B00EC
FFEF0098FF68FFF8
FFDDFEDF001BFF9F
001300BBFFDC0133
00470081FF470023
FF38002D0043001D
FFB7FEFE0053FE86
FF4D0045FFDAFF43
FFB900D9FEAB016F
0060FF27FF3BFF7D
FF85FFED0047FFE5
FFAAFF4DFF3C0213
0002018BFF9EFF3B
00DF001AFFE80050
FF7700C8019D00D5
FFB80022FEE60067
FF81FF1DFF26FFC6
004701C001A3FEA8
0011FFFDFF38FF54
00F50084FFDC008B
FE840026FF67FFFA
0080009FFEF601DD
FEE801360083017D
FFE5FFA7FF90000D
FF6F00B8002DFEB4
FFEC0055FFF2FEBD
FFE1FEECFF71FFDB
FF38FF75FDBFFFDC
FFBEFF1E00120291
FFA7001BFF5300E6
006BFFF0FE25FF61
005F0125FFC8007C
FF50FFFB0106FF76
FF84003F00CD00D5
FF930099004F0066
FF38FE6F001AFFD9
FEB7FFC5FE9D0019
001A0085FEAD0045
00F8FF93FF2C0120
FFEBFF82000AFF4A
FFE500230078FF9F
00AD00B0FECD003A
FE81FFCFFFA9FFB6
FFC300E4FF42FF9D
FF1D006B017AFFEF
FF1EFFB3FF9BFF44
FF53FF600002FFC8
00950000007CFDC6
0207002C00DCFFCB
0056FF8FFF6FFDE4
FF97FF8A00C300FE
FF7400CEFEDC0000
00F600BF00810137
005F009EFF01FFA2
FFBB00460110FFAC
018301DB0129FF3C
FF8700330100FFFF
FEACFFCE003300E4
0115FE60FFC5FFCF
FF470094FFDD00A5
FF58FF5F00C3FFBD
013D007BFF3700D1
010200CE0111003F
FF94012FFF5000C5
FFFEFFE4FEF400DB
FFF7007CFF68003D
0004FF000012FFCA
0006010DFFE00142
00550078FF250093
FEB8001C00BA0062
FFCCFF45004CFEF5
FF070061FFEDFFAC
FFCD00E0FF450112
0033FF24FF78FFC3
FF8D0008005AFFDA
FFD1FEF8FFC90239
00040107FFB6FEB6
00E1001BFFBB0049
FF9600D9015C00A4
FF800001FF1300D1
FF2AFF52FF48FF86
FFFE0225019FFF14
001EFFCEFF3AFF25
00EF0038005B0100
FE2A0014FF19FFAA
00A0007AFF0B020A
FF4E010200A2017F
FFE4FF3FFF50FFDD
FFAC00E70010FED8
FFD30058FFA8FEE4
FFB3FF3FFF900004
FF88FF9DFD6A0008
FF49FECF0064025F
FF990010FF4A00E9
0062FFE2FE92FF85
0060013D00300064
FF55FFDB010CFF9E
FFA8006F00BB0121
FF11004500860018
FF5AFE6C00BEFFC4
FF02001BFE2A001A
FFDD009BFEB7002D
00FA000BFF3C0114
003DFFA4003DFF3B
002D00290002FF8C
00E8008EFEC70049
FE96FFF1FFFCFFB5
FFCC00E6FF66FFBE
FED100D00183FFC8
FECAFFD9FFADFF4F
FF7CFF4EFFF3FFEB
003400150051FDCF
0258005700BCFFD4
FFF1FF9CFF3BFE36
FFF7000B007000D6
FF5D0086FF12FFDC
008500DB0041015B
00350031FF61FFC1
FFEA006F00FCFFDE
01A801DE011CFF61
FFF3002800DBFFEA
FEDDFFB200E600DA
0101FE3F0028FFC8
FF3700B7FFCC0070
FF12FF8100A8FFE5
012000AEFF3D0107
0122011D01380060
FF9A010CFF0A00E6
FFF5FFF1FEE10087
002C004EFF32006D
0004FECC0002FFD6
00160117001B014A
00460071FF100100
FE46001900E80072
FFACFF790027FF61
FEF60059000B001D
FFA800D1FFCD00BB
FFFFFF17FF41FFBE
FF7AFFF90030FFF0
FFE3FE8C00200227
FFDE0096FFC2FE89
00C5003BFF850018
FFBD00CC01420087
FF6FFFD4FF50014E
FEF9FFD7FFB6FF6A
FFE0027101B3FF5D
000FFFB9FF17FF09
00C60049007B0136
FDB60047FF1DFFBB
00D200AAFF6C0214
FFC900AA00920154
FFDEFF07FF17FFAF
FFEB00DE002BFED6
FFCDFFF3FF6DFF0F
FFCBFF5DFFE1FFE9
FFDFFFB2FD390042
FF0AFEE000B301E3
FFA4000AFF0A0118
0071FFD2FF0CFF9E
007601190096008D
FF77FFB40157000D
FFD900220099013E
FEE0002700C6FFC0
FF72FE4000EBFFE4
FF54007AFE030043
FFAB008CFF0E004A
00FC0047FF3A00EE
005CFF9B002CFF08
005F0046FFA4FFA4
013C0097FF0C0054
FE820035004CFFF5
FFFB0099FF93FFEC
FE9C012C016BFF9F
FE65FFF5FFA9FF6D
FF80FF6F00130008
FFC30009005AFE1C
024100810068000A
FFCDFFACFF4EFE60
001F0053007100BB
FF750069FF7AFFBB
FFFE010800330182
FFE90011FF91FFE5
00300043011EFFE3
017101D6010FFF79
00C3000F007F0014
FF21FF53014A005A
00B0FE4D005CFFD7
FF2F009AFFA20090
FEDDFF9F00B50009
015F00F4FF340167
010F01670124003D
FFAA00EDFF4000DC
000DFFF9FEA10064
004B003AFEFF0098
0057FF030037FFE9
0019012400260139
00280073FF35011D
FE08000B010E00B4
FFABFF8D0043FFAC
FEC5005C0066004E
FF8200AF0077005E
FFEAFF12FF8DFFDD
FF50FFD300480035
FFE6FEDB006B0219
FFBD001CFFDAFE92
008AFFD8FF47FFCC
FF82009100C10071
FFDAFFAFFF820166
FF0C0027FFF6FF66
FF2B02910134FFF2
FF9FFF44FF74FEE3
00CB001E00D10172
FDEE0093FE98FFF8
00B10066FFF40205
FFFAFFD600F100E2
FFD7FEEEFECCFF88
003600CAFFFDFF6B
FFBAFFFAFF12FF70
FF99FF7CFFD0FFD5
003BFF78FD6A007D
FEE1FEFA00D10174
FFE70032FF140103
007BFFA6FF46FFA5
0020010B00EA0085
FFE5FF49015700A4
004C003600D40149
FE5AFFF200E6FF5C
FFA3FE6A01670010
FFA5007AFDCC006D
FFD20083FF59FFEF
00F60067FFB700C4
0054FFF9FFD9FEFF
00A8004CFF7FFF8F
01A10005FF250014
FE5C003700DC0007
0028005AFFE0000E
FEB801D80113FF6C
FE64FFBAFFB6FFC8
FFC7FF630051FFC5
FF7E00330021FE3F
023B0070009CFF9F
FF8FFFE9FF5BFEDB
006000B6005B0098
FFC9004BFF4FFFB0
FF9700FAFFD9012A
FFB2FFBCFFDAFFD1
005D004600FFFFD6
0137019400DCFF78
010AFFEE002DFFDC
FF88FF0D018C0026
00D4FE840096FFE9
FF14009DFF97001A
FEA3FF840089FFFD
01630127FF5C0165
011D017D01430021
FFBC00B4FF4700E4
004C0032FE490052
00580009FEE100A0
006AFF22001D004F
00140122001A00FE
005F0078FF54011E
FDCD000E013200AD
FF7DFFF1005F001B
FEE700A100740060
FF8A00710104FFFD
FFA0FF00FF39FFFC
FF4DFF9900200005
0025FE7800910185
FFBBFF9E000DFE5D
008EFFCEFEEAFFBD
FF8D004100950025
FFA3FF80FFE40158
FEBB00AE0049FF43
FED9025800D0003E
FF94FF5DFF75FF4B
009A00240125018A
FDFC00A0FE8D0035
00C8005D004501F4
009BFFB100D6008B
FFD5FEC0FECAFF7C
007900CCFFECFF6E
FF83FFC2FEB7FFEE
FF53FFEFFFE9FFA0
002EFF85FD85005C
FEF2FEAE00B50121
003EFFD9FE980100
00B4FF38FFF4000A
FFD600CA01610099
0027FF780150011D
0093003100A800F2
FE57FFFB00FAFEF7
FFE1FE5601110014
FFD5008DFDF70081
FFC200ACFFB2FFD7
00BB005BFFC800DB
006F002FFF73FF15
00AA006CFF2BFF93
01D40015FF3A001F
FE89004101210055
005A00220029FFE2
FEE9020B00E3FF4A
FE37FFE9FF8BFFCA
FFB1FFAE00D4FFFB
FF360059001DFE82
021400850066FFA2
FF81FFF6FFA2FF46
00550100FFF100B4
00290067FF95FF6D
FF2800DDFFF40125
FF75FF57001B0019
00B1002100C2FFE4
00E9013500DEFFBB
0197FFC9FFF0FFDC
0034FF2001DBFFE7
00CBFE9C00C4001B
FF070074FF95FFED
FE98FFA7006E000E
015B0172FF350134
01100176015E0032
FF8A007CFF88006A
004A0021FE2EFFB1
0093FFEFFF2700C1
00B5FF610038005E
0033012B004D00AA
0001007AFFA7013F
FDF70023012000CD
FF53001E00600099
FEBA00E300860050
FF59009D01CBFF96
FF5FFEEEFF39004F
FF4CFFB50004000E
0034FECE00D90141
FFDAFF07FFFBFE71
008BFF6EFED1FF98
FFA5000E0043FFFE
0029FF35002D0136
FEED013300A6FF15
FE8701BC003E0083
FF42FF4FFFB1FF60
0074FFDB0132015A
FE20009FFE1D005E
00A3005400F201DC
00DFFF1100EEFFF8
FFC2FEC0FE84FF75
00BA00C4FFFBFFCE
FF8FFFC5FEA40044
FF45FFFCFFEEFF3F
003EFF59FDD40080
FECFFEA300A00083
0096FFFEFEA000DA
008BFEEA0088001E
FFB2009E019B008C
00A3FF88015401A5
0102FFE100C400B5
FE4AFFE40143FE6D
0044FEAE00F2004B
001E0073FE4000CE
FF9E008BFFFBFF97
00AA0055FFF80079
008C002FFF47FF1B
00F90071FED3FF6A
01FDFFFBFF73FFC6
FE83007701510072
00A7FFE3007A0009
FF6A025A00ACFF46
FE51FFF4FF930005
FFBBFFEC0129FFC0
FEFD0080FFDBFEA5
01D000520048FF74
FF990024FFDFFFA1
00720148FFA1009C
00880031FFD0FF51
FED40087FFFF0121
FF10FF360067000D
00E0000C0071FFDD
0080009A0061FFD1
0207FF9EFFC1FFF2
00AFFEC901F9FFF1
00C1FEC600F70017
FF270023FF98FF93
FEAEFFCC0058002E
0111018EFF790126
00ED015F0120004E
FFE60031FF9A003E
0061003DFDF5FF95
0080FFD9FED300AE
0079FF8900500086
FFEE00E3007A0051
001E00A9FFC700FD
FE46002C012800F2
FF85005C00460105
FEF500C70096007F
FF66005A01F0FF4A
FF1EFF00FF13004D
FF49FF98FFBF0018
0034FEBF00E000BF
FFA6FE95FFD6FED4
00A6FF56FE9AFF96
FF7BFFA8FFB5FFF8
001BFF41009100E7
FED9019E013DFF55
FE2D0134FFD700FF
FF4DFF4CFFC7FF8D
0062FFDE0107014E
FE8700E9FE5C00B7
009400390121016D
00FFFEBD00B9FF9B
FFD2FEDCFE56FFA0
0114009CFFD30020
FFA6FF94FEB40089
FF540036FFFBFF3A
00A7FF82FE4C004A
FEFBFEF00071FFAA
00A9FFB1FEBD00BD
00A3FEC200E40058
FF6E004501AE0064
0118FF62010C0209
012AFFFC008A008D
FE99FFD40124FE5A
005AFEB800CA0088
00130050FE8300C5
FFE0005D0088FF75
004900210039005B
008F00A2FEE5FF68
010A009BFEE3FF88
01D0FFD1FFDDFF98
FEEC0057017B00BA
00CDFFAC00610003
FFAE02380019FF09
FE81FFA9FFBA0041
FFF20016017EFFBE
FED400BFFFD6FF2C
013C0042001EFF5E
FF9E00690018002D
007C0139FF78008F
00FB007EFFFCFF41
FEA0004AFFC600C0
FEEAFEFF009E0032
0125FFD7000EFFA3
0020004F0011FFC6
0227FF5CFF9AFFF5
0152FEB501E3001C
00DBFEF700C10011
FF2EFFD7FFBDFF7C
FED8FFE100050048
00FF01B4FF8C00BE
0137015C00A70042
0029000BFF94FFE1
00880081FE3FFF6F
0074FFC3FECB00C9
0076FFD200350088
FFD300BF00B2FFC5
001700A8002800DC
FE94006E015800DD
FF98009A00550112
FF190096009B0093
FF72006201F6FF2D
FF29FF01FF1A0058
FF74FF9EFF9EFFF5
003FFECC00FD0062
FFB7FE2FFFAEFEF7
009FFF89FE96FFC7
FF95FFA7FF81FFCC
0067FF5100A2006F
FEFD01CD013FFF80
FE110068FF73010B
FF7AFF61FFFFFFA2
0058FFC9010000F7
FF1500F2FE320094
005E005001200113
00FCFE9C0082FF6C
FFB5FEC0FE7EFFBA
013100B8FFBE0038
FFA7FFABFECD0101
FF400060FFC5FF04
008AFFD3FEB6FFF2
FF0CFF140053FF34
00BEFFBCFEAC009E
0059FEC5017B0063
FF5FFFC20192002D
015CFFA800BD0240
0146FFC900B60006
FEB5FFDD0106FE46
0060FECB009C0077
000E005FFED100C6
0030005600B9FF58
FFE0FFFC0031004A
00BC00ADFEBEFF84
00FC00BAFEECFFBC
019DFFF7000EFF45
FF53001E013400AA
00F5FFAA00B9000D
001C01F1FFE2FF0F
FE72FF87FF940047
FFEB003E01D4FFD3
FF1B010FFF95FF76
00E60031000DFF48
FFE50062001D0070
004D0131FF760044
0145006A003CFF41
FEB6FFF7FF9C0069
FE8EFF0D007B0029
00F6FF9EFFC5FFB5
FF64FFAE0011FFF9
020FFF2CFFB70053
01AEFE93015DFFF2
00D9FF640072FFFF
FEFDFF50FFD6FF79
FF3C00140054001B
00F401EBFFB60056
01690151005A0064
006DFFC4FFC0FF6E
008600B3FE2FFF53
008D000BFEC30093
0052006F0028006F
FF860047008AFF7F
003400D000A3006B
FF3F00C4016E00E3
FF740040005900F8
FF0E00CE005B004E
FF17004A01FEFF21
FF45FF40FF1200B8
FFBFFFA6FF8D0025
0052FEFC012EFFD8
FFC9FE31FFCFFF53
005CFF46FE7EFF91
FF8EFF7AFEE9FFCE
0095FF9900CEFFD4
FF5501E2011AFFCD
FE2EFFB9FEB80114
FFF1FF91004BFFA7
0038FFBA00EA00A7
FFF900FCFE5300EF
FFF6006700F000B3
00D2FEB30013FF3A
0008FF30FE460001
012000FCFFBF00AF
FFE3FFFBFF2E00F2
FF260029FFDDFEEE
00BDFFEDFF69FFA7
FF63FEE70086FED6
0087FFCDFEA90044
002BFE8A01E40071
FF44FF650138002E
01D7FFE90016027B
0177FFB3009CFFC9
FF36002000C2FE55
0054FEDF000F006B
FFD8FFFCFF3400FB
0096005300F8FF2E
FF78FFF800670060
006C00C0FE29FF9F
00F900A4FF50FF80
0143003F003CFEDB
FFC7002100A20082
00E6FFBA00D4FFD0
01340143FF71FF2F
FF1DFF60FF830082
FFC300A00266FF6C
FF520103FF66FF2E
00E40014003BFEF2
FFC400A1FFCA00E7
0080013AFF7C0020
01CF00460022FF7F
FF08FFDAFFA4FFFD
FE63FF3300620003
00A0FF73FF73FF8B
FF22FF0DFFEAFFDF
01DFFF2CFFD5006A
01D6FE7A00F1004D
00C4FFAC0050003F
FF1EFF3D000AFF48
FF8F005C0043FFFE
008601B7FFF2FFDE
015C011AFFFC0070
008FFF82FFCFFF38
008E00CDFE28FF6E
00780013FEB600AF
FFF50095FFF1009F
FF64FFBA0074FEFB
003700DF01050042
FFDD00F0015200D6
FFC6005A004C00F6
FF63009000240024
FF38003601C0FF20
FF45FF3FFF1700E2
FFFDFF9DFF4E007A
0027FF4100EDFF90
FFD8FE68FFCEFFA5
0058FF45FEA7FFC7
FF61FF63FEACFFA5
0089FFEF00D9FF1B
FF3C01B901030028
FE34FF22FE4300CA
000FFFA9003CFFC4
004CFFDA00890047
008A00E2FE9C014E
FFCE005E00950035
0071FF21FF92FF02
004EFF7CFE8BFFF4
01350131FFBA00D1
FFD7FFFFFFD400FD
FF220017FF88FECF
00C8003BFFD8FF37
FFD0FEF80078FE97
0086FF99FECF0009
FFF4FE9E022B0071
FF28FF1000D7FFFF
01C2FFF5FFAB023D
0118FFB10087FFB4
FF8E0032004BFE96
0010FEE7FF9C0063
FFD3FFD9FFA4011A
00EA0037010DFF3E
FF0FFFE30077008C
004B011BFE37FFF8
00C400ACFFB9FF72
00C40046002DFE87
002DFFE20055005D
00D5FFCF00CEFF94
0183009CFF58FF60
FF7EFF62FF8F0085
FFDC00CA0267FF60
FFC40143FF55FF85
00790042FFF7FEF7
FFE700A4FF840111
009900F7FF9C002C
020600440021FFB3
FF36FF85FFC0FFAF
FE6AFF870099FFDC
0088FF6AFF90FF7A
FEBFFEAF0017FFE5
0134FF59FFFF007E
0230FEC700430080
00EAFFF1FFBE0024
FF3DFF32001CFF3A
001E00810052FFE4
008801A3FFDEFF40
017000E7FFD20096
00B7FF60FFDDFEF6
00AB00BDFE85FFA5
0092004EFEC40065
FFE100C6FFA60048
FF3DFF560068FEE1
004900F50118FFCA
0056014001100085
FFE20037002F0095
FF8100B9FFDA0006
FF01002E0191FF47
FF4AFF40FEC000BA
005BFFD6FF300056
0026FF8200F8FFAC
001CFED2FFA6FFB6
007BFF1EFEF3FFCC
FF95FF6EFEAEFFBE
009800210091FEEE
FF9B016900B50059
FEEFFEC4FE540063
001FFFF40037FFBB
0011FFE900200004
00F400D6FECE015D
FFBB005BFFFC0015
0023FF82FF50FF6B
004EFF99FEDB0029
01270142FFDB00AE
001CFFF1002A0112
FF20FFECFF83FED2
00AC00590013FF09
0007FF53001FFE85
002BFF7DFEF5FFC3
FFC0FEA8021E0058
FF40FEE90096FFB5
01BA001BFF4001F3
00E5FFAA00A9FF24
FFE80068FFF3FEF3
FFE7FF1DFF880019
FFA9FF6AFFE00103
0135004200DCFF40
FED1FFB3006600BC
002800F8FE10FFC5
007800A2FFECFF74
007000870021FE5D
005C0002FFBB0021
00A6FFBD00A9FFA9
0215FFE2FF77FF98
FFC1FF43FF6A0072
FFFE00C4028DFF2F
0028010EFF73FF69
004D005F0002FEBC
000E00B1FF0A0120
00B6009DFFCFFFEB
023500640015FFC2
FFBDFF92FFFAFF7A
FE61FFAA004FFFEB
0040FF52FF63FFA6
FEADFE52FFFAFFD9
00C1FF770046009D
021FFF1CFFB70095
00E80059FF6B002F
FF13FF180030FF28
00B40082005BFF9C
00670181FFECFEE0
015B008CFFA80094
009EFF300021FEA0
006E00A4FEE6FFAA
00AD0060FEEA0044
FFCC0132FF750022
FF3EFF220080FE81
002500FB0116FF5F
00BE015200CD0026
FFD8002800440070
FFB200BEFFA1FFC4
FEF30031012AFF4F
FF69FF69FE9F00A8
0089FFCBFF38004B
0030FFC800DDFF61
0025FF33FFBA0041
0073FEE4FF07FFE2
FF84FF91FEACFFE8
00C000450048FED2
FFF5012000760083
FF5BFE40FE2C003D
005600310053FFEC
FFD9FFE5FFE2FF89
015200BAFF050163
FF7E005CFFC8FFBA
FFA2FF9DFEF5FF7E
0063FFCAFF01002B
00D80155FFF500BD
000E002C00AF00E2
FF68FFB0FF98FEEB
006C006100A0FEBC
0068FF8AFFE7FEAF
001DFF90FF0EFF92
FFA7FEAA01FE0045
FF7FFE93003DFF9C
01A40047FEE301AF
00CEFF94009BFED6
008A0052FFDDFF3A
FFD8FF85FF32FFF1
FF8EFF34004F00F0
0142003A00CFFF62
FED7FF8A00700093
FFEF00B8FDFBFFEC
0032009A0032FF52
002F00B60022FE52
0088FFF0FF730022
0089FFD80079FFA8
026FFF38FF480008
0048FF69FF710090
FFDB00D8027FFEEE
00680100FF7CFF5E
FFE500480026FEB2
00730090FF1A012C
00A80080FFDFFFEA
024C00900010FFF6
0005FF8D0001FF27
FE87FFF80028FFF4
FFDDFF4FFF33FF88
FED1FE52003CFFE1
0050FF94006000E5
0208FF6CFF2500B9
00F60053FF240075
FF16FF23005BFF3A
00FE008C0086FF94
006E0117FFDFFE8A
013B004AFF5F0097
0074FF570040FE8E
005E00BCFF14FFC1
00B30057FF0F000C
FFA10125FF680018
FF61FECD004DFEAB
000400F7015DFF28
0133015D005BFFD8
FFECFFE3004F001F
FFDC007AFF88FF8A
FF06004800C4FFD3
FF93FF75FE58007D
00ABFFDBFF3C008B
FFEA0000007BFF5A
0048FFA1FF9D0051
0081FECFFF5CFFF6
FFABFFB0FEF6FFE1
00D70092FFFFFE86
FFF900CFFFDD009E
FFB0FE0AFE58FFC5
0064004B00400007
FFF6FFEBFF98FF33
019E008FFF580176
FF970078FF5BFF94
FF370001FED5FFE0
0095FFE9FF460068
009B016D000E00A1
000B0032011D00B0
FF5FFFA0FF70FEE4
0038005200CAFEA5
00A9FF8FFFB3FF33
FFE4FFBCFF32FF90
FF91FEDB0188002B
FF78FE85FFDAFFAD
01A50074FF06016B
0079FF930099FEAB
00D10077FF6EFF72
FF9AFF58FEE0FFE8
FF5AFF09009300EE
018A0042007FFF78
FEC6FF5C007900BF
FFA1008DFE2EFFE3
000E006A0088FF27
FFDC00ED0009FE28
006DFFE2FF15FFD9
006FFFE90062FF9A
029CFED9FF83007A
004CFF51FF780072
FFD200CA025AFEE7
00D800C9FFAAFEEC
FFC300390058FE9E
00C3008DFEDB00D0
00AB00350012000C
020B0092FFC4FFFF
0095FF8A0041FF4F
FE94003BFFDAFFB4
FFDFFF6BFF2DFF7C
FEDAFE880025FFBF
FFDEFFD4004600EF
01BCFFD6FEE50102
00D5005DFEF900B1
FF2CFF300052FF35
0170007A006CFF7C
005C0106FFC2FE4F
0116FFF1FF3200B3
006CFF6B003FFE6E
004400A9FF60FFDC
00960027FF1EFFE0
FF8C0122FF21FFF9
FF99FEB4003FFE82
FFFD00F500FCFF20
01380145000BFF98
FFEDFFB50042FFDB
000C0028FF8CFF78
FF5B0052006B0013
FFA4FF8DFE050048
00C2FFE8FF150086
FFEF000F0011FF5F
004BFFEDFFBF00C6
0069FEA5FF93001F
FFAEFFE6FF160012
00DB0093FF9BFE7B
003A0090FF9100E2
FFF7FDC4FEACFF8C
00310067003C0008
FFF4FFF7FF50FEE6
01A9006DFF730163
FFCB0095FF2EFF6D
FEF80006FEDE002D
0095FFE8FFD10049
009A0144FFBB009C
001D0026011700A9
FF70FFA7FF5CFF2D
FFF4005400E7FE7A
00E2FFEBFF88FF59
FFD1FFE0FF57FF50
FF97FF0001420017
FF90FE84FF88FF7F
0185004CFEDC0133
0051FF7F00B0FE7B
01170089FF25FFF5
FF96FF7CFEE1FFEA
FF7EFED600CF00BF
0175FFFC0041FF9D
FEF7FF20005A00C4
FF920055FE5BFFED
FFC2008E00C4FF48
FF970106FFD5FE1A
0084FFC1FEF1FFCB
007EFFE70042FF9D
0270FE92FF670083
004DFF3AFF830081
FFF60090020FFECE
00E90104FFE4FEFD
FF99005B0059FE93
00FD0045FEDD00BD
0075FFE1005CFFED
01ED00B2FFC3000B
00B4FF7A0014FF31
FEBE00A5FF8DFFBF
FFA4FF84FF2AFF6D
FF06FE950065FF99
FF67FFE9008B00BE
018A002DFE8400E9
00FA004CFED60074
FF1AFF300051FF6F
018C007600B6FF48
007B00EFFFAEFE5D
011CFFBDFF4500A1
0035FFB70026FE3E
004B0089FF54FFFC
0074005BFF60FFB0
FF4D0125FEE2FFA8
FFA2FEC30049FEB2
001E00DA00D9FEE7
01620149FFEFFF43
FFF2FF86001FFF9B
000A0029FF52FF3F
FF73008EFFFC006A
FFDBFF81FDF60047
00C50016FF46008E
FFDF000B0003FF92
005C003EFFAF00C0
007BFE9CFFB9005B
FFD1002EFF6B0017
00EA00BFFF5FFE72
00580016FF3500DE
0046FDB7FF06FF45
007E008F0024001F
0016FFFDFF28FEF0
01B50031FFC40143
FFDB00BFFED2FF60
FE7F0075FEE10090
006DFFF9FFF50076
0069013EFFDA0055
00190056014D008C
FF85FF8BFF73FF3C
FF9D005E00F0FE5E
00F4FFA1FF6DFFD8
FFB2FFCFFF70FF6E
FF7BFF4D0100001F
FFBCFE93FF3FFF56
01480070FEBC00E3
0009FF9D0081FE67
014E008DFEEF0031
FF85FF92FE9CFFCC
FF47FEA500E00088
0185000DFFF5FFB8
FF0FFF31003100DB
FF740006FE84FFEB
FF93004A00B8FF2C
FF630126FFA9FE30
007EFFA8FE7EFFD6
0055001C0014FFAD
0283FE43FF8B00CE
0066FF46FFA3003C
FFB9006001F5FEC4
011500DFFFF6FE9F
FF9E0020006DFEB4
010A0038FEC60055
0083FF880085FFEE
01B300BAFF9D001E
010FFF96003AFF70
FF0300C5FF6CFFAC
FF87FF92FF7CFF61
FF0EFEA70086FF96
FF30FFF900A400E6
013B002CFE47012C
00F10040FE960077
FF4DFF620053FFAB
01D2005B00CBFF6D
00650075FFB6FE7F
0120FF72FF120061
0059FFB60023FE4A
00530071FFA2001F
00540075FF31FF78
FF3400C5FED5FF70
FF90FEE50043FED1
000800F100B5FEB7
018E0144FFD0FF5F
0012FF960029FF67
0007FFE0FF63FF52
FF6C006EFFA700AC
FFE4FF7EFE17000D
00D20015FF18009A
FFBE000FFFA3FFDF
006A007CFFA800C8
007FFEAF0010006E
FFD6004FFF97003D
00BC00C8FF47FE97
002CFFCEFF150106
0079FDFBFF36FF1D
00720087FFFAFFFF
001AFFE9FF1CFF01
01DB0013FFEE0118
FFFF00C4FE72FF57
FE7300B9FEFD00D7
0082FFF5002E006C
003A0147FFD3002E
FFF9008C0192006F
FF8BFF6DFF4EFF4D
FFA1008F00D7FE6C
00ECFFD2FF400032
FFB4FFC1FFA7FF53
FF51FF6F0065FFF5
FFD6FEE9FF29FF71
01350073FEC2009D
FFB3FFCC0098FE7C
01500088FEDC0097
FF5AFF6EFEAFFFDC
FF1CFE8A00BF0066
01B6002CFFC8FFBE
FF2AFF3C001A0140
FF44FFFBFECEFFEE
FF7F003B0128FF35
FF490122FFB9FE46
007CFF5BFE72FF99
0017005DFFEFFFB8
025AFE21FFCF00D5
0096FF32FFC6001F
FFB4003101D4FEE5
012200B0FFFAFE91
FF840063009AFE88
00F60021FE9C0017
006AFF1500B10000
017D00FAFF4E001B
0130FFA6002EFF7A
FF71011BFF18FF65
FF2AFFC1FF35FF54
FFCAFF550093FF6D
FECB003F00DC00B6
00A6005CFDE80103
00F30015FE900059
FF66FFE2008FFFCE
01CA003C00EDFF25
0066001FFFA9FE9A
012CFF54FEDF006E
FFF300290020FEA1
0016009DFFE20055
0078005AFF90FF92
FF210098FEEAFF6D
FFFBFED40013FF1E
001E00A6004CFED8
014F0109FF70FECA
0010FF4D0039FEE2
003AFF85FF37FF07
FF860083FF1C0139
003AFFA6FE1FFFDF
00EC000BFFD500BD
FF6CFFE4FF61FFF0
005C011BFFC600D9
00A3FF1C003400A0
FFB800A600060031
00B600F5FF02FEA1
0034FF1AFE6C00E3
00C6FE50FFD6FEB1
00B000BCFFE40003
004A0010FF01FED3
01B80007003C00E2
FFD900E1FE02FF96
FE1A0112FEF10151
00790044006E0076
0008013DFFF9FFE1
0013003601C3004B
FFE7FF6BFF56FF6D
FF0A004C00A8FE50
010AFFB0FF3500D2
FF870036FF92FFB3
FF85FFE00020FFC6
FFF5FEC3FEF8FF61
008300C8FEF8001A
FFB4FFC70082FEA8
016200A8FEC700F5
FF1EFF85FEB4FF5D
FF0BFEC1008D006A
01690037FF6E001C
FF68FF3EFFF50114
FED0FF9EFEE3FFD5
FEF90024012EFF71
FF1C015AFF70FE51
005CFF56FE2DFFB2
FFF30091000CFFB5
01E5FE17FFE5010B
0056FF26FFA8FFBF
FFA300110135FEEE
014F008C0047FE1B
FF8C002700B0FEDC
0122FFE7FEAFFF79
0046FEFF0123FFE4
011C00F0FF120023
019E00070065FFA9
FFA70140FEF3FF8F
FED1FFD8FF63FF91
FFC9FF7D00DAFF5B
FE71009200D300EE
000B00A1FDDE0110
00DEFFA0FE06005F
FF9300170078FFDE
0211FFE700DCFF61
0079FFC3FF40FECC
010AFEFAFF090058
FFAD0083001BFF19
FFC0005B00150041
004300A0FF85FF54
FF170058FECCFF80
0019FF20FFBFFF9D
000300A8FFEBFEDB
010800C7FF38FEF5
FFFCFF03000AFED4
001FFFAAFF1DFEC9
FF8100B5FEC90155
0038FFA7FE7FFF7B
00CD002CFFF700AF
FF60FFBFFF50005C
0093017EFFCA00BD
0088FEFD005E0042
FFE900F8005F0015
00B600F8FEA7FF76
0041FEAAFE4200A4
00DAFF3C0056FE9A
006E00E40005FFD5
00150016FEE0FEDE
019CFFD6002C00B8
001400BBFDB6FFE6
FDEB017BFF3B01B9
0052FFF30099009E
FFA00124FFEEFFA0
0023002A01E2FFE7
001EFF6AFF3EFFD3
FEBA00270031FEE6
00B5FF65FF4E0179
FF7100B0FFAEFFEE
FF960035FF66FFED
006FFF21FF31FFAF
006800BAFF23FFC0
FFA4FFBF0052FF0C
0124008CFECC00DE
FF66FF5DFEE4FF50
FEECFEE9003E00AA
0131001AFF7D0035
FFDDFF58FFDA0126
FEA3FF8AFF17FF7D
FF03FFF6014AFF60
FF710161FF74FE8B
FFBCFF81FE3EFF41
FFCA00BDFF85FFCD
015AFE2F0039014E
006FFF3DFFBCFFAF
FFAAFFA000F6FF17
012E000B003FFDF6
FFA200680101FEBD
0113FFBEFEC8FF21
000BFED20161FFF2
00FB00F7FE900034
01E6002C00880009
0008016FFE70FF72
FE3F0019FF82FFC1
00220020013CFF50
FE3100AC010900C7
FF6C0070FDFF00D2
00E9FF75FE28002D
FF99008C0071001A
01CEFF800114FF58
009EFF5FFF06FF38
00B9FEDBFF2E0021
FF0900FD002EFF7E
FF480067000A0087
00460048FFDEFF62
FF38FFF0FF14FFCF
0079FF93FF57FFEB
FFCD00C1FEE9FF03
007B0060FEDFFEAF
FFC9FECF0032FEA0
002CFF8CFF21FEDB
FF9F00B5FE790196
006AFFA0FEEFFF4D
00E2FFFC008A0093
FF35FF71FF2F00C7
009701EB001A0062
0098FF6A0064004F
FFEA013E008C0043
00D30105FE74FFEA
0027FE1DFDAD008D
007C004800C7FE86
002400CC0019FFCD
0021FFF5FF07FF25
00FBFF9F003500B0
001700CEFD980069
FDDC0196FF4F01FD
004AFFA300C3003F
FF2A0125FFFBFF9A
0031002B01A8FFA4
0022FF9CFFA1FFC9
FE28FFD2FFC5FF23
006DFF1AFF760228
FFA20131FF65FFE7
FFBB0069FEC0FFBA
00A3FF87FFA00017
001000EEFFBEFF51
FF81000F0033FFD1
00EA006AFEF400F3
FF82FF5EFF5FFF19
FEF2FF0CFFD700A4
00D90057FF710049
0044FF31FFA500ED
FE4EFF43FF54FF63
FF03FFE60137FF9D
FFE30127FF16FF25
FF3EFF72FEA4FF43
FF8E010BFF3AFF83
0049FEA400610159
0053FF88FFF1FF8E
FFDAFF55004EFF29
00FDFFE10051FDA2
00000096014FFF25
00EAFF91FF19FF28
FFB8FEF70155FFE9
008800F8FE23006B
020F005A00B10035
007E0148FE78FFA0
FE1E006FFFCFFFEE
017A010B019EFF35
FECF00E800FE00B7
FE850090FEA30040
00ABFEDBFEB0004F
FFB200F8004900AC
00F2FF6C00E3FF79
00F6FF4AFEDA0009
006EFF27FF920009
FED50136FFCA0000
FF60004100100075
002DFFF5FF9CFFC7
FF5AFF8BFF5FFFB5
00DE0043FF7900B3
FF95001CFE9DFF9D
FFA4FFDDFF43FEED
FF9AFEDB0073FECF
0003FF29FF80FF04
FF7A00B9FE8001FA
0080FFACFF81FED3
0013FFA3014900C5
FF1AFF66FF5E0142
008101F7001C000F
0094FF6500180060
FFA7016001050039
011000C0FE5200DF
FF8DFDEDFDA8007A
001A016C01A9FE91
FFC2001F0041FF8D
0071FFCFFFAAFF9C
FFF8FFA4FFC9005D
003400BFFE6400CF
FE2D00F7000701F7
FFF7FF2B003A0007
FF2A00C7001AFF42
0024FFD50168FFBE
007FFF78FFE9FFDB
FE31FF4AFEFDFFAD
FFD0FEE1FFA702C7
FFD401BDFF3F00C0
000B00E1FE2FFF9C
0037FFD0000C0098
000300A50096FF60
FFF2FFC80022005B
0006FFEAFF76009F
FF9BFEDC0032FF49
FF1DFF84FF0F00A9
00080066FF330067
00C5FFDCFFF3006E
FE4BFF1DFF88FF3A
FFA4FF5700A2FF9D
007B00D4FF3AFF48
FE48FFBDFF63FFD4
FF8C00E4FF51FFF1
FF81FFEC00E4011D
FF8CFF73003FFF59
FFBFFEF9FFD3FF2A
009AFFD5005CFD68
006A0021015FFFB8
00EBFFACFF8BFE62
FF8FFF56018B0022
FF9C00C2FDD20013
01B400BE00A00099
00C500CEFEBAFF63
FE7700A3FFE1FFEF
019901A4019DFF56
FEFE00D600E10089
FE8D0076FF3B001D
00C2FEBBFEFB0061
FFCC012B003C0096
00BDFF23009FFF5E
00EDFF5FFEB50068
0044FF2BFF99002B
FEBB0153FF8F0070
FF79007800100092
0067FF92FFAFFFB9
FF95FF31FF6EFFEB
00FF0084FF62011F
FF7F0003FE41FFFF
FF0CFF92FF5BFF01
FFA7FEF1005FFED8
FFB2FF4EFF86FF40
FF9D00FDFEEA01F0
008CFFB5FF95FF11
0022FFD1012E0082
FF23FEFCFF5F014A
0083019F0023FFA4
0093FF8500150024
FFD3019801330062
00C600A1FE8F013A
FFA4FE2BFDD2002B
FFB201C101CBFEC7
FFA90003003DFF7C
0070FF90FFC4FFA7
FF2FFFD9FFCCFFD4
009D00A6FEAF013A
FEA400C200490224
FFB5FED00031002D
FF680098FFFBFF44
005AFF9200C2FFA7
0033FFC5000E0009
FE39FF0EFE8D0013
FF7DFEEEFFBA02BE
FFDA01EBFF4400A0
006300AFFE32FFB3
005F001E00770057
FFD4008F0108FF47
0013FFF8004300AE
FFD8FFC6FF9D00AD
FFBEFEDC00A5FF4E
FF50FFA7FEC2008B
FFAB003CFF280091
010FFFE5FFBE0081
FE6BFF00FFAFFF1A
FFA1FFB60048FFF6
00AD00E5FF2BFF83
FE43FFF1FFA8FF8F
FFBB00ECFF4FFFF6
FEC8004B00BE0100
FF17FF750063FF67
FFF0FEE2FF30FF87
001CFFE6007CFD89
00CD004F014BFFE6
00B4FF7CFF7CFE5F
FF48FF8001460032
FF7B008FFE00FFE0
018400A8009900C9
00B100E4FEA3FFB0
FECB00950030000B
01E6021601C2FF6F
FFA200AC00780072
FE3E0034FFCAFF90
0084FEA3FF7D0068
FF97010F004500B0
FFE5FF0800ECFF61
00FBFFA1FEC90165
0025FF6BFFE40045
FEAC0145FF950084
FF88003FFFD8004E
0017FF7CFFDD0027
FFEBFEAEFFDE000F
00D100EDFF420155
FF98FFE6FE190031
FEA0FF75FF7CFF67
FFB9FF160075FF4A
FFCDFF74FFCDFF79
FFD000FDFF4601C1
0075FFE9FFE0FF3B
0001FFD1013200D6
FF20FF56FF80018E
00720147005DFF7B
009DFFAD0013003E
FFA9014E01650055
00AA0063FEDB0151
FF68FE74FE01FFDA
FF4D0205018FFEE3
FF61FF980031FF5C
00C1FF67005A0052
FF18FFE9FF86FFC1
00C70070FF1B014D
FF3F005100DC01B7
FFE4FF13FFACFFC6
FF9400AFFFCFFF85
0036FFBE002DFF93
0000FFE2FFFFFFE2
FE56FEFDFE16004C
FF1FFE86FFFC02A4
001701BBFF2F00DF
007B009AFE2BFF82
FFFC008800980087
FFE0004E015AFFDC
FFEF000C00350123
FF1CFFB300060071
0004FECF00D1FFB7
FFB2FFD6FE9D0058
FF580060FF04008C
01140052FFCB0071
FEB2FEEFFFEAFF2C
0043FF7CFFEFFF7F
011C005AFF50FFD1
FE0BFFA50000FFDF
FFAF00EDFF890012
FE83013900D000B3
FEEBFFAA0090FF34
FFD7FF1CFF3DFF6E
FFA5FFC3007DFD8F
012300150117FFC6
007AFF94FFD2FE76
FF91FFE300DC004D
FF58005DFDE8FFD9
00A100AC00710120
009400A1FEAFFF95
FF1E009300360040
01D2023E023BFF5B
FFD5006400B0004F
FEA800230024FF7A
0090FE68FF9B0073
FF6C0120001E009D
FF6CFEFE00DCFF90
01200035FEBE0141
0029FFB3FFC50088
FEB1012FFF250082
FFA10080FF80FFD5
0045FF7AFFB5002A
000BFEA9FFEA000D
00B30174FF6A016B
FF82FFB9FDFD0068
FE83FF98FFAAFF73
FF76FF190090FF4C
FF82FFAFFFC9FFB4
FFAD00F5FF9F01C0
0065FF98FFA2FF87
FFC0FFC700CC0092
FF5EFF2EFF9D01AE
005101090074FF45
0059FF9BFF950007
FFDC016D015F0079
0083003DFF3F014F
FFA7FEABFE4EFFC6
FF2002040162FEFD
FF93FF5C009DFF3B
00ACFF4E007D0071
FEF2000DFF3DFFDD
00EA0073FF8E018E
FFB00050012C019F
FFABFEF0FF550022
FFD700B5FFCAFF90
003CFFD9FFF5FF8B
FFC5001D0010FFE9
FE37FEC9FDB20063
FF0EFE5100670282
00050163FEE4011C
00940036FE9CFF95
002A007000AA0071
005900270177002C
0061FFC3008000E1
FF32FFAD004E0024
FFEAFE97010EFFC3
FFB7FFA6FE84005F
FF310073FEEE0075
013C006BFFD9008A
FEE4FF13FFC2FEFB
0064FFA7FF7FFFB6
0177008DFF54FFDB
FDCFFFE00016FFF8
FFAD00D7FFBA0027
FE95015B00F10099
FEC7FFC30033FF01
FFC1FF2CFF32FF14
FF81FFFA0074FDD5
017FFFDF0119FFB5
0061FFA2FFBAFE82
FF88FFE300EC006C
FF77005CFE2EFFC5
0077009C0088011F
007F0040FF09FFE8
FF7D005000260058
01EF021001FBFF28
0063002800740004
FEEDFFB3008AFF3F
008EFE88FFC40095
FF2600C30028009D
FF2CFF0F00C9FFB7
013E00ACFED9018A
007F0012000D0062
FEE300E5FF1E00C5
FF77003BFF55FFEB
008CFF75FF5E0037
0020FECFFFFD0022
0087019CFF540172
FF77FFC5FE31009E
FE19FFB70038FFD3
FF97FF8000ABFFB6
FF9BFFDAFFC8FFB6
FF9C00E2000E0155
0024FF7EFFD7FF93
FFA5FFA100F4008B
FFC2FEEEFFDE018D
001B006F00B8FF4D
002BFF8FFF25FFD0
FFA401570139006E
007E001FFF9301A6
FFB0FF2FFEDBFFCB
FEBB021C0126FF89
FF78FF1000B6FF2E
0072FF4500E100B7
FEAB006CFF28FFFB
00FC004E00050186
0012FFD601680109
FF8EFECAFF07FFED
FFAD00C8FFC1FFA8
FFF6FFA9FFAAFFDE
FFC00024005CFFB4
FE59FED7FD7D004C
FED6FE8700C101FA
005E0143FEA80146
00BA0044FF08FFA2
001E009C00F30095
008F001401D900A9
0095FF6B007700F9
FEF8FF8600A2FFAF
0005FE5B0131FFFB
FFC8FFF1FE6C004C
FF0C0070FF310081
014900A20010006E
FEFAFF41FF89FEF8
00B0FFDDFF4BFF8C
01E20061FFA6001D
FDCAFFF1003C003C
FFC10095FFD8004D
FE9601C800B60086
FEBCFFCC0027FF36
FFF4FF78FF7BFEFC
FF26001E003EFE29
01BDFFD900E7FFBC
006BFFDFFFF6FED7
FF73001E0086009F
FFBB0057FE67FFA4
001300CD00870107
0040FFC4FF4B0030
FFB0001D003D0052
0163021201EDFF30
0120FFE80056002B
FF4DFF6800D0FF28
00A2FE7AFFE1009C
FEE5007300190097
FEF7FEE000D2FFA5
016800F1FEB001C5
00920032FFEA008A
FEE600D5FF5200C8
FF7F0060FF28FFA3
009CFF70FF570059
002AFECA0031005C
005F01C6FF76014F
FF46FFB9FE600064
FE09FFC7005F0003
FF99FF9E00DEFFE0
FF7C00210008FFDB
FF7500D200A50117
0028FF87000AFFFE
FFA5FF9B00AB0072
FF8DFEED004A0164
002DFFF10091FF10
0034FF99FECEFF81
FF9B00FB00F5006F
00C60016FFFD0154
FFA0FFB9FF30FFA7
FE0801FA008AFFB4
FF7DFF0700E7FF45
0073FF26013B00E4
FEB500C0FEE7FFFE
00AB0011008001A4
0090FF5C016400CD
FF90FEB5FE680027
FFA90109FFC30012
FFFD001BFF52FFEE
FF5800700071FF4E
FE95FEE3FD790059
FEABFE5C00F001B1
0076013CFE99013E
00B1FFE4FF4DFF8F
FFFF00A50134007E
0125000E01DA0116
0095FF9600BD00E4
FECCFFB500F5FF5B
0034FE4E0130002F
FFDFFFCBFE7E004C
FF3A0084FF990061
00EE00B60035006B
FF43FF6EFF64FF01
00FC000FFF4BFF8E
02680046FFBF001A
FDE6FFED00430040
FFD500C5000C0030
FEF30214007F0031
FE98FFBD0033FF48
FFC3FFB6FFB8FF17
FF1C0043FFE2FE06
01F6FFCE010FFF8E
005A001DFFFFFF1F
FFA400A00032007F
00210019FE71FFBC
FFD70080002D00D3
FFEEFF6FFF830075
FFCBFFC9000F0061
00BF01FF0203FF8A
0134FFA20018004E
0014FF510109FED5
0085FEDAFFE80096
FEA300780010005E
FED7FF1E00D0FFCE
01880170FEA90182
0085002CFFF5004D
FF0D006AFF73008D
FF9200C0FF4CFF71
00F0FF3CFF9D0034
0060FF14003D0080
003801AAFFA9010B
FF11FF96FEB000A0
FDD8FFFE0056FFA9
FF5EFFA200FB0025
FF83009300270026
FF5700C4012D00EB
006FFF53FF9C0014
FFD6FF840071005B
FFB4FEE9009000EC
0038FFC000B5FEE6
FFBBFF64FE7EFF51
FFC400F600E70057
01190000000F00F5
FFE60026FF47FF87
FD920180000FFFEC
FF8CFF010138FF72
002CFF0E015900B9
FEA3011FFEE60034
0089003100E50155
00E8FF2B01750059
FFA5FE6EFE610042
FFCF0146FFAE006B
FFB60031FF29FFFC
FF1A00B90080FF19
FED1FED0FDEA0023
FEFEFEC9010F0152
002C010FFE390129
00F0FFB6FFEEFFC5
FFCD003A0128009A
0169FFFC01D001A6
010AFF1D01380061
FED2FFC700F9FEF9
005AFE5901080051
FFC2FFABFE780039
FF9B00C0FFE4002E
0073008C00470081
FF2AFF83FF1DFEF7
01070047FF3CFFB8
02760054FFDF0006
FE5CFFFC0069003F
0003005C00540032
FF33024200410081
FE9CFFBD001DFF90
FFC7002E002FFEE4
FEF7003CFF93FE36
01DDFFDA0155FF6D
006A0046003BFF99
FF9D00E4002E0090
009EFFD1FED8FF9E
FFA700650047009F
FFBDFEEE002300B1
FFFCFF9C0013007F
005E012E01F7FF85
01C0FF7400190031
00A2FF240120FF0F
0086FECCFFF30099
FE9400430016FFFA
FEE9FF510079FFFF
017101D5FE8F0143
00A7005B001B007C
FF15001CFF960047
FFA000CAFF40FF06
00FDFF79FF470065
0076FF34000400AE
000301C4FFEB00A2
FF0BFFB4FF1A007D
FDF9005300AFFFC6
FF64FFF801080076
FF9200EE005C003C
FF2700A701A8005C
002DFF45FFBB0020
FFD6FF8600150068
FFBAFEFD00F200C7
002AFF690094FEFE
FFC1FF41FE1DFF29
FF92009700870025
0162FFFE003500DD
FFE40094FFF6FF95
FD5E012EFFB30012
FF84FF1D0140FF8E
FFEFFF18014C00D3
FEF00141FE7A0060
005FFFCE0188013A
014CFEE5013AFFDB
FF95FE7AFE15005F
00030160FFB3009E
FFD2005FFF220058
FF0F00C6005FFEAF
FF23FEEFFE150002
FEF0FEAC011900D2
005600B2FE390115
00D9FF7C0078FFC6
FFBFFFE90176007A
01D0FFEB01780228
0116FEEC0152FFE0
FEAC00060121FE7B
009DFE8700CF0052
FFBEFFBCFE900074
FFB600CA0064000C
001D009F0065005E
FF8EFFF0FEF5FEFA
01630048FF30FFAF
02D500460017FFFD
FE6C003700610032
003E00400074001A
FFAB025D005B0049
FEB0FFDCFFFCFFA2
FFA3005200D9FEBB
FED60083FF38FE93
01AD0008013AFF50
005B006F0045FFFF
FFC9011B002B0069
013BFFB3FF2AFFC5
FF5A002700150067
FF55FEBA004500E4
0051FF48FFD3006D
FFD500AE0195FF8D
01FFFF61FFD1004D
0132FEE6011BFEF4
0071FF88FFF700C9
FE2EFFAFFFECFFB2
FF1FFF70004CFFEF
01750215FEB700F3
008D006E002D00A2
FF60FFE000000025
FF8400BDFF27FED2
011DFF99FF22007A
006BFFDA003900E1
FFEC0170FFFD000F
FEDAFFB1FFB20012
FE25007D00E6FFF5
FF760013010000CC
FF97013F00730021
FF4800A10207FFD5
0023FF4D002B006E
FFB3FFA7FFA6004F
FFD4FF9F011F002C
0029FF150088FF2B
FFB5FF0FFE02FF04
FF780017000F0019
019BFFE90051003D
002F01220085FFE1
FD38006CFED60078
FF5EFF4D017CFFD0
FFB8FEF40168005C
FF720167FE140099
000FFFAC020900D4
014CFE5D00E9FF4D
FFA7FEB6FDFA004D
FFD70159FFCF012F
FFE10082FF1C0060
FEDE00E00066FE76
FF60FEAEFEA5FFA5
FF29FEED00FE000D
007A00D1FE8700C1
00BCFF290114FFE0
FF5BFFB401750045
0225FFCB012D0261
0112FF00016BFFD7
FEC700080135FE48
00B0FEE8009B008B
FFDAFFA5FF41008D
FFE7009300C4FFD5
FFD0005300A20023
FFBA0032FEE5FF27
016A0045FF4DFF96
02CA0011005BFFC1
FEC30033005F000A
0035FFCE00980000
005C023500170038
FF39FFFAFFEFFFEA
FFE000B100FBFEA0
FF1900C5FEF9FEE2
0193FFFC010FFEEE
007700AD0073006C
FFDF013AFF7C008C
01B0FF9FFF6EFFDB
FF56FFCB0018FFDB
FF10FE90009200B9
00C9FF1AFFA20041
FF5D00110112FFBF
0213FF35FFE00032
01F5FED40103FF4E
0084FFDAFFC6007E
FE5CFF620017FFA5
FF5EFFA0FFF4FFDA
01400234FEF10087
00C80099FFF7009A
FFBBFF94FFFCFFC9
FFC200EDFF82FEFC
010AFFBFFF2D0084
003EFFFC005300B7
FF5E0103004FFF92
FEE7FFDB0036FFE5
FEA400E301020000
FFD7005D00F500B7
FFF10182006D0013
FF5900750207FF93
001FFF54FFF900CC
000BFFD0FF6F0006
FFCCFFC40146FFD8
0028FEC30010FF74
FFB9FF39FE1DFF1F
FF7EFFE1FFCEFFE9
019AFFF900B4FF93
0068013D00DAFFD2
FD87FFBDFE860083
FFA9FF4E0165FFEA
FFB9FEF901140026
FFD201B6FE2F00B2
FFADFF9B01F0008F
015BFE3C00A9FF23
FFBDFF0FFE080086
0010016BFFD7015B
FFFF0091FF390071
FEDD00DC0037FE62
FFC7FF22FF0DFF5D
FF77FF6700B2FF57
00510054FEA7007D
0090FF2A0191FFDC
FF20FF67012BFFD2
0237000700870257
0115FED60186FF4F
FEF6002D0106FE62
008DFF30003F007E
FF9EFF83FF780076
0040006C010DFFC4
FF3E000800940034
000F008EFE9CFF8D
012A0092FF5FFFAA
023F00380062FF95
FFA40005FFF30017
005BFFB300B7001A
00EF01ABFFE1000C
FF4AFFECFFC4FFD4
FFCE00F20144FEB4
FF5E00F3FEFFFF6B
0146FFD200C9FEF0
00A600CF006E00B4
001F016FFF70004E
0212FFB90000FFF7
FF79FF73FFCDFF60
FEC2FEC7008C00DA
00BBFEB6FF93002E
FECBFF3800BCFF88
01CBFF20FFD8001C
021DFEBD00B5FF9F
00A7001CFFA4005F
FE59FF17001DFF51
FFD5FFE3FFD6FFF9
0118025AFF180018
010D008F000C00B3
FFF9FF4B0037FFC6
FFB80087FF2CFF06
00ED003DFEDE007B
00230054003100B0
FF10008F0047FF06
FF250021009BFF4A
FF47011D00FA0027
FFC7005800AA00CE
001701910029FFC2
FF5C003301FEFF3A
FFE4FF5F000300E2
0014FFCAFF220004
FFFC0033011EFFA2
0020FEDEFFFDFFE7
FF90FF39FE5EFF53
FF48FF82FF81FFF3
0162FFFA00C1FF15
0072017501010014
FDDEFF37FE2D0066
FFB2FFD101300003
FFA3FF5300BBFFFD
0059017CFE4900F1
FFA9FFAA01D9003F
0129FE86002DFEE4
FFD8FF93FE160064
0013017EFFDB016D
FFE000C4FF7C0090
FEE000670000FE4E
FFCCFF86FF8EFF2D
FFCCFF640094FF1D
0068FFECFED60045
007CFECC01F30020
FF26FF3000E3FFD1
02060041FFEE024F
00DCFEF1012AFF11
FF6A007F00EDFE54
0082FF3EFF83009A
FFC7FF66FFDE0093
008C00610154FFA5
FEF5FFD90091001A
003C00E1FE9EFFB8
010000B0FFADFF74
02000064009EFF69
FFF6FFF8FFA2000B
006CFF980095FFDF
017D012BFFD2FFD3
FFCB000DFFA1FFFA
FFD6011101E1FEA1
FFAA0137FEE3FFE5
00F2FFF40060FED4
008D00C4005A00F9
003E013FFF6D005A
025FFFE6002A0027
FF76FF73FFC1FF24
FE7DFECE00760092
00CCFEB5FF28FFEB
FEAEFF2C003DFF93
0169FF0F0020001B
0230FF190052FFE9
00A20068FFA90046
FE62FED8003CFF50
000E0022FFC4FF8D
00CC024AFF6DFF90
012300ABFFE900DB
0042FF65001DFF7C
FFDE00F6FF69FF46
00ED0056FF460079
FFE100C9FFE7007F
FF1400240037FEF5
FF6EFFFC0102FF73
FFA2016A01420009
FFF9005500A80089
001A018C001CFFA0
FF5D004501ABFF42
002CFF8AFFD0014B
0044FFF4FF210003
0004002A011AFF60
0031FEDAFFE10001
FFA2FF50FE5EFF87
FF3BFFAFFF88FFD4
014C002100BAFE8C
0082015600E20031
FE2DFEBBFE19002B
0023FFFA010B000C
FFB8FF6E009FFF8D
0079016FFE7B00CC
FF15FFC3015EFFF5
00BBFED8FFD6FF08
0016FFB4FE4B0082
00320174000A013F
FFFF00D1FFD1007E
FF1400330001FE8F
004BFFB80001FE98
0019FF87006EFF01
0004FFB8FECAFFFF
006BFED702210004
FF04FEFC0064FF64
01CB003AFF5901FA
00AEFEE10134FECD
FFC200950095FEEB
0026FF8BFF310061
FF97FF4D0001008A
00BB000C013CFFDD
FEAEFFB400AC0046
005300D3FE5BFFE6
009D00DFFFF8FFA9
016C00920057FF15
00A9FFD3FF38FFF7
0072FF9300A7FF8F
01C5005FFF99FFD3
FFEF000CFFBDFFED
FFBC014D01CDFEE1
00230143FF0BFFCD
00C8FFFD002FFEE0
00A500B0FFFA00E0
004D0148FF860037
0265FFBE00710027
FFADFF6EFF7BFEED
FEA0FF23006C0083
00A4FE9AFF61FFDA
FE6EFE5E004AFF8F
00B1FF1C007F002B
0249FF4CFFD0004D
00A8008FFF5B0028
FEAFFEDC005BFF2D
00B20048FFC2FF94
00A3022FFF94FF1D
0138006CFFB10101
0054FF20006FFF5C
FFEF00A1FF91FFA3
00CD0096FF2B0064
FFD700B5FFB60018
FECFFFAA0059FEAC
FFC300580130FEFF
007B019100AEFFEB
000B001300720036
004301BFFFC6FF64
FF1E00440165FF71
0022FFB4FF560133
009C0018FEFAFFE0
001F005E00D6FF63
0035FF36FFA0008D
FFC8FF51FECBFFBF
FF32FF9FFF61002C
00C9002500A4FE52
008E012300940068
FF1BFE51FE34FFDA
0076002A00980024
FF8DFFB2FFEDFF76
00A20146FED800F6
FF4CFFEA00A2FFCF
006AFF67FF74FF2C
00380040FE99007F
00300179002600F3
001100CB00050057
FF59FFAFFFC6FEA3
005CFFDB005FFE9D
0079FFEE001CFEF1
FFF6FF36FF0CFFCD
0055FEA60210FFF5
FF4DFEC7FFF9FF84
0180007AFECC017E
006AFF130108FEAC
007200EA0048FF5A
0036FFCCFE910033
FF79FEEB00970048
00FE000E00F6FFE2
FE88FF6800680068
003F00C3FE3B0013
004B00EF0041FF73
00E800E10064FF10
00C6FFDBFED3FFE7
007FFFBD0041FF76
0246FF8DFF8BFFC6
0069FFFEFF8E001E
FF91013A01DCFEC0
0082011DFF73FFE3
00A90007001CFEDC
00A400BAFFD000EA
006100CBFFAD0011
0286FFF2006C0055
FFDBFF57FF9CFED1
FEBEFF7A000E0026
0040FEE1FF40FFCB
FE26FE670006FF53
0036FF2F00A10034
0217FF61FF6800BD
00D500B9FEEDFFFF
FEECFEDB0066FF4A
00EB002BFFEBFF70
006B01D6FFA6FEB3
017F004FFF5A00F6
0087FF4F0038FF47
FFD400EBFFA2FFB8
00A400C4FF270037
FFAD00E9FF9F0031
FEACFF6D001AFE8F
FFFC00910108FEF1
00BB01A400A50013
00440008005DFFB0
0055017BFFB6FF2E
FF4FFFFC00E1FF78
003BFFC1FF980155
00C6002CFF0EFFD2
004200370078FF8B
0044FF79FFA50095
FFA2FF7DFF0CFFCA
FF6EFFE4FF720009
00AC006E00B6FE28
009D0080003500A1
FF73FE64FE14FF8F
00AD009F009D0001
FF7FFFD0FFB0FF4A
010800E7FF1400FE
FF0E00000003FFC3
00250034FF0AFFA0
00730062FF2C0071
FFC801A4000A00D1
003E010D004F003E
FF59FFB8FF8EFEFB
FFEF002D007CFE8F
009BFFAB0060FF28
FFADFF44FF2FFF7D
0034FEC401DFFFF4
FFB6FED7FF84FF6A
015F00AEFE7200C4
0034FF2E00FFFEB2
00BF013F0002FFB4
FFC4FFB2FE89FFED
FF60FEF800AA0079
015C002500B1FFC3
FE61FF37007A00A4
002500BBFE5D002D
FFE0011F00D8FFC2
005401340009FF1D
011BFF87FE56FF9A
0026FFED0046FF49
0248FEACFF82FFD5
00BCFFEEFF66FFF0
FF9B00E501D2FEF4
00E80139FF41FFEE
00A300480048FF07
008C0069FF8500F0
0055007FFFDF000D
027D001B00440075
0087FF68FF9CFEA9
FEEDFFA8FFBBFFD7
0014FEE5FF7CFF8F
FE73FE70FFECFF63
FFC7FF2600E90039
01C8FFC2FEFF010F
00C400B1FEB2001A
FF17FEE10062FFC4
015700540021FF55
008E0174FFE5FE7F
015D002DFF3C00D1
0092FF4D0065FED7
000100EFFFC7003D
008300BFFF7F0002
FF490112FF96FFCE
FEEDFF12003FFEAC
001300AF0108FEE4
015301A3009E0024
003CFFBE005DFF62
002B0173FF97FF24
FF4D0011006A0007
004AFFB7FF240142
00E50032FF1CFFE0
000900410058FF75
0038FFC2FF7B00E0
FFE9FF74FF4C001E
FF6E000FFF600038
009C007B003AFE0F
008A0029FFFC00C4
FFE7FE31FEADFF6B
0104008A00400004
FFB2FFFEFF46FF3F
010B00C8FF32010F
FF240025FF6AFFD9
FF700053FEF6001A
008F0069FF6A007C
FFBC0176000100A7
0009011F007E0013
FF82FF3EFF9AFF48
0012001700C3FE7D
00D10016001AFF6C
FF86FF1FFF61FF78
0023FEF50161FFD0
FFB5FEC9FF29FFA0
013B00AEFE570063
FFF9FF3400F9FEA2
0127012EFFCB0008
FF9EFFB1FE5BFFEF
FF0DFEB100FA0051
017B00080062FFE4
FE6FFF13002F00DD
FFFA00B9FE70005B
FFA2011900F4FFC2
FFCC0166FFD1FF20
0135FF76FE2BFFF5
00340023FFF2FF35
0289FE3CFF92FFDC
00D7FFAEFF4D0035
FF4F00DA019BFEFF
01450122FFA5FF74
00AD00240067FF16
0098006BFF3800A6
005F0028000EFFF6
020E00240018008D
00FCFF6BFF82FEB3
FF0F001DFF89FF6B
FFEDFF1FFF73FF9F
FE91FE9E0017FF5C
FF44FF5D00EE0072
018CFFEFFEFE0110
00BB00C6FEB00029
FF6AFF050068FFAD
0161001E001FFF32
006E0139FFE9FE46
016EFFFAFECE0102
00A8FF460028FECA
0044014CFFBB0033
006C00ADFF36FFEE
FF70011DFF51FF93
FF02FF20FFE2FECB
005200D000E2FF16
016501A20078FFF6
005FFFC1004AFF28
0071011EFF61FF21
FF4FFFF100500034
002DFFC3FF080159
00F1002CFF1CFFF8
00510027FFCFFFBD
00630013FF5F00D1
FFC7FF40FF73003E
FF9C0044FFB5002A
004300980066FE72
0068FFC9FF7A00D8
0041FE67FEDBFEF9
00EF009D0042FFC7
FFBA0038FF26FF47
0131007EFF5D013F
FF6A005BFECBFFD2
FF5300F4FEDF0086
009C0078FFD20079
FFF70170FFEB0049
001C00FA00840016
FF8CFF60FF56FF76
FFEA001400C4FE8E
00E9FFB00010FF9F
FF3FFED9FF48FF77
001BFEDE0155FFE1
FFDBFE9DFEEAFF72
013500D6FE20001E
FFDCFF7600EBFE82
01900152FF86007F
FF5EFF97FE65FFB3
FF5EFE7B01100048
01940010FFD9FFF8
FE6DFF06004B011B
000B0082FE3E0031
FF6F010C0115FFD4
FF7A0186FFB0FED6
0112FF4BFE23FFF8
FFFD0056000CFF0F
0258FDC6FF57FFBF
00C7FFBCFF2FFFFF
FF59007D01A1FEDC
013D0100FFE0FF77
005E00200061FF01
007B002DFF0B0094
004600000072FFD8
020D0056FFE90051
011EFFB1FF9AFECF
FF500049FF29FF42
FF8BFF4FFFA7FF6B
FEC2FEF60025FF0D
FEDEFF9501450082
00DA004DFE9E015B
00AC0094FE930036
FF71FF15005F000D
01A9002C0065FF18
007600B9FFE0FE3F
0188FFD6FEA600FA
007BFF88FFF7FEA4
0063016DFFB20057
006100B6FF7CFFE0
FF39010EFF1CFF95
FF6FFF18FFCDFF13
006B00D000A6FF38
01A1019C0074000D
006FFFA2004BFEC3
001000AEFF77FF07
FF39FFF3000D0090
003CFFFDFF100163
00DB0041FF370025
000B0021FF96001E
00820043FF6000CB
FFC8FF49FFA8006B
FFC3009BFFBF0020
004C00A00018FE92
0047FF3EFF0500EE
0063FE85FF1AFED4
010A0087000DFFA1
FFEE0044FEEEFF16
0147FFE9FF7F00FE
FF72007CFE2BFFF8
FEC60158FED70113
00B9006900370067
FFAF016CFFCA0004
0018012F008F0015
FF8BFF3BFF4EFFB5
FFCA0023009DFEB7
00C1FF7800360047
FF4CFEFCFF81FF41
FFE5FF2900D5FFB0
0041FEF6FEC8FF8F
011300D6FE09FF9D
FF88FF9C00FCFEB7
018A0156FF5400BC
FF22FF95FE8EFF8A
FF83FE80011D005D
01A00015FF62FFE5
FEBAFF1A0035016A
FFDE0036FECE001D
FF4E01230168FFEC
FF580192FF36FEC3
00F8FF5DFE02FFCC
FFF0009F0023FEF5
0239FD6EFF87FFC8
00ECFFBAFF4F000C
FF5B00140132FF31
0186010BFFEFFEF9
0069004B008EFF06
0029FFDBFE88003E
004BFF9B00A6FFC6
0199002AFF8B005C
0194FFB5FF59FF28
000300BCFEC5FEC7
FFA0FF89FF9FFF3F
FFB7FF82FFF8FF2C
FE72FFE300FC00B6
007A0080FE860176
00720076FE79004B
FFDFFF9400730051
01B8FFC1004EFEC7
002B002A001DFE57
0147FFB3FE700136
0090FFBCFFCFFEB1
0089014B001000E6
FFFE00A3FF59FFEB
FF2F006FFF27FF35
FF89FF0BFFC4FF66
008E0105005DFF30
01EA012EFFFE0008
00ABFF900018FE88
00410046FF41FF1B
FFC50019FF4D0113
003EFFDEFF170108
00AE0042FF70003B
00020050FEC40040
009D00C8FF2F00E1
002FFFA9002200E1
FFB500D20068005C
FFDB0099FFFAFF09
0049FEC6FE7E00DF
011DFEF8002AFE28
00FB00A6FFA8FF65
0033005BFEB0FF66
010A0004FFA30094
00200072FDA40043
FE630197FF1C0194
00D3008D0072003B
002A0115FFACFF85
FFDB00B70098FFDD
FFF7FEF7FEFB000B
FF83001300A9FEE4
00F9FFA0FFA80077
FF10FEF0FFC6FF73
0015FF640011FFA2
FFFCFEF1FE5EFF3F
008F00C9FE71FF16
FF32FFEC00CDFF04
01E50117FF4F0146
FEB6FF7CFE88FFAD
FF78FE9801260051
0182FFCAFECB0030
FEE0FEE700060183
FFD5FFEBFEF00050
FF1100CB0167FFF8
FEB5019EFF32FECA
00BDFEE9FE21FFE5
000200FBFFDFFF02
01A9FD47FF8AFFE4
005FFF63FF3CFFD6
FF27FF8E00E9FF13
01A100C60085FF15
0040001A005AFF13
0064FFA0FE6CFF8A
001DFF5B00F9FFCF
00D100C5FF500034
01970004FF82FF62
001B013AFE40FE69
FF43FFDBFFA9FF6C
005000260010FEFB
FE24FFF6012A0062
FFD300C3FE9E016C
009B001DFE9B002C
0017FFBE006B00B3
0176FFC80073FEC1
0046FFE00002FEAE
0187FFAAFE4F0146
00690049FF82FF26
0064013B000500D3
FFD5004CFF9E0005
FF32002DFF5EFF0B
FFA6FEEFFF65FFF5
00B200EAFF86FF5A
018B00FBFFC8FFFA
0085FF2BFFCDFE47
003BFFC9FF34FF09
FFBE0036FEC20192
005E002EFF2800EB
00870066FFF2002D
FFDF002CFEA900A2
00A000F4FF4300AA
00480008008A011E
FFEB010500BB0056
FF94009FFFE3FF92
0024FE5AFDFF009B
0198FFAE00CAFDF6
00F900AEFF6AFF1B
00910073FEA8FFA0
0097FFC6FFE70055
002B00BEFD030087
FE3C01DAFF22021C
00B800BB00ACFFFA
FFF500CBFFBFFF20
003200890093FF98
001CFEC1FF2300AC
FF3D0009000EFF1D
0084FF5DFFDE00F5
FEE8FF62FFA0FFB4
000CFFB2FFB2FF8B
0031FF61FE50FF5D
FFF100D1FEB9FE87
FF26001F002BFFB6
01C5010EFF3B0195
FE94FF69FEE0FF5B
FFAFFECC00BF0047
00FBFFAAFE4F0079
FF70FF1600010127
FFC0FF76FF48002C
FEB200A5012B0030
FEA701C9FF0AFEE1
0045FEEBFDEB0025
FFFA0118FFC1FF18
0113FD46FFAEFF9D
000AFF83FF39FF58
FF5AFF5F0053FF5C
0196009D00E2FEC3
0044FFFD001BFF85
0045FF58FE6DFF24
002EFF68010EFF97
001A00BFFF2C0046
01CA0068FF56FFB9
00CB011AFE23FE6A
FF360030FFFBFF70
00F400EC0020FF1B
FE1F003101480071
FF2000F2FEBC0171
005DFFCBFEA8FFE9
004F003300580115
0122FFAD0075FED6
0026FF7AFFF1FF35
0139FFB1FECD0126
0031009AFF4CFF66
00770110003E00FD
FFD3005DFFD40020
FF4CFF7CFF6DFEF5
FFF4FF68FF8F0081
00B700B6FF3EFFC8
0148008EFFCE0017
007AFF0AFFC6FE33
FFBBFF87FF55FF39
FFC20041FE7D01D9
005B0043FF5F008C
003400580051003C
FFC9FFE8FE830121
00AE0105FF42006C
0075005100C6012A
0010012E00DD0058
FF6F0078FFBC0060
FFE5FE1CFDCC0059
01BC00680177FE09
0116007FFF3AFF04
00B50051FEC9FFE5
001BFF82000DFFA7
004300B1FCF400EA
FE2101F6FF7C023C
0093007E00C5FFEF
FFFA008EFFD2FEDF
002100550083FF66
0082FEAEFF3100F2
FF4FFFF3FF9BFFA6
0029FF3DFFD0016F
FF0DFFA8FFE5FFF8
000B001CFED8FF76
004CFFFDFE6EFF85
FF79009DFF22FE38
FF260053FFFF0052
014A00C6FF5B01B4
FEABFF5CFF76FF32
FFA2FF41004E005D
00A6FFD2FE03006C
FFEBFF82FFC1013B
FFA5FF06FFD9FFF6
FEB0004401310060
FE96019AFEA1FF3C
FFC2FF11FE650002
FFDE0173FFB8FF4E
0078FDCA000CFFAB
FFA0FF7BFF6CFF44
FF29FEF0FFDEFFCD
0153003A0103FE75
00700000005AFFB9
0007FF21FE64FE8B
0007FF38013DFFA4
FF3500B6FF0E0013
01C10081FF710057
00F10132FE19FE63
FEFE0068001DFF95
016F01670042FF22
FE570037013B003B
FE8500F8FEF30119
0059FF63FEEC0001
007A008E004B0110
00C6FFA6008FFF1A
0028FF3CFFD4FFC8
0119FF8EFED700FE
FFEE00DEFF50FFDE
004600CA000300EB
FFA6001100010005
FF4DFF33FFA9FF0D
003AFF88FF7000F4
00D50084FEC3FFE5
00F30021FF8B0022
004EFEC1FFBBFE5B
FF90FF47FF55FF24
FFB80070FE72021F
00780047FF570039
0001003B008E0051
FF94FFABFE730121
00690118FF71006C
0093008200F7012B
000D0148011A0064
FF310053FFBD00A9
FFA9FE25FDF6001A
01AA00F501E5FE29
00E6007DFF1EFF03
00DA0049FF110021
FFCDFF710024FF6C
009600C3FD2D011F
FE7B01F0FFE00242
005A005D00AFFFD4
00030041FFC3FEB8
00200006005BFF5F
0091FEB8FF50011F
FF16FFBBFF40FFE7
FFEAFF25FFE601E3
FF34000DFFC7005A
002D0023FE82FF80
0053001FFEA10003
FF380090FFB2FE42
FF490065FFBC00BC
011F0094FF8C01A5
FEE6FF37FF83FF40
FF9BFF7EFFF6005E
0020FFD2FDF600AC
0062FFB8FFB900ED
FF77FEEAFFE8FFE7
FEB7001D00D0004D
FEB90187FEBEFF8C
FF58FF33FE9E0037
FFD6016FFF97FF92
FFE9FE5B0047FF97
FF75FF67FF7AFEE5
FF05FEE9FF81FFF6
00D3001D0141FE50
0075FFFB002D0014
0004FF2BFEC7FE3F
FFE3FEF8013BFFB6
FEC600CEFED7FFEA
019000C5FFAC00BA
01360119FE05FEB2
FEDC008F006CFFB1
01AF018F0068FF07
FE7E004A0102001B
FE0F00B9FF5B00DE
0064FF13FF0B000B
008100CE003F0112
0071FF8500E6FF21
0052FF1BFFB00054
00DBFF74FEF000D1
FFA30114FF36005B
000F009BFFB400BA
FFBBFFC2FFDE0023
FF4BFEE0FFD0FF4D
0060FFDAFF4B0123
00B10075FE460031
0047FFC8FF5C0028
0048FEEFFFC3FE90
FFA0FF23FF46FF29
FFAE0049FEBE0228
00380052FF920025
FFD7000100E70053
FF90FF7DFE670190
007200EEFFA40037
006A009000C000F7
0007013801440089
FF27001EFFD10136
FF67FE0AFDEBFFFD
0135016A01D3FE74
00990051FF2AFEE6
00DE0009FF510058
FF60FF660047FF6E
00AD00AFFD6A0126
FED3019B00230244
0050002E008BFF81
FFD2001EFFBEFEB7
0024FFC3FFFDFF91
005EFEEDFF92012E
FEBEFF9EFED10068
FF92FEF6001201FB
FFA20059FFB4006E
002A002BFE5AFFAA
00660073FF14003A
FF2500800056FE6B
FF630084FF8C014C
00B30074FFC80181
FF15FF05FFEEFF5D
0020FFAAFFB3005E
FFB60018FDD2009D
00BCFFF7FFA700DD
FF5DFEE2FFFBFFC6
FF020014007D0030
FF350133FED9FFBD
FEEEFF4EFF3B005E
FFBB0168FFAFFFBD
FF54FF090040FF83
FF58FF9FFFA4FEF9
FF7EFED4FF37FFDE
004E0014011AFE6B
00A000000030003C
FFC4FF2BFEFBFE59
FFF6FF3200ECFFE4
FEB100BAFEA6FFB6
012C00DDFFB200D5
01550103FE20FEAA
FF1100AE005AFFBA
01F50206006AFF1B
FF28008000AA0041
FE1E008FFFCD0093
0069FEE6FF1D0029
00B40103005C00F0
004BFF2800C5FF5B
0050FEFFFF8100B6
00D7FF8CFEFC00F3
FF840144FF5000BA
FFED0089FFA800A0
FFDDFFB4FFF4003C
FFC6FE8E0029FF96
00730029FF27014F
007C0072FDDF003D
FFCFFF8AFF1F0036
003DFEFBFFE3FEC2
FF85FF31FF7CFF40
FFA8004CFF2401D3
002D0038FFBAFFFA
FFCA000201300067
FF7DFF5DFEA5018B
008B00C4FFBCFFFB
00A4009900A200A9
0027010901360059
FF540011FFDF01BC
FF61FE65FDE0FFB0
00DE01FE01DDFEA7
00400065FF52FED2
00BDFFEAFF96009A
FF3BFF710018FF55
00CE006EFDC20187
FF39013A0058023B
0035FFFF004EFF7C
FFD30019FFB3FEF7
0052FF7BFFA2FFB3
0078FF46FF9A010A
FE95FF7CFE8000C0
FF3DFEBA000D01CD
FFC500CCFFBE009E
005B0016FE37FF8F
007D009EFFAE004A
FF3C007C00E8FE9F
FF9C00A5FF850181
00500065FFF9010F
FF59FF0D007FFF5C
0067FFF7FF7400A0
FF820015FE030076
00F20016FFB30084
FF4EFEC10004FF99
FEF7002C00320033
FFA8011EFF01FFE6
FE8CFF6DFFA20050
FFBE0172FFA4FFF6
FEFAFFB7001EFF7E
FEFFFF6DFFB6FEFA
FF9BFEB7FF1D0019
FFFFFFE40137FE64
00B2001500330025
FFBDFF2AFF2AFE44
FFF6FF7900C2FFCC
FEB100B8FE6CFF7F
00EA00E4FFDB00FF
015600B0FE4CFEDF
FF1200990084FFE8
023B023B0092FF30
FF9F007C00920033
FE1C004B003B0029
0075FEBBFF710064
00750102002C00DB
FFDCFF3700C9FF56
0093FF59FF680105
00D5FFAAFF4D00DB
FF570152FF2500FB
FFEB0063FF70004A
FFEEFF48FFBB0082
FFF7FE420065FFBA
007A0044FF4B0164
0068003EFDB6006B
FF56FF69FF48003E
0006FEF8FFEDFF2F
FF61FF6CFF94FF5C
FF5D007AFF9901BD
FFFF002CFFB5FFE5
FF81FFC30140007A
FF78FF70FECE0187
00920048FFDEFFC0
00D200640060006B
FFFC00BF01500050
FF6FFFDF0016020F
FF06FEE8FE2BFF7A
0051024A01D1FEE7
000D0021FF6BFEDC
00C8FF9EFFFD00DC
FE9FFFD8FFB5FF66
00CB002FFE700192
FFC300BA00B801E1
0020FFBFFFCBFF61
001C0014FFCCFEFA
0031FF3CFF70FFE2
0058FF48FFB200F9
FED9FF1DFE1B00CF
FEFAFEB8000301AC
002600FBFF9500E0
0088FFD9FE66FFBE
FFFF00DA003F0096
FF68001B016FFF2F
FFED009EFF7301CF
FFD60041007300B5
FF9CFEF900A2FF91
0073FFF9FF3C00CA
FEFA0024FDE70072
01320061FFE4006D
FF55FEB4FFDAFF66
FF32FFF0FFCA0017
003E0105FF2DFFFA
FE1BFF8A002E0093
FFEE0126FFFB0027
FF1C009D0042FF50
FEC2FF59FFBFFF08
FFA4FF21FF35FFFE
FF8EFFEA0124FE31
00BB000700210023
FFA5FF59FF87FE3A
FFDEFFDF0078FFFF
FEC20099FE75FF4F
004D00B1FFFF0112
014C0051FE85FF4E
FF4A00A500A60012
021E022F0090FF17
0011006B0042002C
FE39001E00A5FFFF
0087FE7FFF620061
003400FD001200AE
FF87FF0400CBFF83
00C7FFA9FF600155
00BAFFD1FF6C00C2
FF6B0160FF3D0146
FFC50035FF36FFCF
FFE8FF3CFF8F009D
0035FE3F0069FFF9
00720079FF8A0153
00440016FDE0006B
FEF3FF37FF2F007F
FFE7FF2AFFE5FF85
FF3AFF80FFA8FF78
FF4B00580004017F
FFD60017FFCCFFBA
FF57FFA801370053
FFB5FF54FF1E0193
0068FFC5FFFBFFAF
0087005A001F0003
002300AB015E006F
FF91FFA40051022D
FF0CFF46FE64FF38
FFF90246016DFF65
FFDAFFFFFF97FEEF
0095FF6D0064011B
FE81FFDEFF5BFF46
00D4002AFF12018E
0035004E00F401A2
000AFF96FF61FF40
0006003BFFC6FF0A
002DFF3BFF2D0016
0045FF80FFC000E8
FE8FFF39FDDD014A
FEA8FEAA00520174
007D0127FF9300FA
00A8FF98FEB10004
001900DB007300AE
FF97001501D5FFAE
005D008EFF8501D1
FF95000700D0002D
FFECFEBF00D3FFDE
00C60052FF3F00D6
FED3005CFE1D0031
0157006A0004002C
FF59FEB2FFA0FF55
FFA0000DFF93FFC5
00A500D6FF870002
FDAEFF8800800076
001100F300240083
FF0D0112003CFF8A
FEC4FF75FFABFF24
FFACFF10FF58FFFE
FF2DFFEB00CCFE7F
00D7FFF90065000E
FFC6FF79FFDAFE80
FFFF0017001B003D
FEF700ADFE6CFF3A
FFD100A700130125
012D0018FEA0FFA1
FFA4004B00860022
0214023B00ADFF05
00C90030FFFC001A
FED0FFD50107FFAB
0078FE8FFF9600BD
002400D300100076
FF47FF2400C1FFB3
00DFFFF2FF46016E
00A8FFECFF8100ED
FF550132FF410113
FFCA005BFEF8FF8C
0032FECBFF9800B5
0087FE3B00B60034
006600C9FF88015B
FFEB000BFDD400B5
FEB0FF54FF4B006B
FFE7FF7600140011
FF55FFA40001FF9B
FF3F007C00A0014F
FFC4FFEBFFC1FFD8
FF40FF8801380059
FFC7FF92FF4C016F
006FFF7B0010FF78
009C002FFFAF0001
FFE3006F0135005A
FFF8FF6800A3021F
FF17FFC3FEDDFF21
FF4F020C0110FFAB
FF81FFBC0001FEEB
0073FF2200A20144
FE810033FF0FFF9E
00C0FFDDFF730179
0081FFB401330119
0007FF42FF1FFF37
003D0029FFBBFF65
0027FF2EFEC8006C
0019FFE1FF8B009A
FEA4FEF2FDC4012A
FE81FE9E0067010A
00980121FF2E012D
00B6FF67FF0DFFE7
FFD700B100CF009A
FFF9FFC802210072
008C006FFFD401ED
FF550014010EFFA5
0047FEEA01430014
00FF002DFF4200D5
FEDC0040FE63000C
01310084002DFFE8
FF82FECBFF88FF2D
FFB3000EFF1AFFD5
012200A6FFB8FFE3
FD72FF9400E600CF
003000D900610078
FEFF01CB0005FF74
FE7AFF7FFFA8FF11
FFF3FF6FFF85FFC4
FF10000500B1FE94
00BBFFC80048FFE9
FFECFFB0000FFEC0
00330066FFC9002E
FF4B007BFEAAFF29
FF6100610007011D
0106FFB5FEF5FFA5
FF97002D006BFFF9
01ED01E7009AFF17
01710020FFB6FFF5
FF0DFF6D010CFF79
007EFE99FF9900D2
001200D7002E0052
FEFDFF220095FFC8
01060040FF62015D
0090FFE6FF9900C1
FF690117FF9A016B
FFC7002EFEF1FF45
0064FECEFF7C00D6
008DFE1C00E1006B
001F00CBFFDE0118
FFFDFFE8FE170099
FE98FF2EFF530089
FFA3FFAA00190064
FF41FFFBFFFCFFBA
FF20006101040141
FF96FFD6FF80FFB1
FF2AFF5C01050044
FFB8FF75FFA0011F
0051FF0B0005FF74
00C50010FF55FFCB
FFAD004001260023
0012FF4B00E701F4
FEFC003BFF55FEDF
FEF901E500BB000A
FF8BFFBF0022FF5B
005AFF0100C70156
FEA6007AFEDBFFB5
00BEFFB1FFE00170
00EFFF5C014200AC
FFD0FF29FEAFFF5C
007C0057FFE3FF8C
FFFFFF07FEE500A8
0023FFD4FF9F008B
FEBBFEDDFDD8010D
FE6BFEB3002D00BE
00D70115FF2D0149
00EEFF52FF4B0048
FF79008C011300AA
0022FFD1023A00A9
00E30045FFC901AE
FF2DFFFF0167FF29
0077FEE501360037
00B70028FF17010E
FEE90063FEDC001B
013E00510058FFEC
FF61FF38FF2EFF2D
FFE60018FF16FFD5
0151008AFFEBFFE1
FD8FFF7F011000F4
006000BB006E00A4
FF3D0229FFE7FFA0
FE8CFF56FFABFF25
FFEEFFA80000FFAF
FE9F001C0095FEC5
0099FFF40076FFB1
000DFFDD0034FEDF
001C0077FF90007D
FF9100C8FEB0FEF3
FF32003B003A011F
00B2FFA0FF300003
FFE4002300B10033
018A01D00092FF47
01E7FFF6FF400013
FF63FF66015DFF5B
007BFEA4FF870104
FFC00095000E0061
FED0FF3000D5FFCA
0142009AFF380188
00620003FFC20093
FF7400D9FFBE013C
FFCB000AFEF6FEF1
0081FEA8FF8100BB
00B8FE68010D0099
000800B6FFF400E4
FFCEFFEDFE2B0065
FE4EFF34FF3A00A8
FF9CFFB50042008C
FF72002E0028FFDA
FF37005301780101
FF8CFFE6FF78FFBA
FF2DFF6600E90053
FFCFFFC0FFF400F8
0045FEEE000BFF76
0092FFBFFF36FF6F
FFCBFFD300E9003E
0065FF4E00D4019B
FF260076FF7EFEF0
FEB9017600280037
FF3EFF9E0047FF5E
004BFEDD00EB0167
FEA500C1FEA2FFEB
0093FF74008B0128
016CFEB701600063
FFE6FF4FFE68FF34
002F006CFFA80020
0009FF4AFE9A00BE
FFB70007FFC00080
FED4FEE6FDE5012E
FE6BFEF6006A004F
00DB013AFF470108
00E3FF09FF82003F
FF4C009C011F00B9
0089FF9E0266012E
011F001C00020168
FEEA000D0184FED1
00BBFEDF013E0066
00F30001FF5C00FD
FEEE0083FEF7FFD6
00FF00850084FFBF
FF8CFF4CFF31FF38
001B002BFEF0FF8F
0198006C0022FFD7
FD91FF87012F0117
00460053008500E3
FFAD0272FFCCFF92
FE80FF68FFA2FF6D
0007FFF30020FF7C
FE86002D003CFED5
00C1FFE300BEFF92
001300160079FF4B
006D00D9FF230087
FFF7007BFED6FF0C
FEF3000D003B00C6
