FFD5FFCCFFC60038
FFD9FFFF0021FFDE
FFF2FFD30003FF9B
0026FFF3004B0035
00310049FFF60024
FFCAFFD50037FFB7
0030003C00270011
000BFFB1FFBBFFDF
FFB6004C006EFFAC
0054FFE9006CFF9B
001C000A004FFFC3
002F002AFFCC002A
002FFFCBFFF6FF92
0021FFED002C000B
0026003B006F0032
001000090027FFEA
0024FFBAFFD5FFC4
0016001FFFF0FFF9
FFC5FFFC00080040
FFE7FFE00011FF9F
FFC7FFAB002E0001
FFEF0037004E0072
FFD3FFC5FFDE006C
FF6300040054FFE1
0026004500270014
006500180025005E
FFBF000FFFF0005E
FFEAFFFBFF97FF9C
FFD3FFBA0015000A
004900770003FFBE
FFFD003C0019001D
FFF0FFD40007FFF9
FFB9FFCAFFC9004F
FFC3FFED0017FFC4
FFF5FFC4FFF2FF83
002CFFF30047003A
00310063FFF10037
FFBCFFD20039FFA5
0048003D00300018
FFFBFFA0FFBCFFDF
FFB800540071FFAB
006CFFF2007DFF99
0029000D005DFFC2
003C0033FFD00032
001FFFC7FFEFFF94
002BFFEC00480017
001C0054006F0022
00030005001FFFE4
0013FFB1FFB6FFA7
000C0036FFE0FFF5
FFC4FFEEFFEC0046
FFEAFFD30005FF94
FFBFFFA100250000
FFF3004A003E007A
FFC9FFB7FFD2007A
FF53FFFA0058FFD5
0028004D002A001D
0065002F0013006C
FFBE0010FFFC0055
FFF2FFEBFFABFF95
FFCDFFC000100007
0059007DFFEEFFBD
FFF9004900240032
FFE3FFD20014000C
FFC8FFD7FFD60037
FFD4FFFA001AFFD0
FFF5FFCEFFFEFFA0
0020FFF1003E002D
0022004BFFF40027
FFCCFFD90030FFB6
0039002B00240016
FFFAFFBDFFCAFFEC
FFBC003C0055FFBF
004CFFF50059FFAF
0023000D004DFFD3
00300024FFDD0028
0019FFD2FFF6FFAC
0021FFE900350016
001E003B00550020
000000060015FFF0
0014FFC8FFCAFFC2
00040020FFE9FFFC
FFCFFFF6FFFB0038
FFE7FFE20002FFAC
FFC7FFB100250006
FFEE003800330063
FFD8FFC8FFE6005A
FF7CFFFA0046FFE9
0018003D00220015
0055002B00110051
FFD2000AFFFE0042
FFFAFFF6FFB8FFA9
FFD8FFCC00120004
003C005FFFF5FFCE
FFFB003800160027
FFECFFE0000F0009
FFB5FFC1FFC7004B
FFC7FFF40022FFBC
FFF4FFBE0000FF88
002BFFF3004E003D
0026005DFFE3003A
FFB7FFD2003AFF9F
004A0038002E0023
FFF9FFB1FFB9FFE1
FFBD004B0066FFA8
0071FFF90067FF92
00340010005FFFC7
003E0032FFD50036
0020FFC6FFECFF92
003AFFF60046001F
00210060006C001C
FFF4FFFD0017FFDD
001EFFAAFFC5FFA7
000F0033FFE20000
FFBDFFEDFFF20050
FFE9FFE20005FF9B
FFBAFF9F00310009
FFE10049003B007D
FFC4FFB4FFDE006D
FF57FFF90052FFE1
002F004700290020
006800380017006B
FFBA0004FFF80053
FFFEFFE9FFA5FF91
FFD0FFBC001BFFFE
004E0079FFF2FFBB
0000004C00180037
FFE0FFE000120017
FFBFFFCCFFCE0044
FFC9FFF0001EFFCC
FFF9FFC8FFFAFF8D
002CFFF20043003B
00260058FFF3002F
FFBFFFD30033FFAB
003B0039002F0016
0001FFAAFFC5FFDE
FFBF00490061FFB6
0061FFEE0067FFA0
00230007005EFFCB
0036002AFFD60029
001CFFCAFFF2FF9A
0029FFED003B0017
001D004A0062001F
00050002001EFFE7
0014FFB7FFC3FFAD
000B002CFFE2FFF8
FFC5FFF2FFF40040
FFEDFFD70008FFA1
FFC5FFAD0029000C
FFEF0042003D006D
FFCFFFBBFFD9006A
FF68FFF8004CFFE6
002500430028001B
0060002E00110062
FFC00010FFFA0052
FFF7FFECFFAEFF9C
FFD1FFC600130002
00490073FFF8FFC4
FFFF003F001F002B
FFEAFFDD000C0008
FFBAFFCEFFCB0045
FFC7FFED0019FFC8
FFF4FFC0FFF7FF8E
0029FFF5004E0031
00250063FFF80037
FFC3FFD40030FFA5
003E00330023000D
FFFDFF9CFFC5FFE4
FFC6004A005EFFAC
0065FFF60079FF9E
002A000C0052FFC8
003B002EFFD50031
001AFFCAFFF2FF94
0025FFF000490016
0019004E0068001A
FFFEFFFE001BFFE9
0010FFBBFFB9FFAE
0009002FFFE0FFF5
FFBEFFF3FFF10040
FFEEFFDD000AFF9D
FFC4FFA5002A0003
FFF1003E00360071
FFCBFFB6FFD4006F
FF61FFFE0051FFE7
002600450022001F
005900350010005F
FFC0000DFFFB0050
FFF7FFF0FFB1FF97
FFD7FFBF00160004
00500079FFEDFFC1
FFFD0046001E0031
FFE9FFD800140010
FFBCFFBCFFC80042
FFC4FFEC0026FFCA
FFF7FFC9FFF9FF88
0031FFF200460032
002D005CFFFF0034
FFBCFFDB0038FFA8
0042003B002C001A
FFFFFFAAFFC0FFD8
FFC300470068FFB7
0064FFF80068FF94
00280014005BFFCC
003D003BFFC40035
0018FFC3FFF0FF8D
0032FFF6004E001E
002B005200700022
FFFB0001001FFFDD
001FFFB2FFCAFFA8
000B0034FFE7FFFF
FFBBFFF1FFF7004D
FFE5FFE00010FF97
FFBDFFA900360001
FFE7003C00450072
FFC6FFB1FFD0006D
FF53FFFF004AFFD5
002B0046002E0025
006B0035001F0066
FFB40005FFFF005F
FFFEFFFFFF9FFF8B
FFCFFFAF001BFFF9
004C0080FFFCFFB6
FFF7004600140032
FFDFFFD30015000C
FFBAFFCDFFC60045
FFC8FFF5001AFFC1
FFF7FFC4FFFEFF8E
0024FFF60047003A
00260055FFEE0034
FFC4FFD90033FFA3
004100310028001F
FFFFFFB4FFC0FFDE
FFC70043005FFFB0
0069FFF20068FF9E
0028000B0052FFCF
003E0032FFD5002C
001BFFCCFFF4FF97
0035FFF000450019
001E005200650021
FFF7FFFD0015FFE1
0014FFB4FFC7FFAD
000D002CFFDDFFFE
FFC4FFF4FFF8004F
FFECFFE30008FFA2
FFBDFFA7002F0008
FFE6004300390074
FFCFFFBFFFDB0065
FF62FFFD0051FFE7
0027003B0029001E
0060003300120064
FFC2000AFFFE0050
FFFFFFE8FFA8FF9B
FFD9FFC10018FFFF
004A0069FFF2FFC7
0001003D0016002A
FFE8FFE1000F000F
FFBCFFCDFFBF0049
FFDA0001001DFFC7
FFF6FFCE0003FF8E
0027FFEE00500041
00240053FFEA0033
FFC4FFD7003EFFA9
0044003200270027
FFF3FFBCFFB9FFE8
FFBE004C0063FFB5
0060FFFE0062FF99
003300170051FFC5
00380033FFE20039
0018FFD2FFEAFF9F
0031FFEF004B001D
0028005B006D001F
FFF200070017FFE4
0022FFB1FFCDFFB2
000C0033FFF10004
FFC3FFF8FFF80044
FFE7FFE10001FFA0
FFBEFFA3002B0002
FFDA003D00360076
FFCEFFC0FFE80063
FF5CFFF90055FFE0
002E00410025001C
006E002900250066
FFBFFFF9FFFB0049
FFF4FFF3FFA2FF8B
FFD0FFBE001BFFFF
004A0073FFF2FFBF
0002004C0017003B
FFDBFFE100140011
FFB8FFD1FFCD0048
FFC6FFED0016FFCF
FFFAFFC6FFF5FF8C
002BFFF200460037
0029005AFFF5002F
FFC0FFD60036FFAB
003D00410030000F
0005FFA2FFC4FFDF
FFBF004B0065FFB1
005DFFF60075FF9B
002100090052FFCC
003A0034FFCB002A
0018FFCFFFF1FF95
0022FFE9003F0017
001F004A006A0024
0003FFFF0016FFEC
000FFFBDFFB7FFAE
00090033FFE0FFFB
FFC3FFF5FFF40040
FFEDFFD7000AFFA5
FFC2FFA800260000
FFF3003F003B006F
FFCFFFBFFFD1006F
FF5FFFFD0054FFDF
002A0048002C0021
005E002E000D0065
FFC10011FFFF0056
FFF4FFEFFFB3FF95
FFD5FFC100140006
00500075FFEDFFBD
FFF400440022002B
FFE6FFD200130006
FFBCFFD1FFCC0045
FFC8FFF00018FFCB
FFF4FFC4FFFEFF89
0028FFF200450030
0029005DFFFC0025
FFCCFFDA0033FFA9
0039003900230014
0008FFA4FFC2FFDD
FFBC00490066FFAD
005FFFEE006FFFA3
001B0007004FFFCC
003E0029FFCE0027
0021FFCCFFFBFF97
0024FFE9003B0014
001E004600650026
000A0002001BFFF1
0013FFBBFFC9FFB1
00080024FFDFFFF8
FFC3FFFCFFFC0043
FFE7FFDE000DFF99
FFBFFFA600340006
FFEE004000380070
FFD5FFBEFFD90074
FF60FFFF0054FFE7
0022004500280014
0060002700170065
FFC00016FFFF0055
FFF4FFF2FFAEFF99
FFD4FFBC00160009
004A006EFFF2FFBE
FFF7003A001C0023
FFEAFFD6000F0005
FFC1FFCFFFC80040
FFC3FFE9001BFFC7
FFFAFFC90003FF95
001FFFF700360025
002B005C00000025
FFC0FFDA0037FFAE
003E003600240010
0009FFB3FFCBFFDB
FFC60040005DFFBA
0057FFF00069FFA4
00150004004CFFD7
003B0028FFD2001D
001BFFCDFFFDFF9B
001FFFEE003E000A
0018004B005A002A
000A0003001FFFE9
0013FFBDFFCCFFBB
0004002BFFDCFFF9
FFD100000002003E
FFF1FFDE0012FFA7
FFBDFFB3002B0003
FFEF004000390068
FFD4FFC4FFDD0065
FF63000A0048FFEB
0018003E002C0015
006100230012005F
FFCD001700000053
FFF9FFF4FFB7FFA3
FFDFFFCA00130006
004A0063FFF5FFCA
FFFF003F00190021
FFECFFDB000C0004
FFCAFFCEFFC90030
FFD1FFF80026FFCC
FFF8FFCA000AFF9F
0026FFF6003E0031
00260048FFF70024
FFD6FFD90024FFAE
003100340023001A
0002FFBDFFC1FFE3
FFC6002C0058FFB3
0052FFEA005AFFA7
002200080049FFD7
0039002AFFD80020
0017FFD3FFF4FFA6
0038FFE4003E0011
0015003F005D0035
FFFAFFFD0018FFED
000DFFC4FFD5FFBC
00050025FFE10002
FFCFFFFF0002004D
FFF1FFF50013FFB4
FFC3FFB50036FFFE
FFE9003300400067
FFD7FFCCFFE70060
FF74000B004DFFF0
0014002B00340027
0059002F00180056
FFC7001000020051
0002FFF0FFB1FFAB
FFE5FFBB001FFFFD
00380056FFEFFFCF
FFEF003100150022
FFF6FFD0000A000B
FFBFFFBDFFC4004F
FFD4FFF80035FFBC
FFF9FFD60003FF86
0034FFE30054004C
002D005CFFE60044
FFC7FFD00043FFA2
0052002E00250033
FFE7FFCBFFB0FFD7
FFB5004F0068FFB8
006600040052FF88
0038001E0061FFC5
003A0040FFE30037
001EFFC4FFDCFF99
004AFFF600540025
004000600067001E
FFE2000E0021FFCE
002FFFAFFFDAFFAC
00090045FFEA000D
FFB6FFED00000055
FFE3FFE4000CFFA3
FFB7FF9B003A0005
FFCA003600400080
FFBFFFAEFFE4005A
FF5AFFFA0045FFD9
0031003A00370029
007B003C002C005F
FFB5FFF7FFF3004E
FFFCFFFCFF95FF8D
FFC9FFB70025FFEF
0045007B0001FFC2
FFFF004100000038
FFC2FFE00017001E
FFB0FFA4FFB0004C
FFDA00160045FFC4
FFF7FFD40013FF7E
003AFFE0005E005E
002F0051FFBD0060
FFBFFFBA0058FF8D
006F002B002C005E
FFDDFFEEFF98FFE4
FFA600570081FFAB
007400060040FF70
004E00300076FFBD
00380049FFF20050
0016FFBDFFBEFF98
0073FFFE005C0033
0046008A0074002B
FFCA00130020FFBB
0042FF99FFEDFF9E
00110060FFEF0030
FFB5FFD900050070
FFD3FFD9000AFFA6
FFAAFF9C002C0005
FFAA0036004C0098
FFBCFF99FFE8004E
FF4AFFF1003AFFCD
0054003B004C003B
009400430037005E
FFB7FFE1FFE60050
FFFCFFFCFF8DFF91
FFC0FFB20039FFE2
004400810014FFBA
00070049FFE7004D
FFB0FFE100190030
FFA5FFA7FFA00072
FFD200170049FFC9
FFFFFFD9000BFF67
0042FFD100640095
00410050FFB40084
FFACFFAC007DFF85
009A0027003D0085
FFD1000FFF8CFFCB
FF9B0071008AFFAB
008AFFFA0038FF5B
003C00400082FFBE
003F006AFFF20060
0026FFAAFF97FF94
008F000A00730045
006F00A20069003F
FFB6001D002BFF98
003FFF88FFF2FF92
00110085FFEA0050
FFBDFFBD00130093
FFCCFFC60013FFB4
FF9DFF8B001F000D
FF8F003C005F00A8
FFB1FF96FFDB0034
FF3BFFFA0029FFAE
007F003800710053
00B50055003C0059
FFCDFFE1FFCE0056
000EFFF7FF7EFFA5
FFA6FFB8002CFFD8
00460083002CFFD5
00160043FFCA0049
FF81FFE300390039
FF7DFFA0FF9400A5
FFC300180059FFB9
000EFFB40007FF3D
0046FFD2007100DB
004B0055FF9600BC
FF88FF9E0092FF65
00D8001E004100A8
FFBC0024FF7BFFC7
FF91007C0090FF85
00C3FFE0002BFF2F
0039004E0079FFB6
004F0087FFF80078
0036FF92FF61FF94
00CB002E008F0070
008D00D900560049
FF9600180022FF80
002AFF77FFF2FF92
000400B3FFE4007C
FFB3FFB8001600CA
FFD8FFBC001BFFC5
FF93FF6B00190010
FF5D004A006D00D6
FF8CFF82FFD20015
FF2200140021FF92
00B90040009F0071
00C5007C00590049
FFE0FFEBFFAA0058
0037FFEBFF69FFC5
FF92FFB9001AFFDB
0052007B0038FFDB
0025003FFF980055
FF55FFDD006E004D
FF59FFA0FF8C00CC
FFB600160062FFAA
0025FF97FFFAFF24
004FFFD2006B0116
0055005DFF7600ED
FF74FF880094FF48
0116001D004900D5
FFBC0033FF73FFC2
FF79006C009BFF68
00EBFFD40017FF04
002200490077FFBD
0062008DFFFA0081
0042FF73FF2CFF93
010100510093008A
00A600F30047005B
FF800013001EFF6D
FFFAFF6DFFEEFF98
000300EAFFCA00AE
FFBBFFB4002900FB
FFDEFFB70029FFEA
FF76FF4F000C001C
FF390068007700F4
FF76FF76FFCFFFF7
FF1000290010FF87
00E3004800D1008A
00DA00A80056002C
00000000FF800062
005BFFDBFF5EFFF1
FF79FFC4FFFFFFDE
005500650043FFF6
002C0039FF690052
FF40FFD700900065
FF4FFFAFFF8000D7
FFA700110064FFB2
0030FF84FFFDFF07
0064FFE8006D012D
005E005BFF7200FC
FF6BFF7A008CFF3A
01200032005D00D7
FFD60030FF6CFFAA
FF77006D00ADFF53
00F1FFB40021FEF4
FFFC002C006FFFC9
006C0092FFD9007D
0051FF6FFF15FF81
011A0061008B0080
00A300FC00520083
FF92FFF60012FF6C
FFE8FF5CFFE0FF93
00110102FFB900C2
FFCFFFB000340110
FFE8FFB9003F000A
FF73FF4D000A001F
FF4E007B008900F8
FF80FF80FFCB0000
FF0800400016FF8F
00F3005200F100A1
00DF00BB003C001C
00080013FF7A0071
0068FFC7FF520010
FF77FFC8FFF1FFE5
005C0057003D000F
002E0038FF6C0049
FF49FFCF008A0050
FF52FFBEFF8D00C6
FF9B00120052FFB9
001CFF76FFE4FF15
0068000600670120
00660048FF6D00E1
FF5FFF810053FF3F
00EE003C007700B9
FFEC000CFF6FFFAA
FF93005500A2FF5B
00DBFFBE0049FEFE
FFF700000051FFCB
006F0089FFAF0068
0062FF83FF2BFF74
010F007B006B0059
008E00DF006F0085
FF9CFFD3FFE7FF6E
FFCBFF5AFFBFFFA3
002600F5FFA800B1
FFF0FFB700190106
FFEDFFD400340003
FF8FFF510018000D
FF860082007600E4
FF81FF9DFFCB0018
FF140048002FFFB4
00D0004C00D4009E
00C000BD00260007
00060019FF890068
0063FFB3FF5C0008
FF8BFFDAFFECFFF5
0060005500160022
00380049FF8E0039
FF6CFFC300580035
FF73FFCCFF9F0096
FFA800160040FFC8
0005FF9EFFE1FF50
0072000A005300EA
00630035FF8500A1
FF74FF96002BFF60
00B200350056008B
FFECFFFEFF82FFB2
FFA3003C008AFF7C
009AFFDC004FFF38
FFFEFFE40037FFDC
00490065FFA30050
004CFF9AFF66FF8D
00DA006E003F0050
0070009600770068
FFC8FFD1FFEBFF97
FFCBFF7EFFBBFFB9
002500D0FFAC0091
FFF2FFD6000A00D6
FFDDFFE80023FFF9
FFB5FF71001B0008
FFC60063004400B2
FF8DFFA9FFE70021
FF47002B002AFFC4
009F004900A70070
008F00A4001AFFFB
FFFC0012FF980044
003EFFCEFF770009
FF9AFFEDFFF4FFFC
005E00370009001D
002D0034FFB3002A
FF8AFFC600350026
FF89FFDDFF9F006D
FFC2000E0025FFCF
FFEAFFB6FFD9FF7B
0063000D004900AF
004D0024FFAD0068
FF86FFAE0015FF7C
0074002400390067
FFE7FFF7FF99FFBC
FFD0003A005FFF9E
0067FFFA0054FF6B
0006FFD3000EFFE3
00340053FFAA0047
0035FFB6FF9CFFAC
009C006200310040
0053007A0071003D
FFDDFFCDFFD8FFAE
FFD7FF96FFBBFFCA
001D00A5FFC10074
FFFCFFED000300A0
FFDFFFFB000FFFE1
FFD8FF8C00200008
FFE8004700170080
FFA3FFC3FFF9001F
FF720017002BFFE0
0077003900700054
0071007C0019FFF4
FFECFFFDFFB70015
0026FFDFFF8DFFF1
FFB000050005FFF3
005A0025FFF3001B
00330036FFD5001F
FFA6FFDA00220021
FFABFFE5FFA9003F
FFD4000B000EFFD9
FFCDFFC3FFD0FFB5
004E001700360071
00460019FFB7003C
FF9BFFC5FFFDFF92
003D001900210050
FFFFFFF3FFA7FFC6
FFEC00290050FFB1
004C00070067FF9C
0006FFCE0004FFE6
001F0031FFA4002F
0023FFC0FFD2FFBC
0076005A00120022
0037004B007E002E
FFE8FFCBFFDDFFB4
FFE8FFB2FFB7FFE3
0019007EFFCE0048
FFF9FFE900080077
FFE40005FFF1FFCC
FFDEFFA90028000A
0003002EFFFE0053
FFBDFFD5FFFE0028
FF8E000B0028FFEB
00540029003F003F
004600630010FFF8
FFF1FFEDFFD3FFFD
001DFFE8FF98FFE0
FFD400140009FFF2
0054001DFFF1001D
00290029FFF0000E
FFCDFFE0000B001F
FFAFFFE3FFBD002C
FFDCFFFCFFF8FFD4
FFB8FFC4FFC0FFCA
0039001900260070
00270016FFC20021
FFACFFC8FFEBFF95
0026001800220041
0009FFE4FFB5FFDD
FFF20022003BFFB4
0039000A0064FFB1
0004FFCBFFF7FFF0
001D0030FFA80026
001FFFC6FFEFFFC3
0064004500090010
00270045006C001C
FFDCFFD2FFDAFFBE
FFE0FFC8FFB3FFE5
00080064FFD2003F
FFFAFFEF0009006B
FFE80009FFE7FFC3
FFF2FFB000200009
0001002AFFF50037
FFC8FFD9FFF5002D
FF9900100021FFF8
003D002100290047
003F0046000BFFF9
FFECFFFAFFDCFFFC
001EFFE7FFA3FFE0
FFE700120011FFED
0043000DFFDD0025
001900240004FFF7
FFDEFFDF00040021
FFA9FFD9FFCA0036
FFD7FFEAFFF3FFCF
FFBCFFC7FFB0FFC6
003C000E002A006F
0021001AFFC6001E
FFA6FFCBFFE9FFA3
00230013002B0038
FFF6FFE0FFBBFFE8
FFF300260036FFBF
003800200061FFB5
0006FFCFFFFFFFF0
001A0034FFB00032
0025FFCDFFE8FFC7
005C0045FFFD001A
0026004900590009
FFDCFFCDFFDEFFC0
FFE7FFC8FFB1FFE7
FFFB0067FFD30045
FFF1FFF200030064
FFDD0008FFD8FFB2
FFF0FFB40023000D
0003002EFFF30044
FFBDFFD0FFFA0036
FF9A0009002AFFF8
0034002C001E0040
003800460003FFEE
FFE5FFF5FFD1FFE9
002AFFECFFACFFD8
FFDE00280019FFE4
0047001EFFDE0020
001D002E000AFFFB
FFD8FFEC000B0029
FFB6FFDAFFC6002E
FFE9FFDDFFF3FFD6
FFBEFFBDFFC1FFC7
00320009001F0064
000C001EFFC40011
FFC1FFD7FFE3FFB4
001D001B00200032
FFFBFFCEFFC5FFF8
FFF6001C0030FFC2
0030001C0050FFC3
FFFEFFC7FFFCFFF1
00260020FFBC0027
0027FFD6FFF2FFD0
0047003B00060012
0019003F0042000C
FFE9FFCBFFE1FFD4
FFE6FFCFFFBCFFE3
FFEF0059FFDE0042
FFE9FFF9000E004F
FFE1FFFBFFDFFFB8
FFEFFFC500200007
FFFE001FFFFB0038
FFC9FFC5FFED002E
FF9D000800210007
0030003000160036
002F0038FFFFFFF8
FFE5FFFBFFCDFFE6
0030FFF0FFBBFFD8
FFDF001C0017FFF4
003D0021FFDD0018
0015002B0009FFFF
FFE5FFEF000C0022
FFBEFFDAFFCA002A
FFF4FFD2FFF9FFD6
FFC4FFC4FFBDFFC3
0037000300170058
000F0015FFD00017
FFD0FFDFFFE9FFBE
001E001900180031
FFFDFFCDFFCCFFFF
FFEC0012002AFFC9
002A00170041FFCE
FFF8FFCBFFFCFFED
001A001BFFBC002A
0028FFDFFFF3FFE1
0039002F00050012
0017003D00350007
FFEBFFCFFFE4FFE2
FFF1FFCDFFCCFFE7
FFEB0059FFF40043
FFDEFFFC00130045
FFD9FFF5FFE2FFB4
FFF5FFD1001C0001
FFFB001D00010035
FFCDFFCDFFF10029
FFA80006001B000A
002C00370011002E
002B002B0003FFF4
FFE2FFFBFFCCFFEE
002BFFFCFFC4FFD8
FFE1001A0015FFFC
003D0024FFE60007
0012002A00090008
FFE9FFF9000F001F
FFB8FFD8FFCD0036
FFF0FFC9FFF1FFD6
FFC9FFBDFFB0FFC1
003E00060027005D
00160027FFCB0020
FFC3FFCFFFE4FFC1
00270017001E0026
FFF8FFC7FFC9FFF9
FFF4000C002DFFCB
003B001B0051FFC9
0007FFC7FFF5FFE8
00280020FFC10033
002AFFDCFFF0FFDD
003D003A000C000C
0010004600310004
FFE8FFC8FFE5FFD9
FFEEFFCBFFBDFFDD
FFF8005BFFE50045
FFD5FFF300040044
FFE0FFF9FFDFFFBA
FFF1FFBE001DFFFC
0009002C00000039
FFC2FFCCFFF10028
FF9E000300240008
002C003F00140032
00330039FFF4FFF6
FFDB0003FFCAFFEA
0035FFF0FFC5FFCE
FFDE00150010FFFB
0043002EFFDA0013
00150032000A000D
FFECFFF50015001A
FFBEFFDBFFCD003A
FFE7FFC5FFF9FFD2
FFD5FFB7FFBCFFBC
0043000900230053
00160028FFD70018
FFC4FFDCFFE7FFBD
0024001B00160022
0001FFBDFFCEFFED
FFF5000D0039FFC9
004600030051FFD2
0011FFC2FFFCFFE1
00350016FFC40025
0033FFD5FFFAFFD6
003300300011000E
000500370031000C
FFF5FFC1FFECFFDE
FFEBFFC6FFC2FFD1
FFFE0050FFE5002D
FFD8FFF000060040
FFE3FFEFFFE9FFBB
FFE4FFC8001BFFFC
000F0030000F003B
FFC7FFC9FFEE0032
FF930004002E0008
0023004600120023
002D003AFFEC0011
FFD7000FFFCA0001
002EFFEBFFBEFFCD
FFE0000E00080004
00460031FFE00008
001500310011000D
0000FFF2000C000D
FFC5FFDCFFD70036
FFD8FFBEFFF5FFCD
FFE2FFBFFFC2FFAF
0042000800270047
001C002DFFE90022
FFBBFFDAFFF1FFC4
0029002A00230007
0008FFA2FFDDFFDF
FFED00170045FFB4
0057FFF70065FFD1
001EFFCD000FFFDD
00320022FFB0001D
0036FFC6000CFFB7
002B002400140012
FFF9003100390005
0004FFC9FFF6FFE3
FFE7FFBFFFB6FFCD
00110042FFDF0009
FFD1FFE8FFFE003A
FFF5FFDFFFF7FFB6
FFD7FFC50010FFFD
002A00480028003D
FFC8FFD1FFDA004E
FF7A000E0040FFF1
001D004C0013001E
0020003BFFDA002A
FFCF0024FFCC0023
0020FFF1FFAFFFC7
FFE6FFFAFFF8001D
00590042FFE5FFF3
001B003C00290012
0010FFE1FFFDFFFA
FFC1FFDFFFDE003F
FFC7FFC7FFEEFFCA
FFF1FFBBFFBDFFA1
003E000E002B0047
001E003AFFEB001E
FFABFFD6FFF4FFBB
002D003D00330000
0016FF8FFFDDFFD9
FFDE0027005CFFA1
0061FFEE0080FFC9
0033FFCF0021FFD3
002E0022FFA9001D
003DFFB70011FF9E
0025001F000F001C
FFEE003300500007
000CFFC5FFFDFFE5
FFE3FFB3FFA8FFC5
001B003CFFCFFFF1
FFD3FFDFFFF4003B
0001FFD7FFFCFFAE
FFD0FFB60008FFFE
0035005A0034004F
FFC3FFD4FFD1006E
FF6500130057FFE2
001A005900160019
00190041FFD80043
FFC70030FFD6003D
001BFFE6FFABFFBD
FFE8FFEBFFE60031
00620054FFE3FFE0
001900490047001B
001CFFD3FFF4FFF3
FFB4FFCCFFD90044
FFC4FFC8FFFFFFBE
FFF4FFB9FFC2FF93
0031000100410046
001B0050FFE70037
FFA1FFC70010FFAC
0048004200310006
0008FF8CFFD5FFDE
FFC80040006AFF9C
0077FFF50089FFB6
004EFFE00043FFBE
002D002AFFB50027
003AFFAC0003FF89
002A001C00290025
FFFE004F005EFFF7
0004FFDA000AFFDD
FFFBFFA9FFA9FFBC
00260041FFDAFFE1
FFBCFFDDFFED003D
FFFAFFC7FFFAFF92
FFC0FFA90009000C
001F0068003C006B
FFC3FFBDFFC80080
FF4B00120060FFCF
00250063001B001C
00340045FFE50058
FFBA002DFFDC004C
0010FFE9FF9DFF9B
FFDBFFE4FFEC0026
006B0072FFF0FFCB
0020005700460033
0009FFD9FFF90002
FFADFFB7FFCA0060
FFBFFFD30016FFB8
FFF7FFBFFFB8FF81
002EFFE2005C0056
00200072FFE20050
FF8CFFB6003AFFA1
0068004500340015
FFECFF98FFB7FFE3
FFA700630082FFA5
007E000B0091FF91
0070FFFF0075FFA3
002A003BFFCC0045
003BFF99FFE1FF7E
00290018004C0042
0021006F007AFFEB
FFEFFFF90024FFD1
0026FF99FFA8FFAC
0026004FFFE9FFEA
FFA4FFD6FFE6003F
FFDDFFB3FFEFFF66
FFB2FF8F000D000A
FFFB006E00460099
FFBAFF9BFFC70099
FF2EFFFD005FFFAE
0037007600250025
005E004600110069
FFAE0018FFDD004F
0002FFFFFF83FF6B
FFB9FFD6FFF0000C
006E00A6000DFFB4
0029006C00370064
FFCDFFE30012001C
FFA9FFA5FFBE007D
FFB3FFE10029FFC1
FFF5FFCFFFBBFF81
0034FFC70068006F
002E0076FFD30060
FF7EFFB3005CFF98
0078004C003B0039
FFDCFFB4FFA4FFDE
FFA000810087FFAE
008800110091FF78
008B001C008FFF96
001D0050FFD8005A
0034FF9EFFC0FF82
00380014006B0052
0043008A0087FFEF
FFD900170031FFB6
003FFF91FFB2FFA0
0025005BFFF9FFF9
FF9DFFCFFFD60053
FFD4FFA9FFEFFF4F
FFADFF8A0012000D
FFD8005F005200B1
FFA6FF98FFBF0089
FF1EFFEA0053FF92
005B006D002E002A
0084004100360080
FFA4FFF7FFD90054
FFF70004FF76FF51
FF9BFFCEFFED0001
006900C50027FFA0
002C007000280072
FFA5FFE20029002F
FF8FFF8EFF9C0095
FFBFFFFA003CFFBA
FFEEFFC8FFD2FF5F
002EFFB6009000A3
0037007AFFB000A3
FF72FFA20082FF7F
00A4003800380071
FFBBFFDCFF82FFE3
FF9400A10084FFA9
00B6002A007FFF44
00A300460094FF83
00310081FFF9008C
0040FF8DFF88FF7F
0064001F009A0068
008800C70085FFEB
FFA300270032FF8B
0053FF7DFFC8FF8D
002A0074FFFD0026
FF95FFC2FFD9007B
FFCBFFA4FFF7FF43
FF9DFF66002B0007
FF8E005D006300E7
FF8EFF72FFC00074
FEFBFFE20052FF82
0091005C00440049
00B7004A00690078
FF93FFDCFFC60047
0001000DFF48FF33
FF89FFB30005FFE2
006400D5002BFF90
00320071FFE4008A
FF6EFFF10055004D
FF84FF80FF9600AE
FFB900050053FFC1
FFF5FFD8FFCCFF54
0034FFA4008200C4
0055007EFFA800AD
FF6BFFA700A0FF7F
00C8002E002C0087
FFA9FFF4FF6FFFE1
FF8600AF008DFFA6
00B8001B0071FF31
009A00590095FF7C
002B008C00050094
0031FF90FF71FF94
0082002E00A5008A
00A900CB007CFFEE
FF9800500048FF80
004AFF86FFCCFF90
0011009100030043
FF89FFBBFFDA0095
FFC7FF92FFF6FF4F
FFA1FF5D0026FFF5
FF640041006200F9
FF70FF6AFFB7004B
FEFFFFDE0040FF62
00B8005600660056
00CB0050008E0071
FFA4FFD6FFAE003D
FFFF001EFF51FF4A
FF70FFAF0003FFE2
006A00D00047FF8C
00280057FFC50082
FF41FFDE007B0056
FF79FF89FF9400CF
FFB300100050FFBA
FFFEFFCAFFCEFF4B
0033FF9C007800E9
00500081FF8F00BB
FF6DFFA200A6FF6C
00E5001F002500A2
FFA5000BFF69FFE1
FF7800AE008DFF8D
00CA000A005EFF2E
0090005D0088FF80
002D009000160093
0043FF83FF60FFA5
00A4003600A4009D
00B900DC0065FFF0
FF8F00540043FF84
0032FF8CFFDDFF9D
000100A6FFFB0061
FF88FFC5FFE600AC
FFCAFF90FFF9FF56
FF9AFF4B001F0001
FF4800470061010C
FF6CFF66FFBE0039
FEF9FFEC0035FF59
00CA004D00820057
00D0005E009B0061
FFB5FFEEFF950039
000D0012FF4BFF71
FF60FFBBFFECFFEB
006000BA0050FF9A
00290042FFA60079
FF2DFFE300960065
FF70FF97FF9100EB
FFA9000E005DFFBA
000AFFB6FFCFFF36
0036FF9D00700110
00610081FF9200D1
FF59FF9D00B1FF68
01050018002F00BC
FF9F0021FF63FFCC
FF7200A60086FF7A
00D9FFEE004AFF17
0060005E007FFF8C
0038009E0010009E
0051FF71FF41FFB0
00C1004B00A500A9
00D200E4004B000E
FF8800520044FF79
0019FF8CFFDFFFA7
FFF800C4FFED008D
FF95FFBBFFFE00C2
FFD7FF940009FF80
FF93FF35001B0005
FF39005200730114
FF57FF6DFFB50016
FEFF00070029FF54
00DF005100AB0067
00D5007400A20045
FFDD0008FF7E003C
00340011FF4DFFA0
FF50FFC1FFDDFFF0
005500A1005EFFB8
00290034FF81006A
FF14FFD900BA006A
FF42FF9CFF8C011E
FF920017007AFFAD
002EFF88FFD8FEF0
0044FFA20075015B
00720086FF76010C
FF41FF7900C4FF3F
01510015004C00EB
FF9F002FFF50FFBC
FF5400980099FF47
010BFFC70033FED4
002A0065007FFF9C
005D00BA001100A8
005FFF55FEFEFF9B
0110006700B000BB
00F9010F003A0047
FF6900480038FF69
FFEDFF79FFE8FFA7
FFF30103FFD200C8
FF9EFFAA00160105
FFE4FF8F0028FFB3
FF78FF0F001B0005
FF1000710096013A
FF46FF5EFFAAFFFD
FEE3002E0020FF51
0118005600FB008D
00FD00A700AE002B
FFFB002AFF630060
00600000FF3CFFD4
FF42FFB6FFD0FFF4
004E008C0061FFD1
001D0030FF420060
FEF4FFC800E30073
FF3DFFABFF990118
FF9200170085FFB6
0042FF81FFE1FEEA
0052FFB600700161
006D0077FF81010E
FF51FF7200B0FF3C
01570018004800D8
FFAD0025FF56FFB4
FF520082009DFF3D
00F8FFB2001AFECE
00080049006BFFAF
006400AE00040091
005CFF5FFEF3FF9A
011C006E009500BD
00EC0101002F005C
FF7D003E002BFF84
FFD9FF84FFEBFFB8
FFEB010FFFCA00D6
FF9FFFBB001D010C
FFEBFF940035FFDE
FF84FF1B0015FFFF
FF170074008E0133
FF49FF5DFFB4FFF4
FEF6004A0014FF64
0113005B0113008F
00F200B300A6000B
000D0043FF5E006B
0063FFFEFF3D000A
FF47FFC0FFCEFFFB
004C006B0061FFE5
00190024FF3B0050
FF00FFC100D40058
FF2EFFAEFF9A010E
FF85000D0086FFA7
004DFF76FFE3FEDA
0063FFCF00630168
006D006AFF7A0114
FF48FF670091FF28
01550028006D00D9
FFBA0021FF5AFFB1
FF62007600A2FF48
00F6FFA8001CFEC2
FFF8002B006EFFC6
007100AAFFE60083
005FFF61FEE3FF81
01340080008D0099
00D5010D003B0074
FF7500140011FF7A
FFC7FF66FFDDFFA6
FFFD0120FFB700D9
FFC7FFBA001F011C
FFF1FFA400490002
FF85FF290010000F
FF2E00850083011F
FF5BFF6FFFC0FFF9
FF000052000DFF82
010D0055011F00A2
00F800C30076FFF9
00060035FF630079
0064FFD9FF4A0013
FF4FFFCDFFD4FFE8
0049005E0048000D
00280034FF4B004E
FF19FFC600AB0055
FF3EFFC3FFAD00E4
FF8A00050074FFA9
0042FF82FFE8FEFA
0066FFDD0051012E
005B0052FF9D00E1
FF65FF810067FF3E
011A0027005F00AD
FFC80008FF6AFFB5
FF8800550089FF60
00C7FFB60021FEEB
FFF4000A004DFFDD
00690092FFCF006B
004FFF89FF1AFF87
0111007C006B0089
00AF00E6003A005C
FF940000FFFDFF99
FFC5FF77FFD9FFB3
FFFD00FFFFB800BE
FFD3FFD4001300F7
FFFBFFCA003E0007
FFA4FF47001A000B
FF5A0077005D00F0
FF72FF8CFFD50008
FF29004F001BFFA4
00DE004600FE008E
00CE00AA005EFFEF
FFF60034FF850061
0052FFE0FF640012
FF6CFFDFFFE7FFEB
00480046002D000C
001F0032FF760034
FF43FFCC007D003A
FF63FFD1FFB200AB
FF99FFF40054FFB7
001DFFA1FFE2FF38
0068FFEE004000F4
0057003EFF9E009E
FF80FF910040FF5E
00D20022004A0084
FFDCFFF5FF78FFBD
FFAB004E007FFF80
0092FFCA0038FF33
0000FFE0003EFFE3
004C0065FFC50048
0048FF9DFF5BFFA3
00E0006700380066
007200B8004C004E
FFBBFFECFFFDFFAE
FFC8FF85FFC9FFC1
000700C7FFBA0096
FFEAFFEDFFFF00CC
FFF0FFDF0020FFF7
FFC7FF6F0012000A
FF9F0067003B00BC
FF8AFFA7FFEE0019
FF5B00300020FFC3
009F003B00BC006F
00A00083003CFFF0
FFEB002BFF970037
002DFFD9FF830017
FF880000FFF8FFF1
004C002F0019001A
00250029FFB6001D
FF80FFD80046002B
FF6CFFD3FFBB0089
FFA3FFE30039FFBE
0000FF9BFFC6FF5C
00620006004000D1
0055003EFF9D0067
FF77FFA2001DFF72
009E003200500064
FFF0FFDEFF85FFC0
FFBC0046007BFF7F
007FFFE90060FF49
FFFEFFC80032FFE2
003D0055FFAC003C
0041FFB9FF81FF9F
00CA0072001D0051
005900A4005E0040
FFCFFFCAFFE8FFAD
FFC2FF93FFA9FFD4
001500C3FFA60078
FFFAFFF3FFF000BC
FFFAFFF80002FFE0
FFDEFF75001C0006
FFCF006F002900AD
FF81FFC5FFF3002A
FF5F002B0029FFDC
0082004100890069
0089007C0020FFF4
FFD90020FFA7002B
002FFFCCFF8C0006
FF9E0014FFF7FFFD
005B002EFFF40015
001F0039FFE30004
FF9AFFD100340018
FF8AFFDCFFC2005A
FFB4FFC40003FFBE
FFE1FFB2FFB5FFA5
0044000B0023007D
003C0043FFAB003A
FF98FFC8FFFBFF9B
004E003800450042
0015FFDAFFA1FFC3
FFF60033005CFF98
006C0010006FFF8D
0001FFD90010FFF2
002A0048FF970027
002BFFC8FFC9FFB3
00940059001B002A
002700830057002E
FFD5FFAAFFDBFFB4
FFCBFFAEFFA2FFD1
00170097FF9D0047
000AFFF3FFE90090
000E000EFFF2FFD2
FFE0FFA500250009
FFF3005600160071
FF9FFFE3FFEB0042
FF750028002AFFE8
0057002D00500061
00550060FFEEFFF3
FFD90013FFCD0018
003FFFC8FFABFFF0
FFD60010FFFA0002
0053001BFFD90012
0015002D0008FFFB
FFC0FFCD001E001C
FFA3FFD2FFC6003E
FFD1FFC5FFFAFFB5
FFC3FFBEFFB0FFB1
003E000B001E0061
0027003BFFC90029
FF9EFFCBFFE8FFB3
002900230037002A
0002FFCAFFB4FFD3
FFFC00220037FFB1
004900200063FFAE
0010FFCDFFFBFFED
001D0040FFA5002D
0031FFD2FFE8FFC4
0064004A001E0012
001E006A00450011
FFDDFFB8FFD7FFBA
FFE5FFBDFFAFFFDD
000D006EFFBE0039
0000FFF6FFF0007A
FFF7000EFFEBFFB9
FFFBFFB2001E0003
000700480001005C
FFA5FFDFFFF50038
FF89001B00260002
0040003500230049
003E003EFFF0FFED
FFE20007FFD3FFFD
0034FFDDFFBBFFD6
FFDA001C0008FFFC
004C0020FFCB0015
00270044000E0008
FFC9FFDE00140023
FFAFFFD0FFCB0035
FFE7FFC6FFF3FFC7
FFBDFFB5FFA9FFBE
003A0005001D0052
0018003DFFD2001E
FFB3FFC9FFE7FFBC
001C001F00270027
0005FFC4FFC3FFE9
FFFC0019002EFFBD
00430023005DFFC3
0001FFC90000FFEB
001E002CFFB6002E
0029FFD2FFEEFFD4
004E0039001A0007
000D005E00360008
FFE4FFBFFFD8FFCF
FFF1FFC5FFBEFFE4
FFFF0067FFD70045
FFEAFFFFFFFA005A
FFEEFFFBFFDFFFAD
FFF9FFC1001B000F
0007003900000046
FFB6FFCFFFEF0037
FF950013001B000D
003A0039000A0036
002E0031FFF1FFEE
FFEB0001FFD6FFEF
0032FFEAFFCAFFDB
FFE20018000CFFF7
003D002EFFD4000E
0015003800130010
FFDAFFEF00150027
FFAEFFD2FFD0002D
FFEEFFBDFFF2FFC7
FFBAFFB2FFACFFBA
003E000800200059
00170035FFDA0027
FFBFFFCCFFE4FFBE
001D002200250020
0007FFBBFFC5FFEB
FFF600150028FFBB
0047001F0053FFC2
FFFCFFC5FFFDFFEF
00240025FFB50032
0033FFD4FFEAFFD5
004400390013000D
0013005800320000
FFE7FFBFFFE0FFD1
FFF3FFC7FFC0FFE1
FFFF005FFFE10043
FFE5FFF900020053
FFE9FFF6FFDFFFAB
FFFAFFBF0023000C
000400360007004B
FFB3FFC7FFF00032
FF9E000E00230013
0038003E00070038
00260029FFF6FFF5
FFE10000FFD2FFEF
0037FFF7FFC1FFD3
FFE10012000EFFF4
003E0033FFDB0007
0012003400120012
FFE0FFF3001A001F
FFB0FFD3FFCC0025
FFF8FFC4FFFCFFCB
FFBEFFB9FFB3FFB5
003F000000210053
00120030FFDF0029
FFCBFFCAFFEAFFBF
002200170013001E
FFF7FFC0FFCBFFF7
FFF100120026FFBE
0042001E0048FFC6
FFFEFFC7FFF5FFE7
00260020FFC60035
0036FFD7FFE8FFD9
003E003D00150014
00150053002EFFF8
FFF2FFC8FFEAFFD4
FFF5FFC2FFC6FFE1
FFFA005CFFEC0044
FFDCFFF8000D0044
FFDBFFF4FFE6FFAA
FFF7FFC500220003
FFFD002A00040046
FFBCFFBFFFF5002B
FFA0000500230013
0031004300130032
002E0023FFFEFFF4
FFD7FFFCFFCDFFE8
0033FFFDFFC6FFCE
FFDE00120018FFF0
00400032FFE40006
0017002C000B0014
FFDEFFF9001A0022
FFBAFFD2FFC30026
FFFDFFC00007FFD0
FFCDFFBBFFBDFFB7
0049FFFF001F0054
00140024FFD40032
FFD5FFCFFFF1FFC3
0028001400100025
FFFBFFBBFFC8FFF4
FFEF00110024FFBF
00400015003EFFBC
0002FFCBFFF8FFE4
00280020FFC2002E
0036FFD7FFE0FFDD
003800380016000D
0017004E002AFFFB
FFF0FFC3FFE6FFD8
FFFBFFC3FFC1FFD9
00030056FFF7003E
FFD5FFF5000E0041
FFDFFFEFFFE8FFAE
FFF6FFCE0024FFFB
0004002700080047
FFBAFFBDFFEF0028
FFA5FFFC00240010
0035004300110032
002A00240001FFF1
FFCFFFFCFFC5FFF2
002EFFFCFFBCFFC5
FFDC000A0018FFF2
003C0038FFE8FFFC
00160028000A001F
FFEDFFF700120016
FFC2FFDFFFC5002B
FFEBFFCB0001FFCF
FFD2FFB2FFC7FFB4
0044000C00250054
001B0024FFDA002D
FFD0FFD6FFEFFFBD
0022001C00140020
0009FFABFFC8FFE6
FFF5001A0036FFB1
004900050053FFBB
0009FFC6FFFAFFE3
00340022FFB40025
003AFFCCFFF1FFCE
00390030000F0004
000F004300370003
FFFCFFBFFFE8FFD8
FFF6FFBEFFB6FFD4
0009004AFFE60029
FFD6FFEB00100046
FFECFFF5FFF5FFAC
FFF2FFC80023FFF9
0012003400120042
FFB7FFC5FFE70031
FF96000900360012
002B004000120030
0022002AFFF60002
FFCD0009FFCDFFFF
0028FFEDFFB4FFC6
FFE3FFFF0011FFFF
00490037FFE0FFFB
0013002200100018
0000FFF000000008
FFBCFFD5FFC50030
FFE3FFCB0002FFC6
FFE3FFB8FFC0FFAD
0045000B002C004C
00140033FFDF0031
FFC1FFD4FFF5FFB3
002B002700180012
000BFFA0FFD2FFE6
FFEA00230042FFA7
005CFFFB0063FFB8
001FFFCC000AFFD1
002E0025FFB10023
003CFFC3FFF6FFBB
0031003100120011
000100450047FFFA
0007FFC3FFF3FFDA
FFF3FFB2FFB0FFCA
0016004BFFE30008
FFCAFFE9000B003E
FFF2FFE4FFF8FFAC
FFE6FFC3001CFFFE
0018003A001D0048
FFB8FFC3FFE3004D
FF81000A0046FFFB
00240050001B002B
00210036FFEE001E
FFC0000FFFCF001F
0025FFE9FFA7FFB8
FFE7FFFB0009000A
00570048FFE6FFE9
001F003200200020
0009FFE0FFFD0005
FFC5FFCFFFCD0034
FFD7FFCE0003FFC0
FFEDFFB3FFC1FFA9
003F001100340047
0017003BFFE4003C
FFB4FFCFFFFBFFAF
003500340020000C
000FFF92FFD8FFE1
FFE100300050FFA0
0068FFF30078FFB2
0032FFD30024FFCB
002E002BFFA70023
003BFFB3FFFAFFA1
0035002A00180011
FFF900430055FFFE
0005FFC3FFFBFFD6
FFFAFFAAFFABFFC4
00210048FFDEFFEF
FFBCFFE200060037
FFFFFFE3FFFEFFA5
FFD7FFB7001C0005
002000490034004F
FFB8FFBBFFCE0061
FF6D0016004DFFE8
00240055001D002D
00180043FFE50031
FFBD001CFFD40038
001EFFEBFF98FFAA
FFEAFFE8FFFD0010
0065005BFFE9FFDF
0022003B002D002B
0015FFD6FFF30004
FFC1FFC5FFCC0040
FFD1FFD40014FFC1
FFF7FFB8FFCAFF9C
003A000600490045
0014004AFFE90047
FFAEFFC2000CFFA3
0045003E001A0011
0005FF90FFD3FFE1
FFCF00400059FFA4
0068FFEF007CFFA9
004DFFDB0043FFBE
0029002BFFB60026
0035FFADFFEBFF93
0035001B0028001D
FFF9004E0061FFF9
FFFEFFD50003FFDF
000AFFA0FFB9FFBA
00280046FFE8FFE3
FFB1FFE5FFFD0031
FFF8FFD80002FF92
FFCCFFAE00200008
0010004F00350063
FFBEFFB4FFD60072
FF5C00130056FFDE
002D005700210029
00280040FFFB004A
FFAE0017FFE10045
000EFFEFFF8EFF8E
FFDEFFDFFFFD000D
00640074FFF3FFCE
0026004C00330044
000BFFD6FFF40008
FFA8FFBAFFC40052
FFC2FFDA0014FFB0
FFF6FFA8FFCAFF86
003A00070068004B
00160062FFD1006A
FF9CFFB7001DFF8B
00620039001E0020
FFF1FF8DFFC6FFE8
FFC800570066FF99
007EFFFD008DFF8E
006DFFF50059FFBB
002B003AFFBB0036
0029FFACFFD7FF80
004200230043002F
000100700075FFE6
FFEBFFE20007FFD2
001DFF8FFFAAFFA2
00240056FFE8FFE1
FFA5FFD2FFE70040
FFEFFFD0FFF7FF82
FFC3FFA00022000B
FFFB005B00290081
FFB2FF9FFFD50082
FF480005005DFFD3
003D005F001F0032
003B004EFFFD0054
FFA50009FFE70048
0005FFE8FF8BFF75
FFD3FFE1000CFFFB
00770089FFE7FFC4
0028005B0030005E
FFF0FFDCFFF3001C
FFA9FFA6FFBE0065
FFB5FFD30025FFB1
FFFEFFB2FFCEFF74
0039FFFA007C005B
0024006BFFDC007D
FF85FFB1003FFF8D
007B004B00310024
FFDEFF8AFFB6FFDE
FFBC00790078FFA8
008700080099FF72
008500090089FFAC
002D0057FFC60048
0027FFA2FFC2FF68
00430019006C0036
001C00870085FFE5
FFD0FFFF0013FFBC
003EFF82FFAEFF91
0025005AFFF4FFDE
FF99FFC9FFCE0046
FFF0FFBF0000FF63
FFB8FF9600250008
FFE30061004300A3
FFA5FF87FFC30088
FF2100000056FFB4
0058005D001B003D
0055004900160072
FF94FFF3FFE9005A
FFECFFFAFF70FF4C
FFBCFFCA0003FFED
008600BEFFFAFFB2
00270079002E0081
FFD0FFDC00040020
FF9FFFA1FFC0005F
FFCAFFF20028FFAF
FFFFFFBDFFEDFF73
0031FFF30082005A
00190067FFBE0083
FF99FFB2004FFF85
008500380030004A
FFCDFFBEFFAFFFF3
FFB10073006FFFB2
008C00250072FF6C
008C00280088FFB4
0034004FFFE90056
0016FFB5FFB9FF7F
00550010007B003E
002F009D0077FFE7
FFB80007000DFFB0
0046FF86FFC5FF8C
00200064FFEFFFFB
FFA2FFCAFFDB0054
FFDDFFCDFFFAFF78
FFA9FF9400280016
FFBE005A003400A8
FFAEFF89FFDE0070
FF28FFEE0042FFBB
005F004F001E0035
006F005000260070
FF95FFD8FFE8004F
FFF6FFFCFF7DFF52
FFB6FFC10017FFE3
006C00ABFFFBFFB8
0025007900150082
FFB7FFF700110037
FF92FFA1FFA2006A
FFCFFFFB002EFFB2
FFFFFFB7FFE5FF6C
0033FFE0007D0070
00270067FFB1009A
FF79FFB0006CFF87
009C002D003E0064
FFC5FFDEFFA8FFEC
FFB7007F0070FFB7
00A4001A0065FF54
007C0038007EFFAC
00390065FFEA0071
0011FFA7FFA1FF7E
006800200096004B
005400BD0073FFF4
FFAF00080019FF9A
004BFF75FFC7FF75
0024007CFFED0017
FFA7FFB6FFF2006F
FFD4FFC3FFFEFF8C
FFA2FF8900210018
FFA60054004300A9
FFAEFF8BFFD10052
FF21FFF8003EFFA0
0084004A0038004B
008D00650031006B
FFA5FFCEFFD7004D
0012FFFBFF76FF4F
FFB1FFBA001CFFD3
006700A60014FFB6
00370076FFF7007B
FF91FFF60040004E
FF7AFF96FF93007D
FFCA00080040FFB9
001BFFA6FFF5FF47
0034FFDA007F0099
0024005CFFC700B1
FF6BFFB90082FF85
00BD00190043007B
FFB3FFFBFFA7FFEC
FFB6007C0064FFB6
00BB00180045FF34
004B005B0071FFB6
0052008BFFF4008F
000CFFA6FF79FF7D
0080003200B3005D
008600D600570009
FF9C000B0016FF90
0044FF76FFDCFF7C
001400A3FFF70046
FFADFFB9000A008D
FFE4FFC7000FFFB2
FF9AFF7B0022001A
FF77004C005E00BE
FFA1FF80FFCA0027
FF1D000D002EFF8E
00AA004A005A0065
00A9007B004A0061
FFBDFFBFFFCE005A
002C000BFF6FFF61
FFAAFFA20013FFC5
0055009E001EFFBE
001E0073FFCB006E
FF63FFED0072005C
FF76FFC7FF920087
FFC7000B003AFFB5
0033FF990000FF46
002BFFE4006A00A6
001B004EFFD9009A
FF70FFCA0074FF99
00B7000D00400078
FFC5000DFFB2FFE1
FFCB005D004CFFB3
00B80005001CFF47
00120047003BFFD2
005D0083FFF10083
0017FFB0FF7BFF91
007D0043009A0052
008500BD002C002B
FFA6FFF10002FFA5
001DFF8AFFE2FF99
000C00A2FFE5005F
FFCFFFC3002C008F
0004FFE50023FFEE
FF99FF76001E0023
FF82004C005A00A7
FFAAFFA1FFD50008
FF3B003A002BFFA4
00A0003D00760058
0093008000390040
FFEAFFDFFFCD0057
00590004FF76FFA5
FFB2FFAAFFF5FFD8
004200640016FFE9
0016005EFFBA003D
FF6CFFE800760047
FF77FFDEFF97008D
FFBAFFF9003AFFB7
0033FF90FFFCFF4B
0033FFF3005400B4
0028003DFFD90088
FF77FFC8005FFF9A
00B0000F00410075
FFDD000BFFAEFFDC
FFD00045004CFFA5
00AEFFDF000EFF4D
FFE50020002AFFE5
005F0072FFDA006B
0022FFB2FF7CFF9B
0085004600720046
007600AE001C004B
FFB5FFE0FFFDFFB0
0005FF8DFFE6FFAD
000A009FFFCF0074
FFF0FFD20036009F
000EFFEF002E0007
FF9DFF790021001E
FF8C00520055009A
FFAFFFB7FFDAFFFF
FF51004B0028FFB6
009B003200900063
008B007B002C0020
FFF90000FFBE0057
005DFFF0FF7CFFD7
FFBAFFBAFFF0FFE8
00380040000F000B
00110047FFA9001E
FF84FFE10068002F
FF73FFDDFFA90082
FFBFFFFD003BFFBD
0033FF88FFEFFF53
003AFFFB004A00AF
001D002CFFE20070
FF7BFFCD004AFF91
009C001400480063
FFDE0002FFB5FFE3
FFD400320042FFAE
0097FFE2000BFF52
FFE200170019FFEF
005B0071FFCE0062
0017FFBFFF87FF9B
0087004700630048
007400A4001B0040
FFB3FFD0FFECFFBD
FFFDFF96FFE8FFBB
000900A3FFCF0068
FFF3FFD8003A00A0
0010FFFA002D000A
FFB6FF840026001C
FF9C00510041008D
FFB7FFC9FFE50003
FF5D00470022FFC3
00960030008B0063
0083008300210012
FFE9FFFDFFCC0056
005CFFEDFF7CFFD6
FFC2FFC0FFF1FFE3
002B0031FFFB0007
000D004CFFB60013
FF8DFFE300590023
FF66FFE4FF9A009A
FFB8000B0049FFBA
001EFF92FFE2FF37
005DFFEE005400D4
002F002AFFD70080
FF6CFFAD004AFF74
00AD000B00470073
FFC2FFF6FFA2FFDB
FFC700440057FFA3
008CFFE80024FF40
FFE9FFF1001DFFDF
004D006CFFC7006F
002CFFB5FF74FFAC
0097005A004B0059
008500B800390033
FFC3FFDCFFE9FFC0
FFECFF7CFFD6FFB8
000600BCFFD70090
FFF5FFEC0028009B
FFECFFF60027FFFA
FFCCFF700010001B
FFA00050002D009D
FF9DFFB0FFFA0007
FF6200350031FFCC
009F004900980058
00920076003B0003
FFE8FFFCFFAF0034
003FFFEFFF7BFFE0
FF9BFFE50000FFE8
0041003BFFFE000B
002E0053FFB40023
FF75FFE50051002C
FF76FFDDFFB1007D
FFB8FFF80035FFC4
000EFF9BFFD9FF5E
005CFFF3003A00BA
002B0019FFD6004B
FF7DFFBD0029FF7C
00870016004A0055
FFD8FFF0FFAFFFE6
FFCD00310046FFB1
0066FFEC002DFF5F
FFECFFDE0021FFE9
00390054FFBD0051
0022FFC5FF92FFB7
007F004E0032004C
00690099003C001F
FFCFFFD0FFEEFFCA
FFE0FF92FFCEFFC5
000C0097FFD60077
FFF7FFF700190088
FFE7FFFC001AFFF0
FFE2FF8D0010001D
FFC500510017008A
FFAAFFC7FFF80016
FF76001B0023FFDD
008300430078004E
007A006500190000
FFD90006FFBA002F
002DFFE7FF8BFFDA
FFA8FFF6FFFDFFEF
0036002AFFEE0009
0026004CFFD2000F
FF96FFE600410020
FF80FFE2FFAF0077
FFB4FFEA0025FFB1
FFE5FFBDFFC3FF72
006AFFEB0022009B
0035002FFFCA0041
FF88FFC60019FF7C
006C000B00400055
FFDCFFE4FFA1FFDC
FFE80036004FFFB6
0055000D004AFF87
000CFFC5000FFFE8
00290045FFB60045
0028FFC1FFB9FFD1
008700580017003D
005200980059000A
FFE0FFCDFFE7FFBD
FFD4FF86FFB3FFBE
0004008FFFC6006F
0000000AFFFB007E
FFCF000C0005FFD6
FFF3FF90000D0011
FFE0004100010076
FF9AFFBFFFFE002F
FF82FFFD0032FFE3
005A003F00620045
006F004B0011FFEC
FFD90004FFBDFFFE
001BFFDCFFAFFFDB
FFB30012001BFFF1
00500025FFE50018
0038004AFFE70014
FF9FFFE500250033
FF7AFFDEFFBB006D
FFB1FFE50014FFB0
FFCCFFBBFFB1FF84
0067FFEE001E0098
00360036FFBE0039
FF7FFFC70007FF7B
0060000E0047004A
FFDBFFD6FFA5FFE0
FFEA002F0049FFBE
005200250056FF8C
000BFFBE000EFFE9
0022003CFFB10045
0028FFC1FFBAFFCE
007D0061000F003A
005500940061FFF7
FFDEFFC7FFE6FFB5
FFCBFF8BFF9EFFC0
000C008AFFBD0067
00010007FFEE007A
FFC90010FFFBFFC7
FFFAFF8E00110010
FFF3004BFFF40076
FF92FFB9FFF80036
FF83FFEE0030FFED
005700460052004A
006600470004FFE2
FFD00003FFBEFFEF
001AFFD7FFBAFFCF
FFB3001D001EFFEA
00550026FFDB0018
003D004CFFE80009
FFA1FFE500240038
FF95FFDAFFC10055
FFC8FFCF0006FFB6
FFC1FFB5FFA0FFA4
005CFFEC00140074
002E0045FFBA0027
FF90FFCCFFFDFF97
0041001F00430036
FFE2FFCDFFB6FFE4
FFEB001F0036FFCB
004400260056FFA8
0004FFC50011FFE4
00100027FFBC003A
0022FFC7FFD3FFDB
0066004F00130025
00300080004DFFF5
FFE0FFC4FFF0FFC1
FFDAFF9CFFA5FFCE
000B0075FFC4004B
FFEC0006FFF00069
FFD10000FFE2FFBA
FFFEFFA2000E000F
0001004EFFF3005E
FFA3FFCAFFF30037
FF8EFFE8001DFFF7
00490048002C0042
00560042FFE7FFE9
FFD20005FFC9FFF0
0021FFD2FFC7FFC8
FFCA001E0011FFEF
00470028FFD00012
00300051FFF7000A
FFB7FFF6002B0037
FF97FFD8FFC2004B
FFD0FFC6FFF4FFB7
FFADFFB1FF82FFB3
0057FFF600180068
002D004EFFB7002D
FF94FFCAFFF6FFA0
002F00220040002C
FFE8FFC2FFB8FFEB
FFF000150033FFCC
00470039006EFFB7
000BFFC80002FFD8
00100024FFBF0047
0026FFC2FFE1FFE2
005300500019001A
0027007C0053FFF7
FFE0FFBCFFEAFFC1
FFDBFFA6FF95FFDD
000A007EFFC50050
FFE40002FFED005F
FFCFFFFBFFD2FFB2
FFF5FF9E0006000D
000D004FFFEF0052
FF9FFFC3FFF1003A
FF88FFE90020FFFE
00450059001D0047
004A0046FFDFFFE2
FFDA0004FFCBFFE8
0031FFD3FFCBFFC6
FFD3002A000CFFED
00520030FFCC0012
00310059FFF50010
FFBCFFF5002D0039
FF9BFFD5FFBA0043
FFE2FFB6FFF6FFB3
FFADFFB1FF77FFB0
0052FFF200150057
002E0056FFC0003A
FF9CFFC0FFF9FFAE
0029002600310029
FFE6FFBAFFBEFFF7
FFED00090027FFD3
003E0043006AFFC7
000BFFCBFFF5FFD3
00030025FFCC0057
0024FFBBFFEDFFF7
0040004D002A000D
001F007C0045FFFA
FFE1FFC4FFF4FFCC
FFE8FFB0FFA5FFE8
FFFE0086FFD20053
FFD30002FFF20053
FFD3FFEFFFCBFFB0
FFF3FFAA00010001
000C0051FFEC004B
FF9EFFBE0003003D
FF85FFED001F0002
004800680016003B
0042003FFFE4FFDC
FFE40009FFCFFFE2
0037FFE2FFD6FFC7
FFE3002D0008FFF7
00540035FFD1000C
00310065FFF10024
FFBAFFFD0039003C
FF93FFCCFFB0004C
FFE6FFA8FFF4FFAD
FFA5FFA4FF62FFA1
006AFFEE00240063
00400063FFAD0042
FF99FFB4FFF3FFAB
0028002A00410032
FFD9FFAEFFB7FFFD
FFDB0006002EFFD0
0048004F006CFFC7
0004FFC2FFECFFCC
00030029FFCE006C
0031FFB4FFE2FFF8
003E00490025000A
002400810043000A
FFD7FFB9FFF5FFC7
FFEAFFA1FFA4FFE4
FFF2009AFFD0006F
FFB90001FFF40067
FFBDFFF3FFB9FFA2
FFF1FFA400150000
FFFF0054FFEB005B
FF88FFBA00030043
FF7DFFDE002B0007
0057007900190043
00530048FFDDFFCD
FFD4FFFDFFCCFFDE
004EFFE5FFCCFFB6
FFD300250018FFF2
0059004FFFCA0015
002C006CFFE90023
FFB50003004C0046
FFACFFD9FFD2003C
FFE0FFBFFFF6FFBD
FFB3FFB4FF8EFFB7
004BFFF700260053
00290047FFD9002B
FFB7FFC3FFE2FFC7
00190019002A0023
FFF5FFC1FFC2FFEB
FFF9000B002EFFDD
004000320050FFCF
0008FFCDFFE4FFE8
001A002EFFC40047
0022FFCBFFF3FFF0
003C003E00260007
001E005A0030000A
FFE1FFC4FFF0FFD0
FFF5FFC0FFBAFFDB
FFEF006AFFCA0056
FFCDFFFAFFFC0052
FFE20007FFDDFFC7
FFEFFFB600270009
FFF900380002003A
FFAFFFC0FFFA002E
FF96000300220004
0035004B001D003A
003A003DFFE1FFE5
FFDE0003FFD4FFF2
003BFFEBFFC2FFC8
FFEC000E0019FFF2
00440032FFCE000B
001C003FFFF20012
FFD2FFF10030002B
FFBEFFDFFFD10027
FFF6FFCB0000FFD1
FFC0FFC3FFA4FFC3
0040FFF600170045
001F002EFFE3002C
FFD0FFCFFFEDFFD1
0017000D001C001E
FFF0FFC8FFCFFFEE
FFF000100022FFDF
003D00200038FFD6
0008FFD3FFE9FFE4
00180020FFCB0036
0024FFCBFFFDFFEE
002B002B001F0007
000E004800240004
FFE9FFD0FFF1FFDE
FFFAFFC8FFC7FFD8
FFEE004BFFDD003F
FFCEFFEF00070042
FFDCFFF5FFE3FFCC
FFF3FFCF001D0007
FFF9003100090021
FFC0FFC3FFF6001D
FFB2FFFD001E0004
003400440016002A
002C002AFFECFFF3
FFDEFFFAFFD9FFEF
002FFFF6FFC5FFCF
FFEB0004001AFFF9
0030002CFFDD0002
001A0025FFFF001B
FFE7FFF800260025
FFC7FFDEFFD20020
0005FFD8000AFFD8
FFC9FFD4FFB9FFC6
0040000100280045
00130026FFEB0035
FFD6FFD0FFF2FFD0
0019000D0015001D
FFF6FFCBFFCDFFED
FFF50014001EFFD4
004000130032FFC8
0005FFD3FFF3FFDF
00200020FFC9002C
0022FFD5FFEFFFE0
002C002B00170007
0016003C002E0003
FFF2FFDDFFEEFFDA
FFFBFFC8FFCCFFDC
FFFC0047FFEA0032
FFD7FFF600070034
FFD8FFF4FFF5FFCC
FFF4FFD600250001
FFFD0020000D0024
FFC1FFC2FFF60015
FFB20000001D0007
002D00340017002A
002E00200002FFF0
FFD0FFF2FFD9FFF3
002EFFFBFFBDFFCC
FFE100000024FFF8
002E0037FFE70002
0024001EFFFB001F
FFEFFFF00011001A
FFCFFFE1FFDC001F
FFF6FFDE0011FFD1
FFD6FFD1FFCCFFBD
0035000C0031004C
000F0024FFEB0033
FFCAFFD3FFEAFFC4
002300170014001C
0006FFB8FFCEFFE3
FFF5001A002BFFCA
004600020043FFBF
0021FFCF0008FFD8
00250020FFB6001C
0031FFCBFFF1FFC0
002C002A00150008
001100340044000E
FFF3FFE0FFF3FFD5
0004FFC2FFC4FFE3
000D003AFFE80011
FFD0FFF000050025
FFE8FFF6FFFFFFC8
FFE2FFCC0025000D
00030035001F002B
FFC4FFC1FFF1002A
FF9B00120033FFF7
002A0032001C0032
0020002BFFF8000A
FFC9FFFBFFDB000B
001EFFFDFF9FFFC3
FFE7FFF200120006
0032003DFFF30004
002A001D00070027
0005FFEAFFF7000C
FFCFFFDDFFD70024
FFF4FFE6001AFFDD
FFECFFDCFFCBFFB6
003A00090036004A
000E002FFFE9003B
FFC3FFD20002FFBD
002D00230013001C
0001FFB5FFD2FFE7
FFE300330037FFD4
0047FFFC004EFFB8
002CFFD9001EFFCC
0019001FFFBA0020
0031FFC7FFE7FFBA
0025002300170012
00150034004E0007
FFFDFFEAFFFFFFE0
0010FFB9FFC3FFDB
00100040FFF30001
FFCAFFF3FFFB001C
FFE4FFDDFFFBFFB8
FFDDFFCA00160015
FFFC003400230035
FFCCFFBAFFEF003D
FF9300110034FFE6
00340039001E0027
002800250000001B
FFC4FFFEFFD60017
00070002FF99FFB5
FFDDFFF7000E0003
0035004B0004FFF3
002B002600110036
FFFCFFEDFFF1000C
FFCAFFDEFFC90036
FFF7FFF10028FFD8
FFEDFFDEFFCCFFB7
0033FFF90047005F
000D0034FFC40042
FFC5FFC40011FFAC
003800240001003F
FFFEFFC6FFB6FFE8
FFCF0049003CFFCF
0049FFFE0050FFA6
004FFFE30026FFC0
00130021FFD20018
0045FFC0FFCFFFB9
002E002700230019
002800480056FFFA
FFF2FFF60008FFE2
0020FFB3FFD7FFDC
001E003CFFFFFFFD
FFC4FFFAFFF7002B
FFDCFFD5FFEDFF95
FFDDFFC000140017
FFD8002E001B005E
FFC9FFB0FFF5004E
FF8500040036FFE5
0044003C00230026
0042001200210021
FFB60000FFD7001D
FFF0FFFCFF82FFA2
FFC3FFF700050002
003200590012FFEB
0032002600040043
FFE6FFFAFFED0013
FFBDFFD5FFB90060
FFFAFFFC0037FFD2
FFF0FFECFFD9FFAC
003CFFDC00590079
0008005CFF9B004A
FFBEFFBC0039FF90
00550013FFF20077
FFCFFFDCFFA0FFEA
FFC00075004BFFD9
005800110053FF8A
007B0000003DFFAE
00060032FFEF002B
003EFFC4FFB9FFC5
0043002B0046003F
005100670063FFE2
FFC6001F0016FFC8
0042FFA7FFDCFFCE
001500590011000B
FFA4FFF1FFE90037
FFCEFFD7FFDDFF74
FFD1FFAF00180014
FF98001B00030074
FFBFFFA2FFFA0050
FF77FFD7002DFFC6
0061003B002A001D
006F00160054002F
FF9DFFE0FFCD0018
FFD80001FF73FF74
FF9EFFFF000DFFFB
003500780027FFE5
003D002DFFED0059
FFA9000300110038
FFB2FFC8FFA50098
FFE8FFFC0031FFDD
FFE7FFE4FFCCFFB0
0033FFBC0049009A
000F006AFF82005A
FFAEFFC80065FF8B
0078000CFFE5009C
FFC9FFF9FF93FFE9
FFB8009A004FFFDD
007500180058FF8C
00840016004AFF99
FFF2003A000B0040
0036FFB4FFA7FFDA
005E002C00670061
005F00900053FFCB
FFB70033001FFFBE
002EFFA0FFE9FFC2
00100065000F0020
FF98FFFEFFD50057
FFD6FFB9FFBFFF5B
FFC8FFA30007001D
FF73000C00100096
FFACFF99FFE50036
FF66FFBB001FFF9A
007C00320032001E
007E001E00730048
FFA9FFD8FFBC0011
FFD20003FF86FF75
FF80FFFFFFF0000B
003B008A0036FFC9
00350026FFDA005D
FF8000030044005C
FF7CFFADFF8100CD
FFD90007003CFFC8
FFEAFFD2FFCEFF8F
0034FFB6005500E1
003C0070FF50009D
FF94FFB10090FF5D
00BAFFF1FFF700D4
FFB8002BFF6FFFD7
FFA8009E0066FFB8
00C9000A0054FF5D
007900370057FF84
000F00660025006C
0048FF8BFF6CFFE0
00A3004A00A4007E
009400C60057FFE8
FF7D003C002AFF76
0008FF89FFDFFFAF
00100094FFFF0074
FFA4FFDAFFD500A2
FFD7FFB4FFD1FF6E
FFA7FF70FFFF0023
FF3D000D002E00CF
FF89FF85FFC9000E
FF40FFB70025FF8C
00B40025006C004D
00AE0055008B0038
FFBCFFDAFF880012
0008FFEDFF7BFF95
FF71FFF1FFEFFFFC
005100990045FFD4
003B0010FF98005B
FF56FFF9007E0085
FF68FFA2FF7D00ED
FFCC0006003EFFC8
FFF4FFBAFFC9FF70
0034FFB800570106
00480070FF5100CC
FF85FFA8009AFF55
00EAFFF4000300D4
FFC5003BFF6CFFCB
FF9700990069FFA0
00E0FFF5004AFF42
005D003A005CFF8A
00270075001F007B
004EFF6FFF3FFFD5
00CE005800A70098
00A100E300490001
FF71003A0033FF6E
FFEAFF7CFFE8FFAB
000C00A9FFE80098
FFA8FFCFFFE400CA
FFE5FFAAFFDEFF95
FF97FF4F00060028
FF29001D005000F3
FF83FF7AFFBEFFED
FF2CFFD3001BFF87
00CD002400970066
00BF007A008F002B
FFD5FFEFFF810013
001EFFEAFF7DFFAF
FF66FFEAFFEAFFF9
00500091004AFFD7
0038000DFF77004D
FF46FFEE0096008A
FF5EFFAEFF8600F6
FFBA0003003FFFCE
0001FFAAFFC3FF67
0033FFC4004B0118
0058006BFF5E00C7
FF73FFAE0096FF5C
00F00000002000D6
FFCC0035FF68FFC3
FF9E00900060FF96
00E6FFDF003FFF42
004900300049FF91
0035007E00120077
0052FF73FF36FFD9
00CC0052009E008E
00A800DE00360014
FF6D00310027FF74
FFDAFF8CFFDDFFAF
000C00ABFFDF0098
FFB6FFC3FFE900CD
FFECFFA9FFEEFFA6
FF9BFF5000070021
FF380031006000E7
FF75FF8BFFA9FFEA
FF33FFE90018FF87
00D0001F00A40070
00B3008300840023
FFEE0007FF820014
0035FFEAFF7DFFC4
FF66FFE4FFD7FFFA
0043007E0042FFE1
002F000FFF710043
FF4DFFE000A6007B
FF46FFBDFF8600F8
FFB300070046FFBA
0016FF88FFCAFF3F
003AFFE5005E011C
005A006FFF6700D6
FF5AFFA60083FF4C
00F20014004900CD
FFD60023FF65FFBD
FFA5007C006DFF78
00F8FFCF0046FF1D
0025002A0040FFA6
005C0091FFF4007A
0051FF7AFF27FFAF
00E7006B00A1007B
00AC00EF00440034
FF6B000F0004FF72
FFD4FF80FFCDFFA9
001200CEFFCF009F
FFCBFFB8FFEC00D9
FFFAFFB90008FFCB
FF91FF4300150017
FF48004F006900EC
FF6EFF93FFA5FFFD
FF2400150023FF9B
00D1002C00AE0085
00BE00A30073001B
FFF80009FF930038
0054FFD6FF74FFC7
FF78FFD4FFDAFFF2
004F00710028FFF7
00290025FF6E0043
FF4DFFCF009C006B
FF55FFCFFF8600D1
FFC10015003FFFC0
0022FF9BFFE6FF45
0044FFE7005B00F0
004C0056FF8500AC
FF77FFAF0074FF5A
00D50014003800B0
FFDA001FFF7CFFCC
FFAD00680062FF78
00D5FFD2003BFF30
000C001B002BFFB8
00510079FFE30074
0037FF9EFF53FFAF
00D0006200820076
009200D700450037
FF98FFFBFFF6FF96
FFE3FF86FFD9FFB4
000B00C2FFD00098
FFCBFFDAFFFE00C8
FFFDFFBF0013FFDA
FFA0FF5700150014
FF660043005300CC
FF85FFABFFBD0002
FF410018002BFFAA
00BC003000A80077
00B0008E005A0014
FFF50003FFA90034
0045FFDEFF7DFFD5
FF8EFFD8FFF0FFF1
004E00490017FFEF
00230025FF85003F
FF67FFD500830057
FF74FFE3FFA90092
FFC70005003DFFD0
0022FFB1FFE5FF6B
0042FFF1004600B7
00380041FFAC0078
FF8EFFB4004BFF7E
00A2001500340071
FFE10009FF99FFE3
FFBC00440049FFA7
008FFFD60031FF5F
0006FFF70020FFD0
003F0054FFE00057
002CFFB9FF7AFFC2
009C0051004F004E
006500A10033001F
FFBEFFF9FFF1FFBF
FFE8FFAAFFD6FFCB
00070092FFDE0076
FFDDFFEBFFF8008F
FFF7FFD20009FFE9
FFC8FF83000C0010
FFA20041002D008F
FFA6FFC0FFDC000F
FF7F000B001CFFD1
007C002B00780056
00860073003C000A
FFF7000BFFC60023
0029FFE8FF9EFFEA
FFAAFFEDFFF8FFEA
003C002E00080003
00170026FFB80027
FF96FFE300590038
FF87FFF6FFA30080
FFB9FFFD001BFFD1
0004FFA8FFEDFF7E
004D000F003C00A0
00460029FFAD0048
FF93FFC90029FF89
00700012003F0053
FFE9FFF2FF9DFFD2
FFDF0030004CFFAA
0075FFCD0058FF85
0008FFD7001FFFDF
003F0050FFBB0034
0035FFBEFFA2FFB6
0088003D003A003E
0038007B004C0036
FFC8FFE3FFE1FFCC
FFE0FFAEFFD0FFC9
000F0080FFD40066
FFF4FFF0FFEC0085
FFF4FFEA0012FFEF
FFD8FF950018000F
FFD6003E001D0076
FFB6FFDDFFDF001B
FF890014002FFFED
0057001D006D005A
005F006600120008
FFEE0011FFD20029
001AFFD9FFA2FFF1
FFB1FFF4FFFFFFF1
004A001EFFF00016
00120028FFDD0007
FFC3FFD80027001F
FF98FFEDFF9F0057
FFCA0000001BFFD5
FFFFFFB7FFEDFF90
0045000900370089
00350023FFCA0033
FF9DFFD50014FF98
0050001400350043
FFF9FFF4FFAEFFDA
FFE600280039FFB9
005CFFDE004CFF99
000CFFD40016FFE6
0032003CFFB50031
002CFFCEFFBFFFC3
00750035002A002C
00340068004F002B
FFD7FFD6FFE4FFD6
FFE0FFABFFCCFFCD
00130068FFD70055
00020001FFFA007C
FFEFFFF5000AFFE2
FFE2FFAD000A000E
FFE0003B000F0062
FFC2FFE5FFF3001D
FFA000090033FFF4
0042002500550046
005D005400090012
FFF1000CFFD50023
0014FFD7FFB2FFEA
FFC7FFF00007FFFE
0036000AFFF30014
00140023FFF60008
FFCBFFE100140019
FFB6FFF1FFAE0049
FFD1FFF10012FFCC
FFEBFFBFFFE2FFAA
004900060028005B
0032002AFFCC0021
FFA9FFDC0006FFA9
003F000D0025002D
FFF4FFEAFFB1FFDC
FFF2001F0032FFC4
0040FFE80057FFB1
0015FFCF000EFFE9
001D002FFFB10022
0022FFD5FFE5FFCE
006200320021002A
001D0054004D001D
FFEAFFDEFFE8FFDC
FFEBFFBAFFCAFFDD
00090056FFD6003F
FFF6000BFFEB005A
FFEDFFFFFFFDFFDC
FFEFFFB8000E0007
FFFE0039FFFF004C
FFC2FFE8FFF5002D
FFA700090034FFF6
002A001E003A0035
003F0049FFFE0000
FFF0000DFFE1000E
000CFFE0FFBBFFE3
FFD1000600090004
003E000AFFE40014
001300270009000B
FFD6FFDF00090016
FFC7FFEDFFB5003E
FFE5FFDE0001FFC1
FFD4FFB5FFC0FFC1
003BFFFF002F0044
002E0036FFC70022
FFB8FFD6FFFAFFB4
002D00120018001C
FFFBFFE2FFBAFFF0
FFEB001F0022FFD0
0039FFFD0057FFBA
0018FFDC000AFFDF
00140013FFBF0022
0027FFCCFFE7FFD5
003F0032001C0019
0024004900470011
FFE6FFD3FFF7FFE1
FFFCFFBDFFD0FFEF
000C0043FFDF0030
FFE90012FFEF0045
FFE5FFF3FFE0FFC7
FFEDFFB700110003
FFFE0031FFF6004C
FFCBFFDC00050034
FFB1000100340008
0025002E001C002E
002A00370000FFEF
FFE8000BFFDBFFFE
000FFFECFFB5FFCA
FFD900180006FFFF
003C0027FFEA0008
001F002EFFFE001F
FFDEFFE800100015
FFD0FFEEFFB1002D
FFFCFFD9000CFFC2
FFD1FFB2FFC6FFC3
003C00000022002E
0027002CFFCF0029
FFCAFFE4FFF7FFC1
00230012000D0024
FFF8FFE6FFC1FFEF
FFEA000C0014FFD0
002EFFF6004BFFCB
0018FFDD0002FFE8
000F000CFFBC0023
0022FFDFFFF4FFDC
0040002C00200020
0020003F003E0018
FFECFFD3FFF7FFD8
000DFFC9FFD8FFF5
0000003EFFF60025
FFDB0006FFFD0043
FFE5FFFCFFD7FFD0
FFF2FFC30016FFF8
FFFA002CFFEF0041
FFCDFFE1000A002E
FFB700040030000D
0023003100150024
002300360000FFF5
FFF00007FFEBFFF3
0020FFF4FFBBFFC6
FFE40017000A0007
0034001FFFE70006
001C00360006001C
FFDFFFEC0010000E
FFD6FFF0FFAA001C
0002FFC80002FFCE
FFD2FFB5FFC2FFC3
003700020027002D
001E0036FFD6003D
FFD1FFEAFFFCFFCE
001C000E00050021
0000FFE0FFCCFFEE
FFF2FFF90010FFD1
0031FFFB003EFFC7
0006FFE3FFEEFFF3
0015FFFBFFCC0022
0025FFDCFFF7FFDC
0037003000200015
0017003800320012
FFF3FFD9FFF8FFD9
0002FFC6FFD9FFF6
00070041FFF10032
FFD600020004003B
FFE0FFFAFFDAFFC7
FFE2FFD40017FFEB
FFF60028FFF5003C
FFC9FFD400030026
FFBAFFF500260014
002C0031000B001D
002200300008FFF0
FFF3FFFDFFDFFFFE
002AFFFFFFC6FFD1
FFEE000C00090019
00350023FFF30002
001F0030FFF2002B
FFE9FFF4001C0010
FFE5FFF4FFAF0031
0001FFC80015FFC7
FFE1FFC9FFC6FFBD
003BFFF0001C0025
001B003EFFF20027
FFE1FFECFFFCFFDB
0012000A00050014
FFFEFFD6FFD8FFD8
0002FFFD0016FFCF
001FFFFF003BFFDD
FFFCFFD7FFE2FFEF
00220017FFD10019
0020FFEF0015FFE8
003B001700290000
00090031001E001C
FFFBFFD1FFF1FFD9
0007FFC9FFDDFFFB
FFF80040FFE80028
FFCF001400140037
FFEA000AFFDEFFC5
FFE7FFCF001DFFE5
FFFA00240006002D
FFCEFFE70003002D
FFB0000D00220011
00170024000B0015
00290032FFF8FFF5
FFF40004FFEE0009
002BFFF5FFC0FFD4
FFFEFFFE000E0016
00330014FFEC0010
0018003AFFFA0023
FFEAFFF4000D000F
FFE7FFF1FFC7001E
FFF3FFD0000AFFCC
FFE0FFC5FFD1FFBF
002E000000100034
00180025FFFB0021
FFE2FFF9FFECFFD4
00070012000C000C
0014FFCAFFE2FFCF
0000FFFF0013FFCF
002EFFF10041FFDB
0005FFD4FFEBFFFC
0034000EFFBE0004
0027FFED0017FFD1
003D000D001B0001
0007001800250012
FFFDFFC9FFFEFFDE
FFF8FFD9FFD5FFEC
FFFE002DFFDF000E
FFD3000200190040
0005000DFFF2FFD0
FFE7FFC9002AFFEF
FFFC002E00090020
FFD7FFECFFFA0020
FFB00013002C0012
0013001D00160019
00200034FFFC001D
FFED0015FFF50010
0026FFEBFFBAFFD6
0006FFE8000D0017
002B0005FFE50000
0016002800010002
FFFEFFEBFFFEFFFC
FFEFFFE9FFDB001B
FFD8FFCAFFFEFFBF
FFE8FFCFFFDDFFBE
0023000E00200034
0020001A0013001F
FFCEFFF1FFEBFFE6
000300200023FFF0
0016FFAAFFE5FFC4
000400080033FFB7
004EFFF3005CFFDD
001DFFD5FFFBFFF1
0039002DFFAD0006
0035FFDF0026FFA2
0038000A0023FFF9
FFFC000F00380022
FFFDFFC00004FFD9
FFF0FFD6FFC4FFEC
001F0023FFCFFFE9
FFDF0002FFFF004A
002100190006FFC8
FFDAFFC1002CFFEF
001D004C00340030
FFC4FFF4FFE20047
FF880032004BFFF5
000300240013001E
00110036FFE40025
FFD9002DFFE80034
0028FFECFF95FFDB
0008FFDCFFFC0025
0048001FFFEA0000
002100340015FFFC
0014FFDBFFE5FFE0
FFF7FFEEFFCB0026
FFDCFFD4000DFFC1
FFF8FFDFFFDDFFB0
002B000E0029002B
0021001D00240022
FFD3FFF6FFFAFFF0
0008001F0021FFEF
000BFFAFFFDCFFB2
000F00120040FFA7
0048FFF10064FFD9
0022FFDCFFFEFFE6
003D0043FFB90005
002AFFE7002BFFA0
004100010037FFF1
FFF4001D00410030
0004FFCFFFF6FFD6
FFFDFFD1FFBEFFE9
001B002DFFCFFFDD
FFDC000100020047
0019001C0008FFC1
FFD9FFC5002EFFE0
00280045003E0036
FFBBFFFEFFDC0052
FF790040004CFFEA
FFFF001F0016001C
001E0039FFE90025
FFD70026FFF10043
0025FFE8FF89FFDD
0007FFD9FFFE0026
0051001FFFEE000B
0020003D00210011
000CFFD2FFD8FFE1
FFF4FFC8FFCE0027
FFDCFFD90020FFC2
FFF9FFE4FFD3FFA6
00310004003F0042
00290024000D0041
FFAFFFDF000CFFE7
002000320036FFFA
FFF8FFA2FFCEFFB9
FFF30032005BFFAB
005A0000006CFFB6
0052FFEB0036FFCA
0030004EFFB60018
0030FFCF000AFF7F
00450010003FFFFE
000B003D00620020
FFF8FFD80013FFC6
0023FFB7FFC2FFCF
00390041FFDDFFCA
FFC7FFE5FFF10045
00170005000AFFAA
FFD2FFBD0028FFED
001D005C004C0054
FFA6FFDDFFD5005B
FF5C0034004BFFC6
0025003D00170024
002F003CFFFE0041
FFBC000BFFE60054
0013FFFCFF6CFFAC
FFE4FFCCFFF40015
005E005D0010FFEF
0036005A00260039
FFF7FFD4FFE0FFDF
FFE8FFC9FFCB0025
FFD9FFD70027FFCD
FFF4FFF2FFCDFFA4
0030FFF8003D0047
002F002D0018004D
FFB2FFDA0020FFE1
002500360038FFF0
FFF4FFA3FFC6FFBA
FFE400490056FFB7
004E00000071FFA8
0050FFEE0037FFC1
00290050FFBD0022
0039FFCAFFF3FF7E
002E000E004B0005
0021003A00630013
FFF0FFEF0025FFC5
0029FFBDFFBDFFCE
002E003BFFE8FFD0
FFBAFFDFFFF20044
000CFFF30016FF9E
FFD9FFB9002CFFEA
0005004B00440063
FFADFFCDFFD40059
FF590027003FFFC2
0034003D0027002A
0040002700190045
FFB10007FFE20056
0002000AFF65FF95
FFDAFFC4FFFB0004
0059006C001CFFE5
0033005B00140032
FFDFFFD5FFF4FFE2
FFD0FFA9FFA80045
FFDCFFF4004BFFCF
FFF6FFFBFFCDFF97
0039FFE20061006A
003A0038FFFA0076
FF93FFC9004FFFC1
0050003A003B0025
FFCAFFC9FFABFFBC
FFD400770060FFBF
0066000C0066FF79
0079000D0057FFAB
00220073FFD2004B
0029FFC3FFC5FF7A
004A001C006E0027
0053006E007A0006
FFC80010002CFFA1
0052FFA2FFC6FFAE
003200650005FFE5
FFA5FFC8FFEC0057
FFF4FFDF0012FF7F
FFCBFFAF002DFFE4
FFCF004000480090
FF97FFAFFFD10049
FF3E00120030FFA2
006F003C003A003F
007100360051004D
FF98FFD8FFD50053
FFF90018FF46FF68
FFB3FFC8000DFFE3
006200930039FFCD
00480067FFF40065
FFAAFFDF001BFFFD
FFC5FF9DFFAA005D
FFC8FFEE004EFFD7
FFFDFFFAFFCFFF80
0040FFDD00710085
00420045FFF3008B
FF8BFFBF0069FFB1
0069004200420036
FFC4FFC7FFA0FFBC
FFC1009A0071FFBF
007000050073FF67
007700220072FFA3
001E0087FFD30057
002BFFC1FFAEFF70
0054001D007F0037
006E007A007D0003
FFC200220033FF97
005EFF99FFCBFFA5
002C0078000AFFF4
FF96FFC1FFE00066
FFF2FFCA0017FF72
FFC8FFA50031FFE7
FFBF003D005C00AC
FF8CFF9BFFC2004F
FF290006002EFF8E
0085004300490047
008500380062005F
FF91FFD9FFCE0065
FFEB001BFF3CFF5B
FF9FFFC30005FFE4
006E00B20046FFBE
003F0068FFF1006B
FF8BFFDB00270005
FF88FF9CFF7E00A2
FFD800080060FFC2
000DFFCDFFCEFF4A
0042FFCF008B00D1
004B004FFFD500C9
FF62FFB30090FF8C
00BE0023003D0075
FFA7FFF7FF8DFFBE
FFAA009E005CFFA3
00ADFFFE004DFF2E
005300340052FF8D
003500A8FFEE008B
0031FFABFF6CFF83
0086003F00A90074
00AD00BA005E0011
FF9B002C001EFF81
003BFF8AFFD2FF9B
001D00B600040047
FF93FFB5000B009B
FFE4FFBE0017FF8A
FFACFF680020FFF0
FF760040006500D5
FF74FF7AFFBF0015
FF1000170026FF82
00C7004B007A0066
00AA007400850044
FFB6FFCCFFA1004F
002A0017FF3BFF6D
FF85FFBBFFF7FFE5
006A009C0043FFC2
003F0068FFAC0079
FF4AFFD900820039
FF5FFF9DFF8400C4
FFCC00110079FFC5
002AFFA5FFD4FF13
0044FFDE00930107
004C0052FFC700FC
FF52FF9D00A4FF6D
0109002300450091
FFA70003FF84FFB9
FF80008D0063FF82
00C4FFE8002CFEFC
0011003A0049FF9B
004E00B7FFEE0099
003FFFA0FF34FF7F
00BD0058009D0099
00DD00D000460032
FF92002D000FFF81
001DFF8EFFDDFFA1
000700EEFFF30088
FF90FFB1003100CA
FFE8FFB10030FFC5
FFA4FF360018FFF4
FF530053007C00F4
FF61FF5AFFC0FFED
FF05003A000FFF85
00EB006200BB007E
00C5009C008E0023
FFDDFFE9FF84005B
00550017FF3DFFB3
FF73FFC0FFE3FFE8
0060007E004EFFD0
002D0063FF77006E
FF26FFDA00A8003B
FF35FFA3FF7E00EA
FFBB001E0083FFC0
0041FF85FFC7FEEE
0059FFE500820146
005C0066FF9A011C
FF3EFF8400B0FF4B
01420029006200C6
FFAA0019FF7EFFB6
FF52007F0087FF6C
00EBFFCF0020FECE
FFE2003E0059FFA2
006500B3FFE9009E
0042FF8AFF04FF7F
00F500720099009F
00E900E6004D0065
FF7500230000FF69
FFECFF72FFC8FFA0
FFFC0126FFDA00C9
FFAFFF96004700F7
FFE6FFB200340003
FF88FF1A000E0001
FF390070008A00FD
FF5FFF65FFC0FFD3
FEF80045000EFF78
0114006B00FA009A
00E200D100840012
FFFBFFF5FF700071
007EFFF9FF40FFDE
FF61FFC7FFDAFFE2
005C00720043FFF8
002D005DFF51005D
FF12FFC500B40051
FEFFFF9CFF83010D
FFA3001D0094FFB3
005DFF46FFCEFEA3
0068FFF700A10184
005D0076FF730157
FF32FF5900ACFF20
017C0039007D00E1
FFB0000CFF67FFB8
FF3A007400A9FF3D
0117FFBB0022FE84
FFC400400065FFA7
009300CBFFE400A9
0057FF77FEBAFF55
013B0094009E00A3
0101012200540086
FF590007FFF1FF60
FFD3FF5CFFC4FF96
FFFE015AFFC800F4
FFB2FF90004C012E
FFF7FFB100480022
FF75FEF4001EFFFD
FF11009A00A30135
FF4EFF4CFFBBFFE1
FED0006A001AFF87
013C007A012600C4
010B00FF00880001
FFFA000FFF6B0095
0098FFE2FF2BFFF5
FF58FFB9FFE2FFD8
00660077002FFFFF
0023006CFF2B0061
FF01FFC100BD004F
FEF7FFA8FF830120
FF8300180075FFAC
0046FF3CFFCCFEB2
0071000000860194
00720077FF500141
FF23FF50009CFF09
016C0042009F00F3
FFCE0002FF5CFFA7
FF4F007000CCFF39
0127FFB20041FE8D
FFBE00210072FFB6
009C00CDFFC50092
0061FF5CFEBDFF4F
01580094008F008B
00E30128006C00A5
FF4EFFECFFE6FF56
FFACFF46FFABFF85
00050166FFA10106
FFD9FF9500350143
FFF9FFBB004E002D
FF69FEFE001D000D
FF2600A100A20125
FF57FF5BFFAEFFFE
FEC9006B0026FF92
0138006C013700DB
01060103006B0003
FFFD0023FF66009A
0098FFB5FF310005
FF5FFFC0FFE5FFD6
00730073001E001A
002F0057FF370043
FF1FFFB300A50053
FF0BFFB7FF9300F3
FF84000A0056FFB5
002DFF43FFC7FEDF
00770016006B0164
006A0065FF5700F1
FF3FFF660065FF16
0121004D00A200CC
FFEAFFECFF66FFAE
FF70005800C6FF44
00F3FFB90059FEB8
FFBAFFF50051FFCD
009100B3FF9F006C
0052FF7BFEFBFF55
013800850069006A
00B200FD0077009E
FF66FFBFFFCFFF79
FF9DFF60FF98FF98
000F0145FF9100E6
FFF1FFB400290132
FFFCFFDC0040001F
FF87FF1D002C000F
FF64009A007800FC
FF74FF8BFFBC0018
FEE80061002DFFB5
01020063010E00CC
00E600F2003EFFF8
FFE70028FF83008E
008CFFA6FF400003
FF7FFFCEFFEEFFDF
00720053FFF10021
00230050FF6C001E
FF56FFB000710034
FF24FFBBFF9800C9
FF92FFFF004AFFB2
0004FF6FFFD5FF0C
007100140063013D
006A0058FF5100D1
FF57FF610053FF23
00F90041008E00BC
FFFCFFF9FF68FFB8
FF88006700B3FF54
00D9FFBD005CFEF2
FFE4FFE4005EFFDE
0072008FFFA90058
0053FF76FF1DFF72
0118007300440061
008F00F5007D0082
FF81FFCCFFE6FF7A
FFA2FF56FFA4FF9B
00170109FF9200CC
FFFCFFC200050112
FFEAFFDB00370010
FF96FF400020001E
FF820086006300ED
FF7DFF8EFFD1001F
FF1500390025FFC5
00D2004F00ED00B7
00D300AF0028FFF9
FFE30024FF870066
0061FFA3FF69000E
FF84FFE8000BFFE3
006A003900000033
002D002EFF8B0014
FF79FFC7005A003A
FF3DFFC2FFA200BA
FF960000003DFFAF
FFFAFF76FFCEFF2C
006D0017005E0122
00680057FF5600C0
FF55FF740046FF2D
00E2003B008200A9
FFEEFFEDFF6CFFBC
FF91006700A9FF64
00C2FFD20067FF06
FFEEFFDC0051FFE4
00640089FFA50054
004FFF7CFF3DFF73
01050072003F0059
008D00D60078006F
FF8FFFC8FFE2FF80
FFB1FF69FF9FFFA7
001B0101FF8B00AF
FFF6FFCD000400FF
FFEEFFDE002BFFFE
FFA6FF440026001A
FF9D0083005000DF
FF7CFF94FFD40022
FF1A003E0022FFC5
00C0004F00D200A8
00BB00AE001FFFEF
FFE1001EFF880051
0053FFADFF650001
FF8CFFF10002FFE5
00770039FFF6002F
00300036FF98000D
FF7DFFCC004F0035
FF76FFCDFFBA0083
FFAAFFF70028FFBA
FFDFFFA5FFDEFF6D
005D0006004400D4
0055003AFF7D007F
FF81FF890021FF5E
00A1002E00660081
FFECFFF9FF8BFFCA
FFB70050007DFF8C
0083FFE6005CFF4F
0008FFD80040FFF4
003D0061FFAF003C
003AFF98FF7DFF97
00C70054002D0041
005F00A00067004A
FFAFFFD0FFF0FF9A
FFC5FF82FFB7FFBF
001F00B4FFA60080
0004FFE4FFF500C4
FFE7FFF10021FFEF
FFC3FF7B0025001B
FFCB0063003200A7
FFA0FFBAFFEA0027
FF56001F001EFFD8
008400320092007C
008C0071000AFFEF
FFDC0018FF9F002F
002BFFC6FF8FFFF2
FFA20002000DFFEE
005A0025FFF80028
0030002AFFC4000C
FFA1FFD7002C002C
FF87FFD2FFCE006C
FFB2FFFF001DFFBF
FFD6FFB0FFD5FF8A
0050000B003B00AF
00490035FF9A0063
FF8FFFA70009FF7B
00750022005E0061
FFEBFFEBFFA4FFCF
FFC4003D0061FFA8
006AFFF9005FFF70
0006FFD9002CFFF4
00360052FFB20030
0036FFB6FF9BFF9F
00A3005400180036
004C007800600037
FFB7FFCEFFE1FFA6
FFC4FF95FFB1FFD3
001E0093FFAC0068
000AFFEAFFF000A7
FFEA00050013FFE4
FFD8FF8A00290009
FFE9005800230087
FFA8FFCAFFED002B
FF7000170025FFEB
0060002500690062
006A00630008FFE9
FFDE0012FFB6001A
0027FFD1FFACFFE9
FFB20012000DFFF2
004B0025FFEB0024
002F002BFFDA0001
FFB1FFD80014001F
FFB7FFD8FFC80040
FFD9FFFB000BFFC5
FFC1FFC6FFDAFFBF
003CFFF9003D0068
00270033FFCA0035
FFB1FFB8FFFBFFA6
003B00140027003A
FFF4FFF1FFBDFFE1
FFE3002D0039FFCF
003800110058FFB0
0014FFDE0015FFF3
00180035FFC30034
0023FFC5FFD6FFC2
006400340018001F
00390047004D001D
FFDAFFDAFFF1FFC8
FFEDFFB3FFD0FFEE
00150059FFCA0044
FFF50003FFFE0069
FFE200060000FFD1
FFE4FFB100240014
0003003300070057
FFD1FFCF00070032
FF910008001E0001
0037001C002C0030
00420036FFFDFFE2
FFE60009FFC6FFFA
0012FFEEFFBBFFD2
FFD100170016FFF4
0039001FFFF60015
002F0024FFF1000D
FFCAFFF000040021
FFBFFFD2FFC60028
FFFBFFF60019FFCF
FFD5FFD2FFD6FFCA
0036FFEB0029003F
0013002FFFD30035
FFD1FFC70003FFC7
0030000E000C002E
FFE4FFFDFFD1FFFD
FFE40021001EFFED
00190027002FFFC9
0016FFEA0006FFF5
0005001FFFE20036
001CFFD2FFE3FFEB
0039002A00220019
0033003F002A0005
FFE6FFE6FFF2FFD5
000BFFC6FFE7FFF0
FFFF0048FFF10039
FFD9FFFF00110046
FFD4FFF4FFF3FFCD
FFF1FFD60018000D
FFF40014FFF20040
FFD8FFC800110019
FFAEFFF20005000D
0033002400160013
0033001C0005FFE0
FFEBFFF1FFD6FFDD
00110010FFDBFFCC
FFD8001A0018FFEE
0024002700030010
00280022FFEE0022
FFC8000D00170023
FFC9FFDDFFCB001B
0005FFFB0018FFD4
FFDEFFD1FFE5FFCF
0033FFED0027003D
00080026FFDC0036
FFDAFFC80004FFD4
002C000A0001002D
FFE9FFF9FFD7FFFC
FFE70019001AFFED
001C00220025FFD3
0018FFE60005FFF7
00120019FFE70030
001EFFD7FFE7FFED
003A00260023001D
002E002E00280005
FFEAFFEBFFF5FFD4
000EFFCEFFE8FFEB
FFFF0033FFF4002D
FFD8FFF80014003E
FFDBFFF9FFF9FFD1
FFF3FFDA001F0003
FFF40011FFF8003A
FFDAFFC100160019
FFB5FFF8000F000C
0026002200120008
002A001A0011FFEB
FFF1FFF8FFE3FFD9
00180016FFDEFFCF
FFE000120015FFF7
001B00210006000A
001F001AFFF30028
FFD7000A0013001B
FFCDFFDAFFCF001B
0006FFF50015FFD4
FFE0FFD6FFE1FFCF
0032FFEE00260044
000C0018FFE40032
FFEAFFC60003FFCF
002E0003FFFD0027
FFEFFFF5FFD7FFFA
FFE600150012FFE3
002400190017FFD0
0019FFE10003FFF9
001C0016FFEF0029
0022FFD4FFE9FFE9
002D001B0022001B
002A002200240004
FFEFFFE5FFFAFFDD
000CFFD5FFE9FFE6
00030029FFF80027
FFD6FFF10021003C
FFDBFFF6FFF8FFD8
FFF7FFDA001E0007
FFF2000B00070034
FFDEFFC10012001B
FFC3FFF90015000B
001F00240013000D
002D001E0018FFF2
FFE90004FFE5FFE4
00220016FFC8FFD6
FFE1000B0019FFEF
0015001F000C0009
00210010FFF70022
FFE1000800070015
FFD2FFDEFFCE0018
0000FFFC0021FFCE
FFEBFFDDFFE5FFD4
002EFFF10025003D
00060016FFE90034
FFE2FFD0000BFFCF
002CFFF6FFF60023
FFEFFFF7FFD8FFF5
FFE80011000CFFE1
0024000E0019FFD2
001EFFE6000FFFF2
001D0014FFEE0023
001FFFD5FFE9FFE9
0031001900230020
0026002200240006
FFEEFFE9FFF7FFDB
000AFFD2FFE2FFEA
000A0023FFF80018
FFD9FFF1001A0038
FFDD0001FFFAFFD7
FFF1FFDE001CFFFF
FFF0000B000C0035
FFDCFFC900140015
FFC8FFFB0018000C
00110024001C000B
002D0028001DFFF8
FFEA0001FFEFFFF0
0028000DFFC8FFD0
FFE5000C001DFFF5
0016001E000C0008
00270011FFF40025
FFE8000400050018
FFD3FFDDFFCD001C
0002FFFF0025FFCC
FFF3FFDCFFE9FFD1
002AFFED00330036
0008001CFFEC002D
FFE4FFCF000DFFC7
002E0000FFF7002D
FFF2FFEDFFCEFFEE
FFDE0015001DFFD5
002E0005002FFFC4
0035FFEB001EFFEA
00270017FFF5001D
0025FFD0FFE6FFD5
0038000D0023001C
0023001F00340009
FFEFFFF1FFFAFFE1
000DFFD1FFE6FFE4
00140025FFF40008
FFDBFFF3001E0040
FFDA0000FFFCFFC2
FFE4FFCE001DFFFA
FFEA0019001A0044
FFE1FFCE000F002D
FFB40004002B0004
000B00210019000E
003F00300027000E
FFDD000BFFEE0005
001B0004FFB7FFC8
FFEAFFF90020FFFC
001F00210006FFFB
001E0018FFFA0028
FFE7FFF9FFF5001C
FFD4FFD1FFD10020
FFF900010020FFCF
FFF1FFDFFFEFFFC8
0020FFEA00370041
000A001EFFEC0034
FFDCFFD00010FFC4
002F000C00070034
FFF2FFEBFFD0FFE9
FFD900220025FFC9
003B0002003DFFBC
0042FFF5002CFFE4
00200021FFED0022
002AFFD3FFEDFFBF
0041000A0023001F
001C002700400007
FFEAFFF80002FFD7
0015FFD0FFEAFFDD
00170026FFF2FFFC
FFD4FFEC001B0042
FFE1FFFD0001FFB5
FFDCFFC300200004
FFE6002A00300051
FFD9FFD600020039
FF9D000B002FFFF4
0018001E001D0013
0042002700230022
FFD50006FFEA0019
00150007FFA4FFBF
FFE4FFEE0017000A
0021002E0008FFF9
0024002200060026
FFEBFFF0FFF8001C
FFCEFFCBFFCB0028
FFEF00020019FFCE
FFF2FFE2FFEEFFBB
0016FFE700440041
0015002BFFEF0040
FFCFFFD0001CFFC7
003400130013002D
FFEDFFDBFFC9FFDD
FFDE00300034FFBF
0057000B0051FFB6
005600070033FFD0
00250036FFEB002F
0030FFC9FFEDFFB0
003F0004003A001D
00270039004C0007
FFE0FFFE000BFFC2
0013FFC3FFE1FFDB
001F0031FFE8FFEE
FFCFFFEE00100051
FFE7FFF80006FFA3
FFD6FFB50027FFFF
FFDF003A0039006B
FFC6FFD5FFF7004A
FF7A0011003EFFE1
0022001A001D0018
0053002B00290036
FFCA000AFFE80030
000D0003FF94FFAD
FFE3FFDF0012000C
002F003D000CFFE9
0029003500030029
FFD9FFEC0001001C
FFC4FFB7FFBC0049
FFE40002002CFFBF
FFFAFFEAFFE8FFA8
001EFFD800620061
001D0038FFE40051
FFB6FFCC0039FFB6
00470017001B004A
FFD3FFDEFFB4FFDE
FFD400520049FFC1
006B00130058FF94
0080001E0052FFB8
00240053FFF80044
002EFFC6FFD0FF9B
004C000F005B002F
00430064005DFFF9
FFCA00140017FFB3
0038FFABFFE0FFCA
0024004CFFF5FFF3
FFBBFFEBFFF8005A
FFE7FFE9FFFBFF7C
FFCBFFAA002EFFFB
FFC2003F00360090
FFB2FFC4FFED0053
FF5B00010041FFC7
00420023001E0025
006F002F0043004C
FFAEFFEFFFDC003E
FFF80005FF70FF7D
FFC8FFD9000BFFFB
003F0069001BFFCA
003700490003004E
FFB4FFF0000F0026
FFBCFFADFFB7005F
FFD2FFFC0035FFC7
FFF4FFE6FFDCFFA3
001FFFCF0061006F
00280048FFE2005F
FF9FFFC4004EFFAA
00570020001E0053
FFD5FFDAFFA2FFD6
FFC200720051FFB6
00780016006CFF8D
007F0021006FFFA3
0027005AFFEF0056
0039FFACFFC1FF9C
0051001A00670034
005800730069FFF3
FFC90020001AFFAA
003FFFA7FFDCFFBE
0029004EFFFAFFFB
FFB0FFEDFFF00062
FFE1FFD6FFFAFF57
FFCAFF9A00320003
FFB60043004D00AB
FF9EFFAEFFDF005A
FF44FFF90040FFB7
0051003A00220022
007E0029005A0058
FFB0FFEAFFD0003F
FFFC0010FF60FF6C
FFACFFD8FFFDFFFB
0045008D0026FFBD
003D0056FFFB0062
FFA1FFF80024002A
FF9AFFA8FF970082
FFDE000A0046FFC2
FFF9FFE8FFD9FF98
0017FFAD006A0090
00290055FFD2006F
FF97FFCC0074FF9B
00720002000B007C
FFB7FFFEFF8FFFEA
FFC300840044FFB5
008C002B0054FF79
009100410062FF87
001E006C000B007A
0034FFAAFFA9FFB3
005D0029008B0060
0088009C005EFFD6
FFA8003F001FFF9B
0044FFAAFFE3FFBE
0021005D0008001E
FF9AFFEEFFF6006E
FFD5FFCDFFE7FF38
FFC6FF85003AFFFC
FF7A002E003600CB
FF8FFF9DFFDF0039
FF3BFFE10034FFA6
007D003800290021
0097002D008F0051
FFB8FFC0FFC1002C
00040023FF52FF48
FF8DFFD3FFF7FFE9
004100920037FFA5
00420057FFD70078
FF690005005F0051
FF8AFFAFFF8C0099
FFD100100047FFC4
0007FFC9FFD1FF6F
0018FFBE007500AD
0034004AFFE7008A
FF70FFCB0081FF9C
00920002001E0076
FFBB0002FF91FFDD
FFC400870033FFAE
00A4001D004DFF5F
0065003E003EFF85
0038008D0007008C
003CFFABFF93FFAF
0062003F00960063
00A900AE0049FFEE
FFA800340017FF9D
0035FFA5FFDCFFB7
0024007B00000041
FFA0FFDE000A007D
FFE9FFD6FFF9FF56
FFC7FF69002B0000
FF7B003A004900D2
FF86FF93FFCC0017
FF2E0005002DFFAC
0090004400420031
00970049008C0045
FFDAFFC8FFB6002C
002F0025FF53FF5B
FF88FFCCFFD7FFF5
003E00860036FFAA
003B006BFFC20074
FF53FFFB00870047
FF65FFB1FF7700C9
FFC500170054FFC3
001CFFB1FFD0FF3C
0017FFB6008600E6
00430059FFE600AD
FF5AFFBD0099FF86
00CAFFFD00250091
FFA8000CFF7DFFD8
FFAC0090002EFFA2
00B50011003FFF31
004100490033FF89
004C00AE000E009F
0047FFA3FF62FFAE
007D004E00A0008A
00DC00C1003AFFF8
FF92003F001CFFA1
0024FFABFFE6FFAF
000E00A5FFFB0079
FF94FFDA0026009A
FFE8FFD2000CFF64
FFB9FF3D0039FFFF
FF55003F005800FB
FF76FF76FFC00002
FF1800150027FFA8
00AD004B007A0044
00AE005F00B30035
FFE8FFD9FF9E002F
00500038FF40FF65
FF67FFCAFFCDFFF4
003800830046FFA6
00310066FF9A0070
FF24FFF000BB0054
FF53FFC0FF8300D7
FFD400230069FFC6
003DFF96FFD0FF1F
0023FFC9008C00FC
00430046FFF100B7
FF54FFC10095FF85
00E600020029008F
FFA10000FF8DFFD8
FFA100720021FF9B
00B70004001EFF16
000B00490014FF95
005300B1000800A3
0035FFB2FF43FFB2
0083005A009E008E
00F600B6001C000C
FF9600320009FFB9
0012FFB9FFF6FFC1
FFFD00CB00010091
FF9BFFDA003E009D
FFFEFFDB001EFFAE
FFC2FF2B002C000C
FF4F0039005D00F1
FF70FF7AFFCBFFE0
FF2A0038001EFFB8
00C9005C00910044
00A5007D00B50019
FFF7FFE2FF97003E
0065003AFF43FF95
FF65FFC3FFBEFFF2
002F006C0036FFB2
001C0064FF7C005F
FF16FFE600C40044
FF62FFC5FFBA00AF
FFDB00120074FFE6
005CFF71FFD1FF28
002FFFF1007900E6
00240044FFF400A2
FF81FFAE0061FF9C
00DE002A002E0054
FFC7FFE7FFBBFFE3
FF8A00330028FFA2
008DFFE70001FF0C
FFC30026000CFFBB
0056008AFFF00071
001CFFCEFF43FF9F
007B00460066006F
00C70083FFFE0030
FFAA000BFFFEFFEA
FFFEFFDC0000FFE1
FFF100D8FFF40086
FFA4FFDE0065008F
0018FFE9003A000B
FFC7FF3F0028000E
FF6A004A004C00C1
FFA0FF92FFE7FFD8
FF49006BFFFFFFD8
00BE006200A00042
008B009A0085FFF8
FFF3000AFFAB006C
006C0027FF5AFFD9
FF88FFCBFFC7FFF2
00180042001AFFC7
FFFB0061FF7D002B
FF4EFFDD0096000E
FF50FFE0FFC100AE
FFB500070059FFDD
0052FF62FFDCFF2E
003CFFFA005600DC
0029004100000089
FF7BFFB8003DFF98
00BD002A003D004F
FFD3FFC7FFC2FFC8
FFC100200042FFA6
0081FFF70015FF25
FFB500070001FFE6
005B008EFFC9005E
0011FFC3FF59FFA6
008C005300570050
00A40084000C0035
FFAFFFDEFFDCFFF3
FFEAFFCDFFECFFD9
FFED00E1FFDC008D
FFCDFFF50050008D
0029000F003F0027
FFD1FF510037000C
FF89004B003C009E
FFA4FFA8FFE9FFFE
FF4B007A000FFFDC
00AE0058009C0049
00730093006BFFF3
FFF00022FFBE0063
00610017FF66FFEA
FFA3FFC9FFD8FFF0
002E0031FFF2FFE2
FFF8005BFF89000F
FF5CFFD6006F000E
FF65FFE2FFD50091
FFC0000A0048FFF0
003EFF72FFEAFF4C
0044FFF8004200B4
0024003C00060055
FFB3FFC30022FF9A
00960032001E0038
FFE4FFC1FFCEFFC9
FFC000060045FFB4
005FFFF8001DFF51
FFB3FFF4FFF9FFF1
004E0069FFB9003C
0009FFD0FF8AFFBB
007A003400350050
0077004E001B003A
FFCAFFD8FFE30016
FFDBFFDFFFF8FFEB
FFE900BEFFDA007B
FFCD001A0052007A
0015000D00420028
FFDAFF6E003E0013
FFA6003C002C007E
FFC8FFC1FFF90011
FF650069000EFFE7
008E005300920030
005D007B005AFFF8
FFE40031FFCF005E
00430019FF7AFFF5
FFB3FFD1FFEAFFF4
00240011FFECFFDB
FFE60039FFA0FFF9
FF88FFD0004AFFFD
FF73FFE6FFCE0078
FFBD00040025FFEE
000DFF7FFFE3FF78
0042FFFF00280095
002E002CFFE90022
FFBBFFCB0009FF94
005B003200260038
FFFBFFC4FFCEFFCA
FFDFFFFE0050FFB9
004FFFFA0040FF79
FFC9FFD3FFFCFFF2
003B0053FFA80025
0010FFD0FFB4FFBC
0077003000220035
0043004000410035
FFD9FFBEFFD30009
FFD0FFD2FFE6FFE5
FFF80098FFD1006C
FFE70021003B0076
0007001B002E0008
FFE1FF8700370014
FFCF0039001A0064
FFE3FFE3FFFB002F
FF6D0044001EFFF9
00660044006F0030
00500063003C0003
FFDB002FFFDD0048
002AFFF8FF90FFEC
FFCCFFEB0001FFF1
00300011FFD9FFE5
FFFA0036FFC8FFE7
FFBBFFD30020FFFE
FF8CFFF0FFD00063
FFD500090017FFFA
FFDFFF99FFDCFFA4
0044FFFE002C007A
0030002BFFD50014
FFCDFFC4000CFF96
0044002200100027
FFF3FFCAFFC6FFE2
FFE40013004CFFC4
003CFFF90052FFA2
FFE7FFBD000DFFE3
00230026FFBC0027
0017FFCFFFCAFFD6
005300250006002A
002B003F00530023
FFF1FFDDFFECFFFE
FFD6FFC8FFDEFFF0
0003006EFFDA0058
FFF2002A001C0053
FFE500050010FFEB
FFEEFF9C00150013
FFE8002E00080055
FFE7FFE400050034
FF8F0013001C0004
004500420047001A
0048003B00340008
FFD9001DFFD50022
0000FFF1FFB1FFEA
FFC30010000FFFFC
003A0016FFE5FFED
0010002DFFE6FFEB
FFD5FFE900090005
FFA3FFEEFFCD0054
FFE00006000DFFF2
FFCAFFAFFFD8FFBA
003DFFF4002B005E
0028002AFFD60018
FFCFFFCB0004FFA1
0030001D000D0022
FFE5FFD7FFC7FFDB
FFF80011003AFFD1
002D000D0053FFB9
FFF8FFC70007FFDF
000E0028FFBA0026
0015FFCBFFD6FFDE
004A002900100021
0025003E00550014
FFF3FFD8FFEDFFED
FFE2FFC8FFD9FFEC
000B005DFFE20041
FFE8002A00160044
FFE000040003FFDD
FFF5FFA6000B0010
FFFA0027FFFE004E
FFE5FFE40006003C
FF9C0004001B0001
0039003F0030001A
0037003700220004
FFDD0015FFD20013
FFF9FFF0FFB9FFDC
FFD6001C000EFFFA
00380019FFE8FFED
00210031FFEBFFFE
FFD2FFE80007000F
FFBCFFF2FFCB0036
FFF9FFFC0006FFFE
FFCEFFC8FFD8FFC7
0038FFE400220041
00150034FFDC000E
FFEDFFDB0003FFB2
001B001DFFF8001F
FFF4FFDDFFD7FFF5
FFFA00180028FFE6
00120012004BFFCF
FFF0FFCBFFF9FFE5
000D000EFFCC0026
000FFFE4FFF2FFF3
0033001D00030015
0027003300470007
0007FFE1FFF3FFFA
FFF5FFD7FFEBFFE8
0001004FFFED0037
FFDA0031002A002E
FFE0FFF50001FFD1
FFF3FFBF000C000E
FFF200140000003B
FFFDFFDF00020035
FFAFFFFE000B0004
002B0038001F000F
003B0020001A0009
FFE3000CFFDB0003
FFE9FFF7FFD5FFCD
FFE500170019FFFE
002E000FFFF2FFE1
001B002DFFF10001
FFDFFFFD00150014
FFCCFFE5FFD10032
0002FFEA0011FFE9
FFCCFFD3FFCBFFD9
0032FFDB00260037
00110044FFE40017
FFF3FFCF000AFFCC
001F0016FFFA0014
FFEEFFE5FFD9FFFD
FFEB00120019FFF2
000E001F0035FFDF
FFF1FFE4FFFAFFE3
FFFC0016FFEE0035
0010FFE2FFE9000C
001E001600130004
002800390026FFFA
FFFDFFF70005FFF5
0007FFDAFFF1FFF9
FFF5003D0003003D
FFC7001D002D0022
FFD3FFEEFFF3FFD1
FFF6FFCCFFFE000E
FFE90010FFF50033
FFF3FFD2000C002C
FFBBFFEDFFF80004
0030004200160007
003F00120009FFEF
FFE8000CFFD7FFFC
FFFF0007FFDAFFD0
FFDE001D0017FFED
00140023FFFEFFF0
00170025FFED0010
FFD2000D0022001E
FFC4FFDCFFC90037
0006FFDB001BFFD7
FFC6FFD4FFB5FFCE
0043FFCC0032003E
001B004FFFDC0030
FFEAFFC4000FFFCC
00230012FFFF001D
FFDDFFE4FFD7FFFA
FFDF0014000CFFF1
00120030002FFFDA
FFF9FFE6FFFBFFDC
FFF10019FFF0004E
0016FFC9FFDF0011
001E00210024000B
002F0042001FFFFC
FFECFFF60006FFEE
000BFFCCFFF0FFF3
FFEA0051FFFC004B
FFB7000C00280031
FFC9FFE5FFE8FFC9
FFFCFFCE0007000A
FFE00011FFEB003F
FFE1FFC900150023
FFB5FFE7FFF60004
0038004500130007
0047001C0013FFDB
FFE7FFFDFFD0FFF4
00090009FFD7FFC4
FFD9001D0022FFE4
001500370005FFF7
0029002FFFE10023
FFBF00170036002B
FFCAFFD8FFCD002C
0003FFD20018FFD9
FFC7FFD7FFC1FFCF
003AFFDB0031003F
0017003FFFE5002F
FFE6FFC9FFFFFFD6
0021001000000017
FFE1FFE8FFDCFFFA
FFE8000E0014FFED
0016001F002DFFE0
FFFDFFDEFFFAFFE5
FFFB0019FFE20045
0018FFD7FFEA0008
0023002000200001
0026003B001A0007
FFEFFFF20001FFE4
0006FFD0FFEBFFEC
FFEC0040FFF40046
FFC0000800200036
FFD5FFF6FFE8FFCE
FFF7FFD500170003
FFE80010FFFA0035
FFDAFFC900110022
FFB8FFF300000008
002F00400014000F
003E001D000AFFEF
FFECFFFFFFCFFFF6
00180006FFD0FFCB
FFE600120014FFF5
001A002FFFFA0000
00210026FFF7001E
FFD6000600260022
FFD5FFE4FFD5002C
FFFAFFD0000DFFD6
FFCFFFD9FFCBFFD6
0039FFE300260032
00220035FFF10023
FFF2FFD0FFF9FFDE
0015000D0004000D
FFEFFFE2FFDAFFF3
FFE700090016FFE6
001B00100030FFE2
0000FFDEFFEDFFEB
000B0019FFE30033
0020FFD5FFF8FFFA
001E00170022FFFC
001A002400110015
FFF2FFECFFFDFFEC
0003FFDAFFE5FFEC
FFF2002DFFEB0038
FFC7FFFD001B003B
FFE1FFFDFFF5FFD9
FFF5FFD80029FFF8
FFF4000D00030027
FFDDFFD400070023
FFBAFFFE000C000F
0020003300140012
003400180006FFEE
FFEA0005FFDD0000
00200003FFCEFFD0
FFEBFFFF0013FFFB
001B002AFFF30004
0018001AFFF50013
FFE4FFFC001B0014
FFDFFFEAFFEB001A
FFF2FFDE0002FFD9
FFDEFFE0FFDDFFD6
002DFFF500260032
001A0022FFFF001C
FFF6FFE1FFF1FFEB
00040019000AFFFB
0007FFD6FFE5FFE6
FFEF00080023FFD6
002E0002003BFFE7
000EFFE9FFF7FFE9
00170014FFDA0020
002BFFDF000BFFE3
001F00030014FFFB
000D000A001B0020
0000FFE50000FFF7
FFF5FFE8FFE4FFEC
00060012FFE10010
FFDDFFFF00170033
FFEEFFFE0004FFE1
FFF0FFD9002AFFF9
000D0014001E0025
FFE6FFE30000002C
FFB1000F0021000E
000F002600130009
001A0011FFF9000D
FFEC001EFFE4000B
001C0000FFC8FFE3
FFF3FFF000040010
001B0022FFEFFFF4
000F000C000AFFFD
FFFCFFEBFFF8FFFF
FFE6FFEFFFF20018
FFECFFE00001FFD7
FFF4FFE5FFE3FFD8
0027FFFD0022002D
001E001700040012
FFF1FFEBFFF0FFF0
000000220011FFF7
0015FFCAFFE9FFE0
FFEE00060028FFD3
0039FFF50043FFDD
0017FFF10001FFE8
001C0016FFD9000B
0028FFE30012FFD0
001DFFF80019FFF9
FFFB0001001E001D
0009FFE600010000
FFF8FFE8FFE3FFEB
00120012FFDCFFF7
FFE20000000B0030
0002FFFB0008FFE5
FFEBFFDB0022FFFB
0015001F00290022
FFE6FFF1FFF90031
FFB00019002F0004
000600230010000C
00120014FFEF0020
FFE80023FFEC0021
000EFFFAFFC2FFEA
FFFEFFE1FFF8001C
00280021FFE9FFEF
000A000E001CFFFA
0009FFDCFFEDFFF5
FFE5FFEAFFEB0020
FFE6FFE20004FFCD
0006FFDEFFE4FFD3
001F00000025002F
001C001C00000016
FFE6FFEDFFF2FFE5
000600360019FFF3
0018FFBBFFE6FFDB
FFEC00100030FFC9
004BFFF00056FFD3
002BFFF10010FFE0
00260016FFDD0005
0027FFE10011FFBE
0027FFF40026FFFA
FFF50008002F001E
0006FFDE0005FFFA
FFF9FFE1FFDBFFE6
001F0015FFDEFFDE
FFDF000500060034
0012FFF9000DFFD8
FFE3FFD0001DFFFE
0012002B00350034
FFDDFFEFFFEB0047
FF9B00280047FFFF
000400260014000F
00120022FFF00036
FFDB002DFFF30030
000BFFF1FFB3FFDB
0000FFD4FFF40021
0037002EFFE7FFE8
000A001F002A0005
0010FFD8FFE7FFEE
FFE5FFD8FFEB0026
FFECFFE80015FFD4
0005FFECFFEEFFC2
0020FFF3003B003F
001A0021FFF4002D
FFDEFFDF000BFFDC
001B0039001A0008
0001FFBDFFD6FFDB
FFE0002B003DFFD0
0049FFFE0051FFC2
0040FFFF002FFFCB
001D002AFFE30012
0028FFDDFFFBFFB3
002FFFEF002C000B
000B0021003B000F
FFECFFF0000BFFE7
001EFFD8FFE6FFD8
001F0026FFF3FFD8
FFC8FFF8FFFF002D
0007FFEB000FFFB8
FFE1FFCC0026FFFC
FFF3002F0035004E
FFCFFFDDFFE90052
FF8800160042FFE6
00220026001A0015
0028001600120043
FFC00012FFF7002F
FFF50003FF9BFFB5
FFEDFFD300010016
003D004BFFF8FFD8
001A003300220022
FFF3FFDDFFF1FFF5
FFDEFFBEFFE2004D
FFE5FFF00026FFCF
0008FFEEFFE1FFC2
0028FFE2004B005C
00280031FFD6003E
FFBEFFD40028FFC4
00340041001C0033
FFF3FFBFFFB9FFDA
FFD000580057FFCF
0066FFFB0063FF9E
0076000F0051FFB8
00130040FFEC0023
0029FFD0FFE3FFA3
0045FFFA00490026
002900470051FFFD
FFDB000B001EFFD2
0042FFC0FFEDFFCA
002B0040FFFBFFD1
FFB4FFF2FFE9003F
0003FFDF0004FF8F
FFDAFFBB00250004
FFCD0032003E0072
FFB5FFCDFFDF005C
FF6500130047FFC4
0047002A001B0020
004A002600340053
FFA6FFFFFFE7003D
FFDD0001FF78FF8F
FFCCFFD0FFFE0007
0051007C0011FFBC
0028003C0016003A
FFCFFFDE00000004
FFC8FFB4FFC60062
FFF400080030FFCD
0003FFF6FFE9FFB4
002FFFCC005A006A
0027003FFFCC0044
FFBEFFC9004CFFA7
0050002800080062
FFD6FFDFFF9FFFE3
FFBE0067005AFFD3
0071000B005EFF8D
008700260054FFAA
0018004B000D003E
001FFFCAFFCBFFB6
0054FFFC00650046
004D0061005CFFF5
FFC5002F001DFFBD
0046FFB2FFF8FFC6
001B004F000DFFFC
FFA1FFF1FFF4004E
FFDFFFDBFFF8FF70
FFD0FFAD002B0000
FF9F001D002C008B
FFB2FFB6FFEE0051
FF59FFF1004BFFBE
00610027002C0020
006E002700630050
FF9FFFE4FFDC002B
FFDC000DFF75FF76
FFB8FFD00016FFF1
004E00890018FFB3
002A0037FFFA0051
FFA7FFE600210026
FF9AFFABFFA00094
FFEA00140032FFBA
FFFCFFE9FFE0FF99
0024FFB000650092
00270057FFB00064
FFA1FFCD006EFF8B
0074000F00070097
FFBF0002FF83FFE8
FFC400870061FFC3
009D0016005CFF73
00A90049004EFF8D
001C006F0021006C
002DFFB6FFADFFBD
0072001B0096006A
007100A4005FFFDD
FF99003F0014FF9F
004AFF9FFFF1FFB5
001400660008001E
FF99FFE0FFED0073
FFD9FFCCFFECFF47
FFBDFF8B002EFFFF
FF67001F002900B7
FF9CFFA8FFE1004A
FF2DFFE20046FF9E
0090001E00390031
009600310085005A
FF9EFFCAFFCC001E
FFEC0004FF63FF57
FF9FFFBE0012FFE7
004F0093001DFFA6
0033003AFFD2006D
FF71FFEA00560057
FF7CFFACFF8000D5
FFD7001A0035FFAC
FFF5FFCFFFDEFF7C
001FFF99007300D1
00340067FF7D0087
FF74FFBD009CFF6E
00A9FFFF001500D9
FFB10035FF62FFE8
FFB800AE006FFFA6
00DB000A0055FF56
00AA005A0057FF85
00280088002D0091
0048FF91FF7CFFC1
009F003400BD0086
009700E90054FFEB
FF740042000FFF7B
003EFF79FFF3FFA7
001B008200010053
FFA3FFD0FFED00A4
FFD5FFBBFFE3FF37
FF97FF6D002A0011
FF3A002F004600E1
FF90FF9FFFCB003B
FF0EFFE60041FF7B
00C4001D005B004A
00BF004500980060
FFB1FFC7FFA70018
000CFFF0FF52FF57
FF78FFBEFFF8FFE5
004F009F0038FFAC
003E0032FFAD0070
FF47FFF2008D0082
FF60FFACFF630105
FFC30018003AFFA5
FFF7FFB2FFE1FF55
0022FF940073011B
004D0077FF5C00C0
FF5FFFAD00B2FF4D
00E9FFF2001E0106
FFA80052FF45FFDC
FFAC00BC0079FF92
010AFFEB004BFF2E
00920068005CFF81
0040009A003500AC
005BFF71FF3DFFC8
00D1005300D800A2
00BE011E004D0003
FF5900450021FF60
001DFF6AFFF1FF98
000F00ABFFEF008E
FFAAFFBFFFEE00D4
FFD7FFACFFEDFF4C
FF7EFF4900200019
FF13003F00600104
FF7BFF8AFFAF0016
FEFCFFF30037FF64
00F0001900920070
00DD006300A80052
FFD2FFDEFF81000F
0031FFE0FF4DFF7A
FF5DFFBDFFEFFFDF
004F009C004FFFC1
0046001CFF7B006D
FF25FFF000C200A2
FF46FFBEFF50010E
FFC100140037FFAC
FFFDFF9AFFDDFF32
002CFFAA00730138
005C0073FF5C00EC
FF46FFAA00B8FF3E
0104FFF400360114
FFB1005BFF43FFCC
FFB300CB0074FF82
0134FFDD004CFF11
00620060004AFF8A
005800AB001D00C2
0064FF6BFF17FFB6
00DD006C00DE00A1
00DB01340050001D
FF5D002D001EFF45
000DFF5DFFE3FF8D
001500C8FFE900AA
FFC4FFAAFFFE00E7
FFE3FFA5FFFFFF7E
FF75FF3F000A002B
FF0D004C00790104
FF7CFF88FF9BFFF8
FEFE0007003DFF66
010B002200AB0088
00EA007C0097003B
FFEBFFD5FF710009
0051FFD7FF4FFF8E
FF54FFC4FFEBFFD7
005600980056FFD6
00480020FF62005F
FF1DFFEB00D600A2
FF41FFCCFF6E00F7
FFA900090041FFB2
0021FF7BFFF2FF23
0037FFD2006E0131
005B0067FF6400DA
FF57FF9C0094FF46
0105000F005000EB
FFCB0039FF4CFFC8
FFAA0096007FFF6E
011FFFCB003DFF01
002200410047FFBB
0074009F00080090
0051FF79FF0BFF9A
00F2006400BE007E
00BB01110041004B
FF69000A0014FF6C
FFE9FF6AFFDFFF93
001200D8FFD000B1
FFD0FFB7000200F5
0003FFBD0016FFCF
FF7CFF4600160025
FF2C005A006F00F5
FF80FF8BFFA5FFFB
FF1700320037FF8C
00F4002400C60097
00D2009B00740027
FFFD0007FF820041
005AFFC8FF63FFCF
FF72FFB9FFE7FFD8
005300690035FFEC
001A0016FF70003D
FF3AFFD800B30070
FF3CFFD0FF9200E2
FF8AFFF00041FFB5
0031FF54FFD7FF20
00420007005E012F
005A0055FF5F00BB
FF49FF8E005AFF49
00E90039008B00BB
FFEE0009FF63FFC5
FFAB00620089FF6E
00F5FFAD004DFEF3
FFDB0009004BFFCF
008C0099FFCD005C
0049FF93FF12FF72
00F7006E008A004D
009200F600480077
FF67FFD7FFEFFF7E
FFC7FF72FFBFFF98
001C00EFFFAB00A4
FFF9FFB0FFFF0101
001CFFD90026FFFA
FF8FFF4A00240019
FF630079006E00DA
FF87FFB5FFA9000A
FF23005D0035FFB6
00D6002B00D700B9
00C300C1003E000F
FFEF001DFF9E0073
0072FFA1FF65FFE5
FF8AFFCCFFDAFFDC
0050006000040023
00170036FF950013
FF73FFC2007A003F
FF32FFD3FFA400D6
FF6DFFE10017FFAE
0021FF46FFCCFF30
0045001B00400118
005A0056FF64008D
FF48FF960033FF40
00C2004500A900B1
0012FFECFF74FFC3
FFCE004D0096FF72
00EAFFC40071FF01
FFC9FFEE003AFFEF
009A009EFF9B003C
0040FF95FF3EFF5D
00FC006B006C002E
007000DE0055007A
FF66FFA0FFCFFF84
FFA2FF76FF9CFF85
001E00F5FF7E00A2
0010FFBD0000010C
0029FFFA002FFFFB
FF92FF5800360015
FF870083005B00BC
FF96FFCBFF9E002A
FF120060003AFFC6
00BD002300CB00C3
00AF00CA0014000B
FFDE002DFFB0007B
0080FF83FF74FFE5
FFAEFFC8FFE4FFE1
005F004BFFD1002E
00130039FFA8FFF6
FF94FFB3005E0035
FF43FFD8FFB900BC
FF71FFDC000BFFBD
000DFF57FFCCFF55
0041001F002800F5
00540058FF71005A
FF6CFF9F0012FF4E
009B004C0091008B
0022FFDAFF84FFD0
FFDD00390096FF7D
00BCFFC9007AFF27
FFC7FFD80032FFFA
0084007AFF960022
0035FFA8FF67FF6F
00E8005A0044001F
004300B5005B0068
FF81FFA1FFD5FFA8
FF94FF8EFF9FFF98
001200D7FF750092
0018FFDCFFF400F2
0027000D002BFFFC
FFA7FF7000350012
FFA300740040009B
FFABFFE0FFAF003D
FF310050002FFFD7
008F001D00B500A9
009200AD000E0009
FFD20037FFC30070
0063FF83FF91FFF6
FFBBFFD5FFF3FFEA
00570032FFC3002A
00000024FFC6FFDD
FFB9FFAF003D0024
FF58FFD8FFB400A5
FF99FFF3001BFFCE
FFDEFF6FFFBFFF72
00490011003000E7
0054003EFF7A003E
FF76FF990018FF5E
007C00380078006B
0003FFD3FF89FFDC
FFD400450083FF96
0091FFDC007FFF50
FFE8FFC10044FFD3
0050004FFFAB0030
003DFFA8FF73FF9B
00AB0051002A0017
003C00A300720042
FFA5FFB9FFEDFFAE
FFB0FF88FFA2FFB5
001B00A6FFAB0081
0018FFE9FFEA00B6
FFF1FFF90006FFE3
FFD4FF75000E001B
FFC4005C001E008B
FFA7FFD3FFDC0035
FF5F00100032FFF4
007B0043007B0071
00820079001C000A
FFD5001FFFB3003D
0035FF9DFF97FFF0
FF9C0008FFFDFFE8
004E0048FFD10025
00290032FFE2FFF0
FFBCFFD5001D001F
FF79FFDAFFAC0081
FFA0FFDEFFF8FFCB
FFC1FF8BFFB3FF9C
00500013002100B7
004C004DFF6E002D
FF8FFFA9000EFF6B
0062002D00630064
000AFFD4FF90FFE5
FFE3004A0075FFA7
0074FFE7008DFF81
FFFDFFC30036FFD8
003C0041FFA2002E
003FFFAAFFA4FFB1
008E004400130016
00260087006F0034
FFBEFFB5FFF2FFB7
FFB4FF93FF98FFB1
0018008DFFA10071
0008FFEEFFEA009A
FFEBFFF1FFFAFFCE
FFD8FF96000C001B
FFE8005B000A0077
FFB5FFD1FFD7003F
FF6E0002002BFFED
0059003C0061006B
00620063FFF3FFFB
FFDA0023FFB90022
0028FFA0FFB4FFE9
FFA700140012FFE9
005E0030FFD90024
00290026FFF4FFE8
FFDEFFD900180026
FFA0FFDAFFBF0066
FFC8FFE9FFF8FFDC
FFC1FF9FFFB8FFB3
0043000000100087
0035004BFF9D0019
FFBDFFBC0008FF90
003C0021003E0043
0004FFD7FFB0FFE5
FFF000240052FFC6
005800000070FFAD
FFFBFFD3001CFFD9
0025001FFFC3001F
002FFFBFFFBFFFD2
0069002A001D0007
000C005D00560022
FFCDFFCA0002FFCD
FFCBFFABFFB8FFD1
00070066FFCB0058
FFEFFFFFFFF80063
FFD6FFF1FFEDFFD7
FFEBFFB8FFF2001A
FFE7003E0005004E
FFCEFFD6FFE40033
FF97FFF100130005
004B003F003A0040
00420042FFF5FFF2
FFE00019FFB80018
0014FFC3FFC5FFF2
FFBF001A0008FFF4
003C0033FFE10016
00210027FFEDFFF6
FFE0FFE7000D0026
FFB5FFDFFFB9005D
FFD6FFD3FFEEFFD0
FFBBFF9EFF9DFFBC
0037FFF80017006B
003C0052FFB4001C
FFBDFFBB0003FFA7
002B0020002F0028
FFF5FFCBFFC0FFEF
FFF1000C003AFFD1
004A000B0074FFC9
0002FFD50012FFCD
0016001AFFD0002C
002CFFB0FFCBFFE3
004200220037FFFF
FFFE004E004A0020
FFD1FFC90003FFE8
FFD8FFB0FFC1FFEB
00050065FFD70057
FFE0000FFFEE004B
FFD8FFE6FFDEFFD0
FFEAFFB8FFF1001A
FFFA003BFFFD0043
FFD0FFDFFFF50038
FF9DFFF50015000C
0040004A00230036
002D003FFFEFFFEC
FFEF001BFFB80013
0014FFD5FFD0FFEC
FFCF001FFFFEFFF6
003B003FFFE70015
00240036FFE7000D
FFDCFFEA00160028
FFD5FFD3FFC9003C
FFFDFFCEFFFDFFDE
FFC6FFAFFF9FFFCF
0032FFE800160048
0023004BFFC70009
FFDCFFC10009FFC6
001C00130010001D
FFE8FFDDFFCF001B
FFDA00090016FFF4
002400140043FFCE
FFF2FFE50001FFCD
0005000DFFF6003E
0018FFC8FFD3FFFF
00180019003CFFF6
00170046001C0000
FFDFFFD8000CFFF5
FFFDFFC5FFE1FFF3
FFFA0058FFF6004F
FFC4000D000B0039
FFD0FFE4FFD4FFCD
0001FFD0FFF20016
FFEB002EFFEE0036
FFD8FFE0FFFB001A
FFC0FFEDFFF9000E
0041004A0010002D
00300031FFFBFFD8
FFE1FFFFFFC00014
000BFFEDFFE4FFDD
FFDA0017000AFFE8
0020003D00020002
00160035FFE30016
FFD6000300350029
FFD2FFE0FFC9003C
0000FFD30018FFD3
FFCAFFBBFFADFFC5
0042FFE0000E0038
00240041FFD40015
FFE6FFBE000DFFC5
001D0001FFFB002C
FFEDFFD9FFC7000C
FFC60002001AFFF6
001D001A002DFFDB
FFFEFFD9FFFAFFD2
FFFE0006FFFA0043
001EFFB7FFD50016
0012001D0035FFFF
002300460011FFFD
FFEAFFDF000DFFFE
0011FFB9FFF1FFFD
FFE7004400020052
FFB5000C000C0030
FFC6FFE7FFD0FFC3
0006FFD4FFFD0016
FFDD0022FFE80036
FFD5FFC8000C0015
FFCFFFE200030010
003F0052000B0019
002900110006FFD2
FFEDFFF9FFCCFFF5
00070007FFDFFFCD
FFD9000F0014FFE6
0012003F0014FFFF
0010002EFFDB0024
FFD000100034002E
FFCAFFE5FFC90036
0000FFD80016FFCF
FFCEFFBCFFB6FFC5
004CFFDB00100034
00220040FFE50015
FFE8FFB6000AFFC9
0019FFFEFFFA001E
FFEDFFDCFFCF000A
FFBD00020021FFF4
001F00160027FFDC
0000FFD3FFF5FFD9
0005000EFFF60046
0022FFB9FFDC001A
000B00230040000B
002500460015FFF9
FFEDFFE20009FFF4
0009FFBCFFE3FFF1
FFE00041FFF90058
FFB9FFFD000C003A
FFBEFFEDFFD4FFCB
0009FFC800060017
FFDC001AFFE50029
FFD3FFCA00160019
FFC8FFE400100016
003400560012001A
0033001A000DFFD9
FFE5FFFCFFD2FFF5
0017FFF8FFDAFFCB
FFE1000B0017FFDE
001C0041000A000C
0018002AFFE9001C
FFC800080038002C
FFD2FFEAFFCE002E
FFFDFFD40013FFD5
FFDAFFC4FFC9FFCE
0048FFE60015003A
00230032FFED001C
FFE8FFC90005FFDD
001C000E00090017
FFFBFFD6FFCFFFF0
FFCF000A0020FFEF
002700120029FFDA
0006FFD6FFFFFFE1
00190016FFDC003C
0021FFB8FFE8000E
00120015003B0000
0023003200170010
FFEAFFDEFFFAFFEF
FFFEFFCAFFD3FFDE
FFF1002EFFE90042
FFCEFFF500100044
FFCEFFF7FFECFFD0
0004FFCC0017000B
FFF80020FFF90025
FFD0FFCD00180014
FFB9FFF700110011
0025004200110014
0028001C000AFFE8
FFE1000EFFD3FFFE
001EFFEEFFCDFFD2
FFE5FFF5000BFFE8
00180036FFF1000F
00150020FFF7001D
FFE0FFF800230015
FFDBFFF1FFDD001C
FFF7FFE8000EFFE3
FFE4FFD1FFDDFFD4
0034FFF000180037
0017001EFFFB0018
FFE5FFD0FFFFFFE1
001B000C0006000F
0009FFD7FFD6FFEB
FFD60009001FFFE8
002500050027FFD8
0009FFD80000FFE5
00220012FFD70029
0027FFC0FFF0FFF8
0016000D00280005
001B001A001E0015
FFF0FFE6FFF5FFF8
FFF7FFD6FFD6FFDF
00040019FFE6002B
FFE1FFF7000F0034
FFE200020001FFDA
FFFCFFCF001D0009
0002002300100021
FFE2FFD5000C0012
FFC00005001D000F
0018002B00180018
00180016000AFFF7
FFE20015FFDBFFFC
0016FFF5FFC3FFDD
FFEDFFE70007FFF1
0012002BFFF20009
00120014FFFF0015
FFFAFFEE00080007
FFE6FFEFFFE60016
FFF2FFE3000CFFE7
FFE9FFD9FFE3FFCD
002D000100230035
001F000FFFFF0028
FFDCFFCCFFFBFFE5
00150024001A000A
0026FFCAFFCFFFD8
FFDB00160032FFCE
0031FFFA003BFFCB
0012FFD90011FFDD
00270018FFCB001E
003AFFB9FFECFFD1
0027000A0026FFF6
0014001600350027
FFF6FFE4FFF5FFEA
FFFAFFCBFFD9FFE0
001C0012FFDF0016
FFE7FFF7000E0040
FFF4FFFA0008FFD4
FFEEFFCE00200002
000E003200390039
FFDDFFD600000029
FFA5001900350004
0018002500190023
0016001600010014
FFDF0025FFD20018
000EFFEFFFABFFDF
FFF8FFD900020009
00290037FFF2FFFA
000E001C0012000E
000EFFDCFFEBFFFB
FFEFFFE2FFE8000D
FFE7FFF0000CFFE6
FFEBFFDDFFEDFFCA
001D000E00320043
001B000CFFF9003D
FFD1FFD3FFFBFFE3
00130030002C000F
0029FFC5FFD4FFCE
FFE70023003AFFC7
00420002004FFFBF
0028FFE90018FFDA
002D0023FFCB0018
0047FFC7FFEFFFAB
003500080024FFF4
0016001400430029
FFF0FFDAFFFEFFD7
0001FFCCFFD7FFDC
002F0018FFE0FFFB
FFE4FFEF000A0042
0000FFFE0016FFCB
FFE0FFCA001E0006
0005003E0050004F
FFD6FFD2FFEB0035
FF8B00240039FFF9
001E001E00140027
001B001AFFF4001F
FFD80026FFD20029
000DFFF8FF96FFDC
FFF4FFD0FFFF0016
00310042FFFCFFF9
0019002C000E0011
000BFFDDFFE0FFF3
FFE8FFD3FFE00023
FFE0FFED0019FFE2
FFE8FFD8FFEDFFC3
001C000600470055
002B0013FFEB0057
FFC3FFCF0008FFDB
0026003E0037001A
0021FFC8FFB9FFC6
FFDA003A004BFFC3
00580006005AFFA6
0040FFF80031FFCC
00350034FFD50023
004AFFBDFFDAFF99
004300090039FFFA
00300034004F0028
FFDCFFE60007FFC5
001CFFC4FFDBFFD6
00380021FFE5FFF7
FFDBFFEBFFFB0053
FFFEFFF20010FFB4
FFD2FFB700230004
FFEF0049005D0072
FFC8FFC2FFDF0042
FF6F0023003FFFEC
0034002300140036
003A00190009002E
FFCD001FFFD10034
0001FFFFFF7EFFC5
FFE5FFCAFFFF0011
003E005D000EFFE8
001C003A00020027
FFF1FFE0FFEEFFF5
FFCCFFD7FFC40054
FFE0FFFB001FFFD3
FFE2FFDAFFE6FFB8
0024FFEE004E0079
0032002AFFC5006B
FFB1FFCA0034FFB2
00490028002A0052
0000FFEAFFA0FFC0
FFCD005E004FFFB9
007AFFFC005FFF8F
00600007003AFFB1
00310045FFEA003C
0054FFB2FFBCFFA8
0059001F005A0027
0050006700540012
FFB900060009FFA8
0027FFB5FFD9FFC7
0032003EFFEF0012
FFC7FFDBFFF70068
FFEEFFDC0009FF90
FFC0FF9D002B000A
FFB9004300510095
FFB9FFC0FFD80036
FF57000A0035FFD4
0062001E002D0042
0058002000330034
FFC30008FFBF0026
0001FFFCFF6BFFA1
FFBFFFD50003FFFF
0047006C0025FFE4
003D003EFFD90039
FFC6FFE7001F001A
FFA9FFD2FFAD0083
FFE2FFFF002FFFC0
FFEEFFC9FFE5FF96
0026FFE1005A00A0
002C0048FFB40088
FF99FFC00053FF93
007C0018001F0085
FFE20000FF8CFFC6
FFBF00750050FFAE
009600010052FF70
005C00180038FFA7
003A005FFFFA005C
0054FFA2FF95FFB5
007C0039007B0048
0078009200500006
FF9A00140001FF98
0023FFA9FFD9FFB7
001F0061FFF30039
FFBAFFDAFFFA0080
FFECFFD50005FF88
FFB1FF82002D0008
FF830044004E00B0
FFA8FFA6FFD0002E
FF4000060031FFBC
007C0026004B004F
007D003D005B0032
FFC1FFF5FFB50020
0017FFF6FF5DFF92
FFABFFD3FFFEFFF9
004300710027FFE1
0038003BFFB10054
FF98FFEE00580043
FF88FFC6FF8300BA
FFDE00050042FFC3
0011FFB8FFDEFF61
0033FFD7006500E1
0043004DFFB200B8
FF6FFFC20081FF8D
00BF000D002600A9
FFC70011FF78FFB4
FFAF00830051FF9B
00BCFFF20044FF48
004A0036002BFF9C
0046008AFFF80086
0053FF98FF62FFC2
00A7004900A50076
00B100B7003E001B
FF8500220000FF8A
0016FFA1FFD2FFB9
00110094FFF80067
FFB2FFCD000600A8
FFEAFFBF000BFF92
FFA4FF67002AFFF9
FF600041006900D2
FF7DFF91FFBE000B
FF28001C002FFF97
00AD00380077005E
009300660076002B
FFDCFFF0FF9D0024
003D0009FF46FF9F
FF86FFC1FFE4FFFA
00490074003BFFD5
002E003AFF8C005C
FF5AFFD40097004D
FF53FFBBFF6300F7
FFDA000D0054FFB2
0020FFB1FFCCFF42
002EFFC0006D011B
004D0068FF8B00DF
FF56FFBB00AAFF69
00FEFFFF001C00D5
FFAB0037FF61FFBE
FF99009A0052FF8A
00E7FFEE002EFF25
0048004C0022FF8A
004000A0000F009F
005EFF7AFF2EFFD1
00CD006700BF00B1
00DA00EB003C0018
FF71003C000AFF79
FFFFFF95FFD7FFAD
FFFC00C7FFFA009A
FF9EFFBF000A00C7
FFDEFFA50006FF9A
FF96FF3F001B0000
FF2C0034006600FB
FF61FF77FFB1FFF0
FF1F0010001DFF7A
00E3003E00B20073
00BE0082009E0019
FFE8FFE9FF7F0013
005A0003FF47FFA8
FF62FFD2FFD3FFED
004900730058FFD6
003D001FFF5E0067
FF22FFDB00D20075
FF3FFFBFFF670105
FFD500130065FFAC
0039FF99FFCEFF13
003AFFC70079012F
00470073FF9C00F6
FF49FFAF00ABFF64
011A0000002A00D3
FF950031FF68FFC1
FF9300840050FF85
00E9FFEF001CFF05
0022004F0017FF9B
005800B7000400B0
0054FF7CFF15FFCA
00D7007000C100B5
00F500F1002E001F
FF6E002F0008FF85
FFF6FF92FFD8FFB0
FFEC00E9FFFC00B6
FF9CFFBF001D00CD
FFE7FFAF0015FFC3
FF9EFF2B001E0002
FF280040006800FF
FF58FF6AFFB1FFE4
FF200028001DFF87
00EE004F00CF0081
00CB009D009E0004
FFF3FFF9FF830020
00700009FF46FFBC
FF5DFFC7FFD7FFE5
004800620046FFDE
002F0027FF450067
FF07FFD900DD0073
FF28FFBEFF7C0111
FFBC00190075FFAE
0062FF7EFFD1FEE5
0046FFDD007E0141
004A0074FFA90115
FF46FFAB00A2FF55
0136000D004500D5
FF9A001EFF6CFFBA
FF8600680059FF78
00F5FFEA0010FEDE
FFFB0049000CFFA8
007200C7FFF600AA
004BFF90FEFAFFA9
00F6008400BC00B3
010900F800230033
FF6E0024FFF0FF88
FFE5FF91FFDCFFB2
FFEB0114FFE800C6
FF9EFFB6002500DF
0004FFBC0031FFED
FF9CFF1E0020FFFF
FF2B005700700107
FF51FF6BFFA7FFDE
FF1200460018FF91
00FE005500F10089
00D400C00097FFF1
FFFF0001FF8E0043
00830008FF4CFFD9
FF5EFFBBFFC4FFE9
004600560036FFE3
001B0036FF36005D
FEF9FFC600D90061
FF25FFC6FF9E00E8
FFA2000F0062FFAF
005AFF6CFFDEFEF0
004BFFF4006A0127
00480062FFB400F4
FF55FFAE006CFF54
010F001D005C00B3
FFB6FFFDFF7FFFBF
FF900044005BFF83
00DFFFEE0019FEEE
FFE500280004FFCC
008100AFFFD20085
0046FFA5FF17FF93
00EA0083008F0091
00E500D70028003C
FF78FFF3FFE2FFA0
FFD0FF99FFD6FFAE
FFEF0107FFCE00B5
FFB9FFC2002100DA
0012FFDD003F0008
FFB0FF2C00320003
FF4F005F005900E7
FF61FF7BFFB8FFF2
FF2D00500029FFB5
00E3004A00E9008C
00B200C20073FFEB
FFF60014FFAB004C
0080FFFEFF63FFE4
FF80FFB7FFD3FFE0
0046003B0011FFF2
000B0030FF52003E
FF21FFBF00A70043
FF36FFD1FFAA00CD
FF9BFFFF0062FFA2
0068FF68FFF6FEEE
004CFFFC00600106
00430059FFD600CA
FF65FFBB0049FF67
00ED002A005C008D
FFC5FFEAFF8FFFBD
FFAA00270056FF8A
00C1FFE10013FEFC
FFCF000FFFF9FFEB
008400A6FFC00067
0033FFC5FF39FF86
00E50076007F0077
00C400BF0022003C
FF90FFE2FFDDFFBC
FFD1FFA1FFE4FFAA
FFE800FDFFC800A1
FFC3FFDC002000D0
002CFFFE004D0024
FFBCFF3D003EFFFD
FF6D005F004F00CE
FF75FF97FFC5FFFF
FF40006A002FFFD0
00BE003900E50087
00A600BC0059FFF4
FFEB0023FFC30060
006EFFF0FF73FFF8
FFA0FFB2FFDCFFEC
0041001CFFFBFFF2
FFF3002CFF730025
FF39FFBC007E0035
FF49FFD5FFA000A6
FFAAFFF9005DFFC3
004EFF74FFE5FF10
005B0004005C00FD
0043003CFFBF0095
FF6DFFB40046FF71
00CC002E005B0077
FFCDFFEBFF8AFFD5
FFA1003F0054FF94
009BFFDC0029FF16
FFD4FFE70012FFDD
006E007DFFC2005F
002FFFCEFF56FF97
00B7005E0053005D
00AB00B9002D003F
FFA8FFD8FFEDFFC3
FFE1FF9EFFD9FFB7
FFF500DAFFD5008E
FFDAFFE2001D00C3
0011FFF0002E000D
FFDAFF5000290006
FF90005E003E00C3
FF80FFACFFE2FFF6
FF610049002FFFE1
00B0004200B80076
00A5009600470002
FFD90012FFC2004D
004AFFE7FF7BFFEF
FF9BFFD2FFEAFFF0
0041001DFFF3FFF8
0000003CFFA20013
FF64FFD6005E001E
FF62FFD4FFDF0092
FF85FFD2002BFFB0
004CFF77FFEDFF47
0042000D001900BC
003D004DFFD50051
FF8BFFE20004FF81
009100470066005F
FFFEFFD2FFB5FFBF
FFD9FFFB0057FF9F
008AFFE6002DFF38
FFBDFFECFFF50019
007C007FFF950018
0008FFE5FF95FF84
00CE0051004A0043
0076007300190040
FF9EFFABFFD0FFDF
FFBCFFCDFFD8FFB4
FFED00DBFF97006E
FFE5FFFE001C00CB
004A002E0048001F
FFCAFF770064FFFC
FFAE005E002E008B
FFA3FFDEFFC0001E
FF5800710025FFDA
0079000F00B7008C
007400A8001AFFF9
FFCD003CFFEF0068
0064FFCFFF98FFFB
FFDAFFAFFFE6FFF6
003EFFECFFC7FFFC
FFD2001DFFB3FFDE
FF8AFFAA004E0016
FF76FFD9FFC1006A
FFABFFE4002AFFC6
0007FF94FFDDFF71
00510006001C00A4
00410034FFC70016
FF9DFFD40005FF85
00600032003E003D
FFFAFFC0FFADFFD7
FFD5001B0059FFB0
005FFFF10050FF75
FFE1FFB40015FFED
004B003DFFA10020
0019FFDBFFC8FFB5
008900380011002F
00450062004D002C
FFD3FFBAFFF0FFE7
FFCCFFBCFFC6FFC7
FFFA0095FFB8005C
FFF3001B000700A0
000C00160012FFEC
FFF3FF880035000D
FFDD004C0011007A
FFACFFD7FFF50027
FF84002800360003
0057002F0069004C
005C0063001B0018
FFCD0020FFDA002D
0021FFD5FFA1FFF3
FFCBFFED0002FFFF
00430002FFCDFFF3
FFF8002BFFF3FFE4
FFC2FFD2001F0010
FF8AFFDBFFC60054
FFC1FFE5000EFFCC
FFD5FFA2FFCBFF9A
0046FFFC0015007C
00320035FFD30001
FFAEFFD0FFFEFF8D
003A002E002F0021
FFF7FFBEFFC2FFE2
FFE10018004BFFBA
004AFFFE0065FFAF
FFF7FFBD001CFFE1
00280021FFAB0028
0016FFD3FFEDFFD2
0060001E00100021
001A004C00570014
FFEAFFBEFFF9FFEE
FFD0FFBDFFBFFFCE
FFFC0062FFCE0046
FFF10020FFFE006E
FFEF0006FFF6FFD3
FFFBFFA4000E0017
FFFA0043FFFE0051
FFC5FFDE0007003F
FF8F00040039000B
003A004300380030
004100490002001E
FFD70020FFD60015
0013FFD0FFB3FFF1
FFD5000500040000
003F000BFFC6FFF3
000E00330012FFFA
FFD7FFE0000D0016
FFA2FFD3FFC20032
FFE8FFDEFFFEFFD8
FFC4FFB6FFB4FFA4
0047FFF000140059
0016003BFFC90008
FFC1FFCEFFFBFFA8
0027001E001D0025
FFF1FFC6FFD00000
FFEA00190036FFD4
002B001D0055FFCA
FFFFFFC80001FFE0
00130012FFC1003A
0018FFDC0003FFE6
0045001D0000001A
0017005700450002
FFFCFFC8FFF3FFE4
FFEDFFBCFFC4FFDC
FFF3005AFFDC0049
FFE4001600070050
FFD9FFF7FFDFFFB8
0006FFBF000A000C
FFFC003EFFFA0040
FFCAFFD5000B002D
FFA0FFF400240015
003D004400120025
0038002BFFFF0005
FFE00002FFD5FFEF
0006FFE7FFD1FFDA
FFE000150018FFFD
00380018FFD7FFF9
001F0044000D0009
FFE1FFFD0017001C
FFBAFFD9FFC20030
FFF4FFBAFFFBFFC7
FFD3FFBBFFACFFB4
003EFFE100120037
001B0047FFE60014
FFE3FFD5FFEEFFC7
000A0020000B000D
FFFCFFC4FFDC0007
FFF4FFFD0016FFE3
0026001E003FFFE8
FFFCFFDCFFE9FFEF
000C0011FFCF0037
001DFFE30004FFF5
00290011002E000D
00060041001E0008
FFF3FFCAFFFBFFFC
FFF8FFD1FFE6FFE4
FFE00052FFED0045
FFC3001A000E0045
FFE7FFE5FFD6FFC2
FFFDFFDA0012FFFA
FFF00023FFF60032
FFDAFFDE00060037
FFAE0004001B0017
002C003D000E001E
0028002DFFF7FFFD
FFF50016FFDCFFFC
0017FFF5FFE2FFDB
FFFD00080016FFFE
002A0022FFE8FFEE
000C003400040017
FFCEFFFD00230022
FFBFFFDBFFBB002C
0000FFB90008FFC5
FFD2FFBEFFA5FFAD
003FFFD500120033
0015004DFFE40026
FFE8FFCDFFFEFFCE
000D0015000C000F
FFE7FFC9FFD80009
FFE300000014FFEA
002600290032FFEC
FFFEFFDEFFECFFE8
00030013FFDD0044
0022FFD2FFFF0003
001C001300330009
000A004F00170000
FFF2FFCDFFFFFFF3
0004FFCCFFE2FFDE
FFE10054FFF40048
FFB9000D00100047
FFD5FFD4FFC9FFB9
FFFEFFD40006FFFE
FFED0028FFF60034
FFCDFFD100080032
FFB1FFEF00150015
0034004A000B0018
002D002BFFF6FFEE
FFF6000EFFDFFFF8
0021FFFCFFE0FFDA
FFFB000A0017FFF8
00270033FFEFFFF3
0013003EFFFE002C
FFC800080034002C
FFC2FFD8FFC60035
FFECFFBA0008FFBD
FFE1FFB9FFABFFAD
0049FFDC00110031
0025004BFFEB0021
FFD9FFD3FFF5FFCF
0009001E000DFFFF
FFF8FFBAFFD6FFF1
FFEB000A0022FFE4
003D00190047FFED
000DFFDFFFEEFFD6
0012001EFFD9003B
002BFFC4000AFFFA
0024001D003B0001
FFFF003E00240005
FFFEFFBF000BFFF1
0000FFC5FFD6FFD2
FFF50049FFE10027
FFBCFFFE00050049
FFE4FFE1FFD4FFC9
FFFEFFC300040001
FFFE0035FFFC0030
FFC7FFD300030035
FFA40000002D0012
002C004A000D0015
0025003BFFDD0004
FFEB0014FFDE0008
001BFFE3FFDBFFD9
FFFFFFFB0018FFFB
002F0039FFEDFFF9
000D004100020024
FFD200060024001D
FFC5FFDFFFCB0033
FFF6FFCD001AFFC6
FFE7FFC2FFB3FFB5
0040FFDE00140021
001D0047FFF00010
FFDCFFD70002FFC6
000E0014FFFA0001
FFF3FFCAFFDEFFF6
FFDF00050017FFE9
0030000F0037FFEE
0008FFDBFFF9FFD8
00110012FFE7002B
0018FFBB00030006
0011001500380004
00000036001DFFFE
0001FFD100050002
FFFDFFC9FFDCFFDA
FFEE0048FFF30022
FFBD00060009002F
FFDBFFE3FFD9FFD1
FFFBFFCCFFFE000A
FFF70025FFFA0025
FFD4FFD6FFFF0035
FFB9FFF8001B0010
001E004C0013000F
002C0038FFF10008
FFE5000DFFE7000C
0012FFE6FFE3FFD6
FFFDFFFA0012FFFB
001F002CFFF3FFF4
000E0031FFFD0024
FFD7000200240021
FFD5FFE1FFDC0027
FFEBFFDC000EFFD5
FFF7FFCFFFC9FFB4
002FFFEB001B0020
0017003AFFFE000D
FFD9FFDB0000FFD1
000E001B0007FFF4
0004FFC2FFE8FFDC
FFEA000E002AFFD7
003BFFFB004BFFEF
0018FFE60011FFD7
00160018FFD40016
0016FFC2000BFFE6
001FFFFD0024000A
FFF2001B0033000C
000BFFD7000CFFFC
FFF0FFD5FFD4FFD9
FFFF0033FFE3FFFB
FFD1FFF8000D002E
FFECFFE8FFEDFFD7
FFF6FFCFFFFF0008
00160031001A0027
FFDFFFEAFFF60043
FFAA000B002AFFFB
000C003700170007
0020003BFFEC002D
FFE10022FFEE0024
0011FFE7FFD2FFE1
FFFAFFEE000B000F
00200023FFF2FFE9
000C002A00170007
FFF1FFEB00020009
FFD3FFD4FFC9002F
FFEDFFEC002AFFE9
0002FFDAFFCDFFB3
003AFFE2002F002E
000A0033FFE90018
FFCEFFC90016FFBF
0028002200040010
FFF8FFD4FFD8FFDF
FFDC0027003DFFDF
0030FFFA0047FFDA
003EFFE0002BFFC8
000B001EFFD6001B
0014FFB7FFE7FFCC
0027000100180023
FFFE0032004A0007
0005FFF0000CFFF2
000EFFC1FFDCFFD7
0005003DFFFD0002
FFC1FFF5000D0023
FFD3FFD4FFE7FFBF
FFE7FFD6FFFD000A
FFFC002B001E003D
FFDAFFD600000040
FF9E0006002DFFEB
002B003A0021000F
002F003000070035
FFCF0004FFE30025
FFF7FFF6FFB8FFC1
FFDDFFF60015FFFC
002700440012FFE0
0025003400140022
FFF0FFE5FFF3000E
FFD0FFDCFFD40034
FFFCFFFA003AFFE1
000BFFE9FFD6FFBE
0025FFDB00370035
0005002EFFD90019
FFCFFFCF0025FFC7
002F00250005002E
FFF2FFE2FFCEFFE7
FFD3002E003FFFEB
0030000A0031FFD1
0058FFED0037FFCA
0009001BFFEB0015
000CFFC0FFD7FFCC
0031FFF800150028
000A003100460007
FFF5FFFA0005FFF7
001DFFC8FFE9FFD4
000F003B0003FFF9
FFC4000300070032
FFD4FFD7FFDDFFC0
FFE4FFD400010004
FFE2002400100043
FFD4FFD500160042
FFA6FFFB002EFFE4
002C003600200006
003D002A0020003A
FFCDFFFDFFED001C
FFF1FFF6FFB8FFC3
FFD6FFF10014FFFD
00200039000FFFCE
00260031000B0035
FFDFFFF5FFF3000B
FFBDFFC4FFCB005C
FFFC000C004CFFE7
000AFFF0FFD3FFB3
0026FFBA00590060
00060042FFC7003C
FFB7FFB90046FFB7
00550026000C0054
FFD7FFE6FFB0FFEC
FFB700540054FFE4
004B00230030FFA4
007C00050052FFB2
0007003B00010031
0014FFB9FFB3FFB3
00470005002E0048
003E00590050FFEF
FFD5001D000BFFE3
003AFFBDFFF0FFD0
0018005D000D0006
FFA3FFFD0004003C
FFC8FFCBFFE0FF87
FFDCFFBA0012FFFF
FFAF0032001A007D
FFBDFFB4000E004E
FF75FFF20029FFC2
005F003B0027000F
0065002F00540039
FFBBFFE1FFDA0026
FFEB000BFF8CFF91
FFAFFFE5000CFFEF
002A00680029FFB3
003A0048FFEF005B
FFA3FFF80016001B
FFACFFAEFFC00087
FFE900130057FFCF
000EFFD3FFDFFF82
002DFFC4006900A5
002D0040FFBF0086
FF9DFFBB0059FFA7
00900021001F006A
FFCCFFF1FF95FFDB
FF9A00580068FFAE
007C0014002FFF66
00630020004BFF9E
001F005EFFFF0055
0035FFADFF93FFA0
00830026005C0067
007C007A0046000A
FFBA0022000AFFBF
0025FFB9FFEFFFD4
001B0082FFF70032
FF9FFFED0008007A
FFD9FFCCFFFAFF91
FFC5FF810024FFEF
FF8D0044004E00BF
FF89FF93FFE8002E
FF3F001D002CFFAB
009200480049002A
00710058006F0035
FFDAFFEDFFA80039
001A0013FF5CFFA2
FF9EFFC6FFEA0006
004C0072002FFFB2
00300055FFC2005D
FF71FFDD004B0026
FF72FF9DFFA200D9
FFD7001E0081FFC2
0033FFA5FFD9FF1B
0044FFC50098010B
00450059FFC900E3
FF5EFFA9008FFF83
0103001E00320091
FFACFFF4FF72FFBF
FF6B00730074FF80
00BCFFFD001FFF00
003C003F003DFF8C
004C00A30006008E
0044FFA0FF38FF8D
00C60053009C00A2
00DF00B10037002B
FF90003A0003FFA7
0014FFABFFEDFFCA
000500D9FFF8007C
FF82FFD3001E00BC
FFE8FFBD0022FFB1
FFAEFF360029FFE0
FF4F005A007B010B
FF4DFF50FFC90008
FF00004B002AFF8B
00E50065009D0055
00A0009700A9001F
FFEFFFF5FF800053
0051002EFF2AFFAE
FF6CFFA7FFCD0006
005C007D0041FFAA
001C0065FF750076
FF19FFBE00A80034
FF49FFA4FF830101
FFCA002A007DFFBF
0043FF84FFD3FEF6
003EFFCD00B00142
0048005AFFB50100
FF36FFA700A7FF6E
0127000F003E00B9
FF9C0009FF64FFBE
FF7000860066FF66
00E8FFF1001CFEE7
002B00570034FF8F
006200C0000500B4
0053FF96FF0FFF8F
00DC006C00B500BA
010C00DB00300031
FF7B0034FFFCFF92
000BFF9DFFE6FFBB
000100F6FFF700A5
FF82FFC2002400DB
FFF3FFB80022FFB6
FFA7FF150026FFED
FF33005F008F012C
FF31FF4CFFBDFFED
FEF10050002BFF83
0106006E00B50068
00BB00B100BC001F
0001FFF8FF6F0052
0071002CFF1EFFB6
FF52FFA4FFBC0003
005B007E0046FFB2
00230064FF580078
FEF9FFC200D6004A
FF19FFBBFF70013E
FFC10029008BFFB8
006DFF6DFFCCFEC0
0047FFC200BB0187
004D006CFFAA0131
FF11FF8B00D1FF4F
01650007005400E6
FF83002AFF5DFFB2
FF6100980068FF50
010FFFDF0004FEB4
FFFD006A002BFF91
007500EB000A00DA
0061FF7AFEC4FF8B
0105008600C300D8
01350113001D004D
FF640032FFF8FF83
FFF9FF89FFE6FFA2
FFF40137FFF700DB
FF84FFA7004500F7
FFF9FFA70036FFE0
FF95FEF50021FFF8
FF05006E00A10147
FF29FF46FFAEFFD9
FEE40069001BFF6D
013B007A00FA008C
00E600D100CA0010
0013FFFEFF64005B
009B001DFF12FFC6
FF31FFA5FFB3FFEC
0050007C0053FFC5
00270060FF290076
FEC6FFC401180066
FF18FFC4FF7E0112
FFC90029007CFFB8
006DFF65FFC8FEC5
003BFFD500AB0162
00380063FFBC0118
FF24FF9500ACFF5F
01390006005900C5
FF830020FF7DFFCF
FF750075004AFF73
00F7FFEF0006FECA
FFEE0063000EFFA2
007E00DBFFFC00D2
0054FF9BFEDAFF94
00DE008D00B700B5
012A010100170030
FF6B0019FFE6FF92
FFF8FF8CFFE5FFAD
FFED0118000400D1
FF99FFA2004200D3
0004FFBA002DFFF0
FFAFFF09002DFFFF
FF1B00620080011B
FF4DFF61FFBBFFD7
FF04005E002AFF96
0119006E00E30083
00D600C500A7FFFC
000BFFFFFF940048
00980022FF2BFFC2
FF50FFADFFCBFFD9
003B0072002AFFD3
00290065FF310069
FEDCFFD200EF0052
FF30FFD4FF8E00EA
FFB40011005DFFBB
0063FF68FFC8FEF4
0045FFEE007A0133
00380051FFBB00D5
FF37FFA40071FF6A
00FB001B007300A8
FFAF000DFF96FFCB
FF9C004D0050FF86
00CDFFEE001DFEEF
FFD300310006FFC8
007F00C4FFCC009B
0041FFADFF09FF8D
00CA0079008E0080
00E900D500240040
FF7BFFE5FFD8FFA2
FFDBFF92FFCDFFA2
FFF7010AFFE200B7
FFC1FFAB003900C9
000FFFDE0039000A
FFB3FF3600310005
FF580060006600E4
FF70FF92FFBBFFEE
FF23005B002DFFB4
00E5005A00D40088
00B800BF0063FFF8
FFFE0008FFB30055
0090FFFAFF52FFD0
FF75FFB9FFD6FFDC
003C004D0004FFF5
001E0057FF5D0038
FF1DFFC700B7003E
FF39FFD7FFA800BD
FFAA00010050FFBE
0068FF71FFDEFF0C
00460006005C00FC
0033003DFFD000A8
FF5AFFC40044FF79
00CB002C006D0085
FFD1FFF6FF9FFFC7
FFAD0029003CFFA5
00AAFFF40014FF19
FFCB0017FFF8FFEC
007E00A2FFAA006A
003BFFC8FF3BFF8A
00BB006F0075006A
00C400A200230041
FF98FFCCFFC6FFB9
FFD6FFA9FFD7FFA9
FFF300EAFFDB0091
FFC7FFC0003500BE
001FFFF3003F0018
FFC6FF5B003F0000
FF840053005400C6
FF8FFFACFFC50001
FF420053002DFFD0
00C1004C00C4007B
009900B40043FFFA
FFF30012FFD3005C
0077FFFAFF71FFDE
FFA0FFBBFFDDFFE7
002C0036FFF7FFF4
00080045FF790028
FF46FFC600820024
FF41FFD1FF9D00A3
FFAA00040058FFB7
003BFF7BFFE4FF16
0059000B005E00F1
0040003BFFBD0091
FF63FFB70039FF69
00C2002700670080
FFCDFFE6FF8CFFD2
FFA70034004DFF9F
009CFFEA0031FF23
FFE5FFE90012FFE5
00700086FFA40069
003CFFC6FF54FF8D
00AD0063005C0062
00B000A700440039
FFA6FFD5FFD6FFB8
FFC7FF9AFFC7FFA9
FFFA00D2FFD20091
FFD3FFCF001600BC
FFFAFFF200370007
FFCFFF5F0033000B
FFA00055003800CB
FF86FFA1FFD90008
FF4F00300037FFE4
00AB004700AF006F
0096009D0034FFFF
FFE4000DFFCA0051
005BFFF4FF76FFDF
FF91FFD0FFFBFFE9
003C002BFFF10001
00140043FF950022
FF68FFD300620024
FF62FFDAFFAA007D
FFA7FFF50038FFC5
001CFF94FFE7FF51
005A000E003700CB
0046002BFFB70052
FF76FFCD0016FF76
008900370065006A
FFECFFE3FF9DFFCD
FFBF00280046FFB2
0077FFEE0046FF5A
FFEBFFCD001BFFF4
00550066FF8D0040
002DFFD5FF90FFA1
0096004C003B0047
007E00790056003A
FFBEFFC8FFDEFFC5
FFC3FFAAFFC3FF9F
000700AEFFC2006F
FFE2FFE6000900A6
FFFE0003002FFFFC
FFDFFF8000330012
FFD3004A002A009F
FFA0FFCBFFDC001C
FF6A00220032FFEA
0080003300930065
00770083000E0012
FFDB0016FFD60045
0038FFDFFF9BFFDF
FFAFFFD6FFFCFFF6
003B0014FFE40007
000A002CFFC50003
FF94FFC700410028
FF85FFE2FFDC005D
FF96FFD00006FFB7
0004FFA5FFF2FF9D
003900130006006E
003A0043FFC40020
FFABFFF4FFDEFF91
0044003D0050003D
000EFFD9FFB5FFBF
0007FFFB0037FFC3
005CFFFD004DFF8D
FFF0FFD7FFF2001F
005A005AFF7C0002
0014FFE4FFD3FF9F
009000390040002A
0041004000410028
FFBAFFB0FFD3FFD4
FFB4FFDAFFC8FFA5
FFFB0082FFA20042
FFE2000400010091
00250031003DFFF5
FFD5FFB000560002
FFE4003B0015006E
FFC7FFEFFFBC0041
FF6B0039002AFFF2
0038FFFF007D0078
00430075FFDDFFFA
FFCA002EFFFA003F
0044FFC8FFB7FFDB
FFECFFCC0004FFF7
0040FFECFFB90004
FFED0011FFD8FFE6
FFC5FFB2002C0025
FFB0FFF1FFC40040
FFC8FFE20006FFDA
FFD8FFC4FFDCFFB4
0041000300210066
00320033FFB10020
FFB6FFE5FFF2FFB3
0031002B00300024
FFEEFFDCFFB5FFDE
FFFA0022002AFFDA
0031000B005DFFB4
000EFFC70006FFEA
002D0025FFAF0024
002BFFE7FFDCFFD9
004700300021001C
0039004300520012
FFE5FFD6FFF6FFD2
FFE1FFCDFFC1FFC3
0006004CFFD60037
FFDF0005FFEB0052
FFF000050004FFD5
FFF1FFB400200009
0001002400090059
FFC4FFD7FFE2002C
FFA00003002C0009
0023001F003E0043
0036003DFFE4000D
FFE0000FFFDEFFFF
000DFFDCFFC9FFD1
FFD300010007FFFF
0044000CFFCD0001
000F0029FFF40001
FFCFFFDF001E0024
FFB7FFF2FFD3003A
FFD9FFCDFFFFFFC5
FFC6FFBCFFC5FFBD
0043FFF50024004E
0027004FFFD20026
FFC6FFE0FFF7FFD0
0024002B00200006
FFE6FFCFFFCAFFE3
FFFA000C001AFFDD
002D0022004FFFDE
0006FFDAFFF8FFEA
0016001DFFCB002F
0028FFD9FFEFFFF0
002B002500300013
002200420032000D
FFE8FFE70008FFDD
FFEFFFD1FFCEFFE0
FFF4003CFFE80031
FFC70006FFF50037
FFDF0001FFEFFFD2
FFEDFFBD000CFFFF
FFFF002600020048
FFC5FFCFFFF00039
FF9EFFF700180009
001F0037002B0027
002C0025FFDAFFFD
FFEC0016FFDCFFF9
0018FFF0FFD6FFD1
FFDF0007FFFD0009
0037001BFFCB0005
00050034FFF20012
FFC4FFF2002A0030
FFBCFFE8FFD80033
FFEAFFCB0003FFC7
FFCAFFC1FFBEFFBD
003CFFED001B003C
00130057FFDC0028
FFD1FFDDFFFBFFD3
00240021000A0006
FFE2FFD4FFD1FFF1
FFF200060017FFE6
002700310040FFE8
FFFDFFE0FFF0FFE1
000F0010FFDB0039
0023FFD3FFF20003
001D002600310013
0017004A00260004
FFF2FFE6000CFFEA
FFFAFFD3FFD7FFE3
FFEF003EFFF1002D
FFB8000BFFFE002C
FFD6FFF1FFDFFFCB
FFEAFFC3FFF40008
FFF60029FFF7003F
FFCDFFC5FFF8003A
FFA5FFED00110004
0022005000230014
002F0024FFE1FFFF
FFF3000CFFDBFFEE
0018FFF4FFE1FFD1
FFE60010FFF80006
00310022FFDDFFFF
0009003CFFF4001C
FFC1FFFF00350035
FFC1FFDFFFEA0036
FFE0FFB6FFECFFBF
FFCFFFB9FFB7FFC1
0041FFEB0010002D
00170052FFE60025
FFDDFFDEFFEFFFD6
0012001F0015FFFD
FFECFFD2FFDEFFF6
FFF1FFEF0013FFE2
0032002D003DFFEF
FFFBFFEAFFDCFFEF
001B001AFFD8002A
0020FFCE00050001
001200200038000C
00020044000B0006
FFF4FFD5FFFFFFEE
FFFBFFD6FFD6FFE5
FFE60047FFE5002D
FFB2FFFFFFFE002E
FFE0FFF1FFE4FFD3
FFE7FFD000090006
FFFE002AFFF60028
FFCAFFD6FFED0038
FFA1FFF2000D000C
001C004A0023001A
00290037FFD2FFFA
FFEB0014FFD8FFFD
002EFFEFFFE8FFCD
FFF70008FFFE000C
002D002CFFD70001
0002003AFFF00018
FFCEFFF8003B0026
FFC1FFDDFFE10037
FFDEFFB0FFEFFFB9
FFD3FFB1FFB3FFB7
0046FFEB00180037
00230054FFE6002E
FFD2FFD6FFE7FFD1
001800290014FFFC
FFF5FFC0FFDEFFF3
FFE7FFF80019FFDC
003E001D004BFFF2
0001FFDEFFE6FFE8
00180010FFD30029
0029FFC7000C0001
0014001E00380001
FFF9004300140004
FFFBFFCC0005FFEB
FFF6FFC9FFCEFFDC
FFEF0046FFE4001E
FFB20000FFFC002F
FFE5FFEBFFE0FFCB
FFE6FFC500060004
00080033FFFD0028
FFC4FFD7FFEE0045
FF98FFFC00250010
0015005400220016
0026003DFFD0000F
FFE90023FFD60001
002BFFE8FFE4FFCB
FFFB0003FFF80019
00320033FFD3FFFE
0003003A0008001E
FFDAFFF600350021
FFC2FFDCFFE30038
FFD6FFAFFFEFFFC0
FFE1FFB3FFBFFFB1
003EFFF7001F0031
00160046FFFB002D
FFCFFFD1FFEBFFD4
001C00290012FFED
000BFFB0FFE8FFE9
FFE600030022FFCB
0042000C005DFFED
FFFDFFE0FFF7FFDF
00270018FFCB0022
0029FFC70009FFEF
0009001600360005
FFEC003D001A0002
0004FFCF0002FFF2
FFE2FFCCFFC6FFE2
FFFF0038FFE80013
FFBAFFFCFFF8001E
FFF3FFE5FFEEFFC3
FFE0FFC20008000C
0019003A00100032
FFCCFFD3FFE9004B
FF8D000600330007
00140050001D000B
001A0035FFCB001F
FFE90029FFE10016
0026FFF1FFD3FFC3
FFF4FFFBFFF50015
00370046FFD6FFF4
0004003D001D001B
FFF6FFEB00210009
FFC2FFD8FFDD003B
FFD3FFBAFFF3FFC5
FFF3FFB3FFC5FFAC
00440002002B0032
0018003900040029
FFCBFFD3FFEDFFC8
001D002F0011FFED
001BFFA9FFE8FFE0
FFE6000A002CFFC5
0049FFF5006FFFDF
000BFFDC0003FFDD
0033001BFFC30014
0023FFD00006FFDD
0011000E00320009
FFE90037002D000B
000BFFD7FFFFFFFA
FFE2FFCFFFC3FFD9
00090038FFEA0004
FFBFFFF9FFF8001B
FFFFFFDFFFF7FFC3
FFDBFFC0000E000C
00200036001C0036
FFD5FFD2FFDE0050
FF800010003E0005
0017004400200010
001B0039FFD40030
FFDD002EFFE40029
001AFFF2FFC4FFBB
FFF3FFF1FFFE0018
0040004AFFD4FFEE
0003003C00280019
000BFFDE0010FFF3
FFCCFFBEFFDA0036
FFD4FFCC0010FFD1
FFF3FFCAFFD0FFA0
0051FFFF004C0041
002500360011004B
FFC1FFC20002FFC8
002A003C0013FFE3
0010FFA0FFD9FFD7
FFDA00310046FFC8
0051FFF50073FFB7
001FFFEB0026FFCE
00340034FFC40024
0025FFC6FFE6FFB2
00140007003B000D
0009003B004F000D
000BFFF10020FFE4
0000FFBAFFCCFFD1
001B0040FFFEFFF3
FFBDFFF2FFF40020
FFF1FFD90010FFAD
FFDCFFBD00150005
001B00330032005A
FFCAFFB1FFDE0058
FF66000C004CFFF1
002A004400270018
0032002CFFFA0038
FFB80017FFE90037
FFF60007FF9AFF9E
FFDAFFE50012FFFF
00580079FFF2FFD4
0010003D00240026
FFFAFFDAFFFCFFE6
FFD4FFBDFFE0002F
FFD2FFD90021FFE8
FFFCFFD6FFDEFF93
004DFFFD004D0046
0027002E0018004D
FFC2FFC3001CFFC1
002D004D001FFFED
0014FF94FFCFFFCE
FFC9004B005BFFC7
004FFFF50077FFAA
0027FFE80039FFCB
0030003DFFC00025
0026FFC2FFE7FF98
0018FFF00032000E
0016003A005B0011
000AFFFB0021FFE5
0016FFBBFFD7FFCA
0023003A0006FFDE
FFB7FFF1FFF70025
FFEEFFCA001CFF96
FFDDFFC400190004
0014003E004B0069
FFCAFFA6FFD2006C
FF570007004CFFDD
0038004600220011
003C0019000F004F
FFA30011FFF80049
FFDF0017FF86FF95
FFD0FFCF000D0004
005600860000FFB8
0009004400290029
FFFBFFDDFFF4FFDC
FFD9FFB6FFD4003C
FFD9FFE80027FFE7
FFF9FFDEFFDAFF9D
0047FFF300550050
002400300003004F
FFBDFFBE0026FFBD
0034004A001E0001
0005FFA2FFBEFFD2
FFC600570066FFCC
004FFFFA0073FFA1
0047FFF10047FFBB
0029003FFFD0002A
002BFFBEFFDAFF93
0027FFF8003B0017
001E00430068000F
00010004002BFFDB
0024FFAEFFE0FFC6
002D00430006FFE1
FFB7FFF2FFF0002E
FFE8FFCE0015FF8E
FFD6FFBF001F0000
0001003C00460072
FFC5FFA3FFDF006F
FF4D0009004FFFD4
0042004300240013
0049001F00260055
FF9D0007FFEE004A
FFDF0017FF75FF8D
FFC4FFD1000CFFFC
005B00940012FFB6
001B004E001E0038
FFECFFDDFFF4FFE6
