FF0CFFCB00B000C3
FFB70106FE32FF80
0097FEA5FFE90076
012AFF99003D0168
0130FEA6FEEB000D
FECEFFDEFFA2FF30
0174FFE3FFCB004A
012CFFFDFEC0FEC4
01EC00EBFFF3FF13
005CFFE3016EFFCC
00FB004A00510151
FFBFFF0FFD68FEED
FFAAFF7DFF660197
020900BDFF5CFFFC
FFA40329004E00BF
FFFBFEAE0086FEC1
FF9CFF20FF1200F6
00FE017FFF1400F9
FFD5FEFAFEE800B9
FFE60172006200FB
003EFF73FF1200B8
01F7FFF1FF690088
FF50FFD3FF0C0049
FC23015C00610199
01D4002A01580165
FE73FFC2FFC0FDDB
01A2FF12FF4E002A
011CFEE5FF4D0001
FFEE005EFF47002A
FFEAFE82006400F6
00EF007DFEF0FFFA
0056FFA200CD0054
FF29FF9F00A700B1
FFBC0108FE52FF91
008CFE74FFFA0061
013AFFAF00230154
0101FEEBFEC40027
FECBFFDBFF8DFF58
017DFFF6FFCA0036
0145FFE1FEAEFF07
020E00D60045FF12
0095FFAC0172FFCF
010A0052003C015D
FFFEFF06FD89FEE7
FF7BFEF6FF5A0180
020400D2FF24000C
FF98031E004F00A1
FF8AFEC200A6FEE2
FF50FEC4FEE4015C
00CB011EFEFF00D6
005CFF3DFED1007E
FFBA0154004B00C0
003CFF9AFEE90080
01CCFFB7FF5900A2
FF6AFFF1FF2E001F
FBF50119008B01D2
01B5001601470181
FECAFFEEFFA7FDC2
019EFF53FF00000B
011DFEA3FF700013
00110087FF45000C
FFCEFE93004F0088
01170016FEE10024
0033000000DFFFF1
FEEBFF9E00B300C5
FFD700DCFE9DFFA4
0086FE860000001C
013EFF9F00450149
0144FF04FF02FFE4
FEA8FF2CFF83FF63
0153FFE6002F0004
017BFFDBFEA1FEDB
023A013BFFFAFEFF
007BFF6201A2FFCE
01270032009A010E
FFE9FF26FD84FF66
FFCCFF64FF560198
01ED00D9FEE5000D
FFB702DB006D00AA
FFADFED50095FF0D
FFA3FEC1FF4C0117
00E9017DFF1C00A4
FFCFFF47FF100056
FF9501C2007F00F3
0042FF89FF24009E
01DEFFC8FF780116
FF5DFFD7FEFE0082
FC10011C0036017B
01690051012801AF
FEC5FFC4FF9AFD9D
01C1FF4FFF12001D
010FFEA4FF19FFE7
004F008AFF6D0076
FFFCFEBC00130089
00F10080FE84FFE7
0084FFB800FD0008
FF29FFC200AD00B1
FF8F0105FEA8FF8A
00A5FE53FFBD005D
011DFF6A001C0113
00FBFED4FF1A001E
FED2FFA4FFC9FF8F
0182FFD2FFC5002B
011FFFB7FE81FEC4
01F500E90002FF16
00A6FFCD0194FFCB
0128007500340152
0024FF16FD5BFF57
FFA2FF2BFF8301C4
01C400D8FF17FFCA
FF5502D9003100AF
FFB7FE79009DFED7
FFB9FED7FEDB015C
00B0014DFF14009E
FFE5FEE7FF170097
FFB401D6009000BB
0016FF6FFEE3008B
01F4FFEAFF7900B4
FF78FFAEFEDA006B
FBE90129008A019E
01A80033013A016C
FED20010FF9FFD92
0186FF2AFF30FFCB
0151FEC6FF660009
00600062FF73004D
FFF3FEB400350078
00DF0038FEE20032
006AFFD000F7000C
FF0AFF9000AA00C7
FF8C00F3FEB3FF54
00CDFE76FFD00084
0109FFCE003C0138
00EFFEC0FF13FFEC
FEC7FFB7FFB0FF34
0181FFBCFFD3FFCA
0161FFD1FE92FEE3
01F70103FFDEFF23
00BBFFC101B3FFCD
012E005F007A015D
000CFED8FD4BFF11
FF93FF24FF9D0190
01CB00F5FF24004C
FF8102ED005E00CB
FFB8FEB6003BFEEF
FFB3FE9EFF510152
01010144FF4C00B8
FFE8FF02FF3B00AA
FFB6016100770080
0027FF97FEE80087
0222FFA0FF5800C1
FF60FFB8FF12006C
FC2E018D009101A3
01B4006701340173
FEB3FFE1FFB1FDE1
0188FF49FF06FFFB
0110FEC6FF2DFFD0
0056004BFF75002A
FFCCFE89005C00A2
01110094FEB9FFE1
0075FFD2012DFFD8
FF26FF5C010500BC
FFDE0144FE86FF56
0078FEA7FFD70022
00C5FFA900360152
0118FED3FECA001D
FE66FFAAFFB5FF78
01470043FFC80030
01410000FE61FEB3
022700DB0046FF58
00F0FFB00166FFED
0100006300500149
0037FF30FDBFFF46
FFD8FEE1FFE101BC
0206009BFF2FFFE7
000A02C000030096
FFC3FE9800ADFEF8
FFA2FEB8FF0A013E
00D5019CFF0D00C0
0004FF06FF3200AA
FFDA016C00C600A8
FFF5FF90FEBE0066
021D001FFFB700A9
FF02001FFEEB0026
FBEF00EE009001CC
01A20048012C0129
FEE0FFEBFFFEFD85
0192FF26FF69002A
0114FE79FF380033
002100A5FF1C0064
FFE1FE94006C008A
00F10053FEB8FFE7
0037FFC900B0FFD9
FF0DFFDF00EB0094
FFC500BEFEB3FFA8
007BFE66FFAC0082
00F7FFA500040161
00F6FEA1FEDE0023
FE8EFFA3FF7EFF5B
0123FFEFFFB4FFF4
01090042FEB1FE74
021D01070051FEC4
006FFFBE01A1FFCD
012D007900550143
FFE5FF28FDA6FF38
FF80FEF6FF84017C
01F900A3FEECFFC9
FF9B032C002900CC
FF3FFEA10085FEA4
FFAEFEF6FF330111
00A8012BFED200D1
0012FF1EFF110083
FF97015C004100C9
001CFF66FF1100B5
01C00031FF6D00E1
FF6DFFEAFEC8FFFA
FBEE0139007701AA
0188006B00DB0151
FE7DFFC8FFE9FD98
01E5FF41FF330011
0120FEB7FF14FFF0
004300BFFFB10066
006AFEDA00520082
00E7007AFEB3FFE1
0050FFC300B60037
FF33FF8300C50086
FFD200FFFEC6FFBE
00B5FE8400080094
0119FF880001013A
0102FE96FECE0031
FED5FF88FF73FF8F
0166000700080000
0114001DFE71FEBC
026200D40011FEF2
008BFF8D015BFFA2
010900560038016C
0005FEF8FDB0FF2F
FF4BFF20FFB001AA
01C300A2FF07FFCF
FFDA0328000200EA
FF8EFEB9005FFEDB
FFABFED5FEDE013F
00E00166FF3E011F
FFDEFEDBFEF80063
FFD70161006600D2
FFE5FF90FF04009B
01E60010FF4D00C3
FF5CFFDBFEED002A
FBE9016C005C0173
01AE0045012B0149
FEC9FFACFFE8FDA2
0181FF2BFEF20022
0135FEB5FF320026
00420055FF620018
FFB8FE9F004C0066
00F50068FE9B0010
004BFF9900A9FFFC
FF24FFC1009B00AE
FFE9010AFE59FFB3
008CFE6AFFC20061
010FFF5B00430156
011AFEBEFF22001F
FEBAFF8AFFA3FF8A
017BFFF5FFDF0055
01320022FEB4FE9A
02300094005FFEB5
006AFFCA0133FFC0
00DA00480049012E
FFDCFEE1FD7AFF1B
FF70FF17FF830179
01B300C6FF34FFE1
FFA80279008100C2
FFD7FEA000BDFEAF
FFAAFEFEFEC400E5
00EE017AFF06012E
FFC8FE9CFF1300B1
FFAF0188009500E3
001DFF4BFEE60062
01D0FFEBFF4500AC
FF40FFC6FF01005E
FC02016C006F017E
01FA005001250157
FEB6FFAEFFE9FDB3
01C1FF42FEE60049
0135FE9EFF240030
006D006BFF5D005C
FF7CFE8B003F0096
00C3006AFEA20001
005BFFBB00A7000B
FF12FFAF00B700D0
FF94010AFEB4FF35
00A6FE8BFFF70046
016CFFA8001E0148
0140FEEBFF78FFF3
FE9FFFACFF9DFF2C
01C9FFDEFFBC001D
012D0027FE99FEE1
023E00C6000CFEE9
00C9FFDE0175FFDC
00FD001B009D0137
0010FF03FDAEFF1C
FF7CFF3BFF8201D2
020E00ACFF6B0039
FF7C02D3003E0102
FFC2FE99007FFF23
FF81FEF8FF0F0145
00E9012AFF5800FE
000FFF05FF0B007F
FF8F01BC007600D0
0003FF87FED50063
01D1FFC3FF7300EE
FF27FF99FF100016
FC300148005F01A7
0193FFF3014D017B
FE90FFC4FF74FDA8
0156FF2FFF150003
0146FEAEFF1C000E
0067006EFF680024
FFB4FE94007300B9
01090053FEB60019
002EFFBD0129FFEA
FF0EFFAA00F600D8
FF9000F0FE69FF97
00AEFE74FFEA0093
011EFFCEFFEF0135
00FBFEBAFEF4001B
FEBEFFC9FF72FF64
0133002BFFA2003D
01140033FEC6FEF7
021C012D004BFED2
009DFFD5016AFFF6
0163008100310131
FFCEFF02FD7DFF16
FFA4FF14FFC80190
01F500C9FF310015
FFCA0301005400C8
FFC4FEC5005AFEDE
FFD5FEEFFF200112
00D50141FEFF0086
FFD3FEE1FF0E00B7
FFBF0163004F00A3
0036FF5DFEC600DB
01F8FFF3FF9D00DC
FF7CFFE5FEF5003B
FBD90144005E01AA
01C50047011F016C
FEAAFFBCFFBCFDB1
01BDFF3EFF25FFEE
010CFEAEFF570010
002600F2FF35003A
0009FEC900130097
00D0004DFEE8FFC2
0032FFBC00F9001C
FF58FF9700CD00D2
FFC90104FE9DFF80
00A9FE92FFEF0056
00F7FFBD001A0143
011FFEC0FF1DFFFD
FEA9FF89FFA5FF8B
018EFFB5FFE50039
012BFFF5FEA1FEDA
023200F3003AFEE2
00F4FF4D01880010
0126002B006B0164
FFAFFEE1FD73FF75
FF79FF22FFEC0184
01BA00ADFF180015
FFF10316005900EE
FFB5FEDE0038FEDD
FF7BFEDDFEFC0159
00EB0163FF1B00F7
0008FEF4FF100078
FF86016E00640107
002DFF53FEF0008B
01C00003FF5C00AF
FF7FFFF2FF04004A
FC3A016A00590197
01DB008D017C0140
FE7FFF87FFE2FDC5
01A8FF5FFF440063
0129FEA3FF02FFEC
001500A2FF30004A
FFF1FED6003A00F1
01080082FEC6002B
0073FFD900E3FFFD
FF64FF7700BC0118
FFEE00EAFED2FF79
006FFEAE00020028
017BFFA2004F0142
0132FF06FEF3FFDA
FF0FFF57FF94FF39
0156000AFFB1001E
00E5FF93FE42FEEA
027B00C30016FEE4
00C1FF78019DFFEA
0124002A0060015F
FFDDFF43FDD9FFA3
FF4AFF00FF8A012D
01830070FEC3FFC1
000C02F7003C00F5
FFD8FEBBFFFBFF06
FFE2FECFFF0700E9
01310188FEC3009B
003CFF1DFECD00E9
FF45017800A900F0
0017FF6FFEBE007D
02200021FF3000AB
FF5FFF8BFEF10070
FC2A0158002901BE
01550079012001A5
FE98FF68FFD2FDD9
0189FF6DFF4C001F
0186FE99FF21FFDB
0039007DFFFE0052
FFABFE73001800A2
00E70038FEAAFFF8
0059FFB300CB0001
FEC5FFC000AF0092
FFB400AFFE7CFFB6
007AFEADFFC2002D
010CFF7DFFC400CE
00BEFEDFFEFDFFF4
FEDBFFE0FF5DFF67
013DFFD2FF7600C3
0131000CFE62FEC7
022C00BE0053FEF5
00FBFF6F01860072
0148FFE7000D016B
FFDFFEFDFDDDFFB4
FF6DFEDEFFD20165
019500EFFEB8FFD4
FF6902DB00460060
FFBDFE3DFFF6FF07
0000FECAFF2800F0
00F000F6FEA700F0
FFE6FEFFFFAA005D
FF730133006900BB
0003FF25FE9200E3
01D80059FF63006A
FFA9FF8AFEEB00A8
FBED0131003701D5
01A3008301130178
FEB2FFB2FF78FDBB
01ABFF2AFEFE003A
0148FE61FF55FFDB
0036012EFF970056
000DFEA5006B001A
00ED0039FE880043
00ABFF7900EA003A
FF2EFF91003A005E
FFD70064FEA9FFC4
0039FEC5FF7C0055
015AFF93FFD000B5
008CFF52FF5DFFF3
FF4CFFB7FF20FF7A
0135FF6CFF690119
00E6FFC3FE8EFE86
022700BEFFFDFF2F
012EFFAA01A50064
01D5FF9FFFE50166
FFF1FF06FDE9FF86
FF59FEFE001F0134
016F00DCFEE9FF9C
FF5002F200020033
FFC1FE0BFFBEFF05
004AFEBFFF1E00EC
009D00A1FEB200D3
FF97FF05FFAC0041
FF4F00F4003F008A
FFB0FF0BFE6D0129
0210005CFF55FFF1
FFDDFF66FF3700AC
FBCE00EDFFE201EB
013700BE00D20159
FEA3FFB0FF19FDEF
016CFF64FF250028
0182FE6CFF2DFFF3
002101ACFF3E0028
0004FEA4007C0055
012F0026FEE300C9
00D9FF85014500D4
FEBEFF6C0031000D
FFE7FFF3FEECFFB5
FFF5FF4DFF080048
0158FFA1FFB00059
0099FF69FFE90003
FF62003BFEF5FF78
00F2FF68FEF1015E
00BAFFF0FEACFE90
020700700000FF35
010CFFF401FC00CF
01FFFF0AFFDC0112
FFF0FF2EFE21FF74
FF67FF4D001300A6
016D00E4FED7FF4B
FF0D0299FFD1FFAF
FFC1FDD6FF99FF1A
0087FEBCFF790094
00710098FE3F00FE
FF99FF77002EFFD1
FF26000CFFB00039
FFB9FEB4FEB70125
01C800B2FF4FFF3F
0021FF2CFFB900D3
FBCF00BC00040238
00F900EB00D6014F
FE92FFCEFEF1FE45
0197FF6FFF220044
0149FDF0FF59FFE3
004A0228FF480063
001FFECA00A30029
01080040FEFA014D
0123FF40012600D4
FE61FFEBFFCFFFB1
0014FFC2FF1EFFF2
FFBEFF37FEB7004A
0123FFA6FFD8002B
004EFF7900010040
FFCB00DDFE42FF89
0046FF05FEEB0164
00C4FF78FE73FE52
017E009E0003FFF0
00F3001902C300D7
01B0FEF4FF5F00AD
0054FF62FE4D0048
FFF0FF49FFD50098
01270123FEF3FF2A
FE7F020E0061FF39
0011FD9DFFA4FF21
00D3FF6AFFB70048
0023FFF6FE5D009D
FF11FF9900A8FF6D
FF51FFADFFB3006B
FF53FE71FEB70173
0146012AFF92FF4C
00DEFF590043016C
FBAC0014FFE80247
006800C9FFE5011B
FED50070FE95FED9
0117FF99FF370042
0117FE98FF56FF5C
000C027CFF6B0037
008AFF4D00E9FF38
00E6003AFF3801B9
015FFEDC00E300E0
FE56FFBDFF55FF72
0047FF7DFFC00022
FF80FFBEFE8BFFA3
00F8FF8F0032FFFD
0010FFFC00D3000C
FFE500C2FE620001
FF71FF20FEFE01BE
0089FF0DFE47FE3E
0145FFF1FFF30046
0087003602C400BF
016FFE87FF18FFE6
00D5FFC9FE7B00D3
0046FF7D0022FFCB
00BC0146FF19FF40
FEA501450056FF14
0000FDF9FF9CFF66
0129FF5F00570003
0008FFCBFE55003D
FEA7FF930106FEE0
FF4CFEF7FFB1FFE0
FF61FE21FEEC0175
00A701540001FED4
00C7FF5B006D0188
FBA3FFFC000C024C
006F00EBFF6000F3
FF0B0082FDD0FF30
00DF002FFF64008A
00C5FEB9FF1DFF78
FFB7023FFF99005C
007AFFB00066FEF8
00AEFFF7FF5B0204
017EFE800057007D
FE6F0020FF2FFF7A
001AFF7800100064
FF51FF94FE72FFCB
016CFFD2006A0009
0050005900FCFFE7
007D015FFE36FFA0
FF30FEEFFF10011F
0068FEAEFED5FDD9
00AB007400140079
FFC1008203BD00AE
0128FE64FF31FF77
00D9003FFE7A0164
008C006AFFC0FF38
00450114FF62FF8F
FF4D00B50109FEA9
008AFE64FF80FF78
0110002600A1FF2C
FFB1FFE3FE3C001E
FE6F001C014BFED5
FF41FF00FF5F0002
FF14FE2FFF0E018B
0078014A0021FEAE
010AFF3400E901CE
FC6FFF690047020B
FFC80129FEC90036
FF9F00D3FE14FFA6
00CC0060FFCE009B
001EFF60FF55FED7
FFFD021AFFEC0085
00AEFFD3001FFF71
0090001AFFBE01D5
01D8FEC8FFE000B3
FEC60077FE90FFD6
FFA9FF95005E0082
FF5FFFBDFEBAFF34
01A4000D00BD0044
00440108016BFFEC
0072010DFE5B000E
FF18FFDAFF3F0113
00ABFE76FE9FFE0E
0012002700710099
FF9400B804020075
00DCFE5BFF39FEA0
012600A2FEA801D0
00D900A8FF7BFE87
FFB300A1FFC0FFC6
FF9BFF8901A6FED8
00E4FEF3FF8AFFDC
010C008D00CAFEB3
FFE4FFC3FE3AFFEA
FE91FFE6018BFEAF
FED2FEF5FF97FFF9
FEDEFE12FF8C0147
002B01870070FEE9
0088FEFB00ED017F
FCE0FFE700400195
FF5400EEFE780005
00300079FDAE0050
004200BFFFDE00A1
FFF9FFBDFEDAFEF4
002B0177004C00AB
008C0053FFBAFFC8
0062005AFFF001A9
016AFEA1FF64000D
FF350042FE99FFFA
FF46FF580028005D
FFE6FF9EFF03FEC9
012A002E00F00060
00A401A2015A006C
00AE018AFEE40031
FF1C0058FFB200EB
00E4FE58FE5EFE86
FF9000AD00C600AD
FF760080041E000D
00ADFE5FFF71FE70
017B00D9FE370188
00FB0089FFA3FDE9
FF7900DCFFFA0062
FFF2FF15020DFED5
009FFF47FF930020
00AA001E00D7FE89
FFA9FFC0FE7DFFC2
FF420098018CFF10
FF21FEE6FF520012
FE97FE6E001A0107
FFCB013100FDFEFF
FFE4FF1A013D0158
FD49001C009900F5
FF320099FEA4FFE7
00D30046FD72007B
007401290007010C
FF710020FE97FF29
004100DD009D0058
0095007CFF720024
0011FF8F005D01B3
0147FEB4FEB9FFB5
FFAC0023FE120036
FF20FFAE00760059
FFCAFF85FF65FEC4
010700A700E8006D
00E1015701700097
00A20189FEFA0074
FF6500FFFFC600C8
0105FE9AFE00FEAA
FF4300D700C50089
FF5D008B0430FF8D
0002FE89FFA2FE60
01D800E6FE5501B6
0103007AFF37FD8C
FF6B009E009600B0
006EFEA2021FFF2C
00C2FFBDFF6D0037
005400460081FEF0
FFB0FF9CFEBBFFC2
FF9200CE014DFF4D
FF74FF3EFF670019
FE86FED9FFD100C0
FFEF0102011AFFCA
FF9DFF37013E0129
FDD4001000D000EA
FED000ACFEBEFF56
018AFFF5FE010100
FFEF01A8002D0122
FF5D0047FE92FF58
00A1002A00910024
009500C7FF310016
003FFFBD005C01D9
00ABFEB9FE52FF30
0091FFF0FE23005D
FEB1FF6D00510015
FFD2FFAAFFD8FE9A
007B014701460067
00E9019800F400B2
00A3017DFFA9007F
FFDD0157FFD700AC
0102FEFEFDE2FEEB
FECB015101420072
FF8F007D0426FEE3
001DFEED0015FDF1
01E100F2FE5E015D
00DE002AFF76FD4B
FF64001F010A00BB
0067FE94022DFFAF
00B90003FF81003C
0013002B00B5FEFF
FFB0FF8CFF04FFC7
0024014300F9FFAA
FF8BFF83FF440040
FE3BFF27001A0065
FFA1005B012FFFBB
FED1FF9D01240081
FE16002200FA00EA
FF140077FEC5FF3A
01DEFFFEFE7700C3
000901B3003B0124
FF65009EFE5AFF79
0085FFB00067004A
00980147FF0F0026
0014FF6C00C50179
003BFEDFFE25FECF
00CE003DFDE000D2
FE4FFF380045FFD6
0009FF570001FEAC
007B0117018E0066
00F801560128009E
00A60156FFF100A6
FFED016B0004004A
00F2FF07FDB2FEF8
FE97018901650080
FF8F00B103DEFE67
0000FF38004BFDE0
01FE0103FE5900F8
00D30043FFA0FD9D
FF57FFF6018900CB
008BFE68020D002B
0081008DFF9A0063
FF9700310098FF23
FFCBFFB8FF91FFC3
004A0103008E0018
FFE6FFF0FF64006B
FE4BFF7FFFCFFFDA
FF37FFE800EBFFE6
FE95FFE6010F000B
FE5B0088019300AA
FF23FFEFFEB6FF1B
01E7001BFECF00E4
FF9B01AB00B200DF
FF4100E4FE0CFF96
0053FEE6004B004D
00750151FEF5006F
003FFF8700860128
FFF9FF55FE4BFEA9
0139008DFE5E010C
FE3BFF690032FF96
001BFF80004DFEAC
00590159016800A1
00F4018C008F00E4
009D0172FFDE0095
002901B50029004E
012CFEEBFDEAFF78
FE71018B01790006
FF8E0083036FFDCA
FFE2FFC40045FE42
020A00D9FE850096
005EFFF6FFA6FDBB
FF66FFFA01BD00F2
00BDFE3C0242007A
0071009D002D0076
FF72FFB80063FF0A
FFF8FFC5FFC2FF64
009B0134FFED0085
FFC2004AFF6C0085
FE0100050018FF81
FF31FF920104FFED
FE72000500C6FFC3
FE95007B016D009B
FF4CFFE2FEF4FF3D
024A0002FF1100EC
000A0144008F00CC
FEEE00E6FDDFFF89
0042FEBD00970065
00330137FEDA0093
0048FF3000A500A2
FF57FF5AFE32FE7A
011F0049FE91010F
FE6DFF96000DFF1C
000FFF8D009EFEDF
005B018B017B009A
015A016C007A00A6
000A00F30014007E
006301B5003AFFEE
00F7FF09FD61FF4A
FEE2017D01340014
FFEE00D20344FE08
FFABFFCA0080FE47
022400E4FEAD0020
00600027FFDDFDEF
FFCBFFC101F8010C
0150FEA6022C00F4
0051012CFFFB007D
FF1BFFDCFFE6FF7D
002B00640016FF7B
00FC012FFF8200E6
0062004DFF7F009D
FE5300560008FF51
FF52FF6100EE0097
FDD60076009CFEED
FED800970183006F
FF5B000FFF2CFF21
0220FFA6FF9900E6
FFC6014800D60091
FEF600FAFDFCFF8C
0049FE9600410020
00500109FEBE011F
0054FF8D00C00076
FEF3FF57FE48FE3D
012E008EFE870104
FE27FFC9FF98FEFC
0038FF5400E7FF55
005B0178017500D1
0154012BFFAC0095
FFE80097004A008D
00830201004DFFF8
011DFF28FD4CFFBB
FEF70170011BFFDB
002900CC029DFD44
003B004000C3FEDD
025F00ACFEC0FFF3
0029FFCFFF58FEEA
0021FF8E01FC00FE
00B9FEF101E5014F
0019012400330091
FEDEFFA2FFDF003D
00320059004BFF7E
013A0142FF28016E
001A00B2FFAE0080
FE6300D8000FFEDC
FF87FF0E00F300E7
FDDD0085001CFE79
FEB2009E018D005E
FFA4FF9AFFB1FFB9
0236FFE3FFAA0093
FF9701120119FFB7
FF28010BFDBCFFB5
0072FE1F0043001B
008A008CFED800BC
00B3FF8500AFFFEA
FED40016FE76FE25
016C0014FF5B015E
FE37002DFFAEFE74
0051FF7F00CDFF0F
0040016C012F009D
01930122FFC90057
FFA80045008D0082
00A90226008C0023
013AFF65FD57FFC9
FF6D0189010DFF78
005B007C0219FD5F
0019002F00C2FF48
022F007FFF04FF27
FFDDFF07FF53FFB0
004EFFC4018E0180
00DAFF6501780117
FFDD00BA001100C9
FE9AFF2CFF78009E
005D008D008DFF62
01DC01A8FEBD01E4
0039013CFF890095
FEA400BBFFC4FEAF
FFDCFE80009C0112
FD56008DFFFDFE59
FEC700DF01750085
FF7BFF5A007DFFFE
0216FF1C0007003D
FFBF00FD00E7FFCF
FF470065FDFF0002
00B5FE92FFF6FFD1
FFF70083FEFF0154
00BFFF1C0049005B
FEA9FFDFFF14FE3A
0186002DFF720150
FE440072FF1FFEA2
0009FF4500FDFF73
00A4016E00ED006F
018000C5FF420022
FF2DFFC600680055
012201D8008C0030
012AFFD5FCDBFFED
FFC401B700B9FF66
0140003601B1FDD9
FFE3004900B2FFFD
01C60064FEAFFEDA
FF62FF16FFAF004D
0100FFA101A5016E
00C1FFEC01300182
FFBA0080001C0081
FE38FEDEFEE6014D
00D000910075FFDB
022A0170FE850202
002E019EFFD000F8
FEAD0122FF47FEF1
004CFEE00080014C
FD5E00A7FFD4FE13
FE9700DE013500F4
000AFF8700AE002D
01E3FF2B005FFFE7
FFA00044009CFFA1
FFAF0039FE21005D
0074FEDAFFB0000F
FFF6FFD7FF250126
0111FF380033FFE3
FE810028FF51FEA1
0131FFF9FF6B00F7
FE6A006AFECCFE6A
0032FF3400EFFFD7
003601810076006E
00DC007FFECD0002
FF22FFDE0086FFF2
019F01310046002D
014A001BFC87000D
0029010B0030FF22
0181005D0148FDFE
0061007100540107
01990026FE5AFE46
FECBFEC8001C012E
015FFFEF018F00F0
001E00D3012001B8
FF780036FFBCFFE8
FE43FEAFFE940183
00C200AC0047001B
02570143FE7901E7
005C0172FFA700AC
FE9B0123FF51FF09
00D4FE9D003A0129
FD850079FF99FE21
FE4A00BB011E019A
007CFF9700B900A5
0121FF840070FF6E
FFC9FFD7003AFF3A
00430033FE74004A
00ADFF06FF880030
0037FF83FF7E0138
0107FF39000A0028
FE76005DFF8DFEDE
009D0000FFB300EA
FE750086FE9EFE6F
0027FEC500A7FFD2
002D010D00330059
00B30013FED4003B
FEE4000300390007
01BD00C4003C005F
0130000BFCF4000C
008A0135FF6CFF38
01AE006F00FDFE57
00C900320074018F
013BFFCEFE3AFDF6
FEA5FEB500060190
01F5FFEE017600DE
FFB2014D007E01A1
FF0DFF77002CFF73
FE5BFE47FE6B0205
00F300A800130053
022D00EFFE9A015B
00B40166FF9A0084
FEA200F6FF24FF44
00BBFEF0004D00F5
FDB4007BFF9CFE21
FDD4009F00FB01E9
00DBFF400080011A
0089FFD60032FEEA
000BFF68FFEEFF2A
00760013FE94005E
0066FF55FEE6007F
000FFF7500040103
014AFF16FFC30027
FEA0001A0011FF4D
00090016FFA200B1
FE9D0055FE64FE9C
0078FE7B00590005
005D00860015002C
004BFF46FED00031
FECF0038FFCBFFEE
01860031003AFFD1
00F0FFE4FD05FFEC
00DB0096FF1CFF55
017100C900D8FE8A
00F8004A007401EB
00D7FF92FE4DFD9C
FE73FEDD006701E0
0221FFDD007D0081
FF6C01DB007901D9
FEC8FFB10016FEED
FE80FE4EFE3A01CA
012300F9FFE90047
02090064FEB500DE
00E20119FF4C0050
FE980090FF73FF47
00D5FF52FFB3006B
FE370088FFADFE38
FD5000DA012B023E
0150FF79001F0170
000C00590073FEBA
FFD1FEC9FF84FED8
00C60038FF24002E
00C7FF63FED300BF
FFA9FF7E001D00AC
0106FF51FF5D0038
FF09FFF60046FF67
FF550040FFC6002A
FF240018FDEFFEF0
0027FE3F00320068
003C0018FF9B005B
001EFF6AFE980095
FEE30042FF8EFFB0
0172FFA9FFEEFFF9
00EC0004FD8FFF8C
014E0059FEBDFF55
013F00F400A8FEF4
0136FFF900220261
006FFFD4FE63FD84
FE87FEE6004C0218
0237001C00ABFFC0
FF0A0236002B016C
FEBEFF470066FE92
FED0FEAAFE000194
012900F7FF760090
0196FFFAFEEF0061
012D00F1FF660067
FEBF0021FF85FFC8
0092FFD9FFC80051
FEDF005DFFAAFEB1
FCDF008D00CF0248
017EFF51FFF60177
FF5A00930020FE5D
FFECFE54FF1EFECC
01110028FF30FFDB
00B3FF8CFE8100FA
FFF8FF6700C9007F
0104FFB6FF17004A
FF65FFFB00000025
FEBC004CFFF6FFE7
FF97FFF8FDEEFF25
000EFE01FFAE0055
0021000EFF39003A
FFE8FF25FEC40083
FEC0007DFF41FFB0
013AFEDCFFBFFFF8
011BFFB4FE29FF1B
019F0051FE75FFB0
014E00FE00A8FF6F
0161FFB1FFE10242
006CFF6CFE4CFDDC
FE9DFEC30063023F
0241006FFFFEFF99
FEE3024C00000118
FEDAFECF0092FE59
FF2EFEB0FE2C0192
00AF00A9FF3900AF
010DFF7EFF3B0005
01330092FF260003
FEB5FFE5FF79002D
00AF0016FFB8001C
FF900056FFE1FF3D
FC7D003A007E023D
014AFF58FFC4016F
FF420104FFEDFE26
0005FE26FEBDFEF4
00DB0006FF7DFFA3
00B2003BFE6900AC
FFFBFF3700EA003F
0125FF93FECF0051
FFC7FF8A0023005A
FE5B0046FFF0FFCA
0005001AFE32FF55
FFC5FE05FF390090
0079FFBEFF14FFF5
FFB1FECAFF210042
FEDC0062FEF4FF78
00DCFE99FF96FFE9
00BCFF34FE62FF00
0199FFC2FE53FFD5
011600FF00E4FFF0
0170FF98FFCB0239
0038FFA5FE95FDED
FEC6FF0A00230274
01DB006CFFBDFF20
FE970262000900C6
FEFEFF050089FE33
FFD4FEF7FDFF012D
008800F4FF1B0063
00C4FF71FF97FF6C
015C00ADFF0E0015
FEE1FF82FF930018
005A007FFF65FF9E
004B0039FFFEFFD9
FC9BFFCC00A2027B
0100FFE0FF740135
FF380162FFD5FE37
FFEFFE2FFEC3FECC
014EFFF8FFDCFF20
00CA00D8FE510130
FFB7FF3700CE003A
0122FFC5FEA100AD
006CFFC2006C00A7
FDA70001FFD7FF50
00580025FE1DFFAF
FFC1FDF6FF4F0058
0058FFABFF13001D
FF6EFF20FFAF0059
FF0E0086FE9CFF2F
00C0FE61FF82FFCC
00BDFF16FF16FF09
01C9FF8EFE250027
00A5010E00640008
0184FF37FF870274
001DFF69FE89FE7B
FF6BFF55FFFE0216
01C600E5FF91FF24
FEA8022E00270054
FF3CFECA0083FE24
002CFF50FE8500F2
009A00D1FEC700BB
003AFF390041FEE6
01500037FED6FFD8
FED2FF39FFCF0079
00AA00A7FFA7FF9A
00D3FFBF00960092
FC8FFF95005E026B
0100FF9AFF5F01A2
FE9101AFFF4DFE7D
FFFEFE44FEC2FEF5
01130032FFCEFF39
010900D4FE7700C3
FFBAFF6200FEFFFE
0084FFE3FE9000D7
00CFFF50006400C1
FD77FFDBFFACFF13
005D000CFE5A000F
FFB4FDC0FEF5005D
0018FFD7FECD0003
FEF2FF1200010048
FF4E00D2FEA1FF1D
005EFE02FF7EFFCE
00B5FEEDFF32FEC7
017CFF68FE1700A7
008900DF00E8007B
01B2FF54FF4601DF
000BFF91FE55FED1
FF8AFF8EFFFD01A8
01340106FFC8FF34
FE78020100590021
FF79FF1D00A1FE35
0042FF63FEC800B2
004500A9FEAF00A6
FFE5FF0D00C5FEDD
0137FF9EFE93FF61
FEB7FF2EFFFD00C8
007E00AFFF98FF50
00F8FFC600B9012E
FC98FF6200620263
00E8FFCDFEF6014E
FEC801D2FEEDFE75
0019FE84FEB0FF3C
0101003D0013FEF4
00E70110FE7F00ED
FFE8FF820126FFD7
008BFF9AFEB20111
0100FF8D004700A6
FCFA0032FF6EFEFB
0072FFF6FED9006E
FF9DFDF4FEF70041
0069FF9FFEB3FFF9
FF00FF3D0037004E
FF3C00F0FEB8FF1F
004BFDEEFF77FFAA
00DFFEE2FF80FE87
0173FF3EFE0C0090
003A00C5017100B1
013BFF3AFF3A01C6
FFC6FFC0FE63FF02
FFB8FFB0FFC60133
00F500F6FFB9FF1B
FE7D01BA0092FFD4
FF84FEFC00AEFE89
00C5FFC6FF4D0013
007C0027FECD00B9
FF5EFED400E2FE79
00EFFFA1FE99FF7B
FF43FED0006B0135
00520102FFB6FF12
014BFF7400F70177
FCABFF810041025C
00E5FFF6FEC70155
FEC40200FEF6FEE3
FFC9FE9BFE8DFF9C
011600B60010FEAF
00F0009CFEAF00C5
FFB3FF84012C003B
00180042FEED0146
0121FF89000D007D
FCFB0062FF7AFF1A
00570003FF5400DD
FF89FDD2FF0EFFF5
005FFFBDFF02000B
FF13FFA9006B0059
FF720142FE57FF13
FFF2FE71FF44FF92
00D5FEC9FFA7FE4E
017BFF1BFE2800EB
FFE900E701FC00E2
00EBFF3FFF22010E
FFD30003FE11FF9F
FFDB002AFFC80087
00A50125FFD7FF4A
FF010133014DFF8B
FFF5FF3900B2FE85
00C60027FF8EFFA7
00220039FE9300A0
FEC7FEEC017EFE08
00C7FF81FEA0FF74
FF3BFE9C0093014D
006F0165000BFF08
016DFF78010D01D4
FCCDFF6800560237
00D90094FE4500D0
FEB601F2FEB8FF4E
002AFF36FEB70012
00B000F8FFEAFE54
00A2011FFF5D00BA
FFB4FFE000BA0037
FFE40054FF18014D
0168FF76FFB60094
FD49006AFF2AFF23
00A90018FF8A00E5
FFE0FDC3FEDEFF8D
0077FF9AFF39005E
FF48FFD0009C0094
FFFC01AAFE84FF21
FFC7FEACFF92FFA1
00C7FE21FFAEFE5C
0119FF2AFE7D010A
FF0E011502C600C9
008AFF03FF360072
003E0017FE270040
0037008FFF8CFFFD
003A013DFFC9FF7C
FF15010701CDFF98
004AFF7E0069FED9
00ED009AFF84FEB1
00080052FE330068
FE8FFED30138FE3B
009BFF85FEC6FF80
FF4BFEBD00A300D7
FFF601B4003FFEE1
0189FF2B011A0201
FCF2FF3B00590155
005E0059FE2800E4
FEA101D0FE9EFF77
FFE0FF4CFE900030
006A013BFFCEFE29
008600A0FF7100AD
FFCAFFBD00AB0042
FFBE0009FF320157
0178FF5BFF190036
FDA3004DFF0CFF75
0056002A00390137
FFF9FDCAFF1BFF94
00E5003AFF9A006B
FF9A002E0097003D
FFF6019AFE6CFF5C
FF7CFFA1FF27FF6B
00AAFE2BFF52FE27
00D4FF36FF1400EC
FF0D00CE036F00D1
004DFECEFEFE0014
00430045FE0C00B3
00770068FF41FF7B
FFBE0129FFBDFF73
002F0033021EFF7D
0087FF730019FEFB
011500DEFFDBFEC2
FFF90071FEA4003A
FE7CFF040174FE1C
0050FF8CFF0AFFEC
FF23FE2400DA0127
FFFC01B40098FF3D
00FFFF3100E60249
FD01FF7E0084016A
FFC500CCFE02003D
FF500184FE6C0003
00040009FF250089
003B0169FF63FE0E
00ED00B400330091
FFEE0028001F006E
FF3C0051FF4D0152
018BFF60FE7BFFCD
FDDE003BFEDEFFB5
0002000300410111
FFBAFDDEFF29FF4B
00EB0039FFE3007A
FF8F001401460073
004F016DFE8CFF10
FF9D001AFF7BFF08
00F4FE25FF63FDE2
0092FF70FF6B00FC
FEB700B803C00045
0020FEFFFF40FF38
00B4009AFE280140
00EE00A3FF02FF27
FF890134003FFFBD
0046FFC8024AFF94
00A5FFDD000BFF29
010D01370009FE60
FFD00053FEA8FFF6
FE67FF4F0165FE7A
FFE8FFE1FF69FFF1
FF2DFE6A007600C1
00320153009DFFA8
00EDFEF100DE0269
FD3AFF7600BC00FC
FFA400AEFDE80018
FFA80166FEB5004B
FFA600C7FF8A007F
00280190FF2CFE37
00C7004A006E0064
FFDE007EFFFB0046
FED6005AFF6D017E
014AFF21FE55FF5B
FE800041FECD0000
FFD80001008C011B
FFDDFDDBFF65FF4E
00BF0097004F00AC
FFFA005E01290079
0073018BFEF9FF4B
FF7500FBFF44FF27
00F2FE42FEFAFE83
FFE2FFE5000A00EB
FE7E00C00436FFE3
FFE7FF46FF49FEF5
00F90093FDF6013E
00E40082FEB8FE38
FF2A016800560023
00B0FF2602AAFFD0
010E0003FFD8FFA4
0106014F0041FE30
FFE70053FEF5FFBD
FEB3FF8F00E2FF24
000CFFEBFF810010
FF5EFE8E007D00A5
003F00EA00B5FFC0
009BFEEC00BF0255
FD6F0000010A00B5
FF7A00FAFDE2FFA9
000700DEFECB00CD
FFF20106FFA900D8
00000185FEF3FE3F
00E7FFBB00F5FFEC
FFF1005CFFCD0077
FF230041FFCD0148
0107FF05FE1EFF18
FF19FFE0FEDA000B
FF74006100D90154
0037FE67FFB1FEC2
00A500EE007F00A9
FFCC009E00EB0074
0070019AFF3CFF99
FFDF01A9FFAFFF35
0133FE3DFEA6FEB7
FFBB0018003600BD
FE7AFFF5047DFFF5
FF7DFF93FF87FE82
00FA00D5FE300135
00FA005EFEA9FE2A
FF27010D00AB005A
0112FF4202D6FFEA
014F0036FF790006
00D301040025FE20
00250055FF8DFF89
FEFCFFD700BCFF44
FFCD001CFF9B004B
FF6EFEDC0082002C
0000009D0125FFD5
FFE5FF2600650214
FE1DFFE301100053
FF2C00C9FE4BFF37
006600C0FEDA00FF
FFC5017000080151
FF9E01D9FEA4FE64
00EAFF9E00E90015
FFA20094FF7E011D
FEAA000FFFDB0172
00C6FF78FE22FEB1
FFE4FFC9FE900089
FEFE0044015100EB
0047FE6EFFD9FF19
00AF013300EE00AB
002E00B5013800AB
000D014BFF9EFF9F
000B0262FFA6FF03
014EFE85FDFCFEC9
FF5E00AF00B9008E
FEB5FFF50470FF41
FF5AFFE2FFE8FE55
015A0068FE5300FC
013D0072FEF7FE1A
FF4800DB009E0097
014CFEF702B8FFF1
01000086FF780069
007500AF0082FEE8
FFD7002FFFE8FF17
FF6C00560027FF84
FF960073FFE10072
FF63FF2E0076FFCC
00430026012B0041
FF64FF46000D0171
FE18001801680041
FEFA00D6FE66FED7
00F2005EFF3F00E5
FFC601C50064011F
FFA601CAFE8CFED2
00BEFF4A00C9000F
003300FEFF420115
FED300A100230139
00BCFF90FE24FE38
0062FF63FF0500BF
FF2400D40110008B
006CFEAC001AFEBF
002F0160013E00AB
005A00E3009600A4
000C01490013FFBC
004902ABFFBDFF45
015FFE76FD74FFC6
FEC300FD00C4008F
FF0AFF67044DFF30
FF0B004F004CFE7E
01AB00C6FE1C00C0
00F90004FF0DFE31
FF1400AE00F100FC
0158FEB5028B0006
01110098FF7600EF
00100092FFE3FF12
002C00070007FEA6
000C00E6FFAD0018
FF7000ED001900B6
FF7EFFB60054FF61
006200310156009F
FED7FFE70022010A
FE9100300189004F
FF2B0092FEDEFEBD
0168000EFFB0010D
FFA801AB007B012E
FF670150FE93FECB
00C8FF1200950047
004300D5FF1200F5
FF26FFCF003F0117
0037FFB1FE4AFE0B
0126FF95FF0B00F2
FE94006600D3FFE0
00F0FEDC002FFF2B
FFE401A3019000D8
0068009F00200100
FFF50146FFC9FFD7
008802CC0035FF53
0167FEBBFD01FFE5
FEFB015F00C00095
FF99FFE10410FE8D
FF3400A5007AFE6B
01E500C8FE4E004B
00BE0020FFBEFE49
FF94007201220131
019CFF1402700053
00D800B0FF8E0107
FF930022FFCDFF0F
FFED00470063FE90
003C00F0FF1800A5
FFBE00C2001D0096
FF6B00590001FF01
0034FFF5015C00DC
FE2B0037FFA60025
FEC20043019FFFD2
FF5B009FFF25FE9F
017DFFC5FFD600F0
FF5C017200C400D3
FF3D0122FE75FF7B
009FFECB0057000B
007A0083FF520136
FF46FFD3005F006E
FF96FFF9FE6DFDEE
019EFF6CFF4A013E
FE2E005A007FFFA7
012DFF82006FFF11
FFB301E202100105
0091009EFFB60130
FFF8011300050060
00B403000038FFAA
012EFF04FCAD0032
FEE0015301080022
FFECFF9D035EFE4D
FF4000A10090FEC5
01E500A6FE65FFE8
00A4FFDDFF8AFEAB
FFE0004E00E40112
018AFF4D01E5009D
00A60085FF7500E8
FF5EFFBAFFE0FFAB
003500A000A1FEC2
00C200E4FECF0101
FFF900ED007F00A9
FF9B0077FFD1FEE2
0012FF87014D012F
FDFE0054FF65FF9D
FE7E006F01EE0029
FF600081FFD1FEE5
0186FFC1003800B5
FF37012800CF00A0
FF3F0140FEA3FF8B
00C2FEDAFFD7003A
00410070FF02012E
FF7EFFE700830036
FF5DFFE0FEA0FDCA
01B8FF35FFBD0156
FE3E00700000FF13
00E5FFA8008FFF39
001A01D601C700AA
01050083FF2500E8
FFA800AF000A00A3
00C602F50058FFDA
00FFFF60FC380077
FF0C019C0162FFD6
0080FF8E02FEFE9A
FF8E00B900F2FF13
01BF009FFEA6FF78
0042FF5FFFB4FF47
0066FFAD00C000D9
0144FFC60191010F
0060009BFF8000F0
FEFDFF42FF2F008B
007400AA00B4FEE2
016C0136FE4D018F
FFCC0150008800B1
FF9A00DDFF78FEC3
002BFFB200EE01B0
FDC900ADFF23FEC1
FE83007701B00077
FFBF00660030FF3D
01A1FF2200790035
FF5F00BB00CB0062
FF49008EFE87FFC9
0069FEF4FFB1004C
0094003BFF4000E7
FFEDFFC900990010
FEFF0014FEFEFDDD
01BFFF2900000167
FE6C0072FFCFFECF
00F1FF6300B7FFA0
0019017A01B900AB
00B9001AFEE800D9
FF6A00580042008E
00F202920029FFC1
00C0FF75FBFB005F
FF9201B30182FFAA
0113FF5F029FFE37
FFDB00ED00DCFFDA
01D60007FEC0FF30
001EFEF8000F000F
00A1FFFC00CB00CC
012300000112012E
00430065FF6B0093
FF4DFF17FF0700ED
00B1013A0118FEBE
018700B1FDC2019D
FFF6014D006C00D5
FF4D00FDFEE5FEAF
0077FF5B006A019A
FDEF00AFFED7FE8E
FE3900BB01CE00F0
FFC9008C0094FF26
0152FF1D0086FFE6
FF5C009600EEFFFC
FF9E0021FE930018
0019FF29FF57007A
005DFFDFFF3900BF
008FFFAD0054FFFD
FF260016FF89FE2A
0207FF1F000F014A
FE540045FF9DFEB4
00FDFF91009C001C
005201B601A700A6
009E0018FEB800B4
FF53FFEE00030092
010F020F002A002D
00C0FFAEFC210009
FFE40199013CFF2E
0161FF910229FE5B
006100B40132FFF5
01C50003FEACFEC4
FFAEFEA4002C0016
010CFFCD008500B9
011B008E009D014E
FF86FFFCFF540015
FED5FE88FEF201B2
009700F200C6FF03
01D200D6FDFF0187
FFB600D2004E0061
FF8700CEFED4FECB
00A1FF190054016D
FDAB00D0FE72FE3D
FDF200F601B1011A
0048007300A3FF87
0155FF070006FF8F
FFB2007500C0FFD7
FFDAFFBCFEBE0063
002BFF63FF280085
0061FFD7FF84008D
00A7FFA80061FFEE
FF0C0043FFBCFE5C
019EFEFDFFF90126
FE950030FF0AFE94
00CAFF0F009B005F
006301390169007A
0076FFE7FE9200D2
FF0CFFC900570070
016801AB0015003B
0082FFD6FC670058
003B017F00F0FF21
01C7FFAE01D5FE94
00C5008B018D00A7
0163FF9EFE8FFE97
FF43FE8A0029009E
015AFFFB00460073
0080010F00460164
FF4EFF5DFF58FFC2
FF16FE4FFEA3022E
00D600E900B1FF3C
02140081FDE10173
FFE200F400140080
FF1D00DBFEBFFEF8
00FEFF540028016E
FDE000C6FE57FE40
FDA400EE015A0183
00AA0098008AFFD6
00BFFF460043FF23
FFD8FFFA009DFFAD
0082FF64FEB0004E
0012FFB3FEFB008B
0059FF98FFDF0019
0103FF76FFEE0013
FF3400200020FEBF
0131FF61FFE5012E
FEABFFC6FEEBFE99
00A1FF2300990071
00B6013B0151008E
0087FFB4FE9000DC
FEF7FF9C000D004E
014901420005003C
006AFFF6FC73FFC5
00AE01810101FF1D
01E5FFC30175FEDB
00C90091016F00F9
013DFF9BFEC9FE8B
FF2CFE6A007E00FB
0195FF9000050038
005F0138FFD7018B
FF39FF62FF96FF78
FF0FFE23FEA90225
00CF0111006DFF81
01E10042FE2601B2
000900EA00440082
FF3C00C5FECEFF5F
00FEFF800005012F
FE0F00E3FE38FE3F
FD12010B017201BC
00D3006E005A0049
0059FFB30024FEBE
FFE4FF5F0088FF68
00DAFF14FE98005C
FFF2FFB7FEE30098
0066FF37000B0000
013AFFB4FFB9FF87
FF32FFFA004DFF2B
00E6FF91FFD100F1
FF11FFC8FE64FE91
007CFEF2003500B2
00DE00FE00C8009B
008BFF63FEA300C2
FEDBFFA6FFA7002F
013200DFFFC40096
0045FFD7FCAAFFBE
010700FE00E4FF05
02060017013DFF73
01430014016E015B
0101FF50FECFFEB6
FF04FE9A00A50158
01B4FFC5FFDCFFD5
001F017AFFF401AA
FF6EFF25FFA2FF0F
FF31FE4AFE4C0204
00CF01730049FF76
01ECFF9DFE160160
FFE800D8002100BA
FF210097FEA2FF74
0102FFF1FFF30129
FEA40086FE6AFE4D
FD1000D301020212
011A0078006A0064
0041FFD3FFD3FE71
FFCFFEF70027FF29
0126FE97FEE60054
FFF90033FEA900D4
00BEFF09001BFFC2
0167FF86FF96FFAA
FF08FFA20055FFA4
006BFF77001200FF
FF3EFF5DFE79FEB8
0037FE8A00050083
010100960101007E
0071FF46FECE010F
FEE1FFD6FFC70043
00C7006D00100067
0020FFF8FD35FF59
016600DE00C6FF30
01BF002C011FFF71
0197FFC001B30184
00EFFF22FED2FE79
FF1FFE6000860183
0219FFF3FFAFFFC7
FFCE01C2FFA60136
FEECFEF10001FEBE
FF9DFDD0FE4E024E
0071018D0016FFBA
0188FF80FE8500D3
00440067FFF5007E
FEFC0032FEC6FFC6
0126FFEEFFAC00A5
FF0200BAFE5AFE8E
FCC300B7012402A9
0123006C003C0067
0020005EFFD5FE15
0013FF550063FF1C
0125FEB7FF22005A
FF840063FEBA010D
0080FF62008DFF41
015AFF53FF9BFFAD
FF9FFFAE0040FFD2
0011FFEBFFC60099
FFE3FF37FE00FEC7
FFDFFE64FFC0013E
013200AD00AB006A
0049FF1BFEFD00EB
FEC5FFB8FF7A001F
0087FFADFFD7009A
0014FFC2FDB6FF1F
01900092005CFF42
01F100A900F0FFF1
0157FFB401DB01C1
0075FEE6FEC6FE85
FF24FEA4006501DD
01F00049FF7DFFA3
FF92018DFF9D010D
FF15FEA80035FE66
FF73FE6CFE770259
009B0167FFEDFFC1
0148FEF5FE90004F
00670055FFD60060
FF58FFF4FF06FFBE
00F7009DFFB500AA
FFB000C0FEACFEA0
FC94009400A00284
017F00ABFFE60077
FFCE0099FF96FE3E
FFB4FEAF0034FEDA
016AFE96FF1E0040
FF7C0099FE6F00EE
00B5FF3D00A9FF48
01CDFFACFF59FF93
FF9FFF6F00710097
FFB0FFB00007005E
000CFF1DFE1FFEE0
FFDEFE37FF690135
013E004F00490041
006FFF1FFF8F010E
FEDDFF82FFD0FFD1
002FFF43FFD0003C
001C0009FE71FEC9
01B8007300B7FF55
01F400B500B2002A
0235FF3101CA0187
0067FEAEFED8FEA4
FFB1FEA900690253
01890070FF3DFF41
FF4B0175FF7200DA
FEFEFED80043FE60
FFD7FE61FE6D025A
0010018BFF84FFFD
00D6FEEEFF310045
0010000CFF770041
FF26FF9AFF54FFCB
010A0082FFC10030
00010059FF43FF01
FC47008400AB029F
015F010AFF8800C8
FFB100B7FF64FDC7
0053FF130024FEF4
01ADFE72FF40FFF7
FFA00119FE5E00F8
0092FF1E008BFEFF
01A7FFEAFF5BFF99
005CFF95002A0082
FEC8000DFFDEFFD9
0008FEC1FED2FF9B
FF9EFE04FF190119
01A8003DFFF80047
006FFF14001800FC
FEA6FFCAFF97FFAE
FFF7FE9CFF6B0010
FFF8FFFEFF48FE39
024EFFFB001BFF7D
019000EA01750068
0278FF2301D701C3
0052FE7FFF10FF2D
FF55FEE5008601E0
019E0062FF6CFF7A
FF3F013AFF430069
FF44FEA900D5FE79
0040FEC8FEF301E0
FFC9012AFF23001B
004FFEA0FF50FFBC
FF9AFF76FF32FFDF
FFA6FEFFFFD7008E
00C0009DFFA8FFAE
006F0027FF5BFF3A
FC900043005102D2
015900F8FF5A008F
FFA10113FF17FDBB
0051FED9FFE3FF61
01B4FE1DFF4B0000
FF5B0103FE64013C
00BCFF7800FBFF2E
0197000DFF78FFA2
008DFF3000420108
FE430055FFACFFC9
009BFECCFED90004
FF41FDECFECE0111
01B1FFC2000D003B
005CFF32007600C9
FEC3FFFEFFE9FF6A
FF4AFE71FF32FFF9
0026FFC9FFC5FDC5
024EFF8E003DFFFC
011400D501940102
0232FE6D013E0196
003CFEBDFEE8001B
FFE2FEF8004A0180
010A00B9FF04FF61
FF6200E8FF930021
FF68FECD00DEFE69
0047FF2EFF9D0191
FF710134FEEA001D
FFCDFE780011FF0D
FFB7FF36FF47FFD1
FFCBFE48003900E8
006500C6FF89FF51
0139001100090036
FC780026004402C6
0136012FFEF2005A
FF860155FEBBFDE5
00AAFF66FFD7FFE8
017AFE68FF62FF73
FF16014DFEE9011D
00BBFF6C0122FF27
016F0041FF33FFCC
0143FF17FFBA00E5
FDD7009FFF81FFA9
0046FEE4FF71007D
FF4FFD29FEE400DF
01BCFFE5FF3E0017
0094FEEA00AA00DE
FF1E0000FF9DFEED
FF51FEE1FF28FF28
001FFF7E0052FD8C
029FFFAB00410050
009A00B1022300F2
0210FE3B01A7012A
0023FECCFF1300A0
0021FF66FFBB0102
008D00D5FF83FF4A
FFAD00750019FFF5
FFABFEEF00F4FEC0
00D1FF81000800A1
FF55017AFE90007A
FF57FE9C0091FEB2
FF42FF6AFF5E0003
FF6CFE4600F00109
006F0125FFBDFF01
015AFF7B00470120
FD07FFF1004901C9
00B801A4FE7D0077
FFDF0142FEBCFDF1
00B6FFA1FFF0000E
0139FE9CFF55FF38
FFAF011DFF840146
0076FFFA010DFEF1
0111006AFECB001F
0162FEAAFF6E00DB
FDDB010AFF79FFED
0061FEFCFFCE00C6
FF6AFD2EFEFC00A9
0212FFB9FFD700AA
00D1FF8900F700EE
FF35FFF4FF8FFE74
FF3EFF62FF45FEC8
00B3FF4E00BBFD3D
025CFFA5000B003F
FFB500BD02A80068
01D8FE6F015900CE
003AFF2AFE48016E
0088FFB4FF3B005F
004E010CFF9DFFD3
001E0046009CFFCB
FFFAFF1D00F2FF4E
00DA005A00830025
FF3200D8FE4EFFFD
FEB3FEC40101FE96
FF0FFF76FF3F001E
FFE5FDBB0104019C
008101210013FF77
0179FF57001C019B
FD3A008900000145
00A4016CFEB9FFB8
FF89013DFE8BFE85
009C004BFFDD004F
00D6FF39FF47FECE
FF95003C003A0104
00ABFFD300EAFF8B
004100A7FF160001
01B6FEBDFEA6008A
FE3A00F7FF76FFD6
0044FF39001B012C
FF94FCFFFF49007A
01EBFFF2FFF100B6
012BFFAC015D0119
FF3B001AFFB8FE6D
FF14FFF6FF6AFE99
00ACFF6F0083FD3A
01D0FF9C00CC006F
FF960091031B0040
00D0FE80010A000A
0103FF77FE7601B6
00F2FFB6FF31FF9B
FFE6014AFFBD0045
00B3FF460172FFA0
000FFF4F00CBFF46
00E000C200BCFFBA
FEF200E1FE67000E
FF0FFF36013EFEA8
FEE7FF79FFA9002E
FF46FDF401500148
00BC01170022FFB6
0144FF1B00A1021D
FD4E003A0044007D
FFD3012CFE8DFF89
00650140FE8AFEF7
00600102FFC40108
004CFFC8FF19FF28
FFD3001100C400E7
00AD004E006BFF40
FFA1007BFF060067
01B4FE5BFE0C0040
FE2400F2FECF0008
0035FFD2008D018D
FFB2FCE9FF75FFC2
025CFFEFFFD300B9
0166FFD1014500C7
FFAB0077FFBEFEC0
FF8D00F5FF6BFE69
00EAFF2A0063FD8A
019DFF99002A007F
FEB60081039EFFE2
0035FE7A00D3FFDB
0107FFB1FE5D01B8
00E90012FE6DFF45
FF810165000C00AF
00EDFEF9019EFF81
0090FFB1011BFFBA
008F00FF0091FF65
FF7A009DFE9C0035
FEEFFF4F0144FEE4
FF260014FFB1005C
FFB9FE4901350126
009800EF005BFFF6
00C6FEF000C60249
FDC20057005F0046
FFC100F3FECCFF63
007400D1FE7AFF9B
003C0115FFB3012D
0054FFF0FF0DFF04
FFF9FF35010A0056
0012001D001AFFD9
FF850066FF2100C9
0125FE8FFDBFFFB1
FE9600D8FF420046
FFEEFFD300CD01D7
FFCAFD38FFD8FFA3
01D20074FFD800B7
015F001E018800B1
FFF40067FFE5FED9
FF940113FF88FE70
00CEFF7E0029FD5F
0153FF94007E0037
FEAAFFED038C0005
FFFBFEE8008AFF85
00D3FFDBFE6D018B
010CFFDFFE96FF0B
FF10012A006900C5
0110FE900215FF9A
00C6002400A6FFC7
0089010A00B6FF44
FF0E00CDFED6002F
FED5FF9A0145FF2F
FEFF0021FFC0009E
FFC2FDFC01690124
00CD00A6008D003B
00ACFEBD00BF026D
FE0C00650080FFB1
FF5200E0FEB1FF3E
006D0089FEB90011
003501E7FFD2010A
00080078FEAAFEFE
0069FF400185001C
002300C4FF94001C
FF10006EFF7200BC
00FBFEE3FD8CFF6D
FF6F00D8FF680069
0009000101230197
FFDCFD7D0020FF75
020100EB000F0093
0150006401C50094
FFDF00790070FF03
FFE401B8FF76FE5D
012DFF6FFFF0FDB4
0090FFE40079FFF9
FE8E0012037CFF42
FFB7FF230086FF74
0161FF9DFE53016B
0136FFABFE50FEB0
FEEF011C0080012B
013DFE9C0231FFA2
00D6FFD8009C003A
004F00E800D2FF62
FF79007BFF24003D
FF560015011FFF67
FEF900A4FFF300C5
FF92FE5E0130006C
0143001E0070002C
0018FED9008C0246
FE24004300BEFF75
FF5000D1FED9FEF2
00D1003EFF20005A
0053020100340165
000E0083FE2FFF0A
002AFED801CEFFE3
002A005FFFC70092
FF330065FFC500E6
00F8FEF2FD64FF2E
FFC200AFFFA40096
FFBC0021014D0188
FFEFFDF3002EFEDC
01B100FF006B0089
016E00AA01C2008D
003100BF00BFFF46
00010205FFA1FE5E
0120FFC2FFB9FE0F
0081FFEF0052FFB4
FE5DFFC2038DFF2E
FF67FF4900B9FF5D
013DFFC5FE620171
0116FF8CFE61FE4E
FEEE010C0081018A
018AFE700217FF7E
0103003000710091
FFDB00CE00F1FF5C
FF93003CFF2F0018
FF77009A00F3FFAA
FEC600A50011009E
002CFE6F01350038
0117001E009B0049
FFCDFF0B009401B9
FE5E004200F9FF72
FF4B00B0FF03FF11
00990008FF7B009C
0069025B00690180
FFCA0077FE36FF3D
005FFEA801E5FFCF
FFFD008DFF6C00FD
FF0B0030FFCA00D6
00C7FF36FD66FEEC
004C00A4FFD500BA
FF92FFFB017C0158
FFD8FDB600A5FF09
019A015D008C0062
01C000C8017D00B8
000F00A200CDFF4C
00410291FF66FE3B
00FEFFECFF5CFE44
005800570058FF9D
FE7CFF9F036EFEC9
FF25FF7A008FFF61
0193FFC3FE7600E8
00F7FF81FE80FE67
FF0700DD00950199
01AAFE800211FFE2
00BB002B005B00D7
FFC8009800E5FF78
FF910066FF5E0024
000200F8007D002E
FF010122001300C1
0028FF1500E5FFFC
0145FFB400770097
FF97FF13003E0169
FE9000550144FEFE
FF3600C2FF95FEA7
00DBFFB8FFC400C5
001E026C00790153
FF9C005CFE19FF49
003FFE7601C6FF8B
00060058FF61010B
FF29002CFFE200CC
00A2FF4BFD5AFEF8
00B40083004600D6
FF23002301B2013C
0037FE4F0104FEDC
018901BE00F50034
017800E7015400C0
FFE5004400E7FFA1
009A0328FFB9FE53
016B0004FF2EFEE6
006000930054FF75
FED6FF6002FDFE3F
FEF0001500C6FF10
01BDFFBAFED900B6
0080FF75FEA6FEC0
FED600A2009301C4
01D5FECB01D5FFC1
00C1003A003C014E
FF7B00B900B3FFF4
FFB20018FFC50024
001A01520047007A
FEBD0152000D00D8
003CFF0E00EDFF63
0179FF8E009F009F
FF11FF5AFFFC00F1
FEA60063012CFEEC
FF21007FFFE0FECA
00C8FF46003E00DF
002E027100D50115
FFC00063FE0FFFDF
0079FE9E01AFFF42
FFD8007CFF590158
FEFD000C000E00BE
0069FFA4FD96FEA9
01600065005600CC
FEE9003901750112
005DFE860127FEFC
014601F401020005
015B00E9013E00BE
FFFC00550114FFED
009D036DFFD4FEB3
011F0097FE3CFF64
0009009B0021FF59
FF2CFF4E0263FE3C
FEE7001F007BFF9C
01BBFFA4FF5D0006
005EFF2FFEE4FEEC
FEED00A1008D0211
01D7FED501C7FFFD
00CB0088FFBE0186
FF19008C00620062
FFE7FFEAFFFC0060
00DA0185FFD3012C
FEDD0146004600E2
006CFF6A00F5FF07
01ABFF44005900D1
FED9FF6DFFF8008C
FE99006F0146FEFA
FF36003D0059FEDB
00AFFEAA00790106
FFDD0264011800DE
FFD20055FE0F004E
004BFE9B0179FEE1
FFED0050FF9C0187
FF40000C005500CA
0023FF99FD93FED3
01720074007F0122
FEE1006B012B0102
003DFEE90143FEB6
012701F301050002
018500FE011C00C3
FFCDFFEB014D003D
011E03BF001AFEE6
00D600ACFE1AFFB0
002D00990009FF0B
FF6DFF1301E1FE0D
FF200042009AFF99
017EFF9AFF43FFD9
0021FF24FEEAFEFD
FF3F008700CB0241
01A7FF090170FFCA
00B4009FFFCA0190
FF050035002500B3
FFEA003A00220057
01060178FFAC0163
FEAD0181008E00B3
00B3FFEB007FFEE3
0215FF2A00610118
FE87FF9FFFAA0015
FECE00720133FEEE
FF69FFF500D5FF16
008DFE6900D800FD
FFB30285011F00A3
0002001AFE1F00A1
004EFF040112FEFC
FFC5001DFF8B01C0
FF73FFB4008400B4
FFDBFFCBFE1EFEB4
01C3002200840105
FEB3007F01130085
0051FF7D0126FEC5
009A01EC0144FFE0
011F0100009F009A
FFBEFFDA014700AE
017E037FFFD3FF6F
00F800F2FD38FF8A
002F008B0059FEAE
0038FEC201C7FE40
FF17009D007E000E
01EFFFBFFF0EFFA2
FFB7FE88FF8AFF40
FF960043006801F6
016AFFA70123FFED
00820043FF7D0148
FEA2FFD9000E0169
002B00000063006B
01170188FF8601A0
FED3013900B5007F
00600035FFD4FEF6
0252FEF4002700FF
FE380007FF31FFBB
FE25008E0161FFC6
FFAB00430126FF26
006BFE7C012D0106
FF98020301460061
0008FFC5FE0D00EB
0059FF6500F3FEFB
FFE6FFBDFF880173
FFB9FFC6007E00FB
FF9C004AFE9FFE5B
01E3FFA6004800D6
FE9C001600830028
0008FF8500D6FF28
001701D20109FFE9
00DE00C7005E00C4
FF93FFFA015F007D
01CA031AFFA60013
00F10132FC7CFF81
005000B20058FE4E
0116FEC8018AFE76
FF6800B4008A00A5
0203FF84FEF7FEC3
FF41FDDA002AFF84
00380015006B01BB
0119FFF500D6FFED
000AFF99FF7D009F
FE91FF35FF7301CE
0066FFFB0097007B
01A9016AFF64019A
FF410136006A0043
FFB80047FF77FF03
024FFEFA000500ED
FE2C002FFF0CFF78
FDCB0081016900A6
FFE100140104FF75
006CFE3B01310080
FFB6014F00D5003B
00A2FF90FE010142
006F000DFFF5FF5B
0028FFDF002F0155
FFD0FF77008A0145
FF4C0058FEC0FEC5
01CAFF97004500E0
FECE0007FFF8FF70
000DFF5D00CCFF1C
FFB201BE01020000
006400DB007E00D1
FFB2004400DF00B5
021E02B7005F004F
00A000CFFC33FFBC
007100C80000FE58
012BFF2A0172FE5E
FF9200B2008E00BE
01C2FF9AFED2FE82
FF3CFE290069FFE4
009C0019001701C6
006900A600D8FFB7
FFA9FF8FFF420056
FEB4FEDEFF0F0203
008C004000620058
01940126FF3A0171
FFB1013100340001
FF83007EFEF6FED2
0291FF13FFE100FD
FE4100A1FF13FF1B
FD5100A0018000C0
006D000800C80014
002BFE8001690039
FF4700CA0109FF95
00B0FFC7FE7C0168
00740000FF4AFF5D
005BFFD70059012C
FFF8FF5E005D01BB
FF49005BFF4DFEA9
01B7FF830011008C
FEEBFFDCFFB2FF4C
0010FF82FFE4FF9B
FF3B013300810030
00140068004300DF
FFB5003200E000F1
01E6021700180092
009B00D0FBE5FFC4
004800D20049FE1A
017EFF1A013AFECA
FFF000A9005100EA
01D4FF66FE9EFE7F
FF24FDE6010A002F
011EFF97FFF2013E
FFB8014B003BFFF7
FF24FF37FF42FF8C
FE70FE6CFEE60226
003000410055004B
01DE0118FF6100F9
FFF300FB003CFFFA
FEEE009CFEADFF19
0207FF63FFC60098
FE50010AFF15FF09
FCBF001A01AC0147
009DFFAC00770082
FFE0FEE90112FF5F
FF880027009AFFD4
0128FFA5FEA80160
002E00DAFEB5000E
00F70006008100D2
006AFF0D002B01BA
FFA20035FF91FF21
01C2FF5CFFC20036
FEEFFF6DFF01FF38
FFEDFF4CFFA9FF86
FF2F012A00B40047
FFC9008300600122
FFFB009F009C00CC
02200158003A00FE
0077010FFC50FFB9
000E00D10028FE70
017BFF5D017FFF0E
0049005200C20115
0137FF5FFE4EFE18
FF14FE11010D004B
016AFFA0FFDA0118
FF4101700021FFD7
FF30FEBAFF5DFF4C
FEADFE8EFF0D0245
0056FFB800050077
01AB00E0FF9600A0
00310106FFE3FFE1
FE9C0031FEB5FF88
01D9FF7FFFBA0086
FE5900F6FF64FF2F
FC87003B015D01D5
00F9FF9A00550050
FFB5FF8000F3FF09
FF49FF980076FFC4
0116FFC8FEBF0151
000E0118FE02FFE8
00E4001500E300F1
004DFEF7001D01D2
FFDB004CFFCAFF7F
0126FEFBFFFDFFAD
FF3BFF5AFE94FF31
0013FF2CFF25FFC3
FEBF00DD00A10066
FF0D006C0071015A
001C00C4FFE000C8
01A300A5008F00C8
00C00071FC3DFFB7
FFC90060FFF6FEB8
0166FFAC01A9FF27
00930077003300FD
018CFF59FDDBFE0F
FF22FE74014F0080
013BFFE9FFE600BD
FEEF01BE005AFF72
FF23FEB0FF79FED3
FEE1FEE1FE7F01B1
005C000CFFD0002E
010F0073FFB60008
00A400AEFFCDFFA7
FE8A000CFE7CFF48
0170000EFF690066
FE8800D1FF92FF53
FC18FFFC019F0198
011EFF88FFD70095
FF6AFFB400B6FEFE
FF5EFEF2FFC9FFD8
010AFFE9FECA0125
003D016BFD8D0076
0141002800DA00AC
0017FF09FFE001B9
00450037FFABFFD2
00B3FF3FFFDCFF39
FFADFF82FE9DFF0F
FFC0FF30FEDDFFA1
FED1005C006F0021
FF36002C00FE0180
00680120FFE600EA
0177000D00790108
00A20057FCB5FF33
003F006B0023FED4
016E00350221FF78
00BF0027000F00A9
0182FF44FDE6FE78
FF72FE8C0144008B
015FFFC6FFC9006E
FE64019D007FFF58
FEEEFEACFF90FE8D
FF55FEF3FE6A015B
00430032FFB4006A
0081FFF7002CFF50
010B0089FFABFF98
FE50FFBBFE97FF46
00D9002DFF40FFD5
FF0100F7FFDCFF39
FBDCFFD5018E01EF
00D9FFA9FF5C00D4
FFB80068005DFECB
FF37FF18FFF80024
0152002BFEC000DB
005E01E3FD640068
00DB006200AF0057
004DFF27FFD0023B
00C40044FF99001E
003FFFEEFF73FF3E
FFA6FED8FE41FF4E
FF77FE82FE70FFB7
FE76000A008300CB
FEBC00750140018D
00690155FFEC00D2
00D6FF4500A800D5
0063FFF6FDA5FE73
001CFFAF0049FF65
00FB00A90240FFB9
0120FFB700380090
0181FF37FDABFF2F
FF85FE6901610024
011F0048FFF9006D
FE4B0152009EFF24
FF32FEAA0039FE5A
FFBCFF74FED900EC
FFB2001CFF8C0096
FFE5FF3F00B3FF1F
011C000FFF4FFF38
FE5CFF26FEBDFFA9
00AB0060FF33FF5C
FFDC01050041FFDE
FBAE000C018D01A5
0100FFEAFEC100BD
FF2500F20015FED0
FF63FECDFFBCFFD5
00DA0062FE940079
FFDD01E5FD68004E
00F0006E01150088
0082FEDDFFE701CB
00C9004AFF8D0059
FFDDFF94FF48FEC3
0013FF19FE84FF6A
FF9CFE97FE80FFDE
FE81FF9A00B20085
FEBE0074019B0184
00A401A4FFB600F9
005CFEC9008F00D6
0097FF15FE09FE1A
000CFF950011FFE5
008C00E0029BFFAA
00D9FFCBFFB2000E
015AFF78FDAAFF95
0009FEEF0116FF80
008E006FFFDA0004
FE92010400BEFE4E
FF27FE7B00A3FE60
FFECFFFBFF300008
FFCB000CFF680065
FF40FEC50105FE6C
0158FF85FF3AFF04
FE99FEF4FEDFFFA8
0025009EFF13FF09
005400EF00DF0080
FBCEFF9B017D01B8
00E3001AFE840022
FF8C012DFFAEFF28
FF61FF89FFEF0048
00B100CFFEDF0030
000F01BDFD8C0058
00A200C3008F0088
FFEBFF71FFD00229
0123001FFF3200B1
FF87FFF0FF6BFEC6
005FFEFBFE9CFF69
FF92FE9CFE4FFFE9
FED3FF9F00710095
FEBB00E3018A01B7
00C501ACFF87010D
FFEBFE8300F900B9
0084FECDFECEFE10
FF91FFAC00880035
FFC2016B02F8FFF1
00DAFF7CFFB6FFBC
0137FF8EFDD10016
0048FF850138FF62
005A00B5FFDE001B
FEBB00910117FE75
FF65FEFE00E7FE6D
003D0035FF1FFF81
FF3F004BFF23008F
FED0FEA30159FE69
013EFFBAFF1CFF12
FEB7FEF2FF5BFFE3
FFBF009CFF06FECB
00FB00D1011E00D3
FC63FFAB01F00165
00F1005AFE84FFDD
FF95018BFF5EFF27
FFA9FF64FFA10021
003D00FCFEE2FF8F
FFDF0181FDB6005D
00EA00A500A4009C
FFE8FFB5004101A9
01680018FEE600D8
FEF80021FE92FEC8
000AFF5EFEC7FFD2
FFFDFE55FE31FFE5
FE98FF26004400D1
FEF600D601B4016E
00DF01E4FF6600C1
FFCEFE7900E5FFD3
0075FEBAFF02FE28
FF7BFF9400870064
FF42012A02DA0012
00F2FF54FFD9FFC6
0101FFCFFD9D00AA
00E6FF8C00C2FF4A
00180071FFC20000
FED300770180FE81
FF59FF5300A1FEA7
00330036FF6AFF1D
FF5D0032FF0D00F4
FEC4FE8201BCFE13
00EEFF9FFEFDFECC
FE90FEE6FFE60027
FFCD00EFFFB6FF21
00DC00C20144013F
FCDEFFE901B200CE
00D2001CFDF30003
FFA6018CFF4BFF69
FF87FF85FFDC0060
FFF60174FEB9FF43
002A018AFE320064
00F000D000820060
FFB40000FFD801BE
01B60017FEDA0067
FED40041FEA6FF08
0066FF65FEE30037
FFB0FE5CFE910000
FEFBFF3A005000C1
FF2400C601D20136
00A7018BFF7E0060
FFB0FEB100BB0015
00A2FE72FF6DFDD1
FF87FFA400DF009F
FF1A010903160023
00C9FF72FFA3FF3D
0117FFDFFD9300F0
0110FFE600AFFE98
FFC500BFFFE1000A
FF1F001101AFFE73
FF92FF8700E0FE9B
00850087FFD4FE91
FEF70078FF140097
FE84FE7001D5FDFA
012DFFD1FF69FF23
FEC2FED4FFE10055
FFB400A6FF98FF1C
01000081012F01C7
FCF6FFCB01CB0068
006D0067FDC9FFA3
FFD501B8FEFFFF9A
FFEB001AFFFA00AD
00190164FE98FF2C
005A0154FF070025
00CE00ED00050073
FF7BFFEFFFB0019B
0171FFECFEEA009D
FF0300A1FEBFFF49
0035FFBAFF4D002F
FFE8FE40FED50001
FFA9FF4C001D00ED
FFAA00F801290138
00AB01CAFF540003
FFABFEDA0063FF9B
00B8FE9BFFBCFD9E
FF52FFDD014A0097
FE8C015403FAFFA8
0095FF88FFE1FF46
0113FFFAFD9B0148
00DA00490009FE75
FFD000CEFFE0FFE0
FF5D001E020CFEC8
FFB6FFA500BFFEAA
00C600DE002AFE40
FF0B0030FEEF0053
FEC5FEC001A9FE2A
00F5000FFF4BFF68
FEA3FF13FFF30083
FFA700C7FFC2FF4F
00E3FFCF012E01BC
FD25003101BE0063
000C00A8FDD3FF61
002001EBFF02FFBC
0029002AFFD400AB
FFB00199FE71FEBA
006600D2FFF3FFD4
00D60084FFC9007E
FF8A001CFFC5015D
013AFFF6FE8A0036
FEDB00ACFECAFF65
0053FFB9FF73003D
0002FDF6FF04FFD4
FF31FF4400260123
FFF300A001610121
00B001B3FFE3FFE3
FFC5FF220098FF72
00CEFE92FFA5FDB5
FF77002A015D009C
FE5800D003D6FF50
004BFFAE0002FEF6
01560029FDC50126
0127FFEFFFD9FE1A
FF9501100079002F
FFDAFFBE023CFEED
FFB6FFD200B5FF38
00A9009D0005FE0D
FF540055FF1A0086
FEDEFEED01A4FED3
01150039FF44FF5E
FEBBFEF6003000A8
FF9D00A4FFD2FFA6
00BE001001210217
FD43006401CBFFEA
0010009DFDD1FF51
00370184FF0CFFD0
003F00C3FFD800D9
FF2901A5FE41FEBA
00520023FFCBFFF4
00C800BE0008007D
FF5FFFC1FF760184
011BFF9CFE38FFC7
FF1D00ECFED3FFC7
004E0024FFDD0030
0016FE12FF59FFCE
FFCCFFED0034010D
007500CE014A00ED
00AE01B2FFC0FF72
FFDBFFA80067FF87
00F5FE9BFFB5FD9E
FF4F008D01590061
FE0800BF041DFF5B
FFB1FF6D0030FEFA
01280031FDDC01DD
013B004AFF51FDCD
FF4500C100880092
004FFF6D027AFF2A
000300670075FF9A
005101060051FDB0
FF130065FF260048
FF12FF4E0192FED4
00C100B1FF650000
FF10FF29008300E9
FF5A0097FFFE0027
0062000300C80217
FDC0006B01A2FF98
FFD7009BFE05FF6C
00880152FF130040
006600E0FFE50111
FF490191FE46FE35
00DDFFC10076FFAF
00DD00DAFF9F00A8
FF6DFFE4FF9300B6
0108FFD6FDE8FF7B
FF6000D7FEBF0007
003E004AFFE30054
FFF4FE3DFFD4FFBD
FFFEFFF600410119
00AC00BE010C009F
0079018C0030FF6C
0012FFF20039FF74
0109FE82FFA5FD71
FF3C009E0146003C
FE2C009D0431FECF
FFAAFFEBFFF3FEEA
011E0040FD820204
01410048FF3AFD7D
FF58007E00BC007A
007BFF9E0277FF7C
00220034005DFFD9
005500F9009CFDC5
FF8D0077FF0E004A
FF16FFB40197FF66
008D00BDFF26FFEB
FF05FF38006E010A
FFBA0046FFFD0015
FFE8000400A6021B
FDA000A6019EFFA6
FFDE00E3FEA1FF33
00A2011AFF0B0037
006E0115001C0118
FF270199FE2AFE4B
00FBFF4700CBFFE1
0092006BFF5200CB
FF77FFDAFFBA00EB
00F8FFD0FE0AFF69
FF7600D6FF440066
001800CA007C0038
0015FDF20038FFA8
FFD60082FFF400F7
013500A100D600B1
00590191008AFF31
007300680018FF95
010BFEB4FF44FDDD
FF280139011A0031
FE5A00300411FE7B
FFDDFFE30032FF29
01610005FD9301A7
012A004EFF38FD2B
FEE900A7010200F5
00ACFF7902BEFFA7
003E0090005D004B
0039008B0084FDF1
FF58009DFF030043
FFA9001D0168FFFC
00AE012DFF1AFFFD
FF32FFEF008F00D8
FFB70014FFD40057
FFE0FFC4009101D3
FDEC009101D3FF1E
FFF000B1FF0AFF2E
00B300A5FF140010
00FF0147FFFA0137
FED10151FE43FE54
00EDFEE000D5FFB6
00CA004CFF8800E1
FFB7FFA5FFD200F5
00ABFF93FE0FFED8
FFE000C1FF5B0097
004200CB002DFFF9
0031FE5300B1FF72
FFF3011400880136
016000B1008E0109
001C013900A4FF63
005B01060011FF80
0140FE98FEABFE10
FEC501CB00F40010
FE1CFFEF036FFDFD
FF6C004C0094FF77
018BFFC7FD99013C
01690053FEEFFD89
FF6D007A01160100
00FFFF69026C0006
002100A2003B00B3
FFA0006100AFFE17
FF9400DEFF420002
0028004100E500AE
0099016BFF730021
FF6E008600620080
000DFFD1FFA80128
FFB5000000010171
FD9C008901EEFF10
FFA40070FF96FF1F
0062005AFF630085
00D80131007B007F
FE30013BFDA5FE51
0133FE8B00ACFF99
00FCFFDFFF91012E
FFB5FFB400030041
0046FF94FE2BFEDC
FFD800C2FF8900C4
000A00DD00940021
0019FE85014F0048
001900F60027013F
01BB0014004D011B
0021012E0119FEDC
00F70115FF6FFF1B
00D3FF1BFE6CFE0E
FEE801FE00E1FF6B
FE80FF47034BFDAF
FF2700D00029FFB0
015EFFE3FD8D011F
01450092FF0DFDB4
FF93001C0160008A
008E0000020F0088
000B0060FFE200C5
FF59FFF80095FE61
0013011EFF4DFFDB
003200EF00580165
005801EEFF8B0086
FF39006E00630089
FFF0FF6FFF730129
FF51FFDAFF4D0165
FD9800870210FF0C
FF9400770012FF46
00420050FF0FFFF5
01330167001700D7
FE860136FE0BFE7D
0109FE790120001C
00B0FF91FF6C0091
FFF7FF95FFE0007A
0056FF2DFE72FEFA
007300D8FFEA00DA
FFE90085FFD20004
0024FE7E01420084
008400CF000E00F4
01B4FF74FFBB0108
FFF5008C00EEFEA4
01380116FFDCFF64
00F5FF8FFDEEFE8A
FE8A02440099FF0D
FE5DFEB002C8FD66
FF0B0128FFEC0044
0158FFBBFDF40108
00ED0062FEF4FE70
FFD0003501030024
00B500A401B600E1
FFF8003BFF5600BD
FF4200080044FF1C
002700C8FF2DFFCC
00AC017F00070244
004801E0FFD6011B
FEE600D3FFB6007E
0079FF88FF5C01A6
FF2AFFC0FEE70117
FD3C011C0206FEBE
FFB0007300AAFF69
00200014FFC90032
013A00E60029003A
FE8400CEFE21FE79
00FCFE1C00FDFFAE
010EFEC9FF51007D
002EFFECFFD4002E
0034FF39FEC9FF2A
00720072003D011F
FFEE008BFFD1FFE7
001AFE8301B200EA
0117016AFFC00115
0191FED2FF2B00F6
FF6300B100D0FEBD
019901D4FF77FF94
008F0004FDF4FEE3
FEEE0237005BFE8E
FEF2FECA0253FDCB
FED40113005A00C2
0101FFEAFE5B0080
0096006DFEAFFEAD
FFEE002F00B20054
00BE00F0014000F6
FFAFFFBBFF3B00C7
FF1FFFAA0006FFB7
00DB00CFFF7FFF86
0111014EFF470280
0022027600680184
FF940126FFAB005A
0017FF90FF3C0216
FEEBFFC9FE07002D
FD13012301CDFF3C
FFB10022018F0000
FFEBFF8CFFC4FFD8
00B60053FFDDFFF3
FED6FFDEFE37FEC5
00F0FEA300DBFFE7
0109FEC2FFBA0016
006C0014FF45FFD4
0001FEF4FF58FEFE
0086008C00330181
FF650065FF6C001D
FF99FF1401CB00D9
00BD014DFFC300D2
017EFE43FEDE008B
FF02004300C7FF1C
020301D2FF4A003F
006D00D0FDA0FE86
FF36026E0072FE44
FF56FEA301CFFDBB
FEE4011B004300A5
00C50018FEA3000A
0013FFE7FF14FF4B
00EBFF7900EBFFA7
005D01A30095016A
FF76FF4DFF25004A
FEA8FFA0000C0039
0064008BFFEA0011
0151019BFF40027A
0013024B00860141
FF5800ADFECE0075
0052FF28FF8001D7
FE60006DFDB6FFE9
FCD300AA016AFF7F
0069001C0102FFDB
FFA1FFFA0020FF62
015C002CFFB8FFC0
FF0DFFABFE79FF3B
0125FF3B00A8FFC8
00B0FE8B0033FFA3
009B0033FF620065
FFBEFF51FFD2FF38
00830033007E00D7
FFA90021FF3EFFD6
FF5DFFA1019F00FF
00C40135FFF20090
00E0FE28FE95005B
FF0CFFFC0090FEF7
01F200F2FF48008A
006C00ECFD52FE96
FF860246FFD5FE11
0008FE95014DFE05
FF0D0133005B017F
005DFF9BFEA2FF14
FF8AFF8DFF13FFE2
0191FF4A00CDFF57
FF9B025AFFEF0169
FF3BFE90FF19FFCD
FEFCFF48FFB800E9
017F00690001FFF9
0175017EFEC4022E
008A01E200440172
FF5800B4FE850102
003DFF83FF4901E1
FE33006EFD54FFA5
FCDB008D00F00062
0081FFF401310046
FF4FFFAD0054FF27
00BCFF15FFDBFF98
FFA6FF88FEB5FF9F
00A7FF49FFD90034
00EEFEC9006EFF7A
00860039FF5B0028
FFB0FF830019FFC7
00A9FFC4001B00E9
FFBC003FFF04FF88
FF3DFFBB010600E6
00CA00E4FFE70059
00B9FE4BFE960055
FF11FFD00063FEE0
01E70083FF5300B3
009E00D6FCF7FED7
0022025DFF84FE26
00B8FE87017AFE6F
FF5A00EC002B0193
002BFF7EFE8DFF5D
FF84FF6BFF640069
01CFFF330083FF1B
FF6802BAFFDF0119
FF5EFE6FFEB3FF8B
FEA1FED0FF530141
015F00560019FFB5
01710143FEB901CE
002D019500550131
FEF300A4FE1000F6
008FFF98FF5701E5
FE5D0067FDB7FFAC
FCDD006F00850164
005AFFC000F500C1
FF63FFE90025FF28
0100FF12FFA5FFE8
0038FF38FED5FFA4
00980024FFCA003B
0100FE9E00B3FF5C
00C00042FF5E002C
FFBFFFFB0070FFCA
005CFF9000460056
FF9CFFB3FEC2FFC9
FF0BFF4700B50119
007F00F5FF9F0002
FFF7FE2AFE970088
FEF900260034FF39
01F50059FEE60151
0031012CFD47FEC4
004001BFFFE1FE1E
0121FEEC00EFFEEC
FFE900A6001201C9
006EFF1FFF0FFEB2
FF10FF32000B0083
01E4FF7F007CFEF8
FEFE0209FF6A00F9
FF05FE1BFEE5FEA1
FF41FEEDFF3901D2
0106004F003BFFA0
015A010FFF12011D
00620101004600F1
FEAF0072FE1D00EC
002CFF8DFF59012F
FEA50032FDA5FF39
FC84002C00AE0200
00A2FFD900BB00BA
FF6D003CFF98FE7A
009EFED3FF6DFF9E
0074FEA3FF4E0036
00BB00A0FF0E00A9
0107FF220105FEC5
00F5FFE7FF2000AE
001EFFCA00BC0049
FFD0FFC30076000A
FFB8FF6DFEA0FFC3
FEBBFF73005700C1
006900C3FFAE003F
FFCCFE5BFEC800A5
FF2B004EFFE1FF3D
01C00004FF4B0110
003E012CFD4CFEDF
007701A0FF97FE63
00FCFF080190FF43
0019001B000601F0
0012FFA6FE9FFEAD
FF6EFF1FFF9200E7
027FFFB200AAFEF9
FE6A0297FF5500AB
FF27FD8EFF18FEA9
FF86FEDEFF5F01B0
013800090035FFE6
011C00EFFF23007F
007C00D6002600AF
FEC60000FDD5015D
005D0033FFBC0153
FEF70026FDD6FF54
FCACFFC80064028D
00BEFFCA002A0097
FF200099FFC6FEC1
0070FE79FF7FFF9E
00A3FEE3FF9F001C
002500F8FF3B009B
0117FF360165FED6
00E7FFEFFF6900C4
002AFFEC008F0037
FF99FF7B0012FFCE
FFE9FF3FFE770005
FE52FF5D000800FA
00CF00B6FF95FFAE
FF73FE65FF6800C7
FEE6006BFF6DFF2B
019CFFAEFF280153
003F00F4FDD6FE89
00BB0152FF2FFEB9
0113FFC801DCFFA5
0051FFD600130190
0015FFABFEADFF0F
FF30FF72FFE200ED
0256FFD10049FE6A
FE2E0258FF780020
FF17FD49FF28FE2C
FFFAFF2CFF3601BF
00CC0003FFE5FF49
008C0060FF2FFFE8
00A1007D0012005C
FEB1FF42FDFF0148
FFF60050FFDE00E3
FF69FFD8FE0EFFB0
FC7DFFA5002F02BB
00A4FFB6FFEC006A
FF780105FF31FE9B
004EFE8CFF66FFAD
010DFF22FFB3002A
00110197FEE500B2
0137FFB60143FE7E
008B005EFF510132
00ACFFA600B2008A
FF5FFF610017FFA3
0039FEEBFE36000A
FE55FF06FFD70100
00B900C8FF80FFFA
FF54FE7FFF8900EC
FF660090FF68FF51
0175FF63FF6500E4
001600C1FE56FEC9
009800FEFF24FEFF
00E0FFFA01F1FFFC
0088FF4700730178
FFF5FFB5FE89FF1F
FFAAFF97FFA400A5
0276FFEF0020FE75
FDEB0281FF440028
FF15FD5DFF68FDE5
0035FF6FFF5401C6
00AD002EFF6DFFC5
00790079FF77FF98
00AE007300010065
FEC9FF54FE27012E
00170073FFA00088
FFDD001AFEAC000D
FC42FF0B004D02AB
00A7FFC2FFAF009B
FF170161FF72FE69
0010FE7DFF6AFF78
0145FF3CFF80FFEA
FFDE01D7FEC500BD
012CFFA30165FE65
0087002FFF1800F6
010DFFF800A300A6
FED9FF95FFD0FF37
000FFEC6FEC20094
FE18FF23FF7000B1
00B1004AFFCD0001
FF36FEF2006900FB
FF650124FF52FFB3
0087FEEDFF4F011B
FFEF0042FEA6FDE8
00F60089FF2FFF4E
00BE0057029B0059
00B6FEABFFEA0112
FFC6FFB7FE7CFF93
FFBDFFC4FF53004A
021700360089FE67
FDDE01D4FF8EFF56
FF54FD3AFFA1FDE5
0093FFE5FF950136
005E002AFF95FF97
FFA5FF9B0003FEA3
00F5FFF2FFF9FFF1
FF09FE37FE3A0171
FF6900E3FFF30014
0088FFBBFF2C0084
FC83FEBCFFEB02C9
00ACFFF1FF1C000E
FF800189FEB4FE9C
000FFE83FF6C003F
011EFF5DFF7DFFEE
FFC6022FFEB700D8
00EF0042013BFEF2
0035006AFF680148
0159FFC9000D00C7
FE72FF850024FF14
0067FEBAFEE500A9
FE6BFF7AFEFB004A
01350052FFB4FFF0
FF1BFF5C00CB00D3
FF6D00FBFF640005
0013FEBAFFDD005B
0011FFB2FF6DFDED
00B2FFFCFF53FFDB
002B00980333009B
00DFFE35001F002A
FF9E0034FE6D0039
0022FFE1FF04006E
01B60024009CFE6C
FE280191FFA5FF02
FFACFD580008FD97
00C20085FF8700D4
00160039FFDFFFC3
FF3AFF61007DFE32
00ACFFE60020FFF9
FF51FDE6FEBB017F
FF950122004AFFA4
0092FFD7FFD900C8
FD11FE8200300308
0090FF99FED3FFE9
FFA9022FFE82FF0E
FFBAFEFEFFCE007E
01600016FF6CFFBA
FF840274FF2000DC
00DF00940121FF73
FFC80079FFCB0115
01CF002A000D00D3
FE4BFFBCFFF5FF06
0000FEDAFF8C012E
FE55FF44FEEFFFC0
01580060FF9F000B
FF75000801090101
FFBA0147FF400037
0019FF29FF75006E
0022FF59FFBAFDA3
0114FFAAFFA1FFE9
000F00E9038000B2
010BFDACFFF00032
0011FFDCFEA4005D
0006FFB9FF13FFEE
017B003B00B9FEDC
FEBB0085FFF1FEE7
FFDEFD79005BFDE0
00AB0062FFBE00A8
FFBC001FFF890034
FEE8FF4D00ADFE2F
000AFF78FFC7FFB2
FF51FDC0FF10015E
FF4B00F00094FF02
00BFFF6D005D00E1
FD5BFE570035033F
003FFFCAFEAEFFE4
FFDF01B6FDFEFF63
FFE8FF56FFBE00C6
0104FFC7FF10FFA9
FF9602AAFF7B0078
004D00DF010BFF7E
000A0077FFDA012F
0203001BFFA60076
FE6AFFDA0000FF18
FFF7FEC7FFAE00F3
FE90FECAFEECFF9C
01660019000D0016
FF6500B00107009E
0006014CFEDC001E
FF4FFF94FF570047
0029FED2FFA3FD6D
0134FF73FFE20066
FF90014703C3009C
0119FD96FF93FFAA
006D0076FED40089
0094000BFEEBFFA8
012B00A90063FF32
FF38007E00A0FEB6
FFF9FE120048FDF2
01040105FFC9FFE2
FF850024FFABFFB4
FEA5FF4A00D3FDDA
0040FF81002DFFC1
FF4AFDDAFF000137
FFB0011B0070FF1B
0117FF2D006F0176
FD68FE730063028D
FFEEFFF4FE5EFFA2
FFF40156FDCCFFD8
FFC3FFC1001B0064
00D30077FF05FF52
FF5D024E00360052
0056010300D2FFDB
FF82005CFFD900CD
02010059FEFF00C5
FE18FFE2FF80FF8F
FFD6FF0FFFD500F5
FED0FEAEFEDBFF88
017C00C3002F005C
FFBB011401400060
FFFC0136FEBE002D
FF6AFFAAFF2CFFBE
0061FE83FFEBFDBE
0172FF84FFB80078
FFB7015003C900D6
0140FD9AFFDFFF61
00CD007DFE7E0089
0092FFF6FF1FFF64
00D700CE0026FF69
FF89000E0102FECC
0053FE5A0081FE48
00EF00DFFFFAFFAA
FF320065FF8B0048
FEB2FF4300DAFDD4
FFC3FF61FFC6FF7B
FF4AFDB5FFB100F8
FFB3012F00E7FF3B
0121FF7F00FF0194
FD89FE85004B023A
FF79FFE8FE0DFFAC
001D012BFDACFFF6
FFD60024FFE10076
00BF0098FEB5FF57
FF9A026C00590026
001200FA00B70031
FFA8003B00160126
018E0016FF150072
FEA70000FF8AFFBD
FFBCFF940003012B
FEF4FEA0FF13FF3F
01D600E40085004C
00170128014B002E
FFE00147FEA1FFFA
FEFD006CFF1EFF75
0090FE4FFFA3FDDD
010AFFCBFFF00108
FF470163042E0088
00BCFDE3FFD0FECF
00FB007BFEBA00BE
00EB0026FE85FEB2
00A2010D0069001D
006FFFA70163FE9C
00C2FED00065FEC8
00D900F4002DFF41
FF260039FF7DFFC5
FF45FFBF00D7FE0B
FFCCFF570022FFBE
FFA7FE14FF8000A6
FFF5010B010DFF7F
006FFF2B012A01F0
FDDCFEC500AB019F
FEC70022FE39FF3A
005100D5FDBD00C7
000400FB008700D0
0023009AFE36FF3E
FF84023B0117FF87
FFFE0121003900C5
FF5F0004001700C0
0147FFF9FEF50042
FEE5FFEDFF7BFFC6
FF82000B006900B0
FF6CFEA3FF23FF85
018400FDFFFA0057
006601990168FFF9
001B011AFE510047
FF3300D0FF88FF43
0125FDFCFF91FE29
008CFFF4008400E0
FEC90161046E000A
00D7FE16FFB3FED2
01730034FEB800ED
012D001FFF0EFED0
004A013A003B0041
00F9FF5701C8FF25
00E7FF30002EFEF3
00A000CD003AFEEB
FEEE007BFFBF0010
FF2EFFDE00A6FE28
FFC3FFEBFFBCFF9F
FF45FE81FFA500A9
005800A60104FFA2
00C2FEE6015201EE
FE14FEDF00F10107
FEE5007FFDF6FF07
00D9008BFE000109
001F0146002A00C0
FFD600EFFDF3FF2D
FFCF01A60142FEFF
00150135FFD100D6
FF760073FFED00F6
0134FFDDFEE6FFF7
FF1E0018FEEC002E
FF5E0037007900B4
FFA1FEC8FF84FF5D
01E6013800600042
00CB019400E5FFBA
FFE5011DFE790020
FF810192FF76FF3C
0124FE1AFEE2FE7A
00A2FFEE007E00E7
FF08014C0477FFEE
0062FDEBFFE1FED1
016F00E2FEAB008D
00DF0042FEE9FE53
FFD4013100000033
0128FF3101FBFF48
00E7FFAA001CFF5B
00A700C2002AFED2
FF190078FFB50030
FF8D0017006AFE5E
FF95FFECFFCD002C
FFB6FEA9002800A4
002D00CA011BFF9F
0004FF45014401EE
FE08FF7E00D700AC
FEE100D6FE4AFF09
012B002EFDDF0157
FFF30122006800F2
001400D8FDD0FF15
001B013601EDFEDD
FFD700F0FF4800D8
FF4E008E000A0109
00D2FFA2FEBEFF8C
FF480005FF47006B
FF1E00B100FC0081
000EFEE4FFCFFF55
01BE0118006B0072
00F4020000D4FF8F
001300FBFEC9FFF9
FF4401D9FF4DFF33
016FFDF5FE8DFEB8
00A2FFF3002300EF
FF230116045DFFA2
0087FE1AFF4CFF06
01E900C5FE8A0094
009E0017FEE7FE55
FFE3014100140120
0144FF570233FF80
00C4FFB8FFE8FFD0
0032007E0030FF05
FF610087FF7FFFDE
003700C90090FF6F
FF6DFFEDFFBB0018
FFB4FF210006008F
00E8005500EEFFEE
FFFCFF0B01A001E6
FE53FFA800F00078
FEAE00EEFEF0FF2D
00E2FFA5FDF8019F
00660185003D00AD
FFB400B6FDA4FF01
005300DE025BFEA2
FFFB00B2FEEA010F
FF8C0057000200C9
0082000DFEB8FF3C
FFC60015FFB500AE
FF41011F011BFFFE
004DFEFC001EFF3E
01D6015F001A0076
0199024C0075FF71
000A00C1FEF8FFEB
FF9501DFFF62FF16
013AFDD7FE5DFF2B
00D1FFD7001E0095
FF5400D80429FF6B
0027FDE1FF45FF51
023500EEFEDC0098
0045FFEEFEE2FE68
FF9F0166004F0131
01F2FF3D0207FFFB
0087001CFFDD0021
FFB90050FFF4FF1D
FF59009AFF720009
008700FB0017FFA1
FF9D002DFFB10047
FF7EFF37FFEA0081
009200750135FFD9
FFC0FF22016F017B
FE84FFE400F5005E
FEA200B4FF4EFF31
012DFF99FE050177
005D01BF006200AE
FF5E00B7FDD3FF1A
006E006D025AFE9D
FFA20063FEA70187
FFD50012FFB500D7
0008FFFBFE70FEE5
0052FFE6FF85011B
FED101090156FFC3
00A6FF2F0052FF41
01B3019D007600C1
01DC024B005CFF80
FFF4007AFF320001
FFB80260FFF0FF46
0121FDF4FD80FF6F
001C007700650062
FF6F00880390FF02
FFFAFE84FF5BFF84
024500F5FE520039
FFF7FF7DFF00FE40
FFE200DB00C10161
0203FF8A01FB0069
00490017FF82008A
FF85FF9DFFE1FF3C
FFA000F1FF600052
01670155001F00C2
FF9C0040FF6C0051
FF430018001A0098
013B005B012D0003
FF29FF7A017600F2
FE55006B0116000C
FEAC008DFFFDFF68
0119FF2BFEA0017E
005F018300500049
FEFC0075FDDEFF90
00BEFFF4022AFED4
FFF7FFFCFE4C0161
000FFF99FFF7009D
FF99FFBBFECCFEA2
00DAFF9DFFC3010D
FF1A017C00C6FF2C
0094FF4300A3FFA1
018B01ADFFD4009F
01C70227FF7AFF5C
FFE7FFD9FF06FFF8
FFF002CAFFE8FFE8
013FFE3CFCDA000A
002F0082FFCB002A
001B000502DCFEA4
0012FEFBFF14FFEE
027000D9FE7DFFC3
FFC6FF70FF57FEEA
FFE400D800950180
0215FFB001E3008D
002BFFF2FF6500D3
FF21FF07FF81FFC5
FFFC00AEFF63000D
018001DEFFAC012D
FF8B00B8FFDB00EB
FEEF00B3FFBE0065
015D008B00F100EE
FEC2FF7200E60067
FE1E004F00CA001C
FEE600B5004FFFAC
013BFE65FECE0104
007401E4003AFFD4
FF3A000CFDE2FFC0
0094FFD801E4FEC6
0043FF84FE970157
0065FFC1FFF60095
FF40FFE6FEC2FEC0
00EBFFB2FFD00124
FF3C014B0043FECE
0094FF88007EFF8E
0173010E0029007F
020B01DBFF75FF28
FFFDFFE2FF82FFEA
000002A4FF550031
013AFE96FC500051
FFDB00B7FFD3FFCA
002BFFF702CCFED2
FFB4FF54FEE20062
02940107FE3FFFC7
FFA8FF30FF70FF6A
001B00C600180115
01730023019300AC
FFDBFFCDFECF00C5
FF06FF29FF95FFD8
003000CAFF12FFE6
020F0208FF86018B
002700B4FFF400F0
FEF10070FF3D005B
01380067009000EE
FEC8FF9600C70027
FD4600F401070003
FF1100C0009BFFC5
00C2FE63FF3F00EE
00C3014B005BFF70
FF1F0049FE24FF69
00C4FF43018EFF0B
0066FEEFFE7B012D
0093FFC2FFE500CB
FF61FF91FF09FED2
00EDFF5AFFCB012E
FEDD013A0000FE36
00D7FFC300840013
012D00E9002600AB
01F30173FF32FF38
FFFCFFB9FF67FFC4
006A026BFF84004C
0119FEFFFBD80098
000C0103FFECFF2A
00D4FF7001FFFEF1
FFF9FF5FFF3100AA
0229009EFE7AFF36
FF48FEE6FFE7FFC6
00470076FFC800D3
010000800149011F
FF6AFFC1FEA20076
FEB1FE70FF320072
00960123FF5DFFB0
0250023EFF59021B
000100C1FFC90107
FEBD00BDFF02006B
0145003E00190166
FED5FFD80038FFC3
FD14011600DC0032
FFA000BE00FE007F
004EFE1DFF630043
00FA0096FFF6FF6A
FF2BFF9CFE69FFDD
0110FF6700E0FF8A
00B8FEC1FEBC0096
008AFFE0FF9400A6
FF49FF7FFF9DFED2
00EDFF9EFF6C0111
FF3B01340036FE4B
00EFFFEC009A0018
011400A3FFEC00AE
01AF007AFEECFF54
0013FFFCFF210003
00980214FF4800EC
010CFF23FBC10071
002500DB002BFEED
00EDFF8C01F9FF06
FF9AFFD6FE9E0183
02390096FE99FFA1
FF29FEB1000AFFFD
008E0025FF3000B5
009D01300136018F
FF77FFB9FE8C005F
FEDDFE4AFED70065
00F800A9FEF10017
022801ACFF200208
FFF200AAFFD80101
FEC600F1FECE0084
01390055FFC00105
FEFC001CFFC8FFB0
FCE6010A00B6009F
FFF500E6010E00FE
006DFE42FFE0003E
0091000BFF6BFF5E
FFF2FFA0FEBEFFAD
0115FF1900CDFFC2
0089FE8AFED8FFEC
0104000FFFCC00CB
FF23FF1FFF89FED2
0092FF79FF5A0109
FF1400E3FF49FE44
0064FF9900B10028
00D2002CFFF300D1
014F003EFED6FF50
FFF0FFABFEEDFFE8
00B7018AFF810127
00ABFEF9FBA00048
00AD00B7FFD7FEE2
0155FF700194FF62
0000FFA3FEC001AB
01D00105FE72FF62
FEE6FEA8008F004A
00D3003AFF670057
007E016D00CF0193
FF87FFA0FEC1FFE8
FECFFE37FE890073
014A011DFF15FFFD
0224014BFF1701D7
FFED006BFFE8012B
FEB300D2FE3C009A
010D0070FFC200CA
FF040082FFABFF9D
FC53010900850142
00AB009600ED0138
FFF6FED2FFC5FFE5
008FFF7FFF4AFF11
004BFF4DFEE0FFCD
00C7FF630051005B
001DFE57FF20FFBC
00E7FFCEFFCF00D0
FEEAFF1FFFF1FF1A
0045FFA4FF2200EC
FF1C00CCFF2BFE80
0057FFE6005D0078
00ADFFFEFFBE00A4
0111FFDDFEC9FF5F
FFBDFFD0FF41FFE9
00DE00E5FF580151
00B8FF37FBAAFFE7
008400BBFFECFEA0
01BDFF3F0170FF5A
0020FFD8FF1B0236
01820082FE4CFF83
FEB8FEA100C6008C
012BFFE1FF5BFFE8
003D01F100510178
FF73FF49FEDCFF76
FE99FE26FEA500EB
016200F0FF72002E
020600E6FF3C017A
000E0068FFA300CC
FE5C00E9FE4100FC
01050075FF8900B6
FF4100A0FF59FF83
FC7400CB00B201DF
00BC007500C1014F
FFE0FF1BFFFCFFB2
0069FE9FFF47FF07
00CFFF7BFF0EFFDD
00D9FFFDFFEB0096
007AFE6EFF73FF5F
01620014FFB400BA
FF04FF5E0049FF64
FFE6FF73FF310098
FF3A0095FF58FE98
0041001700400065
009F0001FFD900A8
00EBFF00FECFFF88
FFA1FF8AFF0D000D
00A30082FFBD0128
0080FF6DFBA2FF9B
00EF007CFFF3FE99
018EFF380190FF99
0003FFD4FF620244
014400AFFE30FF6D
FEADFEE000B600C0
01ADFF89FF68FF70
FFD502750043019E
FEE7FEDBFEC8FF08
FF24FE73FEDD00DE
016500FCFFA5003D
01B20077FF60011A
00590028FFF700C1
FE47009CFE69014F
00B5012BFFA1007E
FF5C0098FF3EFF58
FC34008F006A0210
013F00360083012E
FFEAFFCE004FFF16
0089FE4BFF39FEEE
00C6FF8DFF390041
00EFFFDBFF7F00C3
0096FEAFFF71FF2E
009D0075FF9500E3
FF05FF52FFF8FF4C
FF9DFF38FF0C0022
FF6E0026FEC9FEBF
004CFF73003B00A9
00A4FFC7FF900092
0031FEC2FEDBFFD9
FF7E0052FEDDFFD6
00B4FFE7FF750141
006CFFD3FC22FF6F
00D90052FFE1FEBA
0198FF460189FFEF
FFE5FFCFFF850237
00FA0058FE29FF48
FEC0FE7C00A400DF
01C8FFABFF71FF61
FF4602710037017F
FF01FE98FEBDFE97
FF9EFEA2FEB0011F
01AE0087FFE1FFF6
0178FFEBFFA50069
00A8FFD0FF9F008E
FE13005CFE560146
00590130FF4A007F
FF9B00A2FF3CFF90
FBE800D600430252
0147000C00570137
FFB30037FFC4FF08
0022FE27FEE1FF6D
0109FF79FF720038
00D1002CFF5000FA
0075FED8FFECFEAA
00AA0026FF46010E
FF9AFF98FFEFFF8F
FF97FF54FF2FFFDA
FFB8FFB5FEC0FEFB
FFE7FF54FF780063
0069FFBAFFA600A3
FFD7FE7EFEE9FFFA
FFB6002FFF58FFC4
0045FF19FFDA0158
008EFFA2FC66FF5D
0112004FFF75FF28
0198FF2901CF0050
0050FF7CFFA4020E
00B20035FE25FF83
FEC0FE95008B00E4
01D6FF74FF7DFF54
FEEF02D4FFF00113
FEEFFE59FF18FE8D
FF93FEF7FEBC010F
013A0041FF82FFE2
010AFFBBFFAE000B
00BFFF6AFF6B0060
FE59FFD8FE3601BD
003801A4FF71FFC2
FFCF010AFF6AFF8E
FC21006CFFD20280
0193FFF600070160
FF8C00A9FFCBFEA9
002FFDBCFEE9FF8C
012BFF7BFFF0003E
00490062FE730105
00AEFEF1005BFEF3
00DCFFDCFF9700C5
FFBBFFCFFFE4FFD1
FF46FF38FF0BFF48
FFEEFFC5FEFEFF60
FF86FEF0FF1D0098
0035FF54FF8200A4
FF75FE43FFB80014
FF770030FF12FF87
FF8AFEA100560176
00A1FF73FCDDFE9C
00E40009FFB1FFA0
016AFF6D0225006A
0049FF5DFFA101C1
0091003FFE170042
FF1AFEB8006400E4
01C9FFAB0046FF42
FF0F0243FFD500DD
FEFBFE7EFF6DFE84
FFB5FF57FF0600F9
01270036FFBFFF59
00B1FF34004EFF4E
00D2FF1BFF6D001F
FE84FFB4FE0F01EA
FF7B01B0FF99FFD4
002B00D7FF8CFFA3
FC620020FF9002CA
01D4FFB9FF4E00CC
00090148FF95FE7C
FFB4FDABFE6CFFF9
0138FF72002D0009
00250061FE090187
00E5FF900090FE8B
00880038FF7C0080
003CFFBFFF82FFDA
FEBAFF98FEF3FEE0
FFBBFF99FF43FFD0
FFA2FEC0FEF40070
0049FF1AFF760048
FF34FE2000220062
FFB500AFFF51FF85
FF5DFDF600A600AD
0048FFA9FDBEFE23
0114FF5FFF85FF9E
0119FFBB02C800AF
004EFED2FFF80148
0059007BFE3200DF
FF76FF2B003800C0
018EFFBB0080FF1E
FEF3020DFFD3007F
FEEDFE9AFF98FE6A
0046FFA3FF1100BC
01130030FF9BFFE5
FFDCFEF200EDFEB3
00CAFF00FF6FFF96
FE6DFEE2FED201C8
FECF01F1FFF3FF64
004700ABFF9D000F
FCB4000BFFCC029C
01B0FFE3FEF100B3
002E01DAFF51FE61
FFA7FD9FFEAD0047
00FE002A000F0000
00010088FE0501E7
007E002D007FFEAC
0042007DFF51006C
00AFFFB7FF2CFFA2
FE62FFD4FF01FF24
FFFEFF66FFB9FFD9
FF79FE82FEA40045
00A6FEFCFF84006D
FF4EFE2B00B9003A
FFA6009DFF8EFF9C
FEEFFDF700B80016
FFF8FEFFFE99FE02
017EFF31FF5C000C
00600045038900D6
002CFE67002C008C
0005007CFE080126
FFAAFF84FFAF00D3
01A0FFC300A4FF58
FEDA0213FFF600A5
FEBAFEA30022FE31
0065002AFF6F0078
005E0025FFC4FF83
FFB8FEC40096FE29
00CCFF25FF1EFFAF
FF18FE46FF270192
FE31020F003AFF47
007900B7FFF00004
FDA1FFA800070266
0176FFA5FE900066
FFF90256FF3EFE61
FFCBFE4EFF0F0061
012E0085FFCAFF9B
FFAE00D1FE5B01B5
0091009C0064FF5F
FFF4005FFF830087
00E0005AFF00FFC4
FE40FFE6FF14FEFC
FFE4FF6DFFE10051
FF10FE2EFEE80055
00ACFF0AFF8F0085
FF53FE3B01250071
FF910077FF95FF5D
FE72FE510112FF9A
FFF1FEEFFEEAFD9D
0179FF1DFFF2006E
002000A503FA00F9
0037FE5B0031FFE9
001C00D7FE6C0201
0020001EFFBF005A
013BFFB400AEFF99
FF6300FA001E0056
FF4BFF37002CFE78
00880122FFD50020
FFEC0037FFDEFF57
FF30FEC600DEFDCA
005CFF1EFF48FF8C
FF50FE41FF7B0188
FE3F0203000CFF3E
00AD00910084007E
FDC1FF58FFC601DD
0120FFBBFDE4FFE5
00A00268FF10FE79
FFA0FE9DFF3100A6
00EE0089FFCCFFCA
FF6F012BFF1A0162
00AB00F50046FF58
FF9700C8FF8A002C
0142FFB5FEADFFBA
FE850025FF33FEF1
FFE1FF63004B00B4
FF37FDDEFEF70018
0123FF89FFA200A8
FF88FEB9015C0090
FF750089FFF5FF4F
FE4FFE990149FEEC
0033FEA0FF9CFD12
01A7FF3E001600E3
FFE100AB043C010D
FFE3FDCC0066FF64
0032008FFEAB02DD
00B30038FF6A002A
0120FFF1010FFFF4
007700C7005F0077
FF90FF4C0029FE72
00AC014BFFCEFFEC
FF870091FFEFFF89
FF0DFE770100FDD2
0028FF1EFFC6FF7A
FF51FE81FF9E0113
FE8201B500CFFF27
009000730047006B
FEADFF12FFE80182
00A10016FE37FFA9
00EA0227FF28FF14
FF33FF91FFDC00F3
00C500ABFF38FFD8
FF270127FF5800B1
0080010900A9FFD5
FF610089FF7CFFB0
0187FFDCFE6DFFA5
FE6A0075FEF0FF3C
0023FFB500F60153
FF51FDF1FF65FFA3
017A0011FF9700D3
0003FF2601BAFFF8
FF660012FFF7FF86
FE5BFFB4012DFEE1
0025FE83FFB8FD23
0199FF08007B00BA
FF36009304500099
FF9DFDE80058FEDA
009200ECFE8902DC
011F0047FEA7FFA5
007AFFFD0124008D
0101004000D30052
000DFFD00070FF2F
00CF01C3004FFF8C
FF8D005D0038FFD7
FEE8FE80017EFDFE
FFDAFF52FFB8FF86
FFD8FE6FFFEB00E1
FF0D01BB013EFF30
00130074006900B1
FF11FF3B001300D2
0067FFD8FE51FF5F
01460212FF13FFD5
FEEC0004001200EF
010D00C6FEFAFFCE
FF9100CD00030076
004600CA00450023
FF1E00A4FFDA0014
014BFFE6FDE1FF29
FEAF0045FF42FF62
FFFB001E01130131
FF6EFDC5FF92FFBB
017B0082FF94010C
003FFFCF01650014
FF9B0046001EFF40
FE6A00210122FE38
0034FEA1FFE0FD8D
0185FF7F00C6010E
FF0800BC049A00F3
FF72FDCB0091FE6E
003E00BFFEA102E5
013400DCFE8EFF88
00830001013F00E8
011AFFF30159006F
007F0012FFFAFF23
007101AC0035FF52
FF4800C50033FFAE
FF63FED5012BFE3E
FFCAFFB0FFDFFFC1
0018FF1E004200CA
FF2A01A3016CFFF8
0016FFE100A300C7
FFA6FF2E00340071
FFE90004FE66FF37
012301BEFF01FFE5
FF40005E00470138
006C00BEFEFBFFBE
FF5600FE00C3FFBF
00B900F5FFF100A9
FEEA0066FFBCFF89
01380030FDC2FEEB
FEFC0067FF7DFFD4
FFDE00470139015E
FF5CFDFBFFF3FFB2
01E30110001300D0
0073003301950022
FF6200140013FF16
FEBA00790119FE6A
0081FEB0FFF3FD56
0167FFBB008400DE
FF1400AA049F005B
FF2BFE0A0089FE5A
00DD00ABFEBE02CE
01230117FE6FFF30
005600A00157015B
01B9FF9401970039
0093000B0007FF90
008C02010073FF80
FF2E0069000EFFD0
FF60FF5E00E7FED9
FF86000DFFE4FFCA
0051FF2A003D00A2
FFA801170177005C
FFC0FF83006800EE
FF81FF3A0051FFEB
FF84002AFEB8FEDF
0170015DFEF70064
FF6D00FD00910105
001000E0FE69FFCB
FF7E0103010CFF26
007D00C6FF9900F8
FEEC0088FFD8FF87
00EDFFFEFDCDFEF3
FF800066FFC8003E
FFAC0084014F0157
FFA4FE1F0018FF76
01880181FFF2011F
00BB00770149001C
FF57FFBEFFC2FF17
FF4301230175FDEC
00EFFEB8FFF2FDAB
01600046006C007C
FEC800930428FFBB
FF73FE5500ABFE43
010B008DFEC402C6
014500DAFE5DFF72
007200C101410196
023AFF88020F009F
00F00067FFC8FFC2
002C01990026FF4C
FF2B00F10007FFEA
FF75FF7D009CFF60
FF300078FFC9FFF3
0027FF7200370031
0062007E01C80096
FFC6FF45005A010A
0019FFA60092FF74
FF690053FF1AFEEE
015E009FFF3800E0
FF3B0191006E00CD
FFBE00F9FE2EFF91
FFC100730138FF34
006600CAFF820129
FEBD0086FF8BFF87
00C1FFF8FDAAFE94
001E004E00070060
FFB9012C017B0133
FFF2FE380087FFA4
01C801D0001000EF
00F100B401030019
FF7CFFC5FFC2FEFF
FF8901BA00FFFE4C
0111FF28FF44FE14
014D007200970021
FED60048042EFF8F
FF23FE920087FE3C
01490083FF4B0269
012500DDFE4CFEF3
0034008C00FB021F
025DFF7E01EE006B
00FE0067FF5F003B
FFDA018A0028FF86
FF78009C000DFFB2
00320053009DFFB0
FF0600BA0043002E
0053FFC0FFFD0005
00CD009B0173011D
FF2EFF17002300E5
FFB6FFCF007BFF0A
FF090033FF7BFEC8
016D002CFF2000C9
FF7601AF005C00EE
FFD70066FE42FFEB
0027006901BCFEBF
00AA0092FF47014F
FEE60071FF71FF8B
008DFFC3FD8BFE81
00740040002D0143
FF500163018C00F2
FFC5FE8C00CEFF7E
01B10221FFFC00C9
012A010800CEFFE4
FF06FF590017FF16
001B020A00EFFDFE
012BFF44FF22FE50
015000A40046FFF3
FFA0001F03D4FF9E
FF16FEE200B2FE85
015F004BFEA201FC
00BB00CEFED8FF65
0096006F00F30253
0271FFA7020C00F0
0107005CFF59002B
FFA800D400440012
FF8400B90009FFF1
00630086002E0038
FED6012B005BFFFD
00310057FFEEFF98
014C006501AB0114
FEB6FEFC000E0084
FFF2FFD80086FEE2
FEE60056FFE7FF1E
0177FFD7FF8000C0
FF8601D500650099
FFCC0076FDB10056
0007009C01DAFEBB
006D001CFF2E01B7
FF34005AFF7AFF71
002AFFFBFE5FFE57
00E9001A00390131
FF200175013A0082
0022FEB5011FFFB0
01C20231FFF500BC
01670114006AFFEB
FF2EFF580020FF2E
007D02A900E4FE2B
0106FF4BFE6CFEF8
014900BE002AFF7F
FFDD00210344FF4B
FEF5FEF50048FEDB
01AD0072FEEB016D
007600AFFF06FFCB
006B008200D6026F
029AFFF301AB00E3
00F00075FEFE00B0
FED900C5FF7B0058
FFA800E6FFEBFFBC
014000F6FF9A0131
FEC2013500230047
00550098FFADFF4D
01A5000B01950172
FE79FF35001DFFDC
FFBE001B00DBFEDC
FF09005700BFFF1A
0136FF1DFFC600DC
FF43019B009BFFFB
FFA3FFE3FE33004F
0094008B01A9FEAA
00A0FFCCFEEC01A8
FF65004AFF93FFE3
FF92FFA6FE59FE41
00EFFFFB00720184
FF27018100DC0065
0021FF070187FF9F
01A902AA001000A0
0160016C0007FFF0
FF43FF3CFFBAFF81
00E702AC00FEFEB9
00CBFFBAFE00FF78
0148011BFFE1FF06
0024FF9C027BFF2A
FF3CFF17004EFF4A
01B1007DFF2B00C3
00430061FF35FFC6
00B5003A00A402AE
0262FFE2016A010F
01200058FF0600EC
FEBE0030FF5B0094
FFF600D000340017
01400156FF5501CF
FEAB016A0020005D
003700E0FFA0FF74
01E9FFEC017001CA
FE46FF6CFFD8FFE8
FF4DFFE700D3FF02
FF0CFFD600F9FF77
00EEFEE9FFAA00D5
FF5801790075FFB0
0004FF6CFDF700A6
00B800DA0197FE95
004BFF59FF1F0182
FFA4FFD1FFA1FFC4
FF3FFFBCFE9DFE52
0103FFD8003B0191
FEEC01B000960008
0047FF51014EFFD7
0155022A001B0081
010A015CFFC6FFBD
FF46FF2CFFDAFF78
015B02AD00CEFF15
0131FFCCFD54FFDB
00F10133FFC8FEC5
00A4FF370210FEED
FF32FF95FFFCFFDD
01F00040FED90033
FFAD002EFFDB0008
00890058007C0299
021C0024015100FE
00D7007EFED600E1
FE63FFACFF2400EE
0046008900330014
019A015EFF33021C
FEC8018A00460029
FFF00108FF39FF7D
0239FFA500ED01F1
FE23FF5CFF68FF93
FF16006900F3FF1E
FF4EFFF2014AFFBD
00F6FE85FFCC00DA
FF6700E30023FF78
FFE1FF46FE2800ED
011E00A20142FEE3
007CFEF6FF090161
0028FFD4FF760008
FF28FFC5FF3AFE5B
00F2FFA60060017C
FEDA018A0023FFE8
0037FF6D0182FFC2
00FA0200FFF50066
010E0115FF8FFFCD
FF02FF34FFF1FFC3
01A5028E0087FF78
0134FFEBFCFC0007
00F50176FF92FE76
012AFF30015DFEFE
FFA5FFD3FFEA004B
01C80020FEA0FFC4
FF6BFFA0005A002E
00D8004A00470254
01AD00E900F600E6
00B60030FEED00D3
FE68FF49FEE4017C
009900940042FFF0
01C60161FF310263
FF11018B0029006A
FFD90138FECFFF78
0276FF7E00BE01B5
FE38FFD2FF7BFF76
FE37007A00B9FF7C
FFD0FFD501A1FFE5
006CFE6200330073
FFE100570011FF72
0001FEDDFE1400E4
00EB00E800E6FF0A
008DFEA7FF100151
0023FFD7FFAC003A
FF21FFAAFF96FE6A
0111FFBD00590171
FEBF0127FF7CFF67
0062FFC801370002
00B001B5001F006E
011200C2FF6EFFD4
FF48FF3EFF3BFFD3
01E501EB0087FFF9
01030047FC830075
00D3017CFFCDFE31
018BFF3200DDFF29
FFB3005EFFA400C0
01AD0037FE98FF27
FF02FFC300CD0054
011B0004FF7301ED
0108015E011D0128
0058FFF7FEBC0072
FE41FEC9FEA70132
00BF008F00050027
020C0165FEF5027B
FF820156001300A8
FF710141FE6FFFA6
021DFFBA006401BE
FE14FFD1FF68FF28
FDCD00D300C5FFB3
FFBBFFD4015900CC
0021FE7300610042
FFCEFFA7FF9EFF24
0033FF23FE9600FC
018700BC0067FF38
0097FEACFEF800DE
0056FFB4FF690056
FED8FFB1000EFEEE
00E0FFAC000A014A
FEBA00DBFEDCFF1D
0037FFCC01250027
00100125FFCD0073
00B30061FF5F0017
FF71FF5AFF16FFB2
027C017CFFD20089
010B0035FC90007F
00D2013EFFC7FE17
0211FF510042FF5E
002D0096FF740168
01B6FFF4FE9BFEF5
FEDBFF6801920050
0145FFF7FF6D014B
0067018E00BC010C
0025FFB0FF0CFFF8
FE80FEAAFE780168
00F6003500030019
01A6010DFEE30271
FF410120001F00B2
FEE90163FE30FFC9
0240FF8F0024016E
FE5DFFEFFF73FF62
FD7900D900830092
0039FFB901670105
FFD7FE910059FFD7
0004FF43FF54FEF5
00AFFEE9FE8E010A
015900BE0001FF65
00A7FE7DFF6E0038
0086FFD7FF680097
FEA4FF7700AEFF58
00B4FFA3FFC20197
FEDC0080FE3FFEEC
0015FFBD009D003B
0026001DFF88005E
00980015FF24FFF0
FFAEFF1AFEE8FFB9
0267012F00070069
00B00028FC5C00A5
009200FFFFDAFE51
01C5FF58FFF1FFC2
003B00C4FF6301AE
0139002FFE92FE97
FED9FF4D01BB0096
0157FFADFEE7009D
FFFE01DE00AF011A
0020FFCAFF37FF72
FEAAFE86FE190123
01140049FFF6005D
01AC00C6FED50214
FF9C0135005100C0
FEAD015FFE3CFFFA
02050008FFA4013F
FE8D0007FF97FFA6
FD540101007600B2
0064FF9D00FF0190
FF4AFE900090FF72
FFF1FED3FF1BFE80
00F8FF26FF190119
01160065FFEBFFB9
00AFFE55FFF50015
0089FFF2FF5200FE
FEBFFF67012DFFC9
009CFFD7FF700155
FF400010FE14FEC2
FFFBFFB7000E0071
0035FFCDFF63004A
0065FFC5FF730006
0022FF94FE91FFB7
025000CEFFD600BF
00B5002FFC930092
00850104FFB9FE20
01A6FF7FFFCFFFBA
003300D9FF2501D4
0106FFFBFE82FE4D
FECCFF4901F400E6
0171FFCFFEB20053
FF4C01F2006F00C7
FFE6FF6BFF29FF67
FEC0FE5CFE1100E7
00CDFFFDFFE4FFD9
015800C6FEB401B3
FFCB013C0055013F
FE9E012FFDFFFFC1
01D80041FF6400DC
FF030048FF93FF96
FCE700C2007600AB
005CFF4300CC018F
FF53FF1700BDFF78
FFB2FE75FF15FE8A
0133FEE1FF3F00EB
011300F7FFBCFFDF
00A6FE94FFCAFFC0
00D5FFD1FF470149
FF10FF5E0135005B
0055FFE6FF4300D3
FEFFFF8EFE04FECE
FF8DFFE7FFD2007E
FFC3FF95FF950004
0003FF74FF9D0009
0003FFB8FE43FFA6
0220005CFF60016D
008E0027FCD5002E
00C60083FFF1FE88
01F6FFB0FFBA000B
00BD00ACFEF701DF
00FF001FFE60FE84
FEAAFF6C024A00B3
0192FFDEFE7EFFBC
FEE5022E007400B1
FFBEFF21FF64FEF5
FEFBFEA8FE6F0102
00A0FFFBFFCFFFEB
0102005AFF0C014A
FFD300B8007100C7
FE8A0100FDE50025
0190001FFF550035
FF5E0027FF7FFFC7
FC92007800400130
0118FF60004E01C1
FF08FF5C0052FF33
0001FE08FF1EFE7B
017BFEFBFF8F00FF
00F2010CFF8C0001
00A8FEE0001FFF5A
00C1000FFF480167
FEE7FF68017A0090
002FFFDAFF1200A7
FEF4FF33FDCAFEF2
FF64FFE5FFE70083
FFC4FF32FFB8004A
001FFF76FFDA0035
005AFFE8FE14FFB9
01D10038FF7B018A
00CE0027FD19FFD5
00E9008C004CFE77
01C5FFF9FFF1002D
00D8008BFEB801B3
00980057FE2CFED3
FEDBFF92026000B8
0167FFB6FE8AFF74
FF1C023300860089
0026FF4EFF46FEC9
FF29FF13FE5A006E
00D7FFDDFF730019
0040FFEDFF3C012E
FFB30081005C011F
FEAF00A4FDBD0058
01B80064FF31FFB6
FFB7003F0019000A
FC0F005EFFE301CF
0171FFB5002001C7
FF17FF7E0097FF26
FFFAFE30FF0EFEB8
01FDFEEFFF9C00DE
00C9016BFF870010
0076FEEC0005FF3F
004A0048FF910144
FF4BFF1F00DE00F3
FF580035FEFB004F
FF41FEF9FDB1FED6
FF34FFC5FF480058
FF99FEA5FF7B0016
FFCFFF4E00340006
003B0063FE09FFC3
01A5FF9DFF340196
00DB0023FD42FF6F
00FCFFE40088FECF
017800200093008C
00E10087FEB901E2
00910049FDFAFF1E
FED1FF7502780094
019DFFCFFE75FF13
FE5C022E00D7002D
FFF3FF34FFB5FE81
FF9EFF38FE8BFFF1
005DFFDDFF5F001F
FFBFFF8DFFA00044
FFDA001D000300E7
FE97FFE1FE1300AC
012400CCFEF7FF41
001C0062002B0088
FC090073000801EC
018CFFC9FF7B01C2
FEEEFFFA0061FF0C
0064FE18FEFDFEE9
01EFFF64FFC0009B
00CF0113FF9E0044
007DFF480062FF2E
0012001DFFBD01B4
FF58FF4700B60101
FF430035FE8BFFEB
FF0AFE99FE0AFF68
FF52FF20FEDA008E
FFA8FE5AFF940001
FFCAFF1B00A80089
005D00E6FDEAFFB3
0139FF1DFF5F0148
010EFFF3FDC3FEFD
00A5FFE5008DFF38
00FD006F012A00BD
011C0062FEF601A6
006E0018FD77FF65
FF28FF80029B0005
0173FFEFFE8BFEBE
FE8202220117FFFB
FFE4FF71FFD4FE75
FFCAFF63FE8B001B
0011FFB2FF46FFD6
FF2BFF1FFFEDFFB8
001EFFB3FF9A00DF
FE7DFFA2FE3700F0
00A900C0FEEBFEDE
00CD0062007300C7
FBE1004E000A0244
017CFF9CFF21015A
FF50007B0013FF2A
0008FE2AFEA9FF68
01D1FFD3FFFD0043
008E0100FF3F0099
0074001A001AFEEA
000E0063FFCF015A
0020FF8B006B0115
FEDD0072FE5FFF4F
FF57FE01FE3FFF8A
FF57FF74FE57000D
FFAFFDD8000F000F
FFB4FF7601130100
00A20180FE82FFE7
00C8FEF9FF0B011D
0134FF55FE40FEC6
008CFF8A0137FFDC
006F00C1020200B1
0147FFC8FF06010C
00BF0000FDBCFFF7
FF43FFD10286FF73
0125001CFED5FE9B
FE6D0195014DFFAE
FFBDFF8C005BFE99
0009FFCDFED3FF1B
FFD5FFB0FF070032
FECBFEAAFFF8FEF0
0022FF9DFFB200A9
FED3FF29FEE400E0
FFE200D7FEE9FE01
0118003600D000D9
FC4D000D006D0244
01B50009FE830123
FF6A009CFFC5FF2C
003FFE77FECCFFF2
01770017FFB6FFF7
001300B3FEFA0097
00560068009DFF1F
0023005BFFE90134
006DFF59FFE4010A
FEB00096FE1FFF6A
FF38FE14FEA50032
FF58FEF7FE4BFFFD
FFC2FDFF005E006E
FF8EFFAE01440114
004A017CFE20FFD7
0065FF31FF880076
0153FF50FF04FE09
0040FF5E00EC005F
FF62012E025D0032
01510017FF4000C4
00AA0073FD900060
002E001C01D8FF48
00E6001DFEF6FEC3
FEBB00F30190FF23
FFEAFFC90102FE82
0072006BFF74FED6
FF82FFC5FF2BFFED
FDDAFE6F00CAFE2B
FFFEFFB4FFF00080
FEF8FEF1FF540099
FFCC00BFFF39FE4B
015B005C00FD0171
FC9AFFF1008B01EB
0166FF90FE00007D
FFA30132FFA9FF72
FFF0FEE3FF070023
016C00DFFF91FF9E
FFD90035FF790109
006F00E40087FF5C
FF6500FC000E00F6
00F2FFC2FF3F0137
FE970097FE2AFF5A
FF21FE50FF360031
FF54FE8AFE3CFF80
FFCBFE1C008B007D
FFBAFFD301910115
0074015EFEAEFFA2
0001FF34FFD4FFBE
0198FF13FF84FDCA
007AFF9E019100F4
FF4001270354006B
0111FFD4FFC9FF9E
007A0028FDBC011A
0038001201B2FF22
00650044FF2EFEFC
FF46001901E7FF32
0042002B00C8FEE4
00B800D0FFECFE4A
FF64FFF9FEF0FFBE
FDB4FE0D00E5FE1C
FFA1FF65FFC8FFE5
FF25FEDBFFAC007C
FF3300D9FF40FE2A
01450035012E01B9
FD13004300670130
0114000BFDE2000A
FFF00157FF85FF5E
000DFF50FF4B00EB
00A1010EFF56FF81
FF8D0020FFBC00AC
001A01040012FFA0
FF0E00AFFFFE00CB
0132FFC1FEE30074
FED800CFFE55FF83
FF78FE51FFDF00F8
FF68FE6AFE5EFF71
0012FEC300B200A9
0007FFC50173014E
004501ABFEF3FFB3
FF2FFFE6FFDDFF81
0174FEC60013FD95
0031FF9401B60112
FE8700EA037C0010
00A8FF950040FEFA
00B70032FE250188
00DC002500BCFE98
00180050FF6EFF6A
0013FFA00246FF15
00490043010DFF4A
0106012E006DFDE7
FF4C0013FF69FFAD
FDC0FE1800DCFDE1
FF84FFD8001D0003
FFA7FEEC00420013
FF3F00D7FF97FE1B
014CFFF900E001B4
FDD1FFD300A400A7
00B4FFF5FDE8FF73
00B10137FF55FFCF
FFBC0024FF91011D
00760143FF0BFF54
FF66FFFA000A00B3
002F015A005DFFB4
FEF800AEFFCE005A
015AFFD1FE2D0058
FEE600DCFEA2FF95
FF5EFE74008F00EA
FFBAFE41FEB4FF7C
0083FF5700AA0093
004A003E01710103
001E012AFF2BFFBF
FEF200ABFFE6FF1A
0163FEE4002CFD55
00D3FF3B01ED0136
FE8E010003A3FFFA
00B7FF480011FE93
00D90076FE9C0176
00FCFFA50043FE9F
FFE70051FFF2FFA6
0092FF4A023BFF58
004500350129FF73
012E016D007DFDF9
FEE70061FFB6FFA6
FD98FE5700FAFE06
FF60FF95FFE2FFDD
FFB0FEA300AA0044
FF9C00940001FE3B
00DDFFFC00DC01B3
FE1EFFE7007E008F
002E002BFDCAFF09
00D000FBFF0B002F
FFFD0117FFFD0111
0077013DFECAFFAC
FF7CFFF70084003C
FFF701B1002E005A
FEAB007DFFDB000B
00D7FFF2FDFF0010
FF5C011EFED1FFD1
FF48FE9F008B00CB
FF9AFE29FED3FF3C
00ABFF84011200DF
008F008501490100
FFFC00EFFF51FFCA
FED600D00022FECE
0161FE9F0023FD7C
007FFFE801F40148
FE21013F03EDFFD3
007EFF4F00B6FE71
00B20017FED9018C
0128FFFBFFE8FE6D
000300540022FFE3
00FFFECD0262FF69
0074009600DBFFAF
0118017900A5FDAC
FEF000A1FFB8FF63
FE38FE5E0072FE5B
FF0FFFEF000CFFC8
002EFEEF00B30004
FFA00044FFFCFEF3
00F3FFAF00AD01BE
FEE5FFF900AD0046
0018003AFE2EFEBE
00E00058FF01004C
FFB10154006A010F
FFCF0120FEB9FF66
FF17FF600092FFF5
000B019E006500D6
FEA8008CFFFAFFAF
00E5FFCAFDD80015
FF4000EFFEE6004D
FF4CFEF70127012B
FFCCFE39FF63FF65
011A001200EE00E6
00EE007F010D00E3
FFE40084FF6FFFF3
FEB001550083FE84
0176FEC10032FD4C
00F1000A01EE00F7
FE2300540391FF85
0029FF8400F9FE23
00BB002AFF2D01F4
0124001EFFBEFE76
FFC20019003A005A
01EDFEFC0222FF71
00AF00FB00AC0062
00D4016700BFFDD5
FEF000ADFFBDFFC5
FE0FFE7400B9FF18
FEA300270022FF9C
0099FF5B00A90032
003600840005FF4D
00CBFFA5006801C4
FEFD003400C4FFB5
FFD90072FED8FE95
00E30018FF1C0080
FF8E01F3009E00F0
FF97013CFE77FF8F
FF52FF8A011EFFCC
FFE00155FFEC00E3
FEAD00B5FFEEFF45
00950019FDAAFFA8
001B00B4FF4F00B5
FF68FF1901350123
FFFAFE6DFFCCFF5A
0139010E012D0164
00F8012400B1011C
FFA4001BFF8E0007
FF46017500A0FE58
01C7FE63000DFD48
00BB008501A100D0
FE2F007F0395FF1B
005CFF7C00F8FE6C
00EFFFFCFF13017E
012C0026FF70FE35
FFD60019006E00B6
024EFEB501F3FFB5
00C700BC00F80041
005100F700ACFE07
FEEC00D7FFCBFFCE
FEBCFEC0000DFF95
FE74005D0071FFAB
0085FFF1009CFFC8
00C5FFDB0052FF8B
005AFF76005B01B1
FF4EFFF50109FF98
FFD1004EFF62FE68
013CFFA4FEE000DE
FF8701E5003E00E9
FF9500ABFDE9FFAA
FF2AFF1E011AFF86
FFB3010800380155
FEFC009AFFFDFECB
0033FFF4FD8DFF87
009B0090FFAF0109
FF47FF58019D0104
FFE3FE4FFFF6FF51
017801AA00DB0141
0134012C005300FF
FF72FF94FF970039
FF540234007BFE2F
0174FE9EFF6AFD84
010900B901730094
FE93FFEC0336FF0D
FFEEFF88010DFE1B
0117FF9CFFA80167
010A0040FF71FEFE
0001FFA8002800C5
026AFEBE01CB0054
011A00A70072008B
FFD000DD007AFE4E
FECD0154FFCEFFBB
FF4DFEEFFF910047
FE0C00DF006AFF87
00A200890052FF6A
00FAFFF40036003D
0003FF1CFF9A0170
FF57FFAE013AFEE8
FF5B00340003FE45
00E8FEF6FE9F00A6
FF40023500900079
FF2D0062FDF1FFCE
FF60FF6100F7FF5E
FFFD00B2003901B0
FF290048FF8DFEBC
00010035FDE9FF6A
00C50078000E01A3
FF54FF9E016700BF
FFC2FE6E004AFEFF
0186026300F80157
0177017A001800D6
FF60FFBFFFE90088
FFF602A900A6FE38
0193FEDAFF01FE0A
00D3015F00B50036
FEB5FFB8034FFECE
FFE6FF11010FFE70
0142FF69FF7400CA
00BF005DFF6AFF02
001FFFD300350156
026AFF1C01A300A9
00EE00AB004D007E
FF6D005B0078FEEF
FEA50150FFFB0017
FFB9FF83FF5300AF
FE750119001FFFAA
009A00A80000FF87
017BFFA5002D00AE
FFC3FF59FF8600E6
FF04FFC7014DFEE1
FF5100100083FE4D
00A3FF0DFEF000E0
FFA001F7003F004F
FEE20049FD9AFFD0
FF72FF7200D4FF07
003C0028001401E3
FF7B0014FFBAFEBE
FFCDFFD4FDB3FF39
012FFFE8009C0215
FF87FFE7011E0037
FFC7FEAC007AFF88
01A80283010E019A
014C018DFFC600B7
FF53FF53FFB00090
002503030077FE12
018AFEADFE81FEA7
0128012E0061FFE2
FF58FFA702B0FEDC
FFE0FF2F00B3FEE4
0150FF51FF510056
00AE0009FF71FF74
00B5FFD1FFFB015C
029CFF57010100DE
01120030002B007F
FF10FFEDFFF5FF9B
FF4801BF003BFFE0
0048FFBEFEC1011E
FE63014500BCFFDB
00B700BEFF47FF01
021FFFB000040122
FF9BFF85FF2600A5
FEEBFFBA0178FF2D
FF3E000E0148FE5F
0096FE77FEE700D5
FF2A02010059FFD3
FF31FF89FDE50035
FFA6FFC700FAFF14
0004FFBB002601ED
00050016FF8CFEB8
FFB9FFFCFE5EFF83
013BFF69007D0216
FF78FFCC011E005F
0027FF630068FFB8
019F034000ED01E8
01410127FF9700AE
FF46FF22FF2600C6
007802C200A1FE1E
012AFEFBFDE0FEED
011C016EFFEFFF1A
FF8CFF050209FEF0
FFC4FF4600BFFF42
0179FF47FF60FFE7
00740014FF5EFFC8
00E5FF76FFA70152
0261FFF3009E013F
00D6FFEBFFC20022
FE71FF84FFBB001C
FF6A01BAFFE80032
00C3004DFE97019F
FE5E0105009FFFC1
008B00E9FF53FEF9
023BFF960010016E
FF45FFB1FEEF005A
FE98FF4D0192FEF1
FF59FFAE0163FF27
0041FE4FFED500C3
FF58016FFFDCFFE2
FF84FF4DFDAE0064
0015004B0081FF9D
0024FF6C002C01A0
FFEFFFDCFF59FEED
FF86FF7CFEA6FF66
0121FF6C00B8027C
FF3DFFDE00E9005A
FFEDFF7400A1FF6C
015B02FF010A01AE
011C0157FF9400B2
FF72FF25FF7E0108
00F7027C00A9FEC8
00D6FF18FD3EFF1B
015C01C5FFE6FE89
FFD9FEC001BAFF31
0004FF7700A1FF92
0131FF59FF54FF64
002F0024FFC5FFE7
017DFF57FFAB0154
01F6002D00660134
00A5FFC7FF8CFFF1
FE60FEB8FF820076
FF8001DEFFFB004E
00DD006CFE9601F4
FE4D015D00790005
007600F1FEDEFF30
0277FF81003D0162
FF1AFFDCFEC30058
FE59FF6401A6FFD4
FF88FF9D016CFF90
FFDEFEA6FE9F004C
FF890146FFF0FF83
FF91FF3DFDCD0075
FFFE00D0006AFFAD
0003FF64FFEC016D
004AFF7EFF7EFF31
FF7DFFAFFF33FF9A
015BFF6200AF02BA
FF46001A00A0FFD9
0024001D0098FF50
016D02AC00D90151
00EE017EFF82006D
FF90FF05FF7D011F
018D026E007DFF6F
00C7FF61FCE7FF80
01680164FF51FE22
00A8FEF2016AFF52
0013FF4100480005
013CFF6BFF56FF23
FFC0FFA300250006
0163FF23FF4C0151
018E00D6FFF9010E
00B4FFA2FFACFFED
FE05FE6AFF1400F6
FFEF015AFFFB0065
011100AAFE9E01EC
FEA901330071FFD4
00580091FE88FF20
0290FF860013013F
FEBD0034FEBD0005
FDF1FF8801820043
FFC7FFA501CF0012
FFBEFE7CFEE5004E
FF99008CFF9FFF94
0042FEE8FE1C00A7
005300FDFFF40002
FFF1FEC0002B017B
00C2FFBEFFA3FFCA
FF66FFB5FFDFFF83
00DDFF33006F0253
FF540047003AFF6E
00400098005DFF65
00C6025C00D0014F
00BE0119FF800057
FFB6FF16FF230113
01B601C80082FFD1
00B3FF82FC56FFD5
018E0187FF11FE1E
00C0FEE30123FF7D
0017FF3AFFE5009B
0124FFBEFF79FF1F
FF93FF850045006B
01B4FF39FF70012C
013C00F3FF6E013F
0089FFAEFF86FF9C
FDD8FE5EFED80116
0019017CFFFE0071
018400D3FE7A01DA
FEC700FC0047FF91
0069009FFE65FF9D
0243FF7100150192
FEC70093FEBAFFE3
FDCEFF75016B00CD
001AFF6E01AB00BD
FF1EFE73FF320037
FF8E0014FF68FF68
0095FE9DFE5B009B
00820136FF58002F
0008FEC800370130
0104FFC5FFC4001B
FF2CFF5F001EFFA3
009BFEA0003D021C
FF27FFA1FF85FFB3
FFBB00E8005EFF82
007701E100D50173
00150108FF6A007B
000DFF60FF240135
01F4016D003E001F
006BFFA3FC600018
012D00FCFEE2FE20
0153FE9300DE001C
0074FF5BFF6700C9
00C3FFE8FF0EFE70
FF4EFF6300A10077
01C8FF15FF370079
002F01ACFF3500E8
00B7FF56FFC5FF4F
FE2AFE63FEA7012B
00750175FFF30078
010B0099FE8E01E9
FF4600C0002AFFBD
FFFA0011FE0E0007
0266FFABFFE00119
FF1D0092FEDBFFEF
FD2BFF4F00F6018F
0041FF87019D0087
FEBBFEBBFF260004
FFA3FF8AFF4BFF13
00D2FEB2FEDE00D6
00B101C9FF3C00A5
0000FE9500030126
0111FFAEFFF4006B
FF54FFC300A90007
0086FF05002601CF
FF7BFFBEFF4AFF29
FFBC010BFFD5FF87
000E013E00B90166
003B00A9FF780061
0007FF96FECE0143
01F30071003F0081
FFF4FFC8FC520006
011300F6FEFAFDC2
0142FED600F30011
005DFF84FF5500EF
00F2FFF1FF1BFECD
FF92FF5100760079
0261FF29FECF003F
FF5E020CFED6008F
004EFEE7003AFEFB
FE24FE37FEAE0118
00270129000E005F
0108009AFEAC0116
FFB6009E006BFFAF
FF9BFFD6FDB90034
01A7FFC4FFDA0112
FF240130FEA4FFCC
FD0FFF2E011801FA
004FFF45014000DD
FEC1FF50FF49FF68
FFABFF0CFF40FF09
0106FEA1FF8400B7
00D301BFFEF40100
0061FEDB006B0093
0137FFDAFFD5011C
FF39FF900134003B
FFDBFF44FFE00126
0032FF95FEA7FF65
FF7400D4FF64FFF1
002600BA0073012B
FF78FFE4FFE8002A
0015FFB4FE9A00ED
0197FFCA006700CF
FFD5FFB1FCACFFCE
012C00AEFEB8FDD9
0132FF2300D20079
007AFFA9FED8010F
00A0002EFEEBFED6
FFAEFF6B008400C2
023EFF53FE9D000E
FEA1027DFED9001A
0047FEA50015FEDF
FE65FE8EFE8900FB
0057011800380028
00B9006CFF1B00D2
0011003C004DFFE0
FF5EFF70FD8A0036
015BFFCEFF7500F2
FFB4014DFEFB0010
FCB0FF1D012B021E
005DFF1E00E700EB
FE95FFF9FF5CFF96
FF96FE61FF07FEF2
017CFE7DFFB40065
00C70236FEB70103
007EFE8A00A80064
011FFFE4FFF1012C
FF9BFFA60141008A
FFCEFF0EFF9200BB
003CFF2CFE39FF5E
FF280136FF23FFF6
FF75003B00630107
FF5AFFB4000400B5
00ADFFFDFE8100FB
0176FF39002D0128
FF83FFE0FD2C000F
00C50091FEC2FDD1
011BFF7D00D90095
0094FFB6FE9F00DF
003B003BFEEDFF27
FFD9FFF5008D0063
023CFF37FE8CFF48
FDE00259FEC7FFD4
003EFEC60007FE44
FEE2FEF9FEA80064
001F00D1FFCD004B
0063004CFF55FFED
004CFFEBFFF5FFD4
FF71FF4EFDE30084
00BD0013FF550081
FFD7014FFF59003F
FC9AFECB00B7029B
0072FF000060011C
FE540068FF9DFF6C
FFCDFE71FEFEFEE2
01AEFF180011003D
00E40280FE72015B
00BCFF47009E0025
00DE00310022018F
FFD7FF7D01770118
FF83FF50FF44004D
0067FF24FE5CFF2C
FF020111FEE5001E
FF76FF76005300E9
FF53FF99007C005E
010F0044FEC200DC
0124FEBF00030175
FF60FFA4FD9EFFBF
0100002FFF36FE2D
00EDFFC5016C00F0
0042FF7FFE83009C
00240052FEE2FF9B
0034001C00950016
0208FF38FEB9FF0B
FDC9026BFE98FFA0
0017FEE5003CFE1D
FEEAFF61FEBF0010
FFD9007EFFC0002F
0015FFFBFF71FF58
00CAFFD50017FFE8
FFCAFEC0FDE400A2
FFF60058FF3BFFF7
00200169FF9F0060
FC95FE7400EF02BD
00DCFF31FFDA0151
FEA700DBFF67FF34
FFE5FE9CFF5EFF6F
024CFF050042002F
009D029EFE760109
0099FFB20096001A
00C80006004A01BF
0023FFAE0142014D
FEDBFFDAFEED0005
004BFF45FE80FFF9
FEFE006DFEC0FFE5
FF6FFEDDFFCF00E3
FF65FF8500F80089
013800ACFF060108
00E3FE59003A0113
FF13FF8BFE4BFF8B
0087FFF9FF60FE5E
0072FFD3022A0136
009FFF29FE810036
FFC600AEFE670095
00640098006FFF68
0189FF83FEE8FF04
FDA601FEFF21FF1A
FFD7FF110095FE32
FF36FFB0FEEFFF9E
FFA20073FF660076
FF83FFA3004CFEDD
00C1FFD400030055
FF7DFE30FE6500FF
FF8B00B3FF6EFF75
007F014F006400E0
FC82FEC800F002B2
00C6FF70FEF6013A
FF08019FFF8CFF08
005FFEABFF330002
022DFFB90060FFAE
00A902DBFEB40178
00650020000CFFE9
00B50010007201EB
00A1FF9A00B50103
FED5FFDAFE96FFA3
0045FF56FEE30041
FF49006AFE91FFCF
FF30FEB3FFDE00C0
FF7EFF8401830098
015C0155FF1500B5
00CCFE3F002A00B8
FF2DFF64FEC4FF5E
0041FFB1FFA5FEE0
FFAF0059027600B5
0093FF14FE94FFF2
FFDE005FFE3100E7
00F700C00080FED8
014CFFB5FF47FEEF
FDCB01C7FF8BFEF9
0018FF5400DAFE2B
FF7FFFF1FF6CFF26
FF800044FF940081
FF0CFF85007EFE22
00B3FF9CFF850039
FF8FFDFBFF3F0114
FEFD0097FFD3FEDB
006A013F00D5011B
FD07FEBE00EB02B2
00E7FF56FE6D00E7
FF290203FF23FF31
00B0FF0BFF5E00BC
020E004A0012FF70
005002A6FF21012C
008900D1FFD00001
002D003F009F0209
012AFFB4006F00D3
FE6A002CFE8DFFB1
0010FF86FF340037
FF65001CFE8EFF92
FF89FE64FFFB00EE
FFCDFFBD01920043
01680168FF2700B6
004BFEA700400075
FFC2FF3DFF0BFF36
0015FF9B0032FF3D
FF1A0088034100F2
001FFEE9FE8BFF6E
FFCF00CEFE5000F4
014B00990002FEBF
00DEFFBAFF7BFF18
FE42013B0019FEF1
0004FFAC00E5FE85
FFB20081FF93FE95
FF450034FF8B00AC
FED7FF5600A8FDB7
00E8FFE7FFC600AD
FFCFFD35FF780134
FEAD00CC0015FEF6
009D0126012F014F
FD15FF0400EC0261
00A3FF5EFE2400A8
FF8901F6FF4BFF78
0095FF81FF5800ED
01A800C90001FF17
00A301FEFF5B00E2
00470164FF9E004C
FFAD009800B501EC
0135FFC4FF9A0073
FE56004AFE8BFF98
0023FF4BFF94009A
FFABFFA1FE8DFF75
FF7AFE38002300E3
FFB7FF9001B7007C
01430180FF960043
FFF9FEF000090026
FFAAFEEFFFBAFEE4
0015FF7E005DFFC2
FEA900B003A700B6
FFE9FED1FE8DFF0A
FFE700DBFE4D01C4
013B00C6FFC8FE5C
006A002DFFBFFF1D
FEB300C5006EFEFA
FFDCFFF100A7FE94
003F0102FFEDFE29
FF1E0049FF230076
FEC7FF420132FDC2
010DFFE7FFBA0095
FFFCFD3FFFD6012E
FE7100D6003DFED5
009800F6012A01A4
FDABFF8B00F8019B
009AFFBFFE0C0049
FF9B0233FF66FFAF
00A3FFA4FF6A013B
012E0123FFF2FEBF
008C015CFFE400F2
002C0160FF880036
FF7C00870070019A
0190FFB7FF520033
FE9A008EFE89FF86
FFE8FFD2001300E5
FFE6FF24FECBFF7A
FFBAFE7A00230101
FFE0FFBF01BB008D
012901B8FF77002A
FFDDFFAF0018FFAE
0004FF09FFF7FE89
FFD8FF9600EB000A
FE1A00BD04150048
FFD7FEE7FF03FED2
003E00B2FE3D01C5
0140009AFF52FE4C
0031006E0004FF7F
FF5A004400BBFF04
FFD8FFE000AFFEBC
002F01570008FE14
FF110039FF54005C
FEB5FF370141FDB0
00930037FFC300C0
0009FD7FFFD600E3
FEAF00C90037FF0C
00A2009F014101B2
FDCCFFAC01280144
005E0004FDA9FFBF
FFCE0220FF5FFFE9
009F0044FFA90170
00E90131FF7BFECE
00500156008A006A
00390198FF360021
FF19007900450179
0178FFC2FE960026
FEC60083FE94FF72
0014FFB5006500E6
FFB1FEE2FED2FFC8
FFFAFE44002000E4
005CFFD701A4009B
014501A1FFF1FFBE
FFAD0052FF7BFF7B
0038FF170013FE7E
FFE9FF6B01250023
FDD400FE043F0015
FF9BFEFDFEEDFED8
003E0097FE5301F3
016200B3FF13FE37
001100ED002FFF68
FFB4FFD200E7FF2C
001A000A00BCFEDC
0099019C0037FDE8
FF040055FF6D000B
FEB9FF5400FCFDD5
00B50092FFF600C7
004DFDD7002600FA
FECE00B2006FFF1E
0086000400D30201
FDDAFFB8010E0136
003E0060FE06FF64
FFE4019CFF54FFEF
00B700CFFFFB0146
00E20163FF6BFEAC
002900AA01100016
002E017FFF450044
FF08008300720134
0173FFDEFE630020
FEC80105FEC0FFDD
FFEAFFE500C70119
FFF8FE95FF86FFAF
006CFEAD003600CA
00B6FFDC017C009C
00D5017E0057FF7E
FF9600B5FF64FF30
0049FF3B0041FE1C
003FFF9F018A000E
FDAE0111046AFFE1
FFA3FEFEFF8FFEA5
004900B5FE4C01E8
01300090FED9FDF8
FFE700B9003EFFA0
0061FFB00146FF24
FFD100060065FF4E
00A101B10053FDBF
FF3D0071FF750005
FEEFFF4E010AFE09
003D00C1002D00C8
0091FDEE00600094
FF0E00C20049FF46
0042FFF700C601AE
FE32003B011B00C6
0003006AFDDDFF60
003D0184FF92000D
00CA01280019015B
00BB0156FF00FEC6
0036007201B3FFDB
00310159FF50007C
FEB8008A003800CF
013FFFE3FE03FFCB
FF320124FEB3FFE6
FF48FFA000C50115
FFE4FE60FFC5FF76
0052FF09007A00F0
00C4000A018D0097
00F00141008AFFAB
FFC30154FF63FF27
00A4FF000055FE6A
0017FFFC01FF0051
FD8000E40472FFB2
FF77FEC3FF88FE77
00560065FE6F01D8
01430032FEF2FDE0
FFCF00C1002DFFDD
0099FF720172FF85
FFF50031003FFF5F
00C301CB00B1FDD4
FF060036FF7AFFF4
FF2AFF5500ACFE5F
FFD300DC002000D1
0092FE10006A0089
FF3F00370054FF23
000CFFCF00E001BA
FE560036011F009C
FFDB008EFE49FF68
00880157FF8E0023
00AC01860042014D
00830154FECCFEFC
007A002E018EFF35
0006016EFF1300B0
FE920069002D009A
0128FFE1FE23FFBC
FF8900C4FF600034
FF3C0045018D0109
004FFE14001DFFDB
007CFFAE00710109
010E000F01060056
0049012200CFFF61
FF9901D8FF15FEB9
00A5FF48FFBDFE75
002BFFEF02040072
FDAB0081048CFF7E
FF2AFF2A0040FE8A
0080007AFE8A01B9
00BDFFF8FED9FE03
FF9800B000DA0000
0175FF5001B40027
FFB4002BFFE1FFAE
0088018900C5FE1D
FF1E0075FF9AFFA7
FFCAFF7E0034FEF3
FF890112005B00F8
00CCFE6A00B50035
FF6A0092007FFF86
FFACFF8C00520158
FECB00AB01370043
000F00CFFE7FFEFC
009000BCFF660014
00CD021A009F019F
FFFB012AFE79FF24
0017FFFC0255FF35
003801A1FF20008E
FE8F003EFFB70052
010E001DFDBBFF22
FFDF0091FF930049
FEE4006301C700E3
007FFD870063FFD1
004B004500A30147
017100170084009D
002A00DD0131FF43
FFCD0209FF86FE6B
00FFFF55FF34FE7A
0021005C01BC00AB
FDE1001B0479FECE
FEF7FF810029FE98
009D0008FE5400C5
005EFF85FE99FE5C
FF9500A3013E0061
018BFEE901D10061
FF8DFFECFFAE003B
0077015A0076FE5C
FF490060FF99FFFE
0009FFAE00420001
FF9F0168001200A5
009DFEED00A1002C
FFF7007400360006
FF14FF39005B0132
FE8F00EA015EFFD8
FFAF00A7FF10FEF2
007C0040FF8B001A
009C025A003E015C
FFB20148FE5EFF74
0088FF9E01E1FEA4
FF970129FF4C00DF
FE70FFDCFF9E0006
006E0037FD6EFEAD
007BFFD8002D0085
FF36009101F600D5
00CDFD4600DCFFDD
0019011800AB015F
00D20055000700D5
FFC9006501ACFF5E
FFFB02E9FF65FE79
013FFF49FE7CFF12
FFF60078015E0042
FEA8FF3803B3FE97
FF08FFD7005BFEFC
0153FF89FDFB0057
0009FEE0FEDAFE1E
FF8F00C1014400EF
01F8FEFC01AC0093
FF3AFF79FF62009D
005400A80067FF3C
FFCD0057FFCAFF8B
00A2003200330091
FF3501320076008C
0033FF7F008B000A
009B003F002C0093
FE5DFF73FF4600EA
FE83011F0103FF67
FF9A0070FFF6FEB7
008DFF88FF44FFF3
00A7026DFFF10102
FF2800C4FE3F0046
00B7FF1901FDFEEA
001100A5FF9400BC
FE84FF1EFF56FF9B
00610046FDA2FE39
0154FFCB006400FF
FEE700BF01990094
00D6FD67018EFFE9
FFC901FA00DD0152
004900D8FEC6008E
FF8700580160FF6F
00C702DBFF44FF26
00DFFFBAFD72FF4B
FFEA00E800F9FFF8
FF7CFEE5026FFEE7
FEFEFFE9004BFFF2
010CFFB0FE68FF1F
FF1FFE6FFF9BFEBA
002C006201000115
01FAFF8001410158
FF46FF13FE97007A
FF9EFFD6FFD2FFC5
0041009EFFCEFFE8
01CC0063FF9301D9
FF12018700850056
005000BEFF9BFF6D
01210031FFE100EF
FE2EFF6EFE760046
FE2A00E000F4FF75
002500860087FEED
FFA2FF19FF24000D
003C0175FFDD0059
FEE8000BFE3000DC
0070FFA901FDFEE6
0022FF9AFFAD00D4
FEFEFE5BFF38FF12
FFD60064FDD4FE7F
0183FF2E00EE010A
FF5A00D50178004A
00B0FDDF017FFFF6
FFFB02060059014A
00690108FEAC007C
FFA9FFCF0169FF7E
010A02F2FEFEFF82
0146FFDEFD3BFFAB
00A000C80044FF6E
001DFE6101C9FEB3
FEB00039FFEE007C
011AFF1EFE91FE94
FEBEFE62FFB8FF9D
0017007F009C00F8
01DFFFBE00F80138
FF70FEDEFE9B004F
FF16FF53FFBD003B
007D0077FFF8FF7D
01F90098FF2901CA
FF36019E00A10062
001C00FBFF52FF74
01AD006EFF7F01AD
FE79FF01FE660016
FE27008000B4FFA8
FFE600440140FF50
FF7CFE86FF4EFFE9
003F0161FF5B0033
FF3BFF86FE7800D6
007AFF8801B4FEFD
002FFF3F000E00D2
FF4DFE97FEE2FF73
FFB30064FE1FFEE1
01C4FF5B0102013E
FF7700D400BE0028
0059FE2501B40030
005002A9003A0139
FFF100DEFE270058
FF49FF8300E5FF65
019002ACFF5FFFC4
011CFFF3FD05FFE4
008900BDFFFAFF42
00D6FE8A00D2FEEB
FF76000200320148
011DFF37FEC1FE5B
FEA3FE040013FFD1
009E003E008300B4
0174003200AB0184
FFBDFE81FECC0027
FF61FEBEFF410100
00F000B0FFE6FF8D
01D000BFFEE80212
FEE1014400FB0092
FF84015BFEF0FF34
026DFFEAFFCF00E2
FE42FF8AFE5CFFE3
FDEC00290056000B
FFF900440121FFCF
FFD9FEE9FF67FFB4
0002008FFF63FFD4
FFD2FF04FE83011D
0073FFF60146FF5D
000BFE9A0065008F
FFDFFE7AFEE5FF3F
FF830065FF19FEF0
0164FF6C00EB0194
FFD200F7006A0019
FFE6FE37011F0015
004A027FFFDF011D
001900C7FE7C0041
FF05FF8100A6FF69
01980236FF26004D
00F6FFADFCFBFF52
01080097FFF4FED0
0150FE8A00AAFF56
FF88FFD8FFDD015C
00FEFEF4FEC3FE59
FEC0FE0900870054
00E600410033007E
017E003400C40136
FFE3FE5EFEF9FFD6
FEF3FE73FEC100FE
00C3011DFFB5FFF1
01DE0068FF2601F6
FE90016D00A10095
FF2F011FFEBFFF5C
02660063FFE6011D
FE84FF98FE58FFCC
FDC2FFEA00480082
FFF70018012A0029
FF9EFEC6FF1AFFD0
FFC9005CFEF7FF43
0001FEB2FE6600EC
00B80099010BFF96
0028FE93007B0053
FFFAFE79FEC2FF7F
FF330003FF25FF23
010EFF5B00C30161
FFB200EB0030FFC6
FFF1FEAD01400049
FFF8021DFFEF016C
FFBB00FEFE000045
FF3EFF5B0045FF94
01B50140FF540085
00DEFF9FFD08FF38
013C0077FFB4FEAE
016FFE8C0040FF8D
FFB3FFB5FF9801D6
00FCFEE5FE83FE99
FE74FE0400A20078
016AFFD0FFFE0021
0127007F004E01BD
FFC8FE3FFEFDFF20
FEE5FE52FEE40148
01270141FF4C001B
018E0024FF3C01F2
FEDA00E90090FFF6
FEE0012CFEC3FFDC
01FE002EFF9600D0
FEC0FFCBFE29FFEE
FD6EFFA0006D00D1
0034FFE3013F00EE
FF3EFF38FEB7FF3C
FFD6FFDDFEC5FF4B
001DFEBEFEA600D7
00BF00E100670017
FFF3FE590066002D
0055FE76FE98FF6A
FF71002FFF99FF63
0105FF18008A0155
FFB10095FFB4FFC3
FF95FEC100FF0036
00090217FFF3016E
FF600108FED30078
FF78FF250012FF8F
01BE008FFF8200E6
00B1FF51FD29FF76
012E0062FF46FEB6
01E8FE8B00380009
002CFF4CFFB701C4
00CCFEEFFE46FEAC
FE7AFE7E00F300AD
0171FFD7FFB90039
008100C4003F0177
FFE0FDC4FF0CFEBF
FF07FE4DFEDC0174
0126013EFF51FFF7
016BFFE7FF8C0133
FF0700EC0094000B
FE1D00C9FE97FFD3
021B009CFFB50097
FF11FFB0FEBD004F
FD21FF71FFF50153
002AFFBA01260127
FF5EFFB4FE66FEE8
FFA9FF29FE7DFF4E
0099FEA4FED8011A
00BB0178FFBE0074
FFF9FE7A007C001A
007CFE38FEB5FFF4
FF9FFFC90001FFD6
003DFF33006F00AB
FFE000A3FF1C0009
FF46FEAE00A1005E
FFB10112FF8901B7
FF6100B1FF050099
FF7CFF82FF94FF90
0195FFCFFF8700D2
006AFF5BFD5EFF3F
0192FFE1FF55FE86
0234FE62004B0071
FFFDFF5AFF3F0206
00E1FF5EFE3FFF2A
FE7DFE440128007F
0166004DFFC1002E
004000AD000600B0
FFFBFD840000FE76
FEF2FEBCFE980128
015700EEFF64FFE2
00EAFF8EFF9100DD
FEE400AC00BFFFCA
FDE40065FE49005F
0180013FFFAB00C1
FF9CFFDAFECC0093
FD04FF31FFC8019F
003CFF6B00F60118
FF2CFFB7FE49FE89
FF92FE98FE38FFD0
00ABFEA7FF3D0155
00A801C4FFC200EF
000EFE8B0075FFAB
0041FE7CFE810072
FF54FF6EFFE8006C
FFC3FF60FF980062
FFDE0054FEA0FFCD
FF1AFEB5000B002C
FF8600C8FFA70186
FED90053FFA7007F
FFD1FFDFFF4FFF96
016BFEE7FFF8012A
0032FF2BFD3EFEE0
0195FF8EFF04FEC0
020CFEDB008300CB
0036FEDBFEE801EC
0067FF8AFE3AFF71
FEF5FEF6013000C7
019F002AFFD0FFF8
FF5B00B5FFCA0090
0049FDAD0010FE29
FF1BFED5FE8C00D1
0101010FFFA5FFE8
0082FF4000260022
FF71006D0074FFDB
FDB0FFF5FE4F008A
00C30163FFF40084
FFE3FFF5FF3600BF
FD07FEE5FFD60219
0052FF1800C0013E
FF2200BFFE00FE61
FEF4FE29FE38FF8B
0105FEC2FFAB0138
012401CFFF290119
000EFEDF0099FFF2
001BFE97FEAF00D3
FF8AFF2900070094
FF53FF83FFB3FFF6
006BFFF2FE3E0035
FEE7FEB3FFB3002C
FFD7003AFF77013D
FE8B009F001B00D7
00060037FF39FFCA
00F7FE2600090165
FFD1FEB2FE3DFEDB
013EFF35FE88FF09
01ACFF2200A300F1
008FFEB5FED701FA
003CFFBCFE09FFB9
FF48FF6200DA0092
01460099FFD4FFD1
FEE400D5FFE4FFBE
0025FD8E007AFDD6
FFBDFF3BFECD00D1
00D700B3FF5CFF8C
FFDBFEC30067FF67
00150002006EFFA2
FDB0FF54FE6D00D5
009201A9FFF6FFD3
00B8FFD2FF6E00F5
FD18FEADFF990214
0059FEE500510100
FF040142FDE3FE8C
FEFDFDBDFE65FF73
0126FF2BFFF200BE
008901E6FECB017C
0022FF1A0096FFDC
009CFEE3FED00110
0039FF7900370117
FEFAFFBBFFA9FF7F
00B1FFE1FE470014
FE83FF29FF53FFEB
FFEBFFA0FF4E0149
FECF009400AE009E
004A005DFF1BFFCD
00AAFD8B002D011A
FFC9FE77FF03FEA8
0139FEDAFEB3FF60
0131FF9C014D0194
0052FE38FED00114
FFEE0044FE1B008F
FFE4FFE300B50051
011B0016FFB0FF3B
FE8F00FBFFD6FFB6
005EFDE500F3FDC3
FFBFFFFCFEE20030
007B0090FF4DFF9A
FF62FEBE0078FE9D
001DFFD90038FFF7
FDF6FE9BFE9900E4
FF9201F1000FFF87
010B001C001C00DE
FD72FE4BFF6C0243
0047FED3FFDF0117
FF3101BBFDF0FEAB
FF0EFDDCFE57FFF9
015EFF820001004F
00730228FECC0156
0030FF9F00790006
0035FF3DFF480137
0089FF6C0037013D
FE8A0014FF2FFF8C
009AFF98FE570047
FEA3FF26FE9FFF9C
0008FF05FF91012B
FEEB0023013B00A8
008B007BFF300003
001EFD62007D00AA
FF84FE3FFF76FE6B
00F3FEB4FED2FFE1
0071001D01AA010C
00F9FE3EFEB40091
FFD2005AFE15012E
009E008500670020
0115FFEEFFCDFF20
FE0D00B90019FFAE
0043FEB40133FDB0
00240041FF44FFD3
FFDC00A5FF43FFDF
FED1FE9700EBFE46
0034FFD6001AFFCB
FE1BFE47FF3400D7
FF1101BB0005FF1A
011D0048009100FF
FDC3FE7FFFBD020B
006EFE7DFF5F0126
FF7C025BFDC8FEBC
FF27FE2EFEA6FFFA
01700061FFECFFFB
003F018FFED7016F
FFF5001D004B0007
0044FF7FFFA2011F
0100FF7C00160103
FE820030FF3FFF9E
00D3FFCEFE980068
FEBDFF48FEAEFF9D
0042FEEDFF8400FA
FFA00047018F006F
008A00C9FF37FFDD
0058FD750043008D
FF19FE6AFFF7FE76
0149FE9BFED2FFED
0019004C021A0135
00B1FDECFF240054
FFBF00B2FE2B0180
00AE00F10000FF5C
00B1001FFFCAFF4A
FE7600B7005CFF8C
004AFF090182FDC7
001C00A4FF91FF96
FF8100A0FF7AFFB3
FEB2FEAF00D4FDE0
0087FFDE0017FFFC
FE96FDE9FFCD0114
FE7001C40047FF44
015A005500F9015F
FE62FE65FFD101B3
006BFECFFF1900D3
FF830271FE01FEC8
FFA5FE75FF0100DE
017300AF000BFF69
FFCB01BDFF360158
0007005AFFFA0051
000EFFDFFFBA018D
0132FF98FFBC00E0
FE4A006EFF05FFB3
00A1FF98FEFE00C6
FED7FF68FEB3FF68
0079FEDCFFC300F8
FFFCFFE20219006A
008000BAFF84FFED
FFCBFDDC009BFFEB
FFA7FE2C004CFE23
00AAFEC2FF8E0053
FF46007502A30106
0078FE2EFF1FFFE1
FFAB00C4FE210250
01660180FFCEFF1F
0057FFC4000EFF42
FEA4003800C6FF81
005FFFFD0141FE44
002301080009FED9
FF1E00F2FF27FFFB
FE86FEBA013BFDA2
0076002700320078
FEEBFDEB002E0116
FE6201930066FF56
0178004501870195
FEC7FE9500160147
002BFEB1FEFA0084
00280283FE9AFF55
FF74FEE6FEFB00EA
0108012FFFA1FED0
FFB500D0FF830154
FFF7011AFF8B0051
FFCA006CFFE500CC
0170FF7AFF5B007F
FE760091FF1BFFE2
007FFFEFFF6C0097
FF34FF09FE8AFEFE
0057FEC9FFAF00EA
0083002A023C0083
008E00B3000AFFF7
FF9CFE140094FFBB
FFE5FE390080FE38
00C4FF16FFB70085
FF5F0070033E00DA
00B3FE2FFF85FF26
FFF10067FE0502CB
01740157FFA4FEB3
FFE90000005CFFC2
FF0FFFC40137FF9B
007C005201A7FEA1
001A00E80052FEC9
FEC700C4FF2C0015
FE49FEB4012DFDC6
004500430007006E
FF18FDB800A9011C
FDFB015A0081FF6A
011200280175019B
FF0CFF0B001400E7
0007FF1CFEE3006B
006B0212FE77FF12
002CFFD3FF780197
00A60147FF50FEE9
FF9F00AEFFBB00FD
002F0163FF7700BB
FFDF0070001900EA
016FFFAFFF17000D
FEBC00B3FF2B004A
00150005FFC600C4
FF24FF7DFED7FF34
00A4FED3FFF800E1
00D900A602590068
008C0099003BFFB0
FF89FEDA009DFF6C
FFE2FE8600B5FE1E
0038FF540066005E
FEB9006B038500CA
0019FE38FFBFFEAF
FFFB00BAFDD702FB
01AE01ECFF96FE75
00050009004E0013
FFB4FF910169FF8F
00B9008A00FDFEE9
0007014E00ACFE8F
FE8F00CAFF27FFC4
FE74FF230125FE29
00000087005C006A
FF96FDF000CF0125
FE6A012700AEFF60
00E2FFDD018501B6
FF12FF5F006D002E
0006FF4FFECCFFF7
00AB020CFEB1FF5E
00920029FFB0018E
002E01ABFF3AFEBA
FFA900CC006D00D2
0053014AFEEE0110
FF6E00A100610080
01A5FFACFEE9FFF0
FF1800E8FF1F0031
0022003FFFD500A1
FF1CFF4CFEA7FF0E
008DFEB7002400B9
016200AC02210001
0073008C0070FFB5
FFB3FF71005BFFB8
0040FE67005DFE11
004CFF8800E4008D
FEA700A003FF0047
0051FE7CFFB3FEA2
003600CAFE030302
01840150FF6DFE3A
FFC4002A00480007
0008FF4401C3FF91
00790098014DFF55
FFBB00E6009AFE41
FE6E00FFFF0B0021
FEE6FF6000FBFE4B
FFCA00E3002F00B7
FF9CFDE000EF0116
FE51009D00A3FFAB
00860003017D01E1
FF68FF6E008A0077
FFC6FFA1FEC8FFC1
01120170FEFCFF5A
00CD00C2001101A4
003C01ADFF26FE77
FFB5006800C500A2
007801ADFEF50110
FF98007D005B00C1
0165FFE4FEB0FFBD
FF4F00EEFF0500B8
FFA00026002B008A
FF57FF20FED9FF1E
00D2FF3B007C0092
01A000ED0248FFE5
005900B200F8FF68
FFBD005FFFF7FFBE
008AFEE00058FE2F
003EFFCD012B00A0
FEE3008404250027
0024FE68002BFE7D
007B006DFDCA02B5
01770123FF37FE20
FFC00082005D00C2
0046FEED01FAFFC7
00CF00A600F9FFB9
FFAB010D0115FEC1
FE4100D9FF79FFEF
FF48FFF800EDFED1
FFBF010C00290083
FFAFFE17015900EA
FEE600320090FFE5
0043FFBF019701E0
FF4BFFC900DD000C
FFB2001FFEF3FF86
01470112FF24FF9F
0147014D007501C9
000901A9FEEBFE8E
FFC7005101650011
00700177FED40196
FFA10044008D0092
017D0018FEC9FF7E
009F00F1FFBE00F8
FF85005300AD0026
FF6FFF73FF31FF55
00EBFFBB00BD008A
023201240195FFAE
005E001F00D5FF52
FF90015B0012FF95
00A6FE9CFFBDFE55
0038FFE301810081
FEAD007B0412FF65
0016FEEEFFD3FE8C
00DA0045FE42028C
01670116FF76FE4A
FF9E006BFFF6007F
0145FF1A024A0044
00D900E800890008
FFA500AD011CFE88
FE120148FF77FF8E
FFA90073000CFFBB
FF5B015E0044016E
0037FECB010B004E
FF76FFB1006EFFA2
FFCFFF9F01270147
FFA0FFEF010FFF94
FF930095FF5FFF19
01C10086FF9E000C
015D01FE0108015A
FFE0017BFE7FFE72
FF74FFF901E4FF5B
00990171FE4701DE
FF7900B1006B0001
01290054FE90FF8F
009D009A002E0193
FFC500DB00ADFFBE
FFE6FF82FFADFF89
015A006600AC0075
0268012C00D4FF86
0000FFE10119FF4F
FFE60266FFB6FF85
00EDFEF6FFAFFF1E
001C005E01840064
FEF8005B03B5FF3B
FFFEFF1A0095FE63
00F70035FE400208
00D100C5FF41FE59
FFA90055005F00CA
01CCFF25023A00C9
006200E800610077
FF1E004400A8FEED
FE800188FF64FFCF
007A00F7FF8A007F
FF2401D5007901A9
00A8FF5F0152001F
FFD7FF6E0066006E
FF26FFE100CC00C2
FFA9004B013FFF3A
FFCC00A6FFA5FF8D
0196FFAEFFD50030
01DB0282011D0143
FFDE013BFE29FE8E
FF69FFFB0225FF38
00940122FE5B01C3
FFDD00290071FF5B
00AE0077FE85FEE1
016E0096009F01DE
FF1B00A000F9FFA7
0024FF7E0028FF93
0181013D00BC001D
029500EA0076FF40
FFCEFF9800FAFF56
000602FAFFC2FF9E
00F0FF9CFEFFFF7F
003500B701510013
FF92FFFE02EFFF31
FFBCFF3200AEFE9F
0105FFF4FEA8011A
004E006FFF4FFEC5
FFC30075002F014C
024CFF5801F80124
007C00EAFFAA0133
FECAFFC80094FF93
FEC3014EFF7AFFC6
01060196FF2E019C
FEEB01B4005301E5
00FFFFF400D1FFAF
006AFF1E002B00A9
FEA0FFD00072003B
FFBF008C011FFEE9
FFB4011F0066FF86
0199FEF100550055
01970273011D00DA
FF71006CFE4DFED7
FFAFFFE70225FEE5
006E0095FE4701C9
000A00090043FEF7
00500053FEDBFEDD
0185004F00F8021E
FEFD00EA0100FFB0
003EFF520061FFE1
016A019E00800030
023B00C4FFD5FF75
FF8BFF3E0110FF30
00200311FFEEFF74
00FE0002FED3FFC9
003D01270176FFD4
FFA3FFA0023AFF03
FFC0FFBE0100FF07
00D1FFA3FF1D007C
FFF50046FF89FF4A
FFDD00560046013A
027BFF8201E40186
005400E3FF090120
FEB1FF48004BFFE4
FF0D0164FFA1FFE4
01B201A8FECC0216
FEA901F3007601B4
00EB00CC00B1FF87
00D3FF060028010C
FE2CFF7EFFC4FFB6
FFC700980141FEC8
FFA500D0008EFFF0
0136FEB70076000D
0175024400F00088
FF4A0057FE63FF19
FFA100220216FEC0
005D0061FEB2015D
002FFFE6FFF7FECD
00100073FF36FEBE
01D90010015A021B
FF18008F00A2FF58
008DFF51008C0012
012F01D5007A0058
01D000B1FF61FF93
FF66FF2A0146FF28
00930337FFCAFFB5
014A002FFE780034
002201380151FF94
0053FF6E0176FEDA
000FFFF70106FFAE
012EFF5FFF05FFFA
FF8EFF8DFFF9FF8C
003A003E00210142
0230FFC501AB01ED
0012006AFED200FF
FE76FED6001F00B6
FF97014DFF98FFC7
01FD01C6FEA20290
FE920182005E016B
009E013B008AFF6F
0140FECDFFEA012E
FE37FFBBFFB2FF71
FF1A00DA011FFF20
FFE700F000D8003D
00ECFE560095FFDF
016B020B00A10038
FF260003FE72FF65
FF9AFFBE01AFFF13
00C4FFC0FF5E00F2
0036FF81FFE1FEA9
FFFE006DFF63FE7D
0215FF55016801E1
FF2200920089FF1E
006DFF5F0068003E
010101F40087005C
01720078FEDBFF89
FF40FE9E011BFF54
00600310FFE0FFDE
01750051FDDB0075
0019014D00C2FFBE
00EAFF19010EFEEA
0001008800C2FFD4
0133FF42FEEBFF37
FF0FFF32000C004A
001D001E000D0100
01E0001001830215
FFC7FFD4FE9200C2
FEA3FE6DFFF8011C
FFCE0104FFA3FFB9
01F501D2FEA102B7
FF10017100710187
0047014FFFFDFF75
01A5FF06FFC6015C
FDEDFFAAFF34FF29
FEA600CA00AAFF5F
000F010A00EB0057
00A7FE4B008BFFB8
017B01CF00650006
FF45FFBCFE99FFD0
FFB2FFC60118FEE9
009EFFA0FF6500C5
0067FF99FF9FFEB4
FFC10058FFBBFEB0
0210FF4E015001E5
FF500066FFB5FEED
0048FF3E005A0086
00E6021B00A00065
00FF0048FEB9FFB0
FF3AFEE70095FF45
00DE029F000B004F
016B0071FD9100BA
FFF80178005AFF67
0107FEF80081FF27
FFE1006A00C60082
00D3FF4CFF04FEB5
FEF4FF33006D00AA
00BE006EFFB80087
019F00B2012A0215
FFBAFF7FFE940096
FE44FE23FF6F0172
00620124FF87FFBB
023801B6FE3802F3
FF0B0185009001C6
00200185FF90FF46
01B0FF0BFF8B0186
FE3F0011FEFDFF27
FDE000AA00B8FFC0
004D00B6010800AA
0023FE8B0099FF96
011300D80005FFA5
FF65FF96FEA6FFB3
FFE800170083FF6A
00BCFF4AFFC1005A
007DFF7DFF42FEC7
FF93001D001AFF45
01DFFF5B018501AC
FF65001EFF6FFEC4
004FFF3C00680095
00A00217004F009F
00C0FFCCFEBC0016
FF5AFEF10069FF6B
011801D9FFEB0063
015F0089FD930081
001C016C0074FF22
01A9FEDA001CFF3E
002600A7007200C5
0108FF25FEF5FEA4
FEC0FEF800E00137
00AC0013FFBB005E
0108011500C40235
FF84FF66FE76002C
FE76FE26FF1701A1
007E014DFF4CFFEE
01FB0160FEB602EC
FF410162005D017A
FF980189FED5FF47
01D8FF2BFF2F013B
FE720042FEEEFEFC
FD5200CA00E1FFE9
009600C3011200ED
FFABFEA0009BFF5A
00D30072FFBCFF67
FF99FF33FEAAFFB8
FFDC0040FFCBFFA0
008AFEBC0014FFF2
00F7FF3EFF35FF16
FF950000005BFF6C
0190FF1C01880156
FFA9FFF6FED5FEA9
FFFAFF6D002F00E7
008B01FB00790087
FFF3FFB4FE9FFFF6
FF42FF09FFF9FF79
00FB018EFFE80135
016D0042FD7C0054
002C00EA002DFF00
021CFF53FF8DFF8E
002D00AE000D00F1
00F4FF3EFEA5FE4D
FE90FEE30110012D
0115003AFFD4FFFB
00A4014F00C001E3
FF91FE81FECFFFA6
FE73FE3BFED301BC
00CA013BFF67FFC1
018E0118FEC90297
FF89011B00890170
FF550171FE83FF99
01E4FF49FF0A011D
FE99005AFED9FF22
FCC9FFFD009A00AD
012100BC00C9011F
FF94FEEF0076FF0F
00B0FFA9FF80FF3F
FFEFFEF8FF13FFEC
FFDF0108FF6A0014
00B4FEC6003AFFB0
00B5FF5DFF19FF18
FF96FFE500ADFFBD
017CFF31015E0170
FF82FF7DFE88FE9B
FFE0FF63FFF30105
002801B0003D00E0
FFC8FF46FE87004F
FF84FF48FF60FF5D
010D00DC0015010F
012B0051FD9B0013
002B00DFFFF2FEED
0222FF35FFB2FFC3
FFD700E2FFDA00F1
009AFF30FE6EFE2B
FE48FF2B018C0178
016AFFE7FF89FFA4
0016019400A50201
FF90FE6CFEC4FF06
FE56FE72FEAF017E
00B1012DFF56FFA5
013100E5FEC30223
FF9D00D8005F0159
FEE80124FE46FFA3
014AFFC3FF1400CD
FEBF0090FEE1FF1E
FC9A0014009E006F
013E0059008D013B
FF04FF2F0030FEC9
007BFF54FEE4FEED
FFEBFF03FF510002
0001013AFEF70028
009CFEF1008EFF78
00CBFF84FECEFF8B
FF95FFE900FF0034
0101FF3E01290105
FFB5FF75FDF3FE95
FFA4FF7FFFE6012D
00490137FFE90114
FF7CFF84FEB6005B
FF82FF6CFF3EFF6C
01290033004E012E
01280047FDD3003D
FFDA008EFFEDFEED
0208FF96FF720046
005800B6FFC700F7
00B0FF8CFE9FFE65
FE6AFF270184019D
0150000CFF96FF4E
FF9001A6006C01BD
FFF4FE06FF2CFEDC
FEC9FE9FFE630166
01070102FF2DFFBC
0099006AFEF601EA
FFC100A900AB0135
FE8400D9FE01FFE9
01950037FF5B007B
FF4A005BFEF3FF5F
FC270018001D00B2
01320086002C016B
FEBBFF7B0012FE8D
005EFE88FEBFFEF9
001CFEC5FF8C002F
FFC70153FEB10089
00D6FE7600AAFF47
0110FFABFED7FFBF
FF77FF7E0126006D
