FFF200D00000FF54
0039FFCBFFBBFF6A
0099019EFFC5FF1D
028BFFEB0066005B
FE57FFFFFF7D009A
004D0011FFB300A2
FFD000ABFF80FFA5
025EFF76001A0070
003F007C006EFE8D
0146FF720052FF4C
00B80149FFDD00D2
0048FF94FF0500A1
FFC1FF9BFE31FFF3
00600327FF79FFB7
FFA50096FFC9FE7B
FF3BFF4E0055FFD5
0075FEF6FF88001A
000500DEFFFDFFD2
021FFEE0FF9AFED6
FED7FE5A0040006A
0045FFF7FE30FFC6
01E8FF29002D0003
00C4009A001000B3
FFEAFEA7FFAC00FB
00FD0043010C0073
008AFFEDFF67006C
01F2FF85003100BE
FEB00169FFB8FE34
00A500D7FFCC0064
0067FF97FFC00082
0085FF58010300D0
FFEFFFF4FF57FFB1
0052FF2200F3FE7A
00F000030032FF60
01010143FDECFEF9
002D004A0092008C
FFA50103FF510052
0016FE61FEABFEFF
00A1FFB0FD910021
FEEBFD7CFF5700C1
00120124FEBEFEFA
FFF20002016A007B
FF82009B008C0032
012600E7FF3A0208
01970165FFA6015F
00B401DFFF7CFEAD
FF7600D5FF770082
FED8FFDE003A00F7
FFB4FFA300A3008C
0281FF70FFB0FF3B
009EFF1B0114FF7B
00CDFFF6FFCEFE8D
FEEFFEC000120129
005CFEBBFF0D001E
016700B600800043
FFCC0265FFF4FF8A
FFED003B007600BC
0014009C000DFF54
015B00F6FE72FFF8
FF7C00DF00F00103
00A6002C01990006
00500189FFBF0060
FFBEFFD20082FFE6
0009FFD3FFD1FF5A
002B00B20007FF63
FFF6FFDCFFE1FF3B
009C017BFFF9FF22
0296FFDD007C0031
FE61002EFF570050
008D0003FF9600A8
FFD00053FF8AFFA3
024BFF99001B007E
00490044008CFE74
017FFF6A0045FF65
00CB0157FFCD00BD
0031FF75FEF800CC
FFB9FF6FFE3CFFD7
006D0333FF7BFFC4
FF8D00A7FFB0FE88
FF63FF56002DFFC9
0099FF20FF97001C
003B00C3FFF0FFD4
0234FF1AFFA3FF13
FEC5FE6000520076
003F0012FE8EFFE7
01E6FF15004D0010
00D00076002C009C
FFCFFED2FFCA0136
00E5005D01030081
00800000FF7300A1
01B2FFA0005A00E0
FEB60125FF97FE67
00A6012FFF9E006D
00B4FFEFFFE20059
0086FF62012600ED
FFE00019FF78FFBA
0036FF3E00F7FE79
00F9FFF80057FF7E
00F60111FE1EFEE2
002A004600600074
FFCE010CFF82005B
0047FE94FEC8FED8
0063FF95FDD90038
FF00FD56FF6800AA
FFE60144FEC3FED8
FFF6000C01460071
FF87008900A60026
01130106FF1D0205
018A016DFF900176
00BD0206FF8CFEA9
FF7600E9FF900086
FED5FFDA0071011A
FFB9FF9B00910091
025CFF82FFB1FF36
008FFF4300EAFFC2
00E8FFFBFFD1FE8B
FECCFEB70002010F
0060FED2FF29FFF9
016200C2006E003B
FFF9029BFFDFFF96
FF8D005E00A400FB
001D00540020FF5E
016100CCFE6FFFC7
FF6600D800F70126
00C7000A01A3003D
005E017DFF9A0054
FFB3FFB6008FFFA9
000AFFD8FFB6FF06
001000BBFFE9FF15
00550005FFCCFF72
006A016BFFB8FF11
0274FFBB0074001B
FE4F0025FF930088
007B0034FF85007F
FFC500A2FF7FFFD1
0248FFE100230068
002000640081FE95
013FFF760009FF7E
00B00127FF94005F
FFFBFF79FED000B9
FFB7FF86FE7CFFFD
004A0340FF6FFF92
FF9500A4FF87FEA2
FF4BFF590067FFC7
00ACFF31FF9F001E
0038009C0003000E
01F0FEF8FFFDFEDD
FECDFE420039009E
FFECFFF7FE78FFB8
01BBFF030029000A
00CE007F006400A8
FFE6FEC6FFC800F9
00EE007900EF007E
007EFFFDFF780081
01C0FFCB006E008C
FEE90101FF6DFE2C
00CC0102FFE1006A
0087FFE4FFD2003C
007EFF5F00D900E6
FFAF005AFF89FFE8
0070FF6E0121FE91
01140041002FFF54
0117015EFE4CFF1A
004500690096005C
FFB600C7FF1F0099
002FFE27FEB6FEC5
00ADFFD0FDDB0034
FEF8FD8EFF8400A2
FFED0140FEB9FEC4
0008FFD401920078
FF6100B9009B0033
015D00E2FF2001D3
01D301A1FF5E015B
00A4021EFF6CFE98
FF5600D1FF54007B
FEEAFFCF0045011F
FFD8FF9400890063
026AFF69FF96FF10
0080FF41011DFF81
00DD000EFFEBFEAB
FEE7FEB6FFF90129
005EFEB3FF2F0003
016A009B003D0041
FFC80282FFCEFF94
FFB6008900E300CA
00510044FFF7FF5D
011E00A2FE50FF97
FF8C00DA00E5012E
0085002901C1000C
0073017EFFBD003F
FF8BFFE70078FFCE
00460002FFCAFF1F
000100C2FFDCFF56
001EFFC10010FF64
00AD0171FFFBFEF8
02B5FFCE004E0038
FE5D003CFF680070
006B0028FF9800AC
FFBE0093FF8AFFB3
0263FF9E000F005A
003E005D0066FE7A
0168FF770048FF46
00C4011AFF94009E
002EFF4DFEF000BF
FFB5FF5EFE660012
00440342FFACFFC8
FF7B00AEFFB2FE68
FF4DFF4A0021FFC1
0087FF45FFA70029
002B00B4FFF1FFB7
0235FEF4FFAAFF02
FEECFE30003E00A4
0018FFF0FE77FFB4
01D8FF15003A0005
00B2007100760095
FFDBFE97FFCC00E6
00D100440112007A
009FFFECFF810089
01BCFF9D003900B6
FEE00134FFAAFE2B
00980129FFC3004F
0089FFC7FFE20059
0087FF60011000D3
FFD9002EFF77FFE8
004BFF6B010DFE9B
010D0009005CFF40
00E50126FDF5FEBF
000A004F008D007A
FFE400FAFF810066
0042FE7EFE8CFEDD
0095FFC7FDB9001D
FEF9FD6BFF9600AA
0015011AFEA8FEBB
FFFFFFE10176008B
FF8B007A00A2001E
012F00FCFF1D0214
01A3017EFF810171
00D301F5FF52FEA0
FF6300CEFF8B0093
FEF7FFDC004700FC
FFA6FFAB00C40073
026DFF8CFFC7FF5F
00A6FF44011CFFBC
00E60009FFCAFE95
FED3FEDA00060126
003AFED7FF22002E
018100B700530051
FFBC02CAFFEAFF9A
FFA300A500AE00CA
005600780010FF49
013400E7FE6FFFBC
FF7F010200F20117
00B0003601ABFFE9
0047017FFFA20059
FFBCFFA8007FFF99
001BFFDCFFCDFF43
000500BEFFDDFF35
000DFFE90004FF74
00AC0187FFEEFEEB
0295FFCD00580039
FE370018FF6E004F
00750029FFD9007B
FFC50093FF97FFA2
027CFFD60025007A
004900580068FE87
0150FF820032FF4A
00CF0102FF930095
FFFFFF3EFEC800C3
FFE2FF91FE510000
0055036BFF75FFB9
FF7600ACFF99FEA1
FF4DFF490052FFDD
009CFF34FFC90035
003300AB0016FFC3
021EFED1FF9EFF2D
FEBAFE2B001F0063
001BFFE7FE66FFAF
01EDFF210040FFDF
00BC00AA005F007B
FFCEFECBFFD6011A
011300760106009B
00A1FFD8FF6C00A3
01DDFFE7005F00E6
FEA90121FF8FFE30
00D10148FFAE0061
006FFFB1FFF60057
0094FF4200F6010D
FFEC0038FF8DFFD9
0045FF340109FE91
011100320032FF3A
00FA0151FE26FECF
00130085008A0069
FF9D00D9FF430054
FFFEFE2EFE99FEAA
00A1FFB4FDAF0044
FEE7FD42FF8600BB
0008012EFEC9FEAB
FFE9FFE001750069
FF7D0091009A0062
013300F8FF0B01C5
01AD0187FFA70182
00AD021CFF8CFE8B
FF770107FF770080
FEFEFFD800620124
FFC2FF7A009A0095
0289FFAAFFAFFF3A
00B3FF520102FFB2
00B5001FFFD7FEB3
FEFDFEBBFFFA013A
0049FECFFF270029
016E00BC00500030
FFEA0299FFC8FF96
FF9E005500BB00D3
0032003C0000FF58
016F00C6FE44FFB1
FF9600F200DE0124
00C5001E01990026
006D0177FFA40076
FFADFFC8009DFFA9
003BFFDEFFEFFF1A
002400A3FFD7FFAF
0020FFF7FFE2FF46
00850168FFF5FEF8
0290FFDD0062002F
FE58002AFF700067
008A0029FF6B0091
0000009CFF80FFDF
023EFF490016005B
003F005E006EFE35
0177FF6AFFE4FF43
00CD0162FFA400DC
003EFF4CFEEE00D0
FF7FFF71FE63FFE2
0011036DFF84FFD6
FF6F006EFFD1FEA2
FF21FF3DFFD0FFA3
0097FF56FF760012
002500D90013FFCF
0215FEFCFF98FEF6
FEB8FE58003F009D
0012FFD5FE74FFB6
01D2FF200011FFD8
00CE009D002100B1
FFCDFEA3FFBA0112
00B9001600FA0081
010EFFE9FF53008B
01A9FFA7001D0106
FEEE012DFF6BFE70
00B900E9FFD00031
0076FFF1FFB0004C
0079FF6B01040126
FFD50032FF49FFEB
0031FF6D0107FEA7
011D000B005CFF2A
00FF0138FE36FEF8
002A0061006E0096
FFA000F5FF810053
0079FE83FEB2FEF6
005BFFC6FDB30071
FEE8FD5EFFAC00A4
FFE00109FED1FEB3
0026FFE901730093
FF7000CD007B000D
011D00DAFF0701DF
01A9015EFFB90170
01020221FF55FEC4
FF8400B9FF890071
FF0BFFBC00820112
FFD4FFD500C100A3
0277FF45FF90FF55
00B5FF1C0116FFB9
0113003CFFE5FEA9
FEC5FEBEFFF60101
0036FEEFFF34002E
013500AA002B007E
FFFE02B10000FF94
FFBA006400A500D0
00290035FFDFFF89
016B00A1FE42FFA1
FF3600FB00FF00E7
00CA002B01960014
00660172FFA600A3
FFB1FFB00094FFA6
0018FFD5FFBCFF1F
00220107FFFAFF47
FFFEFFE50024FF56
00B10187FFEEFEF2
029AFFFB00640038
FE7B0048FF8E00A6
00A3FFFEFF630091
FFD50070FF80FFA6
025DFF7A00310057
001A009A0074FE70
0146FF760013FF6A
00A20103FF97008D
0040FF45FED400AB
FFBDFF69FE6F0019
006C0332FF7DFFF4
FF960090FFA9FE99
FF21FF0C0068FFDC
0090FF53FF87FFFC
003900DE0020FFED
0219FED3FFB9FF07
FED2FE4100650079
002EFFACFE2EFFBE
01BFFF140038FFA8
00DF007E006000B5
FFF9FE8DFFDE00F4
00E0005D014A00D4
00A00008FF730099
01BFFFAB00390110
FEEB0128FFB1FE0E
00BC00CFFFCD007D
00A6FFF2FFE60043
0083FF5300CD0119
FF6C001FFF9DFFF7
0068FF8A00E5FEA3
012000110060FF64
00EE0116FDEDFEF9
001B00480084005B
FFC500FDFF800058
0031FE93FEA2FEF0
0098FF7EFDA90016
FF01FD18FF6700C2
FFDE0139FEC0FF0D
FFE2000701800076
FF6F00B200A7000F
013E00F5FF08021D
01BE01C2FF880135
00AF0211FF38FEAA
FF6E00C2FF720063
FEEAFFD30046010A
FF7CFFB7008B0095
0271FF63FFA8FF4D
00A5FF270131FF98
00CDFFE6FFE7FE50
FEDEFEB800160104
005DFED1FF4A0016
016500C3004B004E
FFD9029C0008FFB0
FFCA009500AE00C3
0054004A0019FF2A
017900E3FE62FFD4
FF8C00CB010D011A
00600050017F0006
004F01A4FFA30073
FFE2FFDB0065FFEA
0004FFBBFF92FF40
FFF600E2FFDFFF4A
FFE8FFFCFFCBFF68
0067018BFFE0FEDE
02A2FFB0003A003B
FE4B0067FF93006C
006D0028FF9C0095
FFE30096FF9AFFD9
0234FFC4FFFC003E
002100880098FE7F
016EFF60002FFF79
009F012CFFC600BB
004AFF7CFEF700B1
FFB0FFA4FE74FFE9
005A030DFFA9FFC8
FF8D00ADFF94FE8E
FF4CFF3E0042FFE0
00A7FF34FFAF0017
002000B3000DFFE4
023CFF02FFA4FF1A
FEF3FE6A0058006F
0025FFC5FE63FFA7
01FDFF270038FFF2
00BA006600610099
FFE1FE8EFFA6011C
00B4007C011C0095
0087FFA7FF5000A1
01E0FF7F00300104
FEF20132FFBDFE27
00BE010CFFEE005E
008FFFF0FFD40063
0067FF76012A0101
FF8B0037FF8BFF9F
0064FF6A00F9FE9E
011300030083FF69
00F70101FE19FF18
003B005E00620029
FF8C00E0FF5F0055
0024FE7DFE89FED9
008AFFACFDCDFFED
FF23FD3BFF5E0081
00070120FEAAFEC5
FFFF001A014C009F
FF7F007B0084002D
014C00FCFF2201E8
01C00187FF9B0179
00E90245FF60FE90
FF9400BBFF750073
FEF5FFC1005D010E
FFB3FFBB00B50079
0288FF6EFFD9FF4C
0085FF5B0122FFAA
00E10019FFBFFEA5
FEA1FEBDFFF80115
0052FEF4FF2A003E
014600A30061003B
001002A60017FFA5
FFAE007500C000CE
00490062FFF5FF58
015900EFFE63FFBA
FF7D010200DD00EB
008300150167FFFA
0054016FFF9E0064
FFC0FFBE0071FFB2
002DFF97FFA5FF51
FFF400EAFFE8FF40
0018FFB7FFB2FF87
007C01A1FFC4FEF7
029BFFB2003F0074
FE6B0028FF6D0073
006E002DFF8D00A7
FFB900B3FF71FFD3
0222FF78FFC60068
006A00A70080FE7F
0141FF5A0037FF6C
00A0012EFFD800A1
0059FF62FF04008D
FF94FF81FE660004
00610318FFB2FFD1
FF5D00C3FFC2FE8A
FF37FF13001FFFBF
0056FF18FF87FFE5
001D00B0FFEAFFEA
0231FED1FF8AFEFA
FED5FE26006F0046
0011FFDAFE28FFC8
01A9FF0D0004FFE3
00CA0056002F00BA
FFFFFEB4FFC200E8
00DA002501020092
00A6FFCFFF4D0096
01EEFF8E003A00D3
FEDE0167FF93FE00
00AA00FFFFCC0035
0031FFD7FFB2004E
0082FF38012B00F2
FF980002FF38FFB6
0043FF660105FEB9
00F500220046FF61
00EC0113FE0FFEED
001B00190086005B
FF9B00E5FF42006B
001CFE53FEB5FEBD
00A5FFB6FDA70021
FEFFFD64FF4C00A0
002B010BFED4FEEA
FFDEFFF801600080
FF80009A009C0020
011500F3FF3001EF
0186016FFF920175
00CC0221FF57FEB4
FF6000B9FF85009B
FEC9FFA6004100E6
FFDCFFC400C10082
0266FF67FF82FF03
0095FF4200F7FF96
00E30038FFDBFEA6
FED2FEBDFFFC010C
0048FF07FF34004C
016D008E00620048
FFF602910019FFA5
FFE300680099009A
003400960000FF6D
013D00E2FE77FFD8
FF8100D600F300CD
008A00240184FFB7
0021016AFF950077
FFD4FFBA008EFFFB
001FFFDCFFAFFF56
FFF700DFFFDAFF31
0017FFDBFFBDFF6D
00A2019AFFF0FEE7
0297FFED002C0060
FE1C002EFF3D004F
00670017FFC80061
FFC3007DFF78FFCC
0254FFA5001D0051
003D007A008DFE95
0171FF7E0064FF70
009D0131FF7D009C
0004FF8BFEBF00CC
FF9CFFA8FE770002
00500344FF7FFF93
FF9900A0FFBFFE5D
FF3CFF60003AFFE6
00BDFF1CFFA6FFDE
000D00C9000D0020
0258FEE7FFB5FF1A
FEC1FE54002A0068
FFFC0013FE63FFD0
01D2FF2800470018
00BF00A000500077
FF9CFECDFFBE0117
010F0022010F0062
0096FFFEFF52006F
01DEFFB6008000D5
FEB6011AFFB8FE46
00D40131FFB6004F
0060FFC0FFC20066
00B1FF6F010C00FA
0000004FFF6AFFAA
004DFF3400EFFE7F
00FB0026004AFF61
00FE0126FE33FEE5
0037006500950074
FFA700E2FF5A0082
002FFE4AFEACFF00
00A8FFD0FDA6002E
FEE8FD62FF8A00B2
001D0138FEAEFEB5
FFF9FFC6019A007A
FF4900AF00790043
011300D1FF1B01FD
01880160FF790174
009101EBFF99FEBA
FF8500C9FF88007D
FEDDFFCE005A013A
FF9FFF54009D00AC
0271FFB3FF85FF32
009FFF5700F7FFB2
00C8002FFFC0FE9B
FEF6FEE7000C00E9
006BFEB9FF3D0023
016500B2005D003E
FFE4028FFFBEFF89
FF9E005A00BD00C5
0041004CFFEEFFA2
015200B1FE4EFFA3
FF5B00D000FB013A
00C500070186FFFD
0078016AFF9B0063
FFA8FFDE0081FFB5
000AFFCEFFC4FF2B
000A00B90002FF53
FFE5FFF80010FF7E
00850197FFD2FF16
02AAFFCC00840015
FE870028FF78006C
0087000EFF9700A7
FFAB00A0FF99FFC7
024DFFA6000E0056
0032007D0060FE42
0152FF76005AFF57
00C1014BFFAF0085
0041FF47FEC900C9
FFC0FF6CFE3BFFFB
00640337FF80FFC4
FF88008EFFB5FEAB
FF40FF270040FFEE
007DFF1CFF8C0017
001C00BB0000FFCE
01F4FEE2FFBCFEFD
FECBFE370055009A
0027FFC2FE49FFBC
01DDFF36002DFFED
00C80071002C00A8
FFF5FE96FFD400F4
00F2006900FF00A8
00C5FFEDFF64007A
01CDFFA6002700CB
FED20145FFB4FE09
00C300EBFFC80065
006EFFBEFFD9004F
009EFF5100E300E7
FFC70033FF64FFC8
0036FF5000E1FE7C
00F800080058FF58
01140132FE01FEFB
001B00630087007B
FFDA0102FF700041
0028FE86FED0FED4
009BFFBBFDBB003D
FEE9FD33FF9000AD
FFF50143FECAFED9
000F0004016B0076
FF65006F00790035
01370104FF270217
01B50193FFA00160
00B70202FF4DFEBB
FF8900D7FF7A005B
FEDCFFEA00310108
FFA9FF9900B00095
0275FF6FFFA3FF3D
00BBFF200108FF8B
00BFFFFCFFCEFE7F
FEDEFEB40008012D
0063FEC9FF13FFEE
016000C70068001C
00050292FFDFFF93
FFA90071007400F9
0036006CFFF4FF2A
015800DAFE68FFE9
FF8C00C300F200EB
006C0028018F001A
003D018CFFA10077
FFAFFFE50095FFC3
001AFFF3FFB0FF3D
000E00D7FFC9FF45
00160005FFBFFF5F
00950172FFD1FEFD
028BFFBE004F002C
FE6A0023FF620056
005D0023FFAF0066
FFB00076FFA5FFEC
0261FF8600300085
001C0078005CFE87
0153FF65003CFF3A
00AC0117FFA40095
001CFF36FE9300C6
FFA9FFC7FE56FFE6
00580323FF79FFB4
FF8400ADFF7FFEAC
FF4CFF430044FFF5
00C1FF39FFAA0015
002500EA000B0000
0209FEF3FF9BFF22
FEE6FE5500190067
0029FFB3FE73FFB0
01AFFF220022FFB9
00E8008C002F00B2
FFE0FEA6FFD700EA
00FE0047011E009A
00AEFFDBFF2F00A8
01DFFFBE002200F1
FEE5010EFF9DFE08
00D900FFFFCD0054
0042FFC5FFBA001D
009EFF5200F500FF
FFD20045FF4BFFBB
0076FF5300D4FEA6
011D004E004BFF48
00FE0139FE1BFF09
001B0039008E0068
FFC100E7FF4A0083
0021FE83FEB3FEB2
0093FFBEFDC6001F
FEF7FD31FF4B00A2
FFFA00F8FEC8FEF5
FFE50004016D0060
FF3500A5007E003C
014300DCFF0901F9
019D017EFF810191
00C00253FF92FE99
FF7000B9FFA60078
FED4FFB1004D0136
FFBBFF79009A009D
028BFF5AFF94FEF8
00B8FF3D0134FFA5
00F1003FFFF2FEBE
FEF9FE78000600FE
0045FEE1FF1E0021
017F009C00520018
FFF502B1FFECFF96
FFC00070009700D6
002F003C0020FF75
016400BCFE6BFF99
FFB800ED00D800F6
00920014019B0007
00470181FF85005C
FFA4FFC60076FFB9
0021FFDCFFA6FF3E
001A00BDFFE9FF53
00130005FFC0FFAC
005101EAFFF8FF22
0252FFAA002C004F
FE7D0069FF810037
006F0078FF9B00A0
FFB70089FFA2FFF8
020CFF9700050089
FFD0007F0053FE75
0142FF94FFFDFFBE
00CA00BFFFDC0057
0057FF5DFE8E00A2
FFB6FF86FE8B005E
0034032CFFB1FFB0
FFCF00DCFF48FEA7
FF17FEEB0035FFE4
00C3FF44FF810030
004800BEFFED000A
0216FEFDFFBFFF5C
FEC8FE41005D008C
0017FFD3FE70FFA4
01A1FF37FFE4FFDF
00DC0065004E0111
FFB9FEECFF8500DD
00FD006C010C0066
009EFFA3FF3E0081
01EFFFB80034008F
FF2800DCFF9FFDEB
00B80115FFC20066
009DFFDCFFBB0048
00A5FF3D01290101
FFA30031FF8AFF68
003CFF8A011AFEB4
014300350076FF63
01140123FE42FEF2
001C002700950097
FF6700A6FF44008B
0000FE88FE61FE96
007CFFA1FDA1000C
FF47FD44FF4A005A
001D0104FED5FEA0
000DFFFF01940073
FF4600B0006C0040
016500FBFF1D01E3
01DF01B8FF68015F
00E3025BFF85FEAA
FF5800DBFF8600A2
FEE0FF8F008100EB
FFD1FFBF00680085
025EFF69FFA0FEE5
00BBFF4F014EFF91
00E00059FFB1FEB9
FEDAFEE9FFD6013B
005DFF05FF3D0087
0149009F0059002F
FFE00278000BFFB8
FF600095009C011F
00400051FFD6FF4E
015200B5FE6EFF56
FF55011A00E90131
0072003A01740044
00420140FF8A006A
FF58FFEC0078FFB8
0036FF8FFFD2FF40
004100F2000DFF44
000CFFE80006FF66
00B001650075FF4B
02D0FFE30044FFFE
FEF90046FF2B001A
007A000DFF9F00C1
FF8C00BFFF90FFF3
020CFF87FFF90062
001000B80069FE58
014AFFA400A3FF80
008C00E7FF7B002F
0022FF16FE9500A0
FFECFF90FEA5FFEC
002102E5FF84FFE4
FFB600EDFF89FEBC
FF07FF1100380004
007AFF5EFFB90027
000D00C2FFE6FFDC
01F2FEDDFF99FF5B
FF1BFE5D006E007B
002FFFB5FE41FFBA
01C6FF6E003BFFF1
00C3007E009B00D3
FFF5FE8DFFA200A2
00DB0067013F00FF
00BDFFCDFF880087
01CEFFEA0048009B
FF23015FFFEEFDFC
007F00B60021003B
004EFFDDFF570041
0099FF1C014200A6
FFE50031FFB0FFFD
0073FF9400E9FEF0
00FEFFDD0072FF05
01430117FDD9FEF8
0023004400520092
FFE300E5FF6D0073
0033FEAEFE53FEB3
00ABFFB2FD79004B
FEE5FD44FF5100BD
FFC70142FF03FED1
FFED0017013F0041
FF4200430094FFF6
016800E8FF200236
01DD01E8FF880155
00A30220FF29FE76
FF570084FF970080
FF09FFAB00480100
FF81FFBD009C0079
0228FF78FFA6FEDA
00DAFF12012DFFBA
0111002FFF8CFE81
FEDFFE92FFF60120
0077FECFFEF90047
017100D600580046
FFF30297FFCFFFD2
FFA6009C00CB00A8
001B005FFFFFFF5E
014600C2FE66FFB5
FF5D012200E000BC
00670077019FFFB7
00670177FFB50046
FFF1FFAB0081FFB4
002CFFF8FFB0FF76
006800F7004BFF36
FFF1FFD7001BFF4C
0128013800D4FF7B
029100090070FFEB
FF410013FF1CFFB9
0085004AFFA000A8
FF6000C1FF9E0012
01FFFF9200300055
FFEF00C60055FE85
0133FFD800FAFFC1
00BA00D6FF4BFFFB
003FFF2FFE42007F
000B0001FE8C0006
002602A1FF900006
FFE100BEFFCBFECB
FF3EFEE900370025
00A0FF9DFFCB003C
000200E1FFF2FF9B
01DCFEF3FFADFF97
FF1EFE80006A007C
00A3FF76FE89FFCB
01CCFF610030FFF6
00760086007E010B
0001FE7EFF4C005D
00CB007B01750123
0083FFD4FFC5006B
0177FFEF004D0050
FF3C0162009BFDFD
003200680071003B
002CFFE7FF010057
00DCFF2A0189005A
0008006AFFEB0021
0065FFB300AEFEF2
0125FFBC009AFF10
016F0113FD97FEBC
0027003B007800D2
FFFE00FDFF96005F
005EFEF3FE40FEF1
00A6FFBEFD880012
FEF6FD58FF2B00CE
FFCF0122FEF6FEB0
FFE2FFF601130054
FF4100230095FFB7
018D00EFFF480241
01C301F3FF600122
00BC01E1FF08FE74
FF280092FFB500C1
FEFFFFB3001A00F4
FFB0FF850095005F
0217FFBBFF96FEE5
0142FF010174FFC7
0112002DFF9BFEA3
FF3DFEA9FFEE00E1
0059FEF2FF00006C
0182010F00940061
FFE8028EFFCDFFBF
FFA600AB007600F8
FFD60033001DFF58
016A00AFFE47FFE6
FF3D012A00CE00B4
008200710183FFA7
00970189FFCCFFFF
0002FF770077FF62
0026FFF7FF80FF7B
00C800F70080FF31
FFFDFFE8003CFF0C
019601080160FF85
02660045009CFFCC
FFCA000AFF0FFF81
00B3003FFF91007B
FF2800D1FFA8FFF8
01C8FF5C002F0038
FFEE00F0000EFE8E
011F00510135000C
00AF00B2FF00FF87
0032FEEDFDFB003A
001F0014FEACFFFC
00270229FF740031
000300920018FEF0
FF46FEB80031003C
006C00050003004D
000300E3FFFFFF93
0182FEC7FF87FFDD
FF92FEBC0045007C
00D8FF50FE8AFFFD
01A4FFA60020FFFF
0068007E00AA0100
0009FE93FF2E0003
00A0009401910169
007D0008FFF20068
011F0034008A002E
FF96016500B0FE2A
0007FFF300AB003C
003A0021FE920066
00D9FF1601AD0006
000F007E002A0067
00A5FFD000C9FF28
00FAFF77007FFEEF
01320124FD9FFEC2
0007FFF6005000D3
003500DCFFAE0039
0063FF20FE3AFF57
008DFFB2FD860066
FED4FD9CFF16011F
FFB800FAFF81FEF2
FFA6000400BD0002
FF30FFE6009BFF8C
01A700E0FF580233
01BE0253FF3F007C
006F0175FEC4FE74
FF0B005DFF9B00CC
FF1EFF7A001B00D2
FF90FF8A0068004A
018FFFEFFFA6FEE2
01A6FE8C016FFFCF
0138FFF8FF88FEB1
FFB4FE97002800A0
000DFF21FF610084
016E014B00950085
FFF00251FFCCFFFC
FFBC00C0001300D8
FFBD00200033FF87
013D00B7FE59001F
FF0A014200D80051
006E00A10161FF7E
00970167FFE0FFE6
0071FF6A0039FF46
0012FFF9FF64FF9B
010D011800F6FF33
0005FF9F007EFF23
01E7006B01A9FFCE
0250006800B2FF8F
00D80012FF3FFF91
008B0077FF1F00C4
FF1F00F3FFA3FFEA
0180FF26001D0026
FFC000EE0000FF1C
0094002D0189FFDE
00B600AEFEFAFF19
0010FF1AFE2A006D
008E0012FEDC005E
FFE601D9FF7C007E
FFE80071001EFF33
FF43FF250010FFEA
FFE90040002F0031
002500760019FF36
0165FEC3FFB5FFEB
FFA1FF21000C0090
011EFF28FEB60003
017E000D007D004B
006E000B00E40105
000EFECAFF26FF6E
009300E3017A0186
007000400088006E
00770058006AFF92
FFC1017300E1FE2C
FFF1FF3B01710005
008B0047FE7A005B
00F8FEC4017EFF4A
000B00C5007400E1
00A9001D00FFFF42
00E0FF4700AFFEFB
01270105FDBFFEA7
0031006500600113
00E20119FFD70039
00B1FF1BFE26FF57
00B3FFC5FDB2008B
FF10FE23FF59016B
FF53011BFFBCFF17
FFB2000A0052FFE1
FF4EFF7B0096FF2E
01BE00BBFF970217
01C20258FF19FFEC
003D0137FEABFE87
FF07002AFF8000E7
FF6AFF9DFFEE00AA
FFB9FFBE00670017
012E0052FFEDFF14
0183FE790173FFF8
0153FFBEFFBDFEAC
FFF4FEBB0019008B
0018FEE2FF5900AB
017B019A00B30089
FF7701CFFF8C0030
FFB700E10021006A
FFBD00210084FF5F
010000A5FE6900A0
FEC9013E00CEFFDA
005901020143FF24
00DD013BFFEFFFBA
00CEFF700031FF47
00240038FF85FFA4
018700D800FFFF33
001DFF9E0084FF0E
0219FFDC01DCFFD6
0198006F00A1FF33
018E001EFF61FF6B
00C700EBFF01009D
FF0B0120FFB7FFFA
0112FF0FFFEF0018
FFF800DFFFD3FF82
004C005801510024
00930053FF27FEB2
FFE5FF09FE870057
008BFFF8FF5A0082
FFDD014FFF860069
FFD40046001BFF6D
FF5DFF22FFD3FFA3
FFA400BF000E0026
00380005FFF6FF42
00FDFEA0FFC0002C
FFB7FF61FFDC00C4
0112FF24FEAFFFF1
00B3001E00470097
002DFFA700EA0104
FFFFFF21FF08FEDF
001F00CA013C0192
003C006A00DF0082
FFF300940049FEE4
0074011500D5FE5F
FFD9FEBA01DF0001
008D00BAFE450012
00EDFEC30164FF52
FFAA00ED00A2013A
00C9005C00F3FF8F
00D5FF7F006EFF00
00EE00D3FE2CFEAE
001A000F005F0103
00EB00A4FF7E001C
00A2FF06FE99FF4E
00620022FE130068
FF9AFEB7FF4C0178
FF6200880018FF10
FFB40009FFE3FFBA
FF0DFF5C0086FEBC
01880099FFC701A8
0148025BFEDFFF6B
FFFB010CFEAFFECF
FF28FFF7FF6A00C1
FFD9FF6BFFBF0069
0072FFE400430020
006200590006FEDB
0171FE3301650026
0169FFD8FFE4FF42
003CFEBCFFF40068
FFB2FF80FFD900D7
01030182008E0044
FF5C019AFF740034
FFCB00F0FFE3002B
FFCA005500C0FFD4
00B0009EFE5400BB
FEA2014600C2FF65
008B01260107FEA5
009D00D5FFC9FF97
011AFF880022FF40
0066001DFF54FFA0
01D400A60109FF5F
0040FFA000DDFF51
0256FF9C01610020
00DF00B900B2FF18
021F0020FFDEFFC8
00AB014EFEDA0070
FEDC015BFFE3FFC9
00B6FEF1FFB5007E
FFB400B6FF820009
FF65006C011E0034
00A0FFF1FF4BFDF2
001DFF5AFEB3FFDB
00E3FFF9FF560100
002200D8FF910065
FFAFFFD20010FFF1
FF75FF7AFFD8FF51
FF1600E70003001A
0062FFAB002EFF7A
00A3FEA60009004D
FFC8FFB4FF97009F
0120FF17FE85FFF9
0068004B00800090
0021FF9B007B011A
0016FF90FF31FE70
002800FD00E10152
00370097011E004A
FF7B00D4002BFEA7
00B5009A00A9FE62
FFE2FE3F01B9FFC4
0090004CFE720042
011AFEA300D1FE8C
FF9801130093016B
00A300650101FF8F
00C8FFB5003EFF40
00AE00F9FE92FE84
005C004A009E0145
0145008CFF800072
0044FF3CFEA6FF9C
0040FFFEFE8B0054
FFBAFF5AFF4501C6
FF8F006E0043FF2F
FFB5FFB8FF8CFF9B
FF2AFF55008AFE91
01970078000C0133
01630214FE7DFF0B
FFBA00B1FEC7FF2F
FED60006FF3B00C0
FF95FF6FFF52001E
00B0FFD9FFEF001F
00050076FFECFECC
0117FE2D01790002
010DFF8A0071FF75
00B6FF0AFFE40027
FF7EFF5D00670137
0106018100710077
FEF60090FF4E008C
FF9900EEFFA0FFE3
FFB1001B00DCFF89
00890053FE8A00B8
FE960116005BFF48
0050011D009CFED5
00A5005CFFBEFFAE
0121FFDFFFDEFF72
00CA003EFF7BFFAB
01DB00600102FF3A
000DFFDF00E2FF7F
0233FFA601200034
000200E10087FF51
023C00660031FFD2
00A201CFFEC3003E
FEA70151FFD7FFD7
007DFE86FF6200D3
FFC60087FF570092
FF07003D00DA003E
008A0006FF99FD76
000BFFACFEEB0019
0063FFCCFFFB0196
001F00A3FFDC0044
FFC5FFDCFFB10030
FF72FFA2FF86FF07
FEB9013BFF84FF88
00A2FF13FFFAFFF0
0064FEA7001F003F
FF55FFAAFF720090
00D2FEF4FE540026
FFAA003300660096
001FFF320070011B
FFEF0047FF29FE21
FFF900D2004400F2
002D00820102001A
FF1C01080016FDF6
010E000FFFF9FE5E
0005FE840199FF87
0051007FFE7E0006
0120FE6D00A7FEA6
FF1D0166003C016A
00A2004E0135FFBF
00BE0050003EFFD6
009300CBFF4EFE92
003A005800D4014E
01A10014FF1C00B7
FFFAFF2AFF37FF9A
FFBB0030FEDCFFEE
FFE5FF9BFF4C01A5
FFAA003B0086FF31
FFCEFF62FF89FF62
FEEAFFA70098FE56
011E005D008400A9
00E001AAFE3EFEE8
FF6900A7FF28FFEB
FEBE000AFF610099
FF48FF65FF41FFF9
0131FFF1FF9A0035
FF6F005CFFCBFE91
00D4FE6E014F0022
00EBFF97007B0017
0123FF5A0002FFE9
FF65FFCF0116018D
00A6010200820018
FEF7FFFFFF5B008D
FF9100ECFF95FF91
FFDD002B0096FFBF
00070048FEA7001F
FE6B01060060FF22
005900C20042FE92
0062FFB7FF78FFEE
00E50037FFE0FFAE
013D002BFF42FFC2
01D3FFF400B1FF55
FFF5FFEE00D6FF80
0217FF8000B100A2
FF8A00C800D8FF32
01F7008800180011
00B001C7FEEC000E
FEAD00D9FFABFFA2
0091FE50FF080136
002DFFBBFF5800B8
FF0200000049FFF8
009E008DFFFEFD69
0019FFE6FF550020
0022FF1F0084013F
009C00E6FFDC001A
FFA3FFB7FF22002D
FFC0FFDEFEF6FEBC
FEB20125FEFFFF99
0098FE74FFDF0056
003BFEE9003D0011
FEE0FF36FF0C0046
008EFF36FE4D002F
FF33002000A00088
0018FF2B0007014A
FFF600EDFFC7FE8E
FFD500B000180092
0058008F010B0040
FEF6016D0027FDF9
011AFF73FF35FECE
0053FF4C010FFF5F
002B00A7FF1A0003
0109FE520081FEEB
FF030183FFC701A0
008C0004014DFFEA
009300B5FFB70039
00650113FFA5FE79
007800820092014C
0222FFF2FF11008D
FFFBFF60FFB8FF4B
FF26006EFF6CFFC9
FFD8FFB0FF450190
FFCD00820076FF15
FFD8FF38FF87FF2A
FE69FFC000D7FE2E
007A003E00AA0036
00BC0156FE1AFF4A
FF6C00D5FF420056
FEB50051FFB0002A
FF02FF72FF450027
015C0012FF1E007A
FF320031FFB7FE93
0052FE7D0107003C
00F4FF9D00C30053
0159FF56FFD7FFDF
FF36000201990146
004100C700980032
FEEBFFC5FF890067
FF3F00C2FF7CFFC0
FFE7FFF9006FFFF6
FFD20036FEF40018
FE340094004FFF07
00C7006E0083FEFA
FFF0FF5EFF7E003E
00BC00C4FFBBFF9A
018A003BFF24FF8A
01A6FFD50081FF69
FFD2001300D3FF97
01D3FF8D0025007F
FF2E00C400A5FF65
016E00BA006AFFF2
00A6020FFEE6FFD1
FECA005BFFA7FFEC
00B2FE34FEC40163
0048FF54FF6300FB
FEE0FFB7002D0028
00BF00C7FFE0FD5D
001C0070FF5B0078
0007FF2000C4019F
00990128002CFFF2
FFA3FFA5FEF20049
FFD90003FE80FE8E
FE9E012BFF0BFF4C
00C4FE23000E00CA
001EFF63009D0039
FEA3FF59FEE30070
0053FF37FE40001B
FF06FFE600C10085
003FFF13FFE90103
FFD2014DFFEDFE9D
FFA500A7FFA70022
0068005800CD0018
FEBD0157000BFE05
00C7FEC6FE97FEE7
00A3FFDB00B2FF1B
001B0089FF7BFFDA
00E2FE510091FF09
FF3001FBFF8D0174
00430011016EFFF6
009000FAFFEF00D7
003C00F20043FE97
009200C2009D00F2
01FCFFD8FF0100BF
000AFF48FFFFFF4A
FEC70067FF83FFB3
001AFF86FF7F00F5
FFD400B0008FFF09
0024FEFEFF69FF09
FE54FFA500D0FE7E
0016004A00BBFFEA
00BF00C3FE32FF7D
FF6400D1FF9300C6
FEAD0079FFD30002
FED2FF38FF880005
017CFFF8FEE800A5
FF420028FFB9FEB5
FFFCFEBB00C60083
00D0FFA400F400A7
0163FF7CFFDDFFB7
FF41002401D50173
FFC7008900AB0005
FF0BFF7FFF5D0054
FF1200BBFF81FFA8
0024FFAA003C0026
FF960036FED9FFB3
FE28004BFFEEFF31
00E0FFEA0027FF4A
FFE3FEBCFF68008D
00750113FFE2FF9C
01C6FFF0FF0AFF95
01B4FF6F006BFF6A
FFA6007200B4FF97
0196FF71FFA70043
FECD010800E3FF82
0111009900680040
00B401E6FF13FF9D
FF09FFEDFF7CFFDA
00D6FDDBFEC4018F
0054FE96FF79010C
FED3FF6CFF800018
00D3010D0000FDAD
002C0083FF950084
FF8AFEB200CF0170
00A80189004EFFBF
FFA6FF94FECD0047
000E001CFE1DFE97
FEAB00D1FEA1FF3B
0104FE200012010A
001BFF8D009D000E
FE3AFF5AFEA80015
002DFF51FE6E0033
FE98FFB000FA005F
0032FF31FF8B0129
FFE201880030FF12
FFA80059FF78FFEC
00A8004B005F002E
FED90150FFDBFE58
0070FE43FE08FF45
00CC00BB0039FF35
007300CFFFEDFFB8
009EFE450075FFA9
FF3D01EFFF600161
FFFFFFDA0158FFF8
00810141FFBE0141
FFE100F9006EFEBA
00AB00D5008C00D2
0230FFB9FF7A0087
FFE8FF9900A9FF56
FE370066FFA6FFCB
0000FF2CFF7A00F6
FFFA009000A9FF3F
001AFEAFFFAAFF0C
FE19FFE100E9FE90
FF76003400ADFF6D
00680045FE73FFB7
FF6900D2FF8A0108
FEC6008E00010008
FED0FF71FFA3001A
014EFFE0FE9D00DC
FF720018FFAAFEEB
FFB3FF08007800D1
00E0FF8D011D00AB
0131FF88FFDCFF89
FF69008101F5016B
FF76003800B8FFEB
FF63FFC4FF84000A
FF0F0071FF5DFFC3
0030FF5000250058
FF900009FED2FF9A
FE38FFDAFFF9FF70
0118FFC6FFFFFF6F
FFB9FEB5FF5C00EC
004E01400015FF86
017BFFF3FEB9FF85
01B3FF720040FF5C
FFA300430086FFAB
0169FF6FFF21FFD6
FEBC011600BDFFAE
0096007000510076
00B401E9FF59FF92
FF26FFD8FF61FFBA
00FCFDD1FECD0185
0084FE76FF810124
FEDBFF3BFF41FFA9
00BE0140FFF0FDE9
FFDE00A7FFC6008D
FF30FE9E008F0185
00D601B30045FF96
FF6AFF6FFEF80021
00450071FE34FE71
FEC8009BFEA6FF04
0113FE2B004B013F
005DFFA100C7FFD3
FE13FF86FE4E0014
FFF1FF5EFE97002D
FE61FF6C00C60071
002EFF57FF6C00E3
FFBB01920042FF3E
FFF20049FF59FFB2
009C00280019002B
FEF40118FF91FEB8
0048FE21FDC8FF5D
012D0146FFBBFF40
007F0084007DFFBE
006DFE65003D000A
FF5E01C2FF640133
FFCEFFE8011EFFC5
00850163FF8D016D
FFA900EA00A6FEA7
008B00EF00A700E0
0205FFC3FF9F0084
FFF6FF73010DFF65
FE2A007DFFC6FF78
002AFF17FF9900E5
002C003E0085FF78
0010FE7DFFF2FEF3
FE29003F00C5FEB1
FF3D003E007CFF45
0019FFBEFE76FFFF
FF6400ABFFE60159
FEDA00B500100020
FF05FFB3FF720006
017CFFE9FEAB00FA
FFA90020FF9BFF1D
FF8EFF750071011D
0098FF63012700CD
00E6FFB0FFDCFF8A
FF90008C01FA015B
FF83FFFB0090FFDC
FF7EFFE2FFCEFFC7
FEE7004BFF7DFF8C
0046FF7A002C008A
FF8F0008FF20FFA6
FE87FF95002CFF94
0137FF7BFFD7FF2C
FFABFEBBFF6A011C
003A0187001FFF95
0148FFD5FEA5FF5F
0178FF270044FF9A
FF440053004FFFF4
00F9FFA2FEC7FFCA
FEA400EE00E1FFE8
003C0078006100B2
00A901B7FF76FF85
FF53FF89FF70FF91
010CFDD1FEC401C8
0053FE14FF720132
FEFBFEF6FEEEFFA4
00B901800048FE3A
001A0090002A0082
FEF9FE410082016B
00EC01DF007BFF93
FF52FFDDFEFE002B
0056007DFE04FE75
FEDD0015FE8CFF18
010EFE52FFFA0135
0064FFF000DDFF7F
FDD9FF4EFE85FFD1
FFC2FF9EFEE3003A
FE50FF5800E7004D
0036FF5AFF230147
FFB701E70084FFCC
FFF8001FFF3CFF7A
00B80015FFF40031
FF1500F3FF75FF09
FFE3FDEFFDAAFF67
018301C2FF3DFF60
00C300A300E2FFB4
004BFE5E00440053
FF1D0192FF8000D9
FF80FFFE0114FFB1
00650185FFD70194
FFCC00FA00DDFEBD
00B301120084009F
020BFFB7FFC00046
FFD8FF950165FF35
FE080049FFE3FF82
0010FEF6FFC6008B
006C0069006FFF68
003DFE86FFFFFF1F
FE66007300B4FEC9
FEB9004000C1FF14
FFF1FF72FE830091
FF8E00D2FFE80199
FECD00F70029FFE3
FEF2FFD5FF9E0025
0161FFF1FE8C00EC
FFAE000FFF90FF30
FF36FFCC004600F6
009EFF5E00EC00CC
0098FFB0FFE6FF88
FFC600B601C1010F
FF54FFCA0065FFBA
FF98FFC7000CFFAE
FED2002FFF78FFD5
0089FF30FFEA0080
FF9AFFF1FF30FF7B
FE97FF570025FFA9
015FFF7AFFEEFF70
FF3FFEACFF5C0159
FFC801A50033FFBA
0133FFBDFEC3FF24
014EFF10FFFCFFAF
FF5C00A9FFEAFFEA
00BFFFEFFE6EFF94
FEA600D60119002B
FF9A0058007A00E4
009401A2FF7FFF21
FF93FF4EFF66FFD4
013DFDBCFEF701AD
0067FE1CFFAD00D8
FF3CFF2AFEA6FFA3
00E9019E0027FEC7
FFF500F1FFF800C1
FEA4FE9B00400166
00E9020E002FFF8E
FF56FF54FF150017
006C006EFE20FE78
FF49001FFE75FF0F
00F4FE88005B016F
006E002E00E7FF77
FDA6FF6DFE61001B
FFA4FF84FEB90023
FEA9FF4800820036
0067FF94FEE200F0
FF7C01D700760013
0039FFE9FF31FF45
00E20028FFA00017
FF3B00C7FF40FF8C
FFB6FDD5FD54FF88
01DD01CCFF00FF88
00AC0088011AFFCC
0064FEBD001C00F4
FF8E0191FF5C0095
FF54FFD600F7FF7E
007C019DFFC5019C
FFAE01120106FEDA
009A011700870098
018DFFC0FFB90012
0023FF65014FFF8C
FDD20038FFE2FF9C
004BFEB70016005D
00530033002BFF62
0056FE8D002CFF47
FE5700E9008BFF43
FEB2001C0083FF16
0030FF36FE77007B
FFC800C0000501A4
FEEA015F001FFFF9
FF01FFC5FFC10033
0155FFC1FE690169
001DFFEBFF99FF56
FF20FFA1004100ED
007EFF8B00E600EF
009EFFD1FFE3FF4E
FFA700A901D50103
FF2BFFDB0053FFD8
FFB9FFFD0023FF66
FEEAFFFBFF670006
0086FEDFFFE50094
000DFFFEFF1FFF53
FE83FF68004BFFFF
016DFF26FF92FFF4
FF69FEC5FF6D0148
FF8A01A10053FFAF
011FFF63FEB0FEFE
0102FF27FFE2FFCC
FF4E00E2FFFEFFD7
006B0039FE47FF5A
FED600E701210073
FED8002600530126
008A013DFFA0FF7A
FFC7FF07FF26FFB5
0182FE0CFF160195
00B1FDF0FFDF00BC
FF9BFEFEFE6FFF69
00B301E9FFF7FF40
FFDD00C400130106
FE97FE600002014B
00DD02650042FFA4
FF47FF7CFF17FFC5
006E008BFE56FE7C
FFB7FFB6FE9BFF3B
0127FEFA0018012B
00E7003500F0FF22
FD59FF52FEA60037
FF76FFCEFF34006A
FEDBFEFE007B005B
007EFFB9FEF800A2
FF4A01A6007D00DA
0069FFB2FF61FF37
00F20006FF680007
FF5D008FFF4C0006
FF68FDC2FD48FFAF
01C502A5FEA0FFE5
00F6009D0178FFC1
0012FF0600120167
FF8B0137FF7F0055
FF0FFFD400F8FF51
007F016900110190
FFE200C200DBFEDC
00A7015000790074
0172FFD70019FFD9
0052FF5E0156FF8C
FDD40014FFBBFFA3
0032FE5000610055
00530045FFEBFF50
007BFE7C0086FF5D
FEBB01220081FF63
FE9C0057002DFF1F
001CFF14FEA70121
FFC800A100340189
FEFF018500630014
FF29003000180056
010CFFAFFE670134
0087FFD7FFA4FFBC
FF16003600270113
0038FF4A007B0056
0049FFF1FFF3FFB0
FFEB0070017400D4
FF46FFB2001DFFF7
FFFA00890039FF1C
FEC80009FFB1003A
00C4FEDFFFA50060
00280015FF19FF3C
FECEFF350070008F
019EFF03FFC30025
FF7CFF05FFC20179
FF300181006DFF8D
00D1FF5FFECCFED3
00BEFF00FFE8FFF4
FF3800C9FF7CFF8C
001D0063FE59FF69
FF3E007F00D5008B
FE2B0025000300AE
00BD01000002FF50
0018FEC7FF0DFFDD
01ADFE4CFF450189
00BBFDDBFFDFFFE0
0032FF18FE84FF92
00D30224FFACFFA2
FFB900D0FFD20108
FE62FE75FFEC00BF
00D702E7002FFF98
FF59FFA6FF22FF99
0079006BFE42FEFF
0031FF4DFEC9FF62
00CBFF3E003E0183
010600BC00D9FF42
FD44FF27FED60049
FF400026FF6D0067
FF3DFEC400820030
00570022FEF1008E
FF19019B00980127
0047FF84FF97FF0C
00EE000DFF0A0016
FFE0006EFFC10037
FEE9FDBCFD71FFA9
02150312FE5BFFF2
008C006401AEFFDD
0005FF5D0033018E
001F0143FF490037
FF33FFD400C7FF54
0069013EFFFD014E
0007010400BDFF28
00A7011A00160093
0112FFE6003BFFF6
0096FF72011FFF8D
FE370014FFB4FFBC
FFFEFE0B0094FFAD
0043006AFFA2FF3E
00D8FE8900E0FF81
FE56013C0058FFC7
FEB700880020FF7D
0049FF24FEAB0152
002700D6004A012A
FEE701B800AC0002
FEFD0013005F005B
00B9FF77FE530130
0094FFC1FF59FF99
FF45FFF000230111
0020FFDE005C007C
0038FFDCFFD0FFAB
FFD50072011B0043
FF23FFA6000BFFD7
001F00C70069FEFA
FE8EFFE0FFCF00BC
0098FEA4FF80008B
001BFFC8FF27FEF1
FE9AFF32008400FF
01B1FEFA00080094
FF6DFF1FFFDE018F
FEA6018E004EFF57
00AEFF4DFED4FE9B
00A0FF3EFFE9FFC9
FF4D0105FF29FF80
FFF600C1FE7BFF45
FFDB009700D200DF
FDBBFFEAFF8B007E
009900AD0002FF6A
005AFEB1FF0C001D
01E4FE4BFF740161
006CFE2E0052FF9F
00A1FEFAFEDAFF8E
00D10243FFAA0012
FFCB00ECFF8D0133
FE6BFEBBFF8100A9
00C00303FFFCFF7C
FF78FFC6FF69FF6D
006F004EFE78FF0E
00A3FF17FEA9FF6D
0086FFD8003E018B
014800C900C5FF2C
FD3AFF0EFEEA004E
FF53003BFF580060
FFEBFEE3007A003A
008D005EFF060078
FF2200E7006E01C8
00A5FF61FFB1FF4E
0115FFD6FEE90012
00700022FF9500D4
FEB3FE15FD8AFF8A
01DC0339FE58FFE8
008C0028016DFFDD
001FFF6B00A101DA
0081010CFF84FFB8
FF22FFFA008DFF16
0091012A0051011C
007200FD009BFF1C
00A60127001F006C
00A8FFF700550008
00D4FF7800B8FF72
FE46FFE2FF33FFEC
FFBBFDC40087FF82
003400A2FF73FF24
00BEFEBD00D5FF79
FE830155003B0004
FF06006FFFEDFFE8
00BEFF2EFEE5018B
006E00F300010100
FF11019100C50018
FEF00029009D00EB
0076FF5FFEA60141
013AFF7EFF72FFB8
FF1D004200610119
0086FFEB001B003C
FFA9FFC0000BFF94
0051001C00A80064
FF8DFFB600130045
003E01360042FEE7
FE96FFB9001D00E7
008CFE7DFF78007A
00D30009FF0EFEDB
FE95FF52004A0140
01BBFEFE000400AB
FFBFFF8EFFC9017F
FEAA014900A5FF47
009FFF2CFEC2FE99
008BFF580005FF8E
FF1800E2FF27FF88
001900EDFF0EFF1F
008A00A900E10101
FDAAFFC2FF3F0063
006F00260022FF86
007BFEC7FF03000D
0238FE5AFF8F014C
004AFE7300A9FF31
00F5FF4BFF36FFC3
00B10212FF8A00D3
FFE000B9FF61015C
FEA0FEAFFF1E0042
0083031CFFADFFBA
FF7F0018FF84FF24
002BFFDCFED1FF56
00D9FF10FEC6FFED
0091004E00210131
01B6008E003AFF2F
FD5AFEEFFF2A0036
FF91003CFF4D004E
008FFF050086000D
00BC0051FF1A0056
FF15004B00890246
00DFFF6A0016FF78
010EFFFDFEEB0035
00AFFFF1FF90016D
FE5CFE7BFE17FF6B
01820374FE520028
00C10030014C0004
0029FF70011E0220
00A900B9FFBAFFDA
FF28FFC500A9FEE5
006A00C5006900C7
006A00C0FFE7FED2
00900126FFF60044
0081002600BCFFA6
00EFFF820020FF2C
FE64FF91FEC90017
FF81FD490083FFAA
001F00C9FF24FF0B
006CFF13010EFFD9
FED60117006C0048
FF3B00ACFFAA0051
011FFF92FF7501E0
00B50110FF960072
FF2701D600AC002C
FF65004A00BB0100
FFF4FF36FEE2014A
01B0FF8FFF92000F
FF470013005200F3
00D70008FFB1FFD8
FF5FFF980034FFAA
00B1FFFA00310059
FFBD003900220083
003801DC0026FEDB
FEA3FFA600190115
0088FE6AFF970073
013B0038FEB8FF32
FE9CFF98008D0193
01C4FF40000200E7
0005002DFFC10150
FECD00B200D2FF08
005EFF26FECDFE8E
0087FFAD000DFF3D
FF4F00A3FF2DFF3B
005200E7FF6DFF12
014100AB010000EE
FDC5FFAAFF04004D
0084FFEC0032FFB7
0091FEE2FF10FFDC
02A4FE64FFFB00F0
0040FED000C7FF37
0158FF2CFFA2FF88
00C0022DFF70011B
FFC900B0FF250186
FED6FEE4FEC9FFD0
00660326FF51FFB8
FF73003AFFDCFEAD
004AFFECFF0FFF88
012AFF16FEF8FFED
003300D9001200C1
02110060000CFEED
FDA7FEC5FF2F005A
FFA00047FF76008B
0119FEF300660016
00AA0095FF910042
FF18FFED0075028B
0115FF7F0057FFD9
01150050FF2B006D
00D2FFD6FFAB01B6
FE40FF2DFEA6FF7E
012C030FFECC0027
00FB001800DE0025
004DFF85014E0213
00A800890014FFF6
FF54FFC40074FEB2
009500610052007D
009900DEFF7DFEC2
007200FBFFF0001F
0064006600B7FF8F
0129FF7DFFF4FF3F
FE9DFF85FE5C0003
FF58FD39008DFFDC
000A010CFF08FF08
0066FF700112FFDA
FF13011200580021
FF45009CFF7C00FE
01390001FF9201D3
00BB0129FF7AFFF5
FF60018600750022
FF68005D00C10120
FFA6FF35FF6D011E
021EFF6AFFD50024
FF8A0020006F00B1
0110FFDAFFA4FF88
FF2AFF5C0031FFC1
00D1FFC7FFD00000
001E0066004800BE
000C0287FFFCFEF1
FEBFFFA50023010E
0065FEB9FFDE004E
01A9006BFEA0FF80
FEAAFF9600960160
020BFF640045008B
002F0072FFF50105
FF33005A00F7FEE4
0003FF6BFEE4FE9A
006DFFC6002FFEF4
FF3A007EFF37FF3A
002E0117FFE0FEC9
01D60099010100DA
FE40FFCFFF320081
008FFFFC0028FFD3
0083FF6AFF5AFF73
02A5FE8C003B00CE
FFFCFF7600E2FF05
0192FF54FFD8FF89
009D01C9FFBA013B
FF91003AFF140177
FF08FEE8FE63FFB3
006F02BEFF2DFFF0
FF4E005AFFF6FE95
0027FFCDFFA5FFC5
0129FF5CFF1B0028
004401150020004D
02530020FFC1FEFF
FE14FEDAFF1A0042
FFA70001FF6E0082
01A7FF4200220004
00A2000B00230012
FF1CFF6B0048024E
0118000A00830005
00EE0042FF0D008E
011DFF8FFF8F0206
FE74FFADFEFBFF17
010802CDFF18002D
019F000B0096004C
0044FF8D01570208
005C00350096FFFB
FF98FFC90076FE64
008CFFF7005E0015
00390098FF25FE87
003A00F0FFCB0011
0014004600EAFF62
00FAFF65FF97FEFF
FED3FF37FE5CFFEA
FF84FD5200880044
FFF800D8FF18FEFB
0026000600F7FFF5
FF8A00FF00680029
FFB200BFFF45016D
0188007FFFD4019B
0107014DFF2FFF89
FFC60193FFF40072
FFAA005E00AE00E8
FF8AFF8B000300DD
0248FF82004E006A
FFD10014006B0089
011CFFB9FF92FF5B
FEBFFF5C00310002
00DFFFEFFFAD0007
009B00C9003E00CC
003B02DC0033FF2F
FEAEFFD0004400DC
003EFF200047FFE5
01C400ACFED1FFE9
FED6000400E2010F
01C3FFA7FFF6004C
005B00E8FFBA00DF
FFBAFFFE00E8FEFD
FFDCFF54FED9FEB2
006B002D0060FED9
FF630035FF57FF39
007700F60054FEDA
027D0085012B00F3
FEC0FF99FF3300B7
005DFFA0FFB60013
006FFFC8FF2CFF51
028DFE71004A0078
FFEE000B0114FF39
017AFF5E0056FF92
00830197FFC2016D
FFD3003AFF150172
FF49FF1CFE3FFF82
002D0259FEFA0037
FF3A004E004EFE57
FFEAFFAAFFFAFF8E
010DFF78FF2F003D
00050152FFF2FFD2
026FFFCDFF67FEAB
FEA5FEF8FF7C006C
FFFBFFD9FF6200A4
01F7FF4E0007000E
00CD001600230014
FF57FEF5002D023F
0150FFFE00E4005E
00CA0095FF5D008D
0110FF5FFF7701DF
FEA8008FFFD2FF2F
008701DDFF9C0075
01A50010FFE60084
0048FF7E018201C2
001AFFEF00A6003D
FFC8FFA20099FE6E
0096FF6C005EFFCE
005F0098FE7CFEB8
004900C0FFB1000B
0036009F00D1FF41
0137FF86FF30FF45
FF28FF09FE0AFFD3
FF6FFD68005900AE
FFDB0123FECDFF1C
FFE3004E00ED003B
FFD800B3005CFFEF
FFE0009FFF4301EC
01B400F0002E015D
0116014BFEDEFF18
FFD8013FFF95006E
FFB6006D007600F7
FF4BFFAA006500A3
0280FF520072009D
FFC3FFD7007A000D
0146FF6CFF50FEE9
FE8FFF3200410013
0106FF95FF8BFFFC
00E7011E00600139
FFCB02EF0027FF55
FF34FFF10043008C
0029FF890054FFA9
01F000F6FEB30065
FEF7004400F000E1
01800002001A0021
00830131FFFD0066
000BFF6300E3FF2F
FFCDFF9DFF19FF22
008B005C007AFED0
FF67FFDFFF98FF19
00C100BF00B7FEF3
02E700740124009F
FF3FFF96FF38007D
0064FFADFFA50029
0056002EFF54FF35
026EFECB00750044
FFDD00640123FF32
015AFF7000AEFF68
009E0175FF9B0145
FFBE001DFEF60179
FFC0FF53FE1BFF61
00180224FED5007D
FF02004B0086FE7A
FFE0FFB1003AFFBF
010EFFC0FF840040
FFE80141FFEAFF73
0281FF84FF52FECE
FF0DFF13FFCC0065
0055FFADFF9E009E
0261FF8500110035
0098000F00740015
FF86FEE1001101DF
0131003C012600DB
00CB00C6FFC9007E
00FBFF88FFAF01DF
FEED00F90073FF2D
003C0128003D003C
0192FFFDFF73008B
007EFF6201970148
FFF2FFDE00E00094
000AFFC70082FE6B
00ABFF2D005DFF62
005A0096FE3DFEA6
004B00D2FFAC001E
006300E500BFFF35
0132FF7CFED6FF20
FF95FF06FE1BFFF2
FF61FD91005B00FD
FFA2013FFED3FF17
FFF1008E00C1006B
000F00760058FF98
004D009EFF340230
01E5015800080113
01360152FEA5FE93
FFD5010EFF910073
FFCB005B00600100
FF32FFC500B4007C
0299FF8400720093
002AFFAC0085FFE9
0122FF46FF4BFEA6
FE9EFF2E00260014
00E7FF4FFF77FFCC
011A01850067014F
FFBD02E0FFDFFF7F
FF63000E0046006E
FFF3FF9D00ACFF4D
020000D3FED700BA
FEF2009D00DF0083
016D004F003CFFFB
00D3014D00200009
006FFF2200CDFF2B
FFBCFFFDFF55FF0C
00A4005C00B5FEDA
FF94FF99FFC1FF2C
00F600590110FEE3
032D004A01190079
FFD3FF7AFF71005F
0055FFDAFF770036
003F0077FF8FFF3C
0228FED70097001D
FF8000D300F4FF4D
0136FFC900DBFFAA
008500DAFF7A00F8
FFC3FFAFFEB90132
0010FFADFDE9FFA4
FFF70183FEA800B6
FEFC003600C6FE95
FFC9FFB6004BFFC4
00E50019FFD7006D
FFF60188FFEEFF31
0254FF81FF45FEFF
FF8EFF80FFC4009D
007AFF9BFFEC00A8
029BFFB4FFF10032
009AFFF000B50013
FFA1FEB1FFD50139
00FF00A2012D00F0
009700E9FFEB008D
00C0FF71FFA4019F
FF20011100C0FEC9
000C007200970030
01B90011FF1D009A
0073FF98015200B9
0001FFF9012600BA
0048FFEF0084FE5E
00B1FED40075FF0C
002D008CFDFEFE7E
002B0097FFB40066
003F00FB00DAFF6C
012FFFACFE6FFF65
FFDFFED3FE200001
FF9CFE1A008F0104
FF9800F6FEC8FF0E
FFAE00D50085009D
005F00640043FFAB
00BE00BDFF3A0243
01FC01910004009D
014D0130FE62FE59
FFCA00E6FF3000B8
0006002B002900A9
FF49FFD000EE0021
0258FFB400AB0094
0074FF8800BAFFE4
013AFF6EFF74FEB1
FE8DFF4100520024
00D0FF66FF5C001F
018201C6003E0144
FF8402BBFFF1FFE1
FF760084005F005A
FFF1FFD90114FF2C
01EC00A4FEEC00CF
FF2800EF00DF0064
00FF009CFFF3FFC1
00DC017D0031FFC1
0075FEC700C7FF21
FFBA0022FF87FF3C
0060005E00C9FE82
FFE2FF5AFFBEFF5C
0108006D0159FF61
02FA002600DD002A
0064FF78FF910048
0018FFCCFF520033
FFFC00BEFF9EFF0A
0206FF4A003F001A
FFBB01280104FF8A
00F7FFCC0124FFD8
007F00A5FF9700E4
FFB1FFC9FEDA014D
007EFFC0FE46FF78
FFB70102FE8700C0
FF01003B00A8FE91
FF7EFFBE008FFFAB
00CC0050FFE9005B
FFE700ECFFB4FEF7
0241FF18FF3BFF05
FFEEFF8CFFE50090
0073FFCFFFB3009F
0283001AFFCB0041
0095FF9700C5FFCC
FF9CFEC6FFF00110
012100C6010000E5
00570136007A0077
0099FFA00013012F
FF6401890117FEFD
FFBEFFCB00FE0019
0193FFE2FE9D009A
0099FF7001520036
FFF1000000F90104
006AFFA400E6FE82
0094FEC80020FEF3
001A0066FDF8FE6B
0045008BFFB50046
005300C2008AFF82
0102FF5AFE32FF1E
0019FF1BFE49FFF0
FFB6FEAE00530152
FF6D011DFEF7FF04
FFC60111007E00A8
007600020047FF85
00DC00ACFF370247
01E501E9004C0056
01000137FE98FE23
FFE800D9FEFB00B0
FFFC001000130077
FF8BFFD50115FFF2
0227FFC500A30097
0090FF64009CFF71
010EFF7CFF84FEB0
FF01FF35000D0062
00AFFF20FF5AFFEF
016501FB0075015D
FF3F0266FF860033
FF9C007500210010
FFA7003800ECFF0B
018700B2FF0F012B
FF21010A00DB0026
00E300D6003DFFC7
014A01500025FF76
00C9FEBA00ACFF4B
FFC9008DFFF8FF66
00BE003D00B9FE84
FFD7FF34001DFF5E
015EFFFF0198FF95
02E3003600D0FFBE
00DFFF5AFFA2FFF0
001CFFD5FF330031
FFC80109FFC6FEFA
01B0FF3A00520016
FFBD011600DEFFB5
009B00040125FFD1
009D0075FF9A00B1
FFC1FF9CFEE20121
00C0FFDDFE50FF85
FFCD00CEFE6000C4
FED8002200ADFEEF
FF85FFBB005DFF91
008C009DFFE30069
000100A2FF8EFECB
0217FEECFF28FF3A
FFFDFFC5FFD30056
00B4FFA9FFDF00AC
025A004B0020005F
007EFF9500C9FFBC
FFD4FEE7FFE800B4
00EF00F100EA013B
006B014900D00086
002CFFDB001800C4
FFAC0179014CFF11
FF54FF690175FFFE
015B0006FE89008E
00AEFF6D0135FFEC
FFD1000300FB0157
00A7FF7F00C5FE97
0096FEB3FFE3FEDE
FFF6006CFE16FE33
003D008AFFB7005A
00A800E4009DFF89
00DFFF9DFE35FF08
0015FF1BFE660009
FFB6FEF20051018F
FF42012DFF10FF08
FF810128001100B8
0080FFC5006CFF83
00F000BCFF5D0200
01CA01D800430026
00FF0119FE6DFE16
FFE400B0FEF3007E
00420000FFF20078
FFB2FFE0012EFFCD
01DBFFEE00A8008E
0099FF2E00A4FF9D
011BFF80FFB8FED4
FF35FF1500440043
008CFF28FF93002D
0163022B009C0158
FF0A0233FF65004E
FFCD008D0011FFD3
FF8A0061012BFF07
0186009FFEED015B
FF23012800A4FFD8
00C800F2002CFFB7
015101380015FF68
0112FE9200ACFF3A
FFFD00CB0030FF52
00AF005600D0FE73
FFD2FF3D0034FF61
0148FFF201BAFF67
02D9003B007FFFE8
012FFF8E000CFFE8
FFCFFFFDFF25002D
FF94016EFFDEFED7
0166FF4800350008
FF94012800DF0039
0044FFFE0185FFEF
0091000DFFB20049
FFE5FF8DFEF80101
00D00021FE7EFFDF
FFD60060FE7600BB
FEEB004D0083FEFD
FF59FFC500A7FF90
002300BF001E004D
0011005CFF83FEF9
01B1FED9FF04FF4C
0048FFF3FFF40062
00C9FF92FF970083
0249007200400059
0077FF9C0108FFA0
FFE5FF12FFB7002E
00EF012B00E90141
0024012600DF0082
003A000C00200047
FFC40194017CFEE1
FF5CFED801B4FFF2
0160FFF3FE22008E
00AEFF480119FFBA
FF7E000D01000175
00E3FF5A00FAFECC
0098FF0AFFD4FEF6
FFF30061FE49FE67
006C0076FFDC0063
00B2008F0013FFC9
0085FF76FE42FEEC
00A2FF1DFE6FFFEF
FFC6FF440020017E
FF520108FF1EFF35
FF6A011FFFF5009D
0050FF6B006AFF71
00E600AAFF8C01BB
017101F10030FFC4
00B1013AFE90FE30
0013006EFEBA0069
00250018FFE4006D
FFC7FFED0135FFDC
0194FFF600C00061
005BFF0D0099FF67
011EFF96FFC4FF16
FF61FF1700510046
0058FF30FFDE003F
0175020200A9011F
FECF019CFF2500BC
FFF5007D0030FF59
FF970082011DFF1A
011400A1FED70168
FF3C01240080FFBD
008600DF0034FF7F
01600111FFCDFF15
013FFEAC00C3FF8B
005000B20065FFA8
00FD003100F3FE61
FFE5FF350045FF7E
018CFFD00186FF90
0279003D0082FFBF
01BFFFB60072FFF9
FFEA0073FEBE0013
FF49017E0037FEE9
0116FF2DFFEA0053
FF8F011C008D0089
FFDEFFF301860007
009BFFDBFFFFFFC5
0033FF8CFF1900BD
00FB000DFED40056
FFC70027FE9E0098
FEF500230045FF7C
FF55FFDB0071FF34
FF850103FFBD001E
002BFFF4FF88FF2F
0145FEB1FF36FF7E
0022FFDBFFFC0057
00F1FF50FEFF007A
01E000A20070004A
009EFF4A00D9FFEC
FFFFFF52FFD4FF92
00DA013F008E014C
0026011701380057
FFE700550032FFB3
003A0155012DFE9E
FF70FE3901D5FFD8
0127FFFEFE0F0076
00FAFEF300ABFF63
FF24005000D301AE
00E1FF750111FEFF
00C3FF77FFC5FF20
FFF0006AFEA5FE11
007F007A001D0092
00F40064FFC20037
0063FF47FE62FEF1
004FFF3DFEC3FFEF
000EFF95000801A1
FF5100FAFF5BFF39
FF62012AFFB40092
002BFF51007FFF3D
010B006DFFF10164
017D01DAFFD3FF77
0079015BFE7CFE9D
FFDE004FFE91004A
00040022FF840043
001DFFF601270002
0130FFE700C10003
0058FEC300B0FF4B
0119FFAC0048FF59
FFD3FF24004E000D
0020FF2A003B0090
017301F900A60100
FEA50121FEFF0100
000C00A6FFEDFF43
FF9E008E0127FF07
00D600AAFEC20173
FF30012C0045FF4F
0030012A0044FF72
013700E2FF95FF24
014AFED700D6FFBD
00E200AF0048FFAE
00CC002500C2FED2
FFE4FF050081FFD7
01ADFFB4014AFFE7
02040028006BFFAB
0226002F00600073
FFBC00CEFE9C0056
FF1801C0001EFECA
00CBFEFBFF9E0076
FF9D00F9005800E2
FF4BFFCF0132FFF5
0067FFC80092FF6A
002DFFC2FF7700B9
00F8FFF2FF260074
0002000CFF16007B
FEED0029FFE3FF85
FF320009004EFF0D
FF1900F3FF98000A
003EFF74FF74FF41
0161FE86FF42FF6E
0019FFCDFFC60068
0102FF43FEBA006B
017300BD00760092
006AFECC009D0046
0027FFD3FFCDFF29
0097016F005A00E1
003E010901610034
FF930075002FFEFF
0076012500E8FEBD
FF71FE3601F3FFA6
01500011FE300086
00DFFEBD00A5FEE1
FEBC005D008B01B4
00D1FF4C0150FF07
009AFF62FFCEFF78
FF9A0046FEA3FE54
00A600AA000B00C7
016C0085FF52002F
003BFF61FE8EFED0
004AFF3AFEEBFFC9
0020FFE1FFEA01A7
FF780124FF8EFF21
FF51010DFFA8007A
0024FF580075FF09
00EC0080FFFD011C
016001D9FF81FF7E
004B0158FED8FECB
FFF20048FE67003E
FFE7FFE0FF72001A
0044004500B30006
00DA001C00B8FFC1
002CFEAC00A2FF1B
00E8FF960071FF57
FFF5FF770030002D
0018FF6000B200B4
016301F400A000ED
FE7E0076FF2C00EE
FFFB00A7FFE8FF08
FF9F00C300F2FF0F
008D00A3FEEA012D
FEFB011E0065FEFE
004B00FC003AFF4B
00ED004BFF94FF20
011DFF460082FFD7
012700C80068FFBC
0143FFF200BEFEF4
FFB7FF5E00A9FFD2
0162FFC20101FFAC
0148002B0044FFA9
02200077012E0050
FFCF0167FE540013
FED401A10037FF25
00AEFECFFF1A00DE
FF9F00C3001900F9
FF10FFC40113002D
0072FFA20072FED4
007BFFA1FF22006B
0111FFB8FF860141
00040022FF28006B
FEF90017FF64FFD1
FF38FFD70027FEC1
FEBF012BFF79FFAD
0074FEEDFFA8FFAC
00E5FE85FF8EFFB9
FFBEFFC8FFD20060
00C9FF1CFE570068
00DF00B600710020
00C8FEDF008100A7
FFF80037FFD7FED5
00590160FFFD00C3
004600CF014E002D
FF8A00AF000EFE9E
00CB00930034FE45
FFF3FE3E019DFF9F
00D4002DFE720071
0116FE96004AFEF2
FE7A00F2FFE501B6
00DBFF7C01A0FF28
00BB001CFFE1FFBD
FFB00066FF3AFE0F
00C500AE006E00D5
01560026FF1100A2
FFE8FF3DFE8CFEC2
0009FF8CFF37FFA8
0051FFCDFFE70181
FFA400BEFF9BFF00
FF7E00BCFFAA0059
FF8AFF600069FF01
00F2006A005E00A7
013F019DFF2FFF3D
002F01A9FEC5FF5F
FF830062FEAB0012
FF72FFECFF750006
00EA00300083004C
0089FFC20081FF46
FFD5FE9400B6FF49
00E1000000C3FFDD
0024FF390012001C
FFAFFF70012D014F
00EC01AA0098008C
FE740028FF090141
FFC700FFFFE7FF25
FFD400AC00CFFF1E
002C007BFEBB00E1
FEE6011D0023FF00
FFFF00F70026FF67
00A2FFE7FF5FFF86
00D0FFA400A1FFC8
01C300850037FFD8
013AFFC6009CFEC7
FFA4FF2500DA0020
017EFFE20082FFA5
00E5000EFFFAFFB3
01E700A501360077
FFE3019DFE36FFF6
FED401A30015FF22
00CFFECEFEDC00F1
FFAD00A1FFDB0106
FEC7FF9D00BC0022
0088FFAD0077FE8F
0051FFFCFF730090
00A0FF9AFFD401A0
FFE4007BFF8C003B
FEE3FFD2FF46FFDC
FF1AFFE0FFBCFE54
FE870134FF5CFF6E
00B1FE51FFB7FFFA
00D5FE9BFFEDFFBD
FF8AFFC3FF9E007A
0092FF1FFE4C002E
0067006900A30057
0083FEA0008F006F
FFFA0066FFE8FE8A
00480153FFB70084
0030009701520017
FF4700C60058FE2C
00B70037FFEAFE70
005DFE840167FF91
00E1002BFECF0035
00EBFE66002FFEE7
FE8B0125FFB7019D
00BCFF8401FBFF46
00CF004DFFDF001A
FF6F0082FF91FE16
00BA00DF009C00EC
0195FFFFFF1700E3
FFC0FEDEFEF1FEB1
001CFFC6FF68FF69
007EFFFCFFF60137
FF9700CFFFC5FF2A
FFCB0048FFF40050
FF6DFF50007CFF0D
00D200670048002C
011B0149FF16FF51
FFFD017BFF16FFCD
FF9E005BFE910028
FF7BFFB2FF5BFFBF
0112004A00390048
00680029004DFF5A
FFE7FEA900B1FF9C
00B4FFE6011C000B
0079FF7C00040039
FF85FF6E01640178
00BB016C00A4006C
FE4DFFC6FF0C013F
FFC90108FFE6FEB9
FFEC00AD009DFF51
FFA00061FEBF009C
FED700CB0026FF50
001500CC000CFF5B
008FFF75FF3DFFC2
00C1001E008E0001
01A9005F002EFFC1
011EFF9300A0FF21
FF86FF4500DA004A
013B000C0010FFBA
0050FFFB0008FFB5
018B00D601A5006D
FFED01EFFE7AFFE8
FED001460012FF33
00C1FECCFE6F013C
000FFFDEFFBF012A
FE82FF90004C0031
00B0FFD100B2FE66
0093FFF0FF9A0059
00B3FF59000801E8
003600DCFFFC0028
FF0DFFF0FEDF001C
FF40FFC6FF40FE37
FE3700DEFF30FF71
00C7FDD1FFD3005A
0062FEAA0023FFE8
FF1BFF8BFF9E004A
00A0FF0EFDEA000C
FFDF006300C20038
00A4FEA8003F00D0
FFFC01090000FE5F
002F014DFF67005A
0057004D01280026
FF4D01100016FDD9
008EFFCBFF3BFE5D
009EFF2300D4FF74
0091001CFF5F0027
00C6FE3B0007FF1A
FE880158FF320188
008AFF620217FF67
00A400BFFFF7008E
FF6B00B2FFD2FE15
00C800EE009A00E7
01A3FFDEFEB900D6
FF79FED8FF36FE94
FFCBFFDDFF56FF8E
0093FFBCFFE900D9
FFE200BEFFF9FF0E
FFD60014FFD60005
FF14FF570093FF4B
007A0059008CFFC3
00EC00E3FEDBFF87
FFE20170FF4C002C
FF6200BEFEE90009
FF20FFC1FF91FFC8
01460052FFC900A1
001800320038FF11
FFAEFE9B0092FFB9
005FFFFE01340080
0092FF99FFF70072
FF8AFFA2019401AA
0040012500BA0000
FE6CFF52FF1100F7
FFAB00ECFFD0FF1C
0029008E0058FF4E
FF7C0066FECA005A
FED700960021FF3A
FFFE007C002CFF95
0030FF0DFF400020
0056009000A1000F
020B00390025FFCB
0144FF1F0032FF6E
FF7BFFA600D50016
0112FFBBFFB1FFCE
FFF3FFF8FFCCFFB3
00F50103019E004E
FFDA0204FE8CFFB8
FEDF01060030FF6F
00AEFE99FE3C017F
FFEFFF4CFF7D0114
FE7FFF6B0039001E
009E001200E2FE66
0081002BFFB70040
0052FF74004801D4
003E00C50006FFD4
FF37FFFBFE8D0044
FF710022FF0DFE4E
FE2400A5FF07FF62
00C0FDA8FFCE00C4
001CFEFF004AFFEC
FEC4FFA2FF5A002E
005CFF3CFDFB0017
FF90000B0107001D
0089FF00000B010D
000A01450014FE8C
FFE60116FF0FFFEC
006DFFCB00E10023
FF3D0127003DFDA9
0075FF44FEC8FE93
00EFFF94007FFF81
00680056FFDF000D
008BFE62FFE6FF36
FEB2017CFEC9014B
0089FF340212FF7A
008B012AFFDD00FB
FF5E00A30061FE47
00F7011B008100E4
019EFFCDFEA60102
FF67FF23FF9CFE8D
FF9F0022FFA2FF73
006AFFCEFFD20052
FFE200B6FFF9FF2A
FFEBFFE5FFEEFFFF
FED3FF760071FF87
0012008500B1FF2E
00780062FEE6FFDB
FFA8019FFF8C008F
FF6800B7FF23FFC1
FF21FFF3FFB3FFD2
01830050FF8200AF
FFF3000A0003FECD
FF6EFED6005BFFEC
007D0058017800CA
0088FF80FFF60036
FF30FFFC01A8018E
FFF400B800A9FFC2
FE8BFF32FF1C00F8
FFA000D60007FEFB
0033004E0016FFE0
FF3C001BFE9DFFAB
FEB6002E0000FF72
0033001C005BFFAF
FFD9FEFCFF3F0063
FFE700EB00CEFFDD
026C001BFFFCFF98
0120FF040016FF9E
FF4AFFE30109FFE8
00F1FFA8FF28FF52
FF730023FFF6FFC3
0048012501C0009A
000C022FFEAEFF6E
FF1900B20009FFAE
011BFE97FE7B0189
002CFED6FF5800F8
FEADFF44FF96FFFC
00B700670078FE60
0063000FFFA9007E
FFDCFF50008D0225
0050015D0063FFA5
FF4CFFBEFE830041
FF920014FEE3FE32
FE4400A5FF06FF4F
0109FDA000350114
FFFEFF6800BCFFDD
FE64FF77FF130053
000CFF1AFE09FFD9
FF37FFA50135FFEE
0093FF14FFEA010A
FFE7012F0032FE74
FFB500E3FF03FFB1
0076FFCB0094000E
FF32010C0009FDF9
0018FEB4FE2BFEB1
01860059FFC7FF5D
00690077006DFFD9
0048FE71FF92FFAF
FEC301F4FEC2014C
0056FF620217FF87
0098018E00030122
FF5900DC0091FE4C
00F3014C00A800EB
01A7FF9BFEC8013F
FF69FEE80016FEED
FF75005CFFDBFF6C
005BFF540000001B
000600830010FF26
0022FF3E0037FFCD
FE9DFFC6006AFFB7
FFC6004C0093FEFE
0031FFF9FEAC0015
FFB2017BFFC3012F
FF4800EFFF48FFD3
FEDB0019FFE9000E
01960030FF3300FB
FFD7001CFFF4FF2E
FF84FED8005B005E
0059004101AA0125
005EFF8300120020
FF2A001401F3016F
FFBE004F0047FF6F
FEE3FF55FF350093
FF8E00D6002DFF2C
005DFFCAFFE70027
FEFB0025FE85FF68
FEE6000F001FFFF1
0038FFCE004EFFAB
FFCFFEF2FF1000C5
FFA2013B00C4FFCF
0266FFB5FF76FF5F
00FFFEB6FFFE0036
FF3D003700AF000E
00BEFF97FF1DFF84
FF61FFE40005FFC8
FFD4010501700071
FFFC020CFEE2FF80
FF87FFF6FFE8FFCD
0100FE5CFE85017F
0038FE29FF5600D1
FEDCFEFCFF4BFFD7
00C700C200AFFEAE
006D000DFFF2008D
FF94FEF4009701B7
005901EF0069FF7E
FF64001CFE62008B
FFC0004DFE1DFE3A
FE4D0042FEB6FF6B
00F5FD900004012B
FFD0FFEB00CBFFDF
FDF7FF46FEB5003B
FFD6FF6FFE630028
FEFBFF96013CFFE0
00A1FF34FFA60128
FFC50185006CFED8
FFB200ADFEB7FF59
00E2FF8600320048
FF470112FFF2FE1B
FFC2FE25FD6FFF23
018D0132FF90FF92
006A00A300D2FFB9
0019FE6FFF84FFEA
FF4901FDFE94011C
FFEAFF7101D6FF98
008D018E0022013A
FF5E010800FBFE84
00C00145008D00E8
01C8FF94FED9011F
FFB8FF32005BFEA4
FEF40026FFD1FFE7
0017FF5E004CFF80
000D00D80004FEFD
003CFF20002CFFB7
FE79001F0068FFFE
FF4B00690097FED9
0052FF7CFEF40061
FFE0014AFFE5014A
FF6A0102FFB0FF91
FEE10012001E003B
015D002CFEDD00FE
FFBF0005FFF9FF58
FF0BFEE900500087
0070007701B9013E
0045FFC1000C0036
FF64004B01CB013C
FF7A00010024FF7F
FEEEFF62FF57004A
FF4600AA0029FF8D
009CFF79FF800056
FF15FFF3FE83FED2
FEBEFFCDFFE4FFF6
0096FF7800510045
FF83FED3FF24012B
FF0D013300F7FF78
0269FFD3FFB6FF18
00EDFEC5FFBC0078
FF15007A00BF0016
00A1FFD5FEC1FF72
FF26FFFC005EFFF9
FF2F011900E100D3
001A01EFFF20FF79
FFA9FFDAFFD8FFBF
0140FE24FEEB0194
0046FDECFF410079
FF42FF09FEF3FF9D
00C1017600CAFF1A
00530057002A00B4
FF12FEF20067017B
007902320087FF67
FF58FFAAFE780051
0010005FFE20FE4E
FE82FFE7FE94FF6F
00F7FE1800720118
FFF3002F00E7FF9B
FD9EFF13FE96002D
FFDBFF54FE810003
FF33FF58011EFFE4
0071FF76FF650142
FFBE013E0060FF79
FFB7006DFEE5FF3B
0108FF5DFFE50048
FF4E00D3FF8FFEB7
FF86FE24FD5FFF83
01F801B2FF15FF9D
007300B30153FFEB
000DFEA6FFC30072
FF3101B8FEB80099
FF8EFF7C0174FF7C
005F019200470165
FF82010200EDFEAA
00CE0195006E00F5
0186FFE8FEFF008C
0005FF1A00E0FEF1
FE7B003A0000FFE7
FFF5FEDF004AFF82
001600D30014FEFE
002BFED40051FF97
FEC700760063FFFE
FF0A003F00B1FEA4
0056FF0FFEE900D3
0001012FFFED0197
FF690138FFC5FF95
FEFE004F00370085
013B0048FE9F0146
FFF9FFECFFE3FF95
FF44FF25002E00A7
007E004901790136
0047FFE7001D0029
FF7B00A801C700E4
FF6BFFE50009FFB0
FF44FF6AFFC0FFB3
FF5300410020FFBC
0098FF2AFF5F0090
FF81002FFEA0FEE0
FEB9FF8A00270014
00EDFF30003F0032
FF4DFEFFFF710167
FF09016700EAFF6D
022EFF61FF54FED4
00C6FEB6FFB40093
FF4900C3008FFFCC
003F0003FE73FF62
FF2A000E00740024
FEB8010F00B700DB
003C01CBFF87FF75
FFF4FF8AFFAA0006
0195FE23FED40189
0084FDDBFF470000
FF99FF14FECEFF9C
00A101A600B5FF5A
FFF60043002600D7
FEE2FEB200370168
00700273007CFF67
FF54FFB4FEB50019
004F008FFE4CFEA0
FE9AFF87FEBCFF98
0104FE7200A900EC
FFE7005800DDFF6E
FD86FF02FE71004B
FFB6FF92FEACFFD3
FF44FF2A00C2FFA5
006EFF8EFF2A0156
FFA70103005DFFD6
FFDA0031FED5FEE5
00F3FF71FF66006D
FFAD009BFF67FF25
FF58FE42FD04FF9E
0201024DFEB6FF8E
00AE00C50191FFC2
FFDEFEC2000900F2
FF670187FEBA0037
FF47FF65017AFF58
0060018F00690170
FF8C00F600DDFF14
00830198001700BC
011AFFEEFF360062
001CFF1B0100FF23
FE66007500170016
FFD5FE710059FF85
003B006A0038FEED
005AFEB0007BFF73
FEE300B300330039
FEEF005A006DFEC9
0039FEFEFEFA00E3
FFFE0115000601A0
FF6801620028FFC3
FF1D005E007C007E
01490029FEA60142
0023FFCAFFF2FF78
FF41FF71FFDF00D0
00950025014E010E
FFE5FFCAFFF3007B
FF4400DC016600A2
FF3CFF8AFFD0FF90
FFD90022FFFAFF8C
FF180019002A0039
0092FF1BFF8100CF
FFB7002AFE8CFEB6
FEE8FF6000490054
013FFF100081003E
FF15FF3BFFA60199
FECD019100E8FF2A
01D2FF48FF22FEC6
00BAFEFAFFA800B2
FF55012D0049FF93
FFED004BFE78FF48
FF74002400C4005B
FE4800ED003D00EA
0076015FFFADFFB9
0033FF19FF7A0030
01ABFE1CFF560162
0072FDEEFF85FF94
002BFF35FEBAFF77
00C0020E0052FF9A
FFE3003CFFC300E7
FE85FEADFFD70122
009D02D20069FF6D
FFA8FFBBFEDF0001
0048006FFE60FEE3
FF4BFF5CFEBAFFA4
00EAFEFD00B000F3
002A00B200E9FF6E
FD55FEF3FE68007F
FF81FF9DFED1FFDE
FF8AFF10009BFFB9
00A1FFE6FF240166
FFA100AF0053007D
0009FFF2FF3BFEFA
013AFF53FEFE0056
FFF30058FF3FFFC7
FF1DFE41FCE7FF9D
020802D1FE72FFE6
00E500D001B8FFAF
FFCAFF0F002E0188
FFCD016AFEDCFFBF
FF00FF970132FF49
0073015000B80143
FFDD010200AFFF62
0054018B000B0092
00F30021FFAF0018
006DFF7200E6FF6C
FE430035FFC30062
FFB2FDDF00A0FF75
002600880000FEFD
0075FEC600ABFF7A
FEC600FB00430060
FF200075FFFAFF26
008FFF07FF030131
003A00F60014015E
FF5D015F005BFFE5
FF11004500A800CF
00BF0022FE86016B
007EFFB5FFF0FF91
FF37FF8F000500E0
00B6001800FA009E
FF9FFFC9FFFD0057
FF8900BE0113008B
FF4EFF76FFBDFFB6
003500A2003FFF21
FEE7001B005000AD
009FFEBEFF4F00C2
003E001BFE9BFE89
FEF0FF5C008B00BF
013BFEE40084009E
FF11FF81FFC0019E
FE71018300BAFF15
017CFF1FFEDEFEAC
00A0FF10FFAC00B0
FF3701000026FFA6
0002006AFE74FEEB
FFE2FFFA00A70063
FE1400B5002900C0
0082014C0002FFCB
008AFEF7FF890052
0208FE4DFF830132
006FFE33FFA8FF24
0084FF32FECBFF26
00BC01FB000B0001
FFD7FFF6FFB600F8
FE96FEEEFF4A00F8
006A031A005FFF96
FF7EFFDFFF36FFD5
007F002BFE74FEF0
FFB4FF45FF0DFFF3
00E2FF9200C200CA
009B00A30107FF5C
FD61FEE7FE9E0099
FF84FFADFF38FF9D
FFE0FF050063FF9B
0081001BFF440149
FF89006400330083
003EFFF6FF8EFF38
0149FF3AFEC30097
00510036FEFF007A
FEE9FE8DFD5AFF4D
021F030AFE69FFD5
00C500AC01D6FFE3
FF9FFF51004A01D6
0011014BFEF1FF7B
FEF9FFDB011CFF16
00980123010400D4
000501060041FF35
0040014D000A00B0
00A50038FFC6FFE5
008FFF4D0090FF78
FE6F003CFF7F0031
FFCAFD61009AFF56
005B003AFFE1FEAC
007CFEAF00E7FF8D
FF12011100190082
FF4E00ABFFBAFF94
00A5FF02FF3E018F
008D010200000113
FF6D0188007A0015
FF25004300CE00D5
00B80012FEC8016B
0110FFC7FFDCFFC3
FF9FFFB0002000FB
00C9001E00C60097
FF2AFF8FFFD70095
FFA700C8007D006D
FF7FFF95FF85FFB8
0084013D0051FEF8
FED70037008C00ED
009FFEC0FF5C00D5
00AE0018FE93FE8E
FF2DFFB300E400EF
0167FEF6006B0057
FF50FFCEFFD101C9
FE68010D00EBFEF4
0116FF03FEE4FE8A
00EAFF4AFF8C007D
FF1B0148003EFF38
002D0093FEE2FECD
FFF7000E00F0007C
FDCC00C1FFA9009F
00E60102FFF1FFAB
0079FEC9FF63005A
0234FE6400020133
007DFE86FFADFEC4
00F3FF56FEDDFF6F
00D001FEFFF60026
FFB8FFCEFF560105
FEA2FEF0FF2C00B2
007D03300027FFAA
FF8FFFDFFF56FF83
00A1FFCEFED2FF36
0039FF52FF14FFF5
00CD002100BB0079
00D900A200B5FF88
FD48FEB0FEE10078
FF7AFFA2FF4EFFE4
001CFE950036FF7E
0087006AFF530152
FF9AFFFA0014011F
0032FFA6FFE9FF9D
0123FF7EFEAB00B5
006D0013FF2400EC
FEDBFEA7FDBBFF5D
01E8033DFE59004E
00D100FA01ADFFC5
FFD9FF73009B0238
FFE50109FF55FF70
FEF9FFEB00BCFF10
00AF0119010200B9
005F00FCFFF0FF29
00290113FFF9005D
003500440020FFB3
009CFF6700A7FF7F
FE3B0020FF570028
FFB7FCEE0028FF89
00350038FFC6FEC9
0047FEBB00DDFF90
FF190130004B0068
FF4800A0FFA2FFF3
009EFF56FF28018A
00920116FFDC00DA
FF54018E00990037
FF09004600E4010F
009DFFCFFED7015B
014EFF7FFFCEFFAC
FFCCFFCA0029011F
00F3FFF600830029
FF2CFF57FFBC0074
FF8600FB00650064
FF8FFF9AFFBAFFD6
00AA01F70056FED1
FECA0031006A0147
0079FEB0FF9600AD
01440041FE62FE9F
FF1DFFAF00B40128
01B9FEF300600074
FF370027FFEE01B7
FEAA00B300DCFED1
00D9FEEEFE8EFE59
00A4FFB1FFBE0047
FF3701350029FF36
003700BCFF32FEC1
00B4FFF101120080
FDBF0084FF900087
00E100B40009FFF6
00A6FEA9FF5F0048
0284FE67002F0107
007CFED10011FED1
0152FF2FFF2EFF6A
00D901DFFFD80084
FFB8FFB3FEF4011E
FECEFF1BFEF8007E
004F03520003FFC7
FF94002FFF81FF39
0098FF6EFEE6FF63
0090FF52FF15001D
008E0081008E002A
014A007100B3FF85
FD87FE84FF13005B
FFADFFA3FF5E0009
0082FEBF000AFF6B
00AA007DFFCD013C
FF9BFFC000060160
006FFFB7003BFFE7
0131FF8AFEB500C0
00D80015FF2F0152
FEB7FF1EFE36FF36
01850351FE850060
00EF00D9014AFFED
FFDFFF7300E90264
004100FDFF7FFF79
FEFAFFD900B3FF0A
00E100A9011E0056
008500F7FF51FEED
001200DFFFF9003B
00200050003FFF91
00D1FF660022FF4C
FE64FFD1FEC50026
FFA9FCB1002CFFB7
00450072FFAEFEAC
0028FF1600F7FFC2
FF38010B0059006C
FF680093FF540090
0100FFA9FF7501CA
00CF0136FF990041
FF9001710073007C
FF11002E0117012D
0016FFA5FF2C0158
01DAFF97FFD3FFD3
FFF4FFDD00410101
0117FFFB004CFFBD
FEEFFF22FFC10092
FFF600BFFFF40063
FFF9FFCCFFE4001E
00B302B10040FEDF
FEEC0048008D016D
005FFEC0FFB60068
01CB0055FE58FEE2
FF32FFD100C80145
01C4FF0600670061
FF7D006900030174
FEF500500120FEAF
0076FEFBFEA6FE83
00A4FFFAFFD30023
FF6A01130007FF3E
000600F8FF5BFE9E
011E00250124008A
FDE70061FF52008D
00DD006CFFFD0013
00A5FF27FF50001B
0270FE7F006F00D0
0059FF39004FFE9F
0162FF43FF34FF55
00CF01E5FFC000A6
FFB6FF88FEC9012E
FED3FF27FECF0094
0047033EFFC6FFDE
FF950010FFD7FF0A
0062FF68FF38FF76
00DCFF42FF190003
007F00C800950011
019A00490089FF33
FDC0FE8CFF2B0078
FFA1FF7BFF74FFD2
00E0FEF1FFB5FF71
00AD009DFFF90146
FF99FF2BFFB90180
00B7FFC000720033
014BFFA7FEA90094
011BFFCCFEF901AA
FEE8FFA8FE93FF03
01400305FEB90057
011200D800E9FFE8
FFFAFF700107027C
000300B4FFF8FF79
FF0CFFFD0095FEDD
0109008401260000
00A200E8FF02FF05
000B00F3FFF7003F
FFDD004F006EFF8A
00CBFF3C0010FF6B
FEB0FFBDFE79001B
FF99FC9600130026
00300057FFA2FEB7
0028FF2F011AFFD9
FF470133004A0030
FFBD008FFF1100FC
01200001FF80018E
00F8015BFF770030
FF84015D006400A7
FF47003E0102015E
000EFFB4FF97014B
0234FF8BFFD7FFD0
0026FFF1007100FC
0106FFC90008FF62
FE93FF1CFFB400A4
00280078FFE1005B
0046FFE0FFF40048
00BB02F9004CFEE2
FEF5003D0097016E
0045FEFDFFD6003A
02240082FE63FF1E
FF1F001200DB0130
019DFF55006A0034
FFCB00CEFFF30154
FF3800410111FEC7
0035FF1DFEB2FE87
00A40055FFEAFFF3
FF6600D5000EFF7C
001F012CFFB2FEC2
0172001301580093
FE41004BFF2E0091
00C90057FFDD0042
009BFF5DFF4F0030
0268FE6700B000B6
000EFFEC0068FE84
018AFF67FFC1FF67
009E01D0FFC200C9
FFCCFF71FE900157
FF02FF49FE7B0071
003B02F7FFA1001D
FF94002E001CFEE6
004AFF1FFF5AFF73
0101FF94FF1E0015
004C013F0059FFC2
01E300000074FF36
FE27FE9AFF54008E
FFBDFF56FF97FFEA
014DFF27FF82FFAA
00C1005A0015014A
FF97FEDCFF950172
00BAFFC000AD0065
014AFFDFFEB30093
0133FF9FFED701CB
FF1E0008FF21FEC9
010A02B8FF100040
010B00D2005DFFFB
003FFF73015E0227
0009008DFFF9FF48
FF4700200082FEBD
00EC00120165FFA6
00C600E9FE8CFEE1
FFFA00EFFFEB0068
0005008E0073FF5A
00ECFF4DFFB6FF74
FEC3FF95FE2C0025
FF64FCB0002B005F
0049007BFF91FEA9
FFFCFF770107FFE9
FF89010B0049000F
00180085FF110179
016B0064FF7C019D
011E0143FF0CFFDB
FF980134004500C1
FF38FFF700F6017E
FFD0FFC9FFEB0137
024EFF81FFE1FFC4
0071FFD4007800BC
0163FFB1FF98FF19
FE97FF06FFD0009D
006D005BFFB20071
0095005500120053
00BE03030046FED2
FF16006D0092015C
0039FF43FFF30002
026900A1FE90FF6D
FF120050010A00F4
018BFF66001DFFFD
FFC700EDFFFF0127
FF5EFFDC00C5FEDD
FFFCFF3EFEAAFE9D
00C40089000BFFC3
FF6C0095002EFF21
003700FFFFC4FE86
01D5002801810069
FEA2003AFF41009B
011F004EFFB2007F
00B4FF8AFF7C0000
0284FEA400F800A9
006E00490074FE86
01A4FF40FF9DFF27
00D601BAFFAC00D4
FFCEFF3BFE860142
FF25FF42FE4A0037
001F02E3FF800033
FF57002A005FFEB7
005EFF17FFAAFF5B
0116FFE1FF6C006C
00540168006AFF53
01F6FFED006FFF2C
FE6DFE9FFF5A00A1
FFC9FF64FFBAFFD3
0178FF0EFF4EFF98
0098006700530141
FFC7FEAEFFA1015A
00D3FFD800D600B6
0145001AFEF30097
010FFFA2FEF6020A
FF580064FF80FEE1
00CF0247FF4F002F
015700DF003C000F
002FFF9B01480243
FFCB00600058FF6C
FF51004C00A2FEAF
012CFFEF0122FF36
00AB00F0FE57FEB6
FFEE009DFFEF0067
FFD8009900C7FF58
00FBFF40FFB0FF7E
FED1FFBEFE42FFE5
FFB0FCC5001A00DB
00350048FFBAFEBC
FFFCFF9200E3000D
FFB200D4006EFF9F
0051006EFEB601B7
016D00AEFFB70161
01340156FF0EFF86
FFA800F9000700F0
FF69FFEB00CF016C
FFE5FFE8004E0106
0282FF96FFEAFFE6
00A7FFCB007A00B7
016AFF87FFF1FEC5
FE75FEC0FF7600B0
0028006BFFAD0059
0098006B00090099
00B6037F0045FF13
FF2000AA00AD0156
FFD8FF6E0068000B
0288008EFE800014
FF400071012900D3
01A7FFCB003EFFBF
FFFA00F600220129
FFD1FF9B00ACFEF1
FFC1FF56FEBFFE90
00B600E50078FFA1
FF970076002AFF38
006900CC0041FE8F
020E000B01A100AA
FF070002FF460093
00EC0033FF95008F
00C4FFB6FF5EFFE1
0273FEAD015B0075
004000EC0099FEEB
0190FF2B0045FF54
00A8016EFFB70101
FF9FFF2DFE6A015F
FF7FFFB1FE160060
00070255FF4C0076
FF2F000200D3FEB6
0072FF0E000FFF5C
01150000FF610029
FFFC01C30066FF05
0225FFBC0040FF03
FEC2FED8FFAD0098
0027FF30FFF00017
01D1FF4AFF1FFF9E
00BC0069006900F4
FFE0FE60FF680128
00FEFFCF01000112
010D006DFF13007D
0147FF8AFEDC01F9
FF7100F20038FEAF
009101B3FFCB0045
012800BAFF810031
006BFF9E014301E0
FFC3003C008FFFA4
FF5B0070004BFEBC
0129FFA5016BFEDF
00CF00E0FDF5FEC0
FFDE009EFFEB0081
FFCD00950076FF3D
013CFF20FFA3FF9D
FF3CFF69FE13FFF4
FFC0FD1B000F0108
00240052FFB0FEE2
FF9FFFED009C0014
000900D90042FFAE
00860047FEDC0230
018600D3FFA900F9
012A013BFECFFF47
FFE200D6FFE50125
FF51FFF500B50180
FFD1FFAF008600E8
02A6FF89001DFFDD
00ABFFAF00710079
0165FF4CFFBEFEA9
FEA7FEE5FF8D00A0
004D003EFFA30047
012D00A00024009D
007F03480002FF05
FF7900A300800124
FFBCFFAB00C6FF8A
030600C0FEBB0074
FF6A009500F00090
0193FFDEFFFEFF84
001B010B00160097
0022FF1C00B0FF10
FFAAFFA4FED3FEB6
00AB00ED006EFF6B
FFA2003B0071FF41
00AB00A20063FE86
0225FFFA01C30061
FF71FFD3FF69009F
010AFFEDFF6A0084
0088000AFF68FFFE
0230FF180147004D
0084014E00B0FEEB
0162FF680005FF4C
00980134FF4800BF
FFB7FEA8FE06013D
FFA6FFCFFE030029
00160254FF3200BF
FF0CFFC000E7FED1
0035FEBE0017FF59
012C0070FFA4005B
002101A40041FEE1
0220FF4B001DFF01
FF0EFEE1FFE1009B
002EFF02003E001A
01C0FF7FFEFFFF9F
00B4001F007300B0
FFEFFE50FF8B00F8
00DE000F01390158
012100B2FF44007E
011CFFC3FF3F021C
FFC5010E007BFE8F
006A0151FFE90020
011000C9FF0EFFF2
0073FFB4010E01D6
FF88004B0098FFFF
FFB100350092FEC5
014CFF4D010CFE7E
00B800ECFDBCFEA3
FFD40067FFF300AF
002F009700C6FF5D
00D2FF4CFF4EFFAD
FFAFFF79FE32001B
FFA6FD420031019C
00390005FF96FEEC
FF71FFF400BE0062
000B00A40047FF74
0101004FFE64020D
019D0157FFAA00C7
013E0141FEA9FF1F
FFFF00CFFFDB0155
FF63FFAF00740190
FFC8FFBB00B700A7
02B4FFCDFFEDFFEE
013EFF9E00830087
014EFF3DFFE1FE6E
FED5FEB8FF900081
0033FFE8FFAF005D
016200D2000C00C7
00AD0364000BFF6A
FF8E00D60060014D
FFB2FFC700EAFF5D
02C30074FEC400CE
FFAD00C101140082
014400170005FFAB
007101400002006A
003FFF0C0055FF3B
FF5FFFFBFEE4FEE6
00E801240073FF32
FF7BFFFE00ABFF4A
00F200AA00BFFE56
0246003701960032
FFE7000EFFE5003C
00F1000EFF4C0051
004600ACFFA1FF7B
01E0FF3201C20010
00650179007BFF6D
0126FF9600A7FF52
00BD00BCFF26006B
000FFE91FE000115
FFE3004AFE09003C
002701B0FF110092
FEFCFF9E0122FEE3
004FFEC10084FF39
011D00BAFFF00034
000601AC0010FEF7
01FCFF19FFFCFF1D
FF9AFF440004009A
005FFECD00650015
01A3FF99FF16FFCA
0083005C00F00085
FFDFFE40FF200058
0105FFED01440204
010C00CBFF9E0086
00FEFFDAFF6201CC
002601540158FEA1
FFF4005700AE0012
00FA00D4FE86001E
0098FFE400E90169
FF01004E00D0002D
003E0081005CFEFC
0149FF5F0104FE44
00A500DCFDC9FE96
0012002C004600A8
003C005D007AFF8D
00A3FF1EFF5FFFCE
0012FF94FE2BFFD5
FFB0FDA8001701C1
00610001FFBEFF1E
FF4CFFEF006D0032
FFFC003E003AFF10
00F50023FEB8023A
01410190FF8F0034
00F00119FE85FEFE
FFDA0036FF8700F5
FF68FFCB004B019A
FFB7FFBF010D009D
0283FFD50009FFCA
017AFF42009D0039
0127FF30FFEBFEBC
FF2AFE99FF7F004D
FFF4FFD90018005F
0163010B000500BB
004002F7FF83FF8F
FFFC00E1004900D1
FF94FFF5010FFF5C
02A4008EFEBD0117
FFA300EC00F9FFF8
01030046FFD4FF1D
00CF0101FFD9001A
00E8FEBC0046FF6D
FF8F0021FF09FF01
0152015200B2FF2F
FFC5FF8E00CEFF33
0130003900F1FE86
022700260154FFF3
00CAFFF3003C002F
00D10042FEF10071
0012011DFF9CFF7E
016CFF4401680026
005E01BC0095FFD1
00ADFFB30099FF58
009C0030FF290009
FFFAFE48FE1D00E0
006D0044FE4F006A
000F0146FEDD00D6
FED1FF8300EBFF1D
FFE9FEBA008DFEEA
00B80127000E003C
00100165FFE2FF08
01DAFEADFFC7FF56
FFE4FF92004C00A2
0095FEC30041FFF3
014CFFDEFF36FFE3
00CA001E00F5006B
FFF6FE86FF38FFAB
00FE000F01460235
00CD011A0038008B
00D00031FF84015C
00AF0175017CFE7F
FFBFFF5600FEFFD8
00B100AFFE1CFFFC
00BCFFAB007E00FB
FECF004C00A600B9
009A00840089FF26
014AFF660091FE04
009200E7FDE0FE7F
00330003005700DB
0059006A003DFFEE
0068FEFEFF25FFA2
0076FFA7FE38FFF6
0000FE6000040221
0041FFBCFFC0FF4A
FF2D0025001F004B
FFC800120041FEAD
017CFFF2FED401F6
012A01E0FF66FFC2
00CA0133FE89FEC4
FFD1FFEEFF4E00DB
FF8DFFA100130142
002DFFDA012E0093
01FBFFD5FFFAFF69
017FFEED00C1002A
00F9FF4D0038FEF3
FF44FE73FF83003F
FFE0FF70005100D3
01770137FFF3008D
FFE0028BFF5F000D
002F010F004C0086
FF76004C0184FF39
0238006FFEE10169
FFC5014B00F7FFB5
00A900C60004FF08
00DF00EAFFB8FFC0
0145FEB20007FFB0
FFC00077FF56FF40
010B011A005EFEC6
FF8DFF2F0104FFC3
011A006800D1FE75
01EC0020012BFFDC
00FD005E01030042
00920068FEBA002F
FFA3017BFFCDFF22
010FFF7601050028
FFFD01C800710043
0042FFAE0078FF93
0073FFDEFF31FF6A
0048FE53FDFF00C3
00760056FEE100B5
FFF7010EFF200080
FEC8FFA9006AFF54
FFCAFEC40050FE89
009301B40004FFEE
004500CCFFAFFF84
01C5FE90000CFF66
0040FFA9006E00A5
003FFE8700230023
0124001DFF6DFFEE
00ABFFDA0144004A
0016FEFDFF5AFF39
00D7008700EE024B
00F900EA0073004A
00960066FFFC00D8
00ED013F013BFE29
FFE1FEF6013FFF9B
00AB008BFDE4002C
00D5FFA000630048
FE3F00C0009B00D2
011A005A00F1FF6E
015FFF780073FE49
0067011AFE4AFE58
00940060005300D9
00C40013FFEC0058
FFF6FEF1FEFAFF85
00AEFF84FE56FF8B
0014FEEC00270212
00450032FFC6FF20
FF2F00170038003B
FFC2FFDF003CFEB0
019CFFECFF0F0193
015F01F0FF48FFC7
00A40176FE36FEFE
FFD5FFA7FEF50088
FF6EFF51FFCF0103
FFF200100110003F
01F6FFDA0014FF4C
014FFF0000EBFFDD
00E7FF3A006DFF23
FF85FE85FF8E0034
FFE0FF4100C8012C
0183015F0013009A
FF9801AEFF5A0078
005001640081FFD2
FFA000770107FEF3
01620075FF34012E
FFCC014500B3FF72
001700F2FFCBFF03
012E0045FF97FFF3
0146FEF8FFE5000F
000C00A3FF72FFB0
0103012F0064FEF4
FF9DFF500147FFE7
016900830057FEC7
019CFFE70093FFEA
0105008D015D00AF
006A00E9FE51001C
FF6C01AEFFE4FEFC
0100FFA000AF007E
004D0179002900B9
FF99FF5F004BFF75
0082FF99FFC0FEF5
008FFE94FE7500B8
00A20029FF530117
FFE60133FF590069
FEB8FFAFFFC9FF6E
FF69FEE00076FE29
FFE40185FFE3FFD7
005E0016FF87FFAE
0158FE490014FF5D
FFF2FF61009A00B1
0050FEB7FF67FFF2
00B6FFE9FFE10023
00B1FFA601340054
0003FF65FF94FEE4
00D9007800BE0229
00AA00EA00D00042
008200BFFFFB0006
012800E1011DFE4B
0006FEA70136FFB6
005F005AFE0E0018
00D2FF35FFC50001
FDC600E6002A00EC
01340032012FFF85
0179FFFA0030FE77
00530113FEA4FE5D
00CF003F00D10102
00E1FFFCFF3900CA
FF7CFE66FF3DFF3F
00B0FFD5FE9AFF3C
0048FF41FFC401EA
0042005FFF82FF34
FF42FFB9004F0040
FF55FFC8006DFE6A
0185FFD7FF90013D
013E01D1FF3AFFA6
004D0185FEB2FF27
FFBBFF98FECA0035
FEECFF83FF7400FB
0076000800D30067
01ADFFD1FFD8FF41
00E8FEAD0121FF9D
0039FF3F00D4FF56
000CFEBBFF9A006F
FFAFFF1501430137
0147011900320056
FEE600EBFF1B00AB
0071015F0057FF6A
FFC100BA00D1FEEA
00C800B9FEFA0105
FFBA01490071FF96
FFF501110019FF2C
00F9FFFBFF90000F
0125FF53FFEC0080
00BC0088FFDFFFC8
00ED00B4005CFEE8
FF2FFF04012D0028
014C005D000AFF0B
010BFFD6006AFFD8
013200FF01AF00AE
007B013BFDF6FFF7
FF630196FFABFF12
00C2FF67FFF8009A
00410143002000CD
FF3EFF1DFFDAFF9C
0091FFAAFFE6FE67
0084FECBFEE000CE
0073FFC8002C0186
00030136FFB9003D
FE74FF83FF65FFA2
FF5EFF09FFBAFDB4
FF8001C7FF87FF58
0090FF07FF91004B
0140FE5F0058FFA0
FF91FF4E0072006E
0009FED2FEEBFFD8
001CFFFE006E0008
00B3FF3200F30059
0016FFF7FFDDFE81
005B004A004901A8
00A900CF00F90029
001700EB0056FF95
012B00500032FE3A
0059FEBA011EFF2A
00080084FE720004
00D6FF01FF87FFC3
FD810143FF8E013D
013B0059018CFFB2
014E00830012FEEA
001F0113FF28FE46
0113009900C600EF
0132FFBDFF440122
FF72FE50FF31FEF2
00820004FF39FF13
0081FFBBFFAC0197
00160094FFB5FF02
FF6FFF75003F0007
FF06FFBD0086FE72
0139FFA4FFD500C4
01020187FF05FF6B
00550192FEB5FFC4
FFA7FF96FED90000
FE9CFF40FF860099
00CF004500830054
0120FFD4FFBDFF67
0074FEB40107FFD5
003DFF660121FFB1
0013FF01FF7F0038
FF79FF3501E501A5
00D700FA003F0060
FED6001BFF1F00C0
003B01600081FF4F
FFC2007C007FFEFB
00230090FF5300C5
FF520130003DFF56
FFD700E5FFBFFF41
00D5FF62FF510081
0144FFD6FFCA008A
01130087FFB2FFB0
00DD00730033FEFF
FF79FF1800F80033
011300A6FFD6FF39
00B4FFCBFFD70001
00D4012201F90058
00260197FE26FFFB
FF200173FFE5FEFD
0087FF7CFF8800D9
005F009400070147
FF1EFF01005CFFE7
0098FFC3003AFE6D
00C4FF81FF340099
0081FFB7005E01B8
003D0132FFF0FFD8
FEB0FFBFFF1AFFBD
FF50FF63FF99FD90
FF1A015CFF88FF0F
0085FE7FFF6000C0
011AFEAF0077FFA5
FF67FF5E007B009F
FFEDFF37FE9DFFF0
FFEF000E009B0065
00BCFF4301080024
FFCC0097FFD6FEA9
003E009BFF98012A
006E006A0110FFEE
002F00F000A3FEBD
0101FFF5FFC5FE77
0055FF0D00F1FF25
FFFE0035FEA0002A
00BEFEE3FFA8FF73
FDD1017CFF2F010F
0143FFFD01C9FFB6
012100B0FFFFFF91
FFF600E9FFC4FE38
014F009000E800C7
0130FF92FEA50183
FF47FE2DFF48FEC6
00820011FF31FEF4
008D0019FFC300F9
005B00D9FFABFF10
FFB6FF8E001FFFDB
FEA9FF7F0086FEAD
00EE0001003A0064
00DE0112FEC7FF88
000B01C0FF32001D
FF93FFAEFEC5FFAE
FE65FF53FF960073
011B003F005B0096
00D1FFBFFFBDFEF4
FFF1FEC300D0FFD7
000BFFC20144003A
0037FF21FF97002B
FF81FF11021601A6
009900C7007D0009
FEBBFFA3FED000F3
000001370079FF02
FFFD00CD0022FF20
FF910087FF2F0062
FF0900DDFFF4FF48
FFF800730020FF56
00B6FEBDFF27004F
00D2004000090088
01B2003D000EFFE6
00D2000F0023FEC5
FF3CFF4000CC005D
00C0008EFF8FFF51
0049FFB6FFCB000C
00C4010502100058
001B0182FE17FFAD
FEFD014AFFF6FF3B
0069FFA6FF080100
00600065FFE9011A
FEB3FF070019FFF0
007FFFA30022FE4E
00F2FFAAFF1E0089
004CFF9E00B901EC
002D0131000EFFC8
FEBCFFADFECE0017
FF6AFF79FF88FDB7
FEFD015BFF62FF0D
00C0FE09FF7A011B
00A9FECF006DFFBD
FF3EFF52005B007C
FFB6FF23FE8EFFE2
FF84FFFA00CE0005
00C0FF1E0088002D
FFF900A8002DFE92
00460070FF6D00D5
0066004200F8FFBD
FFFD00F100DCFE8A
011AFF88FF7CFE4E
00A4FF3300ACFF33
FF840058FF16FFFD
00BCFEEAFF56FF83
FDD5018BFEBD0117
0121FFFD01D8FFF3
010E0143FFD7FFEA
FFC200EC001CFE57
013400A900F100B7
016BFF7FFECC01B5
FF13FE5BFF8DFEAD
0096005EFFBDFED6
00910002FFE100C3
003C00B1FFC3FF43
FFCDFF880040FFF0
FE76FF690085FF11
00C200060030FFE9
00B700D5FEDEFF8C
FFF501D8FF50007A
FF7BFFE4FF1EFF99
FE87FF94FF640046
012A001A002B0077
00ABFFE5FFA8FF00
FFBDFEF800BBFFDC
FFD6000601740067
006CFF46FFA9FFEE
FF3BFF03023E019F
0046009B0085FFDB
FEBEFF41FEDD00F4
001301370028FF03
002A009DFFF5FF47
FF1B005FFF4A0052
FF5400A2FFC9FF7A
FFAF00850019FFAF
0098FEB1FF050094
00670095FFEA00A4
01D50052000BFFEC
00B1FFDD0024FF32
FF40FF6300AD003F
00D40079FF47FF54
FFD0FFE9FF92004E
0039012301FB0057
002A01A0FE6EFF7D
FF3100EBFFCDFF57
00C5FF84FEE1017B
008EFFC0FFAA0154
FEA8FEC1FFB10024
00ABFFC4002EFE7C
00C4FFABFF410078
0010FF7600E8020D
003A01A70074FFC1
FECCFFCCFE9F001D
FF33FF77FF2DFDB6
FF0400D1FF5DFF07
00A6FDBDFF9A0142
00A4FEF5006DFFF0
FEACFF3B00390053
FFD4FF7DFE5CFFC0
FF18FFB00141FFEE
00A3FF7F0053006D
FFE2011B005AFEE4
00270038FF3B0097
007900050105FFB5
0023011500E5FE79
0075FF20FF1AFE84
00EBFFF4FFF9FEFC
FF830041FF77FFDC
005AFEBAFF46FFDB
FE3D01C7FE7F0128
00CAFFEF01ED000B
0103019500040013
FFCF00DE0042FE45
016000BA010E00A4
0143FF7BFED801B1
FEF8FE5FFFA4FE9F
007D005DFF82FEF7
0082FFDCFFA5002C
006000A9FFA8FF3B
0004FF4F0067FFFE
FE2BFFA8009CFF3D
004B00100046FF86
00660063FED30004
FFDE01E6FFB300B2
FF53003BFF4CFFC0
FE2DFF9BFF8D0054
016CFFF8FF8F00B2
009EFFFDFF6EFED6
FF99FF0F00B70025
FFA1004301B500BF
006EFF6AFF91FFD7
FF23FF28022D01BA
FFFF0047006EFFA9
FEC8FF3BFEFB00D1
FFE00103002EFF2B
00420046FFC3FF79
FF230007FF24FFD9
FF100064FFB8FFC9
00020050003CFFC8
0066FE48FF0B00BF
001100DB0015007A
01DE0021000CFFD8
00C5FF98FFFCFF5F
FF64FFB2008A0010
00A70085FF37FF70
FF7BFFEBFF6E0052
001A012B01E90028
002B01AAFEA7FF61
FF310095FFE9FF5F
0096FF92FEB00181
00ADFF4AFF67012E
FEA7FEC7FFA90038
008CFFCD003FFE6E
00B7FFD9FF73004B
FFE7FF48011F01DD
006F01A80090FF7C
FEEAFFBCFE6A0047
FF57FFA4FF1DFDF2
FEDB0090FF41FF25
00A2FD9EFFCA0196
0048FF46006B0001
FE8BFF21000E0057
FFBBFF9BFE4CFFC3
FEA0FFAC0123FFC2
00ACFF8C001F006C
FFBB013D0081FEF0
003D0010FEFD0048
0076FFD100C6FFB7
001A01210112FE5B
0083FEC6FEB6FED7
01090033FFB0FF1F
FF8D003BFFB8FFC2
0050FEC9FF24FFEB
FE5301A8FE620112
009BFFED01CF002E
00E701D5FFD7005D
FF9300D900BAFE90
012D009D00FD0089
0127FF38FEAB01D7
FF12FE83002DFE8A
00660075FFC6FF2B
008CFFD7FFA9FFE6
006B008D0004FF65
0029FF46005CFFAA
FDECFFAE007EFF6F
001000210034FF5C
00460038FECCFFED
FF9201C9000600F6
FF670043FF7DFF93
FE45FFCAFF9D003B
0176FFE8FF5900C3
003CFFEDFF5FFEA1
FF73FF020079002E
FF7D006101EE0103
00A3FF9CFF8BFFCF
FEDCFF5902530150
FFC20001004BFF8A
FEE4FF2DFEEF00C8
FFBC00BBFFF5FF4F
00570014FFA5FFC4
FED8FFFBFF1FFF91
FF20FFF4FFA1FFC8
00180027007A0007
002CFE2AFEF100DC
FFE6012E002C0066
02000003FFFDFFC6
009DFF77FFD9FF99
FF38FFDD005E0011
008C00B3FEBDFF57
FF68FFDCFF7A0087
FF88013301C60053
00330192FEC9FF46
FF6D0029FFEAFF66
00CCFF98FEBE0193
00B4FEEBFF740117
FEE2FEC3FF6A0032
00B00003003CFE7C
00B5FFF7FF7C0060
FF9DFF1F011701E8
006901F200BBFF6A
FEEEFF92FE720053
FF76FFC8FF03FDE0
FF01003BFF4CFF18
009BFD8FFFEE01DF
0039FFA400B2001C
FE50FF19FFF2007C
FF97FFACFE35FFA3
FEC4FF830173FFC6
0089FFB4FFF3007C
FFBF01320098FF22
003D0009FF09002D
007CFF8100B1FF9D
0037010F0101FE83
003BFE72FE6EFF04
015700BBFF2DFF16
FF8700220038FFD8
0001FED2FF28003E
FEA601C0FE4D00BC
005E000701C00026
010A01E800160087
FF9300D600B7FEAA
016100D500CD0086
0130FF58FEC001BD
FF2DFE8B0025FEDE
00050063FFE9FF2E
007BFF7EFFADFF79
007D00B4FFF6FF58
0065FF0D0079FF96
FDDDFFD50075FFA4
FFF000250035FF1C
0057FFE4FEBC0032
FFAE01B40008011A
FF53007AFFA3FF88
FE17FFEBFFBF0053
0141FFF7FEF80100
0071FFF2FF66FEDB
FF61FF2F006A0060
FF3B003A01E9010C
0061FFC6FF8EFFCC
FEF8FF5A025F0146
FF96FFE1002CFFA0
FF20FF1DFF230074
FFA000AEFFFDFF8B
0064FFB4FF53FFD8
FEF80008FF30FF55
FF22FFF4FF860019
001A00190081004A
000CFE14FF320117
FF70016200340029
021AFFBAFFF3FFAA
0063FF04FFEBFFD9
FF0800560038FFD7
003400AAFE9CFF28
FF39FFD6FF3900AA
FEFA015101A90032
002F0184FF13FF21
FF7CFFD8FFE2FF97
00D7FFABFECE0192
00D4FE76FF3800CC
FF3CFE98FF450043
00A200650030FECF
009A0014FF92006D
FF21FF51014401C1
003201F400EAFF42
FF31FF96FE7C0059
FF9A0003FEF4FE42
FF10FFBFFF41FF10
0097FD9100070201
0012001800A6FFFD
FE1BFF1BFFFC0054
FF98FFBEFE8AFFE2
FEA0FF56016AFF99
0067FFE600020071
FF97013E006EFF76
000BFFE0FED2FFD2
0093FF420040FF86
004100F20147FE8A
FFFEFE22FE31FF38
01A50147FEDDFF54
FF7D004A008CFFC3
FFCAFF14FF0C0083
FEB701C4FE540094
002FFFF201A40028
00ED021E003B00BD
FF930094010AFED8
013B00B700CB007C
011BFF15FF0D01CC
FF4BFEA5006DFEEB
001B00860046FF2C
006AFF46FFC7FEEE
00660087FFFBFF7A
00A6FF0000A8FFB4
FDC30016002DFFEF
FFAE002A0061FEE9
0023FF62FEBF0076
FFAD01A5006A0166
FF41008FFFF4FFBD
FE160050FFFF006C
0138FFC2FECF00EE
0060FFEEFF62FEFC
FF64FF6500540090
FF16007901D30143
005EFFF0FFADFFCB
FECCFF98023200EA
FF69FF670015FF63
FF54FF52FF420068
FF7E007A0001FFCE
0078FF6DFF29FFFD
FEBCFFD6FF1EFEF8
FF07FFC0FF76005C
0029FFC900980067
0002FE20FF40012C
FF1E01790076FFF2
0211FF7FFFCBFF61
001AFEE4FFEFFFFE
FEE90083FFCCFFA8
FFD800D4FEABFF5F
FF02FFDAFF4A00E8
FE9501330150FFED
000E013EFF7AFF17
FFACFF7CFFC3FFD7
00F4FF9AFED70197
010CFE2DFF490070
FF86FEAFFF5F0065
009E00BE001EFF4E
00750046FF9A0095
FEFEFF5D014D0178
005A01F40113FF4B
FF58FF80FE8F0058
FFA20001FF09FE89
FF54FF4AFF3FFF47
0073FDAC00450222
000E0090008F0015
FDC4FF2BFFDD005B
FF9BFFCCFE9DFFC5
FE95FF710159FF81
0076FFEDFFAF0065
FF75010A005DFFBB
0032FF8BFEBFFFAE
0091FF06000DFF65
007500AA0123FEA8
FFAFFE25FE28FF82
019A01D5FE81FF32
FF50002F00D6FFC7
FFA0FF4AFF3C00CD
FF430195FE2D0044
FFF6FFE9016D002B
00A20201007600DF
FFB6007900E4FF17
012A00D700600070
00F0FF23FF55019F
FFA0FEEF0064FF07
000800800029FF50
0079FEFAFFDFFE81
006700800026FF94
00D4FF18008FFF73
FDA40011FFF80060
FF9300330040FEF6
0012FF1DFEDA00AC
FFBA016B00A101A8
FF4C00E2006EFFC1
FE2D008200500089
0120FFC5FE95010C
0043FFE5FF76FF16
FF6EFF7C001200CA
FF0500A201A3017A
00390014FFA5FFC7
FEE9FF9501F300B5
FF24FF4D0006FF61
FFB6FF66FF6FFFF3
FF7B0016FFF4004E
0053FF3EFEF30048
FEDCFFE2FF42FEED
FF03FF88FFAA0073
002DFF9900AF00B7
0003FE2EFF620151
FEBD01930065FFA9
01F3FF4EFFA3FF62
FFD2FEE0FFB6FFFD
FF0A00AFFF7EFF91
FFB70128FE9DFF7D
FF23FFC7FF45010F
FE1400F700E8FFAA
00270129FFB2FF1E
FFCAFF50FFB40017
010FFFAEFEDD0170
0116FE0DFF50FFFE
FFCFFEC1FF5B0054
00A7010F001BFF97
00600073FFA500C3
FEA6FF640141014D
003C02240119FF27
FF75FFAAFEB8005E
FFD4FFF4FED4FEB8
FF96FF2DFF29FF7D
0066FDEF0025021B
FFF200B5009C0008
FDB2FEDDFFD50099
FFA2FFE8FED1FFC8
FED5FF2D0121FF84
004A002AFFA5005E
FF7E00E800490002
0066FF55FEADFF97
00B0FEE1FFE0FF43
007700990139FEDC
FF81FE17FE06FFB7
01710230FE68FF44
FF28004C00F5FFB0
FFABFF64FF720103
FF990173FE1E0004
FFCDFFDE01460039
00A6020E007600FA
FFD0008A0109FF3A
00EF009C00650068
00B1FF29FF6C019A
FFF1FEEC008EFF20
FFEE00A1002CFF63
0048FED00007FE30
004B00930042FF9F
0118FF1100BCFF5F
FD9F0050FFF00073
FF6500570023FF1A
000AFEF9FED200E7
FFB6014000C901C2
FF5200D500B8FFCC
FE32009200710095
00E9FFB0FE8B0107
004CFFD1FF3BFF05
FF98FF9B001900CB
FEFE00CD01A30154
0044002EFFC5FFD3
FEB7FFC701BE0062
FF18FF10FFFBFF72
FFFEFFD1FF97FFCA
FF740000FFE5006C
0052FF15FEC40074
FEF9FFE0FF21FE93
FF04FF48FFA200A8
006DFF6200D000BF
FFF9FE43FFA10169
FE800183009FFF8C
01B8FF47FFACFF34
002CFEE7FFDB004B
FF20011DFF76FF1C
FFD30126FF09FF34
FF6DFFF8FF300107
FDEA00CB005DFF65
004A0114FFCBFF36
FFFCFF0BFFA40057
0146FF65FED50180
00FDFDF6FF56FF42
002EFEF8FF880053
00AE013EFFD4FFEB
00300036FF8200BC
FE7AFF5D00FA0139
001D02970101FF74
FF8AFFE3FEDE006F
FFB5FFCBFED9FF26
FFA9FF0AFF48FFAE
0099FE7D005901CB
001100DF005B004D
FD81FED0FFC0007C
FFB5FFD5FEC1FF97
FEFDFF390113FF3E
0074005FFFAD0085
FF7D0073002E0071
003DFF56FEF4FFA6
00D9FEB4FF80FF77
009B008700E2FF6D
FF52FE31FE03FFA2
016202A1FE44FF85
FF4500760112FF91
FF89FF39FFED0186
FFF60157FE690012
FF7A0009012C0024
00AC022200C800B6
FFF6004900DDFF32
00A4009C0035002F
0061FF49FFD60159
0068FF18008BFEF2
FFCD00A0FFD6FFC8
0017FE14FFDCFE45
0001003C0050FF8E
012AFEFA00B9FF76
FDB80067001D0089
FF81007FFFC9FF4E
001FFEDDFF030129
FFED014D00A20190
FF2800FA010C0024
FEAB009D00CC0098
00ECFF84FE91014A
006AFFE1FF28FF1A
FFB3FF88002B0129
FF8100DB015E0120
FFFAFFFBFFCAFFDA
FEC0001201380062
FF1BFF34FFE1FF8C
006200BFFFA0FFA0
FF16FFF2FFF500A7
0058FEBFFED200BF
FF7EFFFAFEB4FE7E
FEEDFF86FFC700EA
00B0FF4D010B00C3
0003FEE9FF80018A
FEA4014800F4FF14
0192FED4FF60FEE6
004DFEFC00020022
FED30104FF6DFEDC
FFE6010EFF85FF0F
00350011FF810133
FDEC0094FFBAFF32
004D00C7FFCBFF35
0058FED1FF39006F
01CDFEC0FF16013E
00DBFE2BFF95FEC4
009CFEFCFFB70046
00E201D0FF7C003F
00300022FF180119
FE63FF2D00A700D3
004D02E80098FFBE
FF8C0004FF44FFEE
FFB8FF4CFE7CFF4D
0022FF04FF13FFCB
006DFF2F005B0184
0083011D001D0025
FD6FFEABFF980060
FFCBFF8FFEE1FFAB
FF98FF1C010BFEDE
0095008FFF9500B9
FF97FFF4002400E0
0056FF0DFF74FFEF
011DFF15FF40FFB7
00A6005D008E0009
FEF2FE82FE7CFF95
013202F4FE72FF89
FF5300A600F2FF95
FFA0FF19009301FB
002D015CFEB40068
FF7F002C01220009
00A701DB00E0007D
002E00780035FF15
00AC00A4FFDD0008
005BFF6D006600F7
010EFF820077FEDD
FF970085FF56FFFF
FFC2FD3DFFF9FE62
FFD20095003DFF77
0105FF1000C6FF8E
FDA7005A0054007B
FF2E006BFF8BFFD9
0035FF05FF24015B
007D01630006013A
FEFE00E801150031
FEB00094011A00E5
0096FF72FEBD016A
00B8FFB1FF29FF58
FFEBFF4600180148
005200FC010D00E8
FFB0FF9EFFE6FFC5
FF08006000EB004F
FF3BFF7D0015FFE5
00830192FFC6FF58
FF04FFFE000900D8
001FFE64FEF100DA
00250006FE52FEC9
FEA3FF8600020105
0116FF3900F5009A
FFFAFF59FF9901B1
FEFE01020123FEDE
0146FED3FF09FEB5
0020FF17001BFFFD
FF0E010DFF65FEDF
000B00FEFFD8FF31
00980001FFC6011F
FE1F0074FF05FF68
008C00BBFFE9FF7A
006FFEFFFF380032
0245FEBEFF72013D
00D7FE69FF9BFE80
00E8FEEFFFBF0016
00F301F7FFAB0098
FFB2004DFF090166
FE3AFF1D0042007C
0011030200AEFFD3
FF710005FF80FFCC
FFD1FF60FE9AFF9A
003DFF21FEF50020
006DFF7100A000E0
00C3012800090022
FD79FE6AFF2C009B
FFFBFF88FEC6FFB0
002BFF2F00C9FEF0
006A0041FFA0008B
FFAAFF7E003B0123
0075FF5CFFA9FFD1
012DFF55FF20FFDE
008B002700410040
FEA8FEF0FEAAFFA1
0125032BFE86FFAB
FFCC008E00E0FFD7
FFC0FF0C00EA01F7
00940133FF200059
FF16FFF90101FFCB
009B016600F10051
001C005FFFD8FF08
002F009EFFB3002E
0060FFAF0083006F
0178FF73006CFEDE
FF52004FFF29FFF0
FFD0FD23FFF3FEBB
FF7E00B10054FF69
00FAFF7000CFFFB0
FE150066008C007C
FF540096FF4E0065
009CFF39FF3B018F
00BA0159FFFE00D0
FF3C013700DD00A5
FEED0083011400BE
0059FF66FEBC0171
0104FFD5FF60FFAE
0005FF190047011E
008700C600E90091
FFC7FFACFFE2FFFF
FF1700B100A1FFE0
FF8CFF99003A0032
007E02380004FF21
FEAFFFE8FFDC00D0
FFEEFE4CFF3D00BE
00970039FE5CFEF8
FEA6FF950037010A
016EFF2800EF009B
0008FFA1FF98016D
FF3F00B3012EFE99
00DAFEB3FEF6FE83
0074FF830027FFEA
FF33009BFF9DFE95
006B0085004EFF35
013B0061002300BC
FEAA0056FE8AFF77
00AC006BFFE4FFB6
00B5FF22FEEF0049
0269FE33FFA900B4
0073FED0FFDEFE1C
0114FF3AFFB7FFE6
00B40222FF7200C9
FF940005FEF00193
FE6AFEEC00080026
003A031B004B0029
FF7A001FFFA7FF8B
FFBCFF44FE73FFDF
009CFF4FFEE00038
0061001A00A20070
014800D7FFC50001
FDB8FE4FFEC5007D
0038FF53FF12FF9D
007DFF2B00D7FEE8
0074003AFFB900CD
FFD9FEEA004B0142
0038FF740030001A
0136FFCEFF230026
005AFFF3FFCE00F2
FE9AFF4FFEFEFF94
009A0301FF05FF9F
001900DD00D1FF91
FFCEFEEB014101EF
0077011EFF9200CD
FF5F002600B9FF99
009C00F300D7001E
000D0053FF32FF11
000400BAFF8CFFEE
00840027011D002D
01BDFFE80052FEFE
FF58002EFECF0017
FF78FCC6FFEBFF3E
FF5700CD000DFF7D
00CBFF9D00D9FFC0
FE39006A00B50005
FF7E0088FEF700FF
00B4FFC6FF570183
00FE014CFF730066
FF3600DB00C4009E
FF5F0045010E00FE
0007FF8FFEFB0147
00FDFFC3FF88FFDF
0059FEFA0084013A
0122008E00D10014
FF47FF63002BFFED
FF8C00AB003BFFD2
FFE70000002A0053
008703050047FEEB
FEA2001C001000F9
FFF8FE75FFCE00C9
01070059FE5CFF56
FE9EFFBB009800E5
0179FF6800C80023
FFF5006DFFAB0172
FFC1007D0101FE4A
006CFEEFFE7AFE77
008CFFBF007FFFB7
FF5700C2FFD8FE58
00C100480089FF71
01870099003D00AA
FF04FFF2FE4BFF86
00B20053FFF9FFC7
00AAFF46FEE3FFF2
029DFE06FFF300CB
00ADFEF50002FE79
010DFF0D0052FFC7
00C9022CFF9400CD
FF88001FFEDA0168
FE91FEFEFFADFFE1
00480304000A0028
FF6100090014FF61
FFD1FF7EFEBA001C
0073FF45FEC80016
0022004900B1FFFC
016B00ACFFABFFEA
FDCEFE63FE9E0021
0087FF5EFF0BFFC9
00B9FF4A00DEFEDC
00600049FFB900C4
FFFEFE950044014D
0063FF7700670053
01190009FF3C0046
0099FFF2FFC100DC
FE94FFDDFF8BFFB3
004502DFFF4BFFAE
002200A50058FFCD
FFEFFED4018401B2
00B800FFFF8000DD
FF35FFE30097FF81
009D008E00B6FFF9
0006006AFEB4FF02
000700AFFF810028
00AD005201190014
01E7FFF7005AFF17
FF3D000FFE950026
FF31FCDDFFACFFD6
FF5F00F60023FF8D
007CFFBE00C4FFCA
FE41004900D7FFC2
FF75006FFEFA014A
00B9FFEBFFC10161
00DC0127FF34FFFE
FF5B00A900AC00E3
FF40005900DD0117
FFEDFF67FF3E0146
013CFFE7FF92FFE7
005FFEEC005A0108
0161004800F5FFC6
FF6FFF510019FFFE
FFAE00AF003BFFB7
0044002C007B0090
007003310010FED9
FED8FFF7FFE000C5
FF82FE8A002000CF
0155005AFE48FFE6
FEB5FF9500AB00C4
01B4FF6400EBFFFE
002500B5FFAC0141
003B0043011DFE35
002FFF3CFE70FE8E
00B7FFC600C0FFA9
FF4C00710009FE99
014BFFCF00CFFFAB
01FB0060006F0062
FFC9FFFBFE1AFFED
00B5005BFFB2FFEE
00A8FFA3FEB6FFBF
02C1FDCCFFD60099
00AEFF99FFE3FE6B
00F7FF340066FFB2
009C022BFFC300DC
FF5E001FFF400164
FEA4FEF7FF61FFA0
004C02BFFFCA0081
FF0BFFDF0043FF62
FFD3FFA2FEBEFFEC
0016FF76FEA6002D
FFFA001C00BEFF3F
019A0063FF5CFFA1
FDFAFE5FFE4A0001
00C6FF32FEF5FFDE
00F7FF5500CEFEDC
0040FFEDFFAA00D8
0021FE3A005B0145
0049FFD7008D006D
01030060FF9000B5
003BFFD0FFA700C5
FE9A007DFFBAFFAF
0032025FFFE3FFEC
005600C60048FFE0
FFCDFEA801B70164
005100C8FFA8012E
FF3FFFE400BEFF6E
007F000D00BAFFCE
FFC40052FE48FEF1
FFB000C4FF7F001A
00FA00A40110FF99
021CFFE7000BFF0C
FF33FFF6FECC0025
FF1DFCE6FFC20024
FF25011FFFDDFF62
003000020097000C
FEEE004300F8FFAD
FF980086FF08016A
010B0046FFEB0142
011E0101FEE7FF82
FF6100BB002D0103
FF7D003D007500E9
000BFFC0FF5B00FF
01220001FFE7002C
005FFEB5007B00BF
01C0001600D4FFD7
FF74FF5D00430031
FFB700DE0005FF9F
00940096006000E9
00060331005CFED4
FEF0000FFFD8008C
FF7AFEEA007C00AA
01A7007BFE440039
FEACFFF800F2004A
01C8FF9F008BFF90
FFEC0109FFE300FC
008EFFDC011DFE37
0044FF79FE7CFE6E
00CCFFFF00D3FF5E
FF8500240013FE7A
01C2FF590118FF83
0254008200A50040
00760005FE2EFFE1
00BB0083FF85FFF9
007CFFEAFEBFFFCE
0277FDC4FFCE0064
0083FFF8FFFDFED7
00E2FF4D00A2FF88
009901F9FF710079
FF2A0005FF1C013C
FEC8FF15FF1AFFA4
00670252FFB400CB
FEE0FF990079FF3C
FFDBFFCDFEC0FFFC
000DFFDDFEDF002E
FFE7003900D8FF24
01D70028FF49FFB7
FE57FEB1FE400013
010BFEE9FF09FFE4
0115FF8500D3FEFE
0029FFD0FFC800A6
0030FE4B005300D0
0037001600EC008A
0101007CFF9900C3
FFE3FFDDFF9800CA
FEEE00AD0017FF46
002901C30037FFA4
006A00CFFFC9000C
000AFEC301B30114
005700EBFFED017C
FF51000A00CBFF51
009AFFE30089FFB5
FFB30022FE26FED8
FFBC00BEFF99004A
010900D10131FF92
024400270000FF51
FF4DFFFFFEAC0032
FF63FD4DFFA800A7
FF0400B0FFECFF78
FFFF001F005B002C
FF0800160114FF4C
FFE20084FED9018F
00DC008EFFBB00D5
00EB0104FEADFF36
FF8000A000030150
FF9FFFFE00450097
0030FFB8FF9600DA
0123003EFFF50007
00C7FEAC009500CA
01DEFFE700F8FF76
FFA5FF6E0015FFED
FF9C00F80005FFC0
00EB00D4008600FD
FFE703760066FF26
FEE20059FFC7006C
FF81FEFE01170086
01B60062FE6A0094
FEB400270105FFF4
01BCFFB9005EFF18
FFFC0124FFD40091
0120FFC000E7FE44
FFF3FF97FE47FEB2
010900620102FF52
FF86FF880062FEA4
0211FF480129FFA9
027800AD009B001C
0164FFA9FE4CFFE6
00C10082FF470024
00520070FEC9FF17
025CFDB9FFCC009B
00EE0074FFE8FF27
0049FF27009EFF18
009D01A9FFB7006B
FF3EFFDBFF510139
FF39FF2FFF10FFB9
007C0200FFA50124
FE64FF8400B5FF47
FFD2FFAAFEDFFFA5
FFE20041FED20011
FFF9004A009AFEA0
020EFF88FF0FFFA4
FE93FEC0FE85FFEB
0186FEB4FF0EFFCD
00DAFFBC0076FEF7
0019FF86FFC0008E
0069FE710042004C
00AB000200F30122
0109010C001A00D4
FFB6001CFF6400A4
FF62016200C9FF4F
FFA500EA00C4FFB2
004F00B3FF6BFFE4
0031FE8E019500D1
FFBC0070FFD701E8
FF68FFFF00A1FF93
00A6FFBF0066FF5B
FF820024FDC8FE94
FF9E0090FFB5008C
016500F40100FF7C
0240FFF3002AFF1E
FF90FFF7FEB5FFE1
FF9AFD82FFB60196
FF1B008B000CFF94
FFBA00500028004E
FF3DFFFC013DFEA5
FFF00050FEDC01AB
00AD00BCFFA200BF
010800F8FEABFF0A
FF6C0060FFD80156
FFD9FFFEFFD10086
0053FFC8FFE700E4
0130005FFFDBFFBF
00DAFE9400AE0096
01B3FFBD0105FF77
FFFFFF520006FFF0
FF8D00CF0046FFDD
0138011C00970125
FFBA0325005AFF41
FF47006AFF9EFFE7
FF02FF7001720029
01EB0055FE910146
FEF700350159FF6A
01CC002B0063FEB6
003C0114FFCE0071
01B3FF8B00BAFECB
FFDA0028FE9AFEB3
0145003E0119FF57
FFC3FF4100B7FEB7
028EFEA5013BFFDB
020F006A009EFFB7
0217FFE5FECAFFE6
00B100FDFF00003F
001100ACFEE9FF17
01FFFD9FFFC70076
00B800A2FF80FFA6
0029FF3900C4FF54
00D10139FFD5FFF0
FF3BFFF9FFBB00DA
FF66FF49FF0CFFF2
0078014FFF930130
FE25FF4A00C6FF60
FFEDFFDAFEEEFF5A
FF4300A5FEFCFFFA
0029FFE900A4FE5E
01B1FF77FF29FFAF
FEF9FF21FEA0FFF8
01A1FEBAFF09FFDA
00AFFF9C0090FF19
FFF2FF72FFA60067
0068FECD001DFFA3
0040003C00EC00F0
00800121006C0126
FF4B001DFF43001D
FFCB016F00F9FF5D
FFCDFFEE011DFF9D
006800AAFF310021
0044FE92015F0047
FF910062FFD90206
FF66000800B4FFBE
00ACFFB3FFFFFF6C
FF68000EFDFFFE73
FFA90041FFEB00A9
014F01020095FF79
0214FFEC000CFF32
FF890016FF46FFC9
0004FE5CFF550195
FF24003B0009FF9A
FF8A003AFF9F0041
FF9BFFAB0148FE87
FFFC004FFF410169
004F00B1FF8E000A
00CF00FBFEB2FEFC
FF650046FF59014D
FFBEFFC2FF5EFFD9
00F80011FFE900A5
0096004F0026FFBA
00F1FE4E008D0081
01D4FFA80129FFD3
0070FF53FFC7FFFC
FF04010C0087FFE7
0153010B008E010E
FF350292005AFFB6
FF6D0091FF5DFF8F
FF07FFE101BF000C
01720060FEA40189
FEFD007E0113FF0D
01AC0030004EFE4E
FFF700CDFFCFFFEE
022EFF5F009AFEF0
00190027FEE0FEF3
012500670111FF7A
FFECFF1C00DAFF2E
029EFE8700F40013
01B1007400D4FF92
02B9FFE5FEEB0074
009A00E2FF060056
FFBD0109FF10FEBA
01BEFDCBFFC300A2
00DB00D6FF7E0006
FF94FF540088FF04
00B800E5FFFEFF9A
FF58FFC4FFF60093
FFAEFF50FEEDFFE5
00A300C6FFC30154
FE19FF390101FF98
FFFB001DFF1EFF3A
FF0E00B7FF270028
0028FFAA00A0FE44
0183FF30FF40FF7A
FF63FF20FE9DFFF9
01BAFE9FFEE6FF8B
00B0FFE00074FF36
FFE5FF24FF70008D
00B3FEF1003EFF54
0049006900BE0109
007B016C00AA0103
FEFC004CFF07001C
000F019B00EFFF4D
FFB4FF7F0105FF9D
00740080FF180005
0041FEA10119FFD3
FF4D0039FFC80216
FF62FFDA00CFFFCA
0092FFBBFFF7FF5D
FF300024FDD4FE96
FFD00059FFF900AB
01B201270086FF54
0190FFD10002FF97
FF840001FF92FFC9
001DFEC1FF640226
FF50FFF70027FFBF
FF6F0045FF6B0048
FFC9FF8B0164FE32
00420019FF5D0126
005800DDFF71FFE6
00A700CCFEE1FF14
FF3C004EFF220138
FFB2FFA9FEFFFFFF
00F80023FFE600B4
0066008B002FFFAB
00D0FE5500960013
0187FF74013EFFAE
00A8FF4EFFBBFFFE
FF0C00DD00D50015
017201260060010D
FF1201E3006CFFE7
FFB300ACFF57FF80
FEFF000201D1FFC1
01660036FEE401A7
FF4600950132FEB1
017300670037FE5D
FFD500ACFFDBFFAA
0214FF6D0005FF3E
0044009EFF1DFF1D
00FC00AF00B4FF3F
0021FEF900FDFF53
0277FE8B0104003B
0193006E00A1FF6C
02C60015FF2D008C
007000DFFECD0067
FF860145FF26FE98
0171FDFBFF5300B2
00DA00F4FF970062
FF53FF560074FEE2
007A00DE0015FF25
FF5DFFCAFFD200CF
FFF3FF0AFF820001
00D800A9FF830135
FE2AFF66003EFFDA
FF840014FF47FF1D
FF070138FF0CFFEB
0074FF470056FE5B
017DFED3FF37FFC2
FF7EFF2BFE84FFEB
0174FE78FEA3FFB9
008F000E0060FF57
0014FEC8FFAC0034
00BBFF4B007DFF30
005500C6009900EB
0068014800E300FE
FEF200A4FF2BFFFA
0058016B009AFF3F
FF80FF54011FFFA0
006C0051FF29FFE3
006DFE8200B2FF8E
FF2500A9FFBC025F
FFC5FF940105FFF9
008EFFDEFF75FF90
FF49FFFFFE54FE81
FFE800840015009B
01CA00DE0029FFBA
0125FFC5FFE9FF26
FFA6FFF6FF86FF99
0007FF14FF8A0278
FF440053FFF4FFCA
FF6D0070FF7A0065
FFC0FF81017FFDF9
00480048FF3C00F2
004F0113FF77FFF8
006900FAFEFEFF2C
FF680033FF2400DE
FFE1FF8EFEE8FFD8
00F2005EFFE20085
003D00590013FF6E
00A4FE6800800008
0164FF96016CFF8E
00DCFF60FFC2FFF9
FF23006E00F40034
017401190059010F
FF11018C0068003E
FF9600CAFF81FEEA
FF2700350199FFAE
00EC004CFF15018B
FF80007E011AFEAC
01000076004EFE8C
002600ACFF9CFFCB
0220FFBFFFE7FF88
007300C1FF3DFF61
010D007C00BEFF22
0022FEA90104FFB8
0271FE8300CA004A
0140003B009CFF2F
02AA001BFFB30071
006E0134FE9F003C
FF380165FF38FEA9
013EFE2BFF1300B6
00A200D5FFA4007B
FF0DFF70003AFF2E
00920079001CFEFA
FF90FFD300090072
000FFF25FFBF0073
00B30083FF840127
FE3BFF59002EFFD2
FF9F0018FF0AFEBF
FEC60153FEEDFFBC
0089FED5004DFECE
0139FEB6FF8FFFB0
FF8BFF3BFEDEFFE8
0150FEA0FE79FF8E
0041FFE50089FF65
0014FEFBFFA50057
00BDFF980072FEC2
003300BC006500D7
0034013C012100CC
FEC500ACFF51FF94
0079014C0072FEFE
FFC3FEF30110FF84
00100056FF33FFFA
007FFE7F0066FF5D
FF0E00A8FF6B0270
FFDAFFAE01010009
008E0037FF4AFFB8
FF4E004CFE68FE35
0010006D007000BC
019D00EDFFF0FFEB
00DDFF77FFE5FF11
FFBA002BFFADFF70
0056FF9EFF680238
FF410035FFD6FFAE
FF59003EFF7C0076
FFA7FF89019FFE20
005A0029FF9200B0
002800E5FF4EFFC4
0060010DFEE2FF56
FF400045FEEF00D3
FFB8FF8EFE9CFF81
014C0046FFFF0087
000F0077FFF9FF5B
009BFE7F00CC0004
0120FFBA0173FFD5
00D3FF6CFFB50008
FF33004101120086
0154011E007F00D1
FEB0010500360057
FFDC010AFF8BFEDC
FF6600770196FF7E
009D0029FF3C0176
FF7900A700E7FEAE
00C300910042FE65
00130079FFA9FFA2
0231FFDFFFF3FFD3
009000D8FF6EFF7F
00F7009A00B1FF47
FFF8FEE60166FFF3
028BFEDC004F0047
00D3006F0077FF51
026E005D003700F3
007A0159FE9E003A
FEF10147FF6CFE83
011FFE4EFED5010D
0072008EFF9600E3
FECBFF620036FF4E
008C00110061FEA0
FFF4FFFE003A0027
0054FF01FFC400EF
00E400B6FFD80106
FE87FF8FFFDBFFD8
FF6F0044FF47FE95
FE7D014CFEFBFFA3
00AFFEA4004BFF31
0158FE7FFFCAFFB2
FF6DFF30FF55FFCC
0140FED8FDF9FF5C
002DFFFB00E1FF92
0030FF07FFA0007C
00970029008EFED2
000C010A0075009F
0013010F012600A6
FEF600E4FF66FF98
007C00D90007FEAF
002DFF1700A9FFA2
006D0019FF6F002B
0080FE6C0033FF2B
FEB700ACFF42021B
FFCDFF770135FFF3
00930057FF7D001C
FF6A005FFE81FE26
0074009C009D00D9
01BD00D2FF9B000B
005AFF63FFB2FF33
FFA5FFC9FF9DFF4E
0062FF69FF440251
FF93006EFFA0FF7F
FF4E0010FFA2005F
FF9EFF9201B0FE31
0053004BFFE10070
00640109FF27FFDE
0001012AFF07FF93
FF3C007EFEE100B8
FF4AFF8EFE8CFF8B
0123003EFFBE00AD
002B009EFFF9FF64
0030FED300CCFFD2
00E8FF670150FF92
00E4FF8FFFB1FFFF
FF61FFED014900E0
01500126007100AA
FEA60060000F0090
FFA90104FFA9FEDD
FFC30057012FFF41
00890031FF3C0127
FF68009D00CDFEF9
008F008B0028FECD
000A003EFF78FFCB
01DF003BFFDB0026
00D10086FF8EFFAD
00E4005D0052FF45
FFC9FEAD012A0023
022FFED8FFF60028
00E400270066FF68
02220074004E00FC
00560138FE960029
FF210142FF47FE77
0117FE5DFEAD00E0
00BD0040FFA00101
FE9DFF12FF9AFF0B
00AF005B0063FE84
FFE700000047005F
002DFED4FFFC00B4
01030125FFDA00B0
FE31FFA4FF86FFE6
FF460027FEC5FE42
FE960124FF01FF83
00C0FE2D0034FF7A
014DFE94FFDEFF9E
FF55FF1DFF3DFFEC
00F8FEDCFDD7FF70
FFE9FFD900E4FFA3
0026FF08FF93004D
00BE009F00B8FEAC
002500DC0032009B
005500FD011A00AF
FEED0110FF74FF6F
0060009BFF9AFED0
0073FF3500B2FF96
00200016FFBC0013
006DFE6DFFF4FF6A
FEA600D5FF1B023A
FFF2FF6F0167FFF1
009B0075FF2F0022
FF5800ADFEC5FE5B
008600AC007D00B0
01C500B3FF60001D
0036FF20FFDEFED1
FFAEFFCDFF88FF45
0081FF5EFF700211
FF8C00C1FFA0FF71
FF67FFFAFFB10063
FF3AFF95019DFE52
FFF60064FFD0003E
004900CBFF2C000E
00160165FF3CFF9E
FF550083FEE50050
FF6FFF65FE87FF89
012D005EFF8A009B
004D006CFFDEFF4F
FFDCFEAB00B7FFDB
00ABFFA00183FFBF
00C7FF62FF9C0020
FF54FFEF017B00D2
00EB00EF007B0087
FE82003800360072
FFE600EAFFCDFE94
FFD8004100DFFF56
00270042FF3B00FB
FF70006500B8FF04
0091007D004CFEFD
0008FFC8FF83003C
01B2008AFFEA0051
00E900B6FFDEFF9C
00C20064002FFF76
000CFF0E00F4005D
01C5FF22FF800023
004E00260055FF70
01DB00A700A80134
00080159FE8EFFDC
FEF7012BFF5AFEA4
00B9FE7CFE870135
007AFFDCFFB50138
FE57FF1AFF7BFF68
0078001F0080FE52
0012003F00480027
0066FECA005F011D
01160112FFE40076
FE81FFBFFEF50012
FF320067FEEFFE55
FE8600BCFEF3FF68
00CBFE0B002E001C
011CFEB5001EFF9F
FF29FF2CFF38FFD1
0093FF23FDBDFF64
FF9A00000112FFA2
006AFF2CFF650076
007A010B00C8FEA6
002200F5FFEE0044
004900F300FA004E
FF0800F2FF86FF31
0057FFE4FF15FE9F
00BEFF630068FF98
00110001FFD10011
0099FE62FF96FF28
FEAD010EFEF701FE
FFDDFF4B0154FFFD
008900E6FF3C0087
FF6200C4FF4EFE82
00E100EE00B5009F
018A0085FF1000BF
FFD5FF230024FED4
FF86FFAEFF9AFF75
0095FF9AFF6601DF
FFAF00EBFFA1FF78
FF84FFB4FFBA0046
FEF3FFBF018DFE99
FFE000350015FFDE
007D00A8FEEAFFEC
FFB00182FF7FFFF8
FF3300B6FEED0013
FF19FF6BFEA4FFAA
0125000AFF3C00B1
000D0040FFC2FEF4
FF6BFEDA00C8FFD1
0047FFCE01A2FFCC
00D9FF9EFFA7FFFE
FFADFFA201B700FC
00BB00B3005D0047
FE51FFAEFFF200AF
FFD800EAFFD1FEAE
0019003900A7FF3E
FFE50036FF37008A
FF7400500022FF3E
0041007C001BFF58
FFE3FF64FF780038
012200DEFFED007B
014D00A4001CFFC1
00D500240000FF95
0010FF5600D80052
01CCFF49FF48002B
0021004F0012FF86
016A009900CC011A
00130171FE9BFFD0
FEE300FCFF6DFEB4
00E5FE71FE54015F
005EFF92FFA3012D
FE57FF13FF2CFF92
00A9FFFB0076FE1D
0025001D00460004
005AFEAA006A0154
0103016B00070043
FE99FFD1FEC20010
FF1F0029FEC8FE51
FE97009AFEDCFF52
00DAFDEC00050073
0120FEA40039FFAC
FEEEFF08FF66FFE5
0082FF57FD84FF5D
FF76FFC60164FFCF
004FFF63FF59007A
0068014300ACFEB3
002700DA0003002A
0066009900DE0041
FF530115FF80FF17
0042FF91FECAFE88
00B5FFB60043FF99
0003FFD4FFF60020
0058FE59FF8CFF60
FED40111FEE001E8
FFE8FF52014EFFFC
00B600FFFF300094
FF6C00CCFF6DFE76
010B00C300E70094
01560059FEFE00AF
FF95FF050005FECA
FF58FFB6FF68FF71
008EFF78FF2E01A0
FFC300DBFF7AFF41
FFACFF71FFCC0039
FEC2FFDB0194FEB6
FFD6007F0041FFC2
006F0088FEFA0025
FFBD0196FF7DFFF9
FF1D00D1FF15FFF1
FEE7FF5BFEADFF7D
0146FFFDFF0800B2
0052001CFFA2FEEE
FF58FEDF00E5FFF7
0011FFDD018EFFE8
00DAFF89FFB7001A
FF7DFFA601A9013B
00930083007D0037
FE63FFC7FFFE00A0
FFC900E7FFAAFEC0
0033002A005CFF24
FFCE004AFEFF0023
FF5B006CFFF9FF8F
0055007B004FFF98
FFE0FF4AFF63007F
0100010200170077
0166007F002EFFD5
007DFFE9FF97FFA9
FFE0FF85009A0077
0194FF7CFEE9002E
FFEC001E0039FF81
00B800B000B20123
FFE8013DFEF6FF9A
FED500A2FF6FFEDA
00EEFEAFFE71015B
0068FECEFFAC012F
FE5CFF0DFEB7FF8B
00D2004E0055FE48
0044000E004D0045
004CFE9200AC0106
012D01C4001AFFF6
FEBA0003FE7D0019
FF0F005AFE5DFE39
FED40053FEFDFF66
00F5FDBEFFFF00DD
010EFEF60056FF9F
FEB9FF03FF630009
0009FF86FD78FF5C
FF70FFDB01A8FFDC
0060FFCAFF260080
005901A500EDFEF8
004F00B6FFDC0008
00A100A300F10029
FF43011EFFB1FF62
FFD2FF08FE4AFEC9
00EC002AFFF5FF53
FFF6FFBA00440016
0049FE5EFF54FF7D
FEF20136FEC901D3
FFFAFF1C013CFFED
00A00138FF3300BB
FF7C012DFF82FE7E
014400F300AE0073
01AD007DFEF800AE
FF80FF1D0002FEC8
FF18FF7FFF51FFA8
0074FF36FF650129
FFD2015CFF7BFF22
FFB3FF42FFF6FFFC
FE76FFFC018AFF26
FF8A009A003CFF86
0098004EFEAD008B
FFBC01A7FFB4000D
FF12010BFF47FF9E
FEABFF61FED2FFB2
00D1FFE0FEC600DE
005C0017FFA6FF22
FF32FEFD00F3FFF8
FFC9FFE50188000A
00AEFF99FFDA0003
FFB2FF7E01AF011C
003B007F0068001B
FE81FFADFFE1004F
FFC600A5FFACFF15
0083FFD0FFD2FF39
FFB1003CFF23FFBD
FF570048FFD2FFA8
004C005D007D0000
FFECFEE8FF9C00AF
006F01370028005F
0180008E007CFFB5
0036FFD2FF710011
0004FFE600810050
0142FFD6FE42003C
FF71002D0046FFCF
FFF200A300B10172
FFC2012DFF32FF81
FF310037FF42FEF7
0157FEBFFE7B0187
00A4FE9CFFB000D6
FE7EFEF9FE5AFF86
00D300BE0073FEA8
FFCC004B00790065
0007FE6F00940128
012A0231000BFFFF
FEE00009FECF0013
FF060099FECEFE3C
FF11FFB0FEECFF7D
00F0FDA6001F00F1
0104FF1E00C0FF0A
FE3AFECDFF29004A
FFBBFFC9FD82FF35
FF72FF8E0169FFA4
00580003FEDE00AD
004701AD00CDFF45
00BB008CFFABFFB2
00B8007E00E0FFD2
FF7400E5FFB0FF98
FFA4FEEEFDE2FF09
014700D0FF7CFF62
0015FFA500CFFFF2
FFEAFE65FF4AFFEE
FF2D010CFEB7018C
FF6FFF2C0154FFB4
00A70136FF9800DB
FF860133FFB1FEC8
014401550095004F
014F0069FEE10095
FFC9FEC90050FEEA
FEFDFF7FFF6FFFD2
005AFEFEFF8100D1
FFD5017FFFA0FF10
0019FEFA0042FFDB
FE8900B00143FF8C
FF5200C0000BFF6D
00A20006FEBE00BF
FF7E017B00240069
FEFE018DFF8AFF9B
FE97FFA1FEE5FFD9
0117FFD8FE6600D9
009F0020FF9AFF32
FF1FFF3200AFFFD7
FF3FFFA901B7FFEE
0097FFCCFFAB005A
FFA6FF63019E00BF
00070034000F0025
FEAAFFC10014FFFB
FFD3008EFFA6FF49
0074FFB3FF66FF52
FFE1004CFEF1FF55
FF440014FFFA0032
0093003A00FC005F
FFE6FED6FFF40100
FFCC01A900330045
01AD009400B6FF34
0049FFD0FF1E0014
FFCDFFD1005C0084
0137FFE4FE1DFFF2
FFDB002C0034FFEE
FF4700DE009E018B
FFAD00CDFF37FF70
FF5F0004FF31FF59
015EFEF6FE3E011D
000CFE8BFFDA00D8
FEBAFF12FE0CFFCB
00D0005E0020FE88
0006FFF3007D0032
0020FE2C00C70150
0124028A0017FF88
FF310034FEA5FFCC
FEF10039FE98FE4E
FF4BFF5DFF09FF76
00CFFDC5FFE9015B
0145FF4800F8FF16
FE6BFEC4FF340058
FF71FFF6FD93FF26
FF82FF840204FFDF
00580048FF0400D1
0052016100CFFF44
00DF005C000BFF7A
0093FFFF00D5FFD5
FFE6009DFFE1FFC5
FF44FEC4FDDAFEC5
0160011AFF3DFF81
002AFF9E012D0006
FFA3FE76FF3DFFFF
FF580103FF070155
FFC6FF63015FFF6D
00D700F9FFAC0104
FFA50146FF84FEE7
016D013F009AFFF1
0132005DFF320099
FF58FEBBFFE3FF42
FF3BFF79FF02FFD0
0016FEC0FF6A0086
002801B7FF53FECE
0015FEC5006FFFF8
FE84008F00F8FFF3
FF4400EA0026FFA8
00960004FEE800FD
FFA1015AFFD7006A
FF27014FFF89FF42
FEB5FF9FFF1CFFD4
0098FFCCFE7700A2
00E60014FFB8FF7C
FEE5FF5C00C0001F
FF22FF8C0173FFC0
FFBCFF81001B0066
FFE2FF0D01390106
0012001C0020FFF7
FEB800240041FFF7
FFD700CAFFDAFF9B
00F9FFC2FF4CFF6F
FFD200B8FEC7FEF3
FF5F005CFFBE00AE
004E009100FD0092
FFCDFF1DFFB4014C
FF9E01B8006B003C
01670054009BFF8C
FFE3FFF1FF290047
FFBA001E00530050
00EC0072FDEB003C
FFFF002400010003
FEA3008D007701D3
FF8D0043FF86FFB0
FFA2FFA0FF43FF80
01D5FF41FE48010A
FFFAFE89FFFE0045
FEE0FEE0FE10FFBA
00A1007C000DFEEC
FFF600020063002E
000AFE5200B1012D
012002EE0042FFA7
FF670057FEA9FFA7
FED50040FEE6FECB
FFB9FEBBFF6DFF9C
0084FE03FFF8013F
0154FF96011FFEEA
FE4AFE9DFF74005D
FF55002FFDA3FEFC
FFA9FF5701F6FFD1
005B0048FF5500C2
004B00DE00AEFFC8
00C1008F0050FF84
007AFF9E0070FFBA
0065003CFFDB0009
FEE3FED5FDA5FEBF
019201AEFF16FFC3
003FFF590191FFE2
FF37FE9FFF610011
FFC100AEFF3C00EB
FFA9FF760139FF5F
00C80090002700E2
FFE00160FF16FF43
0150017A0086FFB6
00EF0072FF60008D
FF61FEC2FF94FF33
FF6BFF2EFEACFFC4
FFDCFE4DFF3A0004
FFEC01CEFF2CFF2D
0049FECD009CFFE9
FEC700E000F30069
FF7400FCFFD40006
01300044FF290155
FFCC01200000004F
FF150192FFB5FF80
FEB2FFB9FF32000C
0022FFF4FE600053
01470035FFBBFFE1
FED6FFBF0106004A
FECCFF4C00F3FF65
FF58FFA6003500BB
003EFEBF009700F6
00250010000CFFFE
FEE600570071FF95
FFD700A1000AFFAA
00F0FF83FF05FF0E
FFDF00F9FEF2FEB7
FF8D002DFFD5011D
003C004900F200F5
FFCFFF72000A016E
FF5801BB006C0026
00FF000100A1FF92
FFB8000BFF16005E
FF8A007000220036
004F00E2FE17FFE4
0058FFE500150049
FDD000BE004D01AE
FF8BFFF8FF92FFBB
FFB5FF58FEFFFFD3
0204FF4BFEBF00D3
FF8EFEC800280011
FF9EFEB7FE8D0046
006A009AFFEDFF46
FFA9FFC3002D0051
0006FE5E009C0149
00E902E40043FF52
FF970081FEDCFF51
FED30006FF2FFF02
0003FE3CFF79FF3C
0022FE6F00290154
017A00170148FEF2
FE6AFEC6FF8A0083
FF080069FDE2FF73
0006FF5F01AAFFB9
008400C4FF9000F5
0020008C004C001E
010E00480047FF73
006EFF680033FF94
0111FFE30000000E
FE67FF22FDA8FEEC
01B7020BFEE10007
006EFF720160001A
FF26FEC2FF9A0059
001600A7FF45005F
FFB4FF900108FF07
00C5005000D000D6
0027014FFEE8FFC3
013C018C0030FF7B
0085007AFF30006E
FFBEFE94FF79FF7D
FF73FEDFFE64FFE9
FF97FDF3FF58FFAC
00040235FF50FF08
0069FECC00C8FFCC
FED00100005400EF
FF6400E9FFF60092
012C0034FF38013C
FFD60124FFFE004C
FF580165FFC3FF5F
FE72FFC1FFE6002F
FFAEFFA6FE94006F
016EFFDAFFCDFFE2
FE8DFFEB00BB003F
FECEFF620085FF0D
FEC1FF7B00530109
006AFEDE006A00E9
0028FFEF0000FFD9
FF4A00DE0051FF9D
FFF3009600610021
0108FFB6FEC1FF39
003C010EFEE3FE51
FFAC0023FFB70165
0036000B00F300FB
FF97FF5200380157
FF10017F00D3FFCE
0107FFB900B6FFB2
0039005BFF31004C
FFC50099FFD6FF77
003A00DEFE4FFF6F
00AC007F0012007B
FD6D0077FFD4015E
FFE9FFAEFF9EFFCE
FFD2FF60FEE8002D
022EFF3DFEA4008E
FF55FEAC0085FF53
FFF2FF0EFEA80065
006100E4FF83FF88
FFB0FFF3FFBD002B
FFDFFE7700850101
008E03110035FF56
0005006BFF61FF26
FED5FF9FFF38FF75
005FFE28FF9CFF62
0015FF4D003E0188
0174FFDB00E4FF1B
FE7BFEEFFFD8009B
FF190047FDC9FF82
002AFEF001BFFFE1
00850127FFD8010C
003FFFE3FFFD007C
00E4FFF000BCFFAE
00B7FF45FFEBFF8E
0127FF80002500A2
FE24FF56FE05FECC
01670210FEDC0031
009CFFA3016F0010
FF15FEFAFFF400AC
007A0066FF9B0090
FFC4FFC100ABFF1A
007C000F00DE00EA
005D011CFEC9FFA6
012E01410039FF34
001D00B30012006B
0016FEDDFF85FFE9
FFADFEFCFE06002C
FF4EFDA0FF47FFAD
FFC5020AFF33FF8A
0064FEF400E0FFF8
FEB2010D007A00D3
FF6800EBFFB900D8
01480036FF420187
FFCB00FEFF91002E
FF5B01120006FF96
FEE3000EFFFC004B
FF25FF9DFEFC007D
01C1FFC5FFA1FFD9
FED2002900C600A9
FF21FF710052FEA8
FE56FF5D0082009F
009AFE9EFFB9010F
0016FFEE0020000D
FFBD01BB006DFF55
000F006E005D0002
0108FF72FF07FF62
008200FAFE74FE9A
FF60FFC6FFD001AE
000B002C012400B8
FFD4001000410145
FF7101460123FFE1
0058FF9CFFEFFFA9
0015006EFF920032
FFF20102FF9BFF42
000E00D5FEC4FF4E
013A0094000300AE
FD840019FF850132
FFE4FF59FFDEFFDC
007FFF29FED00028
0268FF0DFF540049
FF48FF2A0091FF27
0069FF27FF620075
006900E0FF8C0033
FFA9003EFF880035
FFE8FF08FFDD00B4
005402EEFFB7FF7B
00330096FFCEFECF
FF0BFF8EFFE4FFD0
00B9FDE1FFD1FF8A
FFB90016007600DA
0198003500A9FF0B
FE9DFF14FFB10084
FF34007BFE29FF8F
00ABFEF90182FFB1
00730194FFE40106
0025FF35FFD20129
00E8FFE10126FFE6
0084FF6DFFABFFCC
01A3FF1CFFCA00EE
FDFEFFE4FED5FEDA
010F01FEFF510093
00C1FF9301330056
FEFCFF2B00820120
00DB003100110002
FFA9FFE7007EFF03
009CFFCA010A0072
009000F5FE700003
00DD00F30009FF06
FF6C00B50022FFFD
007AFF30FF56FFF9
FFBCFEF7FD9A003D
FF36FD40FF32FF83
FFB401DAFF1DFF7E
005EFF2C00EE0005
FF1800D8004E0114
FF7000EEFF7B014A
0160004300030149
FFFF00DBFF4DFF87
FF8A00EC0001FFE4
FF2C00270044007C
FF1CFF7CFF1B004D
0239FFA1FFE50021
FEB8002200CA007C
FFCDFF6DFFF5FE9F
FE09FF37006900BD
00BEFF00FF170083
00230002003C0047
FF9B024A0039FF1E
0020002E007D001E
00C8FF75FF38FFA5
014E011FFE4DFF04
FF70FFF0FFD201EF
0067004400DD007A
00080078007B012B
FF9800E20169FFB7
0001FF47FFEAFFB4
00760098FFBE0013
000200F3FFAFFEF5
004400B5FF50FF54
0177009A001E009A
FDB7FFF1FF1400AE
FFC7FF77FFC90007
0077FF24FEDD00A8
0261FF08FF7C004A
FEF4FF5900ACFEDF
00B1FF52FFBB006F
008B011AFF39003E
FFA2003DFF190076
0004FF16FF99009A
00440317FF6DFFAE
007200A8FFE2FECE
FEFAFF62FFE3001A
010CFE2AFFCDFFF2
FFB40091005200A8
01C300150096FF31
FEA2FF08FFAC008A
FF83005DFE94FF84
010AFEFF0155FFBF
00B701950004011A
0000FF0CFFAD0156
00F500130152FFEC
008BFF6CFFA7FFCB
0176FF0FFFF60104
FE0AFFC9FF1FFEB8
00EE0203FF820098
00C0FFA600F9002E
FF6DFF1400E9010F
0108005100680025
FFC30004009AFEF4
009CFFAC00E0005A
00EC00FEFE88FFD3
00E000FF0038FF39
FF5C00C00062003A
00CBFF6DFF2BFFB8
FFC6FF15FD6A0090
FEF6FD13FF40FF93
FF8501ECFF11FF86
0042FF5800ED002A
FF3100B4005C00F0
FFBF00D1FF5B0153
019500B8FFF10140
001900FAFF42FF48
FF5D00DAFFF60010
FF58001B009900DA
FF1EFF85FF59003C
0204FFA5FFA7FFFF
FF52001300CF0094
0058FFAFFFC7FE95
FE37FF1100810081
00EAFEF6FEC90087
00630049003B0053
FFA402AF0021FF2C
FFDF003D00980069
00A0FF29FF84FFCA
017900FCFE14FF0E
FF2A002AFFF00219
0072002E00E20082
001C00E0004C00EB
FF9A0095016BFF7A
FFFBFF42FFC5FF62
00AE0071FFE8FFBD
FFAA00A6FFE9FEC6
007800760008FF0A
01CD00AE00790072
FE53FFB7FF21006A
001FFF40FFCEFFFB
0069FF36FEE70085
0262FEE6FFE1FFDD
FF17FFC900E1FEAC
0104FF99005A0075
004900F6FEF70079
FFA3FFADFF1E005A
001DFF43FF500042
FFE20276FF71FFE4
0033007C0078FEA0
FF7CFF2DFFC40018
0102FEABFFE5FFD5
FF7900E70067005C
01E2002A0068FF48
FF10FF21FFC50051
FF6B0023FEFBFFEB
0110FF2A011AFF88
0087017800590116
000FFE6EFF9B0116
00AAFFD301870083
00B8FFC5FF980002
0127FF06FFC90148
FE3D0073FFB0FED5
007701C9FFE00077
00A3002C006F006F
FF6EFF42012C0112
00D2001B00750061
FFDA003F004BFEEB
0077FF4A0127FFE3
00B400DEFDE2FF90
008F00C3FFCEFF38
FFB500CB00D5FFC9
011DFFB8FF210022
FF7FFF1AFD96006E
FEFCFD07FF4CFFFD
FF810197FF5DFF5D
0012FF7200A40001
FF86007F005D00AB
FFBB00A4FF5801E1
015700BA003A0117
0047008BFE99FF2A
FF790097000E0044
FF6B002200B000B9
FEEAFF80FFF80036
01FFFFB2FFEF0083
FFA00003009F00AA
00A2FF65FF92FE76
FDF1FEDC0060008E
00CFFF80FECA008F
0056009200520081
FFF20343FFECFF0D
0008005E009A006D
0066FF48FFB5FFDA
01C50102FE2FFF96
FF58003E00180187
009B001D0073FFDE
0018010D007D00EB
0042FFA3018AFF0D
FFADFF81FF4DFF77
00E500CF004CFFA3
000C00CF0009FE76
00A900740066FF15
024A00D800680097
FEAEFFADFEE0004A
0045FF43FFAD003A
00B9FF55FEF9005E
027CFEDCFFF1FFF6
FF33001200F6FEDD
0105FFA300C90042
00530106FF24008A
FFB3001CFEFF007C
0035FF49FF0D003E
FFB70287FF3B000E
002D00690094FEA7
FF5AFF38000F000B
00D1FEF1FFF40027
FF6B01250077FFE6
01A6FFD50026FF7A
FF2CFF3AFF90008D
FFF20043FEDBFFC5
0170FF5E0103FFB5
009C0177008900F4
0026FE35FFBB0157
00E10007018C00AB
00A1FFF3FFFD002A
0116FF2DFFDE0123
FE4E00D40043FF07
003B014900210087
00FDFFFD00400078
FF9CFF3901640111
0107003A0089003F
FFE0003400BBFEEF
0081FF2C0129FFCC
00C900DBFDFFFFA0
006E00AFFFE0FF63
FFBF00EE00A9FFC7
0157FFBAFEFB0020
FFB4FF4BFD4C0092
FED9FD37FF64002A
FF6B01AFFF72FF88
000BFFCA00860029
FF9200110069004C
FFFF0086FF2C01F2
01980106007900D9
0016008BFEA3FEB2
FFB80056FFD80055
FFBC002D00C20106
FEC8FF9DFFF60060
0204FFBFFFE60041
FF99FFCD009C006F
013EFF5BFFBCFE5C
FE38FEE70073008D
00B2FF61FEA80056
006E00C8007100DA
FFA0031AFFA2FF4C
0002005100AA0020
0047FF3E002A002E
020700EDFDEE000F
FF1C002F00460192
00C1005000A8FFC4
00600128006300AF
0076FFA20196FF40
FF9BFF59FF5FFF80
012E00C800ABFF58
FFD600930077FE68
012EFFED00BAFF08
026D00A10093005E
FF2DFFC3FF160058
0065FF9CFF46003F
005BFFB1FEE0005B
0297FEB70030FFCE
FF01008F00BDFF2A
011CFF98016D0079
007C00CBFEEB003A
FFA60008FECA0084
004BFF85FF1A007E
FF8701DCFF310040
002100050117FE78
FF89FF1D0029FFD4
009BFF77FFF80005
FF4A0126005BFFA3
0190FFDA002FFF85
FF89FF70FFCE00A4
0022FFC1FF1C0009
018BFF210110FFEE
0077014600CF0107
004AFDF0FF6300C6
008AFFED01C900DA
0071003A00220026
00E7FF2EFFF200B6
FEB8011000B9FED7
001F00AA009300A3
00F80016FFAE0098
FFCAFF45016A009F
00D3005D00B7009E
000D005900B5FEF3
0080FF090117FFB0
00B900CEFD9AFF54
008300850019FF9B
FFF900F400C7FFB1
017DFFA9FEE10068
FFB6FF63FD6E004E
FF0BFD8FFF6B006F
FF630163FF7DFFB9
FFEAFFDD005A0049
FFCAFFCC00510006
00320048FF7B0237
016C014D005A0044
0030005EFE23FE96
FF9C0016FF87009C
FF950041009100A8
FF04FF98006C002D
01E6FFD5000C0085
000DFF91009C007E
0157FF38FFA1FE5C
FE56FEDB007A004D
0074FF89FEE7009C
00AC010B008E00D2
FF4C034BFF61FF73
004F00B4006B0006
000CFF730098FFE7
01E300FDFE1F0081
FF2200860046012C
00AD00750046FF40
0042013B006D0010
011AFF2C01A3FF25
FFA0FF68FF08FFA7
012600E000D5FF2D
0020007F0089FE94
0141FFF800E1FF30
027A00C000C9003A
FFC0FF89FF00005D
008AFF92FF22006B
0057FFDBFEE9FFF4
0298FEBF0035FFEE
FF2B00D300C6FF5D
00DCFF900154006E
007B00A5FF2F003E
FF850006FE9A0091
006CFF96FEE70080
FF6C01C5FF290054
FFDFFFC90115FE92
FF8BFF2F003EFFD4
00B0FF9B0006FFFF
FF5D01160082FF32
01B6FF770015FF97
FFB1FF7CFF72008F
0094FFD4FF540019
0192FF6900D0FFE4
008700F300BA00E7
0064FDFFFF7F00EB
00CE0042019100FB
0068007A00660041
00B9FF51000800B3
FED8017700EEFF20
FFBB006B00A000A3
015A0025FF5F0087
FFB7FF2B01820085
00CE00440094009F
FFE0002F00EDFEE2
00A7FEC900FEFF8E
004C009FFD89FF5D
0054006B0013FF99
0016012B00C7FFA3
0192FF9BFEC80053
FFCAFF40FD980059
FF28FDDDFF6500EB
FF51016CFFB3FFBF
FFDF002A0066004D
FFEFFFB50050FFBB
007C0036FF06022D
01A0017F0090001F
003A006DFE47FE57
FFCCFFF9FF4400FA
FFB8FFFC008D00AA
FF12FF920058001A
0216FFFE0032006E
002EFFA20097005C
0168FF0BFFF2FE1E
FE6CFEF2005F007B
007CFF61FF1900AD
00FC015200A3012F
FF5B033DFF50FFA4
002C00C10045001A
FFD0FFA600DEFFB7
021300BFFE4400D9
FF55006D005F0104
00D00093004DFF6B
008701260083FFD1
0141FF1A017BFF0A
FF69FFBEFF3EFFA5
019D00FE0102FF29
0035002A00C7FE4C
01B8FF460103FF25
027000C000BC0013
009EFFA1FF54FFFF
0083001DFEE30037
0007007FFEFE0005
0227FE900015FFF4
FF6D011A0067FFDD
009EFFC301F90060
0089005FFF2CFFB3
FFAF0029FEC0005A
00AAFFE6FEF000D2
FF8300F1FF110083
FF8CFF5F0157FEAC
FFA2FF400047FF56
001300460015FFE8
FF3400F70061FF0A
0157FF37FFCBFFBC
0015FFDAFF6800C1
00DEFF84FF34FFFD
0133FF7100A80000
00830113009600D5
005BFE12FF59001A
00BFFFF6019C0138
004F00D600E40065
006CFF6BFFFF000C
FF9901C601ABFEE1
FFA0FF340135006B
00C90023FF0300BE
0036FF1F018E0001
00510061006000E2
003C005600EFFF4E
0087FED500B9FF6D
0069009AFDACFF32
004F000A002DFFED
004601150051FFDB
01A2FFB4FED8008F
0011FFA9FDE20023
FF5FFE76FF7A0123
FFA200F9FFB2FFC4
FFAC0034FFE20039
FFBCFF20003DFF23
00770016FF730206
0113019D000BFF91
FFDE007AFE0FFE58
FF9AFF94FF2700D4
FFB6FFEE00220067
FFA2FFB300AC0027
0172FFDB0032FFC5
0049FF4E00880035
01B6FF200020FEC5
FF07FEC4003A0024
FFBCFFA4FF7B00C6
00FF014C00830105
FEF102D3FF29FFE5
006D00CE000EFFA8
FFB4FFFD0176001C
01FA00ABFE400165
FF25009C00580052
00BD00CA003BFE7A
004A00D8005AFF73
01BDFEFE014BFF69
FFD8FFDCFF32FFD9
01CA00DE012DFF1C
0084000400D6FE54
01C8FF1D012BFF28
021000E9009F0006
0123FF98FFBFFFF0
00980051FEC20050
FFE600DEFF04FFDF
01DEFE7700290016
FF79017B003E0026
004DFFA50219001F
00820038FF79FFAA
FFB1002CFEDB003F
00AC0002FED00115
FF76007EFF01009C
FF65FF1D0151FEE8
FFA5FF850052FF35
FFF300B20013FFEB
FF5000A6005FFEBC
0126FEC6FFA6FFE8
002AFFEEFF440081
013FFF93FF8DFFF2
012BFF6800630015
006100FA00AA00C1
0057FE64FF50FFF5
00830017013B010F
001800EF00F9006D
0016FFC20030FFCE
FFFB01AF01A1FEFA
FF7AFEBB016300A8
00E0002DFED1007B
0068FF430136FFD2
00120054FFFE00F2
00660005014DFF56
00A2FF400053FF78
000F0076FE24FF0D
0039FFE800AF0038
006100F20067FFF9
013CFF99FECF009F
003BFFF6FE83FFFD
FF82FF1BFF740169
FFAF0053FF9E000D
FFCB004DFFEF0082
FFB3FF12004DFE9C
00BCFFC5FF7201A4
00C701AC002FFEED
FFCD007AFE70FE74
FF9BFF67FF02010E
FFC5FFE9FFEC0067
0008FFCC00C70011
0128FFEA0013FF9E
005EFF51007F0022
01C7FF7200A3FEDE
FF8EFEF3000FFFFF
FF14FFB9FFD80109
01170158007A0104
FE980264FEF1007E
006100ED0007FF82
FF8F003F01EF0006
01AB0017FE5D019E
FF25008300570024
00CF00CDFFD3FE7F
004E00C70041FF31
01CEFED80119FF69
00040018FF5FFFC7
020400A90125FEF0
004BFFEB00C9FE4F
01D2FF530146FF16
01A400E700A2FFFA
018DFFE0000BFF8D
00A800B2FEA20009
FF6000F2FF43FFBF
0167FE7CFFDC005C
FFB30152002E0080
001BFFD30255002A
008E0044FF63FF1E
00070020FEA3002E
00C1000FFF07013B
FF910041FF3D0095
FF51FF1F012BFF45
FFD3FF7E0042FEF9
FFCB01010028FF9F
FF82006F0024FF37
010AFECCFFA40026
00320005FF67007C
012EFF4BFFA4003E
00C1FF9B003F001F
007800BB007F00F2
002DFF01FF33FFAC
0086000C00F70153
004800F2012F004A
FFB90026007FFF8D
0079016F01CBFEFA
FF72FE7A01510055
00AB0051FE890074
00B4FF260154FFA6
FF9800B0FFDD0102
007E0028017BFF96
00B8FF95005EFFAC
00140061FE90FECA
0088FFE50094004F
00D500AF002E005A
0111FFADFEF80094
000C0031FEDDFFE1
FFAAFF28FF900197
000A000D0008FFFD
FFF8003BFF9B0033
FF74FEE30024FE15
00B1FFA6FF9C014F
0064019BFF9BFEEA
FF8200C1FE99FEDC
FF2FFF66FF3E00D9
FF8DFFD600030074
005EFFD6009D0052
00CDFFE6FFE7FF01
00B9FF5300570016
01B5FF9C00BFFF3E
FFF7FED4FFCDFFA9
FED6FFBE005D012F
00C20165005700F6
FEDD01ECFEBD00B9
004700F6FFBBFFAA
FF79001C01AB0026
014AFFDBFE650197
FF09009D0056FF9E
00CC00B0000AFE61
007900490000FF3D
01ADFF0D00E1FF7D
007F002DFF37FFB1
021B005C014CFF1A
0041FF9F00EDFEA7
01D8FF62010BFF34
013600C0009BFFEA
0209FFEE0053FFF1
00B1013DFE4B003F
FF39012BFF6DFF8C
012AFE88FFB000A6
FFDB0157FFC9006F
FFD0FFEB02080023
009E0006FFE5FEFC
002F006AFF1EFFFE
00BEFFF7FF120186
FF8F000DFF7800C4
FF39FEF200B3FF6B
FFB6FFA7006CFE78
FF5B0131FFC8FFCA
FFC700050033FF29
00ECFEB8FFD4003B
FFD9FFF4FFAB00AB
0126FF55FF25FFFE
0082FFA3002B003E
007C00310037010C
000AFF40FF62FF3C
0056004900A60120
000C00FF017DFFF9
FF5B003C0048FECC
00DA014701ADFEE1
FFC5FE0301300075
00A70035FED10096
00E4FEEE00E7FF79
FF3C0081FFA500F2
004B002801A2FF99
00B4FFCF004AFFA3
FFFE0064FE9EFE86
00940011009F00DD
00DD00B0FFFD0089
011DFFA8FEEB005D
FFE80068FF48FF82
0057FF76FFA10197
FFEE000FFFE0FFB7
001D002CFFC80050
FF7AFED6003EFE00
00E4FF89FFDE00E7
00750159FF58FED5
FF9D00CDFECCFF27
FF1EFFABFEDF00EE
FF790001FF920017
00DF001E0051007D
004EFFE2FFF6FF00
009AFF17008CFFD7
019FFF8900D6FF9D
0030FF2DFF79FFD7
FECCFFC900AD0145
00BE0182004D0103
FE960116FED800BE
0000012BFFDDFF8D
FF5000640178FFF7
00F3FFCFFE8001A6
FEDC00C30086FF97
008900F4FFEEFE6B
0047000D0015FF4D
0156FF36009EFFC1
00F7FFF7FF69FFB2
0238004C0141FEDC
0016FF8000D9FEF1
01CEFF93014BFF31
00E700AB00C70001
02010034006BFF97
00B50192FE450016
FF0A011FFF86FF62
0116FE9FFF9C00E6
FFCF0123FFAF00A4
FF9FFFEF01D10029
00DA004AFFC7FEA9
004D0058FEAF0072
00A1FFDFFF530198
FFC70024FF3800BA
FF2EFEF20082FF9F
FFDFFF93003CFE64
FF71017CFF92FF89
0024FFB70013FF76
00C5FE9FFFBB0042
FFB5FFE7FFAB00B1
013FFF17FF4C0055
007BFFD8FFF10034
0092FFEB0022010A
0019FFDDFF68FF33
00890069003D010E
002B012201710004
FF2500B20097FEB9
010700F2014AFEE6
FFC6FE27013A002A
0097007BFE9C006D
013DFECC00BAFF73
FEF000FFFF920143
0073001001C5FF89
00C5005E0018FFC5
00030077FF0AFE37
00A1002500D80100
0141008FFFC1009B
00E5FF71FF12FFED
FFF90093FF83FF90
0033FF9AFFEF01C1
FFF00026FFEAFF97
00020038FFC0005A
FF4AFF0E004AFDE4
00F5FFC4000D00A5
00770141FECEFECF
FFB70100FEDAFF67
FEDEFFCCFF0D00B7
FF510000FFA90049
0126FFE9003500B0
0051FFE8FFD5FEC1
00BAFEFE0077FFCA
0176FFD200EAFFBC
008AFF3BFF85FFA3
FEB7FF9A0133014F
00A50190006C00E6
FECC00D5FEB800D4
FFB20134FFA1FFB2
FF5E002A0160FFC0
00DFFFA0FEAC0175
FEAF00BB0083FF63
009500CA002BFEB3
0084FFC6FFE2FF31
011AFF680074FFA1
01280054FF53FF6A
021BFFED0111FF15
0001FF6C00EAFF02
01D8FFB300B5FFB4
00190097008CFFD4
019F005400ECFF81
00C201F1FE48FFD5
FED000CDFFBCFF5D
00F9FE99FF430152
0013008DFF4C00AC
FF7DFFE001930052
0106005B000DFE92
006000CCFF050046
00A9FFF3FFA301F7
FFF4005BFF650082
FF54FECF0010FFDB
FFF10006FFF4FE09
FF340149FF45FF50
0034FF06004B0007
0088FEC200310056
FF23FFCBFFD300B6
011CFF68FEF30040
FFFAFF9A001B0037
00840019FFE90114
FFCA008AFF8AFEF8
005D0064FFB500C4
001200C401ACFFB6
FF1100E200DDFE2E
00F90056006EFEF6
0067FE3A00D3000B
00370043FF3B005D
013DFEE30048FF40
FF2C012BFEE80101
004FFFFC01B2FFBD
00A900BEFFF1004D
001200CAFFA9FE05
00D8004D010B0163
01100073FF4B00F4
00C5FF37FF36FFD0
FFC500A1FFC7FF6D
008DFFCFFFEC0131
FFE30057FFF3FF7E
003D001DFFCDFFFE
FF03FF4C0022FE53
00B4FFD0006F002A
00550100FEA8FEBC
FF59011EFF620014
FEBD0037FF2B007F
FEF00015FF7D001F
01A80010FFC100CA
FFEFFFF9FFB1FE72
00ABFF100081FFDB
00FD0010014B0054
00FEFF7DFF51FF8D
FE92FF690182014B
006201650060009E
FE91FFD5FEA200CD
FFC10110FF9DFFBC
FF6C003D00FFFFCC
0074FF80FEF000EE
FE7000730081FF73
008100B30037FF0D
006AFF51FFE9FF97
00A900160071FFC6
01980028FF85FF4F
01DEFFD60116FEF7
FFDEFF6A00E6FF7C
01A4FFB10069FF93
FFAD005E00A6FFBE
01A600C4012CFFE2
00C60221FE7BFFC4
FEBA00E9FFD7FF37
0117FEECFEE8018B
00090064FF5600B7
FF3EFFEE01230022
00F40072FFF4FE45
007500CDFEFD0052
008AFFBBFFAE01EC
0029009CFFDF008D
FF49FEEBFF880027
FFD60017FFBEFE28
FF300155FF6DFF65
0099FEA400750040
0074FEB00056007D
FF1EFFA7FFB40090
00F4FF2AFE83FFCE
001AFF9F007F0041
007EFF8BFFB20109
FFEB00DEFFDCFEFA
FFD900DAFFA20086
FFE200A00177FFDB
FEBF0111009BFE7D
00B8FFF10022FEAF
00FCFEB5004CFFF0
0047001BFF880022
0115FED7003AFF33
FF0D019CFEB70124
0028FFD90206FFCB
00A0012C0022008F
FFFF00C2FFA6FDFA
010A00D501090125
0162007CFF3600FA
002FFF15FF3EFFA9
FFA900A90020FF4B
0095FF8A00170121
00120038FFC8FF51
00840011FFCE0032
FF07FF13008CFE39
00E3FFE30062FFBB
008300E6FE77FF68
FF8E0172FF940018
FE8500ACFF0E0080
FEE0FFE3FF60000D
01A9000DFF6C00EB
FFD50032FFCCFE80
00AAFF16008DFFD4
00E9003B01330094
0126FF87FF52FF8C
FECBFF4B01750158
002E016300360053
FED5FF46FECC00BE
FF6E011BFF98FFD4
FFC4FFCF00A0FF8F
0003FF65FF0600C0
FEB100880078FF83
00510083001EFF40
0059FF27FFA7FFA1
00350079FFF8FFCC
01F00021FF3FFF59
01CDFFB20106FF05
FFD6FFC40076FF9D
014A0006007EFF71
FF62003E009BFFE2
011F00F20162FFBD
00AA0259FE6CFFAE
FE9400B1FFDFFF39
00D3FEC2FEC201C9
FFDAFFE6FF6A00BF
FF6EFFDE0119008A
00E700970048FE3F
00A400D9FEF40039
0051FFA40025023C
0041009CFFE7005B
FF89FF2FFF20004A
FFD9FFFCFF8DFDF7
FF080141FF17FF33
00D8FE72005E00BF
0032FF04005E009A
FED1FF97FFCF0099
00CBFF32FE470005
FFD9FFCC004E004C
00B7FF87FFC70133
FFBD012AFFADFF0B
FFCD0106FF5E004E
FFD5003A011DFFCA
FF3801090095FE40
00B8FF7FFF5EFEA2
011CFF3100040002
00540069FF76004E
0125FEB2003AFF70
FF2201CFFEB300DF
0044FFB701FCFFDD
006B0172002A00CF
001400D50010FDDC
010D00AD01160133
0122002FFEE60111
0004FEF7FF40FF5D
FF6D0074FFFFFF3F
00BFFFC3FFF700DF
002B003DFFBCFF47
004EFFFBFFD9FFF4
FEAAFF490089FE6E
00CA000D00BFFF7B
00A600A8FE33FF49
FF9B01A1FF6E009B
FE9000DEFF450055
FEB6FFF1FF97001A
01BE0011FF2D0132
FFB2FFF0FFD7FE46
002FFF1A00A90017
00FC007A00FF00CA
00EAFF9BFF6EFF89
FF07FF7401CE01A0
FFF40123005B0038
FF05FF2CFED400D2
FF510102FFAE0003
000AFFEB005DFF9E
FFC8FFA0FF28005D
FE87008C005DFF81
002F005C0034FF7C
003EFF18FF92FF91
FFF4009D002AFFBE
0237FFA3FF28FF7F
019AFF6C00F1FF44
FFC50003004EFFC5
014A0079002BFFD9
FF2F00440085FFDA
00B000C80123FF88
00B90233FEA8FF95
FEA0004FFFF5FF3B
00DEFEF7FEA701FC
0024FF67FF39007C
FF8F000700B2007D
010600860035FE3C
009800E9FEF10061
006BFF79004E0227
005D012FFFFD004B
FF9BFF44FEB40078
FFBBFFEBFF5AFE07
FF3F00F3FF37FF6E
00E4FE49004800F6
0049FF0C006100D2
FE53FF34FFC700A4
009EFF90FE1BFFF2
FFA5FFCC00A80054
00CFFF8BFF8800D8
FF3301A90008FF92
FFED00D8FF3C0009
FFE000370140FFD8
FF33014100E8FE4D
00A8FEE4FF0BFEB2
013BFF9AFF96001C
00130019001B0031
0120FEA70029FFBE
FF6001D3FE9E00A3
001FFFBD01FAFFDE
00850195000D00CE
003D00C10073FDCA
010B00C60107011B
012B0023FEDD011B
0001FECCFEEEFF18
FF4300690023FF85
00A5FF8500230077
0024007BFFA2FEEF
00AAFFC5FFFEFFA8
FE64FF4D0086FED0
00CF002B00B3FF3B
00DE00B9FE10FF9A
FFA701CDFFD90091
FE690164FF76000F
FEC1FFEDFFC1001A
01BBFFC8FEBA014B
FF970005FFC9FE5D
0046FF2700E10025
009A00B900CA0127
0133FFADFF7BFF74
FF30FF0B01C70178
FFD5012A0034002F
FEF7FEF0FEE800B4
FEED00B8FF88009C
003AFF86FFECFF76
FFCDFF95FF08FFF7
FE3D00A2002BFFF4
0058006C0067003E
002EFEEBFF7EFFEA
FF630112FFFFFFA3
027EFF73FF8AFF32
018DFF4200ABFF8D
FF80001B0001FFEA
011A0092001BFFBD
FEE7001E0082FFF7
006400EE0128FFA5
00B00230FEC6FF62
FEADFFFB0005FF71
00BBFF06FE870200
FFF8FF32FF55006B
FF9DFFE500610085
00EE0089005DFE5E
00B900F4FF01007E
0042FF4F004F01F6
006F0154001AFFFE
FF82FF68FE88004D
FFBD000EFF19FE2C
FF9700E1FF3EFF73
00EFFE76003A014F
0064FF5D007300CF
FE48FF47FFF500AC
0061FFB6FE33FFFC
FFA6FFD100720053
00D7FF9CFF3300E1
FF06020C0034FFE9
FFDC00B5FF3FFFAE
FFEF004400DFFFF2
FF37013C00C5FEB0
00A8FE5CFEB6FEC2
01A4FFD3FF2F0027
0034001300290032
0155FEF00035FFD8
FF3E01CFFEB40056
000FFFAE01BCFFB8
00A501BF001300F7
006F00D000B8FE06
011A00A900E00109
01170017FEAF0106
FFDDFF12FF13FF06
FEF30045004FFF63
00D3FF61001C0033
005A0068FF6BFEA6
00A9FFC5FFF5FFBE
FE40FFB90060FEC2
008E001F00CDFF56
00F9008EFDF4FFD6
FFCB01EEFFFD00B3
FE570182FF95FFD3
FEAFFFAEFFDA003A
01C5FF9DFE930152
FFA9FFB3FFB6FE64
FFD0FF4300F7002B
006C00BE0093011E
00EBFFC0FF78FF40
FF40FF3601E60174
FF82011C0009001B
FF0AFEF4FF0300AB
FE8900A2FF7600F7
0089FF33FFC6FF9E
FFCEFF94FF37FF8A
FE4000ACFFF20007
008D0041002C00A7
0003FEB4FF750016
FEF3010CFFDEFF78
0281FF35FF8DFF1E
0109FF430075FFC8
FF7F0078FF9CFFFD
00C1010CFF8B0016
FED30045008F0000
FF9A00E8009EFFAC
00CD01DBFF1CFF6E
FF09FFA9FFDFFF72
00F7FEE5FE6F01FA
002AFEBEFF88FFD7
FFD1FFB8FF84006C
00FE01260077FE68
009900F3FEEF00C9
FFECFEEA00AB01D0
00BD01F60033FFC3
FFAFFFC4FE3C004A
FFB7FFD4FEB2FE6D
FFDA008CFEFEFF70
010EFE5400410169
0077FF7C007400BA
FDDCFED1FF670096
0019FFE5FDE7FFE3
FFC9FFCE0081004E
00AAFF8EFF0000F9
FF13022300380081
FFE300A4FF2BFF71
004A0017008CFFFE
FF850132006FFF34
0063FDF4FDDDFEE9
018300E7FEF8FFF6
0046000600C9001C
0119FEDC007E0030
FF7001F4FED90009
FFE1FFA20194FFA8
00B601D7001E0120
006500DA00F0FE2C
00E800E8009700C5
00F2FFEDFED900C9
FFCDFF0AFF40FEE5
FE6B0007001BFF7D
006AFEF2000DFFF5
004A00CCFF79FE84
00D7FF54000AFF6E
FE050021008DFF0C
0081007C008FFF63
014B0091FDF5002C
002001F0000A00E4
FE4701DF0024FFB8
FEADFF80000C005E
017AFF91FE3C014C
FFFAFFA9FFA6FE9B
FF91FF57012C0064
004D00C7006E00FC
00EEFFEDFFB4FF6C
FF76FF5D01DF0165
FF4900BA002C003D
FF61FF10FF9E0048
FE37004FFF610153
007FFEFDFF39FFA9
FFFBFFFBFF38FF27
FDF60079FFD50058
00BF001800430128
FFFBFEB7FF8400D7
FEA301ACFFD2FF40
026AFF24FF8BFEDE
00EAFF420059FFE4
FF5200BEFF8E000C
00780132FFAA0055
FED9000D00CA0043
FF1B00AC005CFFD6
009A018AFF50FF9E
FF50FF14FFC4000A
0136FEE6FEB401DC
FFE9FE9CFFC0FFB3
002DFFB6FF5700AE
00DD01670030FEF1
00C300F3FEFB00EA
FF9FFEE6007E0174
00A102710050FFB7
FFEAFFE8FE21001B
FFAAFFC0FE80FEA7
0046000AFEDBFFA2
00EEFEBE00480182
0085001E00B40065
FD6DFEA3FFBC00C8
FFDF0037FE1C0021
000FFFA500B0003E
00D0FFBCFEE000F4
FEF101E500530119
FFD5006FFF6FFF64
003AFFD20061FFFE
FF9800DE004FFF5B
FFCEFDC3FDAEFF06
01C6014FFEEC000B
002A002300CBFFF9
00F0FF0000A90088
FFCB01DEFEFBFFCC
FF9FFFCA015FFF94
00D0019900A2011D
00FD00F4009DFE6F
01030127008600B1
00F4002CFEE5008E
003AFF2AFF11FEE5
FE3FFFDDFFE1FFC3
003FFE7B003CFF44
001C012DFF2BFE32
0104FF620037FF8A
FE2200620080FF95
0068006A00BBFF7A
01B70063FE1A00C3
007701FDFFEE00CB
FE4A01F4001EFF93
FE8EFF820031009E
0143FF72FDF8013D
0009FF82FFCEFF1A
FF6BFF5E01440047
006700F1001000ED
00B9FFE6FFF1FF8C
FFEEFF3601660128
FF4E00A400150036
FF82FF51FFDDFFD9
FE4E0041FF8E01B4
00CBFE99FEC4FFB0
000B0005FF0FFEB9
FE020064FFCB00D9
00CFFFDC00670184
FFD1FECAFFB400E8
FDFD016FFFFDFEFD
0264FEEEFF6FFEF3
00F0FF6500760030
FF8800B7FFACFFD3
00B70134FF9B0061
FF53003000A50040
FEF5009D001E0035
00A70161FFA1FFF2
FFA5FEF7FF910009
018BFECDFE8B018B
0012FE8EFFD7FF30
003DFFEEFF260070
00BA0120000FFF06
005500B6FF0100C0
FF8CFEA2006B0139
00C302D60036FFF6
001AFFF8FE4EFFDB
FF7BFFCDFEBFFEEE
001BFFB2FEF2FFE3
00D7FEF4005B0175
008DFFDC0062002E
FD68FE81FFA800FA
FFCA0048FDB5FFEC
000CFF9800BB0035
00D0FFA9FF1300C7
FEF3019D005D00FC
FFFD006FFFDBFF4F
0051FFF2FFFE0031
001700E4FFFFFF9F
FFC8FDF5FD59FEEB
01B701A1FED30004
005FFFD40104FFFD
0098FEEB009000BB
0038019EFF490010
FF85FFD50131FF68
00B30125009F00CD
00CD00F5002DFEB1
0099010D005E00B1
00CC002DFF030051
0052FF45FEF6FEE4
FE70FFBDFF54FFFC
002BFE42002FFF69
0005010AFF1FFE66
00D5FF57007DFF4A
FE1100C2008BFFEA
008400A600570007
020900AEFE1E00A6
008601AAFFD30075
FE69021B0033FFC6
FEC7FF8A00040047
010BFF71FDE9013E
0044FFABFFF5FF4B
FF78FF0501690068
001D008EFFE400B2
005B000F0003FFD6
0040FF0E00FC012A
FF74009FFFFF003B
FF80FFEC0015FF99
FDFB004DFF8501BB
00D6FEB7FEF4FF82
002E0065FF34FE9E
FE11009400290108
00D4FFF900BC0190
FFB9FF3CFFBE00F2
FE3B0198FFF6FEDE
0200FEC3FF61FF12
00BCFFA40037001F
FF9700F3FF75FFD8
00480164FFAE0037
FFCB001300E10044
FEA90075FF7D0040
00A400D3FFE2000C
FFD8FEE3FF68002C
01BBFEDAFEEE013C
FFEEFED1FFF9FE87
00BD0019FF090051
009F016FFFBFFF3B
00120053FEB200D9
FF82FE98003F00D9
00CF031B0008FFDA
003B0036FE6CFFA1
FF5CFF66FECAFF61
0094FF5CFF26FFEE
00CFFF8000680117
00CA001300770011
FD85FE2DFF6400D1
FF5A0030FDC7FFDC
0059FFB5008DFFF4
00F2FFD9FF4000DB
FEFB00F700640179
002F005A0055FF51
005CFFF7FF8C0070
00670070FFC80056
FF6BFE51FD6FFEC9
01B0021EFEBF003E
0066FFFE0134FFE5
0095FED800E4011D
00600178FFA9FFC0
FF87FFD700FBFF3B
00AD00D500B4007E
010100F6FFD1FEF6
003B0108000D0036
008E0040FF5AFFFB
005DFF43FEDAFEE2
FE87FF7AFF20004A
FFB1FDB4003CFF89
FFFC0145FF1BFE38
00C5FF4D00D3FF36
FE3B00CB00AC0038
009C00C3FFF2005E
024600DDFE500112
00DD0181FF940024
FE6C02100036FFD5
FEF6FF53006B0082
0090FF5EFE310115
0080FF93FFFAFF8A
FF82FF0F0163007C
004F0089FF780057
FFDEFFB0004A0002
008EFF28007900CE
FFA50086FFFD0042
FFF500C30068FF49
FDDF0020FFBA0208
00EDFE9AFEC9FF9C
009500ADFF22FEA1
FE49008B00430157
00C7000100C9019E
FF8EFFCBFFD90126
FE3201800000FEBD
01A1FEB2FF48FEFA
005CFFF5004A003F
FF8000D8FF510009
000501AAFFE3000F
005E002C00990041
FED400F3FF45003D
007C00C8FFD50067
FFFFFF26FF830053
01A3FEDEFEFD011D
FF8EFEEB0030FE94
00B50000FF200064
0093013BFFD9FF54
001A0016FEA40103
FF93FEB9001800C8
00D402F10051FFF6
004B00D3FE42FF93
FF1EFF49FEF7FFC5
008BFF2BFF75001A
00F3FFDD004500F4
010700310023002D
FDCCFE80FF6300E7
FF8F000DFDCCFF92
00A9FFFB00A90028
00F2FF52FF9700F1
FF09009E0027015E
FFF800B40072FF65
0075FFABFF45008B
00970023FF590073
FF0EFE83FDC3FE7D
01680247FF04FFD5
0105001400E3FFCC
006CFEC401480102
006D0173004BFFB7
FF96002100FDFF10
0088008F01440070
00FC0070FFA8FF39
003E0137FFD1FFE4
00370048FF98FFDF
004BFF75FECEFE8A
FEC1FF4CFE820063
FFCAFD7DFFF2FF6C
FFCE013BFF4CFE52
00B5FF770092FF4A
FE91007E00AD0051
009D00F8FFCE00CD
025000FFFE880128
00F901CAFFAFFFF6
FEBF01F10044FFCA
FF38FF2300C40087
003DFF89FE550108
00A6FF9E0038FF74
FF8DFF29015A009B
00AA0086FF24FFF3
FF61FF950033004A
010FFF68000400E7
FFC50098001E001A
002F0105006DFF72
FDBF003E000401EA
00F9FEBFFF05FF94
00A90103FEE5FE7F
FE4B00CB00380118
00A9FFF200AF0155
FFACFFE7FF6E00F5
FE72015FFFFDFED6
0152FE7EFF36FF4B
00D100150047FFDF
FFAC00BDFEFDFFEE
FFFC01D00038FFED
0102000300BC0038
FF0A0085FEE6FFFF
007600A0FF9B008D
002AFF5AFF7B0055
01D2FEA2FF2700FA
FF35FF5F0059FE29
00F9FFFDFF4F0044
00A00153000EFFBE
0018000CFE9A0122
FF70FEBEFFB10090
008F02D9FFE30004
001300D5FEC2FF41
FF3BFF03FEECFFA8
00E1FF38FF23003B
00CF0075FFFE009F
013DFFFDFFF3FFEC
FE0AFE96FF4600FA
FF84001AFE1BFFCE
00E8000000220042
0103FF64FFCA00F5
FF130009FFE10196
0075008B0089FFB1
0088FFBBFF3400DD
00CAFFBFFF1300A6
FF1EFF1CFE52FE8F
012D0212FF840019
0144004E007EFFC5
0085FEB801980132
009C00F0007BFFAC
FFB8004300E1FEE5
0093003301360013
0111009AFF67FF06
001000D3FFD7FFF9
0027003CFFCCFFB4
00BAFF78FEC9FE61
FEBAFF55FE390047
FFB4FD93FFCFFFA2
FFB10128FF3FFE70
0090FFC10098FF63
FEC4008E00940037
00A100DEFFA20152
02730138FEAA012D
014E01C9FF54FFB6
FEFC01A40013FFEF
FF7EFF2200CA009B
0036FFABFEF600F6
00F2FF5F003EFF87
FF8CFF23016700A3
013E0078FEDEFFBE
FF12FF4F00440069
0123FF85FFAE00DE
001500CD00490085
002401CA0080FF6C
FDD40047FFF6019D
00C2FF26FF42FFA9
01310134FECDFECF
FE2D00C6006300FD
00D5000400A200E4
FFA50050FF7100CD
FECA00C6004EFECA
00FCFEA3FF30FF26
00C0005A0068FFE3
FFD400DBFF16FF9B
00030181007CFF86
017000530095003B
FF1D0063FECDFFEB
00540077FFC1007A
0051FF6AFF4E006C
01F3FE72FF5000AF
FF0AFFB3007CFE17
0108FFFAFFA70029
00840155FFA4FFDC
FFE5FFE4FE78012F
FFB6FEE6FF830094
00A802B7FF8C0035
00280110FF21FF36
FF30FEFBFF2EFFF5
0111FF56FF530058
00BE010600070047
0188FFEFFFE1FFDA
FE6AFECCFF3E00BF
FFAAFFDAFE61FF99
01470008002F000E
011DFFB7FFE700EB
FF2EFF9CFFA40199
0074009200DCFFDC
007EFFFFFF1600BA
00DFFFA4FEDC014E
FF0DFF5CFED5FE74
00B7020EFFCC001E
014F0018004DFFC6
006FFEB501BA0139
00B100EA00F70014
FFDE004B00BDFEE2
00910027013AFFDE
01100088FF24FF02
001D00E9FFCDFF9C
FFD400430042FFC6
00E4FFB3FECEFE82
FF03FF54FDED0066
FF89FD31FFD9FFEF
FF9B0100FF4DFE92
0084FFC00078FF91
FEFA007700B30014
009900CDFF6001AC
024A012CFEE1013E
015A0199FF20FF75
FEEE0160002A000F
FFB3FF4800E900C3
FFF7FF85FF4E00DD
0115FF680031FF98
FFB1FF3E014E00C4
0192005AFECBFF7B
FEC9FF110062006B
0128FF8BFF3300CF
005400DD002B008D
005302740059FF72
FDF6005B00410167
00A5FF11FF97FF99
01860128FE83FF12
FE6800E4005200FD
00E5000D0080008A
000100B9FF7F00C5
FF590094008BFEDF
00B1FEACFF19FF2D
00AF0095005FFFBF
FFD10119FF52FF6C
FFF101710066FF3C
01BA008600960028
FF2A006AFED00046
005C004EFFA1009F
0084FFC7FF3F0055
0209FE73FF7C0053
FED80009009BFE02
0134FFF0FFB70029
005C0150FFD8FFFC
FFE9FFEDFE930136
FF92FEF8FF6C0082
00890273FF690025
000A00E2FF65FED7
FF0AFEEDFF740004
0119FFB0FF87004B
0094013000320003
01A0FFB0FF9CFFBF
FECFFF12FF1B00E2
FF82FFB9FE28FF77
019900020013FFFB
0102FFCE003300BB
FF4EFF0FFF8B01C7
003600A80119FFEF
00A0001FFF090107
00F9FF48FEC70194
FF44FFC0FF07FE3A
00A8018E00280031
01BB00330033FFE3
0065FEEE01E80142
003F00C7011FFFDC
001F005F00D9FEC3
0090FFF70130FFB1
00D3005AFEE9FF47
000700D8FFC0FF5F
FFA700330037FF91
0122FFA2FEB5FE9D
FF26FF39FDDA004C
FF6FFD63FFB70013
FF750108FF3DFECC
0050FFD30084FFA7
FF0B00610098FFF6
00BD00D0FF1F01C4
025F0177FF1F00F3
013F01BBFEC1FF0C
FF6000F2FFD30039
FFFCFF1200D000AC
FFCFFFAEFFB500BD
015DFF4C006BFFE6
FF89FF59016900A2
020B0017FEC4FF2E
FE84FF1B006F0082
00FEFFD4FF4900EE
007C00F5005900A7
002602C0006AFF7F
FE27004C004A00F0
00A8FF3EFFDEFFCA
01B3015EFE74FF88
FE3F00E6006300FA
00C40008002D0017
FFED00F9FF7400B8
FFFF007D00A2FF0A
0063FE72FEF4FF33
00D300C4006BFF99
FFB100C8FFA0FF39
0047010300BDFF39
02730067007D001A
FF9E003FFEC60010
00520030FF7E00BA
0070FFC7FF3C002D
0201FE60FFA7003F
FF01006800CCFE68
014BFFB0005FFFFF
0040011FFFD60002
FFB2FFAEFE9B011C
0000FF11FF3D005F
0083021FFF4C0051
FFDB00FAFF7CFEB1
FF1FFEF7FF95000D
00EFFFB9FF8B0033
003E0125000EFFA0
01F7FF8FFF90FFD3
FEE2FF29FF25006C
FFB9FFDDFE59FFB0
019B002B0056FFFB
010BFFD9008500B9
FF7CFEF4FF97018F
004300B4015E004C
0090000FFF330116
0113FF55FED3016D
FF1D004EFF8DFE3A
00650168009C0037
019D004DFFE70023
0042FED701ED0121
004100A100FE0001
0024002F00BFFEA6
0084FF960127FF8D
00C80019FE98FF19
001800C8FFB6FF5D
FFB3005D004CFF64
012AFFC2FEB0FE8A
FF41FF28FDB3003B
FF83FD5EFF620068
FF5D0150FF39FEB4
FFF600100052FFC4
FF46000200B7FFFD
008E00C9FF2C0218
022D0183FFAE00E6
013C0196FE9AFEB5
FFBB00B6FFAC0040
FFD1FF2E00D500AD
FFBFFFB60028009F
018EFF7C0080001C
FF82FF5E00FE00A9
021BFFE3FED3FEDC
FE53FEE0005F0098
0115FFF0FF1E00DF
00CB0123009700B3
001E02F70030FFA4
FE5D007A0098009F
005EFFA80032FFD9
01F80163FE65FFF4
FE7500FF005700AE
00DC001C000AFFD2
FFDD0121FF8C009A
008EFFED0108FF08
0059FEC8FF13FF6A
010100D8009EFFCA
FFC500C6FFD8FEE6
008800A40101FF4D
029E00C1008BFFD7
0023FFFAFEA4FFF8
00320008FF7C00DA
00C4002CFF4A000D
01CBFE5C0045FFFD
FF12007E00CCFE7D
0109FFA0007EFFB2
005B013A00150050
FFC9FFC2FEA8013C
001FFF72FEE0FFF3
007301F6FF0B005B
FFC500C4FFC4FEC4
FF2EFF0CFFA60040
0112FFE1FFBB0067
00060198FFF6FF1D
01E8FF89FF3CFFC1
FF21FF77FF1F0073
0034FF99FEEFFFBC
01C5002D002E000A
00B9000500920094
FFA0FEA6FF69016F
004200C1018900B2
00BD0072FF580137
00E3FF3DFED7014C
FF6600960057FE8E
FFC400C80145003C
01A50047FF85000B
0060FEFE021300EB
FFFF0048015A0025
006200370074FEBB
0096FF3A00F9FF38
00A8001CFE79FF62
FFFA008CFFB4FF92
FFF300820053FF5A
015F0027FEFFFEA2
FF6BFF1CFDAC0060
FF57FDA0FF5E009A
FF300138FF52FF21
FFB6002C0020FFDA
FF70FFFF00BCFF7F
009E0093FEF60227
022201ACFFC6008C
01420167FE81FE3D
FFE20037FF8B005A
0028FF3400C20101
FF87FFE0004F006C
0196FF6600890001
FFC0FF2C012D0097
023DFFB4FF14FEEA
FE73FEE700660070
01170028FF1F00A5
00FB015500A900D1
FFD1030AFFF9FF7F
FEAA004600710075
FFF9FFB000DBFFC4
02330147FE5F0070
FE7E00FE00600076
0106002BFFD9FF93
001C013FFFA90056
00EAFF8600F2FF16
0019FF09FF2FFF36
013901170096FF97
FFDB00830022FED5
00CAFFF500D8FF2F
02CD008B0064FF90
00A8FFFCFEEA000B
0047001BFEF400A8
00EA00ABFF2C0022
0189FE3D0074FFB3
FF1A00EF00D9FEE5
00CBFF7C0081FF9F
003C00EE0012001A
FFB0FFC1FEF1013E
005FFFB4FECD0015
0046017EFEE60064
FF3A006C0002FEC8
FF32FF33FF7FFFAF
00E40058FFC6003C
FFD20192FFECFEE9
01E6FF35FF2FFFB3
FF81FFFCFEDC0055
0029FF9AFF20FFBB
01A200080066005A
00BDFFFB009A0036
FF9BFE78FF570109
0004008D018D010E
00A600DCFFB10196
007BFF20FE7F012E
FF9B00C300CBFEC0
FFCB001A01F7002A
018A0073FF4AFFF8
0057FF2701D400A0
FFC3005401420064
00AE00680068FEF4
007BFEFB00D1FF0E
007D002CFEA8FF65
002400A0FFB7FF93
FFE60087002EFF99
01720012FF2DFEE2
FF6EFF30FDE1004E
FF7AFE28FF6800B7
FF1C011FFF37FF41
FF7B0012FFA8FFEA
FF94FFB100B1FF55
00870036FF150209
01D501D7FFEC002E
0120014AFE5BFE18
0033FFCAFF380028
0039FEF700A20104
FFCC000700C20034
0141FF5F00AB0026
FF9AFF24011E00B7
028BFFA7FF39FF0B
FEA7FED300740061
00E40057FF5200DC
01000147007D00D7
FF5502C8FFD8FFA0
FF25004B00A7FFAB
FFE1FFF2012F0004
0231014FFE3700D7
FE8C00EB0024002C
01020035FF43FEDD
000C0104FFAC0047
0176FF3600F3FF76
0042FF4FFF3FFF47
0156010C0069FF6A
FFC70073008BFEC2
010DFF7A00F9FEDF
02E000B7004AFF8A
0139001CFF2F0035
00440019FEBD0085
008D0119FF4AFFCC
0152FE3B0042FFC2
FF53015A0088FF8F
0080FF5600C0FF7E
000C00720000FFA0
FFA1FFA2FF15010E
0086FFC7FF040030
006200DAFEC9004E
FECF00140028FEC2
FF31FF6EFFBDFF93
009800DCFFF30001
FFB8016CFFE9FEC8
01F7FEF4FF0DFFC4
FFFA0042FED30047
0040FF5EFF2CFFCB
0158002C0037003D
009BFFF200CBFFD2
FFCAFE6FFF6F0097
0026007F015E012F
00A000FDFFF3018B
005DFF55FEBE00FB
001E00FD0103FEAD
FFA3FF6602300048
01920046FF070006
0066FF5601820061
FF3F005E014D00B2
00E5005E008AFF1A
0084FF020063FF03
002D000EFEC6FF81
0035006BFFDDFF78
000C003F0008FFBA
012B001FFF33FF01
FFC0FF4FFE03FFF1
FFBDFE96FF82015B
FF5100BBFF62FF61
FF3C0036FF78001A
FFB0FF650077FEE7
0075000DFF0B01DD
016A01F80008FFBD
00C90134FE54FE29
006AFF59FEE70014
007AFEE7005200B7
FFEF001900F5000B
0141FF5C00A7FFD6
FF86FF3F00E800AD
029FFF87FF98FF1D
FEB6FEBC005D0017
004B0078FFC40110
01390143005400FE
FF2002C8FFA5002A
FF7B007F00AEFF10
FFC1001901AC0021
01FF0126FE4D0114
FEE500F30018FFA8
00F70075FF00FE6A
001500D0FF760018
021DFF2C00EEFFB9
0032FF77FF40FFB6
019801360072FF5C
0000001E00B7FEBB
015DFF3600C4FEAF
02A600D70028FF89
01780014FF7E004D
00640059FEAC007B
006C0111FF69FF75
0153FE34007AFFCC
FF5B016D00640019
0050FF6100E3FF37
000E00180019FF89
FFB3FFD7FEF500F8
009EFFF2FEDC0088
006F007BFEA8003B
FEC3FF940039FEA5
FF91FF96FFFDFF6F
00990131000FFFE4
FF9D01820001FF09
01FDFEA7FF30FFDB
0024006EFED4007C
009CFF5EFF66FFE5
012AFFE60019005D
0094000D00ECFFB3
FFABFEDEFFA3004C
002A009A01720130
006A01580043019F
0014FF85FF2200B6
006800BF014EFE89
FFC6FEC502120077
019E003DFF3C0014
00A2FFAE00F8002D
FF16007E010600C0
012600590085FF27
00B0FF3DFFEDFF43
FFB5FFF9FF03FF48
00420009004FFFD4
00440063FFC8FFE3
01330002FF61FF69
FFFCFF73FE86FFA9
0005FF0EFFB3015B
FF860062FF41FFCC
FF240069FFB2002D
FF7CFF6D0054FE93
007DFFDEFF23018F
010E01FAFFB2FF4F
0067012FFE8EFE17
0070FF19FE940004
0072FF13002400BC
0007FFFB00E20051
0116FF670091FF98
FFB1FF2B00EA0080
0264FFAC0017FF43
FF39FED5005FFFC2
FFEF005C005800F1
01720169004D00BC
FE9E0269FF7D006C
FF9900B60081FEEF
FFDC00540256001B
01E200C4FE8C0165
FEF800A30049FFC4
00EE0089FED8FE46
FFE200B6FF63FF97
0225FF4D00B9FFE5
0025FF88FF4CFF87
01B60110008EFF2B
FFEDFFF000D8FF0F
0154FF06008AFEC4
022600A00018FF48
01F9006500250038
005C00B5FE450033
00350199FF5FFF79
00DAFE6E0048FFC7
FF2A018B00520057
FFDEFF6800A0FF61
001CFFEE003AFF0F
FFCA0014FF4700D3
00A00016FF410101
00310005FF0F0045
FE8BFF07002FFF15
FF72FF9BFFB8FEE9
005C01B9FFA3FF8D
FFB400D00010FF7D
01C0FE97FF76FFFC
003800C3FEE90075
00A2FF1BFF72FFBC
00C2001F0036007C
00A7FFCC00E6FF91
FFB6FEE8FF72FF87
0010009100E90158
007B014700A80176
FFC8FF8FFF310059
00BA00C80161FEA8
FFD9FE3E0234003F
014D0064FF1B0016
009DFFB70074FFC4
FEC60093008800E0
013A009A00B8FF84
0075FF510000FF56
FF84000DFF58FF3E
007800280090000D
00910023FFB90053
0105FFC5FF61FFAE
001AFFA4FF03FF71
0078FFD7FFD50154
FF7E003AFF4DFFE7
FF4C005AFF700048
FF7AFF430033FE5B
00BEFF67FF7C011C
00F601D1FF5DFEE6
00430109FE89FE81
0079FEDFFE70FFE3
0041FEE6FFF2006C
003A004200C5005B
0097FF980093FF97
FFC5FF2900ED0078
0227FFA10068FFC0
FF93FF38004BFFBE
FFB3003100D3015B
013C0145002300B0
FE7D0175FF520095
FFF600C30078FEB0
FFD4006B023C0007
015B0090FEE20163
FEF200D0004FFF6E
004C0085FE80FE1E
000E0056FF3EFF77
025BFF6F0083003D
006CFFCDFF35FFA2
017D00E50013FF5F
FFCDFFCE0114FF29
013BFF420009FEB3
016D00980001FF6E
01B0009A00720053
004700F0FE160000
FFFE01C7FF97FF8E
00B9FE7200330043
FF6A0197004A00AA
FFA1FF21007DFF2A
004EFFEC006CFF17
FFCD0040FF4000F7
00A8006FFF650152
000CFFE4FF260026
FE68FEAAFFC7FF3C
FF83FFCDFFCBFE75
005D01CEFFCCFF59
FF97007E001DFFC2
01B3FE7BFFB5001B
001D00CCFF070079
00BDFEFAFF93FF9C
009FFFEBFFF20076
0078FFE200AFFFB4
FFB4FF6DFF6EFF4E
0010004B00AB014C
009B00EF00E300EC
FF69FFF1FF790013
0112008D0159FEE0
003DFE0001EEFFFA
00DA0015FF460000
00D7FFD30040FFBB
FE9700BCFFF400A7
0135006800F0FF92
00D0FFD5FFDFFF90
FF840016FFDBFF36
00D700660096006C
007D0013FF600091
00DAFF9CFF96FFC3
FFF8FFDAFF73FF0F
00B0FFF7FFCB0148
FFB00004FF80FFEE
FFB50008FF890063
FF69FF6FFFF5FE03
00D0FF24FF590084
0091018FFF53FF00
00070151FF32FEF3
0054FEEDFEA0FFE3
FFF5FEDB001C009E
009B0053009D0086
00C0FF78002DFEFF
FFFEFF7000B5006C
01ADFFE000EAFFDF
0017FF29FFBCFF97
FF240030014C01AE
010D0127000500C7
FE6800DEFF1900CC
001A00C50090FE8B
FF83004A0221001C
014B003CFEE70114
FF0200AC000EFF6F
008B007DFE67FE6D
003BFF9BFF51FF93
0207FFA500760058
00C9FFD4FF7BFF88
014C0099FFFAFF79
FFE7000400AFFF5A
00DEFF8FFFF6FEBC
00E3007AFF74FF93
015700BD00C9FFFC
00490159FDE8FFCC
FFBB01D5FFA1FFAB
004DFECBFFB8007C
FFAD0126002500DC
FF32FEFD0045FF91
0046FFF500ABFED4
00100053FF350114
00810058FFFB01D0
0008FFD1FF72FFF9
FE6BFEDEFF60FFAD
FF52FFCFFF7EFE2E
002301E3FFA1FF1C
FFDBFFC0FFCE0046
0142FE78FFBD0061
FFCF00F3FF4E00A0
00A0FF28FF4CFFCB
003FFFF9FFEF00B8
0078FFC900ACFF8F
FF9D0004FF70FF3E
FFC40070FFEC0117
00A000C000E60093
FF54003DFFD3FF5C
0110FFE700CAFEE1
003DFE4301C4FFD3
007B0056FF37FFE4
00D4FFCBFFD7FF97
FE860139FF8F00D1
016700440137FFBC
00B7007AFFCEFFE0
FF71FFE50099FF0B
0120005A00CB0081
0084FF9CFF0F00F8
0090FF5FFFC4FF91
001F002BFFA3FEEB
00D40059FFBA00AF
FF9AFFF8FF82FFF1
FFE0FFF6FF910064
FEC8FF8A000BFE17
008EFF68FFB0000C
0033011FFEEFFEED
FFD10177FF8AFF88
0048FF16FEE1FFC3
FF92FF04003000AE
011D003E004300C2
005CFF4EFFD0FEA8
FF9DFF6800B1008F
015B00480106002B
0060FF6FFFC6FF8C
FECD004101D501D4
009400E6003A006B
FE820052FEEF00F5
FFDA00D5008DFE48
FFC6007401B0002E
00B1FFFFFED800A9
FE930073FFB1FF55
0051003BFE67FE8F
0051FF12FF30FFB8
018CFFE50099007C
0149FFC9FFC7FF84
01300076FFC8FF7B
0006001100E0FFA4
00CCFFAAFF77FF29
00520061FFBDFFA2
012200D300E40032
002C013AFE16FFAD
FF91018CFFC9FFA0
001DFEE8FF8B00CA
FFBB00ED002C00F7
FF34FF360041FF8D
0040FFF800E8FEDE
003E00D2FF6300F1
00B70037001101F2
001FFFEBFF93FFD0
FEB4FE90FF0CFFE9
FF6A0016FF9AFE03
FFF601CEFF36FF0C
FFDFFF49001C00B3
013BFE6C0011006F
FFA90089FF470085
0096FF51FEF6FF9A
003C003500150094
00B8FFE5002AFFB2
FFA40057FFE9FF5C
FFE00063FF9700A7
009700A10124002B
FF46006D001BFF5A
012FFFAD0034FEFD
0078FE6E011AFFDD
001AFFF8FFC5FFFD
0109FFB4FFA0FF80
FEAC013DFEC4004E
0120FFD80169FFC5
00AB00BFFFA6004E
FF64001900C3FF0B
012F009F00CC00B4
00CDFFC3FEC70120
004FFF52FF9AFFCB
FFBC00040000FF12
00BE0056FFE000D5
FFDD0051FF77FFD7
FFFD0011FFBB0053
FED3FF60FFF5FE61
00D6FF45FFCDFF7C
006C010AFEDEFEF9
FF84018BFFBFFFBB
002DFF68FEF6FFA4
FF5AFF0D002300C3
00EA0030FFE2010E
0048FF72FFB5FE99
FF8FFF8A007E0026
010800480144004A
00C7FFA4FFC0FF65
FEF1FFBA021A01AF
008400D100230067
FE75FF7DFECD00E2
FFF500960073FEB6
FFE40041014C002E
00A9FFD9FF4A0071
FEB7006BFFB1FFAF
00000034FE9CFF52
003AFEECFF22FFCE
00F5006E005F0071
01ABFFDEFFE4FF6B
01150017FFEAFF8A
FFB9004A00B1FFC8
00E7FFDEFF16FF2E
FFC80036FF9AFFD8
008D00E2010F002A
0033016DFE1FFF4B
FF5D012EFFC1FFAF
006AFF23FF43011A
00000085FFE60101
FF0DFF09003FFFDD
0082FFFD00B9FE9B
00470116FF8300D8
0089005600600244
0019001EFFC6FFA7
FEA9FE65FF28FFFD
FF930025FF95FDE4
FFD20167FF4BFED1
FFD0FEC0003B012D
0112FEC80073005C
FF3B0069FFB20088
0082FF71FEB8FF97
FFEBFFE300530082
008B0012FFF7FFBE
FF8F00B1FFC9FF39
FFF00030FF540090
007100870143FFE5
FF5D00A400A2FEFC
00FAFF4FFFF1FEF6
00EFFE9700AEFFED
FFBCFFE1FFEA0010
00F0FFB5FF66FF7F
FED00166FE9C0066
00D4FFFE016EFFE8
00B9013BFFD30084
FFA1005F00CDFEE9
016F00A8010400C0
00C0FFA3FE8E016D
0046FED2FFA2FFC1
FFDC002E0033FEF7
00F40039FFDA0057
FFDE005AFF90FFBE
0050FFA3FFC4004D
FE9BFF97FFD4FE9F
008EFF54002DFF3B
006600A4FE6FFF11
FF4F017AFFFC0039
FFD1FFD1FF32FFAF
FEF6FF5A000C00A5
0132FFCEFF700126
0053FF98FF71FE7F
FF88FFA9008C004D
0089006901590098
00F7FFD2FF96FF5F
FEB3FF7C023401AE
003800A1000F0049
FE63FF2CFE8600D9
001B007E0040FEFA
FFECFFDC00EA0000
0080FFA9FF1C0013
FE9E0043FF6AFFF1
0031001EFEDCFF93
0049FE9BFF4DFFD0
009A00BB008D0073
01D7FFC0FFF7FF27
00C2FFD4FF97FF55
FF97004300810040
009A005BFE9EFF44
FF68FFC4FF8E001E
FFFB010F010F007F
0038018CFE26FF1D
FF550111FFE6FFB7
00AAFF78FF08016B
FFFF0053FFCA00D7
FEDCFEDBFFD2FFCC
008A004A00D1FE9A
0043013CFF520135
004B00100053020B
FFF700AB002BFF99
FEB9FEB4FEAC0039
FF870008FF84FDC9
FFD40125FF48FF1B
002FFE840024016B
00D4FEE100A60055
FEF3FFF4FFB800A1
0037FF4AFEB3FF95
000EFF9100670091
007CFF8DFFC3FFF8
FFBB00E50022FF8D
FFE2003EFEF30047
0092002C00EDFFA5
FF5600ED00C5FEFC
00CBFEC7FF73FF04
0168FF530018FFEB
FFB8FFC80049FFC9
00CEFF86FF78FFA3
FEAB0186FE680021
00D1FFC401D5FFD6
00CB01A3FFE000C6
FFAF007C0119FF06
0194010A00DE00AD
00DAFF9DFE8A0172
FFC1FE83FFD3FF73
FF9D005A0061FEE3
00D3FFD6FFF90017
FFEF0078FFADFFC7
00A4FF8F001D005D
FEB3FFABFFE3FECF
00A4FF88001BFEDF
009D007EFE85FFB5
FF6F01D900430079
FFA90038FF58FF9B
FED3FF80001800C5
0133FFEBFF2C00FE
00A5FF81FF33FE97
FFB0FFDC00740012
001E0079016D0087
0127FFC6FF89FF7F
FEC6FF7C02180191
FFE00084FFF7002C
FEB1FECFFEB600C1
FFFE00790038FF0F
0019FF9F003EFFE0
000FFF9EFF24FF8C
FED40014FF6B0028
003B0011FF120027
0051FE72FF6A004E
FFC8011C00380092
0211FFBDFFFBFF0E
0098FFA4FF88FFAB
FF8100A700780022
008D0082FEC1FF9C
FF22FFC4FF870027
FF8D014300EF0041
003E0192FE59FEFB
FF3D00A4FFDFFFFA
0082FF8FFEF5017A
0004FFC9FF91008D
FF29FEF7FFB7004B
0079005400CCFE94
00600160FF750116
003DFFF400CD021F
FFF60101007FFF72
FF09FECBFE5B004A
FF5B0026FF32FE01
FFDD00C9FF09FEFB
0013FE2A005D01C4
00DEFF4E00C3008C
FE8EFFAAFFED008E
0006FFA3FE52FF94
FFCAFF9B00C80064
009CFFEDFFA6000C
FF6C00F70039FFB5
FFA8001BFEBCFFEA
007EFFF000D6FF79
FF7A00C000FAFED0
007BFE7FFEEAFF20
0199FFD9FFA6FFEA
FF5CFFF1008EFFF1
00BFFF86FF5BFFA1
FEFA01B2FE11FFDC
007EFFCE01A3FFE6
009701BA001E00F4
FFF00087011EFF17
01A6011500DE00AB
00B2FF9CFE6F01AD
FFCCFE9CFF93FF89
FF81002A0045FF0B
00C1FF9BFFBEFF82
FFCE00F3FF84FF5C
00C2FF740023001E
FE54FFC2FFE8FF59
0070FFA1006DFEF5
00BC0067FE63FFCD
FF5301D4007200B4
FF960095FF8CFF88
FE52FF80005200CE
011FFFC1FEBF0126
0046FF92FF3CFEA5
FF81FFE0008B0034
FFE7009A013400BB
00F3001AFF8FFF7B
FEEEFF5002340170
FFAA00470000FFF1
FEC6FEA9FEB9007B
FFCF0043004EFF84
0061FF5DFFBCFFF0
FFF9FFB1FF27FEEC
FE660034FF300075
0009FFE8FF2C007F
0015FE45FF760086
FF62013B004E0040
024FFF78FFF6FF1D
0078FF7AFF6FFF8C
FF6100D2002D003D
007700E5FE9FFF7C
FF0DFFE0FF7D007D
FECA0114008A0011
004E018FFEB3FEE0
FF440051FFE50022
00F3FFA2FED301AD
FFC7FF96FFB0004C
FF5CFEFCFF8A0041
00AB00950088FEBE
004F0162FF1D0157
FFD2FFF400E10226
FFF201730074FF42
FF44FEE6FE590045
FF80000BFF29FE33
003A00B9FEE7FEF8
0012FE700059024D
00E4FF7E00C8007E
FE30FF4FFFF600A7
FFF1FFA3FE62FF9E
0008FF6800D30059
009B0031FF810030
FF75010700550045
FFE5FFFAFEC7FFCD
00C4FFA000A2FF40
FFB8010C014DFF37
0034FE28FE8EFF0E
01BD0076FF28FFC9
FF3FFFB400B8FFD8
00C0FF86FF830003
FF3601D0FE21FFDB
0068FFD50185FFD8
00CE023400210106
001C00B4014EFEF6
018E013A00F300B0
00ADFF7BFE8401A4
FFF2FE83FFADFF72
FF810044003AFF0D
0069FF280011FF33
FFE400ECFF80FF3A
0108FF4800890022
FE44003FFFC0FF8D
0083FFB7004FFED6
00D5002DFE400051
FF7F0201007A00EC
FF7700A8FFF3FF73
FE53FFC500830107
00FCFF6EFE900159
00B7FF91FEFBFEB7
FFA30041009F003E
FFDB00D7011F00D3
00F40032FFC7FF4A
FF08FF2902100169
FFAC003CFFE90013
FF25FEE8FEB10045
FF8F001E0034FFFA
0072FED8FF6AFFFF
0039FF85FF23FE74
FE770027FF2800D4
0050FFDBFF8200E3
003DFE70FF4F00A3
FEE401860087000D
024AFF71FFBFFED5
004AFF37FF58FFFD
FF290108FFE30039
00460141FEABFFB6
FF07FF9AFF96009D
FE4601280042FFFB
00540148FED9FEDD
FF60FFBEFFCF004D
0120FF8EFED5019D
FFDDFF55FFA4FF94
FFDAFF17FF900071
009000EB007AFF09
0025016DFF02018B
FF81FFB200D301E6
FFEE01CA00A8FF57
FF68FEEDFE78005A
FF96FFDAFEF5FE51
0050005DFED0FF25
001DFE740068025D
00DAFFFB00E7007D
FE0AFF22FFDE00F3
FFC8FFB2FE72FFD7
0027FF74009F005B
0096FFECFF630003
FF1B00E800510098
FFFBFFD8FEADFF73
00CDFF880038FF38
FFFC00C10131FF71
FFF5FDF1FE3EFF66
01E70138FEA7FFF7
FF51FFAE010BFFE6
00A1FF8EFFCB0036
FFD801D7FE46FF89
002DFFD0016BFFB9
00A001B900790116
0020009E0149FF2B
014C013900920098
00DDFF87FEC00149
0014FEA1FF83FF92
FF39000E0047FF3A
0044FEE00037FED5
FFEB010AFF7FFF2B
013BFF390083FFE8
FE34004CFF9FFFF1
0079FFF4004CFF33
0140000CFE210078
FFD501AB0081011C
FF66012F0042FF73
FE38FFB500AE0110
00B6FF67FE36017E
009CFF8DFF08FEFA
FFA7FFE900840081
FF9800C200AE00EE
00E90036FFE5FF57
FF11FF2401ED0108
FF76002DFFCF0005
FF71FF2CFF13FFFB
FF42FFFEFFFB0085
009AFEB0FF05FFEE
0029FFD8FF45FE09
FE31002CFF470116
006BFF96FF930187
000FFE79FF6300CF
FE7701970051FFA3
023CFF01FFAEFEBB
0039FF2EFF66FFF2
FF5B0167FF530041
FFC8018FFEEFFFF0
FF1EFF75FFC700B9
FE0800DFFFB3FFA4
00440111FF1FFEEF
FF65FF77FFCC006E
0125FFC4FEC001A5
FFD9FF06FFC9FF50
0009FF25FF9A00B6
009D0166005EFF2C
003F018FFED30199
FF6FFF8600CF01A1
FFE802000097FF4A
FF8EFF3DFE8F0058
FFABFFC7FEE8FEC0
00B4FFB9FEC3FF5D
0015FE8100540258
00D3006201050060
FDD1FEE9FFD700E7
FFA5FFFBFEB5FFE9
0049FFA50079005B
00A2001CFF4E0064
FF3100C9003C012C
0048FFCDFE81FF63
00E4FF5D002FFF0A
002100A10144FF7F
FFA6FE0FFE4BFF8F
019C01ADFE990005
FF50FFE800FCFFE7
0090FF85001B0067
002C01B9FE61FF4A
FFDBFFDC015FFF8E
009501D900A5011D
007A009D012CFF4B
016C0133007F004A
00ADFFA0FEFC0129
0048FEA4FF84FF5D
FF3D00320007FF87
001DFE8C0039FEA3
FFD7014FFFADFEF1
0193FF620079FFF0
FE150044FF930013
005400270048FF57
0163FFE4FE2F00C7
FFED01A700900116
FF47015C008CFF86
FE46FFFE00F60148
00A9FF35FE35016E
00C0FF8EFEE3FEFF
FF9000330064007A
FF9900E4006D00AA
008A0039FFE6FF87
FF4AFEFE018A00A8
FF4A0013FFFB002D
FFCAFF91FF1BFFCB
FF1BFFD6FFE30103
00AAFE8AFEA9001F
0068FFB1FF17FDFA
FE050001FF220120
008DFF9E000601B0
0027FEA2FFB500DC
FE1101950096FF4A
0215FF34FFDBFE9B
0022FF21FF75000B
FF2B016CFF410029
FFE3018DFF30FFDC
FF6DFF7EFFA500CC
FDB000C6FF4DFF7C
003600F9FF96FEFC
FF87FF45FFA10089
0169FFBBFEB1016F
FFE5FEF3FFDDFED5
005DFF57FFA6008F
0084017B0010FF4F
000E015BFF010182
FF43FF6000D4014E
001B024B0084FF59
FFBAFFA6FEAA005C
FF91FFB6FED9FF08
00A7FF8AFED5FF8C
001CFEBA00460235
00E900AA00D20062
FDB0FE99FFBF00B1
FF81FFF2FE89FFDC
0067FF8B009B0034
00910032FF6C004E
FF30007D00470157
003DFFD5FED4FF57
00CDFF3AFFD4FF40
004C008F0121FFE0
FF4EFE12FE19FF7B
01940258FE650013
FF16FFBC013AFFF2
0069FF6300670092
007E01B1FEC9FF8D
FFC1FFF30120FF86
007101BB00CB00F5
00AE00AB00F1FF38
00F101460055000E
008AFF89FF290102
0057FEB6FF78FF31
FF390002FFCBFF99
FFCCFE130040FE6F
FFC80163FF89FEB0
0189FF34008AFFD9
FE390084FFDB005E
003E006C0042FFA1
0183FFC5FE55014D
003A0166006E00F6
FF13019400C9FF7F
FE72001B010E013E
0081FF23FE40015D
00A7FF99FEEFFF41
FF7D001C008F00A2
FFA800ED000F00D3
003B0028002FFFB6
FFABFF2101090085
FF4B0009FFCF0022
FFF50018FF51FF74
FEE9FFC100290121
00C6FE52FE8B0026
007CFFFCFEFFFDAC
FE25003DFF410157
00B2FF7C002C01A8
0017FF0EFF9C010B
FE0A016E00BBFF13
0212FEF5FFACFE78
0010FF2CFF78000D
FF520181FF09FFDF
FFDF01A3FF44FFEA
001DFF7CFFD900A0
FD7F0061FEFEFF5D
004800ADFFB1FF20
FF9AFF26FF8D009C
01C6FFA5FED60163
FFDCFEBCFFDEFE61
00BFFF4CFFB60079
00B501D3FFDFFFBF
FFF2010DFEC601A0
FF1FFF54009900F5
000E02A50066FF85
FFD1FFDDFEE2002F
FF6DFF78FEC1FF4B
00F3FF32FED1FFBF
0008FF0F002201DA
00E700A3009D0033
FDB7FE7DFFA400D5
FF91FFFBFE9AFFEE
008FFF8E009B0025
00B20073FF800078
FF350027003901BD
008AFFBDFF16FF84
0110FF34FFBEFF6A
00B7005700D50042
FEF2FE78FE42FF90
01730284FE6F0024
FF5BFFDA0120FFC8
002EFF2F00A200F6
00E90182FEEAFFA5
FFB8FFF000F3FF74
0064016E00D90093
00CC00B50090FF33
00D1010C0044FFF4
008EFFBEFF8000AC
00A8FED9FF4CFEF9
FF60FFF7FF5FFFDD
FF7FFDBE0033FE6D
FF9C0181FF5BFECE
0198FF6900C2FFCE
FE11007CFFD0008A
00370092FFF50024
01AFFFF9FE720197
0092018B003400AC
FF18019A00DDFFAF
FE7D002401130149
0049FF1EFE80016E
0103FF92FF08FF72
FFAFFFEA00B200B0
FFD700D8FFCA008E
FFE3FFE4004BFFCE
FFCAFF0600810031
FF7B0027FFF10036
003D00E1FF81FF50
FED0FFAEFFFE014D
00BDFE6EFE7B0012
00BF001FFEE5FDE3
FE130038FF7F0157
00BCFF8000A5019B
0016FF85FFC200EC
FE2B014A00F2FEEE
01BAFEFAFFA3FE81
FFE2FF6AFFC0FFB7
FF6A0161FEF30000
FFB701D3FF9D0040
0083FFA3001A0092
FDB1006BFE72FFA3
005F0075FFE6FF66
FFCDFF1FFF6B008D
01D6FF8CFEE7011A
FF9EFF0F0013FE08
00F2FF9EFFBA0091
008401F6FFDBFFD2
FFBC010DFEB6018F
FF02FF1F005A0091
005002A50031FF9F
00020016FEF3FFDC
FF96FF96FF0DFFEA
00EFFEF7FEC3FFE2
0014FF6F007C018D
010000CD00760016
FDCEFE4FFF73008E
FF76FFEFFE73FFEC
00F7FFB60080FFF3
00990002FF87009C
FF4FFF9E004D01FC
00770011FF8BFF4A
00DAFF58FF40FFA1
00CB001E00890088
FED2FEC5FE2CFF46
016502C9FE860001
FFBCFFD40116FFD5
0050FF20010D00FE
00ED012FFF84FF8B
FF8DFFF800ABFF2C
003E012A00E50092
00DE009C0017FF56
005C013DFFEEFFDB
0052FFF3FFDE0048
00D8FF1AFF4CFED4
FF43FFEDFF380010
FF44FD690005FEDD
FF610194FF7FFEC6
012CFF9100C3FFB9
FE9400B6001300D1
004B00AAFFD900BC
0206002BFEA60192
00C7015EFFDF0070
FF1D01C000D50001
FECB003600FB0136
0007FF36FEAC0126
0110FFAAFF48FFCA
FFB0000100D90093
002D0094FF56001F
FF8E0003006EFFFE
0069FF460009FFE2
FFC7004A002E0075
00600137FFE2FF10
FE6BFFA80000018A
00A9FE6DFEC1FFDF
01070078FF23FE29
FE300042FFBF014B
00ADFF70008E0176
000F003FFFC600FE
FE81015800B2FED8
0136FED2FF42FE8E
FFDAFF9AFFECFF82
FF5900F2FF020033
FFE401F3002C0020
010FFFBB0037006E
FDFE0015FE39FF88
003A003CFFECFFB4
FFC9FF2CFF59007A
020DFF63FF2100CF
FF5BFF3D002FFDE4
011FFFB300150064
00AB01FEFF8F002C
FFE300A7FEBC01A0
FEF0FF2700350041
001F02D00018FFDB
002E0087FF57FFA5
FF77FF32FEEB0025
010FFF04FEDEFFE2
0024FFE7001A010F
012E00B20056FFE9
FE28FE44FF8D006D
FF7DFFBDFEC9FFF9
011BFFC3007DFFE8
00A5FFE6FFCC00BC
FF51FF44001A01F6
009F0014FFF5FF94
00EEFF5AFF23FFE5
00D2FFE5002E00BF
FE90FF61FED6FF44
011202C0FEC6000F
FFF9000D009FFFC5
004BFED7016F0118
010F00F8FFEBFFC9
FF8200110094FF25
004100B900F80038
00F800A2FF91FF26
002E0119FFF7FFC7
007D00170042000C
010DFF37FF32FE9F
FF65FFEEFEC10020
FEFCFD3F0000FF24
FF5601A6FF76FED0
011BFF9B00EFFFCE
FEED0096003700AD
00230095FFAE0133
01BF0032FF2201DE
010A0133FF920042
FF1C018800BE001D
FF05001901060128
FFC7FF4AFF200114
013DFFC8FF62002F
0025FFE000D40097
00A0007BFEE4FFCE
FF41FFBF00780036
00DCFF45FF89FFD6
FFF6008B00770081
008901C6FFF3FF01
FE83FFCFFFF5015C
0091FE9AFE96FFC8
010000B4FEF0FE8A
FE65006E00120125
00B5FF5F00B50123
003200BBFFA800E1
FEEE00C400DAFEDB
00A1FEF5FF41FEB9
FFB9FFFA0023FF4A
FFA4006BFEFA003D
FFAD021800900050
0170FFCF002B008C
FE75FFF9FE16FFBC
00210027000E004C
FFDFFF7AFF49004D
020DFF40FF3D007F
FF12FFBB007AFDAA
0119FFF6000B0041
009101F4FFA70064
FFE60090FEC60182
FEDBFF1700160000
0042029E000DFFF8
007700D0FF66FF4D
FF4AFF0AFF30005E
0116FF39FECE0018
003E0045002F00BD
015100AC0017FFBA
FE7BFE32FF8C0085
FF81FFBCFEB5FFCB
017DFFDE0032FFF4
00AEFF95001B00DC
FF96FEDCFFFE01E3
00950063003AFF86
00BAFF65FEF7FFF5
00E9FFAEFFC300C3
FE930002FEECFF24
008F029AFF17FFFD
006CFFE00071FFDD
0038FEEC019600F0
00FC00AD002FFFE0
FFB0FFF30090FF12
0020005800DF000B
00DB00A9FF1CFF32
FFC900F5FFD6FFD3
005700380088FFDC
011FFF77FF0DFEA7
FF9EFFD0FE7FFFEA
FF0BFD5A0008FF6F
FF3B019BFF45FEF5
00D5FFED0110FFF9
FF4D00B4009000A8
008E0098FF7701B0
01FB006CFF6D01CA
01740114FF69FFFF
FF29013D0075004C
FF47000000C500FF
FF8AFFB4FF7900D6
013AFFD3FFA1007A
001CFFBE00FD0050
00F4007EFECAFFA1
FEFCFFE30093007D
013AFF49FF2EFFF2
005200AF009F00AE
008301E20063FEE7
FE79FFFD00420122
005AFF0CFEB4FFA0
00DE00E8FF41FED8
FEAC008D00AA0117
0058FF7500CC00F7
004B013AFF9300BC
FF2B0091009DFEFF
0043FF08FF19FF19
FFCE00430070FF53
FF950008FEFC0022
FFF401AF00E40043
01F8FFD800560074
FEC7FFD4FDE4FFBD
00370016FFFD0069
FFFEFF8EFF470042
01F9FF3EFF5C0041
FEDFFFF30069FDC8
0126FFD9007B0030
004B01E5FF910065
FFD90068FED00142
FEF4FF04FFE1FFF9
004B02680032002F
005700EDFFADFF4C
FF72FF1FFF440084
00FBFF22FEFC002C
FFFF006D004A005B
016A00C4001EFFB0
FECEFE57FF51006A
FFD1FFA4FF13FFEE
0183FFED004B0003
007AFF76003900FD
FFB6FE88000D0190
008200A200A2FFB2
007EFF5BFF12FFEF
00EEFF5AFFB300C4
FE7D0044FF6DFF11
00910276FF52FFEC
0091FFFB004E0001
002CFEB101C10063
013C00B500A0000D
FFAA0071005CFF04
0011FFE8011EFFE7
00BC0091FEBDFF2B
FFAF0118FFD3FFF7
007F007A00BDFFC0
016CFF96FF2EFEBD
FFF3FFB8FE60FFF9
FEDAFDA0FFE9FF7A
FF2E01B2FF4BFF30
00BA000300FEFFE9
FF7C00770087007B
009900B0FF7E0209
02130097FF6B01B0
018300CCFF12FFD8
FF470120005A008E
FF78000F008C00E2
FF6FFFCBFFAA008D
0110002DFFB700A9
0048FFA8011E0073
0107002CFEC2FF58
FED1FFF700B50067
016DFF45FEF5FF9D
00C200EB00A200AE
006C01FB009EFEDE
FE6F002D002E00FC
0066FF42FF22FFA6
00CF00FEFF8AFF49
FEAF007600B000D4
0056FFA700B60078
001C0183FFA2008D
FF7200660085FEEA
FFE8FF18FEEBFF32
0021005500B4FF16
FFB0FFDEFF2DFFEF
0017019F01320001
0225000A006C0036
FF37FFB0FDE8FFB1
00420006FFC30086
FFE6FFE8FF38001D
01EBFF18FFA30011
FECB0021006AFDB2
0145004000B00045
004801BDFF8C0094
FFDA0017FEE5011B
FF02FF2EFFB5FFE3
001701FBFFE60062
006100D50007FF13
FF63FEEEFF72006E
00D7FF78FF020037
001A00D60023FFF5
01680062FFC7FFC6
FF20FEB0FF7B0054
FFE1FF65FF0CFFEC
018000030054001B
0088FF62006300EE
FFA8FE0DFFB50161
0077007B00EA0017
0075FFB3FF3B001A
00C5FF43FF7B00B5
FEBE00C10016FF01
003201DEFFBC0021
00D40013FFD1FFFB
0064FE9701F60082
00F8004A00F2004C
FFE000690045FF11
FFF1FFB00106FFA1
00A9007FFE51FEEA
FF8F00F4FFB4FFF9
0074007C0112FFA0
0195FFB6FF3EFEC0
FFE4FFD6FE1C002E
FEEFFDC8FFC50004
FF03015FFF87FF75
006B000700E30002
FFB4004800A80047
00B6006DFF71022D
01CF00A3FF75017C
017C00A4FEA3FF9F
FF5B00D3003600D2
FFE10028006F00AA
FF55FFD3001D0087
00E5002BFFE100B0
00ACFF72013E008B
018CFFF0FE8DFF4A
FEB5FFC600C8007B
0174FF7DFEB0FFD4
00F1013100D500C3
004D0259006DFEDB
FEB9004D000B00B4
001CFF76FF7AFF95
00EF0136FF4AFFED
FEC300A800D800A7
0043FFE200AFFFDD
003A01E9FF9C004F
0035FFFB0090FF14
FF95FF08FEB8FF42
004A007600F7FEE6
FFC4FFBBFF2A001D
001901AE01110008
025F00020081001B
FFF4FFBDFE14FFB8
00290037FF6700C7
FFC2007FFF400047
01A7FEEDFF73001C
FEA80080006BFDCA
010C001600CC0054
006201BDFFC80051
001F0023FECD00FD
FEEFFF38FF6A0010
000801CC0012008A
003F00B60002FF3E
FF20FEB9FF780049
0075FF7EFED20038
003400B80011FFD5
0141002EFFA1FFA3
FF5AFEDDFF5E004C
003DFF1DFEF4FFD6
017D00330016003F
00A2FEEE00430112
FFC4FDDBFF7C010A
008100BD00E70039
0078FF7BFF280023
00E0FF1AFF2E006C
FEE90115007CFEC9
003D0167000AFFF1
00F4001BFF4FFFEC
007DFE49022A0036
00CF003700E60031
FFE400740097FEFE
000EFF750104FF93
00A3005CFE4BFEF6
FF8900D8FFDE003F
009D0061011DFFC4
0168FFB2FF3AFE9D
002AFFE0FE1B0018
FEF7FDE8FF800039
FF30012DFF9AFFAB
007C001300BB0012
FF9DFFCE0092FFF0
01100059FF64023B
01EB00E6FF7F013E
018D00E0FE99FFAB
FF78009A00060111
FFC2FFDF00390098
FF8E001300480080
00E50025FFEC006B
00D8FF400125007B
01DFFFCDFE98FF30
FEF9FFA700A800AB
0177FF75FEBC0001
011C0127010800C6
005402270090FF2F
FEAF004DFFC500A6
FFFCFFE7FFB0FF96
00BD0147FF34005F
FEAB00B900CB0050
FFF5FFF8009BFFA7
002D01EAFF520029
006C000A007BFF5B
FFA4FF1EFEA0FF89
009A00BA012BFEC4
FFCBFF43FF7F000B
0085014F018AFFD2
02C4004A0063FFF6
00ACFFD0FE47FFE8
002F0049FF3E00F0
FFB700D9FF46FFB7
018AFEB5FF750001
FEBE00B9005EFE01
00DC00560101FFFD
00530163FFA9004E
003FFFE3FEF500A8
FF0FFF48FF5BFFDD
002E0180FFCE00CF
003300E3001AFF1D
FF2BFEC2FFA10033
002CFFFAFEFC0065
005100DBFFEEFF9E
014FFFCFFF45FF97
FFABFEEEFF7D0042
0061FEF5FEC3FFAE
016B00530042002C
00A1FECD008D00F6
FFECFDE6FF9E008E
007000DB01560096
007DFFDAFF5A0058
0092FF4DFF180070
FF3A016E00CAFE7A
000E00C70082FFF1
01110037FF030007
0093FE4D02030014
006B0003010000B0
002000780099FF2E
FFE2FF6C00C9FF56
004D005CFE06FE9A
FF77009D000C004E
00C200800131FFA0
0171FFCDFF52FE77
006BFFFDFDE30018
FF23FE2AFF9B00D8
FF140102FFA2FFDF
FFF9004F009C0023
FFB0FFA30109FF99
010E0064FF6B0257
01BE0104FF9C0115
017200C6FE40FF5A
FF750043FFA60103
0019FFF8FFD40063
FF8800380088008E
00BA00580016006A
00DAFED20160004A
022FFFCEFEB7FF2E
FF0CFF7400C3007F
0173FF8AFEDF000E
015B0173012200D9
FFDF02220084FF67
FED000BFFFD5FFFA
FFE9001F002CFF93
00920159FF2F00F2
FECB00ED013DFFEB
FFEE0047009BFF11
00480219FF28FFFE
012CFFB10053FFB6
FF79FF42FE97FFAF
00C300C20132FE88
FF9DFF16FFF4FFC5
00C400C90145FFA1
02FF004A00A1FF83
0145FFE3FECC0019
00370091FECA00EE
FF980130FF76FF84
0164FEA5FFA0000C
FEDC00E80045FE95
00860004012AFFAD
00770150FFC4FFDB
0052FFB5FF0A00A5
FF66FF53FF32000D
00800119FFBB00D8
FFC800B30001FF36
FF4EFF05FFD6FFEF
FFDD005CFF3C004D
006800A6FFE9FF39
0140FFB0FF5CFFA8
FFF5FF46FF03000E
008DFEA0FEF8FFB9
0152003C00860059
00A2FE81007E00F0
0028FDEAFF8E0001
00590127015E00CE
0042FFFEFF94007C
0049FF42FEC0004A
FF9101710112FE85
FFF7005B00E3FFD5
015B0030FEE7FFEB
0087FE2201D0FFB8
FFE30028011400F7
0051008100AEFF0A
0012FF700083FF5C
FFF40057FE00FE74
FFA300D4001E0050
00FC009D0130FFED
0143FFF3FF9BFE62
00420013FE33FFDE
FF49FE69FF750155
FF3700D8FFC3000E
FFC50023003D0017
FFE1FF300110FF30
0113002CFF4D024C
017B011FFFBD00C7
017500CEFE3AFF5B
FF870010FF4D0114
0007FFF1FF89005D
FFD5007F00EB0045
00A8005E00580081
00EDFED601440074
024BFF6CFF22FF25
FEECFF5200B9006B
0149FFC6FF390031
018F01AA011D00CE
FFBE02020056FF96
FEFD0100FFDFFFAD
FF920068009CFF75
005D0176FF370198
FF34010A011DFF72
FFDC003C0047FEA3
004C020AFF24FFF8
01A3FFA1003AFFED
FFD7FF7BFE7EFFC0
010C00CF0152FECA
FFACFEA4005BFFDC
014000500135FF52
029F00A100D1FF73
020F002FFF320083
002A00CDFEDA00E6
FF7C01A8FF53FF1A
0102FE3BFFADFFFD
FF5D00EA0034FF6A
0027002C0113FF48
005C01110006FFA0
0048FF77FF98003C
FF3FFF76FF0FFFE8
00C4009EFFC300DB
FF9E006B0023FF46
FF60FF3CFFCDFF70
FF3200AFFF520043
00790064FFD8FF1A
012FFF3BFF2AFF93
0042FF83FEEDFFEF
00EBFE42FEF1FF8D
00CC003600640067
005EFE59007F0102
0032FE55FF68FF31
00500116015E0110
0049002AFFE300B2
FFEAFFBCFEBBFFFB
002C01AA013DFEAF
FFF0FFAB00F6FFD2
0180005DFE97FFF1
008FFE1301C9FFBB
FF48001101060136
0068005000EEFF5D
0015FF66004EFF70
FF92005FFDF4FE7F
FF9C00B0001B009D
016C008500D9FFD5
00EFFFE6FFFFFEB1
00380032FE62FFF2
FF74FEC7FF7601EC
FFA300550015002B
FF72FFF200030011
FFD9FF370130FE76
00EDFFDFFF5901C1
00D90108FF8C0077
00F800B3FE52FF6E
FF85FFBDFEF8011C
003DFFD8FF250041
001700BF00B60082
003500970074FFEC
012CFE7F011D0040
0254FF46FFBAFF9F
FF38FF3B006E005A
00F6000FFFB1006F
01A6019700D600A7
FF7F01820067FFD5
FF68010EFFEAFF41
FF74008A0112FFAB
00290141FF2001D9
FF630116018EFEF2
000D005B003BFDF7
004601C2FEFFFFC4
0218FFA4FFE70031
FFE6FFB1FE6EFFDD
011F00D40157FE8C
FFECFE7200B9FFE1
0165FFF800E1FF54
023B00840082FF7C
0247003BFFE000D4
002B013FFE3000E0
FF52021AFF61FEC2
0104FE50FFA9003B
FF7200F2FFD9000F
FF95FFC000DBFF47
006400C8002CFF68
006DFF87FFFA002F
FF72FF4CFF550067
0084004FFFD700EA
FF380026001CFF5B
FF58FF870009FECD
FEB80100FF2F0013
00C2FFF4FFD3FEF2
00E9FF09FF4FFF54
0023FFACFEF50010
00D8FE69FEE2FF84
0075FFEC00940058
007AFE3A007000EC
0059FE68FF88FEE3
0040010A00E1010A
0004005500570099
FF90FFC1FEB2FF76
004701AA012DFEE5
FFDAFF2C0130FFB0
0198007FFE8FFFF0
0066FE0600ECFF76
FE9E001A00930192
007D00560135FF7D
0028FFD2FFFDFF86
FF640044FE41FE38
000200BC008D00CB
0148008100C20047
00C5FF780038FEB7
00500091FED2FF83
FFCBFF96FF6A0210
FF9F0036FFF20071
FF57FFCD0004003C
0010FF260153FE2C
00D0FFCAFFAF0144
006100CBFFB50017
00C200BBFE7CFFDF
FF79FF7CFE8B00FA
00040030FECEFFF3
00B6010201000049
00090065006F0024
00F0FEA4011B0018
022DFF3B0048FFA2
FF80FF5A004E006F
007E000D004000AC
019E015100BD00CB
FF1C00EA00430038
FFA7014FFFF5FE8D
FF5D00FC0104FFAF
FFA1010EFF000215
FF8D00DA0169FEB3
FFDD006D0040FDA3
00470179FF26FFBC
024DFF88FFDB009B
003E0002FEAD0005
014D009D0109FEB6
FFB1FE8301110000
01A5FFA4005CFF40
01D200600029FF4A
029000A1005E00C8
00230198FE4F00B1
FF300262FF9AFE8B
0078FE6BFF84004E
FFAC00C8FFB2006A
FF3DFFB00091FEC8
0074007C0067FEDC
005BFF8C0019FFF8
FF75FF7EFF7D0096
00A80034FFEC00BE
FEF0FFE5FFE8FFC6
FF6FFFC5FFE6FE83
FE6F0158FF24FFB5
00E0FF68FFCEFF5F
00D5FEA8FF65FF76
0015FFBFFF1CFFE1
00DDFE1CFECCFF63
0000001B00AC0056
004AFE5D006C00D1
0079FF28FFA1FE55
000B011300C10130
004B0027005000AC
FF760037FEEBFF48
00EA015800E7FEBB
002BFEF0014CFF7A
011C0059FEBCFFF0
0081FE1F008BFF56
FE10003D00070172
00A50024015BFFAD
004E0019FFABFFA5
FF150049FED0FE47
002A00A200AC011D
0197003000370076
0044FF6C006BFEB1
004F0078FF49FF5F
000CFFE0FF6B0233
FFCCFFE5000E0079
FF44FFB000120003
FFCBFF300121FE00
00F5FFD6FFAA0089
002900C2FF66FFEB
006C00F5FEB3FFE5
FFAAFF4BFEAC00BF
FFEDFFECFEB2FFDE
00E6013500CA0075
00000088002DFF96
00EAFEA700E1001A
01CCFF4300B8FFF0
FFF7FF6700120041
0036003200EB00CB
0184011C008C0086
FF12003A001D0059
FFD101310008FE45
FF5000F60109FFB9
FF7400CCFF5C01C7
FFA400E8016AFE7A
FFB800650026FDA0
002E00EFFEECFFC7
02440004FFD300D3
00850038FEB4FFDE
013A007600C1FF1E
FF81FE8A01430012
0142FF7AFFC4FF08
0115004A002CFF79
025600E600F90118
002101DAFE0C008F
FF35025DFF9CFEAD
0032FE7CFF9C008E
FFE000ADFF85010D
FEE0FF460025FEF5
0055007200C2FE91
005FFF680071000D
FF95FF60FFC600FF
00ADFFE8002B0088
FEC2FFC0FF91FFEA
FF6AFFFCFFCEFE06
FE3C0165FF34FF8D
00CDFEFDFFC4FF95
009FFEBDFFC0FF89
FFF8001FFF3BFFE2
00B2FE36FEF5FF89
FFB3FFC500D10065
002CFE80004400F8
0089FFAFFF8DFDEA
FFD600E50041010E
004700060096005C
FF370075FF2BFEBD
010600D1009AFEF3
006AFEB7011DFF75
010F007DFEECFFE3
003EFE4C0002FF3C
FD8A0059FFAE0164
00CB00380181FFD7
0066007CFFBDFFE2
FF090055FF4DFE88
00B400E800990142
01930007FFD100C6
000BFF4700C3FEEF
00330089FFC0FF3C
0050002DFF7501CB
FFE70002004B0073
FF7CFF69FFE5000F
FFA5FF5A00E6FDE8
00A2FF9EFFEBFFE2
FFA2006BFF2CFFD0
00220118FF12004D
FFCBFF2AFEA10088
FF87FFFEFED1FFE2
01270153008A0057
FFB40042001BFF4F
00ADFEE000850013
0164FF42013B001C
FFF9FF92FFCC0060
FFB6006901690122
012E00CF00530032
FF0CFF6800090083
001B014F0061FE00
FF4C010300E9FFBF
FF28005EFF4A018A
FFB9009B0100FE74
FFC1006DFFE4FDA8
FFEE0024FF3C001B
01DB0036FFBF0117
0105004FFF09FFD0
0160002A00CEFF27
FF28FEC2013A0013
0108FFC1FFAEFEC5
009200520025FF9A
020B00FD017D00CB
004E01E9FDD50063
FF2D0236FFC8FEB9
FFF0FE99FF8F00C3
001B007EFF8A00E2
FEFCFF570001FF21
007D008400B5FEAB
00CAFF8D0033000F
FF81FF9EFFDC0158
006E000D002B0077
FEBCFF82FF460009
FF90FFBFFF9BFDEF
FE690198FF43FF52
00FCFEE4FFC3FFFA
0089FEAFFFE5FFB3
FF960017FFBD0008
00A8FE3BFEFCFF8C
FF98FFAD00AE0042
0042FEAE002F00D0
0044002AFF8FFE0E
FFAA00BAFFFA0122
0051000500AF0032
FF000092FF6FFEA8
014300610090FEBB
00B8FE8C00DFFFA6
00A700B0FF27FFF8
0093FEAAFFB7FFA7
FD3D00A0FF3A011A
00CF00300196FFE2
008B00F2FFA1001A
FF26003CFFD3FE5A
00E200B000C30160
0167FFF3FFBB00D9
FFDEFF2F00C2FF08
001700BA0011FEFF
00A50021FFA40188
FFFEFFCC0023004B
FFAEFF480012003D
FF42FF5B00CFFDC0
00B0FF99002AFF64
FF7B0039FF24FF8A
0016014CFF3D0097
FF94FF5AFEB50051
FF740009FEECFFD2
016C011B005700A0
FFAD0014FFD1FF07
00C4FEC9009F0032
0120FFAC01550081
0047FF8FFFB0FFF6
FF59007A01EA014A
00C100BF007EFFF9
FEFCFF04FFD500BE
00060156002BFE5A
FF6800CE00C1FFCF
FEF90030FF200179
FF78009600E8FEBB
FFB40070FFAAFE0C
FFFEFFCFFF31004B
0173003BFFCB010C
0144001DFF1DFFB0
01250025006DFF50
FF4EFECD014F002B
00E6FFDDFF03FEEE
FFDF00200024FFDC
01C8012B01A2011B
00400217FE31003D
FF360205FFD4FE92
0010FEA9FFD50100
0048004BFF58010D
FECFFF6CFFD7FEF8
00AC005F00E9FE8C
00A6FFF8006A000A
FF81FFABFFC70166
0079003600580057
FEE2FF62FF540020
FFBC00000004FDA7
FE630161FF30FF5E
00FFFEB4FFED004D
005AFEC10040FF92
FF6EFFDAFFA90046
006BFE51FEDBFF4B
FF77FF6300820040
0025FEDBFFEC00FD
005A0075FF8DFDC5
FFEB0073FFDB00EE
0054FFFB00A6FFEE
FF1600B2FF4DFE88
014B00290049FEED
00F5FECF0079FF8E
006F005BFF9F0004
0084FEC1FF7FFFAB
FD4E007AFECC00AB
008700110192000C
009A0122FFA70055
FF33009CFFD5FEA5
010100CA00BE0195
0154FFF0FF420102
FFADFEFC00EAFF51
FFD500A20037FEEB
00D1001DFFBA015A
0064FFD1004D0055
FFD7FF260031FFE8
FF43FF8B00B4FDE8
0099FF990039FF13
FF670009FEF7FFC1
FFA90130FFB800D4
FF6BFF94FED40047
FF160004FEDEFFF4
016E0148FFE700BB
FFC50002FFBBFEC6
00C0FEF6004DFFD0
00AEFF8F019B009D
00ADFFC0FF5A0035
FF2E006A021B0125
00890050002BFFE0
FEEEFE75FFDE0055
004D012A0044FE5D
FF5100B4004DFFED
FEFE000BFF640113
FFAE00600120FEED
FFB9003FFFDCFE4B
FFF5FF5BFF730085
00E000A1FF810145
0181003CFF4AFF8D
00F900060003FF8E
FF2DFF45012C0046
00780028FE88FEDE
FF99FFF4FFBFFFED
012F016301B200D9
0026021CFE210021
FF1001F90003FEF5
FFCAFF2FFFA300FE
0059004CFF3800E0
FEC6FF21FF80FF2A
009D006D00E1FE42
00AB00030046003B
FF7AFFCA001F01C4
0082002F00800002
FEE5FF70FF05007F
FF8B00190003FDAF
FEA7014BFF43FF49
0129FE5FFFE900B1
0045FEFC0098FF9F
FF4FFFDFFFF10067
0027FE57FED5FF27
FF87FF660072003D
000EFF17FFCF00C7
00570099FF61FDE5
FFEB008CFF6C00B8
005AFF8A007AFF75
FF2D00C6FFB6FE92
017AFFA7FFE9FEF0
0127FEE80065FFAB
001E003FFFC1FFC4
0059FEE6FF4DFFBB
FD100083FEDE0053
0085000C01A00017
00DD0189FFC60074
FF6000740072FEE8
014500F000DC0151
0112FF98FF13015D
FF52FEAF00ECFF37
001300BB00A1FEBF
00F8FFE2FFB000F6
003AFFF90055002C
003FFEF3001CFFEF
FF00FF90006AFE2A
00C4FFD30028FEC8
FF91FFE0FEB6FFDD
FFB0019000370128
FF7CFF96FF11FFFE
FF000007FEF10026
018B0120FFBF00B9
FFD8FFE3FF8BFE9F
008DFF470049FFFA
0027FFBE019E009C
00A5FFADFF530040
FEE40033024C0128
005AFFFAFFF5FFAD
FF45FE3FFFC60091
0032012C006FFE82
FF6C0099FFE3FFCD
FEDEFFFCFF2F007D
FFB20060007FFF38
FF91003DFFF4FED2
FFFCFEFEFF7300BC
00540110FF940147
02040010FF9EFF61
00E6FFBCFFDFFFAB
FF2DFF8A00EB0063
0071008AFE5EFEF3
FEDDFFD9000D0034
006B0164016F00C9
00410225FE4DFFBD
FF2A01AAFFE7FEF3
0041FF29FFC80177
004CFFCFFF2D00F0
FECAFEF9FF44FF6E
010900B2012EFEA7
00C100730044007A
FF62FFB2000B01C9
005400CC00B4FFF7
FED4FF7AFF0D0087
FFCB0002FFE7FD70
FEF300E3FF26FF48
012DFE3BFFE500C4
0058FF2700A8FF8C
FED6FF7FFFF30057
0024FE9AFF33FF18
FF97FEED00680034
0001FF60FF5E0145
004B00D7FF75FE9B
FFF5003BFF15008E
0060FF9000A2FF5D
FF4A00C9FFE7FEA8
0119FF61FFD6FF5D
0143FFAAFFC7FFA4
0013006D0007FFC6
004FFEBDFFBE0011
FD31009AFE79FFF2
003BFFEA01C5000F
010D01E4000600BA
FF9D00C8007FFEF8
017C011F00C9012C
00F8FFD1FEE0014A
FF45FE7000F9FF40
FF9700C700B2FECE
00B4FF88FF870099
00920028004FFFF0
0078FEAD00370003
FF1CFFD30066FE38
0059FFC80057FE73
FF79FF9EFEAD0037
FFB001E90094015D
FF2B001EFF4AFFF7
FE960010FF54009A
01B600FFFF5100E3
0035FFBEFF4CFE82
0089FFCF001EFFE2
001FFFD801A600D3
00B9FFACFF14002D
FEC6003D02700136
0007FFDEFFE9FFD5
FF57FE2EFFA60043
004600CC0034FF0A
FF850043FF7DFFFC
FF52FFB6FEF6FFF5
FF6B0055004AFF7B
002E0005001AFF46
FFFFFEA3FF9800D3
FFA8010CFF9F010E
022D0024FFDEFF00
00DFFF9CFF740007
FF0BFFDE00E5004D
003100C3FE00FF09
FE92FFCDFFC4007A
FFCB0187012100D0
00310202FE94FFAD
FF4C0146FFF9FF52
004CFF42FFE7015D
0034FFD9FF380065
FF08FF42FF37FF7B
00DA00ED010CFEAD
00800098FFFE00B0
FF28FFCC001601EB
002A00FE00CCFFBC
FF12FF50FF120095
FFDF00300011FDA9
FF580099FF24FF25
0110FE5D0016015B
009FFF630117FF85
FE7FFF50001300B8
FFC7FE9EFF39FF0E
FFE4FED500940032
FFDCFF98FF4D015B
004100A8FF63FE9E
FFE50004FF1E005B
0093FF39006CFEC9
FF4F00AD003EFEB5
012EFEF5FF97FF4F
01590010FF8EFF9C
FFBE00300077FFB2
0029FF04FFB70035
FD450085FE4EFF87
0034FFF1019DFFFD
013001E0007100DB
FF9C00A3007FFF44
01930163007F0130
0109FFEBFEE50157
FF64FE8E00CEFFCC
FF5C00A700E2FEDA
009DFEF0FFB3002D
0083006B0053FFC0
00DEFE9D008FFFE4
FF18003FFFFEFE98
00A8FFFE003DFE58
FFDDFF76FE580077
FFA601D200B10170
FF150021FFA8FFD2
FE800041FF7C00D5
015B00FAFEEC00DC
0059FFABFF1BFE8D
00C3FFF30004FFE8
FF86FFCD019F00DB
008BFFE9FF440019
FEC10010026D00FF
FFEDFFC0FF99FFC5
FFA2FE1CFFB3FFC0
004400DE005AFF69
FF94FFF2FF030003
FF6CFFADFF07FF2E
FF670072004E0008
000C000F0042FFB2
FFF9FEA0FFE2012A
FEC80156FF89009C
0271000AFFCDFE9B
00EEFF8DFF8A0001
FF1F006A0063000A
002900F0FDE9FF11
FE82FFF6FFF400A0
FF4F015200C600B8
004401FDFEF6FF8C
FF6600CCFFF4FF6C
00F2FF6FFFC2019C
0055FF61FF5F0033
FF1CFF10FF32FF87
0100014400E1FEDB
005E010CFFBE00DF
FF40FF9A001501B2
0034019400C7FFA5
FF22FF52FF3D00B2
FFF00047000CFDFF
FF9F0011FF3DFF5D
00DEFE4F003F0178
0096FF8A0129FF7F
FE32FEFCFFED00D7
FFE3FEC8FEE8FF02
0018FEE40097001A
FFE2FFF4FF3B0183
003300C1FF9AFF55
0039001FFEFF0037
00A5FF51007BFEAF
FF8C00BF0096FF14
00B7FEB2FF3EFF8D
017400B6FF1BFF8A
FFBB001200B3FFC3
0021FEDAFFE40078
FDE500B8FE56FF88
FFFDFFE8018EFFBD
01380209009200F1
FFB100CE0080FF4D
01790171008800C5
011B0013FEE70133
FF7BFE6100ABFFCC
FF41009100D2FEF7
0063FE78FFCAFFF7
008900B2006BFFAC
012DFEB800A1FFC8
FEAC005D0013FEAF
009000210021FE6A
0050FF82FE1A00BD
FFA301CD00DD0149
FEE9008DFFDFFFC5
FE470060FFD70130
012E008FFEB60147
00B5FFACFEFEFE7C
007B0013001AFFEF
FF37FFC6019200C4
0063FFDAFF65FFEC
FEF3FFBE026200C7
FF90FFC6FFB1FFD8
FFF0FEB3FF7CFF8E
FFF6007100150008
FFBCFF76FF0C0009
FFE9FF8DFEDDFF0A
FF23004B0023003B
0081000400930025
FFF8FE7F0027010D
FE68018DFFB9001F
0281FFE0FFEAFE47
00E3FF82FF820053
FF39007D00250004
FFFE016DFE33FF20
FEACFFB1FFFF00FE
FEBB014400630046
007E01FEFF27FF8B
FFB60045FFF5FFC9
0158FF82FFCF0197
0034FFB2FF3DFF88
FFC4FF38FF33FFB6
011C016300CBFF34
003D0100FF6E0105
FF2EFF80FFC901C6
FFD6020300EBFFB3
FF31FF4CFF49007B
0014FFF1FFEAFE11
0017FFE7FF4BFF8C
00A1FEB50088014B
00B8FFE40136FFBF
FDF7FE9AFFDB0112
FFF2FF18FF40FF1A
006FFEA600480000
FFFF0021FF0C01A0
FFE7007DFFA6FFC8
005DFFE5FF0BFFE5
00A4FF0D0022FED1
FFBF00820090FF40
0072FEE8FF2EFFAC
01980138FEA1FFBF
FF9BFFF90100FFD9
0011FF00004500B8
FE8100B8FE25FEE4
FFA1002201A6FF90
016001E4010E00C8
FFF200DF007DFF5E
01080163007B00C8
00880041FED800FA
FFD7FE3B0049000A
FF0500A800B3FF2A
003AFE1DFFDEFF6D
009100A50035FF21
018BFEB500B8FFDF
FF040096FFD4FF20
00D80027001AFECE
00A5FF71FE570108
001101C600FC011A
FED200E0001AFFD8
FE29004700500160
014C0077FE8D0139
00E4FF88FF00FEA4
00B20036001AFFF6
FF450013013D00EA
003CFFF7FF620047
FECBFFB401EF00A5
FF87FFC4FF83FFF6
0010FF15FFB7FF40
FFAF008D002500C1
FFD7FF56FEE2001E
004AFF95FED1FE87
FF0B0099003400B1
00BEFFFE00B500A8
FFBDFE9B0044014C
FDC30141FFD1FFBC
0271FFA5FFE4FE27
00DCFF8CFF590039
FF4200CCFFCFFFFF
FFC50199FE6DFF58
FEBBFFAA002300F1
FE470167FFBD001F
00780197FF49FF62
FFE30015FFB80018
01A8FF98FFD0015F
FFEFFFC8FF62FF11
FFE3FF62FF2A0035
00F701A800B7FF56
FFE8010DFEF5015A
FF33FF64FFFB019F
FFF802290099FF97
FF62FF6CFF4E006B
0001FFBD0006FE91
008FFF7FFF55FF85
008EFEC3007C0134
00E2000A0119FFA8
FDD8FE81FF6E00FD
FFBFFF26FF62FF2E
00B9FEB5001EFFEA
000B000CFF3001E5
00050004FF9B007D
0067FFEDFEFBFFD5
00A0FF3E0013FEE8
0002004500F4FFA1
0008FEECFF13FFBA
014901A6FED4FFCD
FFDE0068011DFF94
0004FEE800C700C3
FE8800CFFEAFFEF4
FFD90029019DFF4C
014901AA013500EB
001100AF0055FFB8
00EB018C00280004
00460046FF3A00BE
FFE2FE200020FFE4
FF3C0095008EFF65
FFD0FDBFFFC7FF40
005D0113004DFF27
0198FEEB00DCFFCE
FEF600CFFFADFF5F
00A70083FFDEFF2E
00FDFFD1FE3400F8
002301D800D70107
FEC400EB0047FFD1
FE67002B00A3019A
0107003EFE7C00F3
011AFF69FF08FE9E
0097005C00030016
FF5D0012011B008B
FFE8FFB6FF920052
FEE3FFB501970088
FF73FFE2FF9C0008
005DFFC3FFBEFF1F
FF6D005A00080133
FFFDFF3EFEF0003B
00D0FFB4FEA3FE41
FEB3005BFFFF00CD
00FC000600C800EC
FFCCFEF4005C0141
FDAB0173FFDEFF49
023AFFB4FFC4FDCD
00EEFF89FF58FFE6
FF9A00DFFF73FFCE
FFBE0199FEAEFF67
FF28FFCE005A00DB
FE490114FF1CFFDF
00A00155FF7DFF72
FFE7FFF5FFD70049
01D3FFA8FFC1014C
FFD3FFAFFF7BFEAA
001BFF70FF600027
011301CD007FFF65
FFDF0116FEBC016A
FF38FF27FFC90167
FFDC0269007CFF65
FF95FFBDFF91005B
002BFFA8FFFFFEF6
00E0FF59FF38FFD7
0070FF1A0087013D
00F500390135FFA8
FDF7FE2BFF42012D
FF9AFF46FF56FF27
00E1FEC8FFE8FFD0
000B0039FF200207
001EFF9CFFA800A6
00B9FFEDFF0AFFBB
00C2FF42FFEEFED6
0025003000E2FFD3
0001FF01FF37FF84
011801F4FEA6FFDC
FFE000700129FF9E
0025FEE4010100E7
FF1C00ABFEFEFEF3
FF8D004B0182FF3D
015301AE011D00B5
004A00E2001CFF88
00C20157001E0000
00590043FF7700D3
001FFE45FFFCFFDE
FF2800B70045FF83
FFA6FD6BFFC5FF6B
005E01020064FF17
0197FF1A00D0FFCC
FEE800ACFFBFFF70
00A800A2FFA1FFAA
011AFFF5FE2B0135
001201DF00A300FD
FEAE01150077FFED
FEB3005B00B001CB
00D6001AFE9C0109
0154FF6EFF03FE9E
00AB007C001A0010
FFB3002D00F30032
FF9CFF84FF7F004F
FF03FFA0012D003B
FF84FFD9FF9B0032
008C00A0FFC0FF05
FF39005AFFEE0188
0008FF12FEFE0059
0118FFB8FE6AFE56
FEB3004A00130101
0113000E012E00E2
FFD7FF700048014E
FD94015E0000FF02
01FEFFC4FFA8FDA6
00EAFF89FF9B002D
FFC9012AFF13FF7C
FFCB01A1FF8DFF78
FF94FFFD003600FB
FE3200D5FE81FF5D
00AD0144FFD5FF85
FFD2FFC8FFBA0097
0201FF6DFFCA0144
FFB9FF9DFF71FE40
0075FF9FFFC90068
011B01E3002BFF9D
FFB600E0FE5B017A
FF1EFF49FFE3011C
FFDA02920078FF7F
FFD7FFFAFFB3002A
0000FF71FFCCFFA2
0102FF18FF6C000C
0050FFCB007E0104
00EE008300BAFFD7
FDE0FE1BFF57012F
FFE2FF60FF68FF41
0104FED6FFCEFFD4
002A0072FF610205
FFE1FF6EFF920116
00A9FFDFFF4BFFA0
00C5FF5BFF7EFF15
0061000600C8FFF5
FF8BFF23FF46FF8A
00B6023DFEA8FFE3
FFF8007500C7FF9B
002DFEE10168010E
FFAE00DDFF82FF3B
FF7F003B0121FF32
01220179012F0080
009700BB000BFFAF
006501030014FFC9
FFF20051FFBC0096
0073FEA4FFEAFFDD
FF4500A3FFC6FFD2
FF72FD1AFFB7FF36
002A00CE0038FEE9
018BFF3E00DAFFD0
FED600CBFFE7FF9E
008A00A6FFA70028
01340015FE4B0136
006801B4009700B4
FE8C011F00890017
FEC20056010B01D0
00C0FFC4FEB80117
0134FF4EFEF0FE9D
00C000330037004F
FFFE008B0073005F
FF7CFF7DFFC40015
FF29FFD400AF000D
FF87FFF3FFB1002C
00BD017BFFCEFEF1
FEDA001EFFEA01E0
0016FEE0FF2A007B
0145FFC7FE38FE16
FE70006E001900F2
0147FFF6014200EE
FFCEFFD5002600EB
FDB500F70057FE9D
01A8FF84FF7EFDDE
00D2FFB8FFB5FFF0
0025011DFEAEFF73
FFBE01B7FFF4FF7E
0004FFE7004200E5
FE6500B9FE35FF21
008C00EB0001FF80
001DFFB7FF96008E
021DFF4EFFDE00D8
FF98FF9AFFADFDDC
00B2000C0002005D
00F60203FFE0FFED
FF93010EFE4501A6
FF44FF50FF9F00B3
FFCE029A0011FF93
FFF60015FFE10006
0004FF4FFFC0FFF6
0146FEF2FF8D0061
005F0033008800CF
0105007F0079FFCB
FE2BFE2DFF140150
FFF8FF66FF83FF20
0141FF27FF8CFFDA
0047003FFF8B01B9
FFAEFF1FFF8B0142
00CBFFF9FF7DFFA1
00A6FFBBFF61FF82
0051FFCD00800051
FF58FF75FF7EFFA5
00790235FF0A000B
0033009800B4FF90
0054FF0801B3011B
003700E5FFCEFF5D
FF91003C011DFF1C
00DA01250124007F
00A300B6FFE9FFDF
002500D5FFE5FF79
FFBF0053FFD80061
00B9FEA2FFC5FFC4
FF650080FF73003B
FF64FD0EFFE9FF41
FFEC00DC0043FF00
0186FF8100CFFFCA
FEE8009DFFF4FFCE
008400CCFF74009D
01880069FE7A010A
0073016F007D006A
FE9B0134009AFFF3
FF57002F015701CD
0067FFA1FEE30107
0128FF50FF38FEB5
00C9FFD800310051
006A00AB002D002F
FF75FF60FFE40036
FF7FFFB40034FFBE
FF930020FFB2005A
00A201F9FFBEFEFE
FED8FFEDFFC901EA
0046FEDFFF5B00A2
017B001AFE09FE41
FE600055003900FB
01500002014600F2
FFF70036002F00A5
FDEF00C00058FE6A
0139FF79FF75FDED
011FFFAE002DFFEE
003F011FFEDEFF42
FFDC018C006BFFCD
00BB0027005C00BF
FEC20013FDFCFEC6
009400C20000FFDF
0025FFBAFF9D00A4
0249FF28FFB000BB
FF8EFFF6FFC5FDA1
00DB0046007D0062
00F801EFFFCE000C
FFB300DDFE34014E
FF44FF44FF6900A0
FFBB0251FFD7FFCC
001E00090069FFF8
FFECFEFCFFC30047
00F7FF0EFF7A0082
003B008500590028
00BD007A0031FFCA
FE70FE45FED80114
0059FF67FFA6FF60
0173FF65FF9AFFB4
00450047FF9801CD
FFE9FE89FF650154
01000006FFBEFFA1
009DFF9EFF5DFFC5
0078FFA5005F0029
FF6B003D000CFFA8
FFD501E8FF3B002C
004400820077FFB9
0020FEEA02210112
0095008CFFF0FF6A
FF870032011AFEFC
00D50099012D0029
008E007CFF79FFBA
FF81006EFFE1FF81
FFEC007800340000
00E4FF0CFF7FFFD9
FF7A0095FF4A0050
FEE8FD26FFDBFFA4
FFE500C0003DFEEA
015CFFBE00950000
FF3D00610014FFC5
00BF00DAFF570110
019C006FFF0500FA
00DE0114FFE2FFF4
FEA400F7009C0046
FFA8004101390188
0064FF9EFF6000CE
0125FF77FF5FFF06
00E9FFB6003B0062
00CD0085FFEA001F
FF29FF42005C0063
FF89FFB0FFB8FFB9
FFCB006D0004008F
00B90271FFDDFF09
FEDA002BFF9501FB
0004FF2AFFC600A2
01B20034FDE9FED7
FE8D00A7006D00FF
0141001A018900C7
FFE800E1000E0081
FE5700560095FE4F
00F3FF72FF66FE26
010C003C00250000
00A800A8FF14FF10
0030012E0108FFD6
011400570072007C
FF27000EFDA6FEF6
00CC00ABFFF00009
0045FFAFFF860090
0265FF0EFFF70063
FF5F001AFFB6FD74
00EB006E00800051
00E401D6FF750024
FF6900B3FE58015A
FF61FF0CFF4D0049
FFC1027AFFC4FFF2
001C003B009FFF76
FFEFFF20FFBE0097
0108FF33FFB500BB
0048011D00AAFFB6
00D600740028FFCC
FED0FE59FEBC013A
0054FF9EFF9BFF3F
0186FF5AFF8EFFAF
0045003EFFDA01A9
FFE1FE3AFF9C0135
00D300020026FF95
007F0037FF450024
0026FF6DFFF70064
FF1C00980022FFC0
FFAB0195FF95001F
00C700A10075FFC2
004CFF10022200CC
00CF00890082FFD3
FF94006000C1FEFC
008700490104FFEC
00980088FF2EFFE2
FF4F0041FFE1FF5D
FFB200E3005DFFC3
0159FF40FFA40001
FF9200A5FEEA008A
FEE7FD56FFCB0011
FF8B00BB0029FF01
00FCFFD0006F000A
FF990073007CFFA2
009000BDFF3B01D2
018300B7FF1300AD
00CE00B1FFA2FF94
FE9100BF004F005A
FFF20007011E0164
0036FF98FFA2009C
00DAFF94FF7CFF57
00E1FF66005E005F
01250052FFC5FFA1
FF17FF42004A0065
FF9DFFE0FF4CFF69
0000009EFFF400AC
007B03100003FEDF
FEB60057FFD20199
002CFF25003F00B9
01BE006DFDFAFF13
FE91009800BE00D1
014F003B01880040
FFEB014D001B0056
FF1EFFF8005BFE58
0032FF60FF38FE66
013100740076FFE8
00CA0067FF22FEED
006F00D4018F0011
01CB004500590047
FFA2FFA3FD63FECC
009A005BFFD7003A
0063FFF7FF680077
025BFF14FFFA0035
FF320090FFD5FD80
00E0007700DA005F
00B40190FF59004A
FF3F0083FE64012E
FFBBFF48FEF80033
FFC30209FF590086
FFD7001D010DFF69
FFC8FF17FFD700B3
010BFF29FFD100D8
FFED013D0085FF39
010A0036FFD9FFD1
FF33FEB9FEB40129
00BAFFC0FFECFF73
01D7FF9DFF99FFD3
0050003500320144
FFF3FDCAFF840125
00F300470053FFFA
0054006FFFAF0043
0046FF21FFE20061
FF0A012800B5FF99
FF5D012100300026
00A1009A002FFFDB
0034FF020214006E
0148005300C4003B
FFCC009800A0FEDB
0044FFAD00F1FF7F
007B005BFEB5FFC2
FF530032FFEAFF75
FF9A012D00A3FF9F
01ADFF57FF2FFFDE
001A007FFE7C00B0
FED6FDDEFFC30020
FF1700B40001FF55
00BB005500370040
FFCF00330075FFC2
00CB00CEFF31021C
018E0118FF3F005B
00EF0078FF62FF09
FECE00AF0006009A
003C000301080124
003AFFA8FFF3006F
00BAFFE0FF88FF7A
0100FF3700960069
013C004DFF9AFF6D
FF08FF3F008C007A
FFBDFFC1FF01FF6A
008B0101002E00BA
001F03430019FF14
FEEE006DFFE2011D
0000FF9000D8007E
01FE0075FE40FF92
FE6300B700E300A1
0127004E0147FFD5
000401930034FFE5
FFCBFFA40082FE6A
FFCCFF93FF7FFE88
012300AC00D0FF84
01070021FF5AFF0D
00B3007001B6004C
01D30079009D001A
0089FF85FD97FF10
00820042FFB6006C
003A0008FF5B0087
0241FED2FFEEFFE6
FF0200CCFFDDFDC2
009000BC010F0075
0099015DFF5B0028
FF480095FEA10101
FFBAFF43FEFD0004
FFB40166FF58009B
001100080148FF3A
FFDDFF2500030104
00A6FF67FFB100EF
0005016300A3FEF2
00CAFFF1FFBDFF94
FFC5FEF6FE8A00FB
010BFF96FFE8FF6F
01B0FFC8FF99FFAB
0041FFD5003C012A
0032FD9FFF87009C
00E200830080FFE7
001400ACFFA7007E
FFDCFF12FFA9002C
FF17017F00F2FFA3
FEFB00920099002C
011C00ACFFCCFFDD
002FFF01020D0006
013C0026010300A1
FFD2008600A3FF17
0000FF4600AAFFB3
001C003DFE75FFFE
FEFEFFE4FFF2FF65
FFED011C00D2FF72
01C1FFC0FF710025
FFFF006CFEA100C2
FEECFE30FF86009E
FEF500A70035FFC8
0059007F00070047
003EFFF000A0FFAB
00B30092FF46023C
0184015CFF95FFBF
00A20003FF10FEE4
FEEA0057FFC600BD
0073FFD000AD00AA
FFF9FFB10011FFFF
00660001FFDBFFD4
0144FF0000660033
0188FFF0FFB7FF31
FF53FF6E00AD0086
FFE8FFEAFECCFF53
00B40118005C00D6
FFF1033B002AFF47
FF32008DFF7A00DE
FFE8FFB9013C0061
01A000AEFE63001D
FEDC008F01030060
00C400660122FF7E
FFE801F90025FF81
0065FF620051FE82
FF53FFC6FF3CFEFE
016000CA00D7FF8F
0135FFA2FF82FEFB
00EFFFEE0201001E
02030089009AFFCA
013BFF97FDAFFEFB
0071004EFF960081
00180046FF620059
01D4FE9FFFE5FFA8
FF0200EEFFE1FE15
009400DA013F0060
009300F9FF62001C
FF75008FFEC700A9
FFD8FF5DFEE10015
FFE900F9FF4600A7
FFF9FFB60126FF10
FFDAFF4EFFCF00CF
007DFFB3FFC100CC
FFEC018400B0FEF7
00F2FFE0FF81FFBE
002EFF65FE7E00FB
015FFF8EFFEAFF5B
016AFFE5FF77FFD9
0051FFD4003B00DC
001DFDB9FF870013
00A500A100CD0009
FFDA00E8FFB900AE
FFA3FEE2FF75FFFC
FF4A01B9014DFF7F
FEFBFFD900D20033
011600A4FF94FFF5
0074FF2B01F8FFA5
014E0026010A00DD
FFE600870080FF2E
0000FF1F0050FFC6
FFE30028FE42FFDD
FEEAFF9F0018FF9D
FFDB012F00C1FFA3
01E2000FFFA80042
00340064FE8D00A9
FF57FEA3FF7400D9
FF1600420010FFF6
002100B0FFD60059
001CFF9400BEFF55
00A40064FF340242
0121015FFF72FF69
00800004FF0DFEC3
FF19000DFF7200EA
00AFFF9A006E006D
001EFFC5002F001F
00000005000AFF7D
014DFECA00700066
01EE0009FFCAFF5D
FF82FF61008D0065
FFDFFFF3FEDCFF63
00F80130007400A1
FF86033C0027FF6A
FF4200B1FF7000AB
FFFB002801E50085
017300AEFEA90092
FEE500A50112001A
00A9008000E2FF0C
FFCF01F8FFCAFF0D
00FCFF47004CFEBA
FF0CFFC5FF2BFF50
017200F300BBFF18
0143FF4DFFD1FF1F
0142FF8F01FD0051
023A00B100B1FF53
01F4FF9DFE48FF09
00760069FF40007B
FFAA00BDFF81002F
017BFE92FF68FFB7
FF00010CFFDBFEDD
000F008D01340035
00720081FF7AFF7A
FF9D0052FEE2006F
002CFF25FF260041
0044009EFF59009E
FFA5FFD000EDFF48
FFC5FF58FF860092
00160051FFA300A8
FFF701090061FEEF
00C4FF69FF78FFD7
008FFF7EFE5C00BD
0184FF56FFBDFF8A
00FD0032FF99FFDA
0068FF6E0078008C
0050FE21FFC0FF91
00C700ED00820043
FFE30119002400FE
FF7DFF45FF67FFC5
FFBF01BD010DFF37
FEC2FF3D012DFFEB
01220091FF3EFFBB
009FFEF201B1FF23
00E4004500F40160
0050007300A3FF59
000EFF25FFE4FFDE
FFBF0033FE83FF88
FF03FF6B006DFF9A
008500F400990007
017E002BFF76FFEB
006F0064FE9B006B
FF5DFF58FF720169
FF330026001B0025
FFCE00E8FF7C0036
FFE5FF4800E4FEEE
009B0038FF53024A
00FD01B4FF28FF1D
005F002BFEB2FEE2
FF3FFFB7FF3000CE
00A1FF5AFFF30021
003DFFE6008EFFF6
FFC8FFFF002BFF48
00F5FEC800BE005C
0213FFE2002AFF64
FFA1FF2500BC0018
FFC7FFBDFF3CFFD4
01520139008A00AA
FF4903150027002C
FF4000F9FF650021
001B00790257002F
010D0096FEE900DF
FF12008A00DDFF70
0064008A00B3FE9B
FFDD01BFFF64FEE8
01B4FF61002DFF1B
FF1D0014FF35FFCD
017100DE00C3FEEB
015BFF07FFEFFF35
0188FF1A01DE0034
01D300CB00A4FF13
0264FFBAFED5FF61
004F0090FF1A004D
FF6F00E9FF9BFFD1
013BFE8EFF3AFFE5
FF3000D1FFB7FF9B
FFC9006F01330011
00560074FFA0FF57
FFD5002FFF3F003B
005AFF06FF6B0043
00840042FF54007A
FF9BFFAB0093FF5A
FFB2FF82FF720057
FFC70088FFA00089
001900AD0052FEFA
00B7FF0AFF65FFF3
00BBFFC4FE340063
01A5FF5CFF88FF7A
007B0049FFF4FFFD
006EFF3E0044008D
0053FE96FFFAFF34
0078010E00760035
FFAC012B006C0126
FF4BFF6BFF69FF8E
FFCF01910105FF3C
FEEDFEE0012AFFF6
014C00A3FF33FFC5
0096FF090129FEF3
009A008C00A901B6
008B002A00D5FF8C
FFCAFF70FF4F0013
FF620026FEB3FF38
FF63FF5D00B5FFB4
00A900D8006B002C
0108001EFFC5FFDE
00580092FEDF004B
FF8CFFC7FF4901C9
FF79FFE600080064
FF8900F9FF580056
FFCBFEFF0103FE91
004C0010FF7D01CA
005901A7FF5DFEF1
FFFF0044FEC6FF0C
FF58FFAAFEF100A5
00A4FF6DFFA4FFFD
008C00070081FFFF
FF6D000F003DFF31
00FEFE9B008F0067
022F0015008AFF97
FFEDFF1C0098FFE7
FF9DFFD3FF89FFE6
012A014C008B005F
FF13028E0008006F
FF9B00F1FF34FFAF
001D00AB02740043
006F008EFF03016C
FF5E006600F3FF1F
003A00A20099FE49
FFD801B0FF21FEC9
0215FF730010FF74
FF32002CFF160007
018000C900E0FEE0
0120FEE5001BFF37
014BFEF601970000
01AA00D80088FF19
02B20002FF81FFB8
004C00DDFED60059
FF44013DFFA1FF95
00F1FE6DFEE20009
FF6A00CAFFC3FFEE
FF7000410111FFD0
003E004DFFC6FEED
0012005AFF560020
0043FEF8FF7F007F
00990032FF6C0077
FF71FF960033FF6D
FF90FFDEFF810005
FF4000B9FFB2002E
005300310071FF4B
0075FEF1FF37FFE9
00BFFFFAFE41007B
0182FF46FF13FF9C
003A003BFFEEFFF5
0087FEFD002F0042
0041FF260023FEC9
0054012E00510007
FF9001370056012D
FF22FF8CFF67FF20
0011015A009EFF02
FF73FE800111FFE2
0133007CFF45FFCF
00BBFF0300CCFEC9
004000CD003001C7
009F000B0120FF93
FFD6FFC6FF260058
FF3E0027FF17FF4F
FF6DFF7600DCFFFB
00EA00BF00060088
00AD0013FFE9FFC7
008B0097FF33000A
FFC8001AFF8101DC
FF8DFFC3FFDA0080
FF8A00DCFF6F0044
FF72FEDF0111FE6A
0057FFFBFF950168
00450197FF31FEBF
FFDE0084FF11FF43
FF61FFA4FEB30098
0072FF63FF68FFC5
00CA003200860029
FF360003005CFEEF
007EFE8200960038
0213002700B3FFD9
0022FF3A0082FFCF
FFA3FFA400170022
0110012300890027
FEC301BB000600B9
FF840105FF5DFF50
004400E602870049
FFC70061FF32017B
FF5F00660108FF10
FFF600890077FE3C
FFC60140FEE8FED3
01EEFFCDFFC4FFDC
FF9F0034FF1F0046
015B00B800AAFF11
0111FEAA005EFF8C
0178FEEC0114FFE9
018500B90043FF0B
02A9003A0009000F
003B00F5FEB2003D
FF1A0174FFB8FF59
00AEFE7BFEB90015
FFAB00A5FFBE0066
FF0E000D00B1FF99
0024FFB10024FEB7
00120013FFB7FFE2
007CFF02FFE900AD
008BFFE8FF990055
FF45FF78FFD9FF84
FF7EFFEEFF72FF97
FEE100EEFFA9FFEF
003EFFB8003FFF82
0068FE81FF42FFFD
00D5FFF7FE770049
0171FF46FEC4FF85
FFBA004400060000
0077FEEE006A0015
0045FF9F0036FE54
0037013300310032
FFB5011A00900136
FF31FFF2FF7DFEEF
007101220042FEF2
FF8EFE4B011FFFE6
00FF005DFF60FFF0
009AFEEB004FFEB0
FFC800BE000301EF
00CBFFF00128FFE7
FFE4FFBDFEEC0058
FEEC002BFF41FF32
FF9CFF7B00E50026
00F50071FFA600AA
0044FFD4FFDFFFA8
005B006DFF5CFFDB
00120082FF6101D3
FFAEFFBDFFD80087
FF4700B4FF7E0033
FF62FEFE0113FE65
0039FFD3FFD500F6
0034019BFF43FE97
FFB3009EFF03FF58
FF7FFF92FE8B0052
0068FF47FF36FF79
00C10059006D002B
FF41FFF60067FEEC
0059FE8E00B10025
018D002500FFFFF8
003DFF500056FFEC
FF92FFBA0079009C
0101010B00620022
FE83013700060104
FFC50114FF7DFEDC
003501010266FFF8
FF88007BFF6A0154
FF92005D00CEFEDE
FFC600B00037FE3B
FFAC00D7FEECFEF5
0212FFE3FFD40024
FFE3004EFF640078
015E00B500A7FF04
00B7FE9800A6FFB2
019AFEFC00A2FFC5
011F00890005FF28
028E00B0009B002C
005B0144FE6A0024
FF0C0157FFC7FF1F
0099FE8DFE870067
FFD50089FF9100B9
FEFFFFA500B1FFA6
000EFFB60052FE89
004F003BFFE3FFC0
008BFEF8FFFD0110
00A00020FFF40056
FF27FF83FF94FFC1
FF6FFFFCFF48FF04
FE950105FF77FF9D
006CFF2E0052FFCA
007EFE7AFF96001E
0074FFE0FEBF002A
0159FF39FE5FFF8C
FF7B002A0064FFE6
0089FEDC00510022
002EFFFE0050FE4D
FFF5013AFFE50044
FF9A00D500CE011E
FF31001AFFAFFEE8
007A00DC0008FECA
0012FE7800C5FFDD
00D00060FF95FFF4
009AFECF0007FEAE
FF6500F4FF6501AF
00ADFFF00167FFF1
00090017FF2A00AC
FEFD0007FF78FEBE
FFF6FFB301100053
011A006EFF800108
FFFEFF8EFFD7FF7E
005F005AFF9CFF83
004C008AFF650197
FFEFFFD8FFCD0072
FF670094FF860029
FF24FED10122FE49
0040FFEAFFFA0094
0002014DFF19FED9
FF8100E7FF29FFD5
FF8EFFB1FE9E0043
FFECFF58FF10FF70
0105006B00440064
FF460013005EFEBD
0037FEBD00AC0040
016F002901550008
006CFF5B0021FFDA
FF81FF8F00E000D3
00F000D8005EFFF1
FE9300A2FFF4013D
FFB90127FF9CFED0
005D011701FAFFEB
FF5A0055FF69013C
FF79002D00ACFEE1
FFBA00A00025FE46
FFA8005CFEE0FF4B
01EC004AFFD50060
00520027FF490069
01200087009FFF40
0093FE7600DAFFEA
0167FF40002DFF89
00E00067FFE4FF61
024000BF014D0085
0031015BFE5A0034
FF0F014AFFD8FF2D
0077FEA5FE5A0064
00130054FFA600E4
FEE2FFC5008EFFB4
001AFF7A006FFEB3
00C00020003CFF7B
009DFF0200170161
00A000280033003A
FF44FF71FF4EFF93
FF5BFFD7FF52FE99
FE5200E9FF7FFF9D
0072FF01004A0021
006BFE66FFCDFFFF
006AFFCAFF430044
013CFF4AFE24FF4F
FF58001D00A5FFFD
0094FEEA002C0022
0018004E0055FDF1
FFCA011AFFFB0026
FF8E009E00CF00D0
FF390047FF91FE87
00A200A6FFF0FEC1
0051FE6B0077FFEA
00A50027FFB4000D
0077FEEFFFB2FED1
FF3C00FCFEF80199
00A8FFD301AF000C
0015003EFF4200B4
FED9004CFF6CFEC0
0045FFBE0111008F
0113002AFF1F0128
FFCEFF79FFE1FFA6
004F005BFF93FF77
00940079FF8D0167
003EFFD4FFAB0045
FF890041FFB3003A
FF16FEB700FAFE8A
004BFFBE0019003D
FFFB010FFF2CFEE9
FF8200EAFF3B000F
FF93FFC0FE930019
FFC0FF68FF17FF67
010E0073001C0087
FF390010005FFED9
001CFE8400810024
012A003F016B0044
0068FF83000E000A
FF8BFF6D01110111
00BB00D4004FFFD3
FE5D0007FFB7013D
FFFA015BFFB6FED1
0072012B018CFFCC
FEF30085FF4A013B
FFC2003800ABFF31
FF7700A9003CFE89
FF800011FED8FF78
017D0064FFD10090
00ADFFEAFF7C00AE
010C0087005CFF48
002BFEB700EA0009
0138FF99FFD7FF3F
009F005FFFD7FFAC
01C10123017F00A0
003C0179FE490012
FEE7015CFFC0FF2B
0042FEC5FE5D00AA
00080035FF910110
FEE7FF730028FFCF
002CFF71008CFE75
00BF00070021FF90
0067FEEF005401A8
00B7005600430022
FF45FF9BFEF7FFA9
FF2EFFBDFF56FE52
FE64010DFF47FF62
0083FEB0003A00A4
0077FE62FFDD0016
001DFFC3FF980050
00F9FF3CFDD7FF75
FF31FFEB0095FFDF
00B7FF3A00310029
FFFF00B3004AFE08
FFFC00F3FFC70031
FFC6005500CD0094
FF79006BFFC8FEBB
00AF0042FF81FE7F
00D3FEB80012FFF8
007A002AFFD90022
008CFEDDFF5EFF26
FECB00FCFEC80169
0094FFDF01BA0012
0035009FFF3800CE
FF0E004FFFC8FE99
0097FFD4013900CA
00EDFFE4FF02015F
FFA8FF44FFD9FF70
004C0025FF94FF40
00AC005DFF76011F
0049FFF0FF96003F
FF79000CFFFA002A
FEB6FF0A00E9FE9E
0026FFC9002FFFFA
FFD000FDFEEAFF01
FF4E013FFF6E0062
FFABFFE9FEAE0006
FF48FF82FF02FF61
01010075FFD000C4
FF68FFEA0030FE9B
FFEDFEC800900018
00DB0044016E0030
006EFFA8FFCBFFF3
FF66FF7E019A0159
00AE0087003CFFBA
FE7AFFC1FFDD0162
FFDC0146FFE6FEB4
008600FC0119FFAA
FEF50064FF6400CA
FF850028007DFF5D
FF51008AFFFEFEB8
FF89FF98FED6FFB4
015A00B6FFFB00E1
00E7FFE0FF8A0098
00F300350058FF3C
FFF0FEBC00F80008
00FBFFDDFF6CFF3A
0038007BFFBAFF8C
019F012B01BB0087
003A019CFE8E0011
FEDE014FFFCDFEEC
0053FEEAFE3A00E4
002BFFD0FFB400F6
FEE6FF730016FFA0
004DFF9C0099FE5D
00BC00210023FFA0
0039FEF7007401B3
00B0007400720007
FF55FF86FEBFFFC9
FF66FFE8FF5AFE67
FE5F00E4FF5EFF2B
00A8FE6A002C0100
005AFE7100140023
FFE3FFB0FF9D0047
00D8FF27FDF8FF73
FEF7FFC800A5FFDB
0089FF170031003C
FFEA00F30044FDF6
FFDF0106FFBE0026
FFCF000800960081
FF7A007CFFF8FE80
00A1000CFF6AFE75
0115FF23FFA9FFCE
005200100019000A
0085FEE1FF72FF33
FEC70115FE6F013B
0084FFB001D9000A
004200D3FF37011E
FED8004EFFF7FE98
009B0008011500F3
013BFFBAFEF60182
FF70FF450018FF67
00380031FFE7FF0A
009A0046FF7900F0
0075FFD5FFD3004D
FFE4FFBF0043FFEA
FE88FF1400C9FE7F
003BFFD60017FFA6
FF9400BDFEF4FF4D
FF2B014EFFAA0096
FF90000AFF000007
FF0FFF9FFF30FF7E
01070088FF9500E4
FF64FFED000AFE62
0016FEF700540037
0088003301770072
007DFFB2FF9C0020
FF7CFF8C01CE0131
006C00660059FF74
FEB7FF69FFB7012B
FFBE0131FFF5FEDE
005B00E200EBFF9D
FE91004AFF8900A5
FF9D000200A1FF8E
FF540059001AFEE9
FF99FF72FEC8FFDE
01040109FFF800D1
0102FFF5FF630068
00F4001FFFECFF82
FF70FF1800FB001E
00DAFFFDFEF8FEC5
FFD60030FFB2FFD5
00B7018A020700CC
0052018DFE79FFCE
FEFC00D9FFD2FF17
0030FEC6FE6D00EC
002DFF9AFFA3011C
FF40FF2BFFACFFBA
0034FF7B00C8FE97
00F0FFE90022FFA8
0036FEDC00A601EC
00A900DC009FFF99
FF6FFFB1FE39FFE7
FF45FFC8FF32FDF9
FE8D00E1FF2BFEFB
00B5FE4E003C016A
0080FE9100360064
FF63FF94FFD7000A
005CFF2EFDA8FF9D
FEB8FF9600D5FFB1
00CDFF7EFFE80077
FFD80158005EFE34
FFB8008FFFCD0010
0004FFB500740075
FFC800AA0017FEDF
00B0FF49FEC1FE5B
01AEFF74FF48002E
0023002000A20015
0074FF17FF1AFFBF
FE610127FE09009D
007AFFA001B80013
008F0150FF7C0147
FF1D006F003EFE72
00DF0035011000EF
010AFF9DFEB3018E
FF35FF0EFFFEFF58
FFCAFFDCFFF2FF05
00C2FFC3FF8A007F
00CB001AFF9B0004
FFBAFF990061FFDC
FE40FF66008AFEF2
000CFFD0004AFF42
FFAF0076FEF6FFB3
FF2E01B9FFB600D8
FFB5002BFF29FFAD
FEF5FFAFFF5DFFB9
00D8007DFF5A011B
FFB4FFAA0021FE8E
FF9EFF3200650039
0066007701890075
0053FFA2FF9CFFF6
FF7BFF8D020A01B9
001E002E0003FF55
FEB6FF2AFFC00104
FFE401160021FF38
00C300AD0050FFCC
FECA004CFF760040
FFB400070055FFE2
FF4A0071FFE4FF7E
FF5FFF24FECA0089
00630129002B00CD
018FFF91FF730030
0093FFD5FFB9FFA0
FEDFFF6D00D5000D
00A90056FE75FED9
FFDC0009FF7D0033
0004018C01E300A1
00150165FEB8FFAE
FF360084FFC8FF15
0055FEE9FE5800DE
0095FF23FFED00F5
FF66FEECFF4FFF9D
007B000000E4FEBD
011500530033FFF7
0007FEC3009E01D2
00C1019400A0FF75
FF38FFC3FE27FFC9
FF54FFF4FF02FE04
FEB30079FF20FEBD
00BAFDD7004401A6
00D7FEE00046001F
FEBFFF3FFFFAFFF6
002DFF4EFD97FFAC
FF2BFF8F0115FF8B
008EFFB6FFB1003B
FFB801A7005FFEB6
FFF3007EFFBFFFF6
003DFF7600750044
FFFF00A90084FF0B
0064FEFEFE72FE8E
01DE002EFF41FFFD
FFC2FFED0107003E
006AFF0CFF710025
FE40010BFDC7004F
004CFF6501E4FFF4
00DD0146FF830197
FF1900790053FE8A
0126008400D400EE
0136FF97FEA00181
FF42FEE9FFD0FF2D
FF94FFA90020FF22
008EFF2EFFC70005
00C700B7FF90FFAC
0003FF4A0086FFC4
FE0BFF990071FF35
FFDA002D0045FEE6
FFF00031FEF70006
FF6D01F2FFF000D5
FFAE0080FF8FFF8D
FEAAFFCCFF870001
0098007EFF13011F
0036FFB7FFFFFEB9
FF6FFF7D001F004E
FFF500850190008D
0059FFD8FFB20005
FF80FF840241018D
FFF6FFFB002EFF8C
FEE8FEEBFFD700BB
FFD400B00029FF82
00A70042FFBCFFD4
FEEA004DFF3DFFF6
FF61FFF6001D003C
FFAD0048000B0012
FF97FECCFF1A0117
FFCD018D006F00A5
01E7FFA2FFDEFFCD
0076FF82FF5A0038
FE5F001200E60004
006900A4FE66FEF6
FF9AFFDDFF720050
FF1B01A1018E007C
00260149FEEDFF97
FF9BFFDBFFA1FF6F
00B2FF16FE84010B
00DDFEC3FFE80074
FFBEFEA7FEACFFBB
008E00460111FF22
00F0FFF80054003F
FFE0FE980124017B
007D023F00ADFF43
FF2E003AFDC0FFD1
FF4BFF8DFEB4FE19
FF34002AFEF7FECA
0074FDA70012018F
00DDFF2A005A0036
FE0CFE8EFFFBFFC4
FF9EFFB6FDB8FFEC
FF07FF490153FF36
0080002EFFAD009E
FFA701C00096FF7C
FFD80005FF990002
00B7FF3400810066
001400D8009EFF37
0025FE9EFE02FEF5
01D7013AFF04001A
FF4A003501940030
FFFEFEF3FF8900D4
FE140110FD89001C
001AFF9201BFFFF4
00FA017CFFF40138
FF4A00830085FE92
010B009D00920081
010EFF7FFE76012B
FF7FFED6FFC7FEC6
FEFCFFA60031FF23
0038FE9EFF9BFF40
009B0156FF6AFEE1
0042FEE800B4FFBD
FDE4002A005CFF98
FF7D00340061FEE6
0002FFE8FF6000CF
FFC60221FFF900B4
FFA700B60007FF13
FE4EFFC2001A0068
00AE004EFEB4012B
0076FF68FFDAFF14
FF00FFA300330045
FFA500C8017C00BB
FFE1FFC5FFA90065
FF7BFFF0024C017D
FF69FFC90015FF9E
FF10FF6AFFDE0033
FFB500AD007AFFF2
009AFFD2FF00FFF1
FF550066FEE3FF30
FF2F0029FFDD00A3
0026001400360090
FF51FE65FF6801D8
FF2B014800EE0014
0264FF940013FF3D
0081FF6FFF250077
FE7000B0003BFFE0
00100139FE8FFF46
FFADFFC7FF9B00D8
FE6F016D00250024
002C00C8FF58FFA7
FFE3FF68FFB0FF96
00E2FEF4FEC3015E
008FFEA10023FFA0
0065FECCFEDE0014
006800930160FFCE
00C7004C00200063
FFF9FE7100DC0129
003E025200BBFF4F
FF7200A0FE09FFF6
FF38FF54FF0AFE69
FFBAFF61FE91FF0D
004AFE530026018F
0131FFA600440057
FDA0FE39000BFFC5
FF8CFFF9FD97FFF7
FF8EFF99010DFF19
0091009AFF3F014B
FFD5010D006F0082
004FFF85FF8D000C
00F4FEDB0073FFF4
00C30073005B0000
FFDBFED9FE39FF4F
01830229FE6E0033
FF4E001901CA005A
FFEEFEBE0048015B
FECA0066FDA2FF44
FF63FFBA0131FFAB
00E6015100AF011E
FFD500230003FE8C
00FF00C6FFE40068
009AFFB9FEE900B9
FFDDFF25FF64FEBC
FE6DFF1FFFC6FF70
FFFAFDC9FF63FEFA
00A301ADFFA0FEA9
0070FF2900B5FF90
FE2300560020FFF1
FF90008A002DFF32
0085FFB0FF5C0181
00050228FFEB00CC
FFB3013B00D4FF38
FE7E0036009600CE
0022004FFE69018D
0113FF25FFBDFF09
FEFD0040FFFE0056
FFD300CF00E00042
FF41FFE4FF9F0060
000DFFE501B30137
FF5FFFC0FFE20037
FFC6FFEEFFFCFFA0
FF92000B006800BB
006FFF7DFE650044
00A20083FED9FEB6
FED7003EFFA7010F
0074005900AC011A
FF54FECAFFD201FF
FE6F01430167FF84
0264FF7A0014FED1
0073FF58FF600089
FE7100C2FFFFFFC3
FFDD013CFED3FF48
FFEDFF89FF700126
FE1C014DFFEBFFEC
000100A4FFB1FFBC
0038FF09FFA0002C
0114FF3DFF0600F3
0041FED90042FF4F
00B1FEF9FF45005A
007100A001030032
00AD006AFFFE008D
FFC4FEA900BD00FE
0000028600B5FF48
FFB200C0FE4AFFD7
FF4CFF60FF45FEB3
FFF8FF0FFECCFF53
0013FEA20019019B
0140000F004D001B
FDA0FE1C0069FFEC
FF690040FDFBFFD1
FFFDFF710135FF16
009B00D1FF460146
FFAB00C4007700DB
0025FF7CFFEEFFBC
00A0FEDA0031FFAF
00E0002F00C1000E
FF93FEC5FE84FF5E
01840253FE9C0012
FF1D001001A2005E
FFE4FECB00A2016B
FEFB006AFE0FFF31
FF69FFDB0139FFA4
010E012E010D00DC
00140047FFD8FEFD
00EA00FAFFB10025
006CFFC8FEEF00BD
003DFF31FF3AFED9
FEB0FF3AFFE5FFA8
FFBEFD5EFF78FE4C
009501F4FF72FE5F
00A2FF3600F5FFB1
FE4F005C000E0080
FFB200930040FF65
00E6FFB8FF8401A9
004D022EFFF60054
FF8B012C00A9FF2E
FE68003800D50117
00040012FE750143
0101FF2CFFBFFF71
FF0F0025FFDA0014
FFD300D40076006B
FF24FFDFFFC60061
001CFFCB014200BB
FF4FFFCAFFCA0015
FFE40034FFEFFF45
FF6BFFF1008D012D
0081FF2CFE280054
009B0074FEBBFE75
FEC8006BFF8D0172
0082003B00D30163
FF4DFEDCFFDB01D9
FDEE00F8015FFF33
027CFF450035FEA1
0047FF4CFF7B0080
FE6F0104FFAAFFE8
FF9F01ABFF6AFF63
0009FFC1FFE00120
FDC700CBFF7CFF98
0026005FFFAFFFC7
005CFF2DFF94004F
0145FF5BFF47013F
FFCBFEF10071FEF6
00E2FEE7FF3B00A3
009700FB00FB00B1
00A0001CFF6D00CB
FFBFFEF6006300D3
FF7E02B700A9FF82
FFC00117FE9DFFD1
FF54FEF0FF06FF01
00ACFEF9FEF1FF95
0007FF50FFE8010B
0155004000300031
FD71FE29005CFFE4
FF840042FEC70021
005EFF6C00DAFF3D
00A300DAFF4301CC
FFB9004E002601AC
0065FF61FFD4FFF9
0122FEB7000AFFB5
0104FFF60080007A
FF07FF26FED9FF76
011202BCFE890013
FF9100620123004C
FFDCFED3013601A1
FF680045FE78FEEB
FF2BFFF5010DFF53
00EF00F701780077
0096004DFFC9FED3
00D90104FFA4001B
00010013FF8D003A
006CFF52FF0EFEBD
FEA9FF27FF2EFFDC
FF63FD65FF70FE69
006101D1FF7CFE3A
00C3FF4C00F9FFE8
FEDE00B9FFE20072
FFD000990002FFCD
0116FFC7FFF40216
00C40214FFB6004D
FF91015800E9FF9D
FE950040014B014B
FFF3FFF3FEC70106
0199FF31FF87FF99
FF36009C003B0044
001700CA00010000
FE9BFFC6FFC8006B
0064FFFE00A300F9
FF5200090009007A
004200C4FFDCFF28
FF40FFD6008A0181
004FFEE2FE14003C
013B003CFE93FE5F
FE9C0067FF990168
00F7002400A40184
FFC5FF3C001001CB
FDEC005E01A1FEF4
01D4FF790015FE8E
0080FF87FF96004A
FE8200D9FF53FFE9
FFA501C6FFE3FF52
005CFFA0FFFD0156
FE2200B4FEE6FF84
00110061FF5EFFCA
004EFF41FF8D0095
016AFF19FF5C0122
FF6FFF9F007BFE92
00E2FEF6FF7B0094
009C013400910086
00890019FEF80137
FF9EFEDE003F00C6
FF7D02B80042FFBE
FFA2012EFF07FFC2
FF3DFEAFFF1BFF11
00E8FF39FECBFF85
FFF6FFAFFFC00103
01AB0034001DFFFE
FDCCFE13005C0033
FF6D0012FED90048
00E0FF980093FF42
00C20095FF3F01C9
FFBBFFF30006018C
008BFF4BFFEC0004
0134FF150002FF5F
00E8FFD6009700AA
FF40FF47FF28FF40
010E0284FEF2FFFB
FF5E006D00A10037
003EFEA00176016A
FF94004BFED3FF50
FF62005C0112FF54
00F600D70190000A
00A3007CFF82FEB4
00CF0112FFA6002F
00330026FFCA0064
00BBFF53FEF9FEB5
FEB9FF3DFF0F0006
FF29FD2EFFB3FEB2
001401DCFFA8FE57
00CCFF7400D90014
FEE000C3FFF90038
000900A5FFDF0059
0155001EFF8801E9
00FF023FFF6E0038
FF58014000F9FF9D
FE8D001E0146018D
FFCAFFE4FEEB00FA
0191FF21FF4CFF7C
FF96006400490022
00630102FFC2FFB1
FEC5FF92FFE40035
0063FFD3008900D8
FF8F005AFFF300AA
00590125FFEFFF24
FF540017006A014B
002BFEC6FE2D0002
01730050FE7DFE6B
FE6900AFFFA50157
0104005A00A90147
FFE8FF4FFFF701B7
FDEB003D0158FEFA
01B5FFA30004FE57
00A1FFACFF8C002C
FEDF00E9FF35FFDC
FFCE01BF000DFF86
00A9FFC9000D011B
FEB00081FE94FF76
000B0029FF8BFFDD
0055FF6BFF79006D
016FFF06FF5100E9
FF43FFEF00ABFE60
00EAFF57FF8C007B
00930109008E007C
00520019FEE9012B
FFE2FEDDFFE50097
FF6E027EFFEBFFDB
FF950144FF2DFF86
FF50FEADFF5DFF72
012AFF30FF0AFFB1
00070035FFA80099
020F001CFFE6FFE5
FDEFFE0A003A001E
FF87000BFF02001A
0114FFB10053FF4B
00CB007FFF2A01E4
FFC6FFB5FFFE01DA
00A9FF5C004C001E
011AFF73FFEDFFB0
00CDFFB1003B010E
FF5CFFC9FF99FF1C
00600232FF510020
FFAF0063006C0038
005FFEB001EB015F
FF6CFFF3FF43FF56
FF4D00380102FF0F
012400AD015C0008
00C2002BFF34FEEF
009500E6FF7AFFAC
FFD9004BFFEF0008
00C5FF66FEE2FED1
FE9DFF21FEDB0018
FF3BFCF8FF6AFF3D
000B018AFF9FFE20
00EEFF8B00C90020
FF5400C90005FFE7
003400C2FFA300BD
016B0072FFB601E3
010A021BFF5FFFB6
FF3A012000F2FFAE
FF0B000901590150
FFE2FFBCFF2500B4
01CCFEF9FF65FF73
FF9F008C00410007
00A000A9FF74FF59
FE91FF5DFFE10068
007CFFE2001000B1
FFBD0082FFFE00DD
005401E6FFF3FF23
FF320009004901A3
002AFEF3FE85000E
01F3007DFE51FE80
FE8800F9FFAE013B
0147009900B60137
FFF6FFE60009017C
FE4EFFFE0170FECC
0154FFDFFFF5FE5E
00B3FFBAFFE8FFCC
FF1200C5FF3CFFC8
0022016A009AFFDA
0107FFE4003500D7
FF1B002FFE1DFF24
0011004FFFA2FFD7
0065FFAEFF62008E
01C4FEECFF9100DF
FEF9005800A7FE7D
00FAFF48FFF70099
00AA011A007B006F
00010015FEA6017F
FFEEFEFBFFEF0076
FF4D0252FFAEFFEC
FF870131FFA0FF4C
FF6DFEB9FF34FFA6
0153FF78FEE2FFBA
FFB0006DFF82002C
0226000AFFD3FFE0
FE33FE1AFFD20012
FFB9000AFF75003C
0153FFD70043FF58
00A70068FF6901E1
FFD4FF45FFE701D7
00ABFF65004B0010
010DFFD30007FFD4
00C7FFA1005B00C0
FF70001F0028FF0E
FFFC020DFFDBFFD2
FFA90067FFE50025
0098FE8E025200F5
FFA50034FF89FF97
FF82004900F1FEE9
01290066015EFF9C
00DF0056FEE8FECC
006900D7FF82FFCF
002A003400240009
0120FF85FEB8FECA
FEB8FF61FEC10003
FEE2FD61FF62FF76
FFF0019FFF9CFDF8
00C7FFAD00B5003A
FF6800B80008FFBF
005F0086FFA90134
018300B4FFB001B3
013B0201FEF9FF59
FF4B00D200C6FFFD
FF01FFCF0150017B
FFF7FF8BFF8C0076
01C7FF1FFF76FF95
FFDB0081006FFFF6
01260089FF62FF70
FEA3FF4FFFF5005C
00900003FFEC00B3
001D00C100470106
00320250FFD1FF0D
FF000022003101A2
FFDBFF0BFF180012
0247005CFE5CFEC7
FE40012EFFA30105
0183008C008F00C8
00040014FFE90129
FEB8FFAD015FFE7A
0109002EFFD3FE4A
00DD000D0006FFC6
FF220031FF4BFFE3
005E014001370009
01C6FFA4FFE300A6
FFCF003DFE1FFED1
0004005EFF27001E
0070FFC9FF2F0067
018CFEB3FF720064
FEC200F20081FE62
0103FF5100910078
0099010700470042
002D0015FF16016F
000FFEF600080068
FF7C0206FF800013
FF3C01280000FF1B
FF52FE87FEF1FF68
0117FFCEFEBFFF8D
FF9D008CFF45FFD2
021D0011FFD8FFD1
FEAAFE36FFFF0018
FFC0FFF1FF660034
014B001A0042FF58
00C9003FFF9C01B6
FFCBFEDDFFE9018F
00C4FF270089002D
00DF001F002B0046
00A3FF7700260098
FFA100E300C9FF23
FFA4010F0092FFD9
FF92006BFF850020
00CEFE81026300A1
FF72000AFFA5FFE1
FFE1009E00D7FF18
010100220148FF55
01080050FED1FEE2
00410075FF95FF9C
004C00540003FFFA
017FFF96FE81FE8D
FF48FF9EFEB9FFEA
FEE0FDD2FF73FF9C
FFBD01CBFF7EFDE6
00ABFFDD00600039
FF9600470016FF69
005F0063FFCD01F7
015500C7FFC50161
018E01B3FE96FF21
FF4300160082FF96
FF19FF89013C014E
000CFFCB00270053
014AFEECFF74FFB6
FF9DFFF1007FFFDE
01AC0083FF1AFF6B
FE85FF1B001D0069
0068FFF7FFC5006A
005200FC005C014C
FFD60256FFAFFF45
FF0E005F006B0118
FFEEFF79FF460010
023400AEFE74FF30
FE2F014CFFD00074
015C00A0009B0033
FFED0046FFBF00F1
FF9AFF590152FEDC
00E70007FFD0FE9C
010100430012FF6A
FFB1FFE8FF50FFB1
009A00C901B30033
0202FFF5FFFD0060
006DFFC3FDBFFEC3
FFDA0052FF350011
00500053FF40004A
019CFE82FF870050
FEA801380091FE78
00DCFF9A0104005F
0069010A0018004C
FFE80058FF0E018A
0048FF11FFC10041
FF5B0173FF1A0040
FF0100DF0067FECC
FF74FEDBFF0EFF97
0113001FFED8FFB8
FF8100DAFF6BFF8C
0246FFE4FFB0FF9B
FF3DFE9CFF760045
FFEB0003FFB9002B
01940061FFEAFFA2
00A3000EFFCF0149
FFACFE56FFEA0144
00D5FF50009A001F
00B50096004F004F
0057FF22FFDE0079
FFC6014B0143FF3F
FF4B00AF0123FF96
FFB70064FF2C0045
0105FE9302A60004
FFEFFFFEFFED002D
0021009F00C0FEFC
00A1FFB200E5FF21
00A50058FE98FECD
00220080FF90FFD0
006D008A0021FFD5
01C4FFB4FE8DFECE
FF5BFFD4FE91FFEE
FECCFE68FF93003D
FF8D0189FF8EFE17
006400100020003D
FFD7FFF70031FF2C
0087005DFFC10231
0166011DFFD500EF
01660154FE54FED5
FF5D00000043FFC4
FF91FF68011A0138
0018FFCF008C0037
010FFF30FF93FFCD
FFD4FFD90078FFEB
02050067FF02FF61
FECFFF1900430057
00530007FFC40043
00A0014B008C017A
FF7D0292FF9CFF4A
FF41005A004C006D
FFC5FFCC000C006B
022100CBFE8FFFC1
FE07014F0008002D
017E00C10065FF7C
00110084FFCB0082
0039FF1A011CFEC3
00860057FFCEFED7
00FA005D0088FF72
FFF5FFBDFFB1FF83
0123002701F30073
0243FFF400350014
0127FF59FE00FEF2
FFF3006CFF1C004E
00270088FF520020
0195FE9CFFC5003E
FEE1018F0068FF1C
0083FF7E01790030
0063008F00380030
FFCD0023FF490153
0087FF5BFF9A004B
FF4E00C3FF19006F
FED900AB00D6FED6
FFA5FF16FF64FF93
00BB0076FF1E0000
FF3900F1FF37FEB1
01FAFFB2FF8FFF99
FFAFFEEEFF7F0041
005C000500060049
0167004EFFD6FFCA
0076000CFFED012D
FFF1FE56FFD000E1
00DFFF7600BB0052
006F011200C30064
0014FF5CFFC9FFFB
001401C201F5FF59
FEADFFBE0195FFB7
FFE8002DFEAF006F
00FBFEB40264FF85
FFDAFFE8004900A4
0022008A0090FF1B
00B0FF6A00C9FED1
00A5004BFE3EFED9
FFEF001FFFB1FFE5
00A900A40001FFB8
01E5FFF0FE9DFF0A
FF98FFE5FEAEFFAA
FF0CFF0CFF640096
FF8F0145FFA1FE46
00210044FFC40064
0036FFD50039FEDE
006A0022FFD70297
0121013700010087
015300F0FE5AFE76
FF6AFFC2FFDA0017
FF9BFF8500A800D7
0050FFB400FAFFD3
00E6FF51FFBEFFFD
FFD8FFB100A5FFAC
01F0FFE5FF2DFF52
FEE2FF2600340059
0007002CFF92003E
0103017A00930192
FF1902A5FF6DFF85
FF71009000120039
FF75002500B80018
023A00ABFEBC0054
FE67016CFFF0FFB5
019800CC003EFF03
00110097FFECFFE6
00D3FE770119FEDE
005E007D000AFF23
0142009900A9FF45
0068FF82FFC7FF73
015AFFBD02260085
022500390039FFCD
01FDFF59FE3BFF1F
FFE3007EFED00050
000500D0FF5CFFFF
0122FE6FFFCE0019
FE8A01E50055FF92
002BFFBD01A2001C
006000440031FFE3
FFD3005EFF4E010F
0087FF8AFF840062
FF770026FEEC009D
FF01002800E6FEE4
FF8EFF72FF76FFB6
009700CEFF3FFFCC
FF3F010FFF47FEBA
01BAFF76FF62FFBB
003DFF8FFF350044
00C0FFE80036004F
013A006CFFC30015
006DFFC1FFFE00E7
FFF0FE7FFFCF0053
00BDFFB600F40035
000D015100C8009B
FFAAFF39FFCAFFA4
005D01D8023BFF68
FEB5FEC401F9FFD0
00450037FE610030
0125FEE0020EFF05
FFF2FFF0004900D6
007000830090FF2B
009AFF46005CFF0B
00360024FE82FF28
FFC4FFD4000A000D
00E000CBFFFBFFD8
01D0003EFECEFF83
FFDCFFFCFEF5FFB7
FF2BFFD4FF68010F
FF8400C1FF8AFEE6
FFFD0081FFB0009B
0042FFB70048FE73
0098FFCFFFC90267
00D2017FFFE2FFB6
01090098FE7EFE4A
FF85FF4CFF6C0042
FFCFFF3B0060009F
005FFFD80109FFBF
0061FF7DFFE8FFC6
FFFDFF7700A7FF9E
0222FFDFFF5AFF55
FF66FF5A005CFFE7
FFE00013FFD50045
013B01A800A60170
FEB8023CFF6DFFE3
FF9200BAFFCBFFCE
FF8A006E0173001C
01C50078FF1A00B2
FE8901680031FF79
013F00E1FFEFFECA
000600BBFFA2FF35
0143FE7C00A0FF3C
000D0091FFEEFF7C
013B00BA00A4FEE8
00C1FF26FFECFF7F
0186FF8001DD0063
01E1008E0054FF8F
0249FF42FE9BFF91
FFEC00B5FED60061
FFCA014DFF74FFAB
0100FE9EFFC70003
FEE201C800420022
FFBAFFD90141FFA2
004B00220029FF9C
FFBD0048FFAC00ED
0088FF6AFF7C0063
FFC6FFD5FEF9009C
FEDEFFCC00D3FEDE
FFACFFCEFFAAFF99
006F0127FF70FFE4
FF7B00C9FF42FE96
01C1FEFCFF5BFF90
0075FFD0FEDB005A
00D7FFD100640018
00E50056FFAA0076
0037FF580033007C
FFFAFEAAFFD3FFCF
00C0000700D10041
FFE7017900FB00A5
FF57FF5EFFCAFF6F
00B101B5020BFF5E
FE8AFE87021FFFB5
00A90032FE7A001F
0114FF08018BFEC8
FFA0FFE500750126
00BB007400ADFF39
0079FF3AFFCCFF31
FFB70021FE9BFF09
FFBFFFD40062002E
010600BC0027FFFA
016D000FFF25FFB3
FFF10056FF20FF8B
FF87006CFF9801A5
FF950042FFA4FF65
FFCD007BFFB50091
0056FFB8007BFDFF
009CFFDAFFB301FB
00720193FFB6FF62
00A0005FFEB1FE70
FF9AFF34FF27005F
002CFF4BFFE80046
00900020012AFF87
002FFFB60001FFC7
0054FF9E00CFFFB3
01E0FFABFFD9FF57
FFA6FF820054FFF5
FFB7000EFFFE007F
015D01A10094014B
FE9D0213FF97000B
FFBB00E8FFB4FF52
FF8200C90203FFFC
012B0066FF5E0124
FEEC01330090FF31
011B00ECFFD6FE42
002100D2FF99FF17
019FFEA5002DFF92
FFB200CBFFD8FFAC
014700C200A7FEEB
011DFF0BFFDAFF86
019BFF3201B6005A
01B200510052FF77
0268FF5BFF20FFB3
FFDB00EDFEB30020
FF790136FF80FF9F
00BDFE9EFFB60000
FED6017C000300AA
FF8AFFE90171FFDD
0041FFC80028FF63
FFF1004CFF94009E
00BDFF91FFB900A4
0002FF87FEF7005F
FEEEFF8500A4FEFE
FFBDFFE7FF91FF6D
00240144FF82FFE6
FF8A00C5FF5FFEDD
014FFF06FF7DFFDB
00AA0008FF0E0061
00F8FFC7001CFFF5
0076006FFFBD0076
0087FF7C00130092
0003FF1AFFFFFF7A
009F000D00B1001B
FFB001C9010A00AC
FF64FF94FFCFFF33
00D1017501C4FF44
FEA2FDE301FCFFBD
00A50034FE52002F
0165FF2A00F6FEA4
FF9A003F00450137
00DE00280092FF63
0064FFA7FF5DFF6C
FFB50053FED0FF05
0004FF8900950026
00D900CCFFD8004C
01480009FF46FFC5
002B006EFF3FFFA0
FFF100E4FF9901B3
FFCD0011FF82FF97
FF7E00B7FF9B0096
FFF9FF8A0083FE0E
0079FF92FFF901BC
00360163FF60FEFB
005A005DFEA1FE9A
FF8CFF0AFED20043
0016FF4BFFBB0016
00C3FFE7012AFFD6
FFDBFF940002FF77
0018FF4200DFFF9C
01F2FFD6002EFF86
FFC8FF660051FF97
FF78FFE400450093
01580194009300FD
FE6B01DBFF680060
FFDD00ECFF8AFF63
FFBD00D102380009
00E00042FF95015F
FF2600EE0063FEE8
00B700DCFFD9FE58
FFF000C1FF7FFEA6
01E1FEC3002BFFBE
FFB60091FFE30006
011700B600A5FEAE
0134FEEBFFF7FFD1
0153FF0700DF0033
0131008F004CFF3A
0279FFA7FFC1004B
FFCE0104FE860011
FF7401C5FF84FF79
0092FEBDFF6F0021
FEE801670004011D
FEE6FFBC00D5FF90
002EFF9F0043FEF4
FFD7006CFFDF0098
007BFF81FFF300F5
0019FF68FF130045
FED7FF420048FF5F
FFA00077FFCFFF15
FFC90169FF96FFA2
FFED0005FF78FF54
0109FEABFF85FFA5
00DC0061FE7D007B
00BBFFB3000AFF9D
00190043FFEA00AB
0061FF0C00010018
0015FF650006FEE9
009F006B0047FFE9
FF9D018D010D007D
FF45FFACFFC6FF0B
011300FD0111FF3B
FF12FDF001DFFF74
00D00018FE92FFE3
0102FF0C0062FE79
FF67006C00180155
00F7003B00EFFFA7
0067FFDAFF1FFFAD
FF2F006CFF55FF5D
001EFFFB00DE0043
01060095FFB600DB
00A7FFB6FFA8FFC3
003500A3FFA6FF7C
00030168FFCA01E4
FFE6FFD9FFA90021
FF8B0064FFA8007B
FFE3FF890085FE01
0093FF8DFFCD0100
001C0161FF6FFEB9
FFF20093FF21FF03
FFA1FF06FE850040
0037FF22FF3BFFD3
00ED003700F1FFA4
FFB9FFCD002FFF55
000BFF8600F9FFAE
0186FFB900ABFFC1
0003FF980042FF9E
FF83FF9E00C100ED
01440136004800BE
FE5A00E8FF8F00A9
FFFF0108FF8EFEB7
FFBF00F60230FFF7
0007001BFFDC014B
FF8800D8006CFEDD
005300C3FF8EFE22
002D0049FF3DFED5
01C6FF6BFF8B0044
FFEE00D8FFF40030
011400A80047FEB8
0110FEDB003CFFDA
0185FEEF0085001D
00C400930051FF23
025EFFCE00370059
FFD3013EFEB1FFDA
FF12018BFF9CFF7A
006BFEB3FF770054
FF6900E7FFD00175
FEBEFFAD0086FF2E
004EFFC90001FEAF
0009003FFFD60085
005CFF80001400E1
0082FFDAFF40FFF9
FECEFF2AFFD4FF65
FFB5008BFF7BFF0C
FFBC0180FF8BFF84
0015FFCDFF89FFBF
00EEFEA4FFBEFF98
00880028FEBD0053
00ABFF81FFDAFFA3
FF88001F000C0083
0071FF4BFFE70011
000A00290057FEA7
0080004D004D0001
FFD7019400F900A2
FF09002CFFEEFED4
012D00770090FF10
FF6BFDEA01ADFF5B
005C0004FEC9FFBD
0132FF3DFFF3FEA7
FF0500C6FFA70180
0125FFF700D6FFDC
00850070FEB5FFEC
FF5600AEFFB4FF37
0042FFDE012D0070
016F0091FF4A00FB
005BFFB50006FFA4
003000CFFFD4FF76
00290128FFDE01E7
000BFFB7FF890008
FF70002AFFC8005F
FF6EFFB100B1FDF2
0068FF60FFF8008C
FFD80134FEFEFEF2
FFBC00BFFF4DFF34
FF59FF03FEA6FFF1
FFF0FF0FFF21FFEF
011C001200BAFFEA
FFA4FFC3FFEEFF05
0028FF4600F9FF9E
0144FFF3010A0015
008DFF7A0031FF60
FF58FF91011300DA
01190111003A0058
FE4100B9FF7C0097
001D0106FF91FED3
000800D10226FFFF
FFA2FFEEFFEC0128
FFC600AD0083FEC7
00420094FFDAFE3F
FFFD0009FF26FEF5
019FFFC1FF720065
002100DBFFD0002D
01150075003AFEF6
0105FEFF0060FFFE
017AFF05FFDB0032
004B008C0031FF30
02180001007E00B5
FFEC0158FEA3FFB6
FEFC01ADFF91FF77
005BFEE9FED90077
FF8000B8FFA5013F
FE75FFB9001DFF4C
002DFF91004FFE41
001B0057000B0027
0056FF530080014D
00ADFFC6FF9EFFE2
FF06FEF8FF9DFFBE
FF9E0086FF75FEC7
FF580177FF46FF96
000DFF44FFB5004E
0090FE79FFE2FFB1
005FFFEFFEC80059
009DFF7CFF24FF57
FF44FFFF004D0083
006EFF3CFF98002E
002D004E006AFE5A
00520046FFF6FFD7
FFCD015D00FF0052
FF2A00670012FEBD
013C0032FFFCFEF1
FFC0FDF8010EFF87
002CFFC0FF2FFFA5
010DFF1EFF78FE74
FEFD00CCFF520180
0106FFCD010EFFF7
006200C1FEA30039
FF2E00E0FFE4FF45
0054000101480080
01620027FF2E015D
FFEBFF770026FFE3
004E00CF000BFF5B
003C014DFFCA01DA
0036FFAAFF980036
FFB2FFE0FFE00044
FF18FFB1008EFE12
0072FF430011002D
FFE5011FFEA4FECF
FF77009DFF72FFCB
FF74FF2FFEC7FFE9
FFADFF43FECEFFC8
01310004004D0018
FF4EFFE5FFD4FEED
FFF3FF3F0106FFB7
00E4FFD701480050
00AEFFB50039FF69
FF25FF4801630111
00F700C000040029
FE3E0015FF8C00BC
002300FEFF72FEEF
001200BB01D6FFE0
FF56FFF8FFF900C4
FFBC008A0047FF15
FFEC00ADFFDBFEA6
FFB70003FEF5FF2D
01670064FF6500A9
007D00BFFFAD002B
0132006C004AFEEF
00FEFEE00053FFF9
0155FF14FFBF0007
000D00870035FF54
01DA004C00D300CB
00090189FE84FFBA
FEF50163FF74FF6B
004CFE8BFEE100A9
FFA90039FF9E014E
FE8DFFC5FFBFFF49
0053FFB7FFFEFE39
005C004CFFEA0003
0017FF14006C0142
00D0004CFFAFFFE0
FF07FF1EFF4EFFBF
FFA7006FFF37FE8F
FF3D0159FF31FF88
0092FF53FFCD00AF
007AFE9C0003FFD5
0013FFDAFF030063
008BFF6DFEFFFF6F
FF07FFAB008C0073
009CFF36FF730042
001800C70076FE49
0026001D0001FFD6
FFDD014D00BB0066
FF1900A0FFE0FEBA
0131FF8DFF6FFEE2
001BFE6D00AEFF76
0026FFDCFF6FFFA8
012EFF33FF4BFEDD
FF1C0119FF10018B
00EDFFF201270025
0068011CFE8F0071
FF4001150009FEF8
009F0005015800CA
01500054FF540195
FFDDFF900039FFB1
FFF100DBFFE1FF8D
0062010DFFF701B6
004EFF81FF8E004D
FF9EFFBCFFF60032
FECCFFCD00E1FE18
006EFF500036FFE1
FFCE00DCFE7BFF04
FF7E00E6FF5DFFF4
FEF3FF6CFEE0FFD8
FF99FF44FEE1FFB4
0144001DFFF2004E
FF37FFB7FFAAFE92
FFFEFEF20126FFDB
01010047016E005E
00CEFF98001AFF46
FF4AFF48018C013F
00AE0091FFEF0010
FE35FFE5FFBD00B5
00220137FF9AFEF9
00330061019BFFCF
FEDBFFCBFFED00AD
FFCA0061008AFF40
FFD4008B0013FEAE
FFC5FFC7FEF8FF77
012A009CFF0F00AF
008A0090FF7A0037
013700170055FF26
00CDFF0D005CFFD7
0139FF51FF4FFFCE
FFC8009F0025FF88
012E003701230096
001601A1FEECFF7D
FEE90114FF7CFF5B
0084FEBBFEAA00F8
0033FF95FF970136
FE96FFCBFF96FF41
006BFFDCFFC9FE23
00660019FFBBFFCD
0020FF1D00AB018D
010700B3FFCFFFCC
FF20FEFCFEF6FFE1
FFC3005BFEFFFE6D
FF1C0120FF23FF85
008FFF04FFE80150
0065FE9B0034FFEF
FF70FF8CFF300037
0085FF8CFEAEFF54
FEBAFFB500E2004B
00C7FF89FF69003D
FFE8013B00A9FE36
002C0000FFC9FFE1
0016012500B10010
FF5501010041FEBD
00F3FF32FEDEFEB3
006BFEF90015FF51
FFA4FFA4FFD0FFAF
0124FF18FEEEFF24
FF3D0157FEA901A0
00CFFFB7013E0027
00640191FE840081
FF38015F0034FE9D
00C6004201610101
01470012FF4401E7
FFB4FF4A005DFF9B
000800E9FFD2FFB5
007200CF002C017A
0070FF96FF990017
FFD1FF67003DFFF9
FE3AFFD600D7FE76
0065FF4C003FFF6C
FFD90084FE27FF3E
FF5F00EAFF850045
FEE1FFCBFF3BFFCD
FF47FF90FF05FFC9
0140FFB0FF9600C1
FF2EFFE9FF7BFE68
001AFED80114001D
0090006901B000D0
00FDFFA9001BFF4D
FF3BFEFF01CF0152
0084006AFFF0FFBB
FE6EFFA7FF76009C
0007010FFFA8FF5D
002900160155FFD3
FEBAFFB1FFDA0081
FFB3002A006FFF97
FFD2007E0063FF2B
FFC3FF8EFEEAFFBF
00D50120FF68009D
00CF0081FF680001
010FFFD50043FF78
0072FF60002F0032
00CFFFD0FE90FFAE
FEEA005D0053FFAE
008E007B01740126
003F01B9FED6FF71
FF1A00BCFFBEFF8F
0073FEEBFEC2015F
FFE9FF39FF4B00D9
FEB6FFC2FEE7FF6B
0079FFEC001CFE63
00BE002AFFC9FFAC
FFA6FF07007501CC
00E3010C0070FFBE
FF5AFED6FE820021
FFDB0058FF1AFE5E
FF4F00B4FF2CFFB0
00C4FF0D005601A3
0032FF0100910011
FF0AFF9DFF730057
0059FF77FE9EFF16
FEA3FF4700EF0031
00B8FF6BFED900AE
FFBC0144008FFE68
FFC70015FFD9FFAB
FFE8006C0049FFFC
FF7800C4000DFEDF
00CEFE63FE79FE8E
0173FF7CFF1EFFA0
FFE3FFB90077FFA1
00D5FF51FEC0FF7D
FF3F0134FE7700C7
007800080142004D
008C01DFFF0600C1
FF4C01660047FEB9
00F200A001570159
01160026FF3C01D8
FF7DFF410072FFD8
FF8B00CF003EFFA1
00A90053000300CD
00ACFF28FF9F0053
0018FF2A007BFFFF
FE5D003300ADFEBD
0097FF49005AFEBD
FFFB0048FDF6FFA8
FF7F0143FFB600BA
FEA10067FF54000C
FF21FFBCFF04FFC9
0163FFFBFEE100D2
FF3FFFDAFF77FE78
0064FF2301530048
0041008C01810102
00F4FFF3FFEEFF51
FF43FF2801B70171
002C0039FF9AFF71
FEBBFF09FFFA003F
FFEF00FBFF6EFFFD
0061FF9700C5FF9F
FE7CFF9A00110012
FFDF00280088001A
FF98007A0029FFB4
FF70FF9AFF0F0029
FFC6017AFEFE00A1
00FFFFCEFF2BFFBF
00E6FFB20014FFB4
002FFFD1FFE30066
005B005DFE30FF70
FEB50035009F001B
FF9000BE01760140
004B016AFF1EFF6B
FF340007FF87FFBE
0090FEDCFED00161
0032FEDBFF7E00C4
FF32FF96FE70FF90
00700038002DFEB8
00C70025FF91FFB2
FF72FEE2007101A7
010801B5006BFF76
FFACFF2DFE34002E
FFDC0018FEE0FE62
FF990022FEF6FF8F
00CDFEEA004A01F7
004EFF2300A3FFFA
FE72FF17FFA0002D
002CFFA8FE7CFF77
FEADFF1E00E8001A
00F4FFB8FEB600D9
FFA901E7009FFF21
FFF1FFEFFF8AFF8B
002D0041000FFFE2
FFD201040058FF57
006AFDE5FD6FFEA6
01CA0063FE890011
FFD9FFD800D4FF90
00CAFF4FFEBB0040
FF5E0148FE3C0058
0012FFB90147000D
00B8022CFF38012E
FF8F01790090FEB6
00F800AC016F010B
00CA001FFF3E01B7
FF41FEF80083FFA9
FF3D0071000A0005
0098FFB8003E0061
00C4FF91FF8B001E
004BFF2A00D7FFEB
FDFD00A20096FF43
0055FF5E0063FE7E
004B000DFDE70007
FF820181FFFF0104
FEC000CDFF9AFFDD
FEE2FFC7FF560002
0111FF9AFE6B0125
FFAFFFB7FF6DFE4F
000BFF4B013F0042
FFF700DD019B00CF
00CDFFDC0002FF5E
FFA1FEDF01AF0185
FFF5FFE7FF91FF47
FEFBFF37000C004B
FFE200D7FF8200B8
00B1FF5D003BFF72
FEC7FF79FFEBFF8A
FFDBFFD800480090
FFD2004200500087
FF47FF3EFF39006F
FF0501CFFF590065
011DFFC7FF47FF88
00B3FF71FFE2FFF5
FFCE005BFF980042
FFD100E6FDDEFF78
FE97001B0089004A
FE9A00B5012C00E8
0070011EFF91FF39
FF68FFA3FFC60010
0090FF5EFF050183
0051FE80FF7C0016
FF8AFFA4FE65FFE9
006F00810005FEEB
00960024FF2CFFB8
FF46FF2B00660185
00F3020500A0FF34
FFD7FF3BFE210077
0012000FFF11FEC5
FFEBFF86FF36FF96
009DFF09009C026C
0000FFBE00E6002D
FE0EFF1AFFB90040
FFDBFFD3FE91FF9E
FECEFF2400DA0010
00CE000DFEBA00D9
FF7C01B30080FF9E
000AFFD7FF6EFFAE
0066FFA7FFA8FF92
006500D8008EFF8E
000CFD94FD36FECE
0235012DFE0AFFF4
FF9AFFBD0135FF90
0096FF7EFEF00092
FFC5012DFE73FFA3
FFE3FFEB00DF0002
00A50205FFB6010F
FFD1017D00D4FF08
00EB00F900ED0103
0073FFFEFF4B01A3
FF4DFEF90072FFAD
FF3C004000180031
0061FF350051FFA7
00C7FFBFFFC70001
0080FEF900ECFF7D
FDE000CE0021FFFF
0072FF8E004CFE6E
00BAFFCFFDDA0060
FF92016A001D0143
FECD01260024FFD6
FEC8FFF7FFA40072
00C1FF81FE0C0133
FFF0FFB4FF5EFE4B
000BFF9901150094
FF8300D8013900F2
009BFFF9FFFCFF67
FFC3FEED018D012F
FFA3FFB3FF72FF35
FFB0FF120022FFD9
FFAB005FFF9F0143
0092FEF0FFA3FF97
FEFDFF84FFFFFF0D
FFBEFF98000800E1
FFC80018005C0119
FF5BFF21FF8300E3
FE470221FF7C0029
0145FF75FF38FF49
0053FF6AFF9FFFF5
FF7A0091FF720048
FF680125FDB5FF67
FE90FFF500810083
FE0800E400F70101
0062009DFFD5FF3F
FF9CFF67FFC00048
00A3FF99FF1B015C
0026FE96FFCDFFB7
FFC6FF95FE350001
004B00AB001DFF50
00880022FF3DFFF8
FF3FFF2B00680147
00CD022800A1FF14
0010FF93FE210062
00010003FF58FEFA
004FFF3FFF1CFF9F
0088FEFD00B7027D
005AFFEE00F70012
FDFBFEF2FFF60017
FF78FFE3FE97FF9E
FF2EFF2100CFFFDF
00B30039FEB000F9
FFA20181007A0006
0017FFD8FF76FF81
0076FF63FF7FFF4C
009400B900C0000F
FFAFFD99FD18FEE0
023801C8FDDE0015
FF9FFFAF017CFF8D
0056FFA0FF0700E0
FFCA00F3FE82FF6A
FFC4FFBD00E3FFE3
00B201F700000130
FFFC0173009EFF39
010C014B009300D4
005EFFEDFF8B0185
FF3DFF0C0048FFBD
FF2DFFE5000C002B
0033FE950055FF60
00A9002BFFB8FFEB
00A4FF05011EFFA6
FE2E00F4FFED007E
0062FFCA001CFE7E
00ECFFD0FE2200E6
FFAB01840050014F
FF130163006FFFCE
FED30024FFF900B2
002DFF92FE170111
0057FFBBFF4DFEA7
FFE0001700C90071
FF5600DA01050088
002D0007FFEEFF97
0013FEDD0124010C
FF85FF96FF56FF4F
0015FF440033FF9F
FFBA001DFFFD017B
0092FEC1FF14FF97
FF5AFF80FFF4FEB0
FFD7FF7400080152
FFAD000000500185
FF88FF41FFAE0131
FDCB0228FFB10002
0141FF83FF38FF09
0051FF49FFA4001B
FF3400C8FF8B0047
FF500176FDF7FF66
FED8FFF7009D00B0
FDBF00CF00870107
007400480003FF70
FFF5FF30FF860045
010DFF88FF6C0146
0040FE8C000EFF54
0019FF78FDFAFFE6
005800F7002AFFBD
003DFFACFF08003C
FF28FF19003300D6
009C02BF009EFF41
FFFAFFEAFE21004A
FFECFF9FFF4DFF22
008CFEEFFF34FFCB
008BFF440096021C
0092FFED00B6FFF4
FD99FE81FFF7FFFC
FF72FFF9FEC9FFBA
FF5FFF1900DCFFB9
00C7002FFED00129
FFAA015C008800B6
0032FFAAFF9FFFC6
00DCFF58FF56FF80
00C500CE008A0094
FF5CFDD0FD1AFF28
02170282FDCF001A
FFC9FFEF017BFF7A
0012FF66FF5801A7
FFB800B6FEB4FF45
FF81FFB200DFFF9E
00B801B1005400CB
002101560066FF4D
00CD016200460088
003F000AFFE100E9
FF55FF06003DFF5F
FEF5FFC3FFC00073
FFF3FDF1003DFF5A
00810063FFB9FFAC
00A9FEF30141FF95
FE5C0130FFFD00AC
0059FFDAFFCFFEB0
0116FFD1FE90014E
0006018600490107
FF3A018700A3FFD1
FEDE0032005300EC
0007FF85FDFE0123
00D5FFB7FF5FFF1A
FFF0001000BD0075
FF5000B200C00057
FFDBFFD5FFEAFFF3
0053FF1800DF00EF
FF5BFF90FF67FF6F
005AFFD5004EFF56
FF86FFE7000D01D3
007DFE7CFEC1FF89
FFC7FFB6FFACFE93
FFDCFF8A0022018E
0023FFD6008C01E6
FF98FF66FFD90181
FDCE01E8FFF6FFA2
0112FF92FF4CFEBA
004DFF5DFFE10021
FEFF010EFF95FFFB
FF470161FE13FF7C
FF27FFEA00B000AF
FD730099005A00D9
00710016002EFFA1
005AFEE1FF9400A7
0139FF93FFB5010E
003EFEA40057FF0B
0078FF7FFE180018
0065011900170036
004AFFC0FF080051
FF1BFF43FFFF00A9
005F03030083FF42
001BFFFCFE540012
FFECFF92FF58FF87
00B4FEB4FF3EFFC0
005BFF7400B601BC
009E003300A1FFDD
FD65FE7F0016FFDE
FF5D000CFED2FFE3
FFD5FF0300DEFF84
00A70076FF010120
FFAE00E500620124
FFFFFFAEFFFCFFD5
00C3FF29FF3EFFAF
0103008B009F00A5
FF1DFDE4FD46FF0F
01FC02A2FE27002C
FFBCFFF8018FFF81
0003FF7FFFCE01DE
FFDA00A9FEF0FF24
FF78FFD200A0FF8C
00F2016F00B100AD
0072012D000AFF66
008B017C00150062
001E001FFFF00095
FFA5FF13FFF3FF55
FEE0FF90FFA90093
FFB1FD8E002EFEF2
005900A0FF88FF72
0099FF010150FFBB
FE940151FFFD00FD
0075FFF9FFD6FEDA
0179FFECFEE00171
005F01A400090098
FF3E018700A80001
FF10002700800103
FFDBFF77FE4400EB
012FFFB9FF81FF72
FFE6003000CE007B
FF7600C300880047
FFADFFE300170006
00A0FF40005800E6
FF76FF9EFF9FFF89
006E00330055FEFE
FF87FFBA001E0232
0076FE6BFED6FF98
0040FFC1FF7BFEA9
FFB5FFB3000F01D0
0041FFC7008701ED
FF92FFC6FFFF019A
FD99019B0042FF44
0124FF66FF3BFE93
004CFF8100060017
FF1700F6FF49FFF8
FF3B0174FE78FF8E
FFB5FFCE00DD00C8
FD70006DFFC100DF
0067FFCB000DFFD8
0092FEE4FF6B0088
01A8FF68FFD400F7
FFECFF01005EFEAF
00BEFF41FE6E0033
005F015300250089
FFDEFFC1FEDA0073
FF2CFF26FFAB0061
004303040049FF62
FFFB0050FEDDFFE4
FFECFF7BFF9CFFAC
00E2FE45FF3BFFE4
0017FFC600BF013D
00EA005500AAFF92
FD8DFE6BFFD5FFDB
FF78000FFEED0009
0037FF1900B3FF7E
00C10041FEFA0171
FFD20044003E016F
0061FFB80008FFD0
00AEFF3EFF1EFFB1
01450014005E00D4
FEBFFE9EFD9FFF3F
01E802E1FE34005B
0024FFFC0153FF96
FFDDFF3D004A01C5
0049004BFF4EFF17
FF3AFFEA009CFF23
00C900E000FE0066
00800140FF8BFF73
006301ACFFCE002E
FFE6006500330050
0009FF05FFC4FF30
FF02FF56FF3600BA
FF67FD6D000BFF26
002100EEFFB0FF82
0091FF390138FFB5
FEFE015BFFD90133
0082001DFFA0FF99
01C80016FF250199
00A60170FFD0006D
FF6601AE00980032
FF2C005200AB0138
FFB3FF86FE7F00B5
0173FFB7FF9BFFAA
FFC4003900BA0077
FFB9007E0022FFCC
FF0DFFA50026004C
00F9FF31FFE90096
FFBAFFD4FFAAFFE2
007700CF0075FED1
FF89FFB400390228
0034FE7DFEDAFF75
00BF0011FF4FFEC6
FFA9FFA3002701D0
008AFFEA00C201DF
FF950023003C016E
FDB801590062FF0E
00D0FF8DFF40FE6F
0042FFB40003000A
FEFB00E0FF590007
FF920176FEB9FF8D
0064FFD900C800B8
FDC0004AFF2400C0
007CFF86002BFFF7
00A8FF11FF670098
01D2FF69000C00B9
FFD3FF650086FE6F
00C9FF52FE86FFE9
00620158FFFE00AC
FF9CFF70FEB000B5
FF11FF49FF48001D
000C033B001AFFA6
FFD6005CFF41FFDA
FFCFFF7DFF7DFFEB
010EFE4CFF61FFDE
0009000900A000C8
014F00270051FF7C
FDB2FE6AFFABFFDF
FF94FFE0FF2EFFF0
00A5FF5500B0FF63
007E0038FF360148
FFE8FFBE00280194
0096FFE3006B0012
00F4FF41FF07FFD9
013FFFFA003C0154
FEA7FF19FE2BFF1D
01A202E7FE9D001F
002500150102FF7C
FFCDFF1C00A201E9
004C0015FFAFFF33
FF2FFFFB006BFEFB
010400670146FFFF
008F00F5FF1BFF8D
001A0195FFAE0026
0019009B0096FFE6
0024FF1BFF95FF2B
FF17FF34FF0100C2
FF31FD0CFFE2FF70
FFDF0102FF9EFF5C
0071FF590142FFDE
FF3B0179FFF40111
009E0068FF420011
0203003FFF6701D9
00EB016DFFC60008
FF8A018900B40074
FF5E00120092014B
FF72FF7FFECC008C
01FFFFF7FFA9FFDC
0020005900D6008E
FFBA002AFFFCFF59
FEE0FF8A0035006F
011BFF4CFF7D0090
00190004FFD6001E
00BA017200A0FEC8
FF3FFFBD001C021D
0027FE98FF0FFF65
0162002BFF27FECA
FFAAFFF2002F019F
00C1FFF000A101B6
FFCE00730042017B
FE0500F9006EFEE0
0059FFADFF56FE5D
0086FFBE00820005
FF2100D4FF33FFE1
FFA4014AFF39FF9C
00D8FFDF010700B4
FE3AFFF3FECE009E
0085FF6CFFF1002B
00CDFF39FF2D00B8
01F4FEF10020009E
FF9CFFE60096FE18
0111FF6DFF03004F
005F0179001100F6
FF92FF74FECA00A7
FF25FF57FEEB002C
FFAB02FCFFEAFFE6
FFA6006DFFC0FFA3
FFBCFF1EFF6AFFF6
00E0FE3AFF37FFD1
FFD2007600A70014
016A0028001EFF6B
FDCEFE6EFFA2FFBD
FFCA0002FF230028
00F2FF5B008EFF6B
00A2003BFF1E0190
FFF8FF32FFEB01CD
008FFFA8007B0038
00E8FFB3FF430001
014DFF98FFE6014C
FE76FFD6FEB0FF19
0133026CFF09004D
00450037009EFFAE
FFF8FED8013C01D9
0087FFD7FFFCFF4D
FEF3002C0060FEE0
00D800140176FF9D
00B000DCFEB4FF63
FFE40178FF95FFF5
FFD100EC00D0FF94
00AAFF13FF64FF2B
FF08FF23FEB90115
FF13FD2AFFCFFF8D
FFA60100FF98FF3E
0075FF8001070015
FFAE0137FFFA00F3
00B10034FF75007A
021E0051FF9F01A0
01310140FF2DFFA4
FF6E016E006D00BE
FF95FFFB009B0112
FF8DFF6FFF1B007C
01D9FFDCFFB3FFF5
0013000500D50070
006B0032FFAFFF43
FEBDFF6C004F008E
0119FF98FF04008F
003F0049FFF70057
008001EF008FFEC0
FF80FF9F00090218
FFF0FECDFF5CFF70
01C90048FEE6FF5D
FF5D0013003D0182
00F5002000850139
FFA600C900670139
FE8E007500D9FEC1
0031FFB6FF48FE53
00A2000F0095FFD4
FF0B008CFF50FFE3
FFE80127FF87FFB2
013EFFF400F900AB
FEBEFFD8FE6400D3
0088FF54FFD3004A
00C5FF63FF330085
0220FED3003A0054
FF1A005C00A2FE06
00FBFF6DFF58000F
0032017E004000DD
FF7EFF89FECA00B9
FF2AFF53FEDDFFF6
FFA802C6FFCEFFEA
FFB20061000EFF64
FFE5FF37FF9C0034
00E7FE69FF22FFB2
FFA100CF00C0FFEF
01B40016FFEBFF31
FE28FE6DFF6CFFAB
FFDFFFAFFF410045
014DFF6B00AAFF62
007CFFF0FF4101A0
001EFEA6FFE201AF
008BFFDF00F9003D
00D1FFBDFF270027
0128FF53FFE6014E
FE890048FF30FEF7
0102021AFF900060
0080002D007CFFD8
0007FEC0016C0160
0041FF910052FF86
FF49003A0028FEC1
00CCFFB00177FFA8
007A00C1FE58FF8E
FFB1017CFF78FFE7
0028012200DFFF5D
00EAFF36FF89FF69
FF14FF10FED400D7
FED4FD1CFF99FFF5
FF6C0147FF98FF73
0037FFBC00EF001B
000B0149000600C4
00CA0029FF7B00FE
0255008EFFB80190
014D012BFEF2FF67
FF960104004100B1
FFAB000500600121
FF39FF90FF7B002B
01F3FFFEFFE0004E
0027001C00CD004F
008DFFCEFF8EFEF7
FEA7FF7300990095
0140FF96FEE40060
00BD008D0032007D
006B021000C5FE8A
FF8BFFBBFFF401B9
FFD9FEFEFFA8FF58
01F0009DFEFAFF99
FF790034005A0131
00E40042006A00EB
FF9C0143004B0122
FF06003C00C2FEDF
FFEAFFD3FEFDFE62
007C005500CCFFDA
FF38004DFF92000E
002C01110020000A
01AA0007010E0089
FF42FFA9FE5000AE
007EFF39FFBA00A0
00BBFFD4FF220075
020CFED10039002F
FF2300E400ACFE2B
00E1FF71FFB10016
0027016D003300EB
FF87FF76FECB00C7
FF57FF7DFEC3FFF4
FF7E02A8FFF00020
FFAF008C0069FF41
FF87FEEAFF6A0049
00B8FEA3FF23FFBE
FF8D00E60082FF34
01A8FFEAFFBCFF2E
FE7CFE6EFF99FFA7
0024FF98FF340045
0163FFB70063FF88
0072FFC6FF7501AC
004CFE57FFC401A8
008FFFD100FB004E
00DEFFE7FF52003A
011AFF54FF91010F
FE95011EFFC0FF0B
007C019EFFF50056
008D002CFFE5FFC9
000FFEAF01CC012A
0046FF80005BFF97
FF3B000E0039FEB1
00B9FF4F01B1FF44
00E100A4FDF7FF99
FF5B0138FF93FFE0
005A013A00CEFEF5
00CDFF46FF2BFF61
FF7EFF0DFE5F00CD
FE97FD5FFF980065
FF750139FF74FF2C
001BFFEB00BF006D
0073010F00260080
00F6001DFF5F019A
024C00CC000A018E
019A00D0FECAFF2D
FFAB00CB001400E8
FFD8FFC5004F0107
FF3EFF9DFFFD0008
0206002DFFE00076
000AFFE300F1001C
00C7FF96FF1EFEC1
FE99FF6800B0009F
0162FF87FE960078
00EB00B5006500BC
0055021800A5FEAD
FF9BFFBDFFF4018D
FFE2FF5BFFBBFF43
023900AAFEEBFFD4
FF680078007B00E1
00F20036005B00A1
FFBB0165003C00D1
FF73FFD000B0FEEF
FFA9FFFAFF20FED4
