0000FFF70000FFFB
00010000FFF80004
001A011EFFF10011
02D00000FFFD0000
00010000FFD90001
000D000000080043
FFFE00050009FFFF
FFEAFFFF0003FFF9
0016008AFFF1FFD2
01BAFFF7000EFFE5
000D00BB0000003B
FFF600010005FFEC
FFFA0007000BFFFF
0002FF980008FFFE
FFFFFFFC0004FFF2
FFF700010006FFFB
FFF8FFEAFFFE0000
FFFF00000000FFFA
FF86FFE700020011
0000FFE90018FFFF
FFFE0001FFF8FFFF
FFACFFF6FFFE0000
0029FFFD00000024
FFFF00040000FFEA
00130000FFF5FFF3
0002FFFEFFF2FFFD
FFFC000800000091
0006000A00010000
FFEA005400040000
FFF3FFF30001FFF4
000E000B0064004C
0000FFFEFFFEFFF6
000DFFF8003FFFD1
003F0000000FFFF2
FFDCFFE6FFFA0013
FFFF001EFFF50003
FFFEFFF40006000A
FFFFFFFD000C0000
FFF8000300090000
00080009FFE30016
0001001E000FFFF5
FFFE0000001D0008
000600510014FFFC
002FFFD5FFE20211
00AFFFEFFFFD007C
FFE100E4FFF3000A
0000FFD7FFEC0000
FFF3FFFFFFFF005C
0004FFFDFFF7FFFC
00F5FFDFFFF3FFF6
0000000FFFF80008
FFDEFFFD0002000D
FFC1FFC60000FFF9
FFFD000F0003FFFE
0039000400130016
FFF50344FFFF0001
0001FFFC0002FFF7
000000000002FFFF
FFD500A4FFFF0000
FFFC003C0007FFF5
0005FFFCFFBCFFFF
0011009B00010002
FFF6FFFCFFFBFFFE
0000FFFBFFFDFFF4
FFFDFFF8FFFFFFFD
FFFFFFFFFFFD0004
000D0107FFFD0011
02BCFFFFFFFA0000
0000FFFBFFD3FFFD
001BFFFF000A0044
FFFE00070007FFFF
FFE7FFFD0003FFFA
0016003CFFEDFFC9
0252FFF80006FFED
000700CB0000003E
FFFA00010006FFE7
FFFA000A000CFFFD
0002FF800006FFFD
FFFE00040007FFEB
FFF800000002FFF9
FFF5FFE9FFFD0000
FFFD00000001FFF9
FF80FFEF00010011
0000FFEB0023FFFF
FFFEFFFFFFF8FFFF
FFAAFFFEFFFD0003
0023FFF80001001F
000000000001FFCB
0012FFFDFFF3FFF2
00030001FFF5FFFC
00010005000100C6
0006001C00010000
FFEA00AD00060000
FFEAFFFD0000FFF8
0010000B008E0048
00000001FFFEFFF9
0009FFFE003CFFD0
004D0000001CFFF7
FFE00015FFF90013
FFFF0018FFFA0000
FFFFFFE50006000D
FFFFFFFF000B0000
FFFC0004000A0001
00080007FFE40022
FFFB00240012FFF3
FFFEFFFF001C0007
000800460022FFFE
0037FFD1FFD80227
00BAFFF000000081
FFDD00ACFFF4000B
0000FFD3FFF2FFFF
FFF20000FFFF0064
0004FFFBFFFAFFFF
00EEFFDFFFF6FFF4
FFFD000EFFF90004
FFDDFFFE0002000D
FFC1FFC90000FFFC
FFFD000C00010000
002900030013FFFE
FFFE03F0FFFD0002
0008FFFB0002FFF2
0000FFFF00050000
FFCD006900000001
FFFC00410005FFF6
FFFEFFFFFFB7FFFB
000B00B500020003
FFF6FFFBFFFBFFFC
0000FFFBFFFBFFED
FFFFFFF60002FFFD
0006FFFFFFF80005
00100165FFEC0011
027BFFFFFFFD0000
FFFFFFFDFFDF0000
0018FFF8000B002A
FFFE00080006FFFF
FFF6FFFE0004FFF9
000A0068FFEFFFC8
01CDFFF40001FFEB
FFFF009AFFFF0015
000000010005FFEC
FFF20008000BFFFF
0002FF870007FFFE
FFFF0006000AFFEA
FFF600000008FFFA
FFF3FFEBFFFB0000
FFFD000100000000
FF92FFE300000004
0000FFE9001AFFF9
00000001FFF50005
FFCCFFF6FFFE0001
003DFFFE00030027
000000050000FFDF
00260000FFF6FFF1
0004FFFFFFF60002
FFE8000300030064
0006000300020000
FFE3007A00020000
FFF3FFFB0000FFFB
000A000B004E0046
FFFF0005FFFEFFFB
0013FFFE0050FFC1
00580000000BFFF0
FFDBFFD0FFF80012
FFFC0033FFF70001
FFFDFFF100090012
0000FFFE000A0000
FFFA0001000A0000
00090008FFE9001C
FFFB00200012FFF9
0000000000190004
00020071001CFFFD
004CFFD9FFDD0196
00BDFFF7FFFC0066
FFE70130FFF2000A
FFFFFFD8FFF3FFFF
FFF6FFFEFFFF0053
0001FFFBFFFBFFFD
00D1FFDFFFF8FFF0
0000000FFFF50008
FFD800020001000D
FFCCFFE10000FFFE
FFFC00080007FFFF
0029FFFF00060012
FFF4030AFFFE0001
0006FFF60007FFF4
00000002FFFEFFFF
FFDE0049FFF70001
FFF900440002FFF0
0000FFFCFFB0FFFF
000F00A800020003
FFF2FFFDFFFDFFFE
FFFF0000FFFBFFF1
0000FFF40003FFFB
0001000000010005
00200112FFFE0012
0302FFFFFFFC0000
0001FFFAFFD6FFFC
0014FFFA000A003A
FFFE000F0007FFFF
FFF2FFFC0001FFFB
00170059FFF3FFC6
020EFFF80008FFEF
FFFC009700000029
FFFA00000005FFE9
FFF8000A000C0001
0003FF9C00050000
FFFD00050007FFFB
FFF800000002FFFC
FFF6FFF0FFFD0001
FFFD00010001FFF9
FF7FFFE900020011
0000FFEA0018FFFE
FFFF0001FFF8FFFF
FFB6FFF9FFFE0000
002DFFFE00050012
FFFF00040000FFE3
000B0000FFF4FFF0
0001FFFEFFF70001
FFFD00070000008A
0007000900010000
FFEC008500040000
FFEEFFF6FFFEFFF9
000B000B007B0040
00000001FFFEFFFD
000EFFFE0072FFC4
0067FFFF001EFFEB
FFE2FFD8FFF90013
FFFF0025FFF40004
0000FFF400060010
FFFF0000000B0000
FFFA0001000A0000
00080008FFEA0027
0001001F0012FFF5
FFFF00000025000C
0004002C0025FFFF
0042FFD5FFE0026B
00BEFFF2FFFC0073
FFD900EEFFEF000A
0000FFD9FFF40000
FFF1FFFFFFFF0049
0003FFFBFFF7FFFD
0108FFE4FFFAFFF7
FFFB000EFFF60005
FFD900000003000E
FFBCFFE40000FFFC
FFFE00090001FFFC
00310000000E0018
FFF3049CFFFE0000
0007FFF80004FFF7
0000FFFD0002FFFF
FFD7008100000001
FFFD004D0013FFF4
FFFEFFFBFFB10001
000A00AD00020001
FFF5FFF9FFFC0001
0000FFFCFFFDFFF0
FFFFFFF50003FFF7
0000FFFF00000005
002A00F1FFFB0012
0311FFFFFFFC0000
0002FFFEFFD9FFFF
0013FFFA0004002D
FFFE00110006FFFF
FFF2FFFE0004FFF9
001C0053FFF3FFBE
01EEFFF60006FFF0
FFF4008700000025
000000020005FFE8
FFF80007000B000B
0001FF8F0008FFFE
FFFB000A0009FFF6
FFF600000006FFFC
FFF4FFF2FFFE0001
FFFE0000FFFFFFFA
FF87FFEC00010010
0000FFE8000FFFFF
FFFF0002FFF6FFFE
FFADFFF7FFFEFFFA
002CFFFC0005001A
FFFF00040001FFDB
001FFFFFFFF2FFEB
FFFCFFFDFFF6FFF9
FFF60002000100D0
0007FFFF00020000
FFE3009B00060000
FFF1FFF40000FFF9
000C000C00630054
00000001FFFEFFFB
0010FFFD0052FFC3
004D0000000DFFF1
FFE5FFD2FFF90013
FFFF004CFFF60002
0001FFF00008000E
0000FFFF000B0000
000B000200090003
000E0007FFE3002A
0000001C0011FFF7
FFFE0000001F0004
0001004C0025FFFC
0040FFD4FFDA019E
00A6FFEAFFFE00AE
FFE100C4FFF2000B
0000FFCBFFF0FFFF
FFF10000FFFF0064
0003FFF9FFF9FFFE
0131FFE4FFF8FFF4
FFFA000EFFFB0005
FFE400050002000E
FFBEFFE80000FFFD
FFFD00050004FFFC
00230000000B000F
FFFB03BCFFFC0000
0007FFFC0005FFF8
0000FFFCFFF8FFFF
FFCD0062FFFF0000
FFFC00590003FFF2
FFFBFFFDFFADFFFD
001600850002000A
FFF6FFFCFFFBFFFC
0000FFFCFFFEFFEB
FFFEFFFF0003FFFD
00010000FFFA0003
001F0138FFFC0012
0248FFFFFFFC0000
0002FFFBFFD4FFFD
001DFFFA000D002D
FFE300150007FFFF
FFDAFFFA0002FFFC
0019005AFFF2FFC9
0233FFF50000FFE4
000800D200020046
FFF8FFFF000AFFE8
FFF8000A000CFFFE
0000FF870006FFFD
FFFE00060004FFED
FFF400000005FFF4
FFF6FFF200000000
FFFE0000FFFFFFFD
FF8FFFE800000011
0000FFEE001AFFFE
FFFF0004FFF6FFFF
FFB7FFFAFFFFFFFA
003DFFFE00010020
FFFF00050000FFD2
00120000FFF4FFF1
000FFFFEFFEE0002
FFEE0006000000D4
0006FFF80003FFFF
FFE8007C0003FFFF
FFF4FFFDFFFFFFFA
000A000A00850089
00000002FFFEFFFD
0009FFFF0040FFC4
005EFFFF0020FFE5
FFE7FFD7FFF90013
0000002DFFF8FFFF
0000FFF80007000A
FFFE0000000C0000
FFFD000200090005
00080008FFE80020
FFFC00110013FFF2
0002000000240006
0002003D0018FFFF
0041FFDCFFD901FE
00D8FFEBFFF90055
FFD000F5FFEE000A
0000FFDEFFEF0000
FFF00000FFFE0051
0002FFFBFFF70000
00DEFFE0FFF9FFF6
00050010FFF80005
FFD6000D0001000D
FFBCFFE30001FFFD
FFFE000A0001FFFD
003B00000004002D
000003EA000B0000
0005FFF7FFF6FFF1
0000FFFFFFFBFFFF
FFCC0040FFF80001
FFF4002E0009FFF7
0006FFFCFFC2FFFE
001600D90003FFFE
FFF4FFFBFFFCFFFD
0000FFFBFFFAFFF1
FFFEFFF90000FFFD
0000FFFF00020007
00170115FFFC0012
02C6FFFFFFFB0000
0000FFF8FFE3FFF7
00200000000D0031
FFFF00080006FFFF
FFEBFFFE0006FFFC
0008009DFFF0FFC6
01BDFFF70002FFEC
0002008100000022
FFF700000004FFEB
FFF8000A000B0001
0003FFAE00060000
FFFD00030007FFFB
FFF500000007FFFD
FFF6FFECFFFEFFFF
FFFC0000FFFEFFFD
FF88FFEF00010012
0001FFEF0037FFFF
FFFF0008FFF6FFFF
FFB5FFF80000FFF3
0039FFFD00040013
FFFF00040000FFE9
001D0000FFEFFFE4
00080000FFF9FFFD
00010001000100D3
0007003F00010000
FFE6005400030003
FFEFFFFD0000FFFB
000F000B00540053
00000000FFFFFFFE
000EFFFE004FFFCB
0056FFFF001BFFEF
FFDEFFDDFFFA0013
FFFF0021FFF50001
FFFFFFDB00060010
FFFF0000000A0000
FFF9000500090000
00080006FFE60017
FFF9001A0012FFF4
FFF9FFFF00290006
000700500024FFFF
005AFFD7FFDA0277
012FFFE3FFFD004E
FFE400BFFFF0000B
FFFFFFDCFFF2FFFF
FFF4FFFFFFFF0065
0006FFF9FFFAFFF8
00F6FFE6FFF6FFF5
FFFA000FFFF20006
FFDEFFF90001000D
FFC9FFC0FFFFFFFB
FFFC000E0000FFFF
003B0004000D001F
FFF603B800000000
0005FFEFFFE4FFF3
0000FFFE0009FFFE
FFC5007F00010000
FFFB001B0011FFF3
0001FFF8FFC9FFFF
000F009800020008
FFFAFFFBFFFDFFFE
0000FFF8FFF5FFF3
0000FFF60003FFF8
FFFE0000FFFC0006
0002013BFFF80011
02C7FFFFFFFE0000
0001FFF6FFDFFFFB
0014FFFA0009002C
FFFF000B0005FFFF
FFE6FFFEFFFEFFFD
00090090FFFAFFC0
0217FFF60005FFEF
000200AC00000035
FFF500010007FFED
FFF80007000BFFFF
0005FF990007FFFD
FFFEFFFF0009FFED
FFF500000004FFFC
FFF3FFF2FFFFFFFF
FFFE0000FFFFFFFC
FF7EFFEA0001000F
0001FFE80027FFFF
FFFF0005FFF6FFFF
FFADFFF7FFFFFFFD
002DFFFE000A0010
FFFF00050001FFDC
00170000FFF2FFEC
0005FFFAFFF4FFFE
FFEE0008000000E6
000500060001FFFF
FFE7008800010000
FFF2FFFD0000FFF7
0008000A0095006B
FFFF0002FFFEFFFB
0012FFFE0053FFCF
0064FFFF002FFFF2
FFDEFFDFFFF90012
FFFF0032FFFA0000
FFFEFFE80006000C
FFFFFFFE000A0000
FFF90001000AFFFF
00070007FFE6000F
0000001C0012FFF3
0000FFFE0019000C
000400370021FFFD
0036FFD3FFD5024E
00EEFFF8FFFD0072
FFD400C0FFEE000B
FFFFFFDEFFF1FFFF
FFF50000FFFF0056
0003FFFBFFF80003
0105FFDEFFFCFFF5
0000000DFFF70006
FFDD00030004000E
FFC1FFE70000FFFA
FFFD00090003FFFA
0030000000090014
0005041600020000
FFFFFFF5FFE5FFF6
0000FFFDFFFEFFFF
FFC40070FFFD0001
FFFD00450007FFF4
0004FFFEFFC20000
000D00B300020000
FFF6FFFCFFFC0000
0000FFF3FFF7FFEC
0000FFFF0002FFF7
00000000FFF50000
0009013CFFEC0012
026F0000FFFE0000
FFFFFFFCFFDBFFFC
0017FFF9000B003B
FFFE00070008FFFF
FFEFFFFDFFEFFFFA
002900B7FFFBFFD2
01CFFFFA0003FFEC
000B00A50000001A
FFF400010007FFF0
FFF8000A000A0000
0006FFB900060000
FFFF00060006FFFA
FFF500000002FFFB
FFFAFFEDFFFEFFFD
FFFE00000002FFFD
FF82FFED00060011
0001FFF00022FFFF
FFFF0004FFF9FFFF
FFC30000FFFFFFFB
0049FFFE00030017
000000050000FFE4
00130000FFF7FFF0
0005FFFCFFEE0003
000E000700000097
000600100002FFFF
FFEA006000040000
FFFAFFF9FFFBFFF9
0005000D00720059
FFFF0000FFFDFFF6
0007FFFE0042FFD9
0054FFFF0019FFF4
FFE0FFDBFFFA0013
FFFF000AFFF60001
FFFD000400070014
FFFFFFFE000D0002
FFF9000000090000
00080008FFDE0024
000200120011FFF8
FFFC00000024000A
000300490018FFFE
003BFFD7FFE00264
00B7FFFEFFFA0060
FFDE00D9FFED000A
0000FFDEFFECFFFF
FFF4FFFEFFFF0042
0001FFFDFFF6FFFB
00EAFFD9FFF1FFF4
FFFC000EFFF80007
FFD7000B0002000D
FFBBFFE40000FFF9
FFFD000A0007FFFA
00260000000A0019
FFFE03A600030000
0002FFF7FFEBFFF9
00010003002BFFFF
FFE1008500000000
FFFA0031000DFFF7
0004FFFCFFBD0002
0004008600020002
FFF8FFFAFFFB0000
0000FFFBFFF9FFF0
0000FFF40003FFFA
0000FFFFFFF20002
00190153FFFA0013
02B0FFFFFFFEFFFF
0002FFFDFFD00000
0013FFFC00060018
FFFE000B0007FFFF
FFE7FFFE0002FFFB
0017007DFFEDFFBD
022CFFF80010FFEF
FFFE00AEFFFF002A
FFFF00010005FFE6
FFF70006000A0000
0003FF7D00080000
FFFE00070006FFF9
FFF800010004FFFE
FFF1FFECFFFBFFFC
FFFF0000FFFF0002
FF75FFEE00000004
0000FFE90013FFFE
0000FFFFFFF50002
FFC1FFFDFFFD0003
0020FFF40007001C
FFFF00000001FFDA
000FFFFFFFF2FFF5
0007FFFFFFEFFFFF
FFFC0005000200A4
0006000800010000
FFE300A700040000
FFF5FFF60000FFF7
0012000A006B0065
FFDE0003FFFEFFFA
000CFFFE0046FFC8
00650000001AFFEB
FFDDFFD8FFFA0013
FFFD0036FFF40001
0000FFFE00070014
FFFF0000000C0000
FFF9000000080001
00090007FFE10042
0001001B0011FFF5
FFFF000000250008
0004005C0017FFFD
0024FFDEFFDD01F1
008EFFF3FFFC0079
FFE700D9FFF5000A
0000FFDAFFF1FFFF
FFF1FFFFFFFF005D
0005FFF7FFF90000
00D4FFE8FFF4FFF3
FFFE000DFFFA0005
FFDF00070003000D
FFBFFFE30000FFFD
FFFC00080003FFFD
002D000000100016
FFFC03D2FFFA0000
0007FFFD0003FFF2
0000FFFDFFFD0000
FFD4006200020001
FFFE003D0009FFF1
0004FFFFFFC40000
001F009600020001
FFF7FFFEFFFC0001
0000FFFAFFFDFFE7
FFFFFFF8FFFFFFFB
FFFFFFFF00020005
000A0131FFF80011
03330000FFF80000
FFFFFFFCFFDA0000
0015FFFE000A003E
FFFE00190008FFFF
FFE7FFFE0002FFFD
000E0085FFF3FFC7
01A8FFF8000DFFE9
000E00B50000001F
FFF700020006FFE7
FFF9000A000BFFFF
0002FF8A0006FFFE
FFFE00020006FFEB
FFF700010004FFFD
FFF7FFEBFFFF0000
FFFE0000000FFFF9
FF95FFEF00000010
0000FFEA0026FFFF
FFFF0005FFF7FFFF
FFAEFFF8FFFFFFFC
0029FFFE0000001E
FFFF00050000FFE0
001A0000FFF5FFEA
0007FFFEFFF80000
000D00060000008B
0007000100010000
FFE5006000040001
FFF4FFF80000FFF9
0015000C00650056
FFFF0001FFFEFFF7
000AFFFE0045FFCD
004BFFFF001DFFEF
FFE2FFD6FFF90013
FFFF0029FFF40002
0000FFE800060008
FFFFFFFE000A0000
FFFA000200090001
00080007FFE4000F
FFFD00230012FFF5
0000FFFF00160005
000400330014FFFD
0047FFCDFFD70242
010FFFDFFFFC007E
FFE000A4FFED000C
0000FFD8FFEB0000
FFF4FFFFFFFF004D
0003FFF8FFF8FFFB
00F8FFE1FFF5FFF4
FFFA000FFFF60007
FFE2FFFE0003000D
FFC5FFC90000FFFC
FFFC000D00010001
003A0003000F0000
000103DBFFFD0001
FFFEFFF40002FFF2
0000FFFEFFFD0000
FFC5007700000000
FFFD002E000CFFF9
0000FFFCFFB6FFFE
000D007700020005
FFF7FFFDFFFBFFFD
0000FFFEFFFBFFF1
FFFFFFF40004FFFA
00010000FFF70007
002601A3FFF50012
02BAFFFFFFFE0000
0000FFFCFFD2FFFF
000FFFFB00080016
FFFE000B0004FFFF
FFE1FFFD0005FFF6
00090081FFF4FFCB
01F8FFF20003FFE8
000800AC00000021
FFFC00000005FFE8
FFF80004000AFFFE
0003FF910008FFFE
FFFE0008000AFFF1
FFF400010004FFFD
FFF1FFEBFFFA0000
FFFF0000FFFF0000
FF8CFFEA0001000A
0000FFEF0009FFFD
FFFF0006FFF60001
FFBAFFF9FFFFFFF6
0044FFFD00040023
FFFF00040000FFE2
00210000FFF2FFEC
0005FFFBFFEEFFFB
FFE80005000000AF
0006FFFE0002FFFF
FFE3008C00030001
FFFBFFF60000FFFD
000D000C00790067
00000002FFFEFFFB
000BFFFD0030FFC6
006F00000017FFEA
FFE1FFD5FFF90012
FFFF001CFFF90001
FFFDFFF000070016
FFFFFFFF000B0000
FFFA0001000A0000
00080007FFDB0015
FFFF00130010FFF8
FFFBFFFF00240003
000500540012FFFB
003CFFDAFFDC01D5
00C7FFF7FFF900A8
FFDE00DFFFF1000A
FFFFFFDEFFECFFFF
FFF50000FFFF006E
0003FFF8FFF9FFFC
00D5FFDBFFF3FFF3
FFFD000EFFF20005
FFD7000D0001000C
FFC6FFE60000FFFD
FFFD000A0002FFFD
0020FFFF00130007
FFFD03A4FFFE0001
0005FFF50002FFF3
0000FFFE0004FFFF
FFD4006A00000001
FFFB00400011FFF3
0001FFFEFFB0FFFF
000D00A800030002
FFF4FFFCFFFDFFFD
0000FFFAFFFAFFF4
FFFFFFFD0002FFF9
0003FFFFFFF70003
001A02BFFFFD000F
01FDFFFFFFFE0000
FFFFFFF8FFD0FFFE
0016FFEC00090021
FFFE000B00050000
FFE4FFFC0000FFF4
FFF60092FFF5FFB6
015EFFF60000FFF6
FFFD004C00010009
FFF40002000AFFF0
FFF80007000D0004
0001FF9B0006FFFF
FFFF001E000BFFF9
FFF700000004FFFE
FFF0FFF2FFF90000
FFFD000100010000
FF87FFF200040004
0001FFE1001AFFFC
FFFF0004FFF90005
FFC2FFF5FFFFFFFB
0038FFFE0002005B
FFFF0003FFFAFFE7
0026FFFFFFFDFFF9
FFFEFFF5FFEE0005
0000000500000066
0005FFFC0002FFFF
FFE600650002FFFE
FFEFFFFCFFFEFFFA
0024000C00810054
FFFE0003FFFEFFF9
000EFFFD004AFFC1
0055FFFE0032FFE8
FFD7FFD9FFF80012
00000011FFF40004
0000FFF600070017
001EFFFF00070000
0001000100090000
000A0007FFE5000F
0001000D0011FFF6
00010000001B0005
00010052000AFFF9
0054FFD8FFDB01D3
00F8FFF1FFF80060
FFDA007BFFF00008
FFFFFFD7FFF20000
FFF8FFFEFFFF002D
0002FFFCFFFC0004
00CFFFDDFFF8FFF2
0003000FFFF00007
FFDA00120005000E
FFC5FFE50003FFFF
FFFD00080005FFFA
0021FFFF000A0011
FFFA030E00000000
000AFFF1FFECFFEF
FFFFFFFBFFFDFFFE
FFD20052FFFE0001
FFF800360009FFED
0004FFFAFFBEFFFA
0009007700020004
FFF4FFFEFFFEFFFD
FFFFFFEEFFFEFFF3
FFFCFFEDFFFEFFFA
0001FFFF00000003
002B01440030000E
038A0000FFF8FFFF
FFF8FFF9FFCBFFFF
0015FFFE00080030
FFFE001A00060000
FFE5FFFEFFFCFFFC
000400F6FFFCFFC1
0187FFF8000EFFF4
FFFF004500010002
FFFCFFFE0007FFEF
FFFB0007000CFFFF
0002FFB90007FFFF
FFFE00240006FFF1
FFFB000000040000
FFF7FFF2FFF90002
FFFF00000001FFFB
FF93FFF40003000B
0001FFEC0031FFFF
FFFF0006FFF9FFFE
FFB7FFF7FFFFFFFC
0030FFFE000B002B
FFFF0004FFFFFFEC
000F0000FFF2FFE1
000BFFFC00010002
003A00010001006A
0007001D00000000
FFF2001BFFFD0001
FFF9FFFD0001FFFB
0017000E00CD0023
00000002FFFEFFFF
0012FFFD0072FFD0
00770001002BFFF2
FFD40016FFF80012
FFFF001AFFF90013
FFFFFFF800050020
FFFF00030005FFFF
FFF7000200080001
00070007FFE0000A
FFF600220012FFF8
FFFDFFFE001E0001
00040019001B0000
00ABFFD9FFD90245
0174FFC9FFF20039
FFE50084FFEC000B
0000FFEAFFEAFFFF
FFF4FFFFFFFF0041
0003FFF6FFFAFFF8
0091FFD4FFF7FFF0
FFEF0010FFEF0005
FFDC00090006000C
FFCFFFEC0000FFFE
FFFA0006FFFBFFFC
00180000000E0016
FFFB03A4FFFD0000
0007FFF50006FFFC
0000FFFBFFFFFFFE
FFCE006F00040001
FFF7002F0017FFF8
0004FFF6FFB60001
0011007C00020001
FFFDFFFAFFFD0000
FFFFFFFFFFFBFFEF
FFF9FFE9FFF8FFF9
FFFDFFFF00010007
0025011C0045000B
03DBFFFFFFF0FFFA
FFF3FFFEFFBF0001
0011FFF400070009
FFFE000100060000
FFE1FFFD0005FFFC
FFFC0106FFF5FFBE
00E1FFF90019FFF9
FFFD002B0000FFFF
FFFAFFFA0005000E
00040002000C0000
0006FFD000040000
0000002C00020002
0001000000030004
FFF0FFF2FFF7000F
000000000000FFF5
FF97FFF600000005
0000FFE80035FFFF
FFFB000AFFF8FFFD
FFB1FFF4FFFCFFFD
0012FFFB000A0040
FFF90002FFFDFFF7
0013FFFEFFF4FFD6
0008FFFE0001FFFE
006F000100040028
00050024FFF80000
FFFB0006FFEF0001
FFFBFFFE0007FFF9
002A000D01210012
FFFF0005FFFF0006
0017FFFE00660016
008A00040033FFF7
FFCD0015FFF9000D
FFFE0017FFF40035
000000030005001A
FFFE00060005FFFE
FFF4000200080000
00060007FFDBFFF4
FFF80017000FFFFB
FFFD000000120000
0005000A001F0001
0117FFD9FFDC02B2
0139FFCFFFE70032
FFDE0055FFEB000B
0000FFE8FFEC0000
FFF2FFFF00000032
FFFFFFF2FFF9FFF8
0055FFEBFFF5FFF0
FFF9000FFFE40004
FFE500070004000D
FFD2FFF100010001
FFFB000AFFF5FFF9
000400010025001F
FFF603BBFFFE0000
0007FFEC0002FFFC
0000FFFC0005FFFE
FFE60066FFFD0000
FFE7001C0035FFFA
000CFFFAFFBC0000
0013006F0001FFFF
0000FFF8FFFC000C
FFFAFFFFFFFBFFEC
FFECFFE4FFF4FFFE
FFFFFFFF00010004
002F00C30068000B
037CFFFEFFECFFF5
FFF8FFFEFFC5FFF7
0012FFF600060003
0000FFF60006FFFF
FFE8FFFE0005FFFF
FFFD0152FFFEFFC7
00A5001E002C0000
FFF9002300010001
FFFEFFF800050003
00140000000DFFFF
0004FFFA00030000
0000002DFFFFFFFE
FFFFFFFC00000007
FFF2000000000015
00000019FFFFFFF0
FFAD000000010001
0000FFF300210000
FFF7000CFFF80000
FFB8FFFBFFFDFFFF
0012FFFA00130031
FFFF0001FFFEFFFF
0014FFFDFFF5FFCA
000BFFFF00010000
007DFFFE00100011
000200D500020000
FFFF0000FFE70002
FFFB0000000BFFF9
0039000100EE0000
00000011FFFA0020
0018000000A1000D
004500070017FFFF
FFD9000DFFF8000B
FFFFFFFBFFF8004F
FFFE000100020010
FFEF00000002FFFE
FFE8000200090000
FFFF000AFFDBFFCF
FFF7000A000AFFFE
FFFFFFFF000C0000
0004FFF9001F0003
0191FFFAFFE702F4
0144FFBDFFE3000B
FFEE0026FFF0000A
0000FFF2FFE40000
FFF1000000000033
FFFCFFF1FFFBFFF8
0023FFF8FFFAFFEA
FFF7000EFFDE0003
FFEFFFFD0003000A
FFEDFFE2FFFE0003
FFFF000BFFFAFFFB
0007FFFD00400025
FFF802A600000000
0006FFED00000004
FFFDFFFD000AFFFF
FFE9007FFFFCFFFE
FFEEFFF4003DFFF9
0008FFFDFFC5FFFE
000F00520000FFFC
003BFFF8FFFE000C
FFFE0000FFFCFFEC
FFE1FFD9FFEDFFFD
0002FFFFFFF90006
003B0028007E0004
034AFFFEFFE8FFDB
00BFFFFDFFDBFFF8
0026FFF60007000A
FFF8FFF100050000
FFD800000003FFFF
FFFB012CFFF7FFE1
0028000D0029FFFC
FFF3FFF60003000B
FFFFFFF40009000C
00900001000E0000
0000FFF8FFFD0019
FFFF0019FFFDFFFF
0006FFF6FFFFFFFE
0002000900050005
FFFF00090002FFE9
FFCCFFFAFFFF0001
0001FFF600070002
FFFA000AFFF40000
FFCEFFFFFFF00013
0003FFFF00000035
0000FFFEFFFF0006
000CFFF6FFF8FFFA
0008FFFAFFEEFFFF
0035FFFE0017FFFB
FFFF00FA0002FFF4
00010001FFC80000
FFF8FFFF0013FFFE
002AFFFF009A0005
0001001EFFED0078
0019000500CA0006
00400005000C0003
00010001FFF70007
FFFE002FFFF700A9
FFFBFFFA00000011
FFDF0010FFFCFFFC
FFDE0003000AFFFB
FFFF000CFFF1FFB6
FFED00190007FFFF
FFFFFFFF00030000
0005FFF60016000C
01F0FFFCFFF10292
017FFF8EFFD70000
FFF80032FFF60011
0001FFFAFFF2FFFF
FFF4FFFFFFFD0020
FFF6FFF20006FFFD
FFFC0008FFFEFFE3
FFD40002FFDF0000
0016FFF200010009
FFFEFFE3FFFF0006
FFFE0000FFF7FFFD
FFF6FFFB0048000F
FFB5013400020003
0004FFEF0000000D
FFFBFFFE002EFFF9
FFF30060FFFCFFED
FFF2FFEA0051FFFE
000F0019FFC6FFF9
001D00290000FFF1
00AFFFF9FFFE000D
FFFFFFFEFFFBFFEB
FFCFFFE4FFE9FFFF
000D0000FFF20004
0001FFF900730004
01830000FFF1FFC4
0229FFFDFFEAFFE3
004EFFFE00090005
FFFBFFDF0003FFFF
FFF30000FFF70000
FFFF00E10004FFFB
000E001DFFF60002
FFF7FFF700060009
FFFFFFF7000D0002
0066FFFE000D0000
FFFF0004FFFC001A
FFFF000FFFFCFFFC
0007FFEDFFFD0000
0008002E00010002
00000000FFFEFFEF
FFE00000FFFFFFFF
0001FFFCFFE8FFF8
FFFB000C0012FFFF
FFF80000FFFD0024
000100040006003C
0000000B00000007
0001000CFFFDFFF7
0002FFF7FFE30006
0000000F00070002
000B0079FFF6FFD8
0003FFFFFFB6FFF1
FFFE000400140000
0015FFFF00440008
FFF90023FFE700DA
000A0015009A0002
000E0005FFF60006
001B0000FFF70003
FFFD0005FFF900AA
00000005FFFF0009
FFE30010FFFBFFFC
FFEFFFFF000DFFF7
0000FFFCFFF0FFB3
FFEE000E00000000
0003FFFFFFF90002
FFFEFFFA0009000D
01510001FFF60172
00A4FF8FFFCA0006
00000036FFFB0010
00060000FFF40000
FFFA0003FFF40010
000BFFF70001FFFC
FFF70006FFFFFFE3
FFD00001FFC7FFFF
FFFEFFF5FFFFFFFF
000BFFDF00000002
00000000FFFA0002
FFF3FFF100240000
FFA9007900040007
0002FFF200020008
FFFB00010051FFFD
FFFD0054FFFEFFE7
FFF3FFF6003DFFFB
0023002EFFCFFFF3
000700140000FFEB
010CFFFDFFFF0008
000EFFFEFFF9FFF6
FFCBFFEBFFF00003
001B0000FFE80003
FFF90000004FFFFE
00750000FFFFFFF0
0363FFFEFFFEFFF0
00330037000B0006
FFFDFFC40001FFFF
00050000FFE4FFFE
FFFB008E0006FFFF
FFF30025FFFE000C
00000000FFFF0005
0000FFE9000F0002
00DFFFFC000D0002
0001000EFFFC000F
0002FFFCFFFDFFFF
FFFBFFE4FFF80000
0003003500000002
0000FFFF0009FFFB
FFEDFFF5FFFFFFFF
0001FFFCFFF5FFFD
FFF7000D0005FFFF
FFFE0000FFF60018
FFFF0002FFFB002E
0002000400010001
0003000FFFFAFFF8
0001FFF1FFD70002
0008001900030005
003C002EFFF8FFD7
0002FFFEFFB90001
0007FFFD000DFFFF
001BFFFEFFFC000D
FFF6002DFFE9011D
0007001000480001
FFE80003FFF70003
0025FFFCFFF8FFFE
FFF70020FFF600BA
00030007FFFC0019
FFF5000CFFFBFFFE
FFF70000000EFFF8
0000000AFFF5FF9E
FFF50000FFFFFFFF
00040002FFF00004
00040004FFFD000E
0174000100010090
009DFF9AFFFA0008
FFFE001F0002000D
0007FFFF00010002
FFFF0000FFD60004
001AFFF80001FFFC
FFFF00010000FFE4
FFE10000FFDC0000
0014FFF300140001
0005FFE100000000
0000FFF9FFFF0010
FFF6FFE7001AFFFA
FF75FFF200050023
FFFCFFEA0006FFFE
FFFF0000006E0005
0000001F0000FFF5
FFF9FFE3001AFFFF
0014004BFFE6FFF2
0008FFFD0000FFEE
0144FFFF00000006
0070FFFCFFF9FFF9
FFDDFFFEFFEC0007
0002FFFFFFF0FFFE
FFE900040066FFFD
0000FFFF000FFFF0
039FFFFCFFFDFFEF
003F0076FFFD0002
FFFEFFCE0000FFFF
000A0002FFD3FFFB
FFFB00450005FFEC
FFED00080000000E
0000FFFF00000003
0000FFFE000EFFFF
0042FFE90000FFEE
0000000FFFFE0005
FFFFFFFDFFE8FFF9
FFFCFFE2FFE5FFFE
FFF20067FFF0FFFC
00010000FFFE0000
FFF7FFF500000000
0002FFFEFFE50004
FFF7000E000B0008
FFFB0001FFFC0028
FFFF0001FFFB0070
FFFF000100030001
FFFFFFF1FFFE0001
FFFFFFEFFFDC0001
FFDD0050FFFF0006
004FFFFF0000FFC7
FFFFFFFEFFE3000A
000BFFFEFFFA0000
0009FFFFFFF0000B
FFF9002DFFFB0161
000D0008FFE70000
FFE5FFFFFFF7FFFF
002F003DFFFBFFF5
FFF90050FFF40087
00010002FFF2001F
0000000EFFFAFFFF
0002FFFD000F0001
FFFDFFFFFFF7FFCC
FFF9FFFCFFFFFFFF
00040002FFF40007
FFF70004FFF8000E
008F00020002000D
0017FFC4FFF3000A
FFFB002F00050001
0007FFFE0003FFFD
0008FFFFFFD8FFFF
0052FFFC0008FFFC
0004FFFE0002FFE0
FFF00000FFDFFFFF
0005FFF60033FFFF
FFEDFFDEFFFFFFFF
0000FFFEFFD2002C
FFF3FFEE0002FFFE
FF88000000020029
FFF5FFFC0005FFFD
FFFFFFFF00490003
000000110002FFFE
FFF9FFF200210001
0010002EFFF6FFF2
000C00000000FFFB
00D800040001FFFF
0152FFFBFFF5FFFB
FFEBFFFFFFEE0009
00000000FFF2FFF9
FFE1000B0048FFF5
0003FFFD003EFFE9
0158FFFCFFFD0006
003F006DFFFB0001
0001FFEA00010001
001D0001FFC4FFFA
0008FFF90006FFE1
FFFC0000FFFFFFFF
0000FFF5FFFF0009
0002FFFD000D0000
000CFFC000050001
FFF20023FFFF0001
FFFEFFFEFFE7FFFA
FFFFFFF2FFEDFFFA
FFE80049FFF5FFFC
00010000FFFAFFFA
FFFDFFFA0001FFFF
00030000FFF10012
FFF8000C000B0009
FFFA0000FFFB002C
FFFE0001FFFF009C
FFFF002200010003
FFFFFFF0FFFF0003
FFFFFFECFFDA0002
FFDA00E1FFFC0005
003EFFFC0002FFB2
FFFF0005FFEB000E
00080003FFFB0000
00050000FFF3000B
FFFE000B000001DD
00060000FFE60000
FFEB002000030005
0025005100060002
FFEF007E00000068
001FFFFFFFE4000B
FFFFFFF8FFFCFFFE
0004FFFE000A0003
FFFB0002FFF9FFCF
FFFFFFF8FFFFFFFD
00040002FFF90007
FFF70004FFF3000C
00250000FFFAFFFF
FFF8FFEFFFF2000A
FFFD00470007FFFE
0008FFF30003FFFD
000AFFFEFFE3000A
00470004000FFFF0
0006FFFD0003FFF5
FFFA0000FFEAFFFE
0018FFFC00840003
FFD7FFDE0000FFFE
FFFE0000FFC90026
FFFB004BFFF7FFFA
FF98000200020015
FFE7FFFB0005FFFE
0001000000350000
FFF400010004FFFF
FFE7000A001B0003
00040012FFECFFEF
FFFF0001FFFE0000
002900130003FFFE
01F6FFFAFFF9FFFC
0007FFFAFFF20009
0001FFFFFFF4FFF7
FFEE0009000EFFF9
0006FFFC004CFFE5
009E0005FFEFFFF8
003F0025FFFBFFFB
0002FFFD0000FFFE
002F0002FFC2FFFE
000CFFFC0004FFD7
FFFA0003FFFF000F
0000FFFFFFFF0003
00030023000BFFFE
0001FFD00004FFFE
FFF60019FFFEFFFF
FFFEFFFDFFFEFFFB
00000000FFFA0000
FFDE008E00020002
FFFFFFFB0000FFEA
FFFFFFFAFFF70001
0001FFFF0000002F
FFFB000B00020000
FFF3FFFDFFF60033
FFFC000900000096
FFFC000A00010003
FFFAFFF500070000
FFFDFFF6FFF50000
FFE900DCFFFF0003
001AFFF80004FFBF
001B0002FFF50011
000800010000FFFE
FFF30000FFF1000E
0000FFF5FFFF0176
00050000FFE9FFFF
FFEC00800001003E
001A0047FFFE0006
FFEA00DFFFFC0010
003EFFFEFFE5FFF6
FFFFFFF8FFFFFFFE
FFFEFFFE000A0004
0003000300000000
0000FFF5FFFFFFFC
FFFD0001FFFC0008
FFFB0006FFF50008
00050000FFF90000
FFED0002FFEE000D
FFFF005600060002
0007FFEC0002FFFF
000DFFFEFFF40000
0051FFFE0012FFF0
0006FFFE0006FFF2
00000000FFF2FFFA
0010FFFF00D8FFF9
FFDEFFDE0000FFFE
FFFF0000FFB60009
00030031FFE7FFFF
FF9B000200000013
FFE2FFFD0003FFFE
000000020015FFFE
FFED000000050002
FFEF000AFFF7000A
00010001FFFDFFF7
FFFE0006FFF3FFFD
001000110002FFFD
021A0000FFF9FFF7
0022FFE0FFF4000A
0002FFFE0000FFF6
0009000CFFF5FFFC
0007FFF60039FFEE
001AFFFEFFF00017
004BFFFCFFFCFFFB
00020000FFFEFFFF
00350000FFBFFFFB
000B00050002FFD6
FFFB000A000B0008
0001FFFCFFFC0005
0005003100070000
FFFFFFD200000008
FFF9FFFFFFFDFFFE
0000FFFEFFFEFFFC
FFFF0005FFFFFFFF
FFE3003E00040004
0002FFFC0000FFDE
0001FFFEFFF80000
00000003FFFF0009
FFFD00090001FFFC
FFF5FFFD0000002D
FFFC0009000000D7
FFFC0044FFFD0002
FFFAFFFB0001FFFE
FFFCFFF8FFFC0000
FFF200E60000FFFF
FFFEFFF80009FFC8
0034FFE7FFFE0010
003800000000FFFF
FFFC0008FFF50003
0000FFDCFFFF0175
FFFF0000FFF3FFFF
000200BA0004009B
FFF5004FFFFE0004
FFFD00E3FFFCFFF7
0031FFFEFFECFFFB
0000FFFCFFFFFFFF
0001FFFF00050002
FFFA000300000028
0000FFF5FFFEFFFE
FFFEFFFF00010006
FFFC0002FFF70005
FFEF0000FFF5000A
FFFD0009FFF40007
FFF4004600070008
0006FFE80008FFFF
000DFFFFFFFE0005
0031FFF6000EFFF1
0006FFFF0005FFFB
0005FFFCFFF8FFF8
000F00020114FFF6
FFE4FFE40000FFFE
FFFFFFFFFFAE002F
00050015FFE3FFFF
FFCF000100000000
FFE6FFFE0003FFFF
00000006000BFFFB
FFEBFFFF00050002
FFFCFFFBFFFC0008
FFFFFFFA00000000
FFFC000DFFD4FFFD
000A00090000FFFB
017B00000001FFF3
004FFFDAFFF9000A
0001FFFF0009FFF7
0013000CFFF30005
0008FFF10033FFF0
FFFF0001FFF40020
0050FFECFFFCFFFD
00020000FFFE0001
004D0000FFCDFFFA
001A00060002FFCF
FFF6000C000FFFF7
0000FFFBFFFF000A
FFFB003100060000
0005FFD700040023
FFFFFFF5FFFCFFFF
00030000FFFEFFFE
000000160000FFFF
FFDD002300070006
0000FFFB0000FFD2
0007FFFEFFF70000
FFFF0002FFFF0002
000000090001FFFC
FFE700020004002F
FFFE0003000000A3
FFF7004DFFFC0003
FFFFFFFD0002FFFA
FFFEFFFC00010000
FFF700960001FFF9
FFFCFFF80007FFD8
00AFFFEAFFFE000E
0034000DFFFE0000
FFF70009FFF90000
0001FFCE00000111
FFFB0000FFF3FFFE
00030129000600DB
FFEA0041FFFE0003
FFFD0101FFFDFFEB
0003FFFFFFF00000
00000000FFFAFFFF
0001FFFF00030005
0000000300000058
FFFFFFFC0000FFFF
FFFEFFFE00000000
FFFFFFF9FFFAFFF9
FFFE0015FFF7000E
FFFFFFFDFFFA0000
FFF7003600010008
0003FFE3FFFFFFFD
000AFFFF00000001
002DFFF8000BFFEB
0004FFFE0005FFFC
0008FFFEFFF9FFF6
00050006012BFFEC
FFF4FFEB0000FFFE
0000FFFEFFAB002C
0004FFFFFFEBFFFF
FFDE00020000FFFE
FFEB000200030003
000000080012FFFC
FFE8000000050003
0002FFF1000B0007
FFFEFFF700020009
FFFA000EFFD3FFFA
0006000B0000FFFB
010300000000FFF2
0046FFC6FFF80007
0001FFFF0005FFFD
001E0009FFF10006
0009FFF30033FFFB
FFFD0000FFF10015
0036FFFBFFFDFFF8
000200010000FFFF
003F0000FFC5FFEE
000A00070001FFD2
FFFA000F0012FFF7
0002FFF400000008
00020026FFFC0000
0001FFE9FFED0023
FFF2FFBDFFF40000
00010000FFFFFFFE
000300120001FFFD
FFE5000100070005
0000FFFC0000FFDA
000DFFFFFFFE0000
FFFF00020002FFEE
000100060004FFFE
FFEA00050007001E
FFFEFFFE000200F2
FFF40097FFFB0002
FFFFFFFF0002FFF5
FFFFFFFEFFFE0000
FFFB00790009FFF4
0002FFF9000AFFDA
00C6003BFFEB000C
003C000BFFFDFFFE
FFFB0006FFF80001
0002FFDA000000A1
FFF30000FFF5FFFD
0001015A000200F9
FFF0005AFFFF0001
FFFB010CFFFCFFF2
0007FFFFFFF7FFFC
FFFF0001FFF5FFFF
0001FFFF00010004
00000004FFFE003E
FFFBFFF9FFFFFFFF
FFFCFFFD0000FFFE
FFFFFFF4FFFBFFF9
00040015FFF40011
0001FFFE0000FFFE
FFED003100010057
0003FFD7FFFE0001
000A000000010001
0003FFFB000B0001
0005FFFF0003FFEF
000CFFFFFFFDFFF9
0004000900D3FFF3
FFF6FFEB00000000
00000000FFB90022
0004FFF2FFF2FFFE
FFF400040000FFFE
FFF1000100000003
0001000BFFF6FFFB
FFED000000090003
0003FFE600060006
FFFBFFFA0001000B
FFF8000EFFCDFFF4
FFF30007FFFFFFFB
003E0000FFFEFFE7
004DFFC300000006
0000FFFFFFFEFFFC
00290001FFCA000B
000AFFEF003B0000
00070005FFED0069
000EFFC8FFFDFFFE
0002000300010001
00330000FFD9FFEC
001100080001FFE3
FFF0000D0012FFF4
0002000EFFFE0006
FFFE004800000001
000DFFEAFFFD0046
FFFCFFB6FFFC0000
000300010000FFFF
0005000F0004FFFE
FFEE000300090008
0001FFFBFFFCFFCB
000F0002FFFDFFFE
FFFE0000FFFE0003
FFFD00050001FFFD
FFEF000100060014
FFFD0000000000CE
FFEF0094FFFAFFFE
0001FFFF00020001
000BFFFFFFE1FFFF
00000031000BFFF1
0003FFFA0009FFF6
01740111FFAF0009
003E000CFFFA0002
FFF50008FFFD0014
FFFFFFD7FFFF003F
FFF10001FFF8FFFD
0002019C00040136
FFEA004B0004FFFF
FFFE00FDFFFEFFF4
000CFFFFFFFAFFFE
00010003FFF40000
FFFDFFFF00020002
FFFE00040000002E
FFF8FFFD00000000
FFFBFFFBFFFDFFFE
FFFEFFE3FFFBFFFC
00090004FFFD0011
FFFEFFFFFFFFFFFE
FFFD003100000059
0001FFC3FFFE0000
0005FFFF00010002
000FFFF500090017
FFFD00010004FFF4
00020002FFFDFFFB
0002000B0090FFEC
FFFCFFF0FFFF0001
FFFF0001FFB5001E
0004FFF6FFF4FFFF
FFFE00000001FFFD
000000000000FFFF
00020011FFF5FFF2
000200000000FFFD
FFFFFFE400070000
FFE1FFFF00050001
FFF50009FFC2FFFD
FFF20005FFFEFFFB
001FFFFA0001FFE1
0038FFBD00030004
00000000FFFFFFF8
001FFFFAFFC7000D
000B003C0031FFFF
00100002FFF3004B
0011FFC6FFFFFFFE
0001000700020002
002E0000FFD9FFF4
002200070002FFFB
FFF0000E000FFFF4
000100280000FFF4
FFFD0022FFFFFFFF
000DFFEFFFFF004E
FFFDFF8DFFF90001
0003000000000000
0005000E0005000E
FFFCFFFE00080009
0000000AFFFEFFE2
0037FFFF00010002
FFFF0001FFFF0009
FFFE00030000FFF5
FFFA000100070026
FFFDFFFF0002008D
FFEE0079FFFEFFEA
FFF9FFFF00010002
0008FFFFFFCFFFFF
FFFF0011000C0003
0007FFFA0009FFFD
014502F1FFA10002
0032001AFFFE0002
FFFE0006FFFE0047
FFFEFFE2FFFF0017
FFE40001FFF5FFFE
0003012CFFFE0124
FFF7003F001AFFFD
FFFD00D9FFF8FFF8
FFF7000000010001
00020004FFC1FFFE
FFF9FFFF00020002
FFFC00020002003E
FFFDFFFCFFFFFFFE
0007FFFDFFF7FFF3
FFFFFFDB0005FFF0
000C000E00020011
FFFF000000060008
FFFF002E0000001C
FFFFFFBBFFFAFFFE
FFFBFFFDFFFD0017
0003FFF7FFF80030
FFF400020001FFFE
0003FFFFFFFFFFF6
000300040035FFF9
0003FFFB00000000
00000000FFCB0010
0003FFF0FFFCFFFF
0000FFF400070003
0007FFFFFFFFFFFB
00010004FFE6FFF7
0005FFFFFFFCFFFB
FFFFFFE90007FFF3
FFD000010002FFFB
FFF70006FFE6001F
FFF4000BFFFBFFFF
0006FFF20000FFE3
0022FFD300020001
0000FFFCFFE5FFEE
00050007FFC4000D
000B00200021FFFF
000F0002FFFF0021
000FFFCFFFFFFFFF
FFFF000700020000
006F0001FFECFFF2
003000080002FFFE
0017000E000FFFD6
FFFE00710007FFF4
FFFE00380004FFFF
0009FFF90002001A
FFF9FF5DFFFE0001
0002FFFF0005FFF5
000A0009000A000C
0000FFFF000B0007
00050009FFFDFFE3
00310000FFFD0000
FFFDFFFF0000000B
FFFCFFFFFFFAFFF6
FFFD000200020010
FFFFFFFF0003007C
FFEB0124FFFEFFC5
FFFFFFFEFFFE0001
002D0000FFAAFFFF
0000000D0004002D
000AFFF9000A0000
0159067FFF8A0001
00100015FFF50002
FFFF0002FFFB007D
FFFCFFE1FFFF0002
FFF40001FFF60001
FFFE011A00000113
0000000A000AFFFE
FFF60094FFFFFFF6
FFF60000FFFD0000
FFFB0003FFCBFFF7
FFF5FFFF0003FFF9
000000040007FFBF
FFFCFFFB0000FFE4
0009FFFBFFEAFFF0
FFFAFFE60009FFFC
000E00140003000E
FFFF000100040023
0000002700000022
0001FFB20001FFFF
FFFA0000FFF3001C
0001FFF4FFF6002A
FFFE00000002FFFC
000000000000FFF3
FFFF00030017FFF8
0007FFF4FFFF0000
FFFF0002FFDD0000
0002FFE9FFFFFFFF
FFFEFFEC001C0003
000BFFFFFFFFFFEC
FFFE0009FFECFFFF
00030003FFFCFFF8
0000FFD60009FFE2
FFC70009FFFFFFE7
FFF80000FFF60000
FFFF000BFFFBFFFC
0001FFEC0001FFD4
001FFFDD00020004
0000FFFEFFDBFFF1
FFFC0045FFB6000F
000300240018FFFE
000EFFFFFFFF0004
0008FFF80000FFFF
FFFCFFED0003FFFF
000A0006FFF0FFE6
002100090000FFEF
0072000E000AFFCE
0000009900070003
FFFD004A0009FFF5
000BFFFC000D003D
FFFEFF4C00000001
00010000000DFFEC
0007FFFF00130002
FFEDFFFF000E0004
00000003FFFFFFE3
00270008000AFFFE
FFFCFFFFFFFE000A
FFF9FFFEFFF9FFF8
0000000000040017
FFFDFFFC00020063
FFEE0059FFFFFF98
FFF9FFFF00000000
002DFFFDFF9CFFFF
FFF5FFFF0006012A
00030000000B0001
00E1080CFF7D0001
00120003FFFB0002
FFFE0001FFFE00F9
FFEAFFEB00000000
FFF30000FFF7FFEE
FFFD00AC0000003F
000FFFFA000B0001
000000B0FFFEFFFC
FFFC0000FFF5FFFF
FFFA0003FFE1FFFE
FFF400020003FFFE
0001000B000BFFA7
FFFDFFFF0001FFC7
0024FFF3FFEEFFEF
FFFDFFE7000C0000
000E0004FFFD0000
FFFDFFFD000A006C
FFF800300014FFFC
FFFEFFBD000AFFFD
FFF30003FFEA0054
FFFCFFF1FFF60047
000BFFF70001FFFD
FFFFFFFE0000FFF5
000900010002FFFC
FFF5FFF0FFFF0001
FFFE0000FFE70004
0001FFF1FFFDFFFD
FFFD000500130000
000EFFFEFFFDFFE1
FFFE0008FFFDFFFF
0004FFFFFFF5FFF5
0003FFED0003FFE4
FFC30005FFFFFFE3
FFF9FFF6FFF5FFEC
0001FFF9FFF30001
FFFFFFEC0004FFC9
0012FFECFFFF0007
0001FFFFFFEAFFF2
00080062FFBC0011
000900360009FFFD
00010000FFF3FFFD
0009FFFFFFFFFFFE
FFF8FFE20002FFFF
FFD40008FFF8FFDF
001800050000FFCD
00D9000B0008FFDE
FFF500CB0009004F
FFFD002C000DFFD7
000C000000110019
FFFFFF3F00080000
FFFB0002000CFFE7
0001FFFF0013FFFB
FFDE0000000A0000
00040000FFFF0026
001A00080001FFFE
FFFCFFFFFFF00004
FFFDFFFDFFF6FFFB
FFF9000000010005
FFEFFFFA00000040
FFFD0009FFFFFF7C
FFF3FFFFFFFF0000
0018FFFFFFB1FFFC
FFF60000000202EF
0003001100100000
002008EEFF83FFFE
FFFD00000004FFFF
FFFE0000001B02B3
FFE1FFF600000001
FFEB0001FFEEFFE2
FFFE002900090024
0004FFF6FFFF0000
000C009B0000FFFD
0001FFFBFFEB0001
FFF2FFFEFFFDFFF6
FFF2000300030000
000100040012FFCA
FFFFFFFF0002FFB6
001AFFFA0002FFF9
0000FFED002D0002
000AFFF5FFEF0000
FFFCFFFD00090113
FFED001AFFFEFFF3
FFFEFFB4000BFFFC
FFE7000AFFE60088
0001FFF1FFF70049
0035FFECFFFE0000
0000FFFF0000FFD3
002BFFFF0001FFFD
FFDCFFF5FFFF0001
FFFD0000FFFEFFFF
00000003FFFE0009
FFFE00FF00070000
000FFFFDFFFEFFD8
FFFD0007FFFCFFF8
FFD6FFFEFFF5FFF6
0002FFF30000FFD9
FFB90005FFFFFFD5
00010002FFF6FFF1
FFFFFFF5FFF00002
FFFEFFF60003FFC9
0009FFFBFFFE0008
00000000FFF0FFEF
00170070FFCF0011
0084002AFFF7FFFD
00030004FFE8FFFC
00100002FFFFFFFE
FFF2FFD500030001
FFAE000EFFFFFFFD
0013FFF30000FFB8
018D00070002FFBE
FFF5012A000A00C2
FFFE00200010FFC1
000800010012FFF7
0000FF3B000CFFFC
FFFD00050004FFD0
000200000012FFFB
FFCEFFFE0001FFFF
FFFF0000FFFF0034
FFF0000B00000000
FFFB0000FFDB0002
FFFEFFFCFFF2FFFA
FFE4FFFF00000009
FFF3FFF3FFFA0023
00000000FFFEFF5D
FFEF0000FFFC0000
00100004FFC3FFF7
FFF50000FFFB03CD
0002000300110000
FFF0080DFFB4FFFE
FFEA00010003FFFD
FFFDFFFF007102AF
FFE1FFF9FFFD0000
FFED0000FFEFFFE2
00070008000C0010
FFFCFFEEFFFD0001
000A008B0000FFFE
0001FFF3FFEA0001
FFD2FFFF0000FFF8
FFF1000500070000
000200040011FFED
000000070004FFAA
0019FFFE001CFFF7
0002FFFC00370000
0006FFF2FFE7002D
0000001E00080188
FFEA0046FFF90000
FFFCFFB50007FFFF
FFE10017FFE50081
0008FFF0FFF9002B
007FFFE2FFFE0000
FFFFFFFF0000FFE2
004500020004FFF9
FFBAFFECFFFF0001
FFFE000100010000
0000000000000008
FFFF030D00000004
000CFFFEFFFFFFE1
FFFE0008FFF8FFFD
FFB2FFFFFFF9FFF9
0003FFF1FFFDFFDF
FFA20003FFFEFFE9
0011000DFFFFFFFA
FFFBFFFAFFEA0002
0000FFFC0002FFCA
00060001FFFB0000
0000FFFDFFF2FFF8
000D0054FFF10013
019A0030FFEAFFFE
00040004FFE2FFF6
000C00000000FFFF
FFF0FFE600010007
FF93000D0002FFFF
0000FFE3FFE0FFAA
01FA0001FFFFFFC1
FFFA00EF00040105
FFFEFFFF000DFFBD
000000020010FFF3
FFFFFF5E000FFFFE
FFFB00060001FFDD
00010000000A0000
FFD0FFFE00000000
FFFCFFFFFFFF0027
FFAE000200000002
FFFB0002FFA20000
FFFFFFFCFFF5FFFC
FFC50001FFFF0002
FFF9FFFF00030006
000500010009FF6D
0003FFFFFFEFFFFF
FFF0FFFFFFD3FFE9
FFEE0001FFF204C6
0001FFF9000D0000
FFE205F8FFCCFFFE
FFDA00010004FFFA
FFFDFFFF00C0029D
FFF00000FFE90000
FFEE00000000FFEA
000F000000110000
FFFB0005FFF90001
000E00750000FFFE
FFFFFFF6FFE5FFFA
FFDAFFFF0000FFFF
FFF100060008FFFB
0002000500100013
FFFF00030005FFC1
0002FFFF003BFFFC
0004FFF8004A0000
FFFFFFE4FFD500E8
0000001000040132
FFDC0040FFE90006
FFFFFFA2FFFDFFFF
FFE9001CFFF70071
000AFFF600000025
00F8FFD70009FFFC
FFFEFFFFFFF9FFE9
004F00040002FFF7
FF98FFEE0000FFFF
FFFFFFFF0000FFFF
000B000000040048
FFFD051400060000
0009FFFFFFFBFFE5
FFFF000400310000
FFA8000100000000
00010000FFE9FFF6
FFADFFFF0000FFF6
002F0070FFFCFFFD
FFFB0000FFF80001
0003FFDCFFF9FFCF
FFFCFFFEFFF7FFFC
0000FFFBFFFBFFF3
001A003E001A0013
032E0020FFCDFFFF
00050008FFE2FFEE
00090009FFFF0002
FFF3FFFA00070000
FFA2000A0001FFFD
00000003FFD8FFBE
01B7FFFF0008FFC5
FFFA00B900000142
000000000008FFBE
FFF70003000DFFEF
0000FF8A000E0002
FFFC000100050000
FFFF00010000FFFF
FFEEFFF9FFFCFFFF
FFFFFFFF0001FFEA
FFBCFFF700060009
FFFEFFF1FF9D0000
00000003FFFAFFFF
FFB0FFFF00000005
0002FFFF00060004
000500050006FF86
FFFF0000FFDCFFF2
FFF5FFFDFFE1FFEC
00200002FFEF03F0
00010013FFFF0001
FFF002C6FFF70001
FFB800010001FFF5
FFFCFFFF00D601AA
FFFCFFFEFFE5FFFD
FFF80005003A0003
001F000B0016FFFF
FFF50009FFF7000B
0012004E0000FFFF
0002FFE5FFE8FFF9
FFC9FFFF00000001
FFF4000B0006FFFB
00030007000D000C
FFFD00100004FFC6
FFF8FFFC00500008
0004FFF60044FFFF
FFFBFFE6FFD6021F
0001FFFEFFFF00B5
FFD7004CFFFB0008
FFFDFFBAFFF40000
FFEB0015FFF80079
000DFFFAFFFA000F
00F0FFD70018FFF4
FFFE0003FFF1FFFE
007E000D0002FFF6
FF92FFEE0001FFFE
FFFFFFFD00000000
00150002000D000A
FFFF05EC00020003
000CFFFFFFFCFFF7
0000000000440001
FFAB0013FFFFFFFE
00000008FFEAFFF0
FFC100000000FFFC
003E00F700000001
00030003FFF0FFFE
FFFEFFF3FFF6FFE9
FFF6FFF7FFF6FFF6
00000000FFFFFFF6
001A0016004B0013
04BF0018FFCC0000
00020009FFDEFFF4
000800080000000A
FFF600000008FFFF
FFAE00000002FFFF
00000047FFD2FFC2
0165FFFD0025FFC2
FFFA0074000000FF
000200000008FFBE
FFF10003000CFFF3
0000FFA4000D000D
FFFD0004000A0001
0000000300000000
FFEAFFF8FFFC0001
0000FFFE0001FFC6
FFC0FFE70006000C
0002FFEDFFCB0001
FFFE0006FFFEFFFF
FF81FFFD00000011
0007000000190002
000700050002FF9E
FFFB0000FFCFFFD5
FFF4FFF6FFFAFFEE
00310000FFEC0357
0002004EFFFC0002
FFFA00FBFFFC0001
FFC1FFFF0000FFF6
FFF70009013800B4
0000FFFCFFD6FFFC
0001000400670003
0060001000130002
FFF3000AFFF7000B
000F00600000FFFF
0009FFD8FFECFFFB
FFC1000000000006
FFF8000C0006FFFE
000300070011FFF4
FFF7001E0004FFCC
FFFCFFF2003E000B
FFFF000100430000
0021FFE5FFD40355
0140FFCD0000005C
FFBF003CFFF70009
FFFEFFC7FFF5FFFF
FFEF000DFFFB0077
000DFFFAFFF80006
011AFFDE0016FFF9
00020006FFEFFFFE
0080000C00030000
FF92FFEA0000FFFE
FFFEFFF8FFFE0002
001E000A00170010
FFF90633FFFFFFFF
000BFFFF0001FFFA
FFFFFFFE006D0002
FFD000100000FFFB
FFFC000EFFF1FFF7
FFCC0001FFFE0000
00580126FFFC0000
00450004FFE00002
FFFEFFFFFFF4FFEA
FFEEFFF6FFFAFFF3
FFFE00020000FFF6
0019000800550011
0605000DFFCDFFFF
FFFD000AFFE1FFF7
00020004FFFB000B
FFFAFFFF00030000
FFBE00010000FFFF
000000D6FFDBFFD2
012DFFFB0032FFD0
FFF800260000007D
0001FFFF0008FFD1
00030003000BFFF7
FFFFFFED000C0011
FFF60003000C0000
0001000300000000
FFEB0002FFFD0004
000000390001FFB0
FFC3FFEE0006000E
0003FFEFFFBB0005
FFFE000600000000
FF7BFFFE0001000C
000E000000150000
00050013FFFEFFCB
001800110000FFCF
FFF2FFF2FFFEFFED
00360001FFE00223
0001008DFFF00005
FFFE0021FFF20001
FFB100000001FFF8
FFF8FFFF0117002F
FFF3FFFEFFC6FFF3
000B000100900003
00620011001E0006
FFF90003FFF80009
000D003A00000001
0006FFD4FFEAFFFD
FFC2000000000006
FFFE000E0008FFF7
0003000B001BFFDE
FFF400170004FFD7
FFEDFFE80031000B
FFF8FFF900290002
008BFFDFFFE20477
01B1FFB900000016
FFB70020FFF20009
FFFEFFD5FFF4FFFD
00010005FFFF003D
0005FFFFFFFF0000
00F7FFEC002CFFF3
000A0009FFE2FFFE
007E000900030002
FF9EFFEB0002FFFD
FFFCFFF5FFFEFFFC
003D0016001700CB
FFE905860000FFFF
000AFFFD0002FFFA
FFFEFFFC00D5FFFF
FFD6000D0000FFF5
FFFC0003FFEDFFF7
FFE3000500000001
004B018EFFFEFFFD
005A0003FFF2000D
FFFF0000FFF5FFE7
FFF6FFF50001FFE9
FFFD00030000FFF5
0001FFFE0085000A
053A0004FFDFFFFF
0021000AFFEBFFFB
00010005FFFE0011
FFFFFFF700040000
FFE400000001FFFF
FFFF018DFFD8FFE7
00A0FFFC006BFFEA
FFF9000A00000045
000300000009FFD0
00350003000DFFFB
FFFFFFFE000B001C
FFFB0000000A0000
0007000200000001
FFEC000EFFFE0002
0000001D0004FFAE
FFB3FFE60009000E
0000FFF0FFE00006
FFFE00030003FFFF
FF86FFFF0006000D
0007FFFE001AFFFE
0006000EFFFFFFE4
000700100002FFD6
FFF9FFE9FFF6FFF6
00300000000600E4
FFFE013800890006
0005FFFFFFCD0000
FFC8FFFE000EFFF6
FFF8000C00FB0002
0000FFE3FFD00005
0007000201490001
0042000E00050009
FFFC0002FFF8000A
0010002B00000008
0007FFE3FFF70000
FFCD0001FFFF0006
FFFC000B0008FFFF
0000000F0011FFD2
FFF800230004FFE8
FFFAFFDC00270007
FFF7000000220004
00E1FFE1FFE404D6
018BFF8F00000003
FFCD0026FFF40008
FFFEFFD7FFF7FFFB
FFFEFFFF00000024
0009FFFF000C0000
0076FFEE0026FFFC
0006000AFFE9FFFD
0084000200030006
FFA4FFF40000FFFA
FFFCFFE5FFFE0001
0030002200200028
FFD903FB00020003
000600030000FFFE
FFF500110097FFF8
FFE100320000FFE6
FFFB0013FFECFFFC
FFF1001EFFFBFFFF
00860127FFFBFFF9
00BF0004FFF3000A
0000FFFFFFFFFFF9
FFEAFFF90000FFE7
FFFD0002FFFDFFF3
FFF1000000BE0004
05400002FFE1FFFB
0076000CFFF10001
0001000300000000
FFFDFFF000020009
FFEE000000020000
FFFF014FFFE0FFF7
004700000056FFEA
FFF5000200000020
000300000009FFDA
006A0001000DFFFC
FFFF000D00060028
FFFB00010007FFFE
0006000100000001
FFF20021FFFE0007
FFFD000F0002FFB2
FFA7FFE9000A000D
0000FFF7FFCA0004
FFFC00040001FFFE
FF9AFFFE00000013
0002FFFC0028FFFE
0002000EFFFFFFF7
FFFD0014FFFEFFC4
FFF4FFE6FFE3FFF1
0011000000090054
FFFC011800AE0005
000A0001FFB7FFFF
FFD8FFFF00170002
FFF6FFFE00B90000
00000000FFCF002C
0001FFFF011EFFFF
002F00070000000B
0000000000010009
0003003800010015
0019FFDEFFFB0000
FFD80001FFFF0006
FFFD000B000A0000
FFFF000E0014FFAD
FFF300300004FFF1
FFFBFFD600030005
FFF80001002B0003
012DFFFAFFEF03C5
01CEFFA10001FFFF
FFD00023FFF40007
FFFEFFE5FFFBFFFE
00090006FFFF0028
0002FFFFFFFB0000
004EFFFB001CFFFC
0004000AFFEBFFFE
0099FFFE00020007
FFBDFFF60002FFFE
FFFCFFDFFFFEFFFB
002400240032008C
FFCD02E30006000F
0001000500000000
FFF4001F00EB0005
FFE3002BFFFFFFF1
FFFC001FFFF5FFFF
FFF6002AFFFCFFFC
005A00E9FFFDFFF8
01600004FFF0000B
0000FFFD000BFFFC
FFEBFFF6000AFFE9
FFFA0003FFFCFFF7
FFEE000100EA0002
04080002FFF2FFFD
00F6000900020001
FFFF000000000001
0005FFE200000008
0000FFFF00020000
FFFE0184FFDF0004
0011FFFF00B4FFFB
FFF9FFFF00000002
000100010009FFDE
00790001000DFFFF
FFFF0010000A0024
FFFC00030002FFFD
0007000100000001
FFFC002F00020002
000000060000FFB7
FFA7FFE40009000D
FFF5FFFDFFF20005
FFE2000500070004
FF9FFFFB00000012
0004FFFD004BFFFE
0002000EFFFDFFFF
00050015FFFEFFC6
FFFCFFEBFFDFFFF4
0019FFFF0008000D
FFFB01DF00FA0001
000BFFFEFFADFFFE
FFDFFFFF00160000
FFF4000C007C0003
FFFD0001FFCE0054
000100000157FFFF
002000090000000C
FFFF000000000005
0004002B00000022
0025FFED00000000
FFEB0002FFFD0005
FFE8000A000A0000
FFFF000D0005FFD3
FFF600220004FFFA
FFFEFFD5FFFB0002
FFFC000200110005
0105FFFAFFF902C6
0114FF9A00010001
FFE2003BFFFA000F
0002FFF6FFFCFFFD
000CFFFFFFFC0015
0000FFFFFFFB0000
0020FFFD00170003
FFFE0008FFECFFFE
0076FFFF00020008
FFD9FFF30003FFFE
FFFCFFDA0000FFF9
000F00240031006C
FFBD016300070041
FFFF00050000FFFF
FFF1003500CC0005
FFF3002DFFFEFFEA
FFFB002EFFF6FFFF
FFFB0033FFFAFFF8
006400720000FFF3
02000003FFFB0008
FFF3FFFA001BFFFE
FFDFFFFAFFFDFFF3
FFFD0001FFF8FFFD
FFE3000400A90000
02ED0002FFFBFFF4
01FC000600010000
FFFF000000010000
0007FFCC00000007
0006FFFFFFFEFFFF
FFFE0165FFFAFFF5
FFF5FFFE00560003
0000000200000001
FFFC0001000A0000
00F90000000E0005
000000080008002B
FFFFFFFFFFFFFFFB
00040000FFFF0001
00080059FFFA0000
FFFF0000FFFDFFCF
FFD7FFE0000B000B
FFFBFFF7FFFB0004
FFE000070012000A
FFCEFFF800000010
0000FFF70022FFFF
0000000BFFFEFFFE
0004001400000006
FFFBFFECFFCDFFFB
00000003000C0001
000F01610088FFFC
0007FFFDFFACFFFE
FFED000000190001
FFF1000D002A0009
FFF60006FFDB00B4
FFF7FFFF0119FFFF
FFFA0007FFFF000A
0000FFFE00010002
00050030FFFF0039
003BFFF5FFFC0007
FFF30002FFFAFFFA
FFF60008000F0001
000000090001FFCD
000100180003FFFE
0000FFD2FFE2FFFF
FFFE000500070007
015CFFFCFFFF01B7
011FFF9DFFF70004
FFF60051FFF80010
FFFFFFF9FFF9FFFE
0000FFFCFFE9000E
0000FFFFFFF7FFFF
FFFFFFFD00160000
FFFB000AFFE8FFFC
0061FFFCFFF80007
FFF9FFEE00060000
FFFEFFD4FFFBFFF0
0005001B003C0035
FFA2005B000800A0
FFFF00000000FFFF
FFF8004300CA0006
FFF40033FFFFFFE3
FFFC0020FFFDFFFE
0001005DFFF5FFF8
006B00430000FFF2
01F00001FFFC0004
FFE2FFF9000F0000
FFE8FFFBFFFDFFF7
FFFE0000FFF2FFFD
FFDB0006007CFFFF
018D0001FFFDFFEA
02F5FFFBFFFA0006
FFFD00040001001F
0009FF9CFFFF0000
000D0000FFFAFFFA
FFFE0106FFFCFFDE
FFE0FFFE004DFFFC
FFFF0003FFFD0008
FFFD000300010008
00E7FFFE00070003
FFFF00010008001B
FFFFFFFEFFFDFFFC
FFFB0000FFFC0002
00040072FFFC0000
0000FFFFFFFBFFD7
FFD9FFE9000C000C
FFFCFFF5FFDB0005
FFD7000700130009
FFF3FFFA00000017
FFFEFFF5000D0002
00080002FFFFFFF9
000F00160000FFFB
FFF8FFE9FFC6FFFE
0006000B00040006
002500D30038FFED
0009FFFCFFA90005
FFEE0000001BFFFF
FFF2FFFC0007000C
FFFA0016FFEB00CA
FFF800000123FFFF
FFF20007FFFF0007
0000FFFF00010003
0000004700000050
006CFFF4FFEE0003
FFF9FFFFFFFAFFF9
FFF60007000C0003
00020002FFFDFFCE
FFFF0028000A0001
0002FFD7FFD00001
FFFE000600010008
0108FFFD000000B8
00ECFF9CFFED0005
00020047FFF90010
0000FFF900090000
FFFF0000FFE10007
00000000FFFBFFFF
FFF700020013FFFD
FFFDFFFFFFEB000B
00420000FFFD000D
FFFFFFED00030001
FFFFFFE0FFE8FFF2
FFFE001000130025
FF98000000060093
FFFF00020000FFFF
FFF8006900B10006
FFFE002F0000FFEC
FFFC0025FFFEFFFE
000A004EFFF7FFF4
002F000D0000FFEA
019DFFFFFFFC0001
000FFFF6001C0003
FFD60000FFF80000
FFFD000DFFE9FFFF
FFED0007007DFFFF
004700000009FFE5
02E6FFF8FFC50007
FFFD0020FFFF0004
000AFFAE00010000
00180002FFF0FFEF
FFFD00A0FFFFFFD3
FFDEFFFD00260017
00000006FFFD0006
FFF9FFFC0000FFFB
010BFFEF00040004
FFFF00030008000D
0000FFFFFFFAFFFF
FFFBFFFEFFFE0003
FFFC007BFFFC0002
0000FFFFFFF9FFF8
FFE9FFEA000A0008
0003FFF6FFEC0003
0000000A0012000B
0011000200010005
FFF3FFFA00030018
00000000FFFEFFFA
0009FFE60000FFFA
FFF8FFEEFFD6FFFF
00010030FFFF0009
0069002CFFFDFFE4
0001FFFEFFB00009
0001000000110000
FFF0FFFBFFFF000B
FFF9002A000000F4
FFF8FFFF00330000
FFE2FFFF00000002
FFFF000A0007FFFA
0001008A00000041
0062FFFDFFDD000E
00000000FFF5FFFA
FFFF0004000B0005
000B0003FFFDFFD0
FFFF000A00090000
0004FFE6FFE0FFFB
00020005FFFF0008
0097FFFEFFFB003F
0080FFADFFED0008
0008006400050009
0001FFF900070000
00020000FFE90001
000C00000000FFFE
FFF900000006FFF3
00010006FFE7000B
0012FFFE00110003
0005FFE9FFFF0000
0000FFE1FFC3FFD9
FFFB0000000C0004
FF8BFFFD00040112
FFF2FFEE0000FFFF
FFFC003E007B0007
000000190001FFF4
FFFA002500010001
FFFF0045FFFBFFF5
001100000001FFF5
00E0FFFCFFFF0001
00B5FFFE000A0001
FFDA0002FFF7FFFC
FFFE000FFFE80000
FFE1000400330000
FFFE00000000FFEB
026E0004FFCB001C
FFFE0023FFFFFFFE
000BFFB90000000C
003B0002FFF2FFFA
FFFD005B0002FFD2
FFE600000004000F
0002000400080007
FFFCFFFF0002FFF7
006EFFEA0002FFDF
0000000800070004
00010001FFF3FFFF
0006FFF9FFFA0004
FFEA005200070005
FFFF0000FFF9FFFF
FFF0FFEB00020007
0004FFF4FFE70001
FFFE000A00100005
0011000100040012
FFF4FFF7FFFF001A
00000003FFFFFFF4
0009FFE30004FFFD
FFFBFFF9FFDE0000
FFFF003FFFF90009
005400080000FFE2
FFF7FFFEFFE1000B
00090003FFFE0000
FFEFFFFCFFFB000A
FFFF00220000010D
0001FFFFFFED0000
FFDD000500000000
FFFD000F00060002
FFFE00CCFFFF005E
004B0000FFD50009
FFFF00030000FFFA
FFFE000300080007
001D0000FFFFFFE3
0000FFFF0005FFFF
0002FFF8FFFCFFFA
FFFD0006FFFC0007
00590001FFFB0006
0021FFC9FFED0008
0000009700070001
0003FFFB000D0001
0005FFFFFFE1FFFB
001200040000FFFE
FFF9FFFC0000FFEE
0001FFFFFFE80007
0004FFFF0048FFFF
000BFFE3FFFFFFFC
0000FFE7FFB2FFBC
FFFAFFFBFFF3FFFB
FF9D00040002014D
FFF2FFFE0000FFFE
0000002300570006
FFF600090002FFF8
FFFA002900030001
00010029FFFEFFF7
001D0000FFFEFFF9
00D40001FFFEFFF8
0107FFF600060002
FFE4FFF8FFF10002
0001000CFFE70000
FFEEFFFF0006FFFF
FFF800000002FFE5
013B0015FF9D0023
FFFE001DFFFCFFFB
000BFFD50000000A
00500003FFEFFFF1
0001FFFB0002FFCB
FFF6000600010014
0000000300080004
FFF9FFFF0001FFFA
0063FFE4FFFFFFD4
FFFE001A00000001
FFFF0000FFF8FFFC
FFFEFFF1FFFDFFF7
FFE50023000B0002
FFFF0001FFFCFFFC
FFF9FFF600000000
0005FFECFFFC0001
FFFD000900070001
FFFC0001FFFC000F
FFF6FFF7FFFD0056
0000002CFFFDFFF4
0006FFDE0001FFFE
FFF7FFFCFFE50001
FFFA0075FFFD0007
0027FFFF0002FFD5
00060005FFEF000D
00020001FFFF0000
FFF5FFFFFFFF0009
000300080000012F
0007FFFEFFC5FFFF
FFE8002500000015
FFF7001C00030001
FFFA00D60001002E
0052FFFFFFBF0003
FFFF0004FFFFFFFB
0001000100080005
000900050000FFFB
000000010000FFFC
0003FFFEFFFBFFFF
FFF30005FFFB0006
001D0002FFF5FFFB
0003FFE6FFE4000B
FFFD008000090000
0005FFF4000E0000
00080000FFEDFFFE
001600030003FFFD
FFFEFFFBFFFFFFE7
00030000FFF20005
FFFFFFFF009FFFFB
0000FFE30000FFF8
0000FFF0FFC6FFB6
FFFDFFFCFFECFFEC
FFB00008000100BB
FFE9FFFE0000FFFB
0000000A00210009
FFF200080002FFFE
FFFF002900040004
FFFF000EFFFBFFFD
00030001FFF8FFFF
0038000E00000000
01C1FFFB0004FFFF
FFECFFE9FFFC0006
00030006FFED0000
00060007FFF20000
0000FFFEFFEFFFE6
00420011FFC30014
FFFB0024FFFFFFF8
000DFFF600020009
00440002FFF6FFE5
FFFFFFFD0003FFCE
FFE90007FFFF000B
0002FFFF00100004
FFFF00020000FFFE
0013FFF1FFFDFFDD
FFFE001CFFFF0000
FFFE0000FFFFFFFA
00000003FFFFFFFC
FFDE002C00080004
FFFEFFFDFFFCFFED
FFFFFFF7FFFF0000
0005FFEE00010000
FFFE000900070001
FFF20000FFFD000A
FFF5FFFBFFFF008F
00010074FFFFFFF8
FFFBFFDFFFFD0000
FFFFFFFFFFF7FFFF
FFE90045FFF80008
000D00000004FFCC
002D0007FFF8000B
0005000300000000
FFFD000000020006
00040001000100FE
0004FFFE00120000
FFEE00880003005F
FFF60010FFFF0001
FFFB011A0002001D
0052FFFFFFC2FFE9
FFFF00050004FFFB
0001FFFF00040005
000600000001000A
0001FFFC0000FFFB
0001000000000000
FFF00008FFFB0009
00010003FFEC0007
FFF7FFFEFFE60004
FFFB007D00080009
00070006000A0001
000C0000FFFBFFF3
0017000300090000
0000FFFF0000FFDE
000A0000FFF80001
FFFEFFFE0113FFF9
FFFBFFF40000FFFC
0000FFFFFFC2FFB7
0000FFFEFFEAFFFE
FFB10007FFFF00A0
FFE3FFFFFFFFFFFD
0000000400080002
FFE80000FFFF0006
0000000EFFF5000D
00000001FFF8FFFF
FFFB0001FFE8FFFE
FFF3001A0003FFFE
00DAFFFEFFFFFFFE
0004FFD7FFFE0007
0004000100080000
00160007FFED000A
0005FFFEFFFCFFE9
00030011FFBA0039
0003FFE5FFFEFFF5
0001001900000006
00A10000FFF9FFDF
000300010001FFD3
FFF300080004FFFF
000000010001000E
0002000100020001
FFFFFFEDFFFBFFD8
FFFD0019FFF80000
FFFF0002FFFFFFFA
FFFE00020002FFFC
FFD3002300090005
FFFDFFFC0001FFD3
0000FFFDFFEE0001
000FFFEFFFFE0005
0000000B0000FFFF
FFDCFFF7FFFAFFFA
FFF700010000007E
FFFEFFF9FFFFFFFC
FFE9FFEE0001FFFC
0000FFFE00010000
FFF40032FFFF0009
0000FFFF0005FFD5
0095FFF70000000D
00120017FFFD0000
FFFE000000070007
0004FFDAFFFA00D5
000B000000110001
FFED0175FFFF00C2
FFF2001DFFF30000
FFFD015D0006FFF7
00270000FFD6FFEC
FFFF0004FFFFFFFE
0001FFFD00010005
0008000300060009
FFFFFFFAFFFFFFFB
FFFC0001FFFC0002
00000004FFF40002
FFFD0002FFEF000E
FFFFFFFFFFECFFFF
FFF3008400050062
0008FFFC000C0001
000EFFFCFFFF0000
000D0006000F0007
0001FFFC0001FFE6
000A0000FFFCFFFE
FFFDFFFE011CFFDB
FFFBFFF0FFFDFFFC
00020000FF8BFFBB
00020019FFF6FFFC
FFD1FFFFFFFF003B
FFE6FFF8FFFF0001
00000000FFFBFFFE
FFE1FFFFFFF20002
FFFD000400030001
0000FFFFFFF70005
FFFB0006FFE0FFFD
FFE1002E0000FFFE
00820001FFF4FFF4
000EFFCE0000FFFA
0004000000090000
001D0003FFE60000
0006FFF80000FFEB
00000008FFB4001B
FFFEFFDCFFFDFFFC
00090000FFFE0003
003E0000FFBBFFDA
000500070000FFDC
FFF3000C000DFFFA
00000004FFFE000D
0003000100000003
0000FFF1FFFB0019
FFFCFFF5FFF90000
FFFFFFFE0000FFF3
FFFE001D0004FFFC
FFD60001000A0006
FFFBFFFA0000FFCE
FFFFFFFFFFF30001
000CFFEEFFFD0005
FFFF00060001FFFF
FFA7FFFA000DFFFB
FFFC0003000000A2
FFF80046FFFD0004
FFEAFFF60001FFF7
0001FFFE00030000
FFF9003900000004
0004FFFE0005FFE2
0089FFFFFFF80008
0019001FFFF90000
FFFF000100070002
FFFEFFE6FFF900A2
FFFDFFFF000A0003
00030192FFFC0127
FFD0001EFFE6FFFF
FFFE01120009FFF1
00410000FFDEFFD8
FFFF0002FFFEFFFD
0001FFFF00020001
00010003FFFEFFC5
FFFFFFFEFFFF000D
FFFC0000FFFC0005
FFFEFFFDFFF6FFFF
0003001DFFEE0013
FFFEFFFEFFF4FFFD
FFFB005A000200A9
0008FFF400060004
000EFFFDFFFF0003
0004000400030016
0002FFFF0000FFEE
000E0001FFFBFFFD
FFFCFFFA014CFFE5
FFFDFFF5FFFEFFF9
00010001FF96FFCE
00040036FFFBFFFB
FFED000300000013
FFEAFFFFFFFF0000
00010001FFF8FFFC
FFDE0000FFE80001
FFFFFFEEFFF80000
00000001FFFEFFFB
FFF80009FFCDFFFF
FFDC000D0003FFFE
00860000FFFCFFF5
0024FFC00005FFF2
0002FFFF00120001
00300001FFED0002
0008FFFE0016FFFD
000B0009FFD60032
0003FFC2FFFCFFFB
00010002FFFE0003
004D0000FFCCFFDC
000700060000FFF0
FFF4000C000EFFF9
FFFF0019FFFF0004
0003000E00000005
FFFFFFF3FFF20054
FFFAFFC4FFF1FFFF
FFFF00010000FFF9
0000000B0003FFFD
FFF2000000080006
0000000AFFFDFFD4
FFFFFFFFFFFF0002
0008FFEFFFFC0004
FFFE00080001FFFF
FFD0FFFB001FFFFC
FFFE0004000000CA
FFF7004AFFFD0005
FFE8FFFD0001FFED
0005FFFFFFF9FFFF
FFFB001E000AFFF9
0009FFFE0009FFF7
00F80084FFD40007
00120032FFF9FFFF
FFFF00030004FFFF
FFFCFFDEFFFD003E
FFF3000100050003
000101C4FFF8013C
FFDD0012FFF0FFFC
FFFF013D0008FFE8
00010000FFE7FFF0
00000004FFF7FFFE
FFF9FFFEFFFB0000
FFFF0003FFFCFFB8
FFFFFFF8FFFE0004
FFFFFFFEFFF40004
FFFEFFF2FFF9FFFF
000A0009FFF70013
FFFE0000FFFC0000
0006005A00010094
0003FFEB00040003
000CFFF8FFFF000E
000B000D00020035
000000000001FFF7
000A0004FFFEFFFD
FFFFFFFD00F9FFE8
FFFCFFFAFFFCFFFB
0001FFFDFFA1FFEB
0003FFFCFFFEFFFD
00020008FFFFFFF7
FFF90002FFFF0005
00020009FFF0FFFC
FFEE0000FFE90003
0004FFE60005FFFF
FFFF0005FFF8FFF9
FFF20007FFE00008
FFEB001CFFF9FFFF
003EFFFBFFFAFFF0
002DFFC00006FFF0
0000FFFE001BFFFE
00160000FFF40009
0008000400200005
000F000AFFDF005A
0006FF9FFFFDFFFE
0000000CFFFFFFFF
0052FFFFFFC9FFC3
001500050000FFFB
FFF2000A000CFFF3
FFFF003AFFF9FFFC
FFFF000BFFFD0010
000BFFF4FFF80047
FFFEFF9EFFEF0000
00000000FFFFFFFE
000900110005FFFD
FFFA000200090004
0001000BFFFBFFDE
FFFFFFFE00080003
0008FFF4FFFC0007
FFFD000700020001
FFDB00010015FFF0
FFFE0005000100E7
FFF7005EFFFF0003
FFF400000001FFE9
00040000FFDB0000
00010012000CFFEA
000DFFFE0007FFFA
0102024CFFBA0009
001A003AFFF80001
00000002FFFF0008
0005FFEAFFFF000C
FFDE0003FFEE0004
000501A7FFF2014E
FFD5FFFAFFF5FFFD
FFFF00F20001FFF2
FFF60000FFF3FFF9
00010005FFF5FFFF
FFFCFFFCFFFDFFFF
FFFF0003FFFCFFB3
FFFEFFFCFFFBFFFF
0002FFFEFFEC0003
FFFEFFEB00000001
000D000800020000
FFFF00050000001A
FFFF0044000000A0
0007FFE1FFFE0001
000CFFFDFFEF000E
00050006FFF80039
FFFF00010000FFF5
000600030002FFFC
FFFAFFFF0035FFEF
FFFFFFF60000FFF4
0009FFFDFFE7FFF8
0004FFF00002FFFC
0002FFFEFFFFFFFC
0000FFFFFFFFFFFB
00010005FFF0FFF3
FFF3FFFFFFDEFFFB
0000FFE10007FFF9
00000006FFEEFFF7
FFEF0004FFEAFFFC
FFF50032FFF5FFFF
000DFFF0FFFDFFE8
002BFFBF0007FFEC
0000FFFD000EFFFD
FFF70012FFF7000B
000D000C002B0008
0012FFFEFFF90040
000AFFB2FFFF0001
FFFF0016FFFFFFFE
0041FFFFFFD2FFD2
002300070003FFFA
00130008000EFFE6
FFF40093FFFBFFEF
FFFF000D00020004
0008FFF800030053
FFFCFF73FFFD0000
FFFF00000001FFFF
000D0008000B0000
00020004000E0005
0000000BFFF8FFDC
0002FFFE000F0002
FFFFFFFCFFFF0013
FFFB000500040001
FFF200030017FFF3
FFFD000200020133
FFF8002AFFFEFFEC
0001FFFF00010003
FFEE0000FFBDFFFD
00000001000EFFF2
000A00000006FFFF
0132049BFF960002
002C0036FFF80003
00000001FFFD0035
0002FFF10000FFFB
FFD70002FFEEFFEC
0006011DFFEF0053
FFF30002FFFC0001
000000AB0000FFFD
FFFAFFFC0000FFFF
0004FFFEFFF6FFFF
FFF9FFFC0004FFFF
0000FFFEFFFDFFA3
FFFFFFFBFFF8FFED
000DFFFFFFE7FFFF
FFFFFFE000080004
000D0008FFFF0001
FFFD000500040044
FFFE00330000005F
0000FFCDFFFF0000
00040005FFE8001C
00050007FFF7004F
000100010000FFF9
00020004FFFFFFFB
FFF7FFFF0033FFF9
FFFFFFF50000FFFA
0007FFFDFFF20006
0003FFED0002FFFE
FFFEFFF600050002
000AFFFEFFFCFFED
FFFE0006FFFAFFFF
0007FFFFFFDBFFF9
0000FFE7000BFFFB
FFE90006FFEEFFE5
FFF0FFFDFFF0FFF5
FFFD002EFFF60001
0002FFE8FFFFFFD5
0030FFD20007FFF0
0000FFFD0007FFFE
00010032FFF5000D
0002000000090008
000EFFFFFFFE001D
000AFFC1FFFF0000
FFF7000E0000FFFC
000C0000FFE3FFD8
0032000A0003FFE5
004E0003000DFFDE
FFEF00E4FFFFFFD5
FFFFFFFF00020010
0009FFFA000B0058
FFFEFF66FFFDFFFF
FFFBFFFF0002FFFE
00180002000BFFFA
00020006000D0000
00000007FFF8FFE4
00060000002B0000
FFFFFFFC00000013
FFFB000400030002
FFFD0004000AFFEB
FFFE0000000300F5
FFFA002C0000FFEA
000CFFFF00000001
FFF6FFFFFF9DFFFF
FFF9FFFF000F005D
0003000000080001
01230643FF960002
0008002A00000001
00000000000200BA
FFFFFFF50000FFFE
FFD80001FFE5FFE8
000000B3FFFB003E
0000FFF4FFFD0000
000100950000FFFA
FFF5FFF90002FFFF
FFFEFFFFFFFBFFFC
FFF3FFFC0007FFFF
0000FFFE0001FF8D
0003FFFF0001FFE1
00180000FFE2FFFB
FFFEFFDA00040003
000CFFFEFFF30001
FFFF0006FFFD007D
FFF5001D001B001E
0000FFBEFFFFFFFE
FFFB000DFFE20045
00020004FFF8006E
001E00000000FFFD
00010004FFFFFFFB
FFF8FFFF000EFFF6
FFF5FFF0FFFFFFFA
0005FFFBFFFC0002
FFFFFFF40001FFFE
FFFC000C00050001
000DFFFCFFF6FFE3
FFFE0005FFFAFFFE
000BFFFFFFE1FFF7
0000FFF30012FFF0
FFE30009FFF3FFF2
FFF1FFFCFFF3000B
0000001FFFF20001
0001FFDFFFFEFFCE
0045FFDC000AFFF7
FFFFFFFE000AFFFF
00180052FFF4000D
00000003000D0003
000DFFEBFFFF0009
0017FFCD00000000
FFF900130002FFFD
FFDAFFFF0000FFEA
0038000A0003FFD7
00C00000000AFFE8
FFEB012A00010008
0000FFFD000F0018
000BFFFA0011003F
FFFDFF52FFFFFFFF
FFFA00000003FFFB
0027FFFE000BFFF3
FFF90007000A0000
00070000FFFAFFF5
000C0001000F0000
FFFEFFFF0000000B
FFFF000400030000
FFFF00070005FFED
FFF4FFFC000300FD
FFFEFFFF0000FFC4
000AFFF60000FFFF
FFFB0000FFA2FFF8
FFF9FFFF000D0103
00040002000D0000
00870777FF93FFFC
000D003E00020000
00000000001001D0
0001FFF60000FFFC
FFCE0000FFEDFFE1
000300860000002D
0013FFED00000000
FFFF0077FFFFFFFC
FFFCFFF7FFFDFFFA
FFFC0001FFEB0001
FFF3FFFE0005FFFF
0001FFFD0000FFB1
0003FFFF0001FFC7
0008FFFFFFE7FFFC
0000FFE500170000
000D0002FFEA0000
FFFF00040004009A
FFF1001C0000FFFA
0000FFBD0007FFFC
FFF80013FFDE0056
FFFEFFFAFFF80057
004300010001FFFD
00000003FFFFFFF5
FFF60001FFFFFFFD
FFEAFFE9FFFE0002
0007000400010007
0003FFEF0000FFFF
FFFC009100040003
000FFFFDFFFAFFD2
FFFE0005FFF90004
0006FFFEFFEBFFF6
0001FFF60008FFED
FFD3000AFFF7FFED
FFF50000FFFC0004
00010024FFF20003
0003FFE7FFFCFFC9
001CFFF00006FFFE
000000020005FFFE
001B0098FFF2000E
00100000FFF60004
0003FFF3FFF6FFFD
0030FFE40000FFFF
FFEE00040001FFFD
FFA500010005FFEC
00490009FFFEFFB9
015FFFFB0004FFE6
FFE401850003002F
0001FFFD000FFFF4
000C00020012002E
FFFFFF4A00000000
FFF800080002FFF7
001F0000000AFFF5
FFEC00070007FFFF
00000000FFFCFFFD
0006FFFE00150000
FFFD0000FFF90006
FFFF00030002FFFF
FFF900060000FFE6
FFF0FFF9000100C6
0000FFFD0000FFB4
0016FFFDFFFDFFFF
FFFE0000FFB8FFF5
FFF4FFFF000701E1
00040002000FFFFF
000F07C3FFACFFFB
0004003400060000
FFFF0000004F0241
FFFBFFFC00000000
FFE40000FFE9FFE8
0000001D00290012
0016FFF0FFFFFFFF
00000050FFFFFFFD
FFFEFFF5FFF9FFF7
FFE90002FFFDFFFF
FFF100010004FFFF
000100030002FFCC
0006FFFF0002FFBC
00050001FFEBFFFB
0000FFF3002CFFFF
000AFFF4FFD10009
0000FFFE00030135
FFE50015FFFEFFFA
0000FFC60006FFF5
FFF0000CFFD50089
FFFFFFF5FFF80054
00BFFFF90000FFFF
FFFF0003FFFFFFF7
FFFE0000FFFB0001
FFCEFFE3FFFFFFFF
00000002FFFF0005
0000FFF9FFFE0000
FFFE021A0000FFFE
000FFFFBFFFBFFC4
FFFF0005FFFA0001
FFD5FFFEFFEDFFF5
0000FFFA0002FFE4
FFC40009FFFBFFF1
FFF300060000FFFE
FFFC0005FFC70002
0004FFECFFFFFFC9
0019FFFE00040000
FFFF000100000000
000300C7FFF0000E
003A0005FFEB0000
0004FFF4FFECFFF8
0032FFEF00000000
FFEE00040002FFFD
FF9C00010004FFF7
0033FFFFFFFAFFB2
0197FFF70002FFEB
FFE9016500050050
0002FFFD000EFFE2
000BFFFF00120040
0000FF4E00030000
FFFB00030002FFF8
001600000010FFF6
FFE0000600070000
FFF90000FFFEFFFF
FFE5FFFF000B0001
FFFD0000FFF20009
FFFF000400030000
FFE90005FFEEFFE6
FFFAFFF8000000DD
0000FFFFFFFBFFAB
001CFFFF00030001
00010001FFA9FFF8
FFF40004000802BE
000400030012FFFE
FFFE0603FFBCFFFC
0000002900050000
0000FFFF008802B1
0000FFFD00000003
FFE50000FFF1FFE4
000B00070049FFBD
000EFFF2FFFD0008
000000600000FFFF
0002FFF6FFF3FFED
FFF80001FFFE0001
FFFC00020002FFFF
000500030001001B
000500000002FFD2
00060002FFF1FFFC
FFFFFFF500250000
0004FFF3FFC40037
0000003E000200DA
FFDC002FFFF6FFFA
FFFFFFBF0003FFF7
FFEC0013FFDA0092
FFFFFFF4FFFB0030
0107FFF60000FFFF
00020001FFFEFFF8
00070004FFFF0002
FFC6FFE3FFFE0003
FFFF0001FFFF000C
0001FFFDFFFE0009
FFEA035F0000FFFF
000AFFFBFFFAFFC4
FFFF0005FFFAFFFF
FFA70000FFF2FFF5
FFFF00010002FFEB
FFC9FFFD0002FFF8
FFF90025FFFF0015
FFF90005FFED0000
0001FFF6FFFDFFCE
000F00090002FFFF
0000FFFC0001FFFB
000D0137FFF20012
00E00001FFD90000
0005FFF5FFDDFFF7
0029FFF3FFFF0004
FFED00000005FFFC
FF9200020010FFF7
0007FFFDFFF6FFB0
01D8FFF60000FFE3
FFF2015800040064
0002FFFD000EFFCB
0006000600120034
0000FF6200040002
FFFB000E00000005
000A0000000AFFFC
FFDB00030007FFFF
FFFB0000FFFEFFFF
FFD90000000DFFFE
FFFEFFFFFFE5FFFA
FFFF000800040000
FFD20006FFEEFFEF
FFF9FFFDFFFF00B7
00000001FFFEFFB1
0011FFFFFFFAFFFD
00020001FFB1FFFD
00110008000002D3
0004FFFF0011FFFF
FFEB0455FFD6FFFD
FFFC001600010000
0003000000E9024A
FFFE000B00000004
FFEFFFFE000AFFEC
0033FFFE0092FFEB
000AFFEFFFFB0011
0000005A00000001
FFFFFFEEFFF3FFE5
FFDA000100000004
FFF200040007FFFF
0003000400020036
0009FFFF0003FFCB
FFFF00030003FFFE
0004FFF900250000
0000FFEFFFB800DB
002A0010FFFD009B
FFC60043FFE80002
0000FFC00001FFFF
FFED0000FFDE0064
0003FFF4FFFE0022
00C2FFEDFFFF0000
000B0004FFFEFFFD
0019000500060004
FFB4FFE000000000
FFFE0000FFFB0011
0007000400020014
FFF40524000B0000
0007FFF7FFF0FFCE
FFFF0004FFFEFFFF
FF880008FFF9FFF8
FFFE00010006FFEE
FFD3FFFE00010000
FFF8004300000006
FFF4FFFEFFF40006
0000FFDE0000FFCD
00020010FFFEFFF6
FFFFFFF700040002
001000C4FFF80012
012C0003FFCF0000
0006FFF7FFE6FFF6
003DFFF40000000F
FFEAFFFF0005FFE5
FF920002001C0002
00460011FFF4FFA9
0207FFF40000FFD8
FFEA01A000050086
0002FFFF000AFFCE
0003000300100015
0000FF6E0008000A
FFFB000900030007
000F00000007FFFE
FFD800000001FFFB
FFF90000FFFEFFFD
FFD4000000080005
FFFE0002FFDBFFFB
0000000B00020001
FFC5000CFFF1FFE9
0003FFFCFFFF0097
00000002FFFEFFB7
000E0000FFFAFFF6
FFFAFFFEFFC4FFF8
00100001FFFC02FB
00030007000BFFFF
FFE802D6FFF4FFFF
FFF200320000FFFF
00040000011C024C
00000005FFF30002
FFE5FFFD0031FFEE
00360000006EFFF2
FFFC0001FFF90010
0000002C0000FFFF
0000FFF0FFE9FFDC
FFEEFFFF00000005
FFFD00030009FFFE
000400040001005D
0005FFFF0003FFBF
FFFF0004001B0000
00030000003EFFFF
0008FFF1FFB701A1
002E0024FFFE0079
FFC1005AFFE90007
0000FFD00000FFFF
FFE70001FFE70064
0001FFF9FFF70009
00EAFFF0FFFFFFFF
001F0005FFFCFFFE
001E000600010005
FFAAFFEF00020003
FFFFFFFFFFFA0008
0008000100010022
000806D6000A0000
0007FFF5FFE8FFCE
FFFF00040031FFFF
FFB4000AFFFFFFFD
FFF7FFFFFFF4FFE5
FFD2FFFF00050003
FFFE0041FFFE000A
FFF6FFFCFFE10005
0006FFE5FFFFFFD9
00000002FFF2FFEB
FFFFFFF400000003
0020007D00130012
024D0000FFA90000
0004FFFFFFE7FFF5
002BFFF8FFFE001C
FFEAFFFF0006FFFF
FF9A000300300000
0027007BFFEDFFB8
020EFFF1FFFFFFD8
FFF20126000100A0
0005FFFE0006FFC6
FFFF0003000D002E
0000FFA200030023
FFFC000000030000
000800020000FFFF
FFDCFFFFFFFEFFFE
0000000EFFFEFFF8
FFDDFFFF00070007
00020001FFE1FFFD
0000000D00000000
FFA40007FFF7FFF4
0007FFFC00020043
00000002FFFDFFC7
00120001FFFAFFDD
0000FFF7FFCDFFF9
00450001FFF60213
0003003F00010000
FFEF012100010001
FFF60014FFFDFFFE
0004000000F70133
00010007FFEA0002
FFF2FFF7002BFFF8
006B0001009B0002
FFF3FFFFFFFA000C
FFFF00270000FFFA
FFFFFFF0FFF4FFE0
FFE3FFFE00000005
FFFE000800080000
0004000600000035
000200000003FFC3
FFF9000100180000
FFFF00080025FFFF
002FFFF6FFB40321
007F000BFFFC0026
FFC10060FFDA0009
FFFFFFD6FFFD0000
FFE30000FFF9005F
0004FFF3FFF6FFFD
00FDFFEF00010000
00280008FFF60000
001E000300010006
FF99FFECFFFF0001
FFFFFFFFFFFB0005
0013FFFC000C003E
0016070700000001
0004FFF5FFF0FFDA
FFFC00010067FFFF
FF97001DFFFFFFFA
FFF8FFF5FFF5FFF5
FFDCFFFFFFFF0005
0006004BFFFF0009
000CFFFEFFEE0002
FFFDFFF9FFFCFFE6
FFF6FFFDFFF3FFDE
0000FFFB00030001
0017005000120012
02840000FF9FFFFF
00020004FFE7FFF5
002E00020006001E
FFF1000000040000
FFAE0001003A0001
004C00E2FFE8FFBB
01BDFFECFFFFFFDB
FFF500E40004006D
0004FFFD0005FFCC
FFFF0002000C000E
0000FFC700030048
FFFB000200060001
000300030000FFFF
FFD30006FFFE0000
FFFE0019FFFEFFFD
FFB500040000000C
00000007FFF2FFFF
FFFF000E00010000
FFA600060000FFF8
0014FFFF00020021
00000001FFFEFFDA
0002FFFFFFFAFFC3
001BFFECFFE60009
00460000FFEC01AE
0001005600010001
FFF5006B00010001
00060023FFEF0000
0006FFFF00B600B9
00010009FFE80000
FFFBFFFC008BFFF8
0072000200780005
FFF40001FFFA0009
FFFF00150000FFFB
0003FFF5FFECFFE1
FFD8FFFD00010004
FFFB000500090000
000300070004000C
000800000004FFD4
FFFA000000280002
FFFF000C001A0000
00C6FFF4FFC40369
00C40009FFFA0013
FFBB0056FFD8000B
0000FFD9FFFF0000
FFDA0005FFFF0074
0004FFF5FFF2FFF3
00E1FFF7FFFF0000
00610008FFFC0000
0015FFF500010006
FFA5FFECFFFF0001
FFFF0002FFFC0000
001B000100050068
004905E300000001
0003FFEBFFF3FFD4
FFFB00010078FFFE
FFA10013FFFDFFF3
FFF9FFECFFF1FFF4
FFE3FFFF00000003
001E0091FFFF0004
001DFFFDFFF50001
FFFBFFFFFFFEFFF2
FFE2FFF0FFF4FFCE
00010000FFF50005
0006001C00270012
02A7FFFFFFAAFFFF
FFFFFFFEFFFCFFFD
0018FFFE0005000A
FFFAFFF50003FFFE
FFBFFFF900490000
002A0187FFF1FFD0
0144FFF1000CFFE5
FFF4005200030028
FFFEFFFD0005FFD9
FFFE0003000C0011
0000FFDF0002003B
FFFE0002FFEBFFF9
000300050000FFFD
FFD30027FFFEFFFE
FFFF0069FFFFFFFA
FFAE0005FFFF000C
0000000600020001
FFFF000FFFF9FFFF
FFB000030002FFFA
0018FFFC000B000A
00000000FFFEFFF9
FFF50000FFFAFF91
001EFFEDFFF80008
00720000FFE500B0
FFFD00B3FFF90002
0000FFFAFFEE0001
001200240003FFFF
0009FFFF00A4002F
FFFA0009FFDBFFFF
FFFFFFFC0062FFFE
00DF000200260008
FFF00005FFF90003
FFFE000BFFFB0001
0002FFFDFFEEFFF3
FFE2FFFD00000003
FFFD000400080001
000000090003FFD9
0011FFF20002FFE0
FFFC000100160000
0000000400100003
008FFFFCFFDB041D
0074FFC9FFF20002
FFD20072FFE7000B
FFFFFFF7FFFFFFFF
FFE000030000005A
0002FFF3FFEBFFF2
0063FFFB0000FFFE
006C000CFFF00000
0000FFF600000009
FFB7FFEE00010001
000100030000FFFB
000200030003005E
001604B000000001
0000FFF60002FFEB
FFF80000008FFFFE
FFAD001EFFFAFFED
FFFAFFDFFFFAFFFF
FFF9FFFCFFF90007
0032003D00040001
00DBFFFF00000000
FFFDFFFFFFF8FFF2
FFCCFFE2FFEFFFCE
00000002FFEA0008
FFEA000200230013
01CCFFFEFFCCFFFF
004D00010008FFFF
0043FFFD00000016
FFFDFFDB0000FFFF
FFD2FFFE00660000
00290247FFEBFFFA
00B4FFF20003FFE6
FFF8000900020001
0000FFFC0005FFE1
001C0003000B0019
FFFF00230003004B
0001FFFFFFF2FFF7
FFFF0000FFFEFFFF
FFE800790001FFFD
FFFF0066FFFE0003
FFB100030001000C
00000005002D0005
0001000DFFFAFFFE
FFC900000003FFFD
0030FFFF00070007
00000000FFFD0001
FFF0FFFFFFFFFFEB
000BFFE0FFFF0011
006AFFFBFFFA0001
0008015400140002
00020001FFE4FFFA
0019000C000C0000
0003FFFF003DFFEC
FFE90007FFE50002
FFF50006009EFFFE
00A7000300080008
FFF30006FFF90000
FFFA0000FFFB0015
000C0005FFF7FFFC
FFEE0004FFFF0006
FFEC000300090000
FFF5000D0000FFAC
0017FFFB0002FFF5
0000FFFF0008FFFF
FFFF000000080005
01600000FFEB03C2
008EFFACFFE40003
FFE3008EFFE60012
0000000000070000
FFE6FFFF00000036
0000FFF6FFE2FFEF
004CFFFDFFFFFFF7
00530011FFF40000
FFF2FFD9FFFA0009
FFD5FFE6FFFFFFFF
00030008FFFDFFF3
00010008FFF60036
FFEB021A0007FFFF
0000FFF30005FFF3
FFF5000500DCFFF6
FFC30046FFFBFFD3
FFFBFFC70000FFFC
0005FFF800000002
00230035FFFFFFFA
01A8000000000006
0000FFFDFFFBFFF8
FFDBFFE6FFF8FFCC
FFFB0002FFDD0003
FFE2000200240012
00FAFFFEFFEAFFFE
0061FFF1FFDF0000
0025FFF600000007
FFFCFFAEFFFEFFFE
FFFAFFFD0050FFFF
FFFF02AEFFF10005
0020FFF60002FFF8
FFF8FFFB0000FFF8
FFF5FFF500060009
0043000700090004
0000002800080018
FFFEFFFEFFF7FFFB
FFFFFFFBFFFE0004
FFF0009800000001
FFFE0016FFFD0005
FFB60001FFFF000E
FFF8000200370001
FFFB0008FFFB0000
FFD000000000FFFE
002E0001FFFC0004
0000000DFFFDFFF5
FFFA00070000FFEF
0011FFF2FFFA0009
0047FFFCFFFFFFE7
005100FB00040002
0001FFFEFFE1FFF7
00230010000A0000
0013FFFE0021FFFA
FFE00013FFF00000
FFE80007010EFFFD
0053000400000009
FFF9000EFFF7FFF8
FFEB0026FFFB0028
001C000100000020
00000005FFFDFFFD
FFF30002000D0005
0000000E0004FFB3
001500000002FFFD
FFFFFFFD000BFFFE
FFFDFFFFFFFF0007
01740001FFFA0268
007DFFB1FFE10003
FFFD00E3FFF5000F
0000FFFE000EFFFE
FFF30001FFF1002D
FFFE0003000AFFF9
0011FFFFFFFFFFF1
0011000BFFE00002
FFF0FFDFFFF8000D
FFEDFFDDFFFFFFFF
0002000CFFEDFFDC
FFFFFFFE000D002B
FFBD005C00050004
FFFFFFF400010000
FFFB001300A80006
FFEF003DFFFBFFEA
FFFBFFC70010FFFE
0001FFF100000002
001200000009FFFE
01E9FFFF00000000
FFFEFFF9FFE9FFFD
FFDEFFF1FFF6FFD4
FFFB0001FFD80001
FFD3FFF4000F0010
000E00000008FFFE
009BFFF4FFBB0015
00200005FFFD0006
FFFBFFA3FFFFFFFE
002FFFFF0039FFF9
00110226FFFBFFE7
FFEDFFF80006FFF7
0000FFF7FFFF0006
FFF1FFFE00080003
006700040007FFFC
0000004F000B000A
FFFF0000FFFAFFFB
0003FFF3FFF60004
000200DAFFFD0003
00000000FFF90007
FFE1FFF80000000F
0000000000340000
00010009FFF8FFFE
FFF5FFFD00000001
00260000FFF3000A
0000000EFFFDFFE8
FFF4000B0001FFF2
0006FFFEFFF0000A
0041FFFFFFFFFFFF
00880075FFFBFFFD
FFFFFFFEFFDCFFFD
00190011000A0000
0003FFFEFFFD0005
FFF10010FFFF0046
FFDD0005009AFFFD
FFED0000FFFB0006
FFFC0003FFFBFFF7
FFDB0016FFF6003D
0027FFFF00010038
FFFEFFF9FFF8FFFC
FFF0000100090007
00050010FFF8FFB7
000E000000080000
000100020006FFFC
FFF7FFFEFFF70007
01320002FFFF00FC
0042FFB8FFDE0005
000A01350002000A
0000FFFD0010FFFE
FFFC0002FFCA002E
000E00010009FFF4
FFF800010000FFED
FFFC000BFFEF0005
FFFAFFD9000F000C
0002FFCD00000000
0000000AFFD8FFD3
FFF600030014000C
FF85FFEE00030021
FFFC001400000000
FFFC001A006D0007
FFFF0063FFFBFFEC
FFF9FFDE0014FFFF
FFFEFFEFFFFEFFFF
0012000000000000
0189FFFDFFFFFFFB
000AFFFEFFFC0000
FFE50002FFF7FFE1
FFFEFFFEFFDAFFFF
FFD5FFF700020008
FFD500000017FFFA
00C30000FF9B001E
0029000FFFFBFFFE
FFFEFFADFFFC0007
0033FFFEFFFCFFFE
000B011CFFFFFFDF
FFEC00020000FFF8
0000FFFDFFFD000C
FFF2FFE80011FFFE
0042FFF5FFFFFFE1
FFFF001A00030006
FFFF0003FFFCFFFE
FFFFFFE6FFFE0004
FFFD00F40005000A
0000FFFFFFF2FFF7
FFE8FFF6FFFE0001
00050000000F0007
00000008FFF8FFFE
0001FFFFFFF40000
00030002FFE6000A
00050000FFFFFFEB
00000006FFFEFFF8
00140007FFF50009
0009001BFFFB0006
00C8000CFFF9FFF3
FFF2FFFFFFD00008
00030015000CFFFF
FFFC000100020004
FFF80005FFFB005C
FFDE000A0007FFFE
FFCD000CFFFE0001
0001005FFFFEFFEA
FFCA0077FFFA001D
0022FFFAFFFB0023
FFFDFFFCFFF8FFFB
FFF4FFFF00030007
00240000FFFEFFF3
0000FFFB0007FFFF
000000010004FFFF
FFF10001FFF00005
00D2FFFCFFFF0055
001CFFCDFFCA0007
0026014C0008FFFF
0000FFFD00120008
00000003FFCF0008
002A00140005FFF8
FFE600010002FFE8
FFF3000CFFF00002
FFF9FFDC00440007
0001FFC700020000
00000008FFB9FFC4
FFF9FFFC000E0000
FF8DFFFD0003005A
FFFE0001FFFDFFFF
FFFF0018003C0006
0000002BFFFEFFF3
FFF7FFDF00110000
FFF900040003FFFD
0002000000060004
01A6FFFE0004FFFE
0073FFFCFFEF0000
FFEA0004FFFBFFF2
00000000FFE2FFFF
FFE0FFEEFFF50005
FFE30000FFF6FFE9
00620024FFAE0019
000D0024FFFEFFFF
FFFDFFB5FFFE0009
00350001FFDCFFF9
000E00600000FFC2
FFE800040002FFFC
0000FFFE0008000E
FFEEFFF80002FFFB
0045FFEE0000FFD0
FFFD00160000FFFF
FFFD000300000005
0000FFECFFFC000B
FFF7009B00050010
0000FFFFFFF3FFE5
FFEAFFF1FFFD0003
0005FFF80006000D
FFFF0006FFF9FFFF
FFFD0000FFEE0009
0000FFFFFFEA0006
FFFE00010000FFF0
FFFFFFF60002FFFB
000B0007FFFAFFFE
000F0041FFEC0010
008800000001FFE7
FFF80005FFF10010
FFFF0005FFFA0000
FFFF000000060006
FFF4FFFBFFF6004C
FFE50000FFFDFFFD
FFD3002A0000FFFC
FFFF002A0003FFEC
FFE5007300020011
0039FFF5FFE1FFE0
FFFD0003FFFCFFFB
FFF5FFFF00050005
001EFFFD00000021
FFFA00040006FFFD
0002FFFE00000001
FFEC0000FFEE000E
004DFFEFFFFA0004
FFF9FFE0FFEB0007
0003019700090002
0000FFFE000F0005
00050004FFE60002
003A000A0003FFF6
FFF400010002FFE2
0000000BFFF40003
FFFFFFF300AEFFFD
0001FFBE0001FFFC
00000001FFB5FFA6
FFFAFFFC0003FFFF
FF9B0006000000A8
FFC40001FFFEFFFE
FFFF0021000C0008
FFED001AFFFFFFFC
FFDF001BFFFD0003
FFFEFFFCFFFDFFFE
00020001FFFF0001
00B7000000000002
0126FFF80001FFFF
FFEE0001FFFCFFF9
0001FFFFFFEAFFFE
FFEDFFF0FFE90003
FFF60000FFEF0001
003D0037FFB4001E
00080020FFFEFFFB
FFFFFFC9FFFF0005
002A0000FFCAFFF5
000B00240002FFCD
FFF40004FFFFFFFE
FFFFFFFD0003000E
FFE9FFF50004FFF8
001EFFE50004FFB7
FFFD0012FFFE0000
FFFC0004FFFFFFFE
0000FFE8FFFF0001
FFE4008D00040009
00000000FFF6FFD0
FFF3FFF7FFFB0002
0006FFF8FFFD000F
FFFF0006FFF9FFFD
FFE9FFFEFFE80000
FFFDFFFEFFF4000C
FFFFFFF80001FFE8
0000FFFBFFFCFFFD
000A000FFFFBFFF9
00000060FFDC0010
0095FFFE0004FFDB
00010005FFF60010
FFEF000AFFFA0000
00000001000B000C
FFF2FFE6FFF40054
FFE9FFFF00120000
FFD800A90003FFFD
FFFE002DFFFFFFE1
FFE6007DFFFC0008
004CFFF7FFE2FFD5
FFFF00050000FFFD
FFF4FFFF00000007
0027FFFF00000029
FFFAFFF90003FFFD
0001FFFF00000000
FFE60000FFEE000D
00270000FFFAFFFE
FFF6FFECFFE6000C
FFFE01700009000D
0005FFFF000F0006
000A0003FFDE0000
002A00030001FFF9
FFF700000002FFE0
0002000AFFF40002
0002000000E8FFFB
FFFFFFEC00010000
0000FFFFFFA9FFB8
FFFEFFFFFFF9FFFF
FFAA0008FFFF007A
0000FFFFFFFFFFF9
FFFF0008FFFD000A
FFF9000A0007FFFD
FFF10016FFEB0004
FFF6FFFBFFFE0000
00000002FFF10001
0040000700010007
01DFFFF700000000
FFF5FFF9FFFCFFFF
00040007FFF8FFFF
FFEDFFF9FFE50005
0002FFFFFFDE000B
00010049FFB80024
000E0011FFFEFFF8
0001FFE0FFFC0005
005EFFFEFFC9FFE4
0013FFFC0007FFBD
FFF7000C0002000B
FFFFFFFB00000005
FFF6FFF10006FFF8
0003FFE60007FFAC
FFFC002BFFF40000
FFFF0003FFFEFFFE
0001FFE50000FFFF
FFE1003600050008
FFFF0000FFF8FFC7
FFF6FFF9FFFA0000
0004FFF2FFFC000C
FFFF0004FFF9FFFC
FFDCFFF3FFDEFFFD
FFFCFFFBFFF90024
FFFDFFF5FFFFFFEB
0001FFFDFFFFFFFF
00100001000CFFF7
00050086FFDA0010
001EFFFA0003FFDB
0009000000000013
FFF40006FFFD0002
00020000000F0004
FFF8FFCCFFF5004F
FFF5FFFF001E0000
FFDE0149FFFF0007
FFFE001F0002000A
FFE1009AFFF40009
004BFFF5FFE4FFBD
FFFD00060004FFFD
FFF7FFFF00050006
0017000100010010
FFF5FFFE0000FFFB
FFFF0001FFFC0000
FFFFFFFDFFE9000A
000E0000FFF70003
FFF40002FFE70000
FFFE016D00060050
0005FFFC000E0004
0006FFFEFFE20000
002AFFFE000BFFF4
FFF800000008FFE3
00030010FFFAFFFE
00060003012DFFEA
FFFFFFE600020000
00040004FFAEFFAA
00000000FFF6FFFE
FFA40007FFFF005D
FFF400000000FFF6
00000000FFFB0008
FFD8000000040003
FFEA0011FFE70006
0000FFFBFFFE0001
00020001FFEBFFFE
0007000700000005
0253FFFC0001FFFF
FFF7FFEE00000003
000500020000FFFF
FFF5FFF7FFE30004
0005FFFFFFCD000C
FFFF0039FFC20012
000F0010FFFEFFFD
0003FFEFFFFD0003
0048FFFFFFCBFFE2
0015FFFD000AFFC6
FFF6000B00020011
FFFFFFFA00000003
FFF9FFF70005FFFC
FFFEFFDF0009FFB6
FFFB001AFFF10001
00000003FFFFFFFA
0000FFEB0000FFFD
FFD8001C00030007
FFFF0000FFFBFFB8
FFFBFFFCFFFAFFEA
0004FFF2FFFE0016
FFFE0005FFFAFFFE
FFD7FFF6FFE6FFF9
FFFCFFFFFFFE0027
FFFA0007FFFCFFF2
0003FFFE00000000
000FFFF60004FFF8
00020047FFD4000F
001000000005FFD5
001FFFFB00030012
FFF0000B00010004
0003000200110003
FFFBFFC4FFEC003E
FFF7FFFF00200003
FFE7021200040037
FFFC000A00030005
FFE4006AFFFF0003
0038FFF5FFD7FFAD
FFFF0007FFFFFFFE
FFFA000100010006
001E0001FFFFFFF2
FFF1FFFE0000000D
FFFC0001FFF90007
0000FFFDFFEC0009
00010000FFF8000D
FFF70002FFF20002
FFFB011100000046
0006FFFC00070007
000AFFFFFFF0FFFF
0029FFFD000CFFF6
FFFD0002000AFFE6
0004000FFFFCFFFE
000800040171FFE3
FFFFFFEE00020000
00020000FFA2FFC2
0003FFC8FFF7FFFD
FFBE0009FFFF0056
FFEB0000FFFFFFF3
0000FFFFFFF80003
FFCE000000030007
FFE5FFFEFFE20006
FFFF0000FFFFFFFF
0000000CFFD9000E
FFFE000500010012
0191FFFFFFFFFFFF
FFFDFFE500030004
000600000002FFFF
FFFBFFFAFFE60005
0004FFFFFFD00018
0007004EFFC6002A
0005FFFCFFFEFFFC
0005FFFEFFFE0002
0059FFFDFFD3FFDF
001100010009FFCB
FFF8000B0003000F
FFFE000000000004
FFFEFFFF0004FFFF
FFFEFFE50007FFB7
FFFB000DFFEA0002
FFFF0005FFFFFFFC
0000FFF50001FFFD
FFDE000600050007
FFFF0000FFFEFFA5
FFFDFFFFFFF5FFFC
0002FFF20000004B
FFFD00030004FFFF
FFDBFFF5FFF3FFF9
FFFC000000000038
FFF8000AFFFDFFF3
0006FFFFFFFD0000
0013FFE60011FFF3
0004003FFFDD000D
0003FFFF0005FFDD
0058FFE8FFFA0012
FFF00006FFFF0003
FFF80004000A0003
FFF9FFBBFFF30017
FFFE000100100002
FFE902F7FFFE0073
FFFA000300220005
FFE000890001FFF9
002DFFF8FFDEFFA8
00010007FFFFFFFF
FFFFFFFF00000005
001600040003FFB3
FFEE0000FFFF000C
FFF90000FFF50008
0000FFFEFFEF0004
FFFF0000FFF90011
FFFDFFFDFFF2FFFF
FFF400AB000000D6
0007FFF800050007
000B0000FFF90000
0011FFFF0010FFF7
FFFE0001000AFFE8
00040010FFFCFFFB
000A00000177FFDF
0000FFF300010000
00060003FF9AFFC5
0004FFF7FFFBFFFE
FFDC000E0000002C
FFEB0001FFFFFFF8
00000004FFF80001
FFCFFFFFFFFD000A
FFEBFFFDFFD8FFFE
FFFF0000FFFFFFF8
FFFF000CFFD30020
FFFC001100000006
01810002FFFE0000
0003FFD500020002
0006000000040003
0000000EFFF0000B
00050000FFC7001A
000D0051FFCC0014
0004FFE6FFFF0002
00040000FFFD0000
00480000FFD5FFDC
000C00060008FFDF
FFFB000DFFFF000D
FFFDFFFF00000002
0001000200030004
0000FFF30011FFBC
FFFDFFDEFFE40003
FFFF000400000000
FFFF00000003FFFD
FFE3FFFA00050007
FFFF00090000FFA0
FFFF0000FFE90000
0001FFF100000013
FFFB000300000000
FFDCFFEEFFF7FFF5
FFFD0001FFFF0038
FFF50034FFF9FFFF
00010001FFFEFFFD
0021FFCD0005FFEB
FFFF002DFFD0000F
0000FFFF0006FFF0
004EFFF7FFE90010
FFEC0014FFFB0004
FFFA0004000A0006
FFFBFFB9FFEC0002
FFFFFFFF000C0007
FFF2032FFFFA00D9
FFFBFFFC004F0002
FFE800600008FFF8
0025FFF8FFE0FFA0
00020008FFFC0000
FFFF0002FFFA0005
000900050000FF81
FFF10001FFFF000A
FFF3FFFFFFEB0003
00000001FFFA0000
00030007FFF30013
FFFEFFFBFFFA0001
FFF5009600000120
0008FFFC00000004
000BFFF4FFFF0000
0014FFFC0010FFFD
FFFE0001000CFFE6
0004000CFFFFFFFA
000B00000130FFDE
FFFFFFFC00000000
00060003FF9FFFDA
0006FFD4FFFDFFFD
FFFB000D00000023
FFEF00000000FFFD
000000080000FFFF
FFD20001FFF9000C
FFF0FFF1FFD9FFFA
FFFF00040000FFF3
00000011FFD30004
FFFF000900000000
01830002FFFCFFF5
0001FFD300010000
00060001FFF70006
FFFC003AFFDF0009
000A0000FFC20029
00120049FFDAFFFB
0000FFD300000008
00020002FFFCFFFF
002D0000FFD9FFE2
000D00070007FFF1
FFFC000EFFFA0013
FFFCFFFFFFFF0001
0009000900030006
0000FFF50010FFD9
FFFAFFC6FFDD0002
FFFE000400010005
FFFDFFE30005FFFE
FFEFFFFA00060005
FFFF000BFFFFFF96
FFFF0000FFEEFFFD
0000FFF3FFFE0037
FFFC000200010000
FFE9FFF00000FFF2
FFFD000100000042
FFF20048FFFD0001
00060002FFECFFF9
0024FFC60000FFE8
FFFA0017FFE20008
0001FFFF0007FFF2
00350075FFCA0012
FFEF000BFFF70006
FFF5000400090009
0006FFC1FFF2FFFB
0000FFFE0009000B
000B02D5FFF5012B
FFF7FFF700530000
FFF500630003FFFA
0013FFFBFFE7FFB1
00010007FFFC0000
00000001FFFC0002
000100060000FF6E
FFF1000400020007
FFECFFFCFFEA0003
0000000100000000
0005000AFFFB0000
FFFFFFFDFFFC0013
FFFA0067000101A3
0007FFF0FFFD0003
000AFFEFFFFD0004
000EFFFDFFF8FFFB
000000020002FFEB
0003000A0000FFF7
0008FFFF0126FFE0
FFFE0002FFFF0000
00070001FFACFFE5
0008FFDDFFFFFFFE
0003000C0003FFFD
FFF80000FFFF0007
0000000B00030005
FFD60000FFFBFFFD
FFF1FFE4FFE3FFF6
000000070000FFE1
00000011FFCCFFFD
00010005FFFF0000
0140FFFEFFFBFFEB
FFFEFFCE00060000
000B0002FFE70007
FFF80087FFDF0009
000AFFFFFFC40028
0010003CFFE9FFF1
0000FFCD0000000C
00010002FFFD0000
00200000FFE2FFD3
0021000800080000
FFFE000EFFF80004
FFFB0000FFFF0002
0008001000030008
FFFFFFF6000DFFE2
FFFCFFB6FFDB0004
FFFF00020001000C
FFFEFFFD0006FFFF
FFFAFFFD00040003
0001000EFFFFFF97
00010000FFEEFFFF
0005FFF1FFFE005C
FFF4000100010000
FFE8FFEEFFFDFFF5
FFFF000000010043
FFF7007CFFFFFFFF
00090001FFE30001
002DFFBEFFF8FFF4
FFF6000F000A0004
0002FFFF000BFFFA
002F0175FFAC0010
FFF00017FFF60008
FFF4000300070002
0006FFC8FFFBFFFF
0000FFFD00070014
000C0301FFF80177
FFFAFFF000790000
FFF9002B0006FFFB
000CFFF7FFEFFFB4
00000008FFFAFFFE
FFFF0001FFFB0000
FFFF00070000FF64
FFF7000400090004
FFF2FFFCFFDD0001
FFFE000900000002
0008000EFFFE0000
FFFF000100000039
FFFB00530002019E
0006FFEB00050002
000BFFEFFFF50004
000FFFFDFFF80000
000200030003FFED
000200070001FFF7
0007000000E7FFEA
FFFE0007FFFF0000
00060000FFBCFFF3
0007FFDD0000FFFE
00000005FFE5FFFB
FFFE0000FFFE0004
0000000F00060015
FFD60001FFF4FFFB
FFE7FFD9FFE5FFF4
0002000A0001FFDE
FFFF0012FFDCFFFC
000E0004FFFCFFFF
000BFFF8FFFEFFE4
0004FFD00003FFF9
0004000DFFDE0004
FFF300CEFFD80008
000A0000FFC8002F
000E0020FFFAFFF5
0000FFCE0001000B
00000006FFFC0000
00050000FFDCFFD1
003400090004FFFB
0008000AFFFC0002
FFEB001A00040000
000D0009000B0010
FFFDFFF70001FFF4
FFFFFF95FFE50001
FFFD000000020013
FFFBFFF900070000
0003000300020002
FFFF00110001FFA5
FFFF0000FFF9FFFA
0000FFF6FFFF003A
FFFD000300020000
FFF0FFF8000EFFE7
FFFE000000010073
FFFB002CFFFFFFF0
00030001FFEE0001
0039FFC1FFE8FFFB
FFED0008000CFFF5
0003FFFF000AFFFD
00120332FFA4000B
FFF20014FFF6000B
FFF500010000FFF1
0001FFD00002FFFE
FFF8000100050011
000E03BBFFFC0102
FFFEFFF50048FFFE
FFFE00340002FFFD
FFFFFFFDFFFDFFC3
00140004FFFCFFFF
FFFF00010002FFFE
FFFE0004FFFEFF58
FFE7000000000000
FFFBFFFDFFE50000
FFFB0009FFFD0005
00070015FFFF0001
FFFF0004FFFD0059
0000002A000700D3
0008FFDF002EFFFD
0005FFF9FFE3001A
0012FFFAFFF7FFF5
000600010003FFFD
000100080001FFEC
0001FFFF006DFFE3
0000FFFFFFFF0000
0012FFFFFFF2FFF2
000AFFEA0001FFFE
0001FFF3FFE7FFF9
0006FFFFFFFF000C
FFFE000A00070031
FFEA0000FFEDFFF9
FFD6FFE7FFEFFFEE
00040009FFFEFFDE
00000011FFD70009
00020000FFFAFFFF
0068FFEEFFFDFFD3
0007FFD6FFFFFFFD
00030003FFE80005
FFF800F6FFE0000C
FFFB0004FFE6002E
000200000001FFFA
000DFFDB00020008
FFFB000BFFF9FFFF
FFCB0000FFCFFFEB
0043000A0007FFE9
0025000C00030002
FFDE00A3000C0001
000D000B00120002
FFFDFFFBFFFF0008
FFFFFF72FFF3FFFF
FFFA00000000FFFC
FFF900020005FFDF
FFFF000700010002
FFFE000C0000FFC1
FFF2FFF7FFFE0000
FFFEFFFA00000028
FFFE00070001FFFF
FFFA00000008FFDE
FFFDFFFE000000C2
FFFDFFFDFFFFFFD5
00060001FFFD0000
006AFFBBFFD60000
FFF2000100080002
00030002000C0000
FFE5053FFFAC0004
FFF9000FFFFB0008
FFF8000000070036
0000FFD3FFFFFFF9
FFF90006FFEE0003
0004025C001600A6
0002FFEC0008FFFE
000400400000FFFF
FFFDFFFFFFFDFFE3
0018FFFFFFEF0000
FFFEFFFE00010000
00010000FFFEFF5C
00030005FFFFFFF2
0000FFFDFFE7FFFC
FFF5000200080002
00090009FFF70000
FFFF0005FFF4007D
FFF5002700000030
0000FFDE0062FFFE
FFFB0004FFD00045
000AFFF3FFF6FFE9
001900000003FFFC
00000007FFFFFFE8
0008FFFE0013FFE9
FFFAFFFDFFFF0000
000EFFFF0012FFF6
0008FFEDFFFEFFFF
000400140002FFFD
000D000000000003
FFFF0009FFFF002A
0002FFFFFFFAFFF7
0000FFEE0000FFE8
FFED0008FFDCFFE6
FFFF000AFFEB000B
0008FFFFFFF10001
FFFCFFF0FFFCFFC0
0003FFEAFFFD0000
00020004FFE2000C
000100B9FFF5000F
FFE8004FFFF70020
0001FFFAFFF5FFFA
001EFFE200010006
FFF7000500000000
FF9E0001FFDFFFE8
0069000A0007FFD9
0046000800010000
FFDE01440008000B
FFF700110012FFD7
000AFFFFFFFF000A
FFFFFF74FFEFFFFF
FFF500000000FFF8
FFFD00010005FFF5
FFFE0009FFFFFFFF
FFFB0009FFFEFFF4
FFEBFFF9FFFF0001
FFFDFFFC00000022
FFFF0007FFFDFFFE
FFFF00000004FFDF
FFFAFFFFFFFF0088
FFFFFFF7FFFFFFC2
0010000300010000
0055FFD8FFD40001
FFF5FFFF00030016
00020002000C0001
FFDE066BFFA10002
FFFF0018FFFE0003
FFF9FFFF002600BF
0001FFDEFFFFFFFA
FFF2FFFFFFE80002
000100E600270040
0001FFF60000FFFD
00020030FFFEFFFD
FFFB0000FFF7FFF7
001DFFFCFFF20001
FFFBFFFF0001FFFE
00010000FFFEFF64
00060009FFFFFFE5
FFFE0000FFE9FFF5
FFF5FFFE002B0000
0006FFFFFFE7FFFE
FFFF0005FFFC00F6
FFEB0020FFFFFFFC
0000FFCE00370003
FFF70004FFD5004D
0002FFF1FFF8FFFC
003AFFFE0003FFFD
FFFF0004FFFEFFEA
0033FFFAFFF6FFF1
FFF7FFFFFFFF0000
000C000100160003
0004FFF0FFF90001
000400890001FFFA
000EFFFF0000FFF7
00010009FFFB001B
0002FFFEFFFDFFF7
FFF6FFE90007FFE8
FFE30004FFDAFFE7
00010002FFF4002E
00020000FFED0001
FFFFFFEFFFFDFFCB
000AFFF8FFFC0001
00020000FFEF000D
00170059000A0010
FFF1001200000008
0003FFF2FFE7FFFE
0033FFF1FFFF0003
FFF00001FFFA0000
FF840002FFEDFFFF
003500080003FFD4
008E00030005FFFB
FFEA019E000D001D
FFEF0001000FFFDC
0009000300000005
FFFFFF6CFFFB0009
FFF50005FFFF0001
FFF900000004FFFC
FFF8000AFFFF0001
FFFA000000010009
FFDDFFF100000005
FFFDFFFFFFF0000E
FFFF0006FFFE0000
FFFA0007FFFAFFDF
FFF9FFFEFFFD009D
000000000000FFBB
0009FFFDFFFDFFFF
0042FFF5FFE7FFFD
FFFA000000040094
0001000A000F0000
FFF005A8FFC6FFFF
0000000E00010006
0000000000850153
FFF7FFE7FFFFFFF3
FFF70003FFEC0007
FFFE006800270010
0000FFF3FFFDFFFD
00000054FFFF0000
FFF9FFFDFFDD0001
FFDB0001FFF70000
FFF8FFFD00010002
0002FFFDFFFCFFAB
0001001D0000FFE0
000900000003FFF3
FFFBFFF7007C0000
FFFD000EFFD30019
00000000FFFA0108
FFDE0019FFF4FFF2
FFFFFFE300260007
FFF20006FFD7008C
0000FFECFFFAFFDD
0030FFFD0002FFFF
FFFD0000FFFCFFEA
00B3FFFEFFEBFFFE
FFDCFFFCFFFD0000
0008FFFF00160001
FFFF000700000001
00020289000D0005
000FFFFDFFFFFFF3
00000006FFFF000F
FFF1FFFFFFFDFFF9
FFF2FFF50016FFF5
FFD90002FFEFFFFC
FFFE0001FFFC002D
FFFE0005FFF00002
0001FFF9FFF9FFD4
0007FFFDFFF50000
0001FFFFFFF8000C
002A001E0013000D
003D001B00000005
00030001FFE7FFFE
003AFFFE00000000
FFEFFFF0FFFD0001
FF760007FFFD0000
006100060000FFC9
00950004FFFCFFF8
FFEC01A40004002E
FFF1000C0009FFD3
000800010008FFFD
FFFFFF7FFFFF0004
FFF30001FFFFFFFD
FFFB000000000002
FFFB0008FFFB0001
FFFF00000004FFFF
FFD8FFF7FFFFFFFF
FFFC0000FFE5FFFF
FFF90005FFF80002
FFED0006FFFDFFC8
FFF9FFFDFFFC0088
00000004FFFFFFB8
000F0003FFF9FFFA
00250000FFEEFFF7
000600000004008A
0001000000070000
FFFA051CFFE8FFFD
FFFE000700010003
0000000000D6012C
FFF7FFEEFFFF000E
FFFE0000FFF00005
00020011001CFFFD
0000FFF6FFFB0009
0000004700000000
FFF4FFFBFFE00002
FFB40000FFF5FFFF
FFF9FFFF00010003
0002FFFDFFF4FFE7
FFFD002CFFFFFFE2
000300000005FFF6
0001FFFA00C5FFE6
FFEB0002FFD30016
00000000FFFD00C9
FFE2001FFFF10000
FFFEFFEA00160005
FFEF0007FFE20074
FFFFFFE7FFFCFFE6
001AFFFEFFFFFFFE
0001FFEFFFFEFFF1
0107FFFFFFEF0000
FFD4FFFFFFFE0000
0006FFFF00180002
0000000600050003
FFF603A400030007
000AFFFFFFFFFFF8
00050009000A0017
FFDF00020000FFFE
FFFAFFF20029FFF1
FFC9FFFDFFF40000
00090004FFFF0011
000B0000FFEC0007
FFFAFFFEFFFEFFDB
00050000FFF3FFFC
0001FFFF00020009
0035FFF600380009
01320003FFF50000
00010000FFE5FFFF
004300000003FFFF
FFEAFFF5FFFF0006
FF6D0008FFFAFFFF
007400010003FFD1
009A00000000FFF2
FFEE017300020036
FFF6000B000AFFD1
00010006000DFFF7
0000FFC40002001D
FFF300000001FFFF
0000FFFA000BFFFE
FFFE000900010002
00000000FFFFFFD7
FFEB00010001FFFF
00000000FFCDFFF9
FFF60006FFF70002
FFEC0006FFFEFFD6
FFFC0002FFFA0062
0002000BFFFEFFBA
00140002FFF5FFF5
0007FFFEFFF8FFE1
000E00000002006C
0001000100030001
FFFC037DFFFEFFFF
FFF7001800000002
0000000000CA00E5
FFFB0001FFFF002C
FFFE0000FFF30006
00030000000FFFF7
FFFEFFF8FFF9000B
FFFB0068FFFEFFFF
FFF3FFEBFFE1FFF4
FFA50001FFFE0009
FFF7000000010001
00030005FFF6000E
FFFA000B0003FFE9
00020000000C0000
0005FFF700E4FFFB
FFE1FFFEFFC000B4
00000015FFFD00D9
FFD6001DFFDA0003
FFFCFFDF0000000C
FFF10005FFF5007C
0000FFF60000FFE8
0008FFFBFFFF0000
0002FFF1FFFEFFE1
01A0FFFFFFEAFFFE
FFCCFFFDFFFFFFFC
0005000000020001
000200130006FFFF
FFFF044E00050004
0008FFFEFFFFFFFC
000300050053FFFE
FFD300040001FFF9
FFFDFFFE0033FFF8
FFD4FFF9FFFD0001
FFFE000800000013
002EFFFEFFEE0006
FFF8FFFCFFF7FFE9
FFFF0000FFF7FFFB
0000000000010009
0016FFF30036000D
01FA0002FFECFFFE
0000FFFFFFE7FFFF
0081FFEC0005FFFF
FFEBFFFFFFFF0005
FF6A0004FFFAFFFE
0052FFFF0000FFD7
00C0FFFE0004FFE2
FFF600FF00080010
FFEE0001000AFFD7
000100040010FFF9
0000001C00040040
FFF900000003FFFF
0000FFFC0005FFFF
FFFF0002FFF60004
FFFFFFFF0002FFD0
FFED000000000000
00010000FFC50000
FFF00006FFF10001
FFEC0004FFFFFFDA
00000004FFFA002B
0005000FFFFDFFD8
000C0000FFECFFED
001EFFF9FFFDFFDD
0001FFFFFFFE0046
0008000D00000004
FFFD0181FFFDFFFA
FFF5002100000000
FFFF0001010200B4
0002000A00000064
FFFFFFFF00000005
000AFFFF0007FFF8
FFFE0000FFF90008
FFFA0071FFFFFFFE
FFEEFFEEFFDFFFEF
FF88000FFFE1000A
FFF8000000050002
00030005FFF10025
FFF200070002FFF0
FFFFFFFD000D0005
0009FFFD0103FFFB
FFEBFFFFFFC90151
FFFD002AFFF50041
FFE20022FFDC0004
FFFCFFE50000001B
FFF00000FFFC0045
0001FFF10000FFE9
FFF60000FFFF0000
0014FFF4FFFCFFE0
02250000FFE4FFFE
FFDCFFF900010000
0007000000010003
0004001B00180001
FFFF03B7FFFE0003
000FFFF3FFFEFFFD
000400040132FFFE
FFD500090000FFEF
FFFE00030027FFFF
FFE50003FFFEFFFB
FFFF004E00000009
00CCFFFDFFF30005
00000000FFF9FFEB
FFE5FFFBFFF8FFE3
0000FFFE00070008
FFCB000700450009
02310003FFEBFFFD
00300008FFF5FFFE
0078FFFF000C0002
FFF2FFFB00040001
FF8BFFFFFFFA0000
00CD000F0003FFF5
002EFFFF0006FFE5
FFF6009F00040007
FFFC00000009FFD6
FFFC0005000FFFFD
0000008E00030088
FFFF00000000FFFD
0001FFF8FFFC0001
0003FFFFFFF80001
FFFF00090008FFCF
FFFCFFFD00000004
00060006FFB80002
FFF5000EFFED0002
FFE900050000FFE0
00010005FFF90028
000B0011FFFDFFF5
000B0000FFEAFFCA
0000FFEB0000FFDA
0003FFFFFFFF0007
0008004A00080004
0006003FFFE6FFF9
FFF8001800080001
FFFC000000C80031
FFF70003FFFF00F3
0007000000120001
000800020001FFFE
FFFE0002FFFA0009
00000046FFFFFFFE
FFEB0001FFECFFE7
FF890001FFFB000B
FFFB00000000FFFD
00020008FFED0020
FFEB0005FFFFFFF5
FFFEFFF9000F0008
000800000139FFF8
FFF00000FFD701D7
FFFB0004FFEB000F
FFE20028FFCC0003
FFFCFFF1FFFB0025
FFF90000FFFE0041
0005FFF2FFFEFFDF
FFE4FFFFFFF7FFFF
0015FFF40002FFFA
01D5FFFDFFEC0004
FFFEFFFD00000001
0009FFFF00160002
0001000A002B0000
FFF3029FFFFC0000
0004FFF2FFFC0000
0000000102480000
FFD40008FFFEFFED
000000030069FFFF
00120007FFFEFFF3
0014005400000009
0280FFFDFFF50004
0000FFFFFFF40000
FFDFFFFB0006FFE6
0000FFFDFFF80007
FF93000C002F0004
01750002FFEBFFE3
01BA0002FFFAFFFD
005EFFFD000D0003
FFFDFFF200030001
00000000FFFB0001
0074001900090005
0018FFFD0008FFEA
FFFE003500010000
FFFC000000060016
FFF700020010FFFE
000000A80003002C
00010000FFFE0001
0001FFF9FFED0003
0008000BFFF9FFFF
FFFF0000000AFFC7
000FFFF600000005
00030000FFC40001
FFEE0010FFF00000
FFF60006FFFEFFEE
FFFF0000FFF80006
00020011FFFE0005
00070005FFE9FFF5
FFFAFFE4FFFAFFD7
FFFD0001FFFEFFFE
0003006E00090001
00040000FFD8FFFA
FFF70014000D0000
FFF8000200530003
FFF00008FFFF01A4
0006FFFF000FFFFF
FFFD000000000001
FFFC000000090004
FFFF001DFFFE0003
FFF20004FFFFFFE7
FF9E0002FFFE000C
FFFDFFFE00010000
FFFFFFF8FFEBFFDC
FFFD0003FFFFFFFB
0002FFF8FFED0006
0004000500A8FFFE
FFFB0000FFE80174
FFFE0004FFDFFFFF
FFF8002CFFE00001
FFFDFFF5FFFB002E
FFF9FFFFFFEDFFFD
00290003FFFDFFF3
FFEFFFF90000FFFF
0019FFFCFFF3FFFC
017EFFFCFFE80002
0060FFFDFFFF0000
FFFEFFFC00160002
000D000C00210002
FFDB00D1FFF4FFFA
FFFCFFEBFFFDFFFA
FFF9FFFF02DB0000
00040006FFFEFFEF
FFFF000C0043FFFE
0037000CFFFAFFEB
FFFF003A0000FFFC
0393FFFEFFF8000C
FFFEFFFFFFF40008
FFDCFFF90005FFE9
0000FFFCFFF50002
FF89000B000DFFFE
00E20002FFE10001
02D6000200020018
0045FFFE000E0022
0001FFE70005FFF8
00180001FFFB0000
0068001B0006FFFF
FFFBFFFE0003FFF7
0002000B00000004
FFFF000000010008
FFFA00000010FFFD
0001008300010030
0002FFFFFFFB0001
00000006FFDD0005
FFF9001AFFF90004
FFFF00030008FFE2
001FFFF800000008
00040003FFD60000
FFF0000EFFEE0001
FFF40002FFFEFFFC
FFFEFFF1FFFA0002
0004000DFFFC0006
0006000AFFEEFFF5
FFF8FFD9FFF8FFE3
FFF90000FFFDFFFD
FFFF005C001CFFFC
00040001FFDDFFFD
FFF5001000100000
FFF80000002E0002
FFE9000600000157
000700000023FFFF
FFFE000300000003
FFF9000100070002
0001001EFFFF0000
FFFA00060002FFE3
FFBD0003FFFF0008
0000FFFE00000002
00010005FFF3FFB8
FFFBFFFFFFFDFFFF
0003FFFEFFF20006
00030009007DFFFE
002C0000FFF300E9
000EFFF5FFDD0001
0008002BFFDC000D
FFFFFFF300050003
FFFBFFFFFFCE0000
001E0004FFFDFFF6
FFF5FFF00000FFFE
0019FFFCFFF2FFFF
0118FFFEFFF80004
0059FFF9FFFE0000
FFFDFFFC0015FFFF
0003FFFE0014FFF7
FFBCFFF9FFF1FFFF
FFF5FFE9FFFDFFFB
FFF3000002D60005
001A0009FFFFFFFD
FFFF000500490000
004E0026FFFCFFE9
FFFE0021FFFFFFE8
0391FFFEFFFF0009
FFFDFFFBFFF6000C
FFDDFFF80001FFE7
FFFCFFFCFFFF0000
FF630009001BFFFD
00830000FFF7FFFF
02F8FFFE00030018
002FFFEA000E0026
0001FFC40000FFF8
0020FFFFFFED0000
0056003F0005FFF1
FFF8FFFA0002FFFA
0001FFF9FFFF0009
FFFD0000FFFF0007
FFFEFFF90002FFFB
0002008C0004006F
000100000000FFFF
00050003FFE50004
FFF5003CFFFEFFFD
FFFE00020003FFDA
0017FFF200000006
00040005FFD80002
FFFA000C0000FFFF
FFFC0000FFFFFFF3
0001FFFBFFFB0001
00200007FFFA0002
00040011FFF2FFF6
FFF6FFDDFFDFFFE3
0003000BFFFF0000
FFFA005A0005FFF8
00070000FFDCFFFF
FFFA0009000C0000
FFF3FFFF000A0006
FFE30012000001EF
0004000000210000
FFFDFFFE00010003
FFF9000000080003
0000002000000009
FFF5000A0004FFF3
FFD800020000000D
0000000000000006
0000000EFFEEFFB2
FFFCFFFF00010000
0004FFF4FFB30007
00030007002DFFFC
00300000FFF90099
0010FFE8FFE10000
000F0041FFE7000D
0002FFF8000D0004
FFFFFFFEFFCCFFF8
001A0014FFFEFFF8
FFFAFFF80000FFFE
0008FFFDFFF4FFFF
0109FFFA00040005
0069FFF5FFFC0000
FFFE0004000AFFFE
FFF9FFF6000CFFF9
FF9EFFBFFFF30007
FFE5FFE6FFFEFFFE
FFFC000802A70003
000B000CFFFFFFF7
0000000E0032FFFE
00180032FFF6FFE2
00080012FFFFFFF2
0478FFFF00000007
0004FFFBFFE5000C
FFDAFFFEFFF8FFEE
FFFDFFFBFFE90001
FF6800090023FFFC
00460000FFFDFFFA
037BFFFD0003001B
0027FFF5000E001A
0003FFB6FFFEFFF9
0047FFFFFFEB0001
0036002D0004FFEE
FFFBFFFE0001FFF6
0001FFFA0001000F
FFFF0000FFFF0001
0000FFFEFFFD0002
0001006100020089
FFFE00010000FFFE
00000005FFEF0003
FFDF00860004FFFB
FFFF00010005FFE6
000CFFF500000007
0004FFFEFFE30002
FFFA000C0007FFF6
00010000FFFEFFFA
0001FFE9FFFEFFFE
00300004FFFBFFFF
00050014FFF7FFF8
FFFBFFE3FFDDFFF0
FFFD0017FFFF0004
00010030FFFEFFEC
0004FFFEFFDE0006
FFFF0009000B0000
FFF1FFFFFFFE000C
FFE100070000021F
00020000000CFFFF
FFFD000300020000
FFF7FFFC00090000
0000004500000009
FFF60029FFFEFFFB
FFE700050002000E
0000FFFDFFFA000B
000BFFFEFFF3FFBF
FFFEFFFE00040001
0005FFF8FFC00004
000100050010FFFE
003D0000FFFE004F
0005FFEAFFCF0003
00220052FFEE000C
0001FFF600100009
0000FFFEFFAEFFF4
003600070000FFF6
FFFEFFF1FFFEFFFB
FFFFFFFFFFFCFFFF
0088FFFA001B0002
0047FFF1FFFB0000
FFFFFFFFFFFAFFF5
FFFDFFF4000EFFF1
FF96FFD0FFF80013
FFF2FFD9FFFFFFFF
0001001602700004
00140006FFFFFFEB
000000110037FFFE
001F002FFFF7FFE4
0001FFFF0000FFEC
048FFFFF00000001
0015FFF7FFEC000B
FFE00005FFF6FFFA
0000FFFCFFD4FFFF
FF9B00090010FFFC
0012FFFFFFFCFFF5
02B1FFF9FFF70043
0029FFF8FFFD0021
0002FFC30000FFFA
0065FFFFFFE5FFF1
002600170004FFD9
FFFA00020000FFF6
0001FFFF00080010
00000000FFF80000
0006FFF8FFFDFFFD
FFF4008D00010062
FFFF00010000FFFF
0000000EFFDA0003
FFDA00890009FFFB
FFFFFFFF0002FFF1
0016FFF500000009
0004FFFBFFEF0000
FFFB000B0009FFF3
0000FFFFFFFBFFF1
0001FFEB0000FFF9
002BFFFFFFFAFFF7
0000FFFBFFF5FFFB
FFFEFFDEFFDBFFF3
0000003000000005
0006FFFEFFFFFFE3
FFFBFFFFFFEC0008
FFF900010005FFFF
FFEEFFFEFFFC000D
FFF00008FFFF0215
00000000FFF6FFFF
FFFD000500020000
FFF20005000A0000
000000760000000C
FFF70007FFEF0002
FFF700030005FFFE
00000002FFF70009
0010000AFFFCFFBE
FFFEFFFD00070000
0004FFFEFFDD0003
000400060000FFFF
00370001FFFF001C
0012FFDDFFD70002
005B004500020009
0003FFEB00120007
0004FFFEFFA6FFF6
001400050004FFF5
FFFCFFECFFFDFFF9
FFFDFFFEFFFBFFFF
0050FFFD0038000A
0018FFE9FFFC0000
FFFFFFFFFFE4FFF8
FFFF00000000FFFB
FF7BFFF5FFFE0030
FFE1FFDD0000FFFE
00010005017C0006
000C00070000FFED
0000000A00320000
0021002DFFFAFFEA
0001FFFD0001FFF2
03A5000800010000
0050FFEEFFF00004
FFE60004FFFBFFF6
0001FFFBFFDD0000
FFAE0009FFFEFFFD
FFE8FFFF0000FFF9
01CFFFFDFFF50067
001EFFFCFFFE0015
0003FFC60000FFFB
0082FFFFFFDAFFF3
003600070006FFD7
FFF90005000AFFF5
FFFFFFFD00050010
0000002BFFF80000
0001FFF80000FFF8
FFF600FE00010034
FFFF00020002FFFF
00010007FFE90003
FFD90064000CFFFF
FFFFFFFD0001FFFC
0011FFF50000000A
0005FFFBFFF70000
FFFD000A0009FFFC
FFFF0000FFFEFFF4
0001FFEF00010003
00320001FFFBFFF5
0001FFF7FFFCFFFB
FFFBFFEAFFF0FFF9
0000005F00010006
0005FFF30006FFD9
FFF70000FFFC000A
FFFE0002FFFEFFFF
FFF0FFFF0001000B
FFF8FFFE000F0299
0000FFFFFFF0FFFF
FFFD001B00070001
FFF20001000A0000
0000007FFFFF0002
00080012FFE00005
FFFCFFFF0002FFFD
FFFF0001FFF70008
0016000AFFFDFFDD
FFFEFFFF00080000
00050000FFE80005
FFFB0008FFFCFFFE
FFF6000100000006
FFFFFFEFFFD7FFFE
0005007600040001
0002FFEB00120000
0004FFFCFFAEFFF8
0007000D0008FFF4
FFF9FFF2FFF9FFF8
0001FFFFFFFE0000
000FFFFB00580006
000DFFDFFFFC0000
00000000FFDBFFF0
FFF8FFFFFFFAFFF7
FF92FFFAFFF9002E
FFF3FFE90000FFFF
0000000500EC0006
000200050001FFF3
00010010003F0001
0017001DFFF5FFE7
0000FFFF0000FFFE
0340000B0001FFFF
007CFFECFFF70002
FFEF0008FFFC0002
FFFEFFFDFFE10001
FFA60009FFF1FFFD
FFF4FFFF0005FFF7
0161000EFFE60091
00020016FFFEFFF6
0003FFD1FFFF000B
005BFFFEFFE20002
0019FFFE0004FFD7
FFF9000A000CFFF3
0000FFFF00040010
FFFF000AFFF9FFFF
0007FFF9FFF4FFF8
FFDF00C20000000C
FFFE00020001FFFD
00000011FFF2FFF7
FFD00040000B0001
FFFFFFFD0000FFFF
000CFFF6FFFD0000
0005FFF6FFFFFFFD
FFFE00080003FFFD
FFFBFFEFFFF6FFFA
0002FFFB00010007
001F000DFFFAFFEF
0002FFEE0000FFFE
FFFE0002FFF3FFFD
0000005A00010007
0006FFFF000BFFD9
00170006FFFE000A
0000FFF4FFFEFFFF
FFEA00010008000C
FFFDFFFD000F023B
0000FFFDFFF9FFFF
0000005F00090016
FFEE000F00050001
FFFE00B70000FFF9
00220007FFD1001C
FFFFFFFDFFFFFFFE
00040002FFFD0007
000A00060000FFFC
FFFFFFFB0008FFFF
00040001FFF1FFFF
FFF70005FFF2FFFF
FFE60000FFFE0000
0000FFF1FFF10002
FFEB008400050000
0006FFE5000FFFFF
000DFFFCFFABFFF9
FFEC0000000FFFF8
FFFFFFF7FFF7FFF3
00060000FFFC0000
0002FFFE00A10005
FFF7FFDCFFFF0000
0000FFFEFFCBFFF4
FFFC0000FFF6FFFB
FF9900030000003F
FFEEFFFD0003FFFE
00000000005A0009
FFFA00030003FFFC
0002000E00070004
00030011FFFCFFF1
FFFFFFFE0000FFFD
00DD001A00010000
00F0FFED00020001
FFF4000300000003
FFFEFFFEFFEF0001
FFBC000AFFE7FFFD
FFFBFFFF0001FFF8
00980010FFDF007E
00040006FFFEFFF4
0003FFDBFFFE000B
0085FFFDFFDC0001
0017FFF90005FFD5
FFF7000B000FFFF5
000000000004000E
FFFDFFFDFFFA0000
0002FFEFFFF3FFEC
FFE40100FFFF0002
FFFF0001FFFDFFFE
00000005FFFFFFF8
FFD9003800050002
FFFFFFFD0000FFF8
0014FFF1FFFA0000
0004FFF20000FFFE
FFFE00080001FFFA
FFFAFFFCFFF6FFF9
0002FFFB0001000E
001900000001FFEA
0001FFF6FFFFFFFF
FFFD0009FFF7FFFF
0000006A00000005
0005FFFD000AFFCD
001E0004FFFE000A
0000FFFCFFFFFFFF
FFF4000100090009
00000000000E028B
FFFFFFFEFFFFFFFF
FFFF007A000A0022
FFEC000E00010001
FFFC00980004FFF9
00150006FFCC0005
0000FFFB0000FFFE
00040001FFFD0007
00080008FFFF000E
FFFFFFF80008FFFE
00030001FFF90000
FFEF0003FFEF0000
FFE80002FFFB0001
0000FFF9FFF0FFFE
FFEE00890007FFFF
0005FFE4000F0001
000EFFFCFFB0FFE4
FFF0FFFF0011FFFD
FFFBFFFEFFF4FFEA
00060001FFFA0000
0000FFFE00C90002
FFF8FFD100000000
00010001FFCBFFE7
FFFD0000FFF0FFFB
FFAA00020000004B
FFE7FFFF0005FFFC
FFFFFFFF00220009
FFF400040003FFFF
00000019FFFD0004
00040012FFFBFFF2
0000FFFEFFFCFFFB
00AD002000000001
0114FFF400050001
FFFBFFFE00070005
00010002FFF80005
FFE2000DFFE3FFFC
0001FFFF0006FFF6
0004001CFFE300A9
FFFCFFF3FFFEFFEF
000FFFF100000009
0049FFFDFFD5FFFC
000AFFFB0004FFD1
FFF8000C0010FFF4
FFFF00000002000F
FFFB0002FFFAFFFF
FFFFFFF9FFE8FFF5
FFD50129FFFCFFFF
0001FFFFFFFDFFFE
000000250000FFFE
FFD1001A00060001
0000FFFA0000FFF1
FFFFFFFCFFFE0002
0003FFEF00020000
FFFF00030005FFFD
FFFBFFFDFFFBFFFD
0002000000020019
001400120001FFEB
0003FFF400000000
0001001E00030001
0001008300010001
FFFEFFF9000AFFC7
0026FFFB0000000F
FFFFFFFCFFFFFFFF
FFFC0001000A0008
FFFBFFFA000C020A
FFFFFFFA0001FFFF
000200EB000B0057
FFE90013FFFDFFFF
FFFA00B70003FFF6
00400005FFBEFFF7
0000FFFB00000000
0002000200010004
0003000AFFFD0037
00000008000AFFFD
00030001FFFFFFFF
FFE80000FFF1FFFF
FFDC0000FFFA000A
FFFFFFFCFFF5FFF9
FFEF00A800050001
0003FFD2000E0004
000EFFFCFFC1FFEB
FFF5FFFE0012FFFD
FFFBFFFFFFF6FFEB
00070004FFF80000
0000FFFF00E90000
0002FFCF00000000
00040002FFCCFFD9
FFFF0002FFF2FFFD
FFC400020000001C
FFE600000005FFFE
00000001FFF0000A
FFF00000000B0005
FFFD0011FFEB0008
00000002FFFAFFF6
00000000FFFA0007
002A002500000005
013AFFF200100000
0000FFFA0009FFFE
FFFFFFFFFFFD000E
00200005FFE5FFF8
0007FFFE000FFFFE
00000026FFE200FC
FFEFFFE0FFFDFFE9
000FFFFD00040008
0044FFFAFFD6FFF7
001BFFFF0004FFE1
FFF5000B0009FFF6
FFFE00090001000F
00030008FFF4FFFE
FFFFFFFAFFEAFFF6
FFE500E6FFFE0000
FFFFFFFFFFFEFFFF
0002004D0002FFFD
FFDE000000070001
00000003FFFEFFE6
0002FFEDFFEB0003
0000FFE300000007
0000000400020000
FFF9FFF8FFF7FFFC
0001000000020046
000C00960006FFED
000CFFEF00000003
00010013001CFFFC
000000450001FFF7
0001FFF80007FFC9
0070FFFCFFF7000F
FFFFFFFB00000000
0000FFFF000B0002
0006FFF8000C01A3
FFF0FFFCFFFA0000
000500F500070092
FFE8000DFFF9FFFE
FFFB00B00002FFF9
0027FFFFFFC8FFF6
0001FFF7FFFF0000
0001000300050002
00020009FFFE004D
FFFF00070006FFFD
FFFF0001FFFCFFFF
FFF3FFF3FFE3FFFB
FFEB0026FFFF000D
FFFFFFFFFFFDFFF8
FFE500CC00000015
0001FFB500050004
000DFFFDFFD3FFF3
FFF6FFFF000FFFFE
0001FFFEFFF9FFEA
00080006FFFA0001
0006FFFE00E20001
0000FFE200010001
00050005FFD0FFF1
00000000FFFEFFFC
FFDC00020000FFFF
FFECFFFF0000FFF9
00000003FFF1000E
FFF800000005000D
FFF80004FFFDFFFF
0000FFFFFFF7FFFE
00010000FFFE0045
FFE6004B00000006
0056FFF20028FFFF
0001FFFD000CFFFE
0002FFFEFFFD0016
00250003FFEC0000
0002FFFF000CFFFF
000C003BFFE600A8
FFF0FFE8FFFEFFEA
000B000000010003
001BFFF9FFD4FFF8
0001FFFC0002FFDB
FFF5000B0005FFFD
FFFF00060000000B
FFFFFFFFFFF40000
FFFEFFFAFFE2FFF2
FFDA0060FFFCFFFF
0002FFF9FFFE0002
FFFE00130002000C
FFF1000000060001
000200040001FFD1
FFF1FFEFFFF80005
FFFFFFD800040010
0000000000060000
FFF4FFFB0004FFFC
0000000100040046
000B0045000AFFE3
0006FFF6FFFF0003
0007FFFF0023FFF6
000000110000FFF5
000300030007FFCE
00560010FFE9000D
0000FFFE0001FFFF
0001FFFB000B0000
0007FFFC000B0130
FFF5FFFCFFFB0001
0007009C000600AC
FFEF0016FFF6FFFD
FFF100BE00060000
0010FFFBFFD6FFF6
0004FFF70000FFFE
00010003000F0002
FFFF000AFFFF0040
0003001D000BFFFE
00010000FFFAFFFF
FFFEFFF8FFEBFFFE
FFFF003FFFFF0009
FFFF00000001FFFC
FFEE009F0003001D
FFF6FFC6000A0007
000DFFFDFFE7FFF3
0000FFFF0012FFFE
0023FFFFFFFDFFEA
00070006FFFCFFFF
000BFFFE00AB0002
0002FFBFFFFEFFFC
0003000CFFC1FFEF
FFFF0000FFFBFFFF
FFEAFFFD0000FFFE
FFF4FFFFFFFFFFF7
00000000FFF4000C
FFFA00090003000E
FFF90017FFE2FFFE
FFFFFFF7FFF9FFF6
00040000FFF40043
FFDB007200000009
0014FFF90019FFFF
FFFEFFFF000CFFF9
000500000000000A
003AFFF9FFF3FFF8
00000002FFE70000
0010003CFFF200FE
FFE9FFF70001FFF5
0007000100020002
FFC70001FFD0FFF7
FFFEFFF80000FFF7
FFF5000FFFFFFFFD
0003000A00000006
00000000FFF70000
0000FFFDFFE8FFFA
FFF2FFD0FFF60000
FFFBFFF4FFFE0001
FFFE001500030009
FFFD00000005FFFE
000300040000FFD9
FFE1FFEEFFF90005
FFFEFFD800010019
0002FFFF00070000
FFFBFFFC0007FFF9
FFFFFFFD00040037
0009001D0006FFF1
000EFFEEFFFF0005
000EFFF0000EFFF5
FFFB000200000002
000300030006FFF3
0090008CFFCC0004
0000FFFA00080000
00010001000A0000
0003FFFD000D0094
FFE9FFFEFFF30005
00050035FFFC00AF
FFF900130000FFFD
FFF200BDFFFC0002
000AFFF2FFEDFFF7
0005FFF8FFFEFFFA
00010004000F0000
0002000A00080002
FFFE00450005FFFF
00050000FFF3FFFE
FFFB000CFFFE000D
00040044FFFDFFFF
FFFF00050009001F
FFF6005000190013
FFECFFAE00060003
0008FFFDFFE70003
0000FFFF0011FFFE
005DFFFDFFFCFFFC
00060003FFFBFFFF
000BFFFF00510003
0001FFCDFFFCFFF5
FFFF000DFFEB0002
00000000FFFE0000
FFF0FFF60008FFFA
FFF9FFFCFFFFFFF2
FFFC00010000000F
FFFF000AFFFB000D
FFFB000DFFEAFFFE
FFFFFFFAFFFEFFE5
0003000000010044
FFDF007EFFF2FFFE
FFF9FFF9002BFFFD
FFFB0000000DFFF7
0007001E00000006
0017002CFFEE0000
FFF3FFFF0004FFFC
00010036FFF80089
FFEF00000001FFF9
0006FFEB00030001
FFCF0005FFD0FFF8
FFF0FFE900000000
FFF40012FFF60005
00010018FFFDFFFF
0005FFFDFFFEFFFF
00000000FFF3FFFA
FFF6FF88FFF80002
FFFBFFF3FFFEFFF9
FFFA000100030004
0000FFFF00060009
FFFD0006FFFEFFE0
FFC30001FFDE0007
FFFDFFE600010036
0000FFFD0005FFFF
0000FFFE001BFFF7
FFFCFFF30002005D
0003000A00030008
0038FFF700000000
000CFFF10009FFF7
FFE6FFFFFFE40006
0006000F0003FFFA
00850110FFC2FFFF
FFFEFFFB00000000
0000000A00050000
FFFFFFFD000B001A
FFF3FFFEFFEF0009
FFFE0013FFF0008B
0004000A0001FFFE
FFD10082FFFE0003
0003FFEEFFF2FFFB
0003FFF9FFFCFFFC
0001000500100000
00060009000AFFCD
0000006B000A0000
00100001FFECFFFB
FFFF00290006001E
000B0024FFFEFFF2
FFFF0007000B0064
FFFB006700000018
FFE6FFCB00060003
000CFFFE0000000A
0008FFFD00120002
00730003FFFDFFFD
00060002FFFFFFFF
000F000300130004
FFFAFFBAFFF8FFF0
FFFF000DFFF4000C
0002FFFEFFE1FFFF
FFFEFFF2000CFFFF
FFFF0000FFF80000
FFFA000100000003
FFFF0013FFF60004
00000008FFE1FFE9
FFFEFFFF000CFFD9
000600010008003F
FFF2008FFFDCFFFF
FFF9FFFF0029FFEF
00030002000DFFF9
00020035FFFFFFFD
001A0071FFD1000A
FFEC00010002FFFB
0001001D0001001C
FFFBFFFF0004FFFC
0001FFED0001FFFE
FFD20005FFCEFFF9
FFE8FFEA0001FFF0
FFFE000FFFEF0002
FFFF002BFFF8FFFC
0004FFFE00070000
00000001FFFD0004
0000FF69FFFC0002
0000FFFAFFFFFFEB
FFF900000004FFF7
FFFC000000040006
FFFE000BFFFDFFE8
FFC2FFF6FFF80006
FFFCFFD1FFFF003D
0000FFFF0004FFFF
0000FFFF0020FFF9
FFFCFFEA0000006D
00010000FFFF0020
003100000000FFFF
0015FFDEFFFDFFF9
FFD90000FFFF0070
0006000A0006FFFF
001B01D4FFC10000
0002FFFF00060000
FFFF00070000001F
FFF7FFFD00090037
FFF7FFFFFFF90007
FFFE0001000000B5
0007FFF20000FFFE
FFF8006AFFFF0005
0000FFE60001FFFF
0007FFFAFFFFFFFF
FFFB00060004FFFF
000400080007FFD0
FFF70042000AFFF0
000A0002FFEAFFFE
0001003700200017
000C0021FFF80003
FFF90009000A007B
FFFF005000040003
FFDBFFD500000001
0007FFFF00000012
0010FFF9000D0000
00D70003FFFEFFFB
0006FFFEFFFD0000
000E000000040004
FFF6FFC6FFF5FFF8
FFFD001000000044
0001FFFEFFFEFFFF
0000001C00170000
FFFFFFFFFFF9FFFF
FFE5000200000000
FFF00016FFEE0003
0002FFF7FFEBFFDF
FFFF0001001CFFE4
0002FFFF000B0022
FFF5006DFFCAFFFF
FFFFFFFFFFFEFFE3
0002FFFD0009FFFC
0000004C0001FFFF
000800A0FFD1000B
001500000000FFFC
00020003FFF4FFF3
FFFB0000FFFDFFFD
0001FFE20002FFFE
FFFF0005FFEAFFFD
FFEBFFDB0002FFCD
0008000CFFED0004
FFF1003CFFF70008
00030008000BFFF9
0000000100020015
0001FF5E00060000
000900000001FFF0
FFFBFFFF0003FFF5
FFF7000300030005
0001FFFFFFFD0011
FFDA000EFFFE0004
0000FFFBFFF5001A
0001FFF8000AFFFF
FFFCFFFF001FFFEB
0000FFCEFFFF0056
00000000FFF80047
002E0001FFFEFFFF
0010FFEAFFF8FFFF
FFD8000800030111
0003FFFF00120000
FFEF0285FFBD0010
FFE90000000AFFFF
0000000800130068
FFEAFFFEFFFE0000
FFF60000FFEC0009
00000000002D002D
0000000B0001FFFF
00080036FFFFFFFF
FFFFFFE1FFFEFFFF
000FFFFEFFFFFFFF
FFFF000800030000
000800070006FFD1
FFEB003C000BFFDB
000A0002FFEE0000
0003003300260044
000A0001FFE90041
FFF90009000000D9
0000002C00000000
FFD3FFDEFFFF0002
FFFB0001FFFA0011
0012FFFAFFF90000
01330001FFFE0005
0006FFFFFFFDFFF3
000400010000FFF7
FFDCFFD8FFFFFFEC
FFFD000DFFFA0035
00020000FFFDFFF9
0002019600090000
FFFDFFFEFFF9FFFF
FFF70002FFFF0000
FFBD0026FFF00003
0000FFFEFFF6FFE1
FFFF00010035FFF0
FFFF00000008001A
FFFB0030FFB4FFFE
00080000FFFEFFE5
000CFFFA0006FFFE
FFFF005C00010001
00430099FFD6000C
00A8FFFC0001FFFD
0003FFFFFFD6FFF2
FFF5000AFFF70001
0001FFBF0000FFEB
FFFB000CFFE9FFFC
FFE4FFD00002FFB4
00230004FFFC0005
FFEB00420000000B
0003000B000EFFF2
0000000100070028
0005FF5900080000
001F0017FFFFFFF0
FFFD000000030003
FFEE00040000FFFF
0001FFFDFFFE000C
FFCE000600050003
0000FFFDFFE70011
0002FFF9000BFFFF
FFFAFFFF001CFFEA
FFF9FFCF0000006C
FFFCFFFF0000000E
0032FFFFFFEFFFFF
000DFFEEFFFA0001
FFE1000900000135
0004FFFD00100000
FFE402B6FFDA000D
FFEE00010005FFFE
0000000A0035007A
FFE0FFFEFFF0000B
FFF3FFFFFFEE0010
0008000100390020
FFFF0002FFFFFFFF
002E0054FFFD0004
FFFFFFDEFFF40003
0005FFFF00000000
FFFF000800020000
000800050002FFDF
FFDC0035000CFFD1
00060003FFFA0001
00020019003C0035
0002FFFBFFE2007F
FFF8000D000000C1
FFFD002100010004
FFFCFFD8FFFEFFFF
FFFC0001FFF90048
000DFFF8FFFE0002
0123FFFCFFFF0000
0004FFFFFFFE0001
FFFBFFFF00020004
FFEBFFD4FFFFFFFC
FFF3000AFFF80036
000AFFFEFFFDFFFC
0000026D00040000
0003FFFBFFFAFFFA
FFFB0005FFFF0000
FFC0002BFFF00003
FFFE0005FFFDFFE6
FFFCFFFD002DFFEF
FFFF00200002000A
FFFA0013FFB4FFFE
0000FFFFFFFFFFCD
0011FFF800020003
0001003300010000
003C005800010011
01A8FFF900000001
00060003FFE4FFF8
0003000DFFF6FFFF
FFF9FFCCFFFEFFF9
FFA6000CFFF9FFFE
FFFBFFEE0003FF98
0028000500030003
FFF50042FFFF0021
0004FFF40008FFF4
000000070009000E
FFFEFF920003FFFF
0006001D0001FFF1
FFFD000000040003
FFF40006FFFF0001
0002FFFEFFFF0013
FFD20004000A0000
00020000FFE80009
0003FFFD000D0000
FFF40000000CFFE0
FFF9FFCE0002002D
FFFFFFFE0000FFF7
001B0000FFDDFFF6
0017FFFCFFFBFFFF
00290009FFFD01C7
000300020004FFFF
FFF301FAFFFC0018
FFEFFFFE0001FFFF
00000002008E0081
FFE8FFFFFFEF001B
FFFAFFFD00060009
001600010053FFFD
FFFCFFFCFFFE0006
0019003E00000005
0000FFDDFFEBFFF0
FFFB000000000000
FFFE000B0003FFFE
000700060000FFFF
FFD70024000CFFCD
000100030002FFE9
000400070046000D
FFFEFFFBFFD201DF
FFF20013FFFF0089
FFF8000DFFFF0006
FFF4FFE60001FFFF
FFF60005FFE80032
000FFFF4FFFFFFFF
00FFFFFBFFFF000F
00030000FFFDFFE8
0002FFFF0005FFF8
FFDDFFEDFFFFFFF7
FFF60009FFF10037
000AFFFD0003FFFA
0000055EFFFF0000
FFFFFFF9FFFFFFF9
00020004FFFB0000
FFA10049FFFA0002
000000040001FFEF
FFFCFFFE00330001
FFFE001BFFFF0009
0015FFFAFFA90004
FFFE0001FFFDFFC9
0000FFF1FFFA0001
FFFF002DFFFF0003
0085004A002A0012
030C0002FFFF0003
00050003FFE2FFFB
0008000DFFEC000C
FFF1FFD30001FFF2
FFAC0004FFFC0000
FFFA00040005FF8E
0026FFFF00110004
FFF40047FFFD0025
000300070007FFEE
00030002000B000F
FFFDFF8200060002
0004000FFFFC000A
00010002FFFF0003
FFF60004FFFFFFFE
0002FFFE0000FFFA
FFD5FFF700050002
0001FFF2FFCBFFFE
0000FFFF000D0000
FFE30000000BFFDE
FFF3FFD600110030
FFFEFFFF0000FFF9
001AFFFFFFDEFFED
000BFFFF0000FFFC
00410008FFFF0161
00040013FFFF0000
FFFA010B0000001A
FFD70000FFFCFFFE
0000000A00F1005F
FFE5FFFFFFE9001C
FFFBFFFF00300007
001C00030058FFFD
FFFAFFFEFFFD0005
001000330000FFF6
FFFFFFD3FFEDFFF0
FFE8000000000000
FFFF000A0003FFFD
0008000600020009
FFD20034000BFFE4
0000000200050000
00050000005A000C
FFFFFFF5FFD702EB
0004FFFE0000005A
FFFD0011FFFF0007
FFF8FFF2FFF9FFFF
FFF90006FFF1005B
000FFFF5FFFFFFFF
00AFFFFBFFFF000A
0003FFFF0000FFF1
0027FFFF0003FFF7
FFD9FFEF0000FFF3
FFF70003FFED001F
000EFFFF0005FFF7
00000584FFFB0000
0000FFFC0000FFFE
000100050005FFFF
FF900043FFFFFFFE
000200010007FFBA
0002000100490001
000C004FFFFA0009
0044FFFDFFAB0001
FFFE0004FFFFFFD6
FFF3FFECFFEF0004
FFFF0017FFF20008
0099FFFB00350012
042F0000FFF80001
00010004FFE4FFFA
000A0008FFD90011
FFF9FFE9FFFEFFF2
FFAB000400030001
FFF9003FFFEBFFA0
0034000000440009
FFED002AFFFE0005
000300030006FFEC
000B00010009001E
FFFCFFB500020012
00020000FFEE0005
000100020000FFFA
FFF7FFFBFFFFFFFF
000200000004FFEA
FFD9FFF600070000
0001FFF2FFDDFFFC
FFFF0005000D0000
FFEBFFFEFFFFFFF9
FFF5FFE900240009
FFFD0001FFFFFFF7
00240000FFDEFFE7
0002FFFEFFFDFFFB
0069FFFFFFFF008A
0005006A000B0003
FFFD0033FFF3001D
FFE3FFFF00000005
FFFF000000DA0029
FFFD0004FFE1005F
0001FFFA00540004
004900010035FFFF
FFFFFFFDFFFC0003
00220037FFFFFFEE
0000FFD7FFE1FFE6
FFDA000000000002
FFFF000B0001FFFB
0009000800050007
FFD40017000AFFEC
FFFA000200050000
00050001003D0000
000A0000FFE30478
00A6FFF30000000A
FFF90012FFFF0007
FFF4FFFDFFF30000
FFF60003FFF70024
000EFFF5FFFC0000
007EFFFD00000017
FFFEFFF9FFE7FFF0
0029FFFF0000FFF9
FFDBFFF5FFFFFFFB
FFF90006FFF40035
0016FFF90010FFF0
FFFB064DFFFD0000
FFFCFFF50000FFFF
0000000100280000
FF9C0056FFFFFFFB
0002FFFD0009FFE0
000C0007001C0004
00090068FFF50001
0115FFF9FFB2FFFF
FFFF00070000FFE7
FFDFFFE8FFEDFFFC
00030002FFF00009
009DFFFE002E0011
04B0FFFEFFF50000
FFFF0008FFE9FFFB
00140009FFDC0020
FFF8FFFBFFF80000
FFB5FFFF0003FFFF
FFF40076FFE7FFA9
0036FFFC002E000A
FFEE0023FFFD000B
000500010006FFE9
00120001000A0020
FFFCFFBAFFFC001F
FFFD0000FFF30002
00050001FFFFFFFD
FFFAFFFA00000000
0002FFFE000DFFD4
FFE2FFE800030007
0001FFF6FFBBFFFD
FFFC0003000B0000
FFD60000FFFFFFF6
FFF5FFF20020000A
FFFE0001FFFF000C
0046FFFEFFEAFFE0
FFF9FFF7FFF6FFF9
0053FFFE00000057
000500DD00540003
0005000AFFE4001B
FFD6FFFD00010002
FFFEFFFF0107000D
00070008FFE8004C
0000FFFD00990002
002F0001003E0003
FFFEFFFEFFFB0004
000A0026FFFFFFE8
0000FFCAFFE2FFE4
FFB70001FFFF0002
FFFF000C0002FFFA
0006000A00060002
FFD0002A0007FFF0
FFF9FFFC0004FFFF
000200000038FFFD
0032FFFFFFDD0439
00EAFFE300000004
FFF70013FFFD0007
FFF90000FFF80000
FFF8FFFFFFF90025
000DFFEF0000FFFF
007AFFFF0002000C
FFFCFFFBFFE8FFF6
0067FFFA0000FFFA
FFD2FFF90000FFF5
FFFA0005FFF4002E
002C0008001CFFF5
FFF305FCFFFF0000
FFFEFFF20000FFFE
FFFEFFFE0055FFFF
FFB3003DFFFFFFF3
FFFFFFF90008FFE4
0022001600240002
0014007FFFEDFFFA
016DFFF9FFBB000E
FFFF00040001FFE4
FFBCFFE1FFF9FFF3
000AFFFEFFE20008
0022FFF800300011
0459FFFDFFF7FFFF
003E0006FFF80000
0032FFFFFFEC0002
FFFFFFFFFFFDFFFF
FFEE000000000000
FFFD010BFFF5FFF1
0024FFFC006C000B
FFED0007FFFC0001
0004000E00070005
0038FFFE000B0007
FFFEFFF200000024
FFFBFFFFFFC7FFFE
00050001FFFEFFF9
FFFF000900030000
000100240011FFD8
FFECFFDE00000003
FFFDFFFEFFA50007
FFE60009000EFFFF
FFEBFFFFFFFAFFCB
FFF8FFEF002CFFFC
FFFC000000000000
002E0000FFF0FFD2
FFFCFFF1FFE0FFF4
005CFFFF00000000
0002010700450000
00070004FFD3000B
FFEFFFFF00070006
0001000200C6FFFD
001C000DFFF2008A
FFF9FFFA00AEFFFF
002B000400070005
0001FFFFFFFBFFFB
000500040000FFF7
0002FFE5FFF8FFF1
FFA60003FFFE0006
FFFF00070003FFFD
FFFF000E0004FFDC
FFF100100007FFF8
FFFAFFFBFFF3FFFE
0006000800110001
0039FFFFFFF3044B
0069FFCA00000001
00020022FFFF000F
FFE10001FFF60000
FFFBFFFFFFFF0007
FFFFFFF40013FFFE
0008FFFF0001FFFB
FFFBFFECFFEB0000
0061FFF3FFFC0009
FFDBFFF8FFFEFFFF
00060003FFFF001C
FFFA00040022FFEA
FFC703ABFFFF0000
0000FFEE00000002
FFFCFFFF01100000
FFBC003BFFFFFFE5
0000FFF30010FFF9
003E002400110001
000A0049FFF5FFF4
0321FFFDFFE5000A
000000020000FFF6
FFACFFEB0010FFEE
002EFFFFFFE1000B
FFEE000100260011
0314FFFAFFFEFFFF
00EA0006FFFEFFFF
0044FFFFFFF50001
FFFFFFF1FFF60001
0018FFFF00000000
FFEE0159FFFA000A
0010FFF600260006
FFF20001FFF80002
0003001000080001
003200000009001A
FFFF0007FFFA0026
0000FFFFFFDCFFFB
0004FFFEFFFDFFFD
0001003000040000
FFF300110017FFE8
0001FFD800010002
FFFCFFFEFFB10008
FFE500070008FFFD
0000FFF9FFFD0001
FFF4FFFB0038FFF1
FFFC00010002FFFF
001BFFFFFFF7FFF8
FFFEFFE5FFDEFFF5
000F000000000002
000000FC01390000
000A0005FFBAFFF5
FFF0000000090001
0009000000800002
000A001100000072
FFF1FFFF007D0000
00210005FFFE0005
00000000FFFDFFF3
0000FFF60004001B
00070005FFF7FFFF
FFBCFFFCFFFDFFFA
FFFF000100050000
FFFF00100006FFD8
FFF9000300080003
FFFEFFF8FFF7FFEF
0007000A000EFFFF
00570002FFFE0366
0027FFE100030004
000300210000000F
FFEE0001FFFF0000
FFFD0000FFFF0005
0000FFFA0001FFFF
FFE400000000FFFB
0000FFDBFFEFFFFF
002EFFF1FFEB0009
FFEEFFFAFFFF0000
0009000000000014
FFFC00090021FFEF
FFA90219FFFEFFFA
0000FFF300000000
FFFC00090169FFFF
FFD6000DFFFFFFC7
0000FFF10006FFFC
0060003DFFFA0000
001C003CFFFEFFF7
03ACFFFFFFFD0007
FFFFFFFF0002FFFD
FF9EFFF40001FFF2
0015FFFFFFE30009
FFC9000200570012
01B2FFFD000BFFFF
01770002FFFFFFF6
0049000500000000
FFFDFFE8FFFB0002
0013FFFFFFFC0002
FFF80112FFFF001A
0005FFFC000C000A
FFF3FFFEFFFB0005
FFFF000B000C0000
00870004000C0017
00000004FFFC0023
0001FFFFFFE0FFFD
0001FFFDFFFBFFFD
00050052000B0002
FFF3000D000AFFF6
FFFDFFEB0001FFFF
FFFB0000FFD1FFFF
FFE3000400060008
0003FFFEFFFD0009
FFF400000018FFFF
FFFE00010002FFFF
0007FFFFFFFAFFF5
FFFAFFE7FFD5FFFB
0005000200020004
000700A80165FFF5
00060002FFC9FFFE
FFF700000012FFFF
0015FFFF00610005
FFD800260000007E
FFF70000004F0000
000B0004FFFB0004
0001FFFFFFFEFFEB
FFFBFFF400010022
000A000CFFFF0011
FFC7FFFEFFFDFFEB
FFFFFFFB00060001
0000FFFCFFFFFFD2
000000000000FFFF
0000FFF9FFEBFFFD
0008000800040004
0053000100010210
0006FFDDFFDB0004
0006003D00060010
FFF50001FFF90000
0001000000000008
000DFFF90012FFFA
FFE900000000FFED
FFF4FFDBFFF9FFFF
0054FFF3FFF90008
FFFEFFFBFFFF0006
00040002FFFCFFFF
FFFFFFF30022FFEA
FFAE00BCFFFE0005
0000FFF400020000
FFF8000200FBFFFE
FFF7FFFB0000FFC4
0001FFF10009FFFE
005E002300000000
00280005FFECFFEC
0312FFFF00020006
0008FFFE0000FFF8
FF98FFFEFFFEFFF1
0015FFFEFFDD000D
FFBA0005003F0010
00B200000003FFFB
02D00001FFF4FFFD
00410014FFFF0002
FFFDFFE1FFFE0003
0036FFFFFFFA0002
FFFB01110005FFFC
FFF8FFFDFFFE000A
0004FFFFFFFD0005
FFFD001E000F0000
0081FFFE000E0003
FFFF00010000001B
FFFF0000FFE9FFFE
0003FFFCFFF60003
00070062FFF50003
FFF600000008FFF9
0000FFF200000000
0001FFFFFFE5FFFF
0000000A000C0000
0000FFF9FFFE0007
FFF300020003000E
0000FFFF0003FFFD
0007FFFEFFFDFFFE
FFFEFFE6FFD00000
FFFA0004FFFB0010
0045005F00BFFFEB
00040000FFC9FFFF
FFF100010014FFFF
0014FFFE00160008
FFD7001A00010074
FFFB000100570000
FFEC0003FFFC0003
0000FFFFFFFDFFF1
0000000600010068
0000000FFFFF0024
FFCA00040009FFF5
0000FFF400090003
0004FFFD0006FFCF
FFFF00000003FFFE
FFFFFFFAFFE9FFFA
0004000800010004
00AA000300000109
0009FFDDFFBA0008
0002002F0006000E
FFFE000000030002
00010002FFEE0001
003300020000FFF7
FFF800010000FFF1
0002FFEDFFF60002
0060FFF800010009
0008FFFCFFFF0005
FFFFFFFFFFF2FFFF
FFFDFFFB0012FFE9
FF9C001500000022
FFFEFFE000010001
FFF60007012D0000
0007FFFD0001FFDA
0000FFED000F0000
005A003500000000
00150000FFFFFFEE
0206FFFFFFFF0003
004C00000000FFFF
FF970003FFECFFF7
0005FFFDFFE0000B
FFA60005007B000F
005900000021FFC1
02A6FFFCFFEEFFF0
0045004CFFFE0000
FFFDFFCAFFFF0002
002D0004FFF30001
FFFB00DC0007FFF2
FFECFFFDFFFE000E
0006FFFDFFFF0005
FFFE00130010FFFD
0064FFF9000B000B
00000004FFFF0028
0001FFFFFFF5FFFE
0001FFF9FFFC0002
000200CAFFEF0003
FFFF000000020003
FFFCFFECFFFFFFFF
0002FFFEFFEC0000
FFFA000D000B0013
FFFFFFFB00010009
FFEEFFFC00000039
0001FFFC00060003
000700080000FFFB
FFFBFFEAFFDBFFFF
FFFE0018FFFE0008
006B0024005EFFF1
00040000FFCB0000
FFF800000010FFFE
0034FFFF00040008
FFDB002E000000B1
FFF70001001F0000
FFE6FFF6FFFE0001
00000018FFFDFFEE
FFF800190001004D
0013001FFFFD0014
FFD300070007FFFF
0000FFF200090006
0004FFFEFFFFFFD0
0000FFFE0002FFFF
FFFFFFF8FFE7FFF9
00030007FFFF0004
00BE0001FFFF007E
0002FFDCFFE10008
0001004A0004000B
0009000000040003
00040000FFF70004
005AFFFD0000FFF2
FFF700010000FFEC
0000FFF1FFF80002
004EFFF9000B0006
0020FFFBFFFF000A
0000FFFDFFDAFFF2
FFF8FFEB001CFFED
FF9EFFF700010039
FFFAFFEB00020001
FFFA000301170004
0010FFFE0001FFE3
FFFEFFEF00090000
00430023FFFA0002
002D00000000FFE9
0178FFFCFFFF0003
0082FFFFFFFFFFFD
FFA3FFFDFFE70003
00220009FFDB000C
FFCA000500440007
0000FFFF0020FFF2
01E80004FFD1FFD5
00480073FFFCFFF6
FFFDFFE2FFFF0006
004F0006FFEDFFFF
00030032000BFFE8
FFF7FFFEFFFF0025
FFFEFFFD00000004
FFFE003DFFFFFFFF
0062FFFD0002000F
0000000AFFFB000E
00000002FFFF0000
00000000FFFE0004
FFEE0142FFF70004
FFFEFFFD000AFFFF
FFFAFFF40000FFF6
0001FFFBFFFE0013
FFF8000900060012
FFFFFFEFFFFE000E
FFF6000100000051
FFFE002300070003
000BFFF400060005
FFFEFFEBFFEB0002
FFF20041FFEC000D
0063FFFCFFF9FFE7
FFFA0000FFDB0000
FFFB00010002FFFE
00420000FFFB0009
FFF8000C00000089
FFFB0000FFDC0000
FFE8000600000002
0002003600040003
FFF5003CFFFF0075
0000001DFFEAFFFE
FFDD0003000BFFFE
0000FFEE00040006
001D00000000FFF2
0000FFFA00010000
FFFBFFFDFFF80000
00020005FFFE000F
0068FFFEFFF30004
FFFDFFE9FFD7000B
FFFF00530006FFFF
0008FFFA00080001
000AFFFDFFEF0003
00AB00010004FFF2
000000000000FFEE
FFFE0000FFFA0001
00120001004BFFFC
0005FFFBFFFF0001
0000FFFEFFC3FFE9
FFFAFFE80006FFED
FFA00003FFFF0060
FFF9FFFD00010001
0001000000910003
0010FFFE0002FFF0
FFFFFFFB000E0002
003E0013FFF80007
001C0001FFFFFFF4
00800000FFFF0002
01C7FFFCFFFFFFF8
FFBBFFFBFFE40005
FFFF0009FFDF0008
FFDC000600290005
0000FFFC0023FFE8
01010008FFC1FFEE
00270040FFFCFFEB
0000FFE2FFFF0006
00710003FFE6FFFD
0001000F0008FFE4
FFF8FFFFFFFC000E
FFFEFFFCFFFF0003
00040034000C0001
004BFFF80006FFE7
FFFD001500000018
FFFF0006FFFDFFFC
FFFE0002FFE7FFF8
FFE2012900000000
FFFCFFFC0008FFFA
FFFDFFFAFFFDFFF4
0002FFF8FFFF0027
FFFA00090004FFFD
0001FFF2FFF80008
FFEEFFEB00010047
0000FFE300020003
FFF9FFF50006FFFF
0002FFF4FFFA0001
FFBE006CFFF5000F
002DFFFFFFFCFFE3
00260008FFF40002
FFFA0000FFFF0000
00390000FFFA000B
0000000F0000009B
0001FFFFFFC60000
FFE90049FFFC0016
0000004000000006
FFF900CEFFFE0031
FFFC000DFFE4FFF3
FFFA0000000AFFFF
0000FFF3FFFF0008
001E0000FFFFFFF6
FFFEFFFC0000FFFE
FFEFFFFEFFFEFFFB
00000006FFF70006
0097FFFFFFF9FFF1
FFF6FFEDFFCB000D
FFFE00640005FFFF
000BFFE4000A0000
00090000FFDF0001
007A0000000DFFFF
0001FFFB0002FFE7
FFFCFFFFFFFA0001
00150003004FFFFA
FFECFFFA00000002
FFFFFFFAFFC7FFD5
FFFDFFEF0001FFF8
FFA4000B0000006B
FFF4FFFD00030001
00010000003F0007
0000FFF30001FFF6
FFFD0000000D0003
0016000BFFFC0008
00170003FFFEFFF0
001E000400000002
024BFFFEFFF4FFF9
FFC9FFEEFFDD000A
FFFF0004FFF00006
000CFFFF003C0004
0004000E003AFFF1
0076003BFFB2FFDE
001C003AFFFCFFF0
FFFEFFF1FFFEFFFD
004A000AFFE0FFF5
FFFDFFFE0007FFE1
FFDEFFFDFFFC0048
00060001FFFF0002
0011003500000002
001BFFF1FFFEFFFC
FFFD001500000004
FFFF0005FFFFFFF9
FFFFFFFFFFEDFFF8
FFDB008100020002
FFFD00000007FFE7
FFFEFFF9FFFCFFF3
0002FFF300000048
FFFE000B00020000
FFFEFFF3FFFB001F
FFF0FFEC00000091
FFFCFFC800040006
FFF5FFF000090001
0003FFFCFFFD0001
FFCA007CFFF0000E
002BFFFB0004FFDF
00600008FFFF0000
000100010000FFFE
00480000FFFA0005
000400010000005B
0003FFFDFFD00000
FFF30090FFFB0038
00050054FFFE0006
FFF700B0FFF50012
00080004FFE2FFED
FFFFFFFE0006FFFD
0000FFFC00000006
0028000000000006
FFFBFFFC0003FFFE
FFF6000000000000
FFFF000AFFF9000F
005C0000FFEAFFEF
FFECFFEEFFD60010
FFFE007000080001
000AFFDB000AFFFA
000C0000FFF30002
008100000011000D
000200000002FFE6
FFFE0006FFF9FFFF
000E00000063FFE8
FFE4FFF5FFFFFFFE
FFFFFFFEFFB5FFC8
0000FFEEFFFDFFFA
FF8F000B00000077
FFF30000FFFFFFFF
00000000001CFFFE
FFF2FFFBFFFEFFF8
FFF0000500050002
00030003FFFB0008
000C0003FFF9FFF3
FFFF000300000001
017E0001FFF9FFF2
FFE0FFE9FFDD000B
FFFF0000FFF80003
0029FFFB00160001
000600140030FFED
002F0047FFC2FFCD
000A002BFFFDFFEC
FFFFFFFCFFFFFFE8
005B0008FFDDFFEB
0005FFFB000AFFED
FFF40000FFFD0047
FFFFFFF0FFFD0002
001700560000000B
0034FFF4FFFCFFF9
FFF9002900000001
0003000200020002
FFFFFFFAFFECFFF8
FFDF004C00030000
FFF800000003FFDC
FFFBFFFDFFFAFFEA
0000FFECFFFF005C
FFFB00070004FFFE
FFFEFFF2FFF60012
FFEEFFF20001007E
FFF6FFC0FFFF0005
FFFDFFEF00010000
00020002FFFA0000
FFD4008FFFE00008
0032FFF60002FFDF
00A7000600020001
FFFFFFFFFFFFFFFE
00450000FFFB0002
0002FFF6FFFF0037
0005FFFCFFCD0002
FFF100BDFFFE005C
0011003AFFF60002
FFEA00CAFFEF000A
FFEF0000FFE0FFD3
FFDFFFFB0004FFFE
0000FFF9FFFE0005
00230001FFFF000C
FFFCFFF9FFFFFFFE
FFE6000000000004
FFFF0007FFF8000F
00540000FFEE0002
FFE3FFEAFFD7000A
FFFE004300030005
0009FFB80005FFFE
00090000FFF80002
005EFFFF00130015
0003FFFF0003FFE6
FFFD0002FFFEFFFE
0012FFFF004BFFDC
FFD6FFF8FFFFFFFE
FFFFFFEFFFB3FFC2
0002FFF4FFFCFFFB
FFAC000B00000078
FFFB00000000FFF4
00000005FFFBFFFE
FFF3FFFEFFFA0000
FFE3000B00010001
00020003FFF8FFFC
00070004FFF3FFFF
FFFF00030000FFFF
026FFFFEFFFAFFEE
FFF6FFECFFE80008
FFFF0000FFF10000
00350007000A0001
000800090030FFFB
0010006CFFC2FFD7
000A0015FFFDFFF0
FFFEFFFF0000FFEC
004B0000FFFCFFE8
FFFFFFF90005FFF0
FFE3FFFFFFFC005E
00050001FFF80003
001A0040FFFE0015
0016FFECFFFC0001
FFF3001DFFFE0000
0002000200000003
00000001FFFCFFFB
FFF0009700000001
FFFAFFF90002FFC7
FFFBFFFEFFF6FFF0
0000FFEE00000079
0000000400040000
FFFEFFF4FFFB0011
FFEEFFF900000085
FFF2FFBBFFFE0001
FFFDFFF40001FFFB
00000007000F0000
FFDF00B1FFE5FFFF
003DFFF50003FFE3
01780002FFF50001
00030000FFFFFFFF
004C0000FFFA0001
0001000600000006
0002FFFCFFD90006
FFEC0112FFFE00A9
00210033FFEE0004
FFEE00A5FFF0FFEF
FFFC0000FFE0FFD2
FFFEFFFA0001FFFE
0001FFFDFFFB0006
0021000100000006
FFF5FFFBFFFFFFFE
FFE9000000000003
00000004FFFB0010
00200000FFEF0006
FFDEFFF0FFE10004
FFFF001000000010
0008FFAE00050003
000A0000FFFD0000
0042FFFF0012002B
0003FFFE0004FFD7
0002000DFFFCFFFE
0005FFFB003AFFE3
FFE7FFF4FFFFFFFF
FFFFFFF7FFB0FFBE
0005FFF7FFFFFFFD
FFC3000A00000083
000500010001FFDE
00000008FFF5FFFF
FFF30001FFFB0004
FFDD000DFFFDFFFF
00030000FFFFFFE7
00000002FFE50001
FFFFFFFF00030000
025BFFF6FFFBFFFB
0003FFDFFFF10004
000200000000FFFF
0036001DFFD0FFFF
000A0018001E000D
00010062FFE6FFE9
0000FFAEFFFFFFF7
00050002FFFFFFDE
003AFFFFFFD6FFE8
0004000000070004
FFF9FFFF0007001F
FFFE0000FFFB0007
001B002DFFFE0018
FFFEFFE8FFF6001E
FFF50007FFFB0000
FFFF00000000000A
0003FFF70000FFFB
FFFA001600060000
FFF800010000FFC2
FFFAFFFCFFF5FFF5
FFFFFFE50000007F
FFFF000200030000
0000FFF7FFFE0011
FFF20001000100DC
FFF20032FFFEFFEC
FFFDFFF600030000
00000002000A0000
FFFB0086FFF2FFDE
0019FFF60000FFE6
01A60029FFD70000
0008FFFFFFF50000
003F000AFFF0FFFF
FFFEFFED00000001
FFF9FFFEFFDC000E
00040179FFFD010B
000C0020FFE80002
FFED00D6FFF3FFEB
FFF00000FFE6FFDD
FFFF0005FFFDFFFF
FFFF0000FFFE0003
000A00070000FFFC
FFF6FFFCFFFFFFF8
FFE3FFFFFFFF000C
FFFFFFFEFFEB000D
000F000AFFF9000D
FFCAFFF1FFF2FFFF
0004001C00000027
FFFDFF8CFFFF0004
0005FFFFFFFF0004
003DFFFBFFF8002F
0000FFF90000FFDD
0005000DFFF9FFFC
0003FFF7002AFFE6
FFFAFFFCFFFFFFFF
FFFFFFF4FFAFFFD7
0007000BFFFAFFFB
FFE5000B00000022
000B00000003FFC9
0000000BFFF3FFFE
FFFE0000FFF80004
FFD2000EFFF8FFF8
00000000FFFEFFCB
FFFF0004FFE50014
FFFE000C00040000
0056FFEDFFFBFFF5
0012FFE1FFF40002
0003000100000000
0028009EFFE0FFFF
000A00030020001A
00040044FFF7FFFA
0000FFB50001FFF9
0002000EFFFF0001
0026FFFEFFDFFFB3
FFFE000100050004
00070000000C004D
FFEEFFFFFFFD0005
00320054FFFD000B
FFFDFFF1FFF8001E
FFF9FFBCFFFB0000
0000FFFF00000005
0004FFF50004FFFE
0000000000080000
000E0001FFFFFFBD
FFF70000FFEF0003
FFFDFFF6000000D1
0000FFFE00050000
FFFFFFF800020015
FFE4000300020105
FFF70076FFFEFFC7
FFFCFFFB00020000
FFFFFFFB00100000
FFFD0024FFF7FFC1
FFF4FFFC0001FFF0
015A00BAFFB70000
00010000FFF50000
00310001FFEB0000
FFFEFFEC0000FFFF
FFDDFFFFFFE0FFD5
0007010AFFF4005F
00250015FFF2FFFF
FFF300E0FFF3FFF5
0006FFFBFFF7FFEC
0001FFFAFFF70000
FFF8000000030000
FFFF00070000FFDD
FFFC00060003FFFA
FFF8FFFFFFF90009
FFFFFFFDFFF30007
0004000B0027000C
FFBFFFFAFFF80001
000D003F00010021
FFFCFF8800010004
0001FFFFFFFC0011
0013FFFBFFF90044
FFFFFFFB0000FFE1
0001000EFFF6FFFE
0008FFF40003FFF6
FFF5FFFA00000000
FFFFFFF7FFCEFFE3
0006000CFFFDFFFB
FFFD000B0000FFFD
001100010000FFC7
0001000EFFF70001
00000000FFEC0006
000C0012FFF5FFED
FFFFFFFFFFFCFFB3
FFFD0000FFEF000A
000700030000FFFF
0001FFE6FFFBFFEC
0020FFF2FFF0FFFB
00010003FFFDFFFF
006200BCFFDFFFFD
0009001400130015
0009004100000012
0006FFB90001FFFF
0001000E00020001
003CFFFFFFD9FFB6
0003FFFD00030006
00180000000A0027
FFEDFFFEFFFF0005
001D003600000004
FFFBFFF8FFF9001D
FFF9FFB6FFFB0000
000300000000FFF9
0001FFF800050007
FFFEFFF80008FFFF
00030011FFFEFFCB
FFF1FFFCFFF70001
FFFBFFE4FFFF00E5
000100000004FFFF
FFFFFFF60005000C
FFE60005000100B6
FFFE001AFFFFFFCE
FFFFFFF900010000
FFFEFFFEFFFF0000
000000190000FFCB
FFFAFFFC0006FFF4
014A014CFF970000
0000FFFFFFFA0000
000E0000FFF10006
FFF7FFF8FFFF0000
FFE0FFFDFFDF0019
0000005FFFF800E9
001FFFFBFFFBFFFC
000000B3FFF6FFED
FFFCFFFAFFFCFFF6
0004FFFAFFECFFFF
FFF60000000EFFFF
FFFE00080000FFE8
FFFF00060003FFFB
00030001FFF20005
FFFFFFF9FFFF0001
0009001500140000
FFEDFFF5FFFB0001
0011000B0001000B
FFFBFF7C00030002
FFFBFFFFFFFF000B
0000FFF9FFF9002F
0000FFF80000FFEA
00020011FFE6FFFD
0001FFFBFFFEFFF7
0003000500000000
FFF7FFFCFFE70001
000000210000FFFC
FFF90001FFFFFFFC
000E00010001FFE7
FFFF000EFFF50001
00000000FFEA0005
000E001F0002FFE9
FFF6FFFFFFEAFFB3
FFFAFFFCFFF50008
0008001000000000
FFF3FFE9FFFCFFEC
001AFFFDFFF9FFFD
0001000CFFF4FFFE
00210132FFE5FFFE
000300050016000B
000F0017FFF0000E
0004FFD700030000
0000001000020012
000B0000FFC9FFC0
FFFDFFF80000FFF9
003C000000090010
FFED002C0007FFFD
0003001C000DFFFE
FFFDFFFFFFFE001B
FFFAFF73FFFF0000
000B00060000FFEA
0002FFFB0006FFFD
FFF0FFFF0008FFFF
FFF6000AFFFCFFE5
FFE60000FFF50001
FFFBFFFAFFF900B5
0002FFFE0006FFFF
FFFCFFFE0008FFFE
FFE40003000100C4
00020008FFFFFFAB
0003FFFCFFFA0000
000BFFFFFFF40001
0001000200040071
FFFDFFFD0007FFFF
00ED0311FF89FFFE
FFFE0000FFF70000
00110003FFF5003F
FFF20005FFFF0001
FFDFFFFEFFDDFFB9
FFFE0028000A0021
0020FFF1FFFF0001
00010085FFFFFFFD
FFF9FFF600030000
0002FFFEFFDFFFF8
FFF50000000EFFFF
00010006FFFFFFEC
0000000E0006FFF1
00080001FFE60000
FFFC0004001BFFFF
00030006FFFBFFFB
0029FFFCFFFE0037
00000000FFFE0000
FFFBFF8600040000
FFF9FFFFFFF4001E
FFFBFFF4FFF8001F
0011FFE90000FFF3
00010011FFE6FFFD
0004FFFCFFFFFFFD
FFFDFFEFFFFEFFFF
FFFAFFF3FFFD0011
0001000C0000FFFF
0000FFEBFFFFFFFF
000EFFFE0001FFCA
FFFD0005FFF90000
FFF3FFFBFFF10004
000A00260003FFE7
FFEEFFF1FFE5FFAE
FFF9FFFDFFFA000C
000A001200170000
FFDEFFE8FFFDFFDF
000CFFFFFFF6FFFA
00010012FFF10000
000101CAFFF5FFFF
FFFA000C00020012
00030023FFDA0004
0005FFD900010005
0000000600030013
FFEB0001FFC3FFC6
FFF8FFE90000FFE5
003FFFFEFFFE0015
FFF500000004FFFF
00080003000EFFFE
FFFAFFFEFFFF0018
0004FF75FFF80000
000F00330000FFF0
0001FFFC0006FFFC
FFF0000300060000
FFE60003FFFE000F
FFD70000FFFD0008
FFFBFFF7FFF400AA
0002FFFF0006FFFE
FFF9FFFF000C000B
FFEC0009000000EE
000A00030000FFB3
FFFFFFF8FFF80000
0000FFFAFFF80005
FFF9FFFF000900B2
0003FFFF0008FFFF
0066027CFF980002
000AFFFEFFFD0004
0006FFFD001E0023
FFF20014FFFE0001
FFD40006FFCDFFC1
FFFE000E00360020
001BFFF2FFFDFFFF
000600D400000001
FFFDFFF400050000
00010000FFD10002
FFF60001000EFFFC
00010006FFFEFFED
00000007000FFFEB
00080002FFFAFFFA
FFFE00030026FFFF
00040007FFF0FFFC
009CFFF800010038
FFE9FFD2FFFFFFFF
FFFBFF9100050004
FFF80000FFE8000F
FFFDFFF2FFF80022
0020FFE3FFFCFFF0
00000010FFCBFFFC
0018FFF900010000
FFF5FFEBFFFFFFFD
FFF4FFED00000017
00000010FFFD0001
FFFF00000005FFFF
0006FFFDFFFFFFDF
FFF8000400000000
FFEBFFF8FFF40003
0009003E0002FFED
FFF1FFFFFFE7FFCB
FFFBFFFEFFF70016
0008002800000000
FFFCFFE5FFF5FFD4
0017FFFFFFF70002
00000014FFF3FFFD
FFFE021300110001
00200000FFF90004
00030006FFC70000
0004FFE300020001
FFFC00000004000D
FFBC0001FFC5FFD6
FFFBFFD7FFFFFFDE
007AFFFFFFFF0011
FFF5000EFFFFFFFF
0005000000030004
FFF800000006001B
0007FF750002FFFF
0001004A00040000
0001FFFD0011FFFD
FFE30000000A0000
FFE700000000001E
FFCDFFFF0000FFFD
FFFBFFECFFAE001F
0001FFFF00120000
FFF0FFFF00000014
FFED0006FFFD00F7
00090000FFFDFFA1
0004FFFA00040000
0009FFFCFFE80006
FFFA000300070126
00020001000D0000
001C023EFFC2FFFF
FFFEFFFBFFFF0001
0007FFFD006D0089
FFEB0025FFF50000
FFE0000BFFE0FFC7
FFFFFFFC00680003
0014FFE7FFFB0000
0002008100000000
FFFEFFF60004FFFC
00000000FFD80002
FFF60002000DFFFD
00020007FFF8FFFA
000000050010FFD4
000700010001FFF7
0001FFFC002CFFFF
000EFFFAFFE0003E
00D8FFE300010035
FFC6FFD8FFF30003
FFFDFFA700010001
FFF80001FFE60014
FFFDFFF3FFF8001C
0021FFD6FFFCFFF6
00000010FFBFFFFC
004DFFFA00040001
FFDCFFE70000FFFC
FFF9FFF5FFFE002F
FFFF000BFFFC0015
FFFE00C70001FFFF
0003FFFCFFFFFFD9
FFF70005FFF1FFFF
FFCCFFF8FFF80002
000600380002FFF1
FFEC0000FFE8FFE1
FFF8001CFFF70004
00030006FFFE0000
0005FFF8FFFCFFD7
0020FFFBFFF40002
00000014FFF4FFF7
0000019E00330007
00AA000CFFFB0002
0003FFF8FFB60000
0003FFECFFF80002
FFF7FFFB00020004
FFAA0002FFCDFFEA
FFFCFFDDFFFFFFD2
009CFFFEFFFF0006
FFF500080007FFFD
FFFCFFFE00100009
FFF10002000C001E
0004FF94000AFFFF
0004007F00000002
0001FFFF0012FFFE
FFDE000200040000
FFEAFFFF00000014
FFBBFFFEFFFFFFFA
FFFCFFE6FF9A000C
0001000300100000
FFDD000000000004
FFF50004FFFE00B8
00050003FFF7FFA1
FFFE000300060000
0009FFFFFFF4FFFA
FFE60006FFFF02AF
0004FFF300110001
FFF7026AFFE9FFFF
0016FFFD00000001
0001FFFE00F100BA
FFE6001EFFD90000
FFED000AFFF10016
0007FFFC008DFFF8
0010FFEBFFF8000A
0006009D00000008
0002FFF5FFF9FFF8
FFFE0001FFFF000B
000200050005FFFC
00070006FFF7FFFE
FFF70004000DFFC2
00050001000BFFF4
0000FFF900660000
001AFFF0FFCF00AA
0143FFDEFFFE0051
FFBAFFDCFFEF0007
FFFEFFBA00020000
FFF90003FFE2002E
0000FFECFFF90019
0026FFD2FFFEFFF8
0001000FFFC4FFFB
009AFFFC00060003
FFCBFFE60001FFFC
FFF6FFF1FFFB003A
0001000800000018
FFFB01BCFFFF0000
0003FFFCFFFBFFE2
FFF90006FFFCFFFF
FFB7FFFEFFF60001
000300330000FFF3
FFE50000FFEEFFF3
001B0041FFFD0004
FFFBFFFBFFFCFFFF
FFFFFFFDFFFAFFD4
0016FFF5FFF70002
FFFFFFFDFFFDFFFC
FFF601620023000C
0133001BFFF30000
FFFFFFF4FFC2FFFB
0006FFF4FFF10000
FFF2FFFB0000FFFA
FFAE0003FFD8FFF7
FFFC0004FFFEFFC9
00D6FFFEFFFB0007
FFF8002B0003FFFF
FFFEFFFF000F0009
FFE4FFFD000E0012
0004FFA4000D0000
00010055FFFB0003
00010000000E0000
FFE000010004FFFC
FFEDFFFEFFFF0000
FFC4FFF1FFFFFFFA
FFFDFFEAFF8B0009
00010007000F0000
FFD400000000FFFE
FFFB0002000A0055
000400070000FF97
00030002FFF10000
00030001FFFCFFF2
FFF400020005034B
0002FFF700110001
FFEF01910007FFFF
0036FFFCFFFC0000
0000FFFF016E00EF
FFF70031FFD0FFFD
00160008000CFFD5
002800000085FFE8
00030001FFF7000C
000100790000000B
0003FFF8FFFAFFE8
FFFE0000FFFE0011
000100060005FFFF
00080007FFF80000
FFF30003000EFFD7
000500010014FFF8
0002FFF900710000
0025FFEFFFC700EC
0163FFC8FFFF0024
FFBC0001FFEF000A
FFFFFFD2FFF5FFFF
FFFF0006FFFC002D
0003FFF000010018
0022FFCCFFFBFFFE
0001000CFFC9FFFE
00B6FFFF00080005
FFBBFFE60001FFFB
FFF8FFFAFFFA0056
00070003FFFF001D
FFFF02FAFFFE0000
0002FFFBFFFAFFEF
FFF80005FFFDFFFF
FFAD0001FFF20001
00020025FFFEFFF3
FFEE0000FFFAFFFE
FFFC0070FFFFFFFF
FFFFFFFEFFFAFFFD
0002FFFDFFF8FFDC
0016FFEDFFFAFFFE
FFFFFFF60000FFFC
001F00A0005F000D
02F5000FFFF40000
FFFBFFF7FFC4FFFE
0006FFF8FFEC0012
FFF4FFFAFFFCFFFB
FFAC0001FFDFFFFB
FFFC004AFFFDFFBD
00CAFFFB0004FFFF
FFF9001C00000000
FFFDFFFE0009FFE0
FFD60000000D001B
000CFFB2000C000A
FFFE005EFFFF0003
00040003000A0001
FFEC00000004FFFC
FFFAFFFEFFFFFFE1
FFB5FFF0FFFEFFF7
0000FFEFFF72FFFD
0001000300100000
FFDA00000003FFFC
FFE9000200240036
0004000B0000FFA8
00050008FFEEFFF6
0002FFFFFFFFFFD6
00250001000402A4
0004000C000B0001
FFF40104000A0000
000FFFF90000FFFE
FFFDFFFF019400C5
FFF60028FFD70006
00140001003AFFFB
00360002007BFFF9
FFFF0000FFF70009
0006008500000002
0001FFF1FFF9FFCB
FFF40000FFFD0013
000000080004FFFF
00070008FFF6FFFE
FFDB000D000EFFD5
FFFEFFFF000DFFF9
0007FFFF00A6FFFF
0029FFEDFFB90205
01BEFFC2FFFD0008
FFBDFFE5FFEE000A
0000FFDEFFEF0000
FFFA0006FFFC002D
0004FFECFFFE000E
0030FFD4FFFD0001
0002000AFFD7FFE2
00F700010007FFFB
FFB0FFDB0000FFF1
FFF7FFFCFFF90049
000FFFFC000E002F
000204380000FFFF
0001FFF8FFF7FFF8
000100010014FFFF
FF9F001100000000
000100390000FFFA
FFF10004FFFF0000
FFFA009400000002
00360000FFF40003
FFF4FFE5FFF7FFDB
000EFFE70000FFFD
FFFFFFF000000001
002D00410068000B
04130013FFEEFFFD
00070000FFC40000
000C0000FFF30000
FFDB0008FFFDFFFF
FF93FFFD00080000
000C007BFFE4FFBA
00A9FFF6000FFFEA
FFF8002CFFFE000C
0000FFFFFFFBFFD6
0007FFFC0007FFFE
000EFFBB00090005
00000050FFFAFFFF
0003000300060008
FFE6FFFFFFFEFFFB
FFFF00000000FFC6
FFCBFFE3FFF6FFF9
0001FFF5FF540002
FFFE000800130000
FFC0000000010002
FFF8FFFF00320024
0002FFFFFFFFFFB5
0003FFFAFFF1FFE2
0000FFFA0007FFC6
0038FFFFFFFF01FE
0003003200040001
00050067FFF10001
001EFFFAFFFFFFFF
FFFDFFFF01D40075
00000015FFB80007
0018000100340009
00540001003EFFFE
FFF60000FFF60006
0000004F0000FFF9
FFFFFFEBFFF8FFCE
FFE90009FFFB0013
0000000500050000
00080006FFF3FFF2
FFD1002C000DFFD0
FFFAFFFC0004FFFB
0009000000B4FFFF
0045FFFEFFC6027B
021EFFB6FFFD0009
FFBEFFF6FFE60008
0000FFF7FFEC0000
00050008FFFC005B
0002FFF7FFFE0002
0017FFDDFFFD0000
00000005FFCEFFF4
0135000400050002
FFA7FFE40002FFFA
FFF50001FFF90031
000B00130013003D
FFFD048300000000
000CFFFC0000FFF9
000000000070FFFF
FFD80017FFFFFFFB
FFF100270000FFF8
FFFA0006FFFFFFFE
000800D200070000
00E4000000030001
FFFCFFF8FFFAFFE8
0006FFDB0004FFF1
FFFFFFEFFFFCFFF8
0022FFFF0072000E
04A30000FFF3FFFC
00690000FFD3FFFF
00100000FFF7000F
FFD10023FFF7FFFC
FFB4FFFE000A0000
00080109FFE3FFD2
006BFFF80007FFE1
FFF9000CFFFF0001
0003FFFFFFFCFFD4
001DFFFF00070006
0007FFD800060017
000000210000FFF6
000400030001FFFC
FFE700080000FFFC
00000020FFFFFFB8
0001FFD3FFF0FFF8
0005FFFFFF310002
000000080012FFFF
FFEF000000030016
FFF7000000370003
0001000CFFFFFFD7
00000003FFF4FFCA
FFFBFFF40004FFB3
00300000FFFC014C
0002005400040001
00040003FFCF0001
004BFFF9FFFF0000
FFF7FFFF01320020
0002001FFFC1002E
001EFFFD003EFFFF
004C000300150003
00010000FFF60001
00050069FFFFFFF3
FFFFFFEBFFFCFFD3
FFDA0006FFFB0010
FFFF00060007FFFF
00070009FFF6FFE9
FFC70022000FFFD0
FFF9FFFEFFCCFFFE
00040006004AFFFA
0040FFFFFFC702E8
0192FFA8FFFDFFFE
FFC50031FFE60006
000F0000FFF20000
000AFFF2FFFD0058
0000000100020001
FFECFFFBFFF5FFFF
00000000FFD1FFE0
011800000004FFFF
FFABFFDA0006FFFE
FFF40007FFFC0043
000E000F0014003B
FFF403B800000000
000CFFFE00000004
FFFFFFFF00D90000
FFDD0019FFFFFFF8
FFF4001B0000FFFE
0013000BFFF7FFFB
000200AB0007FFFF
0274000300010001
FFF50004FFF6FFEF
FFF2FFDE0007FFE0
FFFFFFF0FFF00000
0002000200490011
04610001FFF9FFFD
011CFFFCFFEEFFFE
0011FFFDFFFB0003
FFE8001DFFEF0001
FFCE000000040000
000501F4FFF0FFE6
0049FFF60014FFE0
FFFE00000003FFFD
0004FFFF00010024
0030FFF900080000
0008FFF7000A000C
00000003FFFBFFFA
00010002FFFAFFFC
FFF00025FFFE0008
00000023FFFEFFBD
0010FFC3FFFAFFFF
0000FFFFFF4D0004
000100040011FFFF
0014FFFF0001000D
00000000006F0000
0000000AFFFFFFFB
00020003FFF7FFC8
FFF9FFF00001FFB0
002FFFFF00000087
FFFF008AFFFD0002
00020000FFC30003
0081000000000000
FFF4000100DC000E
FFFC001FFFBF0059
FFF9FFFB005BFFFB
003F000400010006
00000000FFF7FFFE
0002004EFFFFFFDE
0000FFF8FFFFFFE0
FFD10009FFFD000E
FFFE000600070001
0003000BFFF4FFEA
FFD6000C000EFFD6
FFF7FFFBFF9F0000
000400090025FFFE
00300000FFE80373
00EBFF9E00000002
FFDB0034FFF7000B
0021000100000000
000AFFF3FFFE0024
FFFF0007001C0000
FFE5FFFAFFF40000
0000FFF8FFDC0001
00FB00020002000A
FFBBFFE10004FFFF
FFFC000FFFFF0026
000F0013000E002B
FFDA02BC00010002
0009FFFB0000FFFF
FFFF000401E9FFFE
FFE0004EFFFEFFE4
FFF7000A0000FFFE
002C0025FFF5FFF7
0006008A0009FFFF
04AE000400010000
FFF80005FFF3FFFD
FFC3FFD80006FFE5
0021FFFCFFE60009
FFE40004001C0012
03EE0000FFFD0000
01CFFFFDFFFBFFFE
0024FFF800000000
FFEEFFFCFFEE0000
0001000000020000
000101D1FFF40002
0033FFF2000AFFE0
FFFE00000000FFFF
0003FFFFFFFA0018
003BFFFD00040005
0000000100080007
FFFFFFFDFFFAFFFA
00000004FFFFFFFF
FFEE005600010002
0000003A0004FFD1
002DFFC6FFFD0003
FFFCFFFFFF72000A
FFF90003000BFFFD
001400000000000B
FFFAFFFF00860004
0000000200000000
0004FFFEFFF5FFCE
FFF5FFEAFFF8FFA6
000AFFFFFFFE001A
0002005F00150004
00030005FFAD0003
008C000400030000
FFF000000062FFFF
FFE90030FFCE0049
FFE2FFFC0053FFFB
00320005FFFF0005
FFFF00000003FFF8
000000030004FFF2
0003FFF50001FFF4
FFCF00000000000A
00000005000A000A
FFFF000BFFFBFFE9
FFFB00060010FFF0
FFFBFFF5FFB60000
0007000700130002
002EFFFEFFFD026F
0079FFBBFFF70006
FFF0004CFFF2000C
000D0001000A0000
0000FFF6FFFF0031
0000FFFE00390000
FFD0FFFDFFF90000
FFFEFFEBFFDB0000
00550001FFFD0009
FFD3FFD5000B0003
00000006FFF60008
FFF700100019001B
FFAF017D00000003
0009FFFAFFFFFFFF
000000180355FFFF
FFDD003EFFFEFFDE
FFFC0004FFFCFFFE
00480026FFF7FFFD
FFFC006F00090001
043A0001FFFE0002
FFFB0003FFF70001
FFBEFFDA0003FFD3
00000000FFE0000B
FFCE000B0009000F
0244FFFFFFFFFFF9
0324FFF4FFFF0000
001AFFF50000FFFF
FFF7FFD9FFEE0001
001D000100040000
000101B5FFF6FFFF
FFF3FFF60005FFE7
000000000007000C
0004FFFFFFFC000B
003300030002000C
FFFD000000050007
FFFEFFFFFFFAFFFB
00000000FFF30001
FFF900A4FFFA0008
000000190000FFEF
0038FFCFFFFD0000
FFF9FFFFFF980007
000B0003000CFFFC
002600000000000A
FFF0000200600005
000000080001FFF7
00020001FFF9FFF6
FFF4FFF0FFEAFFD3
00060000FFFEFFF6
0017004700190005
00020003FFA30000
00A7000800030001
FFF1FFFF000E0002
FFDA0038FFEE003E
FFE0FFFB0054FFFD
00080006FFE50005
0000FFFFFFFFFFEF
00000014000C0002
0003FFFE0000001B
FFE000000002FFFD
FFFC0004FFFB0007
FFFC00040000FFE3
000200010010FFFB
FFFFFFF8FFA9FFFF
0004000600040001
0047FFF80001017E
0051FFC2FFE30007
FFFA006EFFF5000D
0010000000100002
FFF9FFFEFFFFFFFE
0016000C00070000
FFE40002FFF6FFFF
FFFFFFF4FFDF0000
0030FFFCFFFA0004
FFF3FFD5000B0003
FFF70001FFDA000F
FFF9001F0008000E
FFA3003D00030014
0000FFF3FFFDFFFF
000100230397FFFF
FFF40021FFFEFFD5
FFFEFFF50003FFFC
00150023FFF8FFFE
0004002300050003
05CE0002FFFD0001
FFF30002FFF60000
FFD7FFEAFFFFFFD8
00000000FFD4000C
FFD5000900000010
00B3FFFF001EFFF9
024EFFF0FFF20005
0013FFFDFFFE0000
0000FFBCFFF30003
001800010001FFFF
FFFA0184FFF8FFF4
FFD8FFF7FFF9FFE6
0001FFFF0013000E
0004FFFFFFFE0005
0023002200000019
FFFFFFFF00050002
FFFDFFFEFFF3FFFC
0000FFFFFFF00002
FFFA00BFFFFD000B
FFFF000700010001
0063FFD0FFFEFFFF
FFFDFFFFFFD1FFFA
00230002000AFFFF
0025FFFE00000009
FFF1000200030002
FFFF00050004FFE4
000100010001FFFB
FFF00001FFF1FFE5
000B00000001FFFD
005C001600170004
FFF80003FFAFFFFF
009300010000FFE9
FFE6FFFF00040004
FFCD003400000017
FFDFFFFB0018FFFE
FFFB000200000003
0000FFFF0001FFED
FFF9004000040017
00050001FFFF000F
FFEA00000006FFFE
00000001FFFD0008
000900010000FFEC
FFFE0000000CFFFD
0002FFFFFFC2FFFA
00000004FFFE0002
0036FFF500090068
0011FFCBFFC80007
FFFF00C1FFFB000E
0002FFFF00140002
0000FFFF0000FFFC
00390012000C0003
FFE20004FFFBFFFC
0000FFFAFFE2FFFF
001CFFFE00030002
0003FFD800000002
FFF80000FFD2FFF8
0001003200000012
FFAFFFEBFFFE003F
FFFFFFF5FFFB0000
0003001502E3FFFF
FFF8000DFFFFFFE3
FFFFFFF40000FFFD
004D0019FFF70001
0016FFFD00020003
042F0001FFFD0001
00030003FFFA0003
FFD600030000FFE3
FFFFFFFFFFF70009
FFE50002FFFE000A
0007FFFEFFE2FFFB
0196FFFBFFF0FFFE
0019FFFB00020001
FFFFFFB1FFF3000A
00100003FFF80000
FFFE00D7FFFFFFE4
FFCDFFFA0001FFEA
00000000001F0011
FFFFFFFFFFFFFFFB
001D0023FFFF000C
FFFFFFFE00060000
FFFBFFFCFFED0006
FFFFFFFEFFDF000A
000100E2FFFF0010
00000000FFF8FFFC
002EFFC5FFFFFFF4
0002FFFDFFEDFFF1
FFFD00030010FFFF
000AFFFF0001000E
FFF30003FFF3FFFB
FFFF00000005FFE6
FFFCFFFF0001FFFF
FFFE000EFFF7FFF6
FFEC000400010007
00520000FFFC0001
FFFC0008FFB90003
00590005FFFFFFFD
FFEBFFFF0000000A
FFDA003500060028
FFD800020000FFFE
FFE9FFFD0001FFFF
00000000FFFDFFE4
FFEF00470015000D
000AFFFDFFF4FFF1
FFF800000003FFFC
FFFCFFFFFFFE0006
0016FFF800010007
FFFF0000000BFFFF
00010000FFD4FFF8
FFF3000AFFFF0003
000EFFEB00040003
FFFFFFE9FFCE0006
FFFF00CC00050008
FFFF000000120005
000200030000FFFC
0082000A00040001
FFF400040000FFF9
FFFDFFFBFFF1FFFE
000D0001002AFFFB
0005FFF200000000
FFF80002FFC0FFD1
FFFD002CFFFF0000
FFC5FFF4FFF80065
FFFE000CFFF90001
0005002701E2FFFE
000900000000FFED
FFFAFFFFFFFDFFFE
001A000800050000
001DFFFFFFFA0002
028A0000FFFAFFFF
00530003FFFB0002
FFE000060002FFF2
FFFFFFFEFFF10007
FFE10002FFF30007
0001FFFFFFEBFFFC
00FA0014FFEA000A
000AFFEF0000FFFF
FFFFFFD7FFF70006
00080006FFF7FFFD
FFFD0061FFFFFFDA
FFCAFFFCFFFCFFEE
0000FFFF00350011
FFFC0001FFFFFFFD
0028001000000012
FFFCFFFE00020000
FFFC0005FFF20001
FFFF0000FFEA000A
FFFF017200030011
FFFEFFFD0001FFEB
0009FFE20000FFF0
0004000200000008
FFFD00010007FFFF
00070005FFFF000C
FFE600000003FFFD
FFFF00090000FFE0
FFFDFFFC0003FFFF
FFFE0016FFFDFFFD
FFE80008FFFC0007
005AFFFFFFFC0001
00090008FFD40004
000DFFFFFFFFFFFF
0000FFFF0004000D
FFEA001400070008
FFE1FFFE0000FFFF
FFE9000500030005
FFFF0003FFFE0007
FFEB007F000D0014
001AFFFFFFF3FFDA
FFFD00020006FFFE
0000FFFFFFFB0007
0011FFF900010022
00000001000A0000
0000FFFFFFF5FFF8
FFF6000200010003
0018FFF50006FFED
0002FFE2FFC0000F
FFFF00EF00050005
FFFEFFFF00130009
00030003FFFFFFFD
0052000400000015
FFF700040005FFFA
FFFDFFFDFFFB0000
000C00010045FFF7
FFF4FFF300000000
FFFCFFFAFFBAFFDD
FFFFFFF1FFFD0000
FFC90009FFFB0050
FFFFFFFEFFFB0003
000300070101FFFE
000D0000FFFEFFF4
FFFBFFFCFFFC0000
FFDB0005000A0005
000D0000FFF00002
00F1FFFFFFFEFFFF
011A0000FFFF0004
FFEB00010001FFF9
0000FFF6FFF50004
FFED0001FFED000A
00020000FFD9FFFB
0030004AFFE5000B
0009FFFAFFFFFFFD
0001FFE0FFF90005
002C0006FFF5FFF9
0009001B0002FFD5
FFDB0001FFFFFFF7
0000FFFF001D0010
FFFA000EFFFEFFFF
001200220007FFEA
FFFD000300010001
FFFD0003FFF50000
00000001FFED000A
FFF8013D00030012
FFFCFFFA0003FFD5
000AFFE40002FFF3
0004000600000018
000600010005FFFE
FFFDFFF9FFFE0009
FFF60000FFFFFFFB
FFFE002D0002FFDB
FFFEFFFD0007FFFF
0000002300020001
FFE40015FFEC0010
0058FFFD0000FFFE
00380009FFFD0002
FFEFFFFC0000FFFF
FFFDFFFE000A0006
FFE100050006000E
FFEF000000110000
FFEC004F0002001D
FFFE000A00030009
FFE100950010000A
000FFFFEFFE9FFB7
000200040007FFFE
0000FFFF00000006
001CFFFB0000001A
0000FFFE00050000
FFFAFFFFFFFFFFF7
FFFA000700050001
0019FFF3FFFEFFF7
FFF9FFF4FFD90010
FFFE00E40000FFFF
00020000000F0005
000E00040000FFFF
0049FFFB00020017
FFF700090008FFF2
FFFFFFFFFFFB0000
FFFE0000007EFFEE
FFE6FFF600000000
FFFDFFFBFFB0FFC7
FFFEFFF3FFFEFFFB
FFD3000BFFFD0075
0001FFFFFFFD0004
0000FFFE00700009
0027FFFBFFFDFFFE
0000FFFFFFF40000
00110001000D0007
00120003FFE50001
0065FFFE0000FFFC
01EA0000FFFF0000
FFF8FFFA0007FFFB
0001FFFFFFF8FFFF
FFF9FFF7FFE60002
00060000FFD10001
FFFF0069FFE10052
0001FFEDFFFEFFFA
0006FFFAFFFD0003
00410003FFECFFEC
0000000B0005FFDD
FFDA00020001FFF4
00020001000F0010
FFFC001CFFFA0008
000600050003FFD1
00000005FFFC0002
000400050000FFFD
00070000FFFCFFFE
FFF500D400050009
FFFFFFF90001FFC1
0010FFECFFF4FFF4
0002FFFEFFFF002F
000400050003FFFF
0001FFE9FFFD000C
FFEFFFFF0000FFFE
0000FFF0FFFEFFE2
FFFBFFFE0000FFFF
0000000C00220000
FFF60031FFE40010
0036FFFA00030000
00CB000700000003
FFF0FFF9FFF90000
0000FFFB00060009
FFF20004FFFC0004
FFF0FFFE00060001
FFE800EE00010050
FFFD001200040008
FFDE00EC00120001
000EFFFDFFE2FFB5
000000060004FFFD
0003FFFEFFFE0007
000F00010000000A
0000FFFD00020001
FFF60000FFFEFFF5
FFF8000600010003
000DFFFAFFFE0004
FFEEFFF8FFE00008
FFFF012B00000002
0004FFFE000A0005
000EFFFE00000001
002BFFFE00040026
FFF000090009FFEE
FFFF0000FFFDFFFF
000000000090FFF0
FFE1FFF500000000
FFFFFFF8FFB9FFC3
0001FFFB0000FFFD
FFC0000AFFDE006E
FFFF0000FFFF0005
0000FFFE000D0002
00030000FFF70009
00000000FFF1FFFF
000E00000010FFFC
00160004FFE20000
FFFD000900010011
012EFFFEFFFFFFFF
FFFFFFF600090002
0003FFFEFFF9FFFF
0001FFFEFFE30001
00070000FFD10002
FFF500A3FFE50024
0001FFD0FFFFFFFC
0007000EFFFC0000
00250002FFE8FFE7
0000FFFF000AFFEC
FFF100080000001D
FFFDFFFF00080003
FFFA0044FFF9001E
0004FFFE0012FFC0
0000FFFDFFF60002
FFFE00060000FFFE
00080002FFFEFFFE
FFF8006A00070009
FFFFFFFA0003FFAA
0003FFF2FFF0FFEB
0001FFF2FFFF005A
0000000400020000
FFFCFFE300000007
FFF4000100000003
FFFCFFF9FFFDFFF7
FFEBFFFFFFFFFFFD
FFFFFFFB0015FFFF
FFF40016FFDF0012
0015000000060001
00E50003FFEE0002
FFE1FFFEFFF9FFFF
000AFFFB00090009
FFFCFFFFFFF9FFFC
FFF9FFFC000DFFFA
FFF0012FFFFE004F
FFFF000A0030FFFD
FFD70101000DFFFC
000BFFFDFFE2FFAC
000000050006FFFE
0003FFFFFFFE0006
000800030001FFBC
000200000004FFF6
FFF5FFFFFFFCFFFE
FFFA000400010001
0006FFF6FFFA0009
FFEAFFFBFFE30005
FFFE00C20000000B
0004FFF600080007
000CFFFF00000000
001AFFFC00040035
FFFA00080009FFED
00000002FFFDFFFF
FFFF00000082FFEA
0001000800000001
0000FFFAFFB2FFCB
00030003FFED0000
FFD00008FFEF002B
FFFF0000FFFE0005
00000003FFFB0001
FFFDFFFFFFE3000C
FFE40000FFD4FFFC
FFFE00000011FFEF
00010006FFDCFFFA
FFFD000700020006
01B3FFFDFFFF0001
0002FFED000A0006
0005FFFEFFFFFFFF
000A002EFFE00003
00090000FFC60007
0005008BFFF00007
0001FFB9FFFFFFFE
00050009FFFC0000
0035FFFFFFEAFFC0
FFFEFFFF0007FFFC
FFDC000500030020
0002FFFD00010004
FFFF0043FFF70047
FFFFFFFE001AFFD2
0001FFE8FFF80003
FFFF0001FFFF0003
000700000000FFFE
0003004D00040006
0000FFF80004FF87
FFFBFFF4FFF8FFEC
FFFEFFE700000070
FFFD00030002FFFF
0000FFD800020008
FFEC000100000014
FFFE0061FFFD0009
FFF90000FFFF0001
0000FFDB001A0001
FFFE001FFFCE000B
0004FFFF00060006
01200001FFCE0006
FFDAFFFFFFF50001
0011FFFE00070000
FFFFFFECFFFC0000
FFFEFFFD000CFFF1
FFE80244FFFF008A
0003000E002FFFFF
FFB60135000DFFFA
0000FFFBFFE8FFB6
000000060006FFFF
0001FFFFFFFE0006
00040006FFFFFF83
0001FFFBFFFFFFF0
FFFBFFFDFFEBFFFE
FFF9FFFD0002FFFB
00020000FFFB000D
FFE1FFFCFFE7FFFC
FFFF00FB00010027
0005FFEF00010005
000CFFFF00000000
0012FFF800020050
FFF200050009FFEA
0000FFFF00040000
FFFE00000052FFE9
FFFF0018FFFF0000
0002FFFCFFB2FFC5
000400060001FFFE
FFEE000BFFD8001F
0000000000000000
00000007FFFB0000
00100001FFD1000B
00070000FFDFFFF7
000CFFFF000DFFDD
000B0007FFCCFFFF
0000000600050001
0186FFF5FFFE0001
0005FFF3000B0000
00060002FFFDFFFF
000C008DFFC70000
00090000FFC8000E
000A0096FFF9FFFE
0001FFC100010001
00040003FFFC0001
00290000FFE9FFC5
FFFD000200080002
FFF600070000001A
0000FFF2FFFF0007
00010052FFF0002D
FFFFFFF90017FFE2
0001FFCEFFF10004
FFF600000000000E
0007FFFC0003FFFF
0001000A00070006
0000FFFF0000FF7F
FFEFFFFFFFF4FFF2
FFFEFFE3FFFF00FC
FFFA000500040000
0001FFDA00000009
FFED000200000001
FFFE000AFFFE0002
FFFEFFFFFFFD0003
FFFEFFD0000BFFFD
0000000AFFD7FFF9
FFFFFFFE0006000A
0102006EFF970001
FFD1FFFFFFEF0002
000BFFFE0003FFFF
0000FFF4FFFC0008
0001FFFE0008FFE0
FFEF0196FFFF0097
00020000002BFFFE
FFD300DE0004FFF8
FFF9FFFDFFEEFFD2
0003000600060000
FFF9FFFFFFFD0004
00000007FFFFFF6B
0000FFFEFFFFFFE9
FFF3FFFAFFED0003
FFFAFFFC0002FFFF
FFFA0000FFFF0011
FFCFFFFFFFF0FFFB
FFFF007D00010045
0006FFD4FFFC0005
000CFFFFFFF10007
0005FFF7FFF7006F
FFFF00030003FFEC
000000020008FFFF
FFFCFFFC0023FFE7
FFFC0012FFFF0000
0005FFFCFFADFFD9
000400060002FFFF
0000000BFFD3FFFF
000C00000000FFF2
0000000EFFF90000
00070002FFCF0004
00070001FFD6FFF4
0009FFFF000CFFB9
00020004FFC4FFF3
0000000600010000
014AFFE7FFFFFFEE
0002FFEF000B0001
0005000DFFF3FFFF
FFEF0128FFBD0000
000F0000FFE1000F
000E006E0008FFF2
0000FFCD000F0002
00030005FFFC0005
00050000FFDBFFCD
FFFE00020006FFF7
00000005FFF5002B
FFEFFFEEFFFE0005
00020059FFF80027
0000FFF7001CFFEF
0001FFB0FFF60004
FFF9FFFD0000001A
0005FFFB00040000
FFFDFFF500030002
FFFF00110000FF7E
FFE60002FFFAFFF9
FFFEFFE900000101
FFF7000000060000
0000FFE60002000C
FFEC000000010052
FFFD005DFFFFFFE0
000FFFFFFFFB0003
0016FFCA0008FFFC
FFFF0008FFD5FFF1
FFFFFFFE00060007
00BF0144FF8B0000
FFDDFFFFFFF00001
0011FFFEFFFDFFFE
FFFBFFEBFFFF0009
FFFEFFFEFFE9FFC7
0001019F0009008F
0006FFF90014FFFE
FFD700A30000FFFD
FFFEFFFEFFF5FFDA
000C00060004FFFF
FFFAFFFFFFFF0002
FFFE00080001FF5C
00010002FFFFFFE1
0000FFFBFFEF0001
FFF9000300020001
FFFBFFFF00040000
FFC70000FFF40001
FFFF003100010043
0007FFCFFFFC0002
000D0000FFDB000A
0001FFF5FFF6006F
000000000003FFE8
0000FFFF0008FFFE
FFF5FFEE0010FFF2
FFFD0014FFFF0000
0004FFFBFFBFFFEB
000400020000FFFC
00040007FFCAFFFD
001000000000FFDE
FFFF00100000FFFE
00120004FFD7FFFB
0007FFF5FFD3FFFB
00060000FFFFFFA8
00050005FFE6FFFB
0000FFFAFFFD0000
00FCFFE70000FFDD
0002FFF7000BFFFF
00060019FFE20000
FFF30171FFB7FFFF
000A0000FFD90012
000E00470004FFF7
0000FFD400070002
00030007FFFC000C
FFFA0000FFDAFFD4
FFFD00030004FFEA
000F0004FFF90017
FFF1FFFEFFFF0003
00010056FFFB001A
0000FFFC00120001
FFFFFF9BFFF70003
FFFDFFFE0000001E
0004FFFC00050000
FFF9FFFB00030000
FFFF0011FFFFFF8B
FFDB0005FFFD0001
FFFDFFEA000000B5
FFF8000100060000
0001FFE700050007
FFEF00010001003D
FFFE002DFFFFFFC3
000AFFFFFFFC0002
001DFFC5FFF5FFFE
FFFB0004000DFFF2
0002FFFE000B000A
00850312FF700000
FFE30000FFEF0000
0005FFFFFFF7FFFC
FFF2FFEB00000007
FFF8FFFFFFE8FFBD
0001017500110074
0009FFF000010000
FFEC00CEFFFCFFFF
FFF6FFFEFFFBFFDD
000A00060000FFFF
FFF900000005FFFF
00010007FFFFFF60
000400070002FFE1
000AFFFCFFEE0003
FFF500050000000C
FFFCFFFD000C0000
FFD00000FFF60024
FFFD001300000018
FFFEFFC400100001
0007FFFFFFD40010
FFFCFFF8FFF5005E
000FFFF80004FFEE
0000FFFF0010FFFE
FFF3FFE90000FFF0
0000000EFFFA0000
0002FFFBFFCFFFF1
000500010002FFFE
0001FFFEFFDBFFFB
0011FFFF0000FFDF
FFFD00070002FFFD
00090000FFE0FFFB
000B0006FFD8FFF9
FFFCFFFEFFFEFFA5
00020002FFE5FFFE
FFFFFFF2FFFB0000
00A9FFE0FFFFFFD1
0001FFFB000AFFFE
00050027FFD60000
FFF001F6FFBB0000
FFFFFFFFFFF2000E
00030013FFEFFFF7
0001FFE500030003
000000060000000F
FFEB0000FFD0FFD7
FFFD00000003FFDB
002A0000FFF80011
FFE8003200030001
FFFF003F00070009
0001FFFF0004000F
FFFFFF74FFFA0002
FFFB000000000010
0006FFFC0005FFFD
FFF0FFFB0003FFFE
FFFF0010FFFFFFB6
FFDB000A00060002
FFFDFFF0000000C1
FFF900000007FFFF
FFFDFFEE00030007
FFEC0001FFFF006D
FFFF00070000FF9A
00150000FFFE0000
002BFFC6FFF0FFFE
FFF2FFFF000B0021
0005FFFE000B0002
00360477FF7CFFFF
FFED0000FFF30002
0001000300000021
FFE6FFEFFFFF0006
FFF7FFFFFFE7FFB8
000000D10025003D
000CFFEAFFFA0000
FFFD0095FFFC0000
FFF8FFFF0000FFF1
001000060002FFFD
FFF90000000AFFFD
0002000B0000FF76
000700040002FFDB
000EFFFFFFE50002
FFF7000B0000000E
FFFCFFF4FFFCFFFD
FFDC0000FFED00AF
FFED0010FFFE0000
FFFEFFC4002D0000
0005FFFFFFD30023
FFFEFFF4FFF40043
002BFFF00005FFF3
00000002000CFFFD
FFF8FFF50000FFF6
FFFCFFFBFFFF0000
0006FFF6FFF8FFFB
000300030001FFFD
00010011FFE0FFFE
0010FFFF0000FFDA
FFF900080004FFFF
FFFFFFFFFFDFFFF9
0009000AFFDF0004
FFF6FFFEFFF6FFA7
0004FFFBFFF2FFFD
0001FFEAFFF7FFFF
002DFFE70000FFC8
FFFE000000060005
00080024FFCFFFFD
FFD7023CFFD2FFFF
000AFFFF0002000E
0003000EFFE5FFFE
0002FFF000000000
0000000000040010
FFE00001FFD5FFE6
FFF9FFFC0000FFCE
003C0001FFF90014
FFF500410003FFFE
FFFA0033000C0000
FFFF0001FFFF000F
0000FF71FFFD0001
000000040000FFF1
0000FFFF0005FFFB
FFE700030004FFFB
FFFE000BFFFDFFF5
FFD4000FFFFF0001
FFFBFFF3FFFE0070
FFFD00010008FFFF
FFF1FFF70004FFFD
FFF10000FFFE006E
0000FFF80000FF85
0014FFFF00020000
001DFFE3FFE50001
FFE8FFFF00030076
0006FFFF00090003
000A05A8FF79000A
FFFC0000FFF70002
0001000400120048
FFECFFFA00000006
FFECFFFFFFECFFA0
FFFF006E00460020
0002FFECFFFD0001
000B0095FFFF0001
FFF700000001FFFB
001E0005FFFAFFF9
FFF90001000C0000
000400090000FFA2
000900000004FFD0
00150001FFE7FFFD
FFFC001400010014
FFFDFFEDFFF2FFF7
0035FFFFFFFA00B9
FFE3FFF7FFFBFFF7
FFFEFF98001AFFF7
00020000FFDD0047
FFFFFFF5FFF60042
003CFFEC0004FFFB
000000160003FFFC
000DFFF50005FFFE
FFF3000000000000
FFFDFFFE00000001
FFFF0010FFFAFFFF
FFFD006F0001FFFC
000DFFFDFFFDFFD9
FFF80008FFFC0000
FFE1FFFAFFEE0004
0007000CFFF4FFFB
FFF20000FFF6FFB9
00020004FFF8000B
0001FFF8FFF90000
0004FFF10000FFC0
FFFE000100020007
00070018FFC90001
FFEF02470007FFFF
005AFFFF0001000D
00040000FFD00000
0001FFF8FFFEFFFE
FFFFFFF600070009
FFD60002FFD0FFF2
FFF8FFF30000FFC3
0038000200000007
FFF0005200020004
FFFC001D000AFFE0
FFFD0003FFFD0007
0000FF68FFFF0000
0005002FFFFFFFE7
0000FFFF00030001
FFE100070005FFFD
FFFD0002FFFF002B
FFCA00060004FFFC
FFFCFFFAFFF70011
00000004000A0000
FFECFFFB0001FFFA
FFF10003FFFF0084
0001FFFD0000FF87
0006000000000000
0017FFE5FFE3FFFF
FFE90001000000BB
0005000A00090003
FFE8047FFF9FFFFF
0000FFFFFFFE0001
0000FFFE004A00AB
FFE9FFFD00000001
FFDD0001FFF2FFB5
0000002A0071000A
0009FFE4FFFD0001
0009009500000002
FFEEFFFEFFFBFFFF
FFFBFFFE0000FFFB
FFF9000000060001
00030005FFE4FFBD
000500040005FFD1
00170001FFE9FFF9
0000000F000A0009
0000FFECFFE00012
00520000FFF80104
FFCEFFF4FFF0FFF8
FFFFFFAB001B0002
FFFDFFFFFFDA0039
0003FFF0FFF70030
002BFFEF0002000B
FFFD00020001FFEB
005CFFFA0008FFFD
FFE4FFFB0000FFFD
FFF9FFFBFFF90000
FFFF0009FFF70000
FFFD01920000FFFD
000CFFFEFFFFFFE9
FFF80008FFF90000
FFDAFFF9FFF70006
FFFE001C0001FFF9
FFEE0000FFE6FFD3
000C0018FFFB0019
0002FFFAFFF30000
FFFAFFF60002FFC2
FFFE0000FFFC0007
00030005FFDA0000
FFDE024C00290005
00E5FFFFFFFD000B
00040000FFBA0000
0000000000010000
FFFFFFDD00020009
FFD30005FFDFFFF6
FFF4FFF0FFFEFFD0
0039FFFF00000003
FFF4004500010014
FFFB0008000BFFD2
FFF60004FFFF0011
0001FF7DFFFF0000
0009004DFFFEFFDE
FFFDFFFF00020003
FFDE000A00070002
FFFA0000FFFE0038
FFC0000CFFFFFFF8
FFFB0000FFEB0014
00000003000A0000
FFDDFFFE0000FFFD
FFF3000A00010093
000100080000FF8D
000A0004FFFDFFFF
FFFDFFF2FFE70000
FFDE0006FFFF00BA
0005000000100003
FFF103F5FFA60000
FFF6000000010002
0005000A00970070
FFDC0000FFFA0001
FFE4FFFFFFFBFFBA
0002000100A10000
FFF4FFECFFF80001
FFFE005900000001
FFF5FFFAFFF20000
FFEEFFFE0000FFDF
FFFD00010005FFF9
000400070000FFCF
000500040001FFD1
00100000FFEDFFFD
00030009002B0003
0008FFEBFFD00066
00C30002FFFF00A8
FFB3FFF8FFE20000
0001FFC20007FFFF
FFFAFFF0FFE8001F
0005FFF5FFFA0012
0030FFEFFFFF0011
FFFF0005FFF9FFF6
0096FFFD000AFFFC
FFD5FFFEFFFFFFF5
FFF4FFFAFFF3FFFF
00010004FFF50004
FFF0026900070002
0004FFFF0001FFF3
FFFA0007FFFB0001
FFDEFFFBFFF70005
FFFB0033000CFFFA
FFF70001FFE2FFE5
00170030FFFE0019
0003FFFCFFF7FFFF
FFFEFFF80002FFD8
FFFFFFFBFFF40007
00040000FFE4FFFF
FFFA01D700490004
01B9FFFFFFF7000F
00030002FFB80001
00010000FFFF0004
0000FFE100050006
FFD90008FFE6FFFC
FFF4FFFBFFFFFFCE
0023000000000002
FFFB002C00010014
FFF70008000BFFD0
FFF200050003FFFF
0002FF8EFFFF0001
000700450000FFFA
FFFE00000006000C
FFE1000D00080008
00000000FFFD0028
FFD000060000FFF7
FFFFFFFEFFDB0011
00010005000A0000
FFDB0000FFFF0000
FFF9000C00030072
000200100000FFA3
0011000AFFEDFFFF
0001FFFDFFF40000
FFE8000AFFFB00A1
00050000000C0005
FFEF029DFFC70000
FFF1000000010011
0004000D00B10037
FFC90006FFE7FFFF
FFDE0009000C000C
0001000000A5FFFC
FFF20000FFF7000A
FFFB004E00000000
FFEFFFF2FFECFFFB
FFD100000000FFF2
FFFF00030005FFFD
00040009FFFEFFE3
FFFD0009000BFFDA
00100000FFFEFFF7
000600000031FFFF
0016FFE7FFCC00CF
011A0006FFFF00A8
FFABFFF2FFD70002
0001FFCA0000FFFC
FFF9FFFFFFF10021
0005FFF7FFFD0003
00260003FFFF000F
FFFC0002FFF4FFF1
00BAFFFE0009FFFA
FFD1FFFF0000FFF7
FFF0FFFEFFEDFFFC
001C0003FFFD0007
FFF8033400040003
0001FFFB0001FFF9
FFF70004FFF70001
FFE2FFFBFFFE0005
FFFD001F000CFFFC
FFF70000FFEAFFF7
000400490000001D
00020002FFF8FFFF
0001FFFDFFFFFFDB
FFFFFFF9FFEC0005
0000FFFFFFF10000
0005010F00650000
033A0000FFF20002
00000005FFB80002
00000000FFF20006
FFFFFFF900070001
FFDC0007FFF0FFFF
FFF6000AFFFFFFD4
0028000000030002
FFFD003200020019
FFF60000000BFFD3
FFE500050007FFFE
0000FFAB00000004
00060056FFFF0000
FFFF00010008000D
FFE600090008000A
FFFDFFFFFFFFFFF9
FFBAFFFFFFFEFFEE
FFFD0000FFB3FFFF
000100070010FFFF
FFCF0000FFFF0005
FFFF000800050057
0001000BFFFFFFB2
00060004FFF3FFFF
FFFAFFFFFFF9FFFE
FFFA000BFFF100AE
0004000F00000003
FFFB0148FFF6FFFF
FFE4FFFE00000000
0009000000CC005C
FFD20005FFD90002
FFF2000E00190008
FFF8000000ABFFFB
FFFEFFFEFFF7000C
FFE7004A00010000
FFEFFFF1FFE2FFE9
FFCA000000000001
FFFF00020005FFFE
0004000BFFFB0000
FFF70000000AFFEA
0005FFFF00030000
0004FFFC0040000D
0032FFF0FFC7023D
0108FFF9FFFB0067
FFACFFF8FFCB0005
0000FFDAFFFFFFF6
FFFCFFFDFFF60013
0004FFF8FFFDFFFF
000F0003FFFF0010
FFF80002FFEDFFEB
013E00000009FFFB
FFC9FFFC0002FFF4
FFEE0001FFE9FFFD
001FFFFC000B0009
FFFB048AFFFC0002
FFFEFFF70000FFFE
FFFE0003FFF10001
FFDD001200010000
FFFD0027000BFFFE
FFF80000FFEB0000
000F005B00000005
FFFEFFFFFFF70003
FFFEFFF10001FFDB
FFFEFFF7FFEBFFFE
FFFEFFFFFFF2FFFF
000400D6005A0000
0407FFFFFFEE0005
FFFF0005FFA80001
0000FFFFFFF40013
FFFF001C00070004
FFE1FFFEFFDEFFFF
FFF50057FFFFFFD6
00180000FFFE0004
0005000800010003
000DFFFF000BFFD6
FFF30005000C0002
0000FFBAFFFF0003
0000003600000008
0000FFFF0000000A
FFF200060004000A
FFFA0000FFFFFFEC
FFC2FFFFFFFEFFDF
FFFE0001FFAAFFFE
FFFC0009000E0000
FFBE0000FFFF0013
0001000900040077
0001000A0000FFCC
00070008FFF8FFFE
FFFB0001FFFBFFFF
0006000CFFEC0049
0004002A00030004
FFFA00430000FFFF
FFEBFFFE00000001
000DFFFF00FF0017
FFD80009FFD80005
FFF4000B00420004
0001000100A9FFFC
FFF8FFFFFFF7000B
FFF4004200000000
FFE9FFF6FFE2FFFD
FFC50000FFFF0001
FFFD000100060001
FFFF000CFFFAFFFD
FFF8FFFF0007FFF3
0005FFFF00020003
000500020023FFFF
0080FFFDFFCA0274
0148FFF8FFF80028
FFA9FFF8FFD40005
0000FFE90000FFE5
FFF9FFFFFFFC000C
FFFD0005FFF9FFFB
FFFD000EFFFF000C
FFFCFFFFFFE9FFEE
01A400010009FFFB
FFCCFFFA0004FFEE
FFF10002FFED0019
002EFFFD00140027
000503CCFFF60001
FFFBFFF400000003
00000000FFE90000
FFF500160007FFFC
FFF2001F000EFFFB
00010000FFECFFFF
0007004700000002
00060000FFF90000
FFFF00000003FFEC
FFF6FFEEFFF5FFFE
FFFE0000FFFBFFFF
0012005000ACFFFF
04D40000FFF2FFFE
00490004FFB20002
00020000FFF2000B
FFFD002B0006FFFF
FFD5FFFFFFE20002
FFF900A6FFFFFFD6
00130001FFFCFFFF
0005FFEE0002FFFF
001D0000000BFFEE
FFE9000C000CFFFE
0003FFDC0002000B
0000002DFFFCFFFF
0000FFFF00050003
FFFB00000007000E
FFF600000000FFD1
FFBD0000FFFDFFDF
0000FFF0FF8AFFFE
FFFA000F0011FFFD
FFC90001FFFE000B
0010000B000F0041
0000000C0000FFE9
00000011FFFAFFF7
FFF800010003FFF6
00140009FFDF0038
0005006300030005
FFFFFFF7FFFBFFFF
FFDAFFFD00010000
000BFFFE00DA0008
FFEF0000FFD0003A
0011001400610002
FFFC000200550000
FFFEFFFFFFF8000B
FFEA0035FFFE0006
FFE6FFF0FFC8FFFD
FFBD000000000003
FFF4000000030001
FFFE000EFFFAFFE3
FFF5FFFE0008FFFB
FFFFFFFCFFF80006
00070006004CFFFF
00ABFFFCFFD60359
017FFFE3FFF5FFEF
FFB4FFFBFFD90008
FFFFFFF7FFE9FFE9
0004000000020009
FFFC00130005FFF7
FFF9002100000013
FFF80000FFC7FFF6
021400000006FFFC
FFD0FFF7000CFFF3
FFEA0001FFF20002
003AFFFE00360038
FFFC036FFFF1FFFF
000CFFE20000FFFF
0001FFFE001D0008
FFFD005BFFFF0006
FFF6003100250001
0001000AFFE8FFF0
000E005BFFFFFFFF
0084FFFFFFFB0008
000000000000FFEB
FFEEFFECFFF6FFF6
FFFF0001FFFF0004
0004FFF8007DFFFE
05890000FFE8FFE1
01090002FFB9FFFE
00010000FFF9003C
FFFD00250003FFFF
FFDAFFFFFFE80000
FFFB00EFFFFFFFEB
000E0000FFF3FFF7
0008FFE80000FFFE
00210000000C000F
FFE9000A000D0001
0006FFEB00040023
00000013FF93FFFB
FFFDFFFE0000FFFF
00020002000A0003
000300040000FFAA
FFE3FFFF0000FFEA
0000FFF4FF4AFFFF
FFFF000D0010FFFD
FFDA0001FFFD0019
000F000A00070013
0004000B0000FFF6
00040019FFFEFFF4
FFFA00000005FFF3
000C0008FFD20010
0003008C00010004
0000FFF7FFEBFFFE
FFF0FFFE00040000
FFFEFFFF00A0FFE4
00000007FFCB0058
001F000F007F0000
0008000200190006
FFFF0000FFF8000A
FFEA006AFFFD0009
FFDDFFEAFFD30000
FFC3000000000005
FFFAFFFF0004FFFE
FFFEFFFBFFFEFFE0
FFEAFFF300050003
FFFCFFFCFFF90009
0003000A0052FFFF
00BAFFFEFFD603D1
012FFFDBFFF6FFF5
FFB40007FFE10007
FFFEFFFDFFEBFFED
000000000000000A
FFFD00340007FFFB
FFF7001B0002001B
FFF30000FFCCFFF0
021200020004FFFC
FFCDFFF8000FFFF6
FFEE0000FFF50002
003CFFFF0052002B
FFED02E0FFF5FFFF
000DFFD2FFFFFFFE
0003000100A20008
FFFF0066FFFF0001
FFF8004200290003
0003000EFFF6FFED
000D0032FFFDFFFE
0176FFFEFFFC0002
00000004FFFFFFF6
FFDEFFEFFFF7FFF4
FFFFFFFF00040001
FFE7FFF900610008
038E0006FFD9FFDA
02A2FFF9FFDA0000
0005FFED0006003A
FFFEFFE80004FFFE
FFEAFFFFFFEF0000
FFFA00C6FFFFFFFE
0006FFFEFFEDFFF7
000CFFDBFFFF0000
001D0000FFFF0004
FFEA00070004FFFB
0004FFFB00030007
00000002FFFB0001
FFFEFFF8FFFC0002
0000000200060001
0002000D0000FFB1
FFE800020001FFEF
FFF8FFFDFF6BFFFF
FFD9000C0012FFF9
FFEB0000FFFC000F
0013000400000009
0006000D00030004
000000150000FFFD
FFF9FFFD0002FFF6
00000000FFD8FFFF
FFFC00F7FFFFFFFE
00010001FFE6FFFF
FFE9000200090000
FFF90000005BFFF0
FFFD0003FFCE006A
0017000B009C0001
00070004FFFE0006
00000000FFF9000C
FFF20057FFFE0015
FFD3FFF3FFEFFFFA
FFD4000000000008
FFFA000100030000
FFFFFFFCFFFBFFD0
FFF2FFFAFFFF0002
FFFFFFFF00010006
0004000C006F0000
00970002FFF0027B
0069FFEEFFEFFFF3
FFE1000FFFEB0005
FFFE0001FFFA000B
00090002FFEB0008
000800390000FFF4
FFF9001E0004FFFE
FFF90000FFD1FFFF
0181000100000004
FFE8FFF2000AFFFD
FFF3FFFFFFFC0007
0024000E004E001C
FFD00130FFF0FFFF
0008FFCDFFFFFFF9
FFFB0006017E0006
FFFF00A2FFFEFFFC
0001002200300000
FFFF0011FFF9FFEE
0018001DFFFBFFF5
033DFFFE00000002
00000004FFFCFFFE
FFD60009FFFDFFE9
0000FFFE00080002
FFCC000000430008
019FFFFFFFECFFDB
0350FFF9FFFDFFFE
0007000E0009005A
FFFFFFB5FFFEFFFC
FFF70000FFEEFFFF
FFFB00C20000FFFE
FFF60001FFFFFFFA
FFFBFFEE00010004
0019000100000000
FFEE000400050008
0001000100020024
0001FFFEFFFDFFF9
FFFEFFF800000002
FFE800210004FFFF
0001FFFF0000FFBB
FFF7FFFA0007FFFE
FFFCFFFCFF790000
FFDC000E0010FFFA
00000001FFFD000C
0019FFF2FFFCFFFA
000E001000020000
0003001E0002FFFD
FFFFFFFBFFFAFFF8
FFFDFFFFFFF40004
FFFB00F9FFFFFFF8
00030000FFD60003
FFE9000F0011FFFE
FFF9FFFF0003FFFA
FFF40004FFE900F2
0018000700A20001
0004000100000005
0000000000050008
0000005FFFFE001B
FFD3FFF6FFFD0032
FFDD0002FFFBFFFB
FFF9FFFF00000005
0000FFFE0004FFBE
FFF6FFFB00010001
FFFDFFFF00000016
FFFF000B00240000
00BA0003FFFC0155
0015FFF3FFF4FFFD
00020036FFF90001
FFFD0002000A0022
0000FFFCFFD2FFFF
00680074FFFFFFFC
FFFFFFFB00050006
FFFB0001FFD2FFFE
0120FFFE00010000
FFF5FFF70012FFF8
FFFBFFFF00060002
0027FFF1004A0009
FFA90054FFF60006
FFFEFFC1FFFF0001
FFF9003F01970001
0007006CFFFEFFE6
00030026001EFFFC
FFFF001DFFF8FFF1
000AFFF6FFFCFFF3
03EDFFFF00000009
FFF70000FFF50000
FFD1000AFFFEFFE9
0000FFFE0000000F
FFBC000500100007
00A0FFFFFFFBFFD0
03BCFFEAFFF90015
00060030FFFC0031
0001FFA4FFFEFFFC
00070000FFE9FFFD
FFFC00650000FFF1
FFEA0002FFFD0000
FFFBFFF80005000B
000B0001FFFC0000
FFF0FFFEFFFB0000
0000000200000011
00020000FFFBFFFE
FFFFFFF8FFF90005
FFD6002C000A0000
0000FFFDFFFDFFE3
0003FFFA00080005
FFFDFFFFFFB00000
FFDE000C0012FFF4
00180000FFFE0005
000DFFF5FFFBFFFA
001000060003FFFE
000000130000FFF9
FFF6FFFDFFFBFFF3
FFFA0002FFF80004
FFF60086FFF2FFF2
FFF9FFFDFFD1000A
0012000C0012FFFE
FFF3FFFEFFF70005
FFF5000BFFFF00DC
000B000200630000
0000000000000003
0001FFFC00070006
0003009400000025
FFCA000100040054
FFF60002FFF5FFFB
FFF5000800000006
0004FFFF0004FFBA
FFFE0001FFFFFFFC
0003000600050000
0004000FFFF80001
007700000000003C
0004FFF0FFE60001
000D0049FFFF0002
00000001000F000E
FFFE0001FFCAFFFE
0039005AFFFFFFFA
FFF8FFF60000FFF5
FFF8FFFFFFDDFFFF
0076FFFA00280001
FFFFFFEC0002FFFE
0000FFFCFFECFFFC
000000110029000B
FF9DFFFEFFFB001C
FFF9FFC7FFFF0000
FFFF002B01B20001
00020031FFFDFFF2
0005001E0044FFFC
FFF70012FFFBFFF4
0005FFE9FFFEFFF4
03D300000001000D
FFF2FFF7FFF30001
FFD90017FFF8FFEA
0000FFFEFFF0FFFF
FFCF0006FFFB0009
FFEAFFFFFFFFFFE0
032FFFE1FFD6002D
0009008AFFFC002B
0001FF8AFFFDFFFB
00090000FFECFFFA
FFFF00330003FFCF
FFEC0006FFFFFFFD
FFFDFFFA0014000D
00060001FFEFFFFF
FFF9FFF8FFFD0003
FFFFFFFCFFFD0006
000100050002FFFF
FFFEFFFFFFFB0002
FFC6001D00090006
0000FFFEFFFCFFF4
000BFFFA0004000A
00000000FFE5FFFE
000300020011FFFC
FFF8000200000003
0002FFE7FFFBFFFD
000EFFF80003FFFB
FFFD0010FFFF0003
FFFEFFFFFFFC0000
FFEA001000010004
00000026FFF3FFE1
FFF0FFFEFFD9000C
00310018000EFFF9
FFFBFFFFFFFF000F
FFFC000B000000DE
000200050000FFFF
FFF6000D00020001
0001000200090000
000700CEFFFF0010
FFE00000FFFA006F
FFFE0001FFF6FFFB
FFF90002FFFC0009
002AFFFE0008FFD6
FFFFFFFFFFFEFFF8
0004FFFCFFFB0001
00060007FFF20002
0025FFFC0000FFF9
FFFFFFFAFFDC0005
000300860007FFFE
0000000000120021
00040000FFBF0000
003F004BFFFEFFFA
0003FFF9FFFFFFF4
FFF7FFFEFFEDFFFF
0008FFFD009DFFFD
0000FFEEFFFFFFF3
FFFDFFF8FFD9FFF1
0000000E000FFFFF
FF870000FFFF002B
FFFDFFE7FFF90000
FFFE003801550002
FFF00012FFFFFFE7
00050007002AFFFE
FFF200110001FFF6
FFFDFFFB00080001
0132000D0005FFF2
0011FFF3FFDC0000
FFD1000EFFF3FFEC
0000FFFEFFE3FFFF
FFDA0004FFF90009
FFEBFFFFFFFFFFEA
0257FFE7FFB70029
000F0083FFFB0014
0000FF94FFFEFFFB
FFFBFFFFFFECFFF9
0000001A0005FFD9
FFF400050012FFFB
FFFFFFFC0010000F
00050002FFFAFFFF
FFFAFFF2FFFEFFEE
FFFE0000FFFD0000
000000050001FFFE
FFFFFFF4FFF9FFFB
FFC1005E00090006
FFFFFFFFFFFC0000
000BFFFF00020006
00030000FFFDFFFF
000100020011FFFE
FFF7000100000003
0001FFE6FFFD0016
0006FFFF0003FFFB
FFFBFFF700000004
FFFEFFFF0004FFFF
FFE1002800020004
0036FFFEFFF3FFE3
FFEDFFFEFFE00009
001900220007FFFE
FFF9000000050008
FFFC0006FFFC0094
FFFC0005FFFAFFFF
FFED004600050000
0001000400030002
00010093FFFF0012
FFEDFFFFFFF6004A
00000000FFF7FFFB
FFFE000800020009
004AFFFF0003FFE6
00000001FFFFFFFC
0004000900030000
0002000CFFE00003
001EFFFAFFFBFFF0
0002FFFDFFEB000A
000200820006FFFD
00030000000F000C
0005FFFFFFC80000
00A80063FFFEFFF3
0002FFFD0000FFEE
FFFC0000FFF3FFFE
FFF6FFFD00AFFFF1
FFFBFFF300000000
FFFDFFF6FFB8FFDE
FFFB0017000D0000
FFA8000000010043
0000FFE8FFFF0000
FFFF001700E10003
FFE800050000FFEF
0007000600320001
FFEB00060005FFFB
FFFF000000000002
008A00060004FFFA
0054FFFDFFE10000
FFE0000DFFFAFFEE
0000FFFDFFEAFFFF
FFE00002FFF5000A
0001FFFF0000FFF8
00DAFFEDFFB0006A
000B008CFFF8000D
0002FFB3FFFFFFFB
00050000FFF8FFEE
000A00070008FFD2
FFFA00050003FFFE
0001FFFE0016000E
FFFC0000FFF6FFFF
FFFDFFF3FFFEFFE3
FFFB0001FFF9FFFB
FFFF00070000FFFB
FFFFFFDC0000FFFA
FFC4006400030005
FFFF0000FFFFFFF9
000CFFFFFFFFFFFF
0002FFFF00010004
0000000B00070000
FFF80002FFF90002
0000FFD80000003B
0009FFF40007FFF8
FFFEFFFA00020009
FFFE0000000FFFFF
FFE400070003000C
0016FFFEFFFAFFD7
00110002FFEF000B
0006001300020000
FFFA000100080006
00060004FFFA005E
00000001FFFAFFFE
FFEA009A00060005
0000001B00010004
FFF5008AFFFCFFF4
FFF6FFFFFFE5004B
00000002FFF5FFFD
0002000300080009
0018000000020000
FFFF0001FFFFFFFB
0001000800020000
FFFF000AFFE2000A
0013FFF7FFF9FFFE
0002FFFFFFE80007
FFEC00B500030004
00080000000F0007
000DFFFFFFC60000
005A00600002FFF7
0002FFFF0003FFF0
0003FFFFFFFD0001
FFEFFFFD00E7FFF8
FFEDFFF40001FFFB
FFFFFFF8FFADFFE5
FFF900060001FFFF
FFB0FFFD00000018
FFFCFFEAFFFE0001
FFFE0007003C0001
FFDD00000000FFF0
0005000300410002
FFE9000000020003
FFFEFFFFFFFA0004
0023001D0009FFF7
009AFFF9FFE50000
FFF10002FFFFFFF3
0001FFFFFFF4FFFF
FFF3FFFCFFF40006
00030000FFF9FFFB
0066000CFFBF0043
00050046FFFA0003
0002FFB60000FFFE
FFEC0000FFFCFFF4
0004000A0005FFDA
FFF5000400050001
000000000013000D
FFF7FFFFFFFB0001
FFFEFFF5FFFDFFBA
FFFB0002FFEEFFFF
FFFF00060006FFEA
FFFE00000000FFF9
FFC2008B00020005
FFFFFFFEFFFFFFE7
0005FFFDFFFB0000
0002FFFD0000000A
0000000B00040002
FFF9FFFCFFFA0001
0000FFED00010048
0004FFF40007FFF7
FFFEFFF700060005
FFFEFFFC0004FFFE
FFF3000D0002000C
004C00010002FFD9
003E000AFFFF0009
00070008FFFFFFF8
FFFE0000000D0007
00080002FFF1001D
000000020007FFFE
FFE0017300040016
0000000D00000006
FFE400980009FFE2
FFF7FFFDFFED0006
FFFF0005FFEDFFFD
FFFE000200180008
008DFFFF00020022
FFFC0000FFFFFFFE
FFF9000CFFFE0000
FFFE000AFFEF0009
0014FFFCFFFB0009
00010002FFEC0004
FFEE006EFFFF000F
000900010009FFFF
0010FFFFFFD50000
006D005D0007FFFA
000100000009FFEF
FFFE0002FFFD0000
FFFCFFFD0116FFF7
FFE9FFED0001FFFC
FFFFFFFDFFA4FFD2
FFFBFFFF0000FFFF
FFC90007FFFE003A
FFFFFFFCFFFD0002
00020000FFF50004
FFD700000004FFF9
0000000400150004
FFE0FFFF00000007
FFFF0001FFF70007
0000002900080001
013CFFFEFFEA0000
FFF5FFDE0002FFF6
0001000A0000FFFF
FFF7FFF3FFE70008
0006000000000005
00090015FFBF0075
000C002BFFF7FFF8
0001FFD2FFFF0002
0018FFFCFFF6FFF3
0008FFFF000AFFD9
FFF9000900070000
000000000027000B
FFF1FFF7FFFE000A
0000FFF3FFFEFFC4
FFFC0003FFEB0000
FFFF00040003FFF6
FFFE0000FFFFFFFE
FFC9005700060007
FFFEFFFDFFFFFFE3
000BFFFDFFFB0001
FFFFFFF50000000E
0000000C00040001
FFFCFFFBFFFB0000
FFFEFFE4000100B8
0005FFFE0006FFF4
FFFEFFFC00050003
FFFFFFFB0017FFFA
FFF700100000000E
001C00010004FFE3
007A000600010008
0002000B0000FFFB
0001000000050000
00080000FFF4FFF9
0002FFFE00060000
FFD801B0FFFF0021
0000002400070001
FFD500C1000FFFE9
FFFBFFFEFFF4FFD9
FFFE0006FFEBFFFD
0004FFFE00060008
001C00000002003B
FFF5FFFEFFFFFFFF
FFF40001FFF9FFFF
FFFD0002FFF00005
0002FFFBFFF6000B
00020002FFE7FFFC
FFEF00A30000006A
000BFFFE000AFFFF
0011FFFEFFE50000
0056003E000E0004
FFFC0000000CFFEB
00020000FFFF0000
FFFCFFFF012AFFF6
FFE9FFEE0000FFFD
0001FFFDFF9CFFD1
FFFFFFFE0000FFFF
FFE60008FFF90013
00030001FFFF0003
0001FFFEFFEA0000
FFD6000000020001
FFF70003000C000B
0001FFFFFFFD000F
00000002FFFCFFFD
FFE4002C00050004
0084FFFDFFF9FFFF
0007FFDA00080000
000200030008FFF8
FFFFFFF6FFF00004
0005FFFFFFF5000B
0001002FFFD70097
0001FFD9FFF8FFFB
0003000CFFFFFFFD
0013FFF8FFFDFFF5
00080000000AFFF1
FFF80007FFFF0001
FFFE000100180004
FFF6FFF3FFFF0014
0000FFF5FFFFFFAF
FFFEFFFDFFF40001
0000FFFEFFFEFFF6
FFFF00020000FFFE
FFE4001F00030007
FFFFFFFC0000FFC4
0011FFFEFFE00002
FFFFFFF5FFFD0036
FFFD000CFFF70002
FFFDFFF7FFF7FFFE
FFFFFFF9FFFE0121
0000FFFB0005FFF3
FFFAFFFF00010000
0000FFEE0017FFF4
FFFB000BFFFA000F
001800020006FFEC
00A1FFFEFFF40009
FFFB0008FFFFFFFC
0001000800050001
FFFFFFFEFFF6FFEE
0001FFFF0005FFFF
FFD601F8FFFA003B
FFFF0015000A0000
FFD200C10009FFEA
FFFEFFFFFFF4FFC3
00000007FFEFFFFF
0004FFFBFFE90007
0016FFFD0000001D
FFF3FFFCFFFF0000
FFFA0000FFEA0001
FFFCFFFE00000007
FFF90000FFFE0011
00000003FFDFFFF8
FFEF00AA00020097
000DFFFD00060000
0010FFF7FFF6FFFE
0038003900110008
FFFD0001000FFFEC
00010000FFFF0000
0001FFFD0139FFF7
FFFAFFF9FFFFFFFF
0000FFFFFF95FFDB
0001FFFB0002FFFF
FFF70009FFF4FFF5
00000003FFFF0009
00020000FFF00000
FFE20000FFF70009
FFF300010012FFFF
0000FFFFFFFA0004
00000004FFFD002C
FFE9005500080001
00B6FFFFFFF40000
000DFFDA00080000
000300000004FFFF
0002FFF9FFEB0006
00070000FFFB0011
000B0040FFE600A5
0004FFA6FFF9FFFB
00020007FFFFFFFA
0042FFF9FFF8FFED
00120000000AFFF9
FFF70005FFF3FFFF
FFFD000C0006FFFD
FFF9FFE800000025
0000FFF0FFFFFFC6
FFFDFFE3FFF10002
00000000FFFF0004
FFFF00050000FFFD
FFF3000200010004
FFFEFFFB0001FFBE
0005FFFEFFE70003
0000FFEFFFFF003A
FFFD000BFFFF0002
0000FFF4FFFCFFFF
0000FFFF000101BC
0001000E0004FFFC
000DFFFE0000FFFF
FFEDFFEF0019FFF3
00000010FFF1000B
000300000008FFF5
00D30006FFDC000A
FFFA0002FFFD0001
0001000800020002
0000FFF50002FFF3
FFFFFFFF0000FFF7
0006021FFFF4006A
FFFC0014000BFFFF
FFED00D6000CFFF5
00190003FFEDFFC5
FFFFFFF6FFF50000
0004FFF4FFE20006
000700000000FFF6
FFF2FFF9FFFFFFFB
FFF7FFFFFFE80005
FFFC0008FFFD0002
FFFA0001FFFF0013
FFF70001FFEDFFF9
FFFD00C70001007D
000AFFED00020001
000DFFF200000000
001B001D00100011
00050001000EFFEC
FFFFFFFF00000000
000200000121FFF9
FFFDFFF6FFFE0000
00020004FF94FFEA
0005FFF20002FFFF
FFFF0012FFE5FFF1
FFFE00030000FFFF
00040009FFF9FFFF
FFF50002FFF60000
FFD400030005FFFC
FFF8FFFFFFEEFFFB
0000000600080075
FFF60052FFFF0001
007B0000FFFD0005
0016FFDB0009FFFE
000200000004FFFF
FFFF006FFFE70002
00110000FFFF0015
00120031FFF3002A
0002FF92FFFBFFFC
00020006FFFFFFFC
0038FFF8FFFAFFEA
00110000000D0007
FFFAFFFFFFF2FFFE
FFFA00100000FFF3
FFFBFFE8FFFF0032
0000FFF60003FFD9
0001FFC7FFFD0001
0001FFFD0000000E
0000FFFD0000FFFE
FFFFFFFD00070003
000400100002FFC9
0000FFFDFFF10002
0000FFDEFFFF0055
FFFF000D00020002
FFFFFFF6FFFF0001
0000FFFF000301EF
FFFE003700040002
001D0000FFF8FFFD
FFEBFFE10008FFDF
00000003FFF20005
0001000000070002
00CF005BFFB80007
FFFFFFFFFFFA0002
0001FFF6FFF80000
FFFE0000FFFFFFFE
FFF70002FFC7FFDD
000302070008005A
FFFF0000000D0000
FFF700A60008FFF2
0000000EFFF9FFD1
FFFFFFF6FFFDFFFF
0003FFEFFFE7FFFD
0002FFFF0000FF9C
FFF0FFFDFFFFFFF3
000BFFFFFFE60004
FFFC001D00010003
FFEE000000020013
FFE90000FFDFFFFE
0000008A00030057
FFFDFFDFFFFE0000
0008FFF7FFF8FFFC
002D0014FFF90021
002700010003FFE8
0009FFFC00010000
000200000090FFF8
00000000FFFB0001
00020003FFA9FFE8
0004FFF50003FFFF
FFFF000EFFEDFFF1
000100050000FFEC
0001000B0001FFFD
00040000FFEBFFFD
FFEC00060009FFF3
00170000FFE8FFE8
000300090011007A
00030035FFFF0000
001FFFFBFFFDFFF5
000CFFE8000CFFFF
0003FFFFFFF70000
FFEF0104FFC80008
0012000000070001
0011000E0006000E
0002FFA7000DFFFE
00010002FFFE0001
000FFFF9FFF7FFEF
FFFCFFFF000E0001
FFF9FFFAFFD40000
000000380000FFF4
0001FFE700050054
FFFDFFF60000FFED
0000FFAE00010001
0000FFF900000013
FFF7FFF60000FFFF
FFF6FFF600020002
FFFC00110005FFCA
FFEC0000FFE40003
FFFFFFE9FFFE0044
FFFD000C00030001
FFFCFFFB00000001
FFFF000000050253
000000010005FFF1
0032FFFF00000000
FFECFFE50004FFEF
FFFF0001FFE5FFFE
FFFF000100060004
004B0129FFB50006
FFFEFFFFFFF60007
00000006FFEAFFFF
FFFE0004FFFF0007
FFFD0004FFC4FFB5
0001017C001E0062
FFFFFFFEFFFA0000
FFDF00BD0003FFFF
00000007FFFCFFE0
0000FFF6FFFF0000
0001FFF1FFF10002
0000FFFF0000FF79
FFFDFFFCFFFDFFE7
001EFFFFFFDF0006
FFF900560001FFFB
FFEF0006FFF80010
FFDFFFFFFFDA0017
FFFF006AFFF80031
FFFEFFDDFFFE0000
0008FFFDFFEA0002
0006000AFFF80013
006500010004FFEB
0000FFF90000FFFF
00020000004CFFF7
FFFDFFFDFFFB0005
000F0001FFCBFFF2
0004FFF80002FFFF
FFFC0001FFEDFFFE
000600020000FFDD
00000009FFFFFFFC
00090002FFE9FFFC
FFE20001FFFFFFF4
0014FFFFFFF6FFDE
0002000500100091
0006005C00000000
FFE3FFFAFFF7FFE9
0009FFEC000C0000
00010000FFEA0002
FFEC0178FFB5000C
000F000000190002
00120003000CFFF9
0005FFBA0008FFFD
0000000000000000
FFFFFFFEFFF1FFFB
FFF4FFFE000CFFF3
0003FFF0FFDE0001
FFE2004BFFFCFFEF
0001FFEC0007004A
0001FFF30003FFFC
0000FF9B00000002
FFFEFFFC00000018
0000FFF800000000
FFE2FFFBFFFAFFFF
FFF800100005FFC7
FFD80000FFF50003
FFFDFFED00000048
FFFD000A00030001
FFF50002FFFE0000
FFFF0000000C02BB
0000FFE20005FFE5
004BFFFF00020000
FFE5FFE1FFF3FFEC
FFFD0000000DFFFB
FFF00002000B0004
001C0232FFA40004
FFFFFFFFFFFB0008
00060007FFF6FFFE
FFFF0006FFFF0000
FFF8000EFFC9FF9D
00000147003D004B
FFFEFFE9FFFD0000
FFEB00810001FFFC
FFFE00070000FFDE
FFFFFFF600000000
FFF9FFEEFFFD0001
0001FFFEFFFFFF86
FFFD0004FFFDFFD6
00410000FFE10005
FFFB004B0000FFF0
FFF0FFFEFFE80007
FFDFFFFFFFDE002D
FFFE005CFFF50024
FFFFFFD600010000
0009FFFBFFE70006
00020003FFF70012
009400010004FFEA
FFFBFFF80000FFFF
000000010026FFFD
FFF3FFFDFFFA0004
000F0001FFE8FFFC
0004FFF70003FFFB
FFFA000DFFEB0000
0009FFFC0000FFC7
00000002FFFFFFFB
002F0000FFECFFFB
000000020001FFF3
0013FFFEFFD9FFDF
00010003001300B3
0007004DFFDD0000
FFE7FFF9FFFBFFE6
000DFFF30008FFFD
00000006FFCC0001
FFEC01FDFFD90008
00070000000BFFFF
0012FFF4FFFAFFF4
0004FFC000010002
0001000200010002
FFEDFFFEFFF3FFED
FFEEFFF9000CFFE3
001DFFEDFFEC0002
FFE4004EFFFEFFF7
0000FFF900050031
0000FFF700020016
FFFFFF8F00000001
FFFFFFFF00000009
FFEEFFF60002FFFE
FFE1FFFCFFEE0000
FFFC00050003FFCF
FFD60004FFFC0001
FFFEFFF10001002B
FFFF000900040001
FFF2FFFFFFFC0001
FFFEFFFF000402FD
FFFFFFED0005FFC6
003EFFFF00060000
FFEAFFE1FFCCFFEF
FFF50000000DFFFD
0003000200090008
FFFF035FFFA50003
FFFFFFF9FFFD000A
00060002002F0015
00010004FFFE0008
FFF30007FFDAFF92
FFFE00D900540030
FFFDFFE2FFFEFFFF
FFF9007800000001
000000090002FFED
FFFFFFF70001FFFF
0002FFF40004FFFF
0008FFFEFFF9FF7D
FFFF00020002FFD3
00330000FFE00004
FFFA0066FFFFFFF6
FFF3FFF9FFE80000
FFE30002FFE00072
FFF00036FFEE0005
FFFFFFC50017FFFE
00080002FFD90013
FFFCFFFCFFF50013
008AFFFF0004FFF1
000FFFFE0001FFFD
000000050000FFFA
FFE6FFFCFFFD0001
000F0000FFFFFFFF
0004FFFC0003FFFD
FFFC0066FFEE0000
000DFFFF0001FFB5
FFFF00030001FFFD
0012FFFFFFF5FFF9
000400090001FFF5
FFFBFFFFFFD0FFD7
0000FFFF0005005D
00080019FFF30000
FFF4FFF1FFFDFFDA
0006FFFD00050000
FFFF000DFFCF0002
FFF70224FFFB000A
FFFF0000000DFFFD
0004FFF2FFE3FFF2
0019FFD7FFFA0003
FFFE000200030003
FFA70000FFF9FFFA
FFF5FFF30007FFE0
0043000200000004
FFE801110002FFFD
0000FFFA000D0016
FFFBFFFC00080016
FFFFFF8A00000000
FFFF0006FFFF0001
0000FFFC0003FFFF
FFCBFFFDFFEC0007
FFF900010001FFE2
FFCE00090000FFFF
FFFCFFF900010019
0000000800050001
FFE90000FFFC0000
FFFEFFFFFFFD025C
0000FFF40004FFBB
0041FFFF00080000
FFF3FFF1FFCAFFF6
FFF600010006001E
0003000300030001
FFFC037CFFA5FFFF
0000FFF5FFFD0003
001800010054005D
FFF90010FFFF0005
FFF9000BFFE2FF8B
FFFB005C00470024
FFFBFFE0FFFF0000
FFFF0059FFFF0004
0001FFFE0003FFF6
FFFEFFF900010000
0000FFF900080000
0009FFFEFFFAFFAA
000100010002FFCA
00190000FFE50003
FFF50040FFFFFFF8
FFF5FFF0FFD2FFFF
FFEC0004FFE70072
FFED0016FFEAFFF9
0000FFC300220000
00060007FFCD001C
FFFCFFFCFFF60015
0085FFFA0004FFEC
001A00020000FFFD
000D0009FFFDFFFD
FFECFFF8FFFE0004
0008FFFD00020000
000000010002FFFF
FFFE0152FFEB0005
000DFFFF0002FFC5
FFFE0005FFFE0001
FFE80000FFF4FFF9
0006000D00020002
FFF2FFFFFFD1FFD5
FFFF000500060032
0008001FFFF60000
0000FFF6FFFDFFCE
FFFCFFFFFFFC0000
00020007FFE60002
FFFB01CD00190004
00320000000E0001
0004FFFDFFDBFFFA
0010FFDDFFF30000
FFFD000200040003
FF9A0000FFF10001
FFF0FFFD0006FFD6
0050001500090002
FFEB00EB00030002
FFFFFFFD000D0030
FFF7FFFD000C0024
FFFAFF9FFFFD0000
FFFF0002FFFEFFFE
FFFFFFFB00030004
FFEAFFFEFFE50016
FFFC00030002FFFD
FFE000090004FFFE
FFFCFFFCFFF70007
FFFE000700030000
FFC40003FFFAFFFD
FFFEFFFDFFF60264
FFFFFFFE0003FFB6
0039FFFF00060000
FFEEFFF7FFE3FFFB
FFFB00040003000F
0002FFFFFFFF0001
0004036FFFD5FFFF
FFFBFFEDFFFE0002
0007000000D7008D
FFEA0015FFFF0000
FFF80005FFFCFF8E
FFFFFFF8008A0005
FFFBFFECFFFC0000
0000002300000004
0000FFFFFFFA0008
FFFDFFFBFFFF0000
FFFEFFF30005FFFF
000DFFFEFFF8FFDA
000000070001FFCE
00150000FFF00011
FFFD00220005FFF9
FFFBFFE0FFE10012
00310007FFE20083
FFD7FFFAFFF80000
0000FFD0002E0000
0002000AFFD90025
FFFDFFFCFFFBFFFC
007FFFF80002FFEF
001C0000FFFFFFFD
003B00070000FFFE
FFD9FFFF00020001
0007FFFDFFF6FFFF
FFFE0001FFFF0000
FFFE0314FFFF0005
000BFFFD0001FFE3
00000003FFFCFFF6
FFCA0001FFFCFFF9
000600190007FFEC
FFE4FFFFFFC6FFDE
FFFE00490001001C
00040008FFEA0000
0002FFFA0001FFDA
FFF2FFFDFFFF0000
0010000DFFF00003
00150124003F0003
0099FFFE0005FFFF
0003FFFEFFDCFFFD
001FFFE0FFFDFFFF
FFFA000000070002
FF930002FFFEFFFF
FFF100070007FFDE
0062004900030000
FFF000B900070008
FFFA000C000D0028
FFF6FFFF000E000F
FFF9FFA2FFFE0000
FFFF0014FFFEFFF3
FFFEFFF900030011
FFEAFFFEFFEA0025
FFFA00010008FFFE
FFDC00130004FFFB
FFFDFFFFFFE60000
FFFB000500050000
FFBF0007FFFDFFFF
0002FFFDFFF9016B
FFFF0002FFFFFFC1
002D000000010000
FFF20002FFEE0000
FFFD000000000039
00020013FFFF0001
00070294FFEC0000
FFEEFFE900000001
000E0000013A0083
FFDF0016FFECFFFE
FFF500090013FF94
000EFFFA006CFFFC
FFFAFFE9FFF80002
000000130000000B
0005FFEEFFF60000
FFF4FFFFFFFF0012
FFFFFFF200060003
000CFFFDFFF70005
FFFAFFFA0000FFE7
00170000FFFE0000
0001001E0049FFFC
0004FFE9FFE000B2
0062000BFFEC0041
FFDBFFFEFFEB0006
0000FFDE000BFFFF
00000001FFDC0023
FFFEFFFBFFFEFFFB
003EFFFA0002FFEF
0026FFFBFFFCFFFD
005F000600030002
FFD0FFFF00010000
0007FFFEFFEBFFF9
FFF00000FFFFFFFF
FFF7049A00000007
0007FFFE0000FFEB
FFFE00030009FFFE
FFB40005FFFFFFF9
0005001B000FFFF2
FFDCFFFFFFD5FFF8
FFFF00B8FFFF0016
FFFBFFFFFFF70000
0000FFE60000FFDB
FFE4FFF60002FFFF
00310003FFFA0003
00270082007CFFFF
0200FFFCFFFEFFFE
FFFE0006FFDC0000
0013FFFEFFF70000
FFF7FFFF0008FFFE
FF970006FFFF0000
FFEE00490005FFE2
0055004FFFFE0002
FFEE005F00060008
FFF90005000CFFE6
FFF60001000F000D
FFF3FFC3FFF90011
FFFE0009FFF5000B
0000FFF600010051
FFECFFFBFFF20049
0000FFFE0006FFF0
FFE4000DFFFDFFFC
0001FFFEFFA20009
FFF500040002FFFB
FFB20003FFFFFFFF
0004FFFD000400C5
FFFF00020000FFC4
0033FFFEFFFF0000
FFF90001FFFCFFFF
00030001FFFE0030
00020072FFF20003
000B012500020000
FFECFFE9FFFD0001
0006FFFF01940037
FFC2000DFFE00006
FFFA000F00460001
000B000100720000
FFFAFFFEFFF60004
0000000B00000004
0005FFE9FFEDFFFA
FFE3FFFFFFFF0003
0001FFF300070001
0005FFFDFFF70003
FFF0FFFF0021FFEB
000DFFF500040000
0001000A004CFFFD
0026FFE6FFDF01CC
00CCFFF3FFEB0016
FFD3FFFCFFD8000A
FFFEFFDF0000FFFD
00000000FFE00027
FFFCFFFCFFFFFFF9
0032FFFE0000FFF7
003EFFFAFFF9FFFE
00AA000500050005
FFC600000002FFFF
0005FFFAFFE5FFF7
0006000000040000
FFFD05FF00040006
0003FFFEFFFE0000
000200000069FFF9
FFA900090000FFFD
FFFC0013000EFFF5
FFE50003FFF10001
00000143FFFBFFFC
FFFCFFFEFFF9000D
0004FFF50000FFC7
FFDBFFEF0016FFFF
00610000FFFF0003
002200190030FFFE
02C8FFF4FFF6FFFF
00260007FFD90000
0029FFFEFFED0000
FFF700000008FFF7
FF6D0000FFFE0000
FFFC008E0003FFDC
00280082FFFB0004
FFFB001B00050002
FFF7000C000CFFE6
FFF7000200100000
FFF7FFE6FFF6001E
00000001FFED0006
FFFFFFF000000066
FFF2FFFBFFF50067
FFFFFFFD0008FFE2
FFDFFFFCFFFDFFF5
FFFFFFF3FF9F000B
FFE8000A0002FFFB
FFB700030004FFFE
0003000500060058
FFFC000E0001FFE5
0042000700000000
FFFEFFF90003FFFF
00000002FFF4000D
000700F7FFDD0003
000E004BFFFB0001
FFDEFFE6FFFF0000
0004000000F50002
FFBF0009FFD50030
FFFB00080056FFF7
FFE0000000350003
FFFFFFFEFFF60000
FFF1FFFC0000FFFC
0001FFF7FFE9FFEF
FFDFFFFFFFFFFFFF
0000FFF70008000C
000D0000FFF5FFF3
FFE6FFF8FFFFFFF9
0003FFEF00010001
FFFAFFFF007BFFFD
005CFFFBFFEB02BC
0112FFFEFFF7FFFB
FFE2FFFFFFD80010
FFFCFFF2FFF4FFEE
00010000FFFC0007
0000FFFB00010000
0005FFFBFFFFFFFC
004AFFEDFFF90000
00EEFFFD00030006
FFD900040000FFFF
0002FFFDFFE6FFF0
0006000700070000
0000054A00000005
000DFFF4FFFD000C
0000FFFF00F0FFFB
FFD300190000FFFC
FFF4000B0005FFF5
FFF1000D0009FFFF
FFFF0191FFFCFFF5
001EFFF8FFFF000D
0001FFFD0001FFE1
FFC9FFE90024FFFC
00AF000000000009
000AFFFE0008FFFF
03640000FFF3FFFF
00FB0008FFE0FFFD
0028FFFFFFEE0000
FFFCFFFE0005FFFB
FF900000FFFF0000
FFFB00BC0002FFE9
0039009BFFF30003
000600030006FFFF
FFF4001B000EFFEC
FFFB000300110004
FFFCFFF8FFF90021
00000001FFE0FFFB
FFFFFFECFFFF0042
FFF8FFF8FFE8004C
0000FFF7000AFFE0
FFEFFFFBFFFBFFF7
FFFCFFF5FF9C0010
FFC8000B0002FFF9
FFC8000100070000
000600050006001A
FFFE000D0003FFFD
002B00070001FFFF
0000FFF60004FFF5
FFFB0002FFEDFFFF
000C0167FFD60007
000FFFFDFFEFFFF9
FFE6FFF3FFFF0000
000A000100DFFFE6
FFBD0008FFD5001C
FFFE000C003FFFF1
FFE20000000E0003
0000FFFEFFF70001
FFD4FFF3FFFEFFFB
0002FFF7FFDEFFE4
FFD70000FFFF0000
0007FFFB0006FFFE
0002FFFEFFF8FFE0
FFECFFFDFFFFFFFE
0001FFE5FFF50002
FFFD0002004DFFFE
006CFFFDFFF00367
00D3FFECFFF0FFFF
FFE9FFFFFFDA000F
FFFCFFFEFFEFFFEC
00010000FFFD0001
0001FFFD0006FFFE
FFFBFFFF0000FFFB
0066FFF3FFEEFFFE
0127000000000003
FFE500000000FFFF
0002FFFFFFF6FFF3
0002000400170000
FFFE048CFFFE0003
000DFFEBFFFD0009
00000002022DFFFB
FFD90059FFFFFFF0
FFF9000A0002FFFD
FFFB00110008FFFF
FFFF01920000FFFA
008AFFFA0002000C
000300000004FFF3
FFC3FFE20015FFFB
00970001FFFF0007
FFCC00040009FFFF
03A40002FFF40000
02680008FFE80001
002A0000FFF3FFFF
FFFFFFED0003FFFD
FFDDFFFFFFF60000
FFEF00FE0002FFF6
00040056FFF70003
000BFFF700030004
FFF70015000D0000
0005FFFF000F0004
0005000EFFFB0011
FFFD0000FFEBFFFC
FFFFFFE7FFF5000D
FFFE000CFFDC0037
000000130005FFE2
FFF0FFF2FFFEFFFD
FFEEFFFAFFA1000D
FFC1000A0006FFF1
FFEC00000006FFFE
000B00080012FFFB
FFFB000C00010005
001C000C0001FFFE
0000FFEEFFFCFFF3
FFF80001FFF50000
0004019400240004
00110002FFD7FFF7
FFFCFFF600020004
0009000000ACFFE4
FFFD0012FFD70058
FFFF000D0043FFF9
0003000200000002
0000FFFF00040000
FFF8FFE6FFFDFFEE
FFFDFFFFFFED0000
FFB90001FFFF0001
001FFFFD0005FFFB
0000FFFFFFF1FFC0
FFF4FFFEFFFF0002
FFFEFFDBFFDF0007
0002000700480001
0047FFFFFFFE043F
00A0FFDCFFF00002
FFF30001FFE4000F
FFFC0002FFFEFFF4
FFFC000000010001
0009FFFDFFFD0000
000100000002FFF5
001DFFDCFFE6FFFF
0134FFF9FFFB0006
FFF2FFF7000F0000
0001FFFE0005FFFC
FFFA00090027FFFE
FFD6025BFFFCFFFC
000DFFDBFFFD0004
FFFF001D0410FFFB
FFDF0046FFFDFFDB
00010003000CFFF8
FFFB0023FFF5FFF3
FFFE0167FFFFFFFD
01C1FFFC00000009
0005FFFF00020000
FFC5FFE50010FFFF
006100010000000A
FFAF000CFFF4FFFF
02880004FFF90000
03740005FFF1FFF9
00170000FFF70000
0000FFE5FFFF0001
FFEAFFFBFFF70000
FFF9009400000002
FFEC003300000001
FFFBFFF300020005
FFFA000D000CFFFF
0008FFFE000C0007
FFFE000800010015
FFFCFFFFFFF7FFFA
0000FFEAFFEA0004
00010018FFDE0028
FFFF000F0004FFE4
FFF3FFF6FFFFFFFF
FFE7FFFEFFBA0006
FFB800090009FFEA
FFFF00000001FFFF
000500090005FFF5
FFFC000E00000004
000E000E0001FFFF
FFFFFFEAFFF3FFE7
FFF80000FFF30003
0004013A0029FFFB
00110003FFDAFFFD
0003FFF600010002
000A00000035FFF5
001F0025FFE500A0
FFF800030034FFFE
FFFE0003FFFFFFFF
FFFB000000040000
FFDDFFDEFFFBFFF0
FFFCFFFFFFFC0001
FFD90000FFFF0001
0019000A0002FFFA
00000000FFF1FFA8
FFF60001FFFF0000
0000FFF7FFD7000C
0005000B0033FFFF
0017FFFF000302A6
001DFFDEFFF30002
00000003FFF6000E
FFFE00020009FFFB
FFFD00020005FFFF
0024000000030000
0003FFFF0004FFEC
0014FFF6FFEDFFFF
00F30002FFF60005
FFFEFFFF00080002
FFFD00000000FFFD
FFFB00020024FFFF
FFC000BBFFFFFFF9
0006FFDDFFFFFFFC
FFFF003B042CFFFF
FFFB0057FFFEFFE3
00010008FFFDFFFC
FFFE002BFFEFFFE7
FFFE00FDFFFEFFFB
0298FFFD00000005
0005FFFF0002FFFF
FFC1FFEE00200003
003E0000FFFE000A
FFB9000C000E0003
01480004FFFFFFF5
04F3FFFFFFFDFFF7
001CFFFC00050000
0000FFC9FFFE0002
0005FFFCFFF30000
FFFA008300010001
FFD500150002FFF8
FFFBFFF600010012
00020019000C0000
000CFFFA000B0007
FFFA000700070008
FFF80000FFFDFFFC
0001FFF7FFEAFFFF
FFF8002DFFE90006
FFFF00010003FFF3
FFF9FFF70000FFFF
FFE4FFFFFFC80007
FFC00009000DFFF1
000600000002FFFF
000600060003FFFC
0001000DFFFE0003
000E000CFFF6FFFF
FFFFFFE9FFF2FFEC
FFF5FFFFFFFA0003
FFFF00B10013FFF4
00090003FFDBFFFD
0007FFFE00010002
0002FFFF0006FFFF
00160037FFF900A9
FFF40000FFFEFFFF
FFFF0001FFFEFFFC
FFFB00000005FFFE
FFE3FFDFFFFDFFFF
0003FFFF0000000C
FFEAFFFF00000002
00220011FFFFFFFF
FFFFFFFDFFFDFFA2
FFFD00010004FFF8
0004FFF4FF9F0007
000B000A000E0000
0017FFFF0005018C
0010FFECFFEB0004
0000000F0001000C
00020002000BFFFF
FFFD00060003FFF7
004F00010000FFFE
0003FFFF0005FFEF
0004FFF9FFEDFFFF
007C0004FFFB0002
0004FFFF00050004
FFFEFFFFFFFE0000
001700020024FFFE
FFA3FFF0FFFFFFF0
0004FFD70000FFFD
FFFF00520491FFFD
FFFE002BFFFEFFD8
FFF8000D0000FFFB
FFFF0027FFEEFFE4
FFF40061FFFF0002
0201FFFEFFFF0001
0001FFFF0000FFFE
FFCBFFF3000A0001
00180000FFF70005
FFAD000BFFFD0000
00A100020005FFE5
04B0FFFBFFFF0001
0014001900000002
0001FFBAFFFEFFFE
0020FFFBFFF4FFFF
FFFD00530001FFF2
FFCC00010001FFF7
FFFE000200000010
00010000FFFF0001
001EFFF60001FFFD
FFF8FFF500050001
FFF8000CFFFBFFFF
0000FFF9FFDC0002
FFEB0026FFECFFFF
FFFFFFFF0002FFF4
FFFCFFEA00000000
FFDFFFFFFFD90004
FFC9000A000DFFF0
FFFE0000FFFFFFEF
000300040018FFFE
00010007FFFCFFFC
0006000FFFF9FFFF
FFFFFFEEFFE7FFF7
FFF1FFFFFFFD0004
FFFF00640004FFED
00060001FFDAFFFE
0011000300020000
FFFAFFFFFFFE000C
FFF20029FFFF00C5
FFF3FFFFFFEB0000
00000003FFFDFFFC
FFF600000005FFFE
FFEEFFDBFFFF0006
00010000FFF8003C
FFFA00000001FFFF
000B0009FFED0003
0001FFF30002FFD8
FFFF00020005FFF6
0006FFF8FFAC0003
0009000900030002
000DFFFD000200B8
0009FFE6FFED0005
FFFC000F00030009
000200010010FFFF
FFFD0008FFF5FFF3
004B00020002FFFE
000300000007FFF4
FFFEFFE7FFEAFFFF
001F000100110000
0003FFFA00030001
FFFE0000FFF10002
001100010010FFFE
FF92FFDCFFFF0002
FFFCFFDB0001FFFD
FFFF006A040D0000
FFF90035FFFFFFEA
000100080006FFFF
FFF90029FFF8FFDE
FFF1002EFFFF0002
021EFFFFFFFF0000
FFFFFFFE0000FFF7
FFCBFFFE00040001
FFF90000FFEC0005
FFA4000B000C0001
002600010000FFD8
043AFFF3FFE60006
00240022FFFF0004
0002FFC2FFFDFFFD
002CFFFEFFEEFFFB
FFFE00280002FFE3
FFD0FFFC0001FFF8
FFFF000500030010
0005FFFF00000002
0023FFF60000FFFF
FFF1000600000001
FFF90003FFFA0000
0000FFFFFFC70005
FFDA003BFFF60002
FFFF00000003FFFE
FFFDFFF400000000
FFF0FFFEFFEBFFFF
FFD7000A000BFFF9
FFFF0000FFFDFFFC
FFFE00000007FFFD
00020000FFFAFFFB
FFFF000EFFFFFFFF
0003FFF5FFE2FFF7
FFE1000300000004
FFFF004BFFFFFFE8
FFFEFFFEFFE70001
002000060001FFFF
FFFEFFFFFFFF0011
FFE70028000000D1
FFF6FFFFFFDC0000
FFFF00000003FFFC
0000FFFF0006FFFE
FFFFFFF30000000D
00010002FFEA004E
000000000002FFFF
00030006FFED0007
000EFFF20006FFDC
000000000005FFF7
0007FFF9FFC40001
000B0009FFFD0002
000DFFFD00000044
0000FFEDFFEB0006
FFF90027000C0002
000400000012FFFF
00020008FFE7FFF6
001000030000FFFB
0007FFFE0007FFF2
FFFDFFFDFFE9FFFF
00070002004EFFFF
FFFBFFFD0000FFFF
FFFE0002FFD6FFF8
000C0000000C0000
FF86FFF000000021
FFFBFFD60006FFFB
FFFF0068026D0001
FFED00190000FFEB
00030002000D0001
FFF20023FFFBFFE8
FFF00006FFFFFFFE
0165000F00000000
000EFFFCFFFAFFF9
FFD90008FFFC0005
FFFBFFFFFFE20001
FFB4000A00010004
FFF600000000FFDB
02FCFFFAFFCA0022
000F002B0000000A
0001FFC7FFFEFFFE
003A0000FFF2FFFA
000100150003FFDB
FFF100000000FFF8
000000080005000F
000C0000FFFA0003
0021FFFCFFFDFFFF
FFEE0006FFF9FFFF
FFFB000500020001
FFFFFFF6FFFB0006
FFDD0027FFFF0004
000000010003FFFF
0000FFFD00000000
FFF4FFFCFFF80000
FFE000080008FFFB
00010000FFFBFFFF
FFFEFFFF0000FFFD
0001FFFFFFFBFFF4
FFFDFFE5FFFF0000
0003FFFBFFE50003
FFE0000D00010004
000500240001FFDB
FFFFFFFEFFFE0001
000A0003FFFF0000
FFFEFFFF0005000B
FFED001D000C00D8
FFFAFFFEFFF3FFFF
FFFE000000070009
FFFEFFFE00030002
0006FFF500030018
00080000FFDE0058
000000000002FFFF
FFFF0006FFE70007
002EFFFD0007FFE1
FFFD00000007FFF9
0002FFFDFFDF0001
00070008FFFC0003
0012FFFCFFFD0010
FFFFFFF0FFF10007
FFE6002E000BFFFF
000600000010FFFF
00050007FFDDFFFF
0001FFFF0000FFF8
0007FFFE0005FFF4
FFFEFFFEFFEFFFFF
FFEB00050086FFF9
FFF6FFFCFFFFFFFF
FFFD0004FFC9FFEE
000800000006FFFF
FF96FFFF0002002A
FFFFFFCD0004FFFA
FFFF0049016E0003
FFE900390000FFEC
00020006000D0002
FFE10010FFF7FFE9
FFF3FFFFFFFD0001
00BD001B0000FFFF
0029FFFFFFFEFFF4
FFDE001BFFFA0004
FFFD0000FFDEFFFF
FFC30007FFFE0005
FFEA0000FFFBFFF2
01E0000AFFD10028
0017002700010002
0001FFC3FFFDFFFD
00210001FFE6FFF1
0001000B0005FFD0
FFED00020000FFFB
000000040003000E
000D0000FFFD0000
000EFFF7FFF7FFFD
FFE50010FFF6FFFE
FFFB000500030002
0000FFF2FFFE0008
FFD5002F00010009
FFFF00020001FFF4
0000FFFC0000FFFD
FFFDFFF90000000A
FFF400090007FFFE
0003FFFFFFFCFFFC
FFFBFFFE0000FFFD
0000FFFEFFFBFFF4
FFFFFFF2FFFF0001
00010003FFEA0002
FFE1001C00010006
000900010008FFDB
0013FFFFFFFF0000
00150004FFFFFFFF
0003FFFF000B0009
FFF4000B000600B6
FFFCFFFE0000FFFE
FFFA00130009002C
FFFEFFFF00000005
000AFFF800030012
0006FFFEFFD20057
FFFF00080003FFFE
FFFB0001FFE50007
003DFFFA000AFFF7
FFFB00000008FFFA
0003FFFFFFFD0001
00050008FFFA0004
0007FFFBFFFBFFFE
FFFFFFF4FFF40010
FFD90047000A0001
000500000010FFFF
000C0006FFD80000
000B00000000FFF6
00060001FFFFFFF4
0001FFFFFFF3FFFF
FFF80001006CFFFB
FFF7FFF600000000
FFFA0005FFC9FFF1
0003FFFF00010000
FF8E000300000053
FFFCFFF30001FFFD
FFFF001A00D40005
FFE5001C0000FFF7
00040001000B0004
FFDB000A0000FFF6
FFF20000FFEE0000
0071001F0000FFFC
005E0000FFFAFFF8
FFE5000BFFFA0005
00000000FFE3FFFF
FFE00003FFFA0005
FFF90000FFF8FFE9
013C0009FFC7002C
0014002400000001
0000FFCDFFFDFFFE
00350001FFE5FFEC
0004FFFD0003FFD4
FFED00080000FFFC
000000040004000D
000E0000FFFDFFFD
0004FFF3FFF0FFF7
FFE5000DFFEDFFFF
FFFB000500020001
0000FFF9FFFD0008
FFCB00240002000A
FFFF00020001FFE4
00000002FFFEFFFC
0001FFF9FFFF000F
0000000A0000FFFF
FFF0FFFFFFF3FFFB
FFFCFFFEFFFDFFFE
FFFFFFFCFFFBFFF3
FFFCFFEC00000001
00010000FFF50006
FFE8002400000005
0003FFFF0009FFD4
0034000000070005
000C000100000000
0004FFFF000A0008
FFFB000400020084
FFFFFFFB0007FFFF
FFF80031000A0070
FFFDFFFFFFFF0005
000600030004000A
FFFDFFFEFFC1004A
FFFF0005FFFFFFFF
FFFD0003FFFD0008
0033FFFD0009000A
FFF700000002FFF8
0001000300020000
0003000FFFE6000B
0008FFFBFFFDFFF2
0001FFFCFFF3000F
FFD6004600060005
0007FFFF0010FFFF
000F0000FFE20000
001400040004FFF5
00050000FFFFFFED
FFFE0000FFF8FFFF
FFF3000000D0FFF4
FFEFFFF60000FFFC
FFFE0008FFBCFFDB
0000FFFFFFFEFFFF
FF9B000600000050
FFF7FFF40000FFFE
FFFF000A00980006
FFE6000E0000FFF9
0004000000170003
FFE00003FFFCFFFD
FFF60000FFF60000
002A00460000FFFD
00760000FFFCFFFC
FFEE000A00010006
0002FFFFFFEAFFFF
FFF60000FFF40006
0002FFFFFFF1FFF8
001C0020FFBB0035
0019000AFFFFFFFC
0002FFF8FFFC0004
001A0002FFDDFFF8
0005FFFF0004FFCE
FFE8000A0009FFFC
FFFFFFFC0002000F
0004FFFCFFFFFFF9
0006FFF1FFF0FFEF
FFE60011FFE50004
FFFF000400000002
FFFFFFF7FFFF000E
FFD4001600060012
FFFF00030002FFC8
00050006FFFAFFF2
0003FFF6FFFE0004
00000008FFFF0000
FFEEFFFFFFFAFFF5
FFF400020000FFFE
FFFFFFE7FFFDFFEC
FFF5FFF7FFFF0000
0000FFF700000004
FFF90019FFFD0007
000700020006FFDC
00AE000900030000
0008000200000000
000BFFFF000C0000
00050001FFF90032
FFFCFFF70011FFFE
FFEF0097000A00F7
FFFD000800010007
0001001AFFFEFFF9
0005FFFFFFD00031
FFFF00060000FFFE
0002FFFDFFFD0006
001A0003000A001C
FFEE00000006FFFF
0002000000010000
0001000BFFED000C
0000FFF5FFF5FFFD
0001FFFEFFF30008
FFD4007E00060017
0006FFFC000F0005
000F0000FFEDFFF9
00090005000B0001
000200020000FFE5
00080006FFF7FFFF
FFFC000000E0FFF6
FFF9FFEE00010000
FFFC0008FFB5FFDC
FFFFFFFE00000000
FFB5000800000054
FFFDFFFDFFFE0002
FFFE000100240004
FFE3000AFFFFFFFF
00030000000D0001
FFD9FFFD00010008
FFF80001FFCF0000
0004004E00010002
0112FFFFFFF9FFFD
FFFAFFF000050004
00040003FFEDFFFF
FFF9FFFAFFF00006
00020001FFEB0009
00000076FFBB0047
0004FFD5FFFDFFFB
00010003FFFC0003
0036FFFEFFE1FFF7
001700010002FFD3
FFEC000C000FFFFD
FFFFFFE30002000E
FFF300030000FFFF
0000FFF2FFEFFFE5
FFE20025FFE40004
00000002FFFE0003
FFFFFFFE0000000E
FFDB000700070012
000000020000FFB9
00040004FFF8FFFC
0003FFEAFFFF0000
00000007FFFF0003
FFF6FFFCFFFEFFEF
FFF7000300000004
FFFD0006FFFDFFEB
FFFEFFF5FFFFFFFF
0000FFEA00080000
FFFF001EFFEE0008
000400010006FFE6
00DCFFFBFFF70000
FFFCFFFEFFFF0000
0001FFFE000AFFFE
FFF3FFFDFFFB0013
0000FFF3000EFFFF
FFE600D100080197
FFFDFFFE00020007
FFED0043FFFEFFF1
000DFFFFFFC1FFF2
000000060004FFFF
0002FFFD00000006
000D000C00020002
FFEB00060004FFFF
FFFFFFFDFFF50000
00010007FFF20007
FFFD0001FFF60007
0000FFFEFFF8FFFF
FFD8008600010044
0006FFEF000A0006
0012FFFFFFFAFFDB
FFFD0002000C0009
FFFF00010000FFE8
00050005FFFFFFFE
0001FFFF00C1FFF3
0000FFF60001FFFF
00020007FFAAFFB4
0000FFFEFFFCFFFF
FFBB0011FFFF0054
FFFA000AFFFE0002
0000FFFDFFF60003
FFE30000FFF90000
0005FFFF0004FFFD
FFEA0000FFFEFFFE
FFFF000CFFDBFFFB
FFF00042FFFE000A
0057FFFEFFFD0000
0000FFD2000AFFFC
0004FFFFFFEBFFFF
00020005FFE70001
00050000FFE1000F
000B003DFFC50025
0002FFD3FFFEFFFD
00020002FFFAFFFD
004BFFFFFFD4FFF1
003000060002FFF0
FFF8000E0011FFFF
FFFE000300070009
FFE8FFFF00000002
0000FFF7FFF3FFCD
FFF6FFF5FFE30001
FFFDFFFBFFFC0000
000300020000000E
FFF1000200060012
0001FFFE0000FFBA
00070003FFF5FFF8
0002FFEB0000FFFC
FFFB000300010001
FFE100000026FFED
FFFB000000000028
FFFA015B0001FFF8
FFF9FFFFFFFE0000
0000FFDB000F0004
00020034FFEC0001
0001FFFE0003FFEB
00740020FFE50000
FFFD000E0001FFFF
FFFFFFFF0008FFE8
FFD8FFEBFFFB0006
0000FFF800050000
FFEB013400000165
FFFCFFF500060002
FFEB0054FFFFFFF8
0010FFFEFFC1FFE1
000000050003FFFE
00000002FFFF0003
0003000F0003FF93
FFF4001400070003
FFFCFFFAFFEB0003
FFFEFFFDFFF9FFFE
FFFE000EFFF90010
0000FFFFFFFCFFFB
FFFA004C00000040
0003FFEBFFFF000A
000D0000FFFF0005
00040005FFFD0016
000500020000FFF1
00050005FFFDFFFE
0007FFFE00C9FFF3
0000FFF40001FFF3
000B0001FFA3FFB7
0009FFEFFFFEFFFE
FFF5000E00000014
FFF9000AFFFE0000
00000003FFFC0001
FFED0000FFF7000A
00000006FFF0FFF5
0000FFFEFFFFFFED
00050003FFD5FFF0
FFED005D00020002
0066FFFB00010000
0007FFD8000DFFF9
00040001FFFD0000
0004009FFFDA0009
0006FFFFFFE80021
0010004FFFFB0001
0001FFDE0001FFFC
0000000DFFFCFFF1
001DFFFDFFD9FFEF
002C00070000FFFF
000E000D00070000
FFEF0011FFF30000
FFE2000300000001
00000000FFE9FFEE
FFFBFFB0FFE50002
FFF9000EFFFDFFFE
0006000000010009
0003000100060011
0001000B0001FFBB
00000007FFFBFFF3
0000FFE4FFFEFFFA
FFF80000FFFC0000
FFFE00060088FFE3
FFF90000FFFF00C1
FFFE00C600010002
000E0000FFFF0001
FFE8FFC400200000
0064000EFFF5FFFF
000100000002FFF6
000A01F6FFB6FFFF
00040000FFFFFFFB
FFFDFFFDFFFBFFE1
0001FFFAFFFFFFF4
FFFAFFFAFFDEFFED
000B008700010095
0000FFFC00000000
FFFA00440000FFFA
00050000FFCDFFF3
000000040001FFFF
0002000900060001
0000000B0007FF5B
FFFCFFFE0009FFDC
0001FFEFFFF10006
FFFEFFFD0000FFFC
FFFF001D0008000E
FFFF0000FFFD0015
0000FFF60001002D
FFFFFFD500040006
0007FFFBFFED0013
0000000AFFFA0031
004900000000FFFA
0002FFFB0000FFFD
0002FFE60010FFFC
FFF0FFFE0001FFF5
00000001FFD6FFED
0005FFF00001FFFF
00030000FFFFFFFC
00070000FFFFFFED
FFFF000A0002FFF7
00170000FFF5FFFA
FFFF0001FFDAFFEC
0014FFF9FFFBFFCA
00050003FFEE001E
0008003DFFFD0000
0032FFF60002FFF3
0009FFE8000CFFF5
0005000600000000
FFF10124FFA10008
0002FFFCFFDF0023
001000360002FFFF
FFC8FFE50009FFFA
FFFF0015FFFA0001
002DFFFDFFE4FFE5
001200070000FFF3
0010000D00060001
FFED0015FFF40005
FFE9000B0000001A
00010002FFF8FFEA
FFFAFF87FFEE0000
FFF40025FFFFFFF3
0008000000040000
000100050008000E
0000000C0000FFB7
FFEEFFFFFFFAFFFC
0000FFEEFFF1FFFC
FFF6FFFEFFFC0002
FFFF0001008BFFEE
FFFBFFF0000000C8
FFFC00840001FFE9
00050000FFFF0000
FFF8FFB8000DFFFC
004F0004FFE50004
000300000004FFFF
FFE602D5FFA8FFFF
000600000001FFF8
FFFCFFFCFFF7FFDE
0010FFFD00000004
FFEBFFFDFFD8FFDF
000C0056001C007A
FFFFFFF7FFFF0000
FFE400410000FFFE
000C0001FFE1FFF0
00030002FFFE0000
FFF5000A0003FFFF
000000090006FF60
FFFCFFF4000CFFE5
0013FFF3FFEB0004
FFFC000100010005
0002001A00180000
00010000FFFC0067
FFFDFFEB00000013
FFFFFFDA000E0003
0005FFFCFFE2001E
FFFF0001FFF9003D
006300000001FFF9
0001FFFD0001FFFF
0002FFF10002FFFF
FFE6FFFD0001FFF7
00000000FFEFFFEA
0003FFF20002FFFF
00020001FFFDFFFF
000DFFFFFFFEFFDE
FFFF00080006FFF8
0003FFFFFFF0FFF9
FFFC0009FFD6FFF3
000FFFFAFFF9FFB8
00080003FFF40029
0009001EFFFFFFFF
FFC9FFF40006FFEC
0004FFE5000BFFF9
0005000FFFFCFFFF
FFD60251FFB00008
FFFFFFFDFFFB001A
0003000C00040001
0003FFF10006FFFB
FFFA0012FFF90003
FFF6FFFDFFD7FFDB
FFFC00050000FFBE
0008000C00020005
FFE8003EFFF5001C
FFED000100010013
00000003FFFD000A
0000FF65FFFAFFFF
FFF3007EFFFDFFEF
0008FFFF0003FFFA
FFF9000600060008
FFFF000AFFFDFFDD
FFEDFFFEFFFFFFFB
FFFFFFF4FFF7FFFE
FFF9FFFFFFFFFFFF
000000000046FFE9
FFEDFFEE000201AD
000000210000FFBA
0015FFFFFFFF0000
FFE1FFCA0003FFFC
0050FFFFFFEF0039
000700100002FFFF
FFE203E5FFB8FFFE
0007FFF60000FFF9
FFF8FFFC00260033
000DFFFEFFFF0006
FFDEFFFFFFDEFFC8
0003001600A3002B
FFFDFFF70000FFFF
FFED00520001FFFE
0002FFFEFFFCFFFB
0000FFFE0000FFFF
FFFB0001000FFFFF
000400040000FF67
0000006B000CFFD8
001BFFF8FFEC0002
0000001CFFFE0005
0001000D00010000
FFFDFFFFFFFF00ED
FFE7FFEFFFFF000A
0000FFDA00220000
0003FFFEFFC90018
0001FFFFFFF6002D
006CFFF70001FFFA
0003FFFBFFFFFFFE
0001FFEEFFFFFFFB
FFE6FFFD0001FFFC
FFFD00000000FFF5
00040000FFFF0002
FFFF006200020000
000CFFFE000EFFC7
FFFF00050000FFF9
FFE6FFFEFFF4FFF8
FFF90002FFE2FFE7
001BFFFDFFFDFFAD
0002000000040041
000A0005FFB8FFFF
FFE6FFF60002FFDD
0007FFF20009FFFB
0005000BFFF9FFFF
FFDB02C2FFE30009
FFFCFFFDFFFF0015
00040006FFFA0001
0001FFF10009FFFB
FFFA0010FFFD0004
FFD3FFFDFFDDFFE7
FFF9FFFD0000FFC4
000900070003000B
FFE7004BFFF90014
FFF300020003FFF0
00000004FFFD000B
FFFFFF6CFFFEFFFF
FFF100F5FFFCFFE9
000AFFFE0001FFF2
FFF3000500040008
00000006FFF8FFDD
FFDEFFFEFFFF0000
0000FFF9FFFA000A
FFF8FFFFFFFDFFFC
FFFA0000001BFFF2
FFEBFFF5000101E2
0000FFFE0000FFB3
0010000400000000
FFF0FFBC0001FFFE
0032FFFDFFED0061
000400100001FFFF
FFDF0366FFC50000
0007FFF20002FFFE
0003FFFC0049002B
00020000FFFF0003
FFE5000CFFE7FFB9
FFFC001901090002
FFF6FFECFFFE0000
FFF7005F0001FFFE
0003FFFE0000FFF6
FFF20001FFFEFFFF
FFF40001000D0000
00020003FFF8FF79
000000600009FFCB
0026FFFEFFEDFFFF
FFFD0018FFFF0005
00000007FFEF0003
0035FFFEFFF200F4
FFD3FFBBFFF70002
FFFFFFBC00270000
0002FFFDFFCD0023
0004FFFEFFF60023
0087FFF50001FFF8
0001FFFEFFFFFFFF
0009FFED00030001
FFD7FFFA0002FFFF
FFFD00000000FFFD
0003000300000008
FFFF00C5FFFBFFFF
000BFFFEFFFEFFCF
FFFF00030008FFFF
FFD8FFFFFFF0FFF7
FFF5FFF9FFE3FFE3
0017FFF8FFFBFFBE
00010001FFFE005A
00090003FFFFFFFF
FFEFFFFA0000FFE1
0009FFFC0009FFFF
00030007FFFBFFFE
FFE8026B00050009
0013FFFF00010000
0006FFF7FFEF0002
0000FFFA0004FFFC
FFF80007FFFB0002
FFCCFFFDFFE0FFF4
FFF5FFFD0001FFB6
0025FFFEFFFF0005
FFE80035FFF8001E
FFF700010003FFF7
000000040002000A
FFFEFF7A0000FFFF
FFF4012D000DFFDC
000AFFFE000DFFF0
FFF10004FFF80002
FFFFFFFFFFF0FFF7
FFC3FFFF00010000
0000000300000002
FFFEFFFFFFFFFFFF
FFF40000000EFFF3
FFF4FFF5000101C6
0000FFFEFFFFFFA0
000900040001FFFE
FFE1FFD1FFF8FFFE
002AFFFE000100E9
000300060005FFFF
FFF6030BFFD3FFFE
0005FFF1FFFEFFFB
0003FFFD00D2006E
0003FFFFFFFE0000
FFE000010001FFB2
0002FFF9011B0001
FFEFFFFAFFFDFFFF
FFF5005400010002
0000FFFA0000FFFF
FFFD0001FFF20000
00010002000C0000
00090003FFE5FFA7
00000038000AFFC4
0032FFFDFFF1FFFF
FFFE00270000FFFE
00070004FFDB000B
0061FFF2FFF800CF
FFCCFFAAFFEB0002
0000FFC600300000
0001FFFFFFCA0004
0002FFFDFFF90012
00C1FFEDFFFFFFF8
0001FFFDFFFF0000
0024FFFA00070003
FFC3FFFB00010001
FFFE00000000000D
0002000400000018
FFFF022CFFFDFFFF
000BFFFFFFFFFFC4
FFFF00020007FFFE
FFAC0002FFF8FFF6
FFEFFFF3FFEBFFEA
0028FFFAFFFFFFC3
0000FFFF00000076
0006FFFFFFB8FFFF
FFFEFFF8FFFFFFE4
000500020002FFFE
00020001FFF8FFFC
000601D700530004
0096000000040004
0004FFFBFFE60004
0001FFF40002FFFB
FFF50001FFFD0001
FFB6FFFFFFE7FFF3
FFF3001A0001FFA5
0030FFFD0000000C
FFE4004CFFFA001C
FFF600010002FFD8
FFFE00040001000D
FFFBFF86FFFCFFFF
FFF601390006FFDD
000BFFFF000FFFF9
FFE90003FFF1FFFF
00000000FFE3FFFF
FFCE0000FFFF0000
00020005FFF70000
FFFEFFFFFFFEFFFF
FFEF0000FFFDFFF6
FFF0FFF7FFFA018E
00000000FFFCFF94
000B00020003FFFE
FFE1FFF30001FFFE
0046FFFEFFFF0072
00030000FFFBFFFF
000002C7FFFD0000
0007FFF0FFFAFFFF
0003FFFD0158004A
0003000900000000
FFEF00010025FFA5
001FFFF30116FFE9
FFECFFF2FFFAFFFA
FFF800700001FFFF
FFFF0001FFFDFFFF
FFCF000400010001
FFF4000300040000
00040004FFE7FFC6
FFFE00390008FFCA
000F0000FFF3FFFE
000000260002FFFC
00220001FFDB0049
0069FFECFFF100B1
FFBDFFC7FFD50006
0000FFDA001EFFFF
0001FFFFFFCE0005
0000FFF6FFFD0007
0082FFE7FFFDFFF9
00000000FFFE0001
007F000100080007
FFA7FFFC00000000
FFFF0000FFFE000D
FFFF002400000011
FFF903AAFFFFFFFF
0006FFFE0000FFCC
000100010002FFFE
FFCB00040002FFF8
FFDDFFEDFFE4FFE8
00290004FFFFFFE0
FFFF0004FFFF0040
FFFEFFFFFFFEFFFF
FFFD0002FFFEFFEC
FFFDFFFFFFFFFFFB
0001FFFDFFFFFFFD
000B01A60131FFFF
014B0001FFFF000E
FFFFFFF9FFD30000
0000FFF100030003
FFF40000FFFE0009
FFC20001FFE2FFFB
FFF700A20000FFBC
002DFFFDFFFE0004
FFE9001EFFF90009
FFFC0004FFFEFFCF
00040007FFFF0006
FFFDFFA9FFFE0002
FFFB01080006000A
000C00010007FFF9
FFEC0000FFF70004
00010001FFDCFFFE
FFD00002FFFEFFFE
00040006FFFFFFFE
FFFC000000080000
FFF6FFFFFFFFFFF8
FFF1FFF9FFF800C8
0000FFFFFFFCFFA5
FFF200020007FFFA
FFF00007000A0007
0054000000000043
00000006FFE30000
000500E000020000
0007FFEF0006FFFF
0001FFFE01E20020
00060002FFFFFFFE
FFFB00080044FFC0
0038FFFB0111FFF4
FFEAFFF4FFF8FFF6
FFFD00450001FFF5
FFFA0004FFFF0000
FFAF000700000012
FFF700030005FFFF
00050008FFE2FFD5
FFFE0026000AFFCB
00160000FFFFFFFF
000200030007FFFA
002EFFFFFFEA0146
00B7FFDEFFEB0033
FFA6FFDBFFD60009
FFFEFFFD0009FFFA
0002FFFEFFD50002
FFFFFFF8FFFF0002
0037FFECFFFDFFF9
00000001FFFA0003
00E50005000A0005
FFACFFFA00000000
FFFE0000FFFC0006
0000FFFD00030017
000003D4FFFFFFFE
0009FFFA0000FFED
0000FFFEFFFDFFFE
FFE300070008FFFA
FFD9FFEFFFEAFFF7
002E000E0006FFFC
00000017FFFE0038
FFF20001FFFBFFFE
00010000FFFDFFF5
FFF5FFF90000FFEF
00000000FFFFFFF7
000A006001E5FFFD
02770000FFFF0004
001A0006FFD70000
FFFFFFFF00010001
FFFD0003FFFDFFFF
FFDBFFFCFFF2FFFF
FFE9014B0001FFCB
002BFFFC00040006
FFF20007FFFE0005
00010017FFFEFFB7
000E000600020007
FFF9FFCEFFFF000F
FFFF00BB0001000C
000B0003000AFFFE
FFE90002FFE70001
0001FFFEFFDBFFF4
FFD2FFFAFFF9FFFA
0004FFE8FFB9FFFD
FFFF00000003FFFF
FFF2FFFCFFFFFFF9
FFF5FFFEFFF0006E
0000FFFEFFFBFFBD
FFF10001000EFFFB
FFEC001800090003
00350000FFFF002C
00000037FFFE0002
0007005EFFEBFFFF
0005FFF100030000
FFFFFFFE01EA0000
0001FFFF00000005
0001FFFF00710015
005E000500860002
FFEE0004FFF8FFF5
000000350001FFF8
FFFA0010FFFDFFFC
FF9A000400000013
FFFA00020005FFFF
0006000BFFE40009
FFFA00120009FFE7
0009FFFF0000FFFE
000100000016FFFD
005AFFFFFFEE02A5
00CAFFD6FFF1FFF6
FFB10002FFD20008
FFFBFFDA0000FFFD
00020000FFDE0005
FFFFFFF7000D0000
0008FFEAFFFBFFFC
00000000FFFA0002
01AC0003000B0006
FF95FFFBFFFFFFFF
FFFF0000FFFC0002
000700120009000D
000004E6FFFDFFFE
0009FFFC0000FFFB
0003FFFE0002FFF4
FFDB00170002FFFE
FFE900030001FFFD
0030002000080000
FFFF0042FFFF0006
001C0003FFF30001
FFED0001FFFFFFF7
FFE7FFF50008FFE8
FFFF00000000FFF5
FFF6000601C7FFF8
03640000FFFD0001
00CA000EFFE10001
FFFFFFFF0001000B
FFFEFFF90002FFFE
FFD6FFFDFFFBFFFF
FFED02120000FFDD
0010FFFA000C0004
FFF6FFFC00000001
00020007FFFDFFC2
002400050003000A
FFFCFFFAFFFA0027
0001006600000001
000700030004FFFF
FFF1000EFFE00000
00020004FFD6FFE1
FFDCFFEAFFF4FFFD
0002FFE9FFA80001
00000000FFFFFFFE
FFE5FFFE0002FFFD
FFFAFFFFFFF8000F
0000FFFEFFF9FFD9
FFEE00010010FFF3
FFF3000600020002
000D0000FFFFFFFF
000000D9001D0002
0000FFFCFFC0FFF7
0002FFFD000D0001
FFFC000401DFFFF7
0002FFF5FFF7001D
00000000009E0004
0069000800580009
FFF10003FFF7FFF7
FFFF00090000FFF5
FFFA001C0002FFF9
FF8F0001FFF90012
FFFF0002000C0005
0008000DFFDD0001
FFF700130009FFEF
0001FFFAFFEBFFFE
FFFB0001000AFFFE
0073FFFFFFF60423
00A9FFD0FF93FFFA
FFB50002FFDF0007
FFF8FFFFFFFBFFFF
00010002FFF7000E
FFFFFFF600320000
FFF5FFF6FFFAFFFF
0000FFFCFFF70008
0199FFFE00090009
FF9CFFFDFFFEFFFF
00000000FFFA0000
000BFFF6000E0000
FFFB04A0FFFEFFFF
0007FFFE0000FFFF
00020008003FFFFE
FFD6003B0000FFF6
FFECFFFDFFFCFFFD
004C003E0006FFFA
FFFF005B0000FFFD
00CB0002FFF80003
FFF3FFFE00000003
FFD4FFED0016FFEA
001A0000FFFFFFF9
FFC6FFFF0130FFFA
0380FFFEFFFEFFFF
02FB000BFFE60008
FFFFFFFF00050002
FFFFFFEBFFFD0000
FFE2FFFF0000FFFF
FFF602C5FFFFFFF4
0006FFF9FFFC0002
FFFBFFFCFFFF0000
0001001EFFFE0010
0025000200030002
FFFEFFFFFFF7001D
0006000BFFF4FFFC
00070001FFFC0000
FFF10037FFDC0000
00000020FFD9FFE1
FFFBFFD9FFF2FFFE
FFFAFFF6FF8D0003
000600020000FFFD
0004000000040000
FFFA0001FFFFFFF4
0000000EFFFFFFF6
FFF300060016FFF8
FFFFFFFAFFF8FFFB
00070000FFFC0001
000900FE00440003
00030002FFB2FFF9
FFFCFFFC000B0000
FFE90002010CFFFB
0000FFF7FFF60025
FFFB00000093FFFE
005C00090016000A
FFFC0001FFF7FFF0
0000FFEEFFFF0005
FFFF00140000FFFE
FF97000CFFFA0006
00000000000D0005
00070003FFE8FFEE
FFF90005000CFFF4
FFFFFFF2FFD5FFFD
FFFC000300090001
00A1FFFFFFFB03F2
006BFFD1FFF30002
FFCC0007FFD7000E
FFF90000FFF9FFFB
00020004FFFD0002
0002FFFC00590001
FFF7FFFFFFFEFFFD
FFFFFFEFFFF40006
0150FFFA00060008
FFC5FFF9FFFF0002
0001000000000000
0002FFEB00170007
FFE202AA0001FFFF
0007FFFB00010001
0003002C00C90000
FFE300310000FFF5
FFF4FFE80008FFFF
00530058FFFEFFF4
000000910006FFF8
01C3000100000000
FFFEFFFB00000009
FFD0FFE80013FFE1
00350000FFFFFFFB
FFAA0007009BFFF9
027BFFFBFFFC0000
03E4000CFFF00004
0000000000070002
0003FFD3FFFD0001
FFFD000000010000
FFE9029D00000000
FFEEFFFC0002FFF6
0000FFFD00010003
0003000AFFFE0013
001FFFFC00030000
FFFFFFFCFFFB001A
0006FFF8FFF8FFFA
0004FFFEFFF80001
FFF6005AFFE3FFFF
00010012FFE7FFDC
0006FFD0FFFB0004
FFF3FFFEFF850007
FFF90003FFFF0000
0005000000070000
FFFFFFFC0005FFF5
0000000F00000000
FFEF00000003FFFD
0000FFE3FFE6FFFD
FFDF0000FFFB0004
00110123005AFFFE
00050000FFB4FFF8
FFF7FFFE0009FFFF
FFE8000000700000
FFFAFFF5FFF00048
FFF7FFFF00ADFFFE
0034000A00000009
FFFF00000002FFF4
FFFFFFF0FFFE0015
FFF80019FFFDFFFF
FFB9000000000005
0000FFF70004000A
0002FFF3FFF3FFDE
FFF7FFFE0009FFFB
FFF9FFEBFFC90002
FFFB0003000A0001
008EFFFE0000030C
0025FFCEFFEC0004
FFEA000EFFDB000E
FFFA0000000AFFF9
FFFF000400000002
0016000100110003
FFFA00000002FFFE
0005FFF2FFE80003
012CFFF30000000B
FFE7FFF600020001
0000FFFF00000000
0002FFE10010FFF8
FFC501880002FFFF
0002000300030000
0003006C02200000
FFF500380000FFFC
FFF9FFFA000CFFFE
00380057FFFDFFEF
0001008B0007FFF7
02DE0000FFFFFFFD
0002FFF900010007
FFCEFFE60010FFED
00620000FFFF0001
FFA400090025FFFB
019BFFFE0002FFFF
04540009FFFB0000
0000000200070000
0006FFD6FFFA0002
0000FFFF00030008
FFF201F60000FFF2
FFE3FFFDFFFAFFFA
FFFE000400000009
00000002FFFE0007
0030FFF900010003
FFFFFFE80002000A
FFFAFFFCFFFCFFFA
FFFF0000FFF00001
FFFD0072FFDBFFFF
00000010FFE9FFEA
0005FFDBFFFD0002
FFEC0000FFA20007
000D00010000FFFA
0009FFFF00060000
0000FFFD0001FFEF
0000000D00000000
FFF000000001FFFF
FFFFFFE4FFE5FFF9
FFE9FFFFFFFB0004
001C00D3004DFFFA
00070000FFBAFFFD
0004FFFF0006FFFF
FFE6FFFF0031000A
FFF8001AFFF6003B
FFEFFFFE005F0000
00160003FFFF0007
000000000003FFF0
0000FFE30000000E
FFFF001F0000000B
FFC100000000FFFE
0003FFF800000006
0000FFE4FFF5FFD7
FFFFFFFF000D0000
FFF6FFDEFFB30000
0001000400030003
0024FFFC00000212
0008FFD6FFDC0004
FFFB0011FFEA000E
FFFE0000000FFFFE
FFFF000500000000
002DFFFF00150000
000000040000FFF9
0001FFDFFFDC0001
00A0FFF4FFFF0006
FFF6FFEC0008000A
FFF10001FFF6FFFF
0000001A0027FFEE
FFB500420004FFFC
0000000300030000
0003008F024BFFFF
00040024FFFFFFEF
FFFCFFFE0003FFFA
002500460000FFF3
FFFF00830007FFFA
029E0000FFFEFFFE
0001FFFA00010000
FFD7FFE9000DFFF0
0052000100000001
FFBA00090012FFFD
0069FFFE000AFFFF
04B2000500000004
FFFF0005000A0000
0008FFBDFFF7FFFE
0010FFFD0005FFFE
FFF701720000FFD2
FFD2FFFBFFF7FFEC
FFFF00080007000D
0000FFFE0000FFFF
0016FFF300000010
FFFFFFE800050001
FFF90008FFFEFFFA
FFFF0006FFF60001
FFFB012EFFF10001
FFFF0000FFF3FFF9
FFFFFFEF00040007
FFE60001FFB20007
000600000000FFE3
000400000002FFFF
0003FFFAFFC8FFFE
00010008FFFFFFF6
FFF60002FFF90000
FFFFFFE4FFDA0001
FFF3FFFFFFFC0007
002800640020FFF2
0009FFFEFFB80003
001300000002FFFF
FFE9FFFEFFFE000D
FFF2002CFFFD0044
FFF2FFFE00420000
00090001FFFC0005
000000000003FFF3
0000FFFE0003000F
00040011FFFF001A
FFEA00000002FFFF
0005FFFBFFF90009
0000FFF7FFFEFFD0
FFFF00020009FFFE
FFFAFFFBFFBCFFFE
00020006FFFF0002
0019FFF6000200A7
0001FFDAFFE30003
FFFF0034FFF7000A
FFFC000000110000
FFFE0007FFE9FFFE
004B0000000F0001
000100010003FFF3
0000FFF2FFD9FFFE
002FFFEF000E0005
0000FFE90008000A
FFFE0002FFDCFFFE
001A00090005FFF2
FFA7FFEE0003FFF7
FFFFFFFF0005FFFF
000400A0023B0000
0000000B0000FFFA
FFFC00010001FFFE
000C003F0002FFEE
000400160006FFFE
03620000FFF6FFFE
0000FFF60000FFFD
FFDAFFF00000FFFC
0016FFFFFFFA0001
FFB300090000FFFE
000EFFFF0012FFFE
04020002FFF90012
FFFE0012FFFC0000
000BFFCAFFFC0006
0012FFFF0001FFFF
FFFC00A10002FFC8
FFC4FFFC0000FFE5
FFFC0004FFFF000E
FFFFFFFE0001FFFE
0013FFEE00000009
FFF5FFF50004FFFF
FFF6000DFFFF0008
FFFF000AFFE3000C
FFF6014EFFEFFFFE
00000000FFF60003
0010FFDB0003000A
FFEF0000FFD40004
000C00010002FFE0
FFFD00000000FFFF
0004FFFCFFFEFFFE
0000FFFFFFFEFFF7
FFF5FFFCFFFA0004
FFFFFFF1FFE00000
FFF30005FFFE0006
003300150004FFE8
0005FFFBFFC30009
000B000000000000
FFE1FFFE00000010
FFE300390007006D
FFEE000000000000
0003000500050000
FFFF00140004FFF4
FFFFFFFD00000015
00190025FFFA0015
FFF6FFFFFFFF0000
FFFF0009FFFE0009
0008FFE5FFFDFFCD
FFFF0003000AFFFF
FFFEFFFEFFD9FFFE
00040004FFFB0002
0011FFEE0000001C
FFFFFFE2FFDA0005
FFF6006DFFFF0005
0005FFFF00120000
00010006FFE4FFFD
0010000000010001
00040001FFFEFFE3
0000FFEEFFECFFFC
FFF2FFFA0050FFFF
000FFFD600000003
FFFD0007FFCCFFF1
000600020004FFF6
FFADFFEC0003FFF9
0000FFFA00060000
FFFF0056021A0000
FFF500000000FFFD
FFF9000C00070000
000400110001FFE6
FFFF00010003FFFE
01BFFFFFFFF9FFFC
0004FFF60003FFFD
FFDBFFF8FFFE0003
0006FFFFFFF70000
FFB000090000FFFD
FFFB00000001FFFD
02D30000FFF10045
FFFF003FFFFEFFFF
000BFFB5FFFB0003
001EFFFFFFFCFFFF
FFFA004E0001FFD2
FFCAFFFE0000FFEC
FFFD00070005000F
0000FFFDFFFF0000
000DFFEBFFF30000
FFE7FFEC00000000
FFF60011FFFD0004
00000009FFEA000E
FFDB012FFFEDFFFD
0000FFFEFFF9FFFB
0004FFE300020002
FFF5FFFFFFEE0000
000E00040010FFE3
0000FFFF0000FFFF
0000FFF7FFFBFFFC
00020000FFFDFFF4
FFFEFFFD0000FFFF
FFFF0005FFE80001
FFF6000F00000007
002E00020000FFDF
0000FFFCFFF20009
0007FFFAFFFDFFFF
FFEE000000080010
FFE90013000C0079
FFF0FFFF00020000
FFF8000F00080000
FFFD001E0002FFFD
FFFE007000000015
0002000BFFF50008
0000FFFCFFFF0000
000000040001000A
000E0009FFFFFFD4
FFFB00030007FFFC
FFFF0003FFEFFFFD
00060008FFFB0002
0010FFE6FFFE0002
0000FFEBFFEF0005
FFE4004D0002FFFF
00070000000E0000
00080006FFD2FFFB
000600000000FFFF
00060001FFFEFFEA
0000FFEDFFE9FFFB
FFF8FFF2007BFFFE
FFF9FFDEFFFD0002
FFF2000BFFBAFFFD
0004FFFDFFFFFFFB
FF9BFFFE0002FFF8
0000FFEC0008FFFF
FFFF0044015F0001
FFE900000000FFF6
FFF7000400040001
FFFC00160002FFEC
FFF90000FFFE0000
00A00004FFFDFFF7
0029FFE50005FFFD
FFDA0002FFFC0009
FFFAFFFEFFF80000
FFB9000AFFFFFFFF
FFFE00010003FFFA
0206FFFFFFE20051
00010081FFFEFFFE
0003FFBEFFFA0004
001F0000FFFCFFFE
FFFD00100001FFD1
FFC600000007FFE7
FFFA0005FFFF000F
0003FFFD00010000
0002FFEB0005FFF9
FFE5001300050000
FFF7000700020004
00000010FFDF000D
FFD40129FFEF0000
0002FFFEFFFCFFEF
000AFFEF00000001
FFFE0000FFFA0001
00070003000AFFE4
0000FFFDFFFCFFFF
0009FFFB0001FFFC
0002FFFFFFFAFFF5
FFFEFFFEFFF5FFFE
FFFF001EFFF40001
FFFC0022FFFF0009
001F00000007FFDA
000100070001000C
000CFFFAFFFC0003
FFE4FFF9000C0010
FFEE0007000D00AD
FFF1FFFF000AFFFE
FFF7005E000B0013
FFFE002DFFFF0002
FFFF0002FFFA000E
00090020FFFA000D
0000FFFCFFFD0000
00000004FFFD0007
000BFFE8FFFFFFDF
FFF800040009FFF9
FFFE0005FFFAFFFE
00030005FFF70003
000FFFE1FFFBFFFF
0000FFF4FFEE000F
FFDA008F0006FFFE
000D0000000F0002
00080006FFCDFFFA
000500000000FFFF
00070002FFFAFFE3
FFFFFFF1FFEFFFFE
FFF5000A0093FFFE
FFF0FFF1FFFE0003
FFF4000BFFB1FFFD
FFFFFFFEFFFFFFFE
FFA800010005FFF3
0000FFF700090000
FFFD000C010D0003
FFE400020000FFFA
FFFC000200090003
FFFB0006FFFEFFEC
FFFC0000FFFC0003
006C00090001FFFB
0035FFF70005FFFD
FFE00001FFF8000A
FFECFFFDFFF90003
FFC00009FFFD0005
000200010003FFF1
00560002FFD00045
00030063FFFCFFFD
0004FFD1FFFBFFFF
004E0000FFF3FFF9
0006FFF60002FFD1
FFE40001000AFFEA
000000020000000E
0007FFFD0003FFFB
0003FFE90006FFFC
FFD4003A00030002
FFFA000700040003
0000000CFFE7000E
FFC600E5FFEFFFFE
0000FFFDFFFEFFD3
0000FFF8FFFF0000
00030000FFFF0002
000200000009FFDE
FFF1FFFCFFF90000
0000FFFD00020001
FFFEFFFFFFF9FFF2
FFFE00000000FFFD
FFFF003FFFF80000
FFFF00420001000A
0012FFFE0005FFD4
000D0008FFFF000F
FFF2FFF6FFFF0005
FFFDFFF7000E0011
FFE1FFFE000B00A4
FFF6FFFC0011FFFF
FFF600E6000D0039
FFFA003500000001
FFF90026FFF20000
00070008FFF6000E
FFFFFFF8FFFD0000
FFFF0008FFFC0005
001AFFE600010020
FFF100040002FFFD
00000008000D0000
FFF90004FFDB0008
000BFFE0FFF80007
0001FFFCFFED0010
FFD4009600060002
000F0000000E0003
000A0004FFCBFFFB
0006FFFF0008FFFF
00080002FFFAFFDF
FFFFFFF8FFED0000
FFEE000E0104FFFC
FFDAFFEDFFFDFFFE
FFFC000CFFA3FFEB
FFFFFFFFFFFFFFFE
FFB300030006FFFA
0000FFFA0007FFFF
FFFD000000890003
FFDA00030000FFFC
FFFB0002000B0004
FFFEFFFBFFF3FFF8
FFFC0000FFF70002
002500090004FFFB
0083FFF800080006
0000FFF8FFF90009
FFF80008FFFCFFFE
FFEF000300000003
00050001000EFFF3
00100008FFB700AF
0007004DFFFBFFFB
0001FFEEFFFCFFFA
0045FFFDFFF7FFEF
FFFFFFFEFFFDFFE0
FFC700020011FFEB
FFF90000FFFF000F
00110001FFFFFFEA
0000FFEDFFFDFFFA
FFF4001CFFF40003
000000070000FFFE
FFFD000FFFFCFFFF
FFB300530000FFFF
FFFCFFFD0001FFB9
0001FFFDFFEEFFFE
0001FFFEFFFE0025
000100020001FFF9
FFF7FFF8FFF00001
0000FFF70001000E
FFFCFFF0FFF6FFEB
FFFDFFFFFFFFFFF0
0001001F0005FFFF
0003002FFFFF0012
0008FFFA0006FFD5
00DB0006FFFC000A
FFFBFFF5FFFD0008
0005FFF5000B000A
FFEE00000008001E
00010000000C0004
FFF201E9000D0097
FFFA005D00020002
00060052FFEDFFE3
FFF50009FFF5FFE7
FFFFFFF9FFFBFFFF
0002000300090006
001CFFF9FFFF001B
FFEA0002FFFFFFF8
0000000600010000
FFFFFFFCFFE3000D
0015FFF8FFF2000F
0000FFFFFFF10009
FFD800B30004001E
000EFFF4000DFFFF
000AFFFEFFC80000
000B000000130007
00060003FFFFFFE8
FFFD0002FFE20001
FFF8000B00F4FFFE
FFD4FFFB0000FFFF
FFFD000EFFC2FFF3
0000FFFF0001FFFF
FFC800050000FFFE
FFFEFFFC000B0000
0000000300200007
FFC9FFF200010000
FFFE0000000FFFFE
FFF8FFF9FFFA0003
FFFD0002FFEFFFFF
FFF1004800080004
0032FFFF00090001
0003FFE5FFFE0005
FFFC00010001FFFD
00080002FFFE0004
0006FFFF001D0001
00020039FFB700FA
00040010FFFDFFFD
FFFEFFFFFFFAFFF6
003BFFFCFFF0FFEA
00030000FFFFFFE0
FFDC00040011FFEF
00000000FFFE000E
00100008FFFFFFEE
0000FFFAFFFD0001
FFEC0018FFF60005
000000050000FFFF
FFFC00030002FFFE
FFD6000900030000
FFF7FFFCFFFEFFA8
00020001FFEB0000
0000FFFBFFFE000C
0001FFFD0001FFF4
FFFBFFF1FFFE0000
FFFBFFFD00000039
FFFAFFF8FFF6FFEF
FFFEFFFFFFFDFFE2
000000110001FFFD
00020042FFFD0009
0002FFFB0003FFE4
01D4FFF9FFE50000
FFF8FFFEFFF90007
0010FFF9000C0000
FFF9FFFA00020008
0000FFFA00080001
FFED024A000C019D
FFFC007D000AFFFF
FFFE003AFFEFFFE5
000B0005FFF4FFC9
0000FFF8FFFAFFFD
000100000000FFFF
000E0001FFFE0023
FFE30005FFFFFFFE
00000006FFEF0000
0000FFF7FFE8000A
FFFFFFF7FFEF000F
FFF60000FFFDFFFF
000300D2000000BB
0008FFE400090002
0006FFFEFFE40000
0011000200120023
000200060000FFF0
FFFF000AFFEB0000
0000000D00C90008
FFF9FFF3FFFFFFFF
FFFD000FFFAF0013
0000FFF70001FFFF
FFCE0009FFFFFFFC
FFFF00090004FFE7
0002000800020001
FFC4FFF0FFFD0005
FFFE00000000FFF7
FFFD0004FFF7FFED
FFFA000AFFE8FFF5
FFFC002E00090008
001DFFFC000BFFFF
0013FFDE00020001
000100000000FFFE
FFF50057FFFC0003
000F000100230006
0011004DFFC700A6
0002FFECFFFE0000
FFFB0001FFFD0002
0023FFFFFFF1FFBC
000200050001FFFD
FFEC00030012FFFD
0001FFFE0000000B
000F0007FFFBFFEB
0000FFFAFFFE0009
FFEDFFBFFFF00006
000000030001000D
000200010005FFFF
FFFCFFFB0003FFFE
00020009FFFCFF8E
FFFE0003FFE4FFFA
0002FFF7FFFE0036
FFFDFFFD0002FFFF
FFF9FFF3000A0000
FFFF000000020079
FFF4007FFFFAFFF9
0001FFFEFFF8FFE7
0001FFE4FFF0FFF8
FFF4000FFFFFFFF6
FFFFFFFF0005FFF1
02E7002DFFC10001
FFEEFFFEFFF4000B
0010FFFC000B0001
FFFFFFF6FFFE0005
FFFEFFFE00040000
0007023C000400D1
FFFB004E00110000
FFFF003CFFF9FFF4
00030000FFF6FFC4
00040008FFFBFFFB
0001FFFFFFFEFFFE
00020007FFFCFFDD
FFE30002FFFF0001
0001FFFCFFD90007
0000FFFFFFFB0000
FFF7FFFCFFF50011
FFE5FFFD00000002
0000003FFFFF0119
0007FFE1FFFD0002
00060000FFFD0002
0008000200070021
000000050004FFED
FFFF000AFFF9FFFF
0004000400970015
FFF9FFFD0000FFFF
0001000EFFC50000
0001FFDE00020000
FFF7000E00000001
000500040003FFDA
0001000E00010000
FFD2FFFBFFFF0008
FFFA00000000FFF5
FFFF0001FFF7FFCC
FFFF000DFFE7FFE9
0010003300090000
000DFFF6000BFFFF
0007FFDA00070001
00030001FFFDFFFD
FFD500D0FFF80003
0010000000260005
00100043FFD30084
0001FFEEFFFF0000
FFFB0005FFFD000E
00140000FFEDFFC6
0001000700010002
FFF600050011FFD0
FFFF0000FFFF0002
00080005FFFFFFFD
0000FFFF00000001
FFEFFFA2FFF40006
0000000000010017
002A000000060000
0015FFFE0007FFFE
000B000AFFFBFF85
FFF70001FFE3FFFD
FFFDFFEFFFFF0016
FFFBFFFD00030000
0000FFF8000FFFFE
FFFD000000030077
FFFB007BFFFD0000
0003FFFEFFF40007
0001FFD2FFE2FFFA
FFEA0009FFFF0001
0002FFFF0005FFFE
01E900EAFFACFFFF
FFF0FFFDFFF30003
0008FFFC000B0001
0000FFF8FFFB0009
FFF8FFFA0003FFF5
000902130000008F
FFFF003300180001
00000022FFF9FFFC
0002FFFFFFFCFFCC
00040008FFFCFFFA
00010000FFFFFFFF
FFFF000FFFFDFFB4
FFEAFFFFFFFFFFFD
0009FFFDFFCE0007
FFFF000600000000
FFF7FFFEFFFEFFFF
FFDFFFFC00040033
0000002400000148
0006FFDAFFF80002
0007FFFD00000007
0000000100070035
000500020005FFF0
00000000FFFDFFFF
000A000400440007
FFFF000200000000
FFFE0003FFDB0012
0000FFE100040000
FFFF000E00000003
000300010000FFC9
FFFB000E00080000
FFF0FFFDFFFB0008
FFFC000000000005
FFFF0030FFF8FFB6
0002000FFFEEFFE4
000F00320006FFFF
FFEDFFF10007FFFB
0008FFDB0007FFFD
00040004FFF4FFFB
FFCC0147FFF1FFFF
00110000002D0004
000C002CFFEE0066
0003FFF7FFFFFFFF
FFFF0008FFFE0010
000D0000FFE9FFCA
00040008FFFFFFF8
000700070009FFF9
FFF8001AFFFEFFF9
0000FFF900030000
FFFE0005FFFF0008
FFF1FF73FFF90003
0000000000010014
FFFCFFFB0006FFFF
000400040009FFFE
0007000DFFFDFF98
FFF40002FFEC0000
FFFEFFF50000FFFC
FFFDFFFF0004FFFD
000200000013FFFA
FFFD0000000600DF
FFFB0060FFFE000D
0005FFFCFFF70002
0001FFD3FFD2FFF8
FFDF000300000032
0005FFFE00050000
012E0264FFB1FFFF
FFF9FFFFFFF50002
0001FFFF00080014
0001FFFBFFF6000A
FFF0FFFAFFFEFFE0
000801580002005A
0001001400120001
FFF7000FFFFCFFFD
0002FFFF0000FFEA
0003FFF9FFFDFFF7
FFFE000000030005
000000080000FFAC
FFFA00010001FFF7
0007FFFEFFCE0005
FFFC002A00000005
FFF8FFFFFFFC0000
FFDAFFFB000C00A9
00010015000100D7
FFFBFFD7FFFE0001
FFFEFFFDFFFA000C
FFFFFFFEFFF90036
003100000002FFF2
00000000FFFFFFFE
000A0002001B0002
0003FFF900000000
FFFD000AFFE9001D
0003FFD50003FFFF
FFFB000500000004
00070001FFFFFFB5
FFFD001300030000
FFFDFFFEFFED0008
FFFB000000000016
00000005FFEFFF9C
0000000DFFFAFFF0
000D002200000000
FFEAFFF00006FFE4
0009FFE10003FFFD
0004000EFFF70000
FFC001AAFFF00008
000E000000220006
000B0014FFFB002A
0004FFFDFFF9FFFF
000D000BFFFD0028
001B0000FFF3FFDB
00050009FFFEFFE8
0029000700090002
FFF40034FFFF000B
FFFEFFFB00030010
FFFE00050000000D
FFFCFF6400010001
0003000000060005
FFFFFFFB0008FFFF
FFFA0008000CFFFD
0004000BFFFFFFAE
FFF00000FFF30001
FFFDFFF9FFFDFFEB
FFFE0000FFFE0000
0001FFFF0045FFF5
FFFEFFF8000300D9
FFFB003DFFFEFFFD
FFFFFFFEFFFF0000
FFFEFFD9FFD2FFFC
FFEF000100000061
0008FFFE0005FFFF
00AD03FAFFA2FFFD
FFFDFFFFFFF80001
000000010002003B
0001FFFBFFFD000C
FFEAFFFDFFFBFFCC
000900BF00110044
0003FFFF00000001
FFFA000EFFFEFFFD
0002FFFC0000FFF6
0002FFFA0000FFF6
FFFF00010008000D
00030007FFFFFFA6
FFFD00050002FFEC
000FFFFFFFD20005
FFFA004800000009
FFF4FFFFFFF60001
FFD5FFFD000C00EA
0009000C00000045
FFFBFFDC0010FFEB
FFFBFFFFFFF20037
0002FFFEFFF70027
0027FFFE0001FFFA
000100000000FFFE
000A000600050001
0004FFFAFFFDFFFF
FFFA0009FFF8001B
0002FFD80002FFFF
FFFAFFFE00000004
0009FFFEFFFFFFA1
FFFD00090002FFFF
FFFF0001FFE40008
FFFFFFFE0000000E
FFFE0006FFF1FF9E
000000050000FFE2
000B0027FFFE0001
FFE9FFED0002FFDC
0009FFF0FFFFFFFE
00040010FFF30000
FFB50209FFEA0007
0004FFFF00270005
000B0006FFFD0009
00050000FFFFFFFF
000DFFE9FFFD001D
FFF00007FFF6FFDE
FFFF000CFFFEFFD9
0034000700090005
FFF40062FFFE0031
0000FFFD0004000A
0001000A00030011
FFFFFF6900020000
FFFF00050005FFF7
FFFE00010005FFF9
FFF30006000BFFFE
00000004FFFFFFD1
FFE3FFFEFFF40004
FFFDFFF70000FFEB
0000000000040000
FFFE00000008FFF5
FFEEFFFC0009012C
000000040000FFDF
001CFFFF00000000
FFFFFFE8FFD7FFFC
FFCDFFFF000000B4
000700000006FFFF
00360538FFA7FFFA
0000FFFFFFFC0001
00000006FFFF0074
FFFAFFFF0001000C
FFF0FFFFFFEFFFB2
FFFE0030004D0018
0003FFEBFFFF0001
0002000D0000FFFE
FFFFFFF1FFFCFFFE
0000FFFA0000FFF6
0003000300090014
000800070000FFB5
0000000A0002FFE4
00160001FFD60003
00000077FFFF0017
FFF30000FFDC0002
FFF20004000C0144
FFF70028FFFA001B
FFFDFF9E0008FFFB
FFFAFFFFFFEC007F
0005FFFEFFF80020
005FFFFA0000FFFD
00020000FFFDFFFD
0006FFFEFFFEFFFF
FFF7FFF3FFFCFFFF
FFFA0007FFFF001E
0000FFF000000000
FFFA0021FFFE0006
0009FFFDFFFFFFA8
FFFF000700040000
FFEFFFFFFFDF0007
FFFEFFFF0000000C
FFFA0001FFEEFFA6
0001FFFF0008FFFE
000B0052FFF00002
FFFBFFF90000FFD8
0008FFFCFFFFFFFF
00040012FFF00000
FFCE01F7FFEA0001
0001FFFF000D0006
00010001FFECFFFF
00100000FFFD0000
0009FFEBFFFF0019
FFC400070001FFED
FFFF0006FFF3FFC9
003100040005FFFA
FFF5008D0000003E
0001FFFE000FFFF8
00020009000A0005
0000FF5900000000
FFFD000D0003FFF7
FFFD00000007FFFE
FFEC0008000BFFFB
FFFFFFFFFFFFFFEC
FFCCFFFDFFFC0004
FFFCFFFFFFFFFFF1
0001FFFF00030000
FFF500060004FFF6
FFF8FFFE00080102
00000000FFFFFFD3
001BFFFE00010000
000BFFE7FFD0FFFF
FFD70000000001A1
0006000F0007FFFC
FFFC04C4FFBBFFFE
FFFEFFFF00000000
00010000001300DE
FFF9FFFF0000000C
FFEE0000FFF4FFAF
00040006009CFFFE
0001FFEAFFFE000A
0000002700010001
0001FFE7FFF2FFFF
0002FFFC0000FFDA
FFF300040008FFFB
00030005FFFDFFCB
FFFC00100005FFD9
00050002FFDEFFFF
FFFE008DFFFF0011
FFF40002FFB1FFFF
0053000B0009022A
FFE50003FFF10000
FFFFFFA6000AFFFB
FFF50001FFF00095
0009FFFAFFF80008
00D7FFFFFFFFFFFF
FFFD0000FFFBFFFD
0001000000000000
FFE7FFF3FFFF0000
FFF90007FFFA0015
00000000FFFE0004
FFE400CFFFFDFFFE
000AFFFCFFFFFFA1
FFFF000600040000
FFC7FFFFFFE80006
FFFC000000010003
FFF90001FFFAFFAE
0000000100010024
000D0041FFEE0001
0001FFFCFFFFFFD7
0018FFFFFFEEFFFF
00020006FFF5FFFF
FFD701B8FFE90008
003FFFFFFFFF0001
00020000FFDBFFF6
000F000D00010009
0007FFDDFFFE001F
FFAD00110002FFF3
FFFE0000FFF0FFCC
0040000200040009
FFF40091FFFF0077
0002FFFD0002FFEE
FFFB000A0007000A
FFF5FF6CFFFB0000
FFF7001E0004FFEF
00010000000BFFFE
FFF20009000EFFFB
0000FFFE00000000
FFE4FFFD00000003
0001FFFFFFF7FFEA
0001FFFF00040000
FFEE00000004FFF7
FFF8FFFC00080135
00000000FFFFFFB2
001FFFFE00000000
FFF7FFF8FFD20017
FFFC0008FFFB01BE
000400020012FFFB
FFD9034EFFCAFFFD
FFF8FFFC0000FFFF
00000001004F0127
FFF3FFFE00000007
FFEEFFFFFFF7FFB4
000EFFFF00FCFFE0
0000FFE4FFFD000D
0000001800010001
FFFEFFD6FFE9FFF5
0000FFFF0000FFE6
000100070007FFF4
000A0006FFFCFFE3
FFF400090008FFCA
00020003FFEBFFFF
00010053FFFF002D
FFFEFFFDFFAC0011
0094000B0003022D
FFCD0009FFCF0002
0001FFAF00070000
FFF40000FFF00047
0008FFFBFFF90001
00A5FFFBFFFE0000
FFFE0000FFFDFFFF
FFF8000000040001
FFE2FFF30000FFFE
FFF50005FFEE002B
00020002FFFF000D
FFEE0248FFFFFFFD
0007FFFBFFFFFFA0
0000000600030000
FFC90000FFEA0005
FFF7FFFF0001FFFC
FFFCFFFE0001FFCB
FFFD001FFFFA0014
000D0014FFD70001
0001FFFFFFFFFFDB
001CFFFFFFEC0001
00020006FFF90000
FFF40163FFF10008
00E7FFFFFFF2FFFF
00030003FFD9FFEF
0010000E00030012
0003FFE0FFF9000D
FF9600110003FFFB
FFFE0001FFF0FFD0
0030000100030001
FFFA00A0FFFD0096
0002FFFF0003FFE6
FFF4000A0009FFFE
FFF4FF81FFF3FFFE
FFFE00190000FFDB
0000FFFF00060000
FFF1000C000BFFF8
0001FFFE0001FFFD
FFD7FFFF00000007
0002FFFFFFDEFFDC
00010001000A0003
FFE000080000FFF8
FFF80001000500E1
00020011FFFFFFB7
002CFFFF0006FFFC
FFECFFFBFFD00001
0007000DFFF801BF
0003FFFF000DFFFB
FFDA02AAFFEA0000
FFF2FFFDFFFFFFFF
00000003007700E4
FFF5FFF7FFF40004
FFF40000FFFEFFB6
002A00040125FFF0
FFFA0005FFFA0009
0000002F00000002
FFFFFFCAFFE8FFE7
000BFFFF0000FFED
FFF5000900070001
00040007FFFDFFFD
FFEA000D0008FFCE
00010002FFF30000
FFFF004600010028
0009FFFEFFBF0047
014D000D000201C4
FFBEFFFFFFBB0007
0001FFCB00000000
FFF80000FFF70065
000CFFFBFFFC0000
00BEFFFFFFFEFFFE
FFFC0000FFFBFFF5
FFFBFFFF0005FFFD
FFDBFFF00000FFFC
FFF30007FFE90023
0011FFFB0003001E
FFF2030DFFFBFFFE
0004FFFCFFFFFFC0
0000000400000000
FFC70002FFEE0003
FFF9FFFF0003FFF8
0002FFFD0005FFDF
FFFE0045FFF90038
00090011FFDCFFFF
0002FFFFFFFCFFDF
000DFFFBFFE7FFFF
00010002FFF70000
000A012D0002FFFF
0227FFFFFFD60002
00030005FFCDFFE7
000E000E0005004B
FFF5FFF8FFFE000F
FF9800100006FFFD
FFFD0019FFEBFFC6
001AFFFF00000001
FFFC0073FFFE0087
0002FFFF0001FFDF
FFF100090008FFFF
FFEBFF80FFFA0001
FFFF00220000FFFA
0004000000070004
FFF3000D000BFFFA
0000FFFF0002FFEC
FFDCFFFFFFFF0004
0003FFF5FFD5FFE5
FFFE0001000B0003
FFC600060002FFF8
FFFA0002000000BE
00060012FFFFFFBA
002000020008FFF6
FFF10000FFDF0004
0031000DFFE8010C
000300030005FFFC
FFF10159FFFF0002
FFEBFFFCFFFD0000
0001000300A100CA
FFF5FFEEFFF30001
FFF60000000AFFC9
004A00090189FFF3
FFF90003FFFA000A
0000002E0001FFFF
0000FFCCFFEAFFDD
FFEF00000000FFEE
FFF9000A00050003
00040009FFF90008
FFEB0011000AFFE2
00000001FFFC0004
FFF400400009001C
0038FFFDFFAE011D
01BA00070000016B
FFA10003FFF7000A
0000FFD90003FFFB
FFFA0000FFF80047
000CFFF7FFFFFFFF
009B0001FFFDFFF8
FFFF0000FFF9FFFC
0007FFFD0009FFFA
FFCDFFF3FFFFFFFA
FFF30008FFE70035
000FFFFC0009004B
FFFA03B3FFF8FFFE
0002FFFDFFFFFFD8
FFFF0000FFFF0000
FFBB0005FFF90001
FFF7FFFC0009FFFC
00040001000CFFF0
FFFC00A2FFF80028
0000FFFDFFE0FFFE
0008FFFFFFFCFFEE
