epoch,train_loss,eval_loss,epe_mean,epe_median,epe_p80,epe_p90,mae_x,mae_y
1,0.15642129280749906,0.15431286638537337,0.6792154312133789,0.5871463418006897,0.9882758855819702,1.2780427932739258,0.4113323390483856,0.46622923016548157
2,0.047221466884103946,0.10846807497213279,0.5462152361869812,0.43280544877052307,0.7911129593849182,1.0504573583602905,0.25613802671432495,0.43007028102874756
