Copyright 1986-2022 Xilinx, Inc. All Rights Reserved. Copyright 2022-2024 Advanced Micro Devices, Inc. All Rights Reserved.
---------------------------------------------------------------------------------------------------------------------------------------------
| Tool Version : Vivado v.2024.1 (win64) Build 5076996 Wed May 22 18:37:14 MDT 2024
| Date         : Thu Apr  9 00:00:54 2026
| Host         : 13600kf running 64-bit major release  (build 9200)
| Command      : report_drc -file design_1_wrapper_drc_opted.rpt -pb design_1_wrapper_drc_opted.pb -rpx design_1_wrapper_drc_opted.rpx
| Design       : design_1_wrapper
| Device       : xczu9eg-ffvb1156-2-e
| Speed File   : -2
| Design State : Synthesized
---------------------------------------------------------------------------------------------------------------------------------------------

Report DRC

Table of Contents
-----------------
1. REPORT SUMMARY
2. REPORT DETAILS

1. REPORT SUMMARY
-----------------
            Netlist: netlist
          Floorplan: design_1
      Design limits: <entire design considered>
           Ruledeck: default
             Max violations: <unlimited>
             Violations found: 198
+-----------+----------+--------------------------------------+------------+
| Rule      | Severity | Description                          | Violations |
+-----------+----------+--------------------------------------+------------+
| DPIP-2    | Warning  | Input pipelining                     | 156        |
| DPOP-4    | Warning  | MREG Output pipelining               | 36         |
| REQP-1934 | Warning  | RAMB18E2_nochange_collision_advisory | 3          |
| REQP-1935 | Warning  | RAMB36E2_nochange_collision_advisory | 3          |
+-----------+----------+--------------------------------------+------------+

2. REPORT DETAILS
-----------------
DPIP-2#1 Warning
Input pipelining  
DSP design_1_i/reuse_mamba_board_sh_0/inst/u_core/u_core/u_mgr/u_shared_fabric/u_shared_pipeline/u_pipeline_4array_top/u_array1/ROW[0].COL[0].u_pe/dsp_accum0 input design_1_i/reuse_mamba_board_sh_0/inst/u_core/u_core/u_mgr/u_shared_fabric/u_shared_pipeline/u_pipeline_4array_top/u_array1/ROW[0].COL[0].u_pe/dsp_accum0/A[29:0] is not pipelined. Pipelining DSP48 input will improve performance.
Related violations: <none>

DPIP-2#2 Warning
Input pipelining  
DSP design_1_i/reuse_mamba_board_sh_0/inst/u_core/u_core/u_mgr/u_shared_fabric/u_shared_pipeline/u_pipeline_4array_top/u_array1/ROW[0].COL[0].u_pe/dsp_accum0 input design_1_i/reuse_mamba_board_sh_0/inst/u_core/u_core/u_mgr/u_shared_fabric/u_shared_pipeline/u_pipeline_4array_top/u_array1/ROW[0].COL[0].u_pe/dsp_accum0/B[17:0] is not pipelined. Pipelining DSP48 input will improve performance.
Related violations: <none>

DPIP-2#3 Warning
Input pipelining  
DSP design_1_i/reuse_mamba_board_sh_0/inst/u_core/u_core/u_mgr/u_shared_fabric/u_shared_pipeline/u_pipeline_4array_top/u_array1/ROW[0].COL[1].u_pe/dsp_accum0 input design_1_i/reuse_mamba_board_sh_0/inst/u_core/u_core/u_mgr/u_shared_fabric/u_shared_pipeline/u_pipeline_4array_top/u_array1/ROW[0].COL[1].u_pe/dsp_accum0/A[29:0] is not pipelined. Pipelining DSP48 input will improve performance.
Related violations: <none>

DPIP-2#4 Warning
Input pipelining  
DSP design_1_i/reuse_mamba_board_sh_0/inst/u_core/u_core/u_mgr/u_shared_fabric/u_shared_pipeline/u_pipeline_4array_top/u_array1/ROW[0].COL[1].u_pe/dsp_accum0 input design_1_i/reuse_mamba_board_sh_0/inst/u_core/u_core/u_mgr/u_shared_fabric/u_shared_pipeline/u_pipeline_4array_top/u_array1/ROW[0].COL[1].u_pe/dsp_accum0/B[17:0] is not pipelined. Pipelining DSP48 input will improve performance.
Related violations: <none>

DPIP-2#5 Warning
Input pipelining  
DSP design_1_i/reuse_mamba_board_sh_0/inst/u_core/u_core/u_mgr/u_shared_fabric/u_shared_pipeline/u_pipeline_4array_top/u_array1/ROW[0].COL[2].u_pe/dsp_accum0 input design_1_i/reuse_mamba_board_sh_0/inst/u_core/u_core/u_mgr/u_shared_fabric/u_shared_pipeline/u_pipeline_4array_top/u_array1/ROW[0].COL[2].u_pe/dsp_accum0/A[29:0] is not pipelined. Pipelining DSP48 input will improve performance.
Related violations: <none>

DPIP-2#6 Warning
Input pipelining  
DSP design_1_i/reuse_mamba_board_sh_0/inst/u_core/u_core/u_mgr/u_shared_fabric/u_shared_pipeline/u_pipeline_4array_top/u_array1/ROW[0].COL[2].u_pe/dsp_accum0 input design_1_i/reuse_mamba_board_sh_0/inst/u_core/u_core/u_mgr/u_shared_fabric/u_shared_pipeline/u_pipeline_4array_top/u_array1/ROW[0].COL[2].u_pe/dsp_accum0/B[17:0] is not pipelined. Pipelining DSP48 input will improve performance.
Related violations: <none>

DPIP-2#7 Warning
Input pipelining  
DSP design_1_i/reuse_mamba_board_sh_0/inst/u_core/u_core/u_mgr/u_shared_fabric/u_shared_pipeline/u_pipeline_4array_top/u_array1/ROW[0].COL[3].u_pe/dsp_accum0 input design_1_i/reuse_mamba_board_sh_0/inst/u_core/u_core/u_mgr/u_shared_fabric/u_shared_pipeline/u_pipeline_4array_top/u_array1/ROW[0].COL[3].u_pe/dsp_accum0/A[29:0] is not pipelined. Pipelining DSP48 input will improve performance.
Related violations: <none>

DPIP-2#8 Warning
Input pipelining  
DSP design_1_i/reuse_mamba_board_sh_0/inst/u_core/u_core/u_mgr/u_shared_fabric/u_shared_pipeline/u_pipeline_4array_top/u_array1/ROW[0].COL[3].u_pe/dsp_accum0 input design_1_i/reuse_mamba_board_sh_0/inst/u_core/u_core/u_mgr/u_shared_fabric/u_shared_pipeline/u_pipeline_4array_top/u_array1/ROW[0].COL[3].u_pe/dsp_accum0/B[17:0] is not pipelined. Pipelining DSP48 input will improve performance.
Related violations: <none>

DPIP-2#9 Warning
Input pipelining  
DSP design_1_i/reuse_mamba_board_sh_0/inst/u_core/u_core/u_mgr/u_shared_fabric/u_shared_pipeline/u_pipeline_4array_top/u_array1/ROW[1].COL[0].u_pe/dsp_accum0 input design_1_i/reuse_mamba_board_sh_0/inst/u_core/u_core/u_mgr/u_shared_fabric/u_shared_pipeline/u_pipeline_4array_top/u_array1/ROW[1].COL[0].u_pe/dsp_accum0/A[29:0] is not pipelined. Pipelining DSP48 input will improve performance.
Related violations: <none>

DPIP-2#10 Warning
Input pipelining  
DSP design_1_i/reuse_mamba_board_sh_0/inst/u_core/u_core/u_mgr/u_shared_fabric/u_shared_pipeline/u_pipeline_4array_top/u_array1/ROW[1].COL[0].u_pe/dsp_accum0 input design_1_i/reuse_mamba_board_sh_0/inst/u_core/u_core/u_mgr/u_shared_fabric/u_shared_pipeline/u_pipeline_4array_top/u_array1/ROW[1].COL[0].u_pe/dsp_accum0/B[17:0] is not pipelined. Pipelining DSP48 input will improve performance.
Related violations: <none>

DPIP-2#11 Warning
Input pipelining  
DSP design_1_i/reuse_mamba_board_sh_0/inst/u_core/u_core/u_mgr/u_shared_fabric/u_shared_pipeline/u_pipeline_4array_top/u_array1/ROW[1].COL[1].u_pe/dsp_accum0 input design_1_i/reuse_mamba_board_sh_0/inst/u_core/u_core/u_mgr/u_shared_fabric/u_shared_pipeline/u_pipeline_4array_top/u_array1/ROW[1].COL[1].u_pe/dsp_accum0/A[29:0] is not pipelined. Pipelining DSP48 input will improve performance.
Related violations: <none>

DPIP-2#12 Warning
Input pipelining  
DSP design_1_i/reuse_mamba_board_sh_0/inst/u_core/u_core/u_mgr/u_shared_fabric/u_shared_pipeline/u_pipeline_4array_top/u_array1/ROW[1].COL[1].u_pe/dsp_accum0 input design_1_i/reuse_mamba_board_sh_0/inst/u_core/u_core/u_mgr/u_shared_fabric/u_shared_pipeline/u_pipeline_4array_top/u_array1/ROW[1].COL[1].u_pe/dsp_accum0/B[17:0] is not pipelined. Pipelining DSP48 input will improve performance.
Related violations: <none>

DPIP-2#13 Warning
Input pipelining  
DSP design_1_i/reuse_mamba_board_sh_0/inst/u_core/u_core/u_mgr/u_shared_fabric/u_shared_pipeline/u_pipeline_4array_top/u_array1/ROW[1].COL[2].u_pe/dsp_accum0 input design_1_i/reuse_mamba_board_sh_0/inst/u_core/u_core/u_mgr/u_shared_fabric/u_shared_pipeline/u_pipeline_4array_top/u_array1/ROW[1].COL[2].u_pe/dsp_accum0/A[29:0] is not pipelined. Pipelining DSP48 input will improve performance.
Related violations: <none>

DPIP-2#14 Warning
Input pipelining  
DSP design_1_i/reuse_mamba_board_sh_0/inst/u_core/u_core/u_mgr/u_shared_fabric/u_shared_pipeline/u_pipeline_4array_top/u_array1/ROW[1].COL[2].u_pe/dsp_accum0 input design_1_i/reuse_mamba_board_sh_0/inst/u_core/u_core/u_mgr/u_shared_fabric/u_shared_pipeline/u_pipeline_4array_top/u_array1/ROW[1].COL[2].u_pe/dsp_accum0/B[17:0] is not pipelined. Pipelining DSP48 input will improve performance.
Related violations: <none>

DPIP-2#15 Warning
Input pipelining  
DSP design_1_i/reuse_mamba_board_sh_0/inst/u_core/u_core/u_mgr/u_shared_fabric/u_shared_pipeline/u_pipeline_4array_top/u_array1/ROW[1].COL[3].u_pe/dsp_accum0 input design_1_i/reuse_mamba_board_sh_0/inst/u_core/u_core/u_mgr/u_shared_fabric/u_shared_pipeline/u_pipeline_4array_top/u_array1/ROW[1].COL[3].u_pe/dsp_accum0/A[29:0] is not pipelined. Pipelining DSP48 input will improve performance.
Related violations: <none>

DPIP-2#16 Warning
Input pipelining  
DSP design_1_i/reuse_mamba_board_sh_0/inst/u_core/u_core/u_mgr/u_shared_fabric/u_shared_pipeline/u_pipeline_4array_top/u_array1/ROW[1].COL[3].u_pe/dsp_accum0 input design_1_i/reuse_mamba_board_sh_0/inst/u_core/u_core/u_mgr/u_shared_fabric/u_shared_pipeline/u_pipeline_4array_top/u_array1/ROW[1].COL[3].u_pe/dsp_accum0/B[17:0] is not pipelined. Pipelining DSP48 input will improve performance.
Related violations: <none>

DPIP-2#17 Warning
Input pipelining  
DSP design_1_i/reuse_mamba_board_sh_0/inst/u_core/u_core/u_mgr/u_shared_fabric/u_shared_pipeline/u_pipeline_4array_top/u_array1/ROW[2].COL[0].u_pe/dsp_accum0 input design_1_i/reuse_mamba_board_sh_0/inst/u_core/u_core/u_mgr/u_shared_fabric/u_shared_pipeline/u_pipeline_4array_top/u_array1/ROW[2].COL[0].u_pe/dsp_accum0/A[29:0] is not pipelined. Pipelining DSP48 input will improve performance.
Related violations: <none>

DPIP-2#18 Warning
Input pipelining  
DSP design_1_i/reuse_mamba_board_sh_0/inst/u_core/u_core/u_mgr/u_shared_fabric/u_shared_pipeline/u_pipeline_4array_top/u_array1/ROW[2].COL[0].u_pe/dsp_accum0 input design_1_i/reuse_mamba_board_sh_0/inst/u_core/u_core/u_mgr/u_shared_fabric/u_shared_pipeline/u_pipeline_4array_top/u_array1/ROW[2].COL[0].u_pe/dsp_accum0/B[17:0] is not pipelined. Pipelining DSP48 input will improve performance.
Related violations: <none>

DPIP-2#19 Warning
Input pipelining  
DSP design_1_i/reuse_mamba_board_sh_0/inst/u_core/u_core/u_mgr/u_shared_fabric/u_shared_pipeline/u_pipeline_4array_top/u_array1/ROW[2].COL[1].u_pe/dsp_accum0 input design_1_i/reuse_mamba_board_sh_0/inst/u_core/u_core/u_mgr/u_shared_fabric/u_shared_pipeline/u_pipeline_4array_top/u_array1/ROW[2].COL[1].u_pe/dsp_accum0/A[29:0] is not pipelined. Pipelining DSP48 input will improve performance.
Related violations: <none>

DPIP-2#20 Warning
Input pipelining  
DSP design_1_i/reuse_mamba_board_sh_0/inst/u_core/u_core/u_mgr/u_shared_fabric/u_shared_pipeline/u_pipeline_4array_top/u_array1/ROW[2].COL[1].u_pe/dsp_accum0 input design_1_i/reuse_mamba_board_sh_0/inst/u_core/u_core/u_mgr/u_shared_fabric/u_shared_pipeline/u_pipeline_4array_top/u_array1/ROW[2].COL[1].u_pe/dsp_accum0/B[17:0] is not pipelined. Pipelining DSP48 input will improve performance.
Related violations: <none>

DPIP-2#21 Warning
Input pipelining  
DSP design_1_i/reuse_mamba_board_sh_0/inst/u_core/u_core/u_mgr/u_shared_fabric/u_shared_pipeline/u_pipeline_4array_top/u_array1/ROW[2].COL[2].u_pe/dsp_accum0 input design_1_i/reuse_mamba_board_sh_0/inst/u_core/u_core/u_mgr/u_shared_fabric/u_shared_pipeline/u_pipeline_4array_top/u_array1/ROW[2].COL[2].u_pe/dsp_accum0/A[29:0] is not pipelined. Pipelining DSP48 input will improve performance.
Related violations: <none>

DPIP-2#22 Warning
Input pipelining  
DSP design_1_i/reuse_mamba_board_sh_0/inst/u_core/u_core/u_mgr/u_shared_fabric/u_shared_pipeline/u_pipeline_4array_top/u_array1/ROW[2].COL[2].u_pe/dsp_accum0 input design_1_i/reuse_mamba_board_sh_0/inst/u_core/u_core/u_mgr/u_shared_fabric/u_shared_pipeline/u_pipeline_4array_top/u_array1/ROW[2].COL[2].u_pe/dsp_accum0/B[17:0] is not pipelined. Pipelining DSP48 input will improve performance.
Related violations: <none>

DPIP-2#23 Warning
Input pipelining  
DSP design_1_i/reuse_mamba_board_sh_0/inst/u_core/u_core/u_mgr/u_shared_fabric/u_shared_pipeline/u_pipeline_4array_top/u_array1/ROW[2].COL[3].u_pe/dsp_accum0 input design_1_i/reuse_mamba_board_sh_0/inst/u_core/u_core/u_mgr/u_shared_fabric/u_shared_pipeline/u_pipeline_4array_top/u_array1/ROW[2].COL[3].u_pe/dsp_accum0/A[29:0] is not pipelined. Pipelining DSP48 input will improve performance.
Related violations: <none>

DPIP-2#24 Warning
Input pipelining  
DSP design_1_i/reuse_mamba_board_sh_0/inst/u_core/u_core/u_mgr/u_shared_fabric/u_shared_pipeline/u_pipeline_4array_top/u_array1/ROW[2].COL[3].u_pe/dsp_accum0 input design_1_i/reuse_mamba_board_sh_0/inst/u_core/u_core/u_mgr/u_shared_fabric/u_shared_pipeline/u_pipeline_4array_top/u_array1/ROW[2].COL[3].u_pe/dsp_accum0/B[17:0] is not pipelined. Pipelining DSP48 input will improve performance.
Related violations: <none>

DPIP-2#25 Warning
Input pipelining  
DSP design_1_i/reuse_mamba_board_sh_0/inst/u_core/u_core/u_mgr/u_shared_fabric/u_shared_pipeline/u_pipeline_4array_top/u_array1/ROW[3].COL[0].u_pe/dsp_accum0 input design_1_i/reuse_mamba_board_sh_0/inst/u_core/u_core/u_mgr/u_shared_fabric/u_shared_pipeline/u_pipeline_4array_top/u_array1/ROW[3].COL[0].u_pe/dsp_accum0/A[29:0] is not pipelined. Pipelining DSP48 input will improve performance.
Related violations: <none>

DPIP-2#26 Warning
Input pipelining  
DSP design_1_i/reuse_mamba_board_sh_0/inst/u_core/u_core/u_mgr/u_shared_fabric/u_shared_pipeline/u_pipeline_4array_top/u_array1/ROW[3].COL[0].u_pe/dsp_accum0 input design_1_i/reuse_mamba_board_sh_0/inst/u_core/u_core/u_mgr/u_shared_fabric/u_shared_pipeline/u_pipeline_4array_top/u_array1/ROW[3].COL[0].u_pe/dsp_accum0/B[17:0] is not pipelined. Pipelining DSP48 input will improve performance.
Related violations: <none>

DPIP-2#27 Warning
Input pipelining  
DSP design_1_i/reuse_mamba_board_sh_0/inst/u_core/u_core/u_mgr/u_shared_fabric/u_shared_pipeline/u_pipeline_4array_top/u_array1/ROW[3].COL[1].u_pe/dsp_accum0 input design_1_i/reuse_mamba_board_sh_0/inst/u_core/u_core/u_mgr/u_shared_fabric/u_shared_pipeline/u_pipeline_4array_top/u_array1/ROW[3].COL[1].u_pe/dsp_accum0/A[29:0] is not pipelined. Pipelining DSP48 input will improve performance.
Related violations: <none>

DPIP-2#28 Warning
Input pipelining  
DSP design_1_i/reuse_mamba_board_sh_0/inst/u_core/u_core/u_mgr/u_shared_fabric/u_shared_pipeline/u_pipeline_4array_top/u_array1/ROW[3].COL[1].u_pe/dsp_accum0 input design_1_i/reuse_mamba_board_sh_0/inst/u_core/u_core/u_mgr/u_shared_fabric/u_shared_pipeline/u_pipeline_4array_top/u_array1/ROW[3].COL[1].u_pe/dsp_accum0/B[17:0] is not pipelined. Pipelining DSP48 input will improve performance.
Related violations: <none>

DPIP-2#29 Warning
Input pipelining  
DSP design_1_i/reuse_mamba_board_sh_0/inst/u_core/u_core/u_mgr/u_shared_fabric/u_shared_pipeline/u_pipeline_4array_top/u_array1/ROW[3].COL[2].u_pe/dsp_accum0 input design_1_i/reuse_mamba_board_sh_0/inst/u_core/u_core/u_mgr/u_shared_fabric/u_shared_pipeline/u_pipeline_4array_top/u_array1/ROW[3].COL[2].u_pe/dsp_accum0/A[29:0] is not pipelined. Pipelining DSP48 input will improve performance.
Related violations: <none>

DPIP-2#30 Warning
Input pipelining  
DSP design_1_i/reuse_mamba_board_sh_0/inst/u_core/u_core/u_mgr/u_shared_fabric/u_shared_pipeline/u_pipeline_4array_top/u_array1/ROW[3].COL[2].u_pe/dsp_accum0 input design_1_i/reuse_mamba_board_sh_0/inst/u_core/u_core/u_mgr/u_shared_fabric/u_shared_pipeline/u_pipeline_4array_top/u_array1/ROW[3].COL[2].u_pe/dsp_accum0/B[17:0] is not pipelined. Pipelining DSP48 input will improve performance.
Related violations: <none>

DPIP-2#31 Warning
Input pipelining  
DSP design_1_i/reuse_mamba_board_sh_0/inst/u_core/u_core/u_mgr/u_shared_fabric/u_shared_pipeline/u_pipeline_4array_top/u_array1/ROW[3].COL[3].u_pe/dsp_accum0 input design_1_i/reuse_mamba_board_sh_0/inst/u_core/u_core/u_mgr/u_shared_fabric/u_shared_pipeline/u_pipeline_4array_top/u_array1/ROW[3].COL[3].u_pe/dsp_accum0/A[29:0] is not pipelined. Pipelining DSP48 input will improve performance.
Related violations: <none>

DPIP-2#32 Warning
Input pipelining  
DSP design_1_i/reuse_mamba_board_sh_0/inst/u_core/u_core/u_mgr/u_shared_fabric/u_shared_pipeline/u_pipeline_4array_top/u_array1/ROW[3].COL[3].u_pe/dsp_accum0 input design_1_i/reuse_mamba_board_sh_0/inst/u_core/u_core/u_mgr/u_shared_fabric/u_shared_pipeline/u_pipeline_4array_top/u_array1/ROW[3].COL[3].u_pe/dsp_accum0/B[17:0] is not pipelined. Pipelining DSP48 input will improve performance.
Related violations: <none>

DPIP-2#33 Warning
Input pipelining  
DSP design_1_i/reuse_mamba_board_sh_0/inst/u_core/u_core/u_mgr/u_shared_fabric/u_shared_pipeline/u_pipeline_4array_top/u_array2/ROW[0].COL[0].u_pe/dsp_accum0 input design_1_i/reuse_mamba_board_sh_0/inst/u_core/u_core/u_mgr/u_shared_fabric/u_shared_pipeline/u_pipeline_4array_top/u_array2/ROW[0].COL[0].u_pe/dsp_accum0/A[29:0] is not pipelined. Pipelining DSP48 input will improve performance.
Related violations: <none>

DPIP-2#34 Warning
Input pipelining  
DSP design_1_i/reuse_mamba_board_sh_0/inst/u_core/u_core/u_mgr/u_shared_fabric/u_shared_pipeline/u_pipeline_4array_top/u_array2/ROW[0].COL[0].u_pe/dsp_accum0 input design_1_i/reuse_mamba_board_sh_0/inst/u_core/u_core/u_mgr/u_shared_fabric/u_shared_pipeline/u_pipeline_4array_top/u_array2/ROW[0].COL[0].u_pe/dsp_accum0/B[17:0] is not pipelined. Pipelining DSP48 input will improve performance.
Related violations: <none>

DPIP-2#35 Warning
Input pipelining  
DSP design_1_i/reuse_mamba_board_sh_0/inst/u_core/u_core/u_mgr/u_shared_fabric/u_shared_pipeline/u_pipeline_4array_top/u_array2/ROW[0].COL[1].u_pe/dsp_accum0 input design_1_i/reuse_mamba_board_sh_0/inst/u_core/u_core/u_mgr/u_shared_fabric/u_shared_pipeline/u_pipeline_4array_top/u_array2/ROW[0].COL[1].u_pe/dsp_accum0/A[29:0] is not pipelined. Pipelining DSP48 input will improve performance.
Related violations: <none>

DPIP-2#36 Warning
Input pipelining  
DSP design_1_i/reuse_mamba_board_sh_0/inst/u_core/u_core/u_mgr/u_shared_fabric/u_shared_pipeline/u_pipeline_4array_top/u_array2/ROW[0].COL[1].u_pe/dsp_accum0 input design_1_i/reuse_mamba_board_sh_0/inst/u_core/u_core/u_mgr/u_shared_fabric/u_shared_pipeline/u_pipeline_4array_top/u_array2/ROW[0].COL[1].u_pe/dsp_accum0/B[17:0] is not pipelined. Pipelining DSP48 input will improve performance.
Related violations: <none>

DPIP-2#37 Warning
Input pipelining  
DSP design_1_i/reuse_mamba_board_sh_0/inst/u_core/u_core/u_mgr/u_shared_fabric/u_shared_pipeline/u_pipeline_4array_top/u_array2/ROW[0].COL[2].u_pe/dsp_accum0 input design_1_i/reuse_mamba_board_sh_0/inst/u_core/u_core/u_mgr/u_shared_fabric/u_shared_pipeline/u_pipeline_4array_top/u_array2/ROW[0].COL[2].u_pe/dsp_accum0/A[29:0] is not pipelined. Pipelining DSP48 input will improve performance.
Related violations: <none>

DPIP-2#38 Warning
Input pipelining  
DSP design_1_i/reuse_mamba_board_sh_0/inst/u_core/u_core/u_mgr/u_shared_fabric/u_shared_pipeline/u_pipeline_4array_top/u_array2/ROW[0].COL[2].u_pe/dsp_accum0 input design_1_i/reuse_mamba_board_sh_0/inst/u_core/u_core/u_mgr/u_shared_fabric/u_shared_pipeline/u_pipeline_4array_top/u_array2/ROW[0].COL[2].u_pe/dsp_accum0/B[17:0] is not pipelined. Pipelining DSP48 input will improve performance.
Related violations: <none>

DPIP-2#39 Warning
Input pipelining  
DSP design_1_i/reuse_mamba_board_sh_0/inst/u_core/u_core/u_mgr/u_shared_fabric/u_shared_pipeline/u_pipeline_4array_top/u_array2/ROW[0].COL[3].u_pe/dsp_accum0 input design_1_i/reuse_mamba_board_sh_0/inst/u_core/u_core/u_mgr/u_shared_fabric/u_shared_pipeline/u_pipeline_4array_top/u_array2/ROW[0].COL[3].u_pe/dsp_accum0/A[29:0] is not pipelined. Pipelining DSP48 input will improve performance.
Related violations: <none>

DPIP-2#40 Warning
Input pipelining  
DSP design_1_i/reuse_mamba_board_sh_0/inst/u_core/u_core/u_mgr/u_shared_fabric/u_shared_pipeline/u_pipeline_4array_top/u_array2/ROW[0].COL[3].u_pe/dsp_accum0 input design_1_i/reuse_mamba_board_sh_0/inst/u_core/u_core/u_mgr/u_shared_fabric/u_shared_pipeline/u_pipeline_4array_top/u_array2/ROW[0].COL[3].u_pe/dsp_accum0/B[17:0] is not pipelined. Pipelining DSP48 input will improve performance.
Related violations: <none>

DPIP-2#41 Warning
Input pipelining  
DSP design_1_i/reuse_mamba_board_sh_0/inst/u_core/u_core/u_mgr/u_shared_fabric/u_shared_pipeline/u_pipeline_4array_top/u_array2/ROW[1].COL[0].u_pe/dsp_accum0 input design_1_i/reuse_mamba_board_sh_0/inst/u_core/u_core/u_mgr/u_shared_fabric/u_shared_pipeline/u_pipeline_4array_top/u_array2/ROW[1].COL[0].u_pe/dsp_accum0/A[29:0] is not pipelined. Pipelining DSP48 input will improve performance.
Related violations: <none>

DPIP-2#42 Warning
Input pipelining  
DSP design_1_i/reuse_mamba_board_sh_0/inst/u_core/u_core/u_mgr/u_shared_fabric/u_shared_pipeline/u_pipeline_4array_top/u_array2/ROW[1].COL[0].u_pe/dsp_accum0 input design_1_i/reuse_mamba_board_sh_0/inst/u_core/u_core/u_mgr/u_shared_fabric/u_shared_pipeline/u_pipeline_4array_top/u_array2/ROW[1].COL[0].u_pe/dsp_accum0/B[17:0] is not pipelined. Pipelining DSP48 input will improve performance.
Related violations: <none>

DPIP-2#43 Warning
Input pipelining  
DSP design_1_i/reuse_mamba_board_sh_0/inst/u_core/u_core/u_mgr/u_shared_fabric/u_shared_pipeline/u_pipeline_4array_top/u_array2/ROW[1].COL[1].u_pe/dsp_accum0 input design_1_i/reuse_mamba_board_sh_0/inst/u_core/u_core/u_mgr/u_shared_fabric/u_shared_pipeline/u_pipeline_4array_top/u_array2/ROW[1].COL[1].u_pe/dsp_accum0/A[29:0] is not pipelined. Pipelining DSP48 input will improve performance.
Related violations: <none>

DPIP-2#44 Warning
Input pipelining  
DSP design_1_i/reuse_mamba_board_sh_0/inst/u_core/u_core/u_mgr/u_shared_fabric/u_shared_pipeline/u_pipeline_4array_top/u_array2/ROW[1].COL[1].u_pe/dsp_accum0 input design_1_i/reuse_mamba_board_sh_0/inst/u_core/u_core/u_mgr/u_shared_fabric/u_shared_pipeline/u_pipeline_4array_top/u_array2/ROW[1].COL[1].u_pe/dsp_accum0/B[17:0] is not pipelined. Pipelining DSP48 input will improve performance.
Related violations: <none>

DPIP-2#45 Warning
Input pipelining  
DSP design_1_i/reuse_mamba_board_sh_0/inst/u_core/u_core/u_mgr/u_shared_fabric/u_shared_pipeline/u_pipeline_4array_top/u_array2/ROW[1].COL[2].u_pe/dsp_accum0 input design_1_i/reuse_mamba_board_sh_0/inst/u_core/u_core/u_mgr/u_shared_fabric/u_shared_pipeline/u_pipeline_4array_top/u_array2/ROW[1].COL[2].u_pe/dsp_accum0/A[29:0] is not pipelined. Pipelining DSP48 input will improve performance.
Related violations: <none>

DPIP-2#46 Warning
Input pipelining  
DSP design_1_i/reuse_mamba_board_sh_0/inst/u_core/u_core/u_mgr/u_shared_fabric/u_shared_pipeline/u_pipeline_4array_top/u_array2/ROW[1].COL[2].u_pe/dsp_accum0 input design_1_i/reuse_mamba_board_sh_0/inst/u_core/u_core/u_mgr/u_shared_fabric/u_shared_pipeline/u_pipeline_4array_top/u_array2/ROW[1].COL[2].u_pe/dsp_accum0/B[17:0] is not pipelined. Pipelining DSP48 input will improve performance.
Related violations: <none>

DPIP-2#47 Warning
Input pipelining  
DSP design_1_i/reuse_mamba_board_sh_0/inst/u_core/u_core/u_mgr/u_shared_fabric/u_shared_pipeline/u_pipeline_4array_top/u_array2/ROW[1].COL[3].u_pe/dsp_accum0 input design_1_i/reuse_mamba_board_sh_0/inst/u_core/u_core/u_mgr/u_shared_fabric/u_shared_pipeline/u_pipeline_4array_top/u_array2/ROW[1].COL[3].u_pe/dsp_accum0/A[29:0] is not pipelined. Pipelining DSP48 input will improve performance.
Related violations: <none>

DPIP-2#48 Warning
Input pipelining  
DSP design_1_i/reuse_mamba_board_sh_0/inst/u_core/u_core/u_mgr/u_shared_fabric/u_shared_pipeline/u_pipeline_4array_top/u_array2/ROW[1].COL[3].u_pe/dsp_accum0 input design_1_i/reuse_mamba_board_sh_0/inst/u_core/u_core/u_mgr/u_shared_fabric/u_shared_pipeline/u_pipeline_4array_top/u_array2/ROW[1].COL[3].u_pe/dsp_accum0/B[17:0] is not pipelined. Pipelining DSP48 input will improve performance.
Related violations: <none>

DPIP-2#49 Warning
Input pipelining  
DSP design_1_i/reuse_mamba_board_sh_0/inst/u_core/u_core/u_mgr/u_shared_fabric/u_shared_pipeline/u_pipeline_4array_top/u_array2/ROW[2].COL[0].u_pe/dsp_accum0 input design_1_i/reuse_mamba_board_sh_0/inst/u_core/u_core/u_mgr/u_shared_fabric/u_shared_pipeline/u_pipeline_4array_top/u_array2/ROW[2].COL[0].u_pe/dsp_accum0/A[29:0] is not pipelined. Pipelining DSP48 input will improve performance.
Related violations: <none>

DPIP-2#50 Warning
Input pipelining  
DSP design_1_i/reuse_mamba_board_sh_0/inst/u_core/u_core/u_mgr/u_shared_fabric/u_shared_pipeline/u_pipeline_4array_top/u_array2/ROW[2].COL[0].u_pe/dsp_accum0 input design_1_i/reuse_mamba_board_sh_0/inst/u_core/u_core/u_mgr/u_shared_fabric/u_shared_pipeline/u_pipeline_4array_top/u_array2/ROW[2].COL[0].u_pe/dsp_accum0/B[17:0] is not pipelined. Pipelining DSP48 input will improve performance.
Related violations: <none>

DPIP-2#51 Warning
Input pipelining  
DSP design_1_i/reuse_mamba_board_sh_0/inst/u_core/u_core/u_mgr/u_shared_fabric/u_shared_pipeline/u_pipeline_4array_top/u_array2/ROW[2].COL[1].u_pe/dsp_accum0 input design_1_i/reuse_mamba_board_sh_0/inst/u_core/u_core/u_mgr/u_shared_fabric/u_shared_pipeline/u_pipeline_4array_top/u_array2/ROW[2].COL[1].u_pe/dsp_accum0/A[29:0] is not pipelined. Pipelining DSP48 input will improve performance.
Related violations: <none>

DPIP-2#52 Warning
Input pipelining  
DSP design_1_i/reuse_mamba_board_sh_0/inst/u_core/u_core/u_mgr/u_shared_fabric/u_shared_pipeline/u_pipeline_4array_top/u_array2/ROW[2].COL[1].u_pe/dsp_accum0 input design_1_i/reuse_mamba_board_sh_0/inst/u_core/u_core/u_mgr/u_shared_fabric/u_shared_pipeline/u_pipeline_4array_top/u_array2/ROW[2].COL[1].u_pe/dsp_accum0/B[17:0] is not pipelined. Pipelining DSP48 input will improve performance.
Related violations: <none>

DPIP-2#53 Warning
Input pipelining  
DSP design_1_i/reuse_mamba_board_sh_0/inst/u_core/u_core/u_mgr/u_shared_fabric/u_shared_pipeline/u_pipeline_4array_top/u_array2/ROW[2].COL[2].u_pe/dsp_accum0 input design_1_i/reuse_mamba_board_sh_0/inst/u_core/u_core/u_mgr/u_shared_fabric/u_shared_pipeline/u_pipeline_4array_top/u_array2/ROW[2].COL[2].u_pe/dsp_accum0/A[29:0] is not pipelined. Pipelining DSP48 input will improve performance.
Related violations: <none>

DPIP-2#54 Warning
Input pipelining  
DSP design_1_i/reuse_mamba_board_sh_0/inst/u_core/u_core/u_mgr/u_shared_fabric/u_shared_pipeline/u_pipeline_4array_top/u_array2/ROW[2].COL[2].u_pe/dsp_accum0 input design_1_i/reuse_mamba_board_sh_0/inst/u_core/u_core/u_mgr/u_shared_fabric/u_shared_pipeline/u_pipeline_4array_top/u_array2/ROW[2].COL[2].u_pe/dsp_accum0/B[17:0] is not pipelined. Pipelining DSP48 input will improve performance.
Related violations: <none>

DPIP-2#55 Warning
Input pipelining  
DSP design_1_i/reuse_mamba_board_sh_0/inst/u_core/u_core/u_mgr/u_shared_fabric/u_shared_pipeline/u_pipeline_4array_top/u_array2/ROW[2].COL[3].u_pe/dsp_accum0 input design_1_i/reuse_mamba_board_sh_0/inst/u_core/u_core/u_mgr/u_shared_fabric/u_shared_pipeline/u_pipeline_4array_top/u_array2/ROW[2].COL[3].u_pe/dsp_accum0/A[29:0] is not pipelined. Pipelining DSP48 input will improve performance.
Related violations: <none>

DPIP-2#56 Warning
Input pipelining  
DSP design_1_i/reuse_mamba_board_sh_0/inst/u_core/u_core/u_mgr/u_shared_fabric/u_shared_pipeline/u_pipeline_4array_top/u_array2/ROW[2].COL[3].u_pe/dsp_accum0 input design_1_i/reuse_mamba_board_sh_0/inst/u_core/u_core/u_mgr/u_shared_fabric/u_shared_pipeline/u_pipeline_4array_top/u_array2/ROW[2].COL[3].u_pe/dsp_accum0/B[17:0] is not pipelined. Pipelining DSP48 input will improve performance.
Related violations: <none>

DPIP-2#57 Warning
Input pipelining  
DSP design_1_i/reuse_mamba_board_sh_0/inst/u_core/u_core/u_mgr/u_shared_fabric/u_shared_pipeline/u_pipeline_4array_top/u_array2/ROW[3].COL[0].u_pe/dsp_accum0 input design_1_i/reuse_mamba_board_sh_0/inst/u_core/u_core/u_mgr/u_shared_fabric/u_shared_pipeline/u_pipeline_4array_top/u_array2/ROW[3].COL[0].u_pe/dsp_accum0/A[29:0] is not pipelined. Pipelining DSP48 input will improve performance.
Related violations: <none>

DPIP-2#58 Warning
Input pipelining  
DSP design_1_i/reuse_mamba_board_sh_0/inst/u_core/u_core/u_mgr/u_shared_fabric/u_shared_pipeline/u_pipeline_4array_top/u_array2/ROW[3].COL[0].u_pe/dsp_accum0 input design_1_i/reuse_mamba_board_sh_0/inst/u_core/u_core/u_mgr/u_shared_fabric/u_shared_pipeline/u_pipeline_4array_top/u_array2/ROW[3].COL[0].u_pe/dsp_accum0/B[17:0] is not pipelined. Pipelining DSP48 input will improve performance.
Related violations: <none>

DPIP-2#59 Warning
Input pipelining  
DSP design_1_i/reuse_mamba_board_sh_0/inst/u_core/u_core/u_mgr/u_shared_fabric/u_shared_pipeline/u_pipeline_4array_top/u_array2/ROW[3].COL[1].u_pe/dsp_accum0 input design_1_i/reuse_mamba_board_sh_0/inst/u_core/u_core/u_mgr/u_shared_fabric/u_shared_pipeline/u_pipeline_4array_top/u_array2/ROW[3].COL[1].u_pe/dsp_accum0/A[29:0] is not pipelined. Pipelining DSP48 input will improve performance.
Related violations: <none>

DPIP-2#60 Warning
Input pipelining  
DSP design_1_i/reuse_mamba_board_sh_0/inst/u_core/u_core/u_mgr/u_shared_fabric/u_shared_pipeline/u_pipeline_4array_top/u_array2/ROW[3].COL[1].u_pe/dsp_accum0 input design_1_i/reuse_mamba_board_sh_0/inst/u_core/u_core/u_mgr/u_shared_fabric/u_shared_pipeline/u_pipeline_4array_top/u_array2/ROW[3].COL[1].u_pe/dsp_accum0/B[17:0] is not pipelined. Pipelining DSP48 input will improve performance.
Related violations: <none>

DPIP-2#61 Warning
Input pipelining  
DSP design_1_i/reuse_mamba_board_sh_0/inst/u_core/u_core/u_mgr/u_shared_fabric/u_shared_pipeline/u_pipeline_4array_top/u_array2/ROW[3].COL[2].u_pe/dsp_accum0 input design_1_i/reuse_mamba_board_sh_0/inst/u_core/u_core/u_mgr/u_shared_fabric/u_shared_pipeline/u_pipeline_4array_top/u_array2/ROW[3].COL[2].u_pe/dsp_accum0/A[29:0] is not pipelined. Pipelining DSP48 input will improve performance.
Related violations: <none>

DPIP-2#62 Warning
Input pipelining  
DSP design_1_i/reuse_mamba_board_sh_0/inst/u_core/u_core/u_mgr/u_shared_fabric/u_shared_pipeline/u_pipeline_4array_top/u_array2/ROW[3].COL[2].u_pe/dsp_accum0 input design_1_i/reuse_mamba_board_sh_0/inst/u_core/u_core/u_mgr/u_shared_fabric/u_shared_pipeline/u_pipeline_4array_top/u_array2/ROW[3].COL[2].u_pe/dsp_accum0/B[17:0] is not pipelined. Pipelining DSP48 input will improve performance.
Related violations: <none>

DPIP-2#63 Warning
Input pipelining  
DSP design_1_i/reuse_mamba_board_sh_0/inst/u_core/u_core/u_mgr/u_shared_fabric/u_shared_pipeline/u_pipeline_4array_top/u_array2/ROW[3].COL[3].u_pe/dsp_accum0 input design_1_i/reuse_mamba_board_sh_0/inst/u_core/u_core/u_mgr/u_shared_fabric/u_shared_pipeline/u_pipeline_4array_top/u_array2/ROW[3].COL[3].u_pe/dsp_accum0/A[29:0] is not pipelined. Pipelining DSP48 input will improve performance.
Related violations: <none>

DPIP-2#64 Warning
Input pipelining  
DSP design_1_i/reuse_mamba_board_sh_0/inst/u_core/u_core/u_mgr/u_shared_fabric/u_shared_pipeline/u_pipeline_4array_top/u_array2/ROW[3].COL[3].u_pe/dsp_accum0 input design_1_i/reuse_mamba_board_sh_0/inst/u_core/u_core/u_mgr/u_shared_fabric/u_shared_pipeline/u_pipeline_4array_top/u_array2/ROW[3].COL[3].u_pe/dsp_accum0/B[17:0] is not pipelined. Pipelining DSP48 input will improve performance.
Related violations: <none>

DPIP-2#65 Warning
Input pipelining  
DSP design_1_i/reuse_mamba_board_sh_0/inst/u_core/u_core/u_mgr/u_shared_fabric/u_shared_pipeline/u_pipeline_4array_top/u_array3/ROW[0].COL[0].u_pe/dsp_accum0 input design_1_i/reuse_mamba_board_sh_0/inst/u_core/u_core/u_mgr/u_shared_fabric/u_shared_pipeline/u_pipeline_4array_top/u_array3/ROW[0].COL[0].u_pe/dsp_accum0/A[29:0] is not pipelined. Pipelining DSP48 input will improve performance.
Related violations: <none>

DPIP-2#66 Warning
Input pipelining  
DSP design_1_i/reuse_mamba_board_sh_0/inst/u_core/u_core/u_mgr/u_shared_fabric/u_shared_pipeline/u_pipeline_4array_top/u_array3/ROW[0].COL[0].u_pe/dsp_accum0 input design_1_i/reuse_mamba_board_sh_0/inst/u_core/u_core/u_mgr/u_shared_fabric/u_shared_pipeline/u_pipeline_4array_top/u_array3/ROW[0].COL[0].u_pe/dsp_accum0/B[17:0] is not pipelined. Pipelining DSP48 input will improve performance.
Related violations: <none>

DPIP-2#67 Warning
Input pipelining  
DSP design_1_i/reuse_mamba_board_sh_0/inst/u_core/u_core/u_mgr/u_shared_fabric/u_shared_pipeline/u_pipeline_4array_top/u_array3/ROW[0].COL[1].u_pe/dsp_accum0 input design_1_i/reuse_mamba_board_sh_0/inst/u_core/u_core/u_mgr/u_shared_fabric/u_shared_pipeline/u_pipeline_4array_top/u_array3/ROW[0].COL[1].u_pe/dsp_accum0/A[29:0] is not pipelined. Pipelining DSP48 input will improve performance.
Related violations: <none>

DPIP-2#68 Warning
Input pipelining  
DSP design_1_i/reuse_mamba_board_sh_0/inst/u_core/u_core/u_mgr/u_shared_fabric/u_shared_pipeline/u_pipeline_4array_top/u_array3/ROW[0].COL[1].u_pe/dsp_accum0 input design_1_i/reuse_mamba_board_sh_0/inst/u_core/u_core/u_mgr/u_shared_fabric/u_shared_pipeline/u_pipeline_4array_top/u_array3/ROW[0].COL[1].u_pe/dsp_accum0/B[17:0] is not pipelined. Pipelining DSP48 input will improve performance.
Related violations: <none>

DPIP-2#69 Warning
Input pipelining  
DSP design_1_i/reuse_mamba_board_sh_0/inst/u_core/u_core/u_mgr/u_shared_fabric/u_shared_pipeline/u_pipeline_4array_top/u_array3/ROW[0].COL[2].u_pe/dsp_accum0 input design_1_i/reuse_mamba_board_sh_0/inst/u_core/u_core/u_mgr/u_shared_fabric/u_shared_pipeline/u_pipeline_4array_top/u_array3/ROW[0].COL[2].u_pe/dsp_accum0/A[29:0] is not pipelined. Pipelining DSP48 input will improve performance.
Related violations: <none>

DPIP-2#70 Warning
Input pipelining  
DSP design_1_i/reuse_mamba_board_sh_0/inst/u_core/u_core/u_mgr/u_shared_fabric/u_shared_pipeline/u_pipeline_4array_top/u_array3/ROW[0].COL[2].u_pe/dsp_accum0 input design_1_i/reuse_mamba_board_sh_0/inst/u_core/u_core/u_mgr/u_shared_fabric/u_shared_pipeline/u_pipeline_4array_top/u_array3/ROW[0].COL[2].u_pe/dsp_accum0/B[17:0] is not pipelined. Pipelining DSP48 input will improve performance.
Related violations: <none>

DPIP-2#71 Warning
Input pipelining  
DSP design_1_i/reuse_mamba_board_sh_0/inst/u_core/u_core/u_mgr/u_shared_fabric/u_shared_pipeline/u_pipeline_4array_top/u_array3/ROW[0].COL[3].u_pe/dsp_accum0 input design_1_i/reuse_mamba_board_sh_0/inst/u_core/u_core/u_mgr/u_shared_fabric/u_shared_pipeline/u_pipeline_4array_top/u_array3/ROW[0].COL[3].u_pe/dsp_accum0/A[29:0] is not pipelined. Pipelining DSP48 input will improve performance.
Related violations: <none>

DPIP-2#72 Warning
Input pipelining  
DSP design_1_i/reuse_mamba_board_sh_0/inst/u_core/u_core/u_mgr/u_shared_fabric/u_shared_pipeline/u_pipeline_4array_top/u_array3/ROW[0].COL[3].u_pe/dsp_accum0 input design_1_i/reuse_mamba_board_sh_0/inst/u_core/u_core/u_mgr/u_shared_fabric/u_shared_pipeline/u_pipeline_4array_top/u_array3/ROW[0].COL[3].u_pe/dsp_accum0/B[17:0] is not pipelined. Pipelining DSP48 input will improve performance.
Related violations: <none>

DPIP-2#73 Warning
Input pipelining  
DSP design_1_i/reuse_mamba_board_sh_0/inst/u_core/u_core/u_mgr/u_shared_fabric/u_shared_pipeline/u_pipeline_4array_top/u_array3/ROW[1].COL[0].u_pe/dsp_accum0 input design_1_i/reuse_mamba_board_sh_0/inst/u_core/u_core/u_mgr/u_shared_fabric/u_shared_pipeline/u_pipeline_4array_top/u_array3/ROW[1].COL[0].u_pe/dsp_accum0/A[29:0] is not pipelined. Pipelining DSP48 input will improve performance.
Related violations: <none>

DPIP-2#74 Warning
Input pipelining  
DSP design_1_i/reuse_mamba_board_sh_0/inst/u_core/u_core/u_mgr/u_shared_fabric/u_shared_pipeline/u_pipeline_4array_top/u_array3/ROW[1].COL[0].u_pe/dsp_accum0 input design_1_i/reuse_mamba_board_sh_0/inst/u_core/u_core/u_mgr/u_shared_fabric/u_shared_pipeline/u_pipeline_4array_top/u_array3/ROW[1].COL[0].u_pe/dsp_accum0/B[17:0] is not pipelined. Pipelining DSP48 input will improve performance.
Related violations: <none>

DPIP-2#75 Warning
Input pipelining  
DSP design_1_i/reuse_mamba_board_sh_0/inst/u_core/u_core/u_mgr/u_shared_fabric/u_shared_pipeline/u_pipeline_4array_top/u_array3/ROW[1].COL[1].u_pe/dsp_accum0 input design_1_i/reuse_mamba_board_sh_0/inst/u_core/u_core/u_mgr/u_shared_fabric/u_shared_pipeline/u_pipeline_4array_top/u_array3/ROW[1].COL[1].u_pe/dsp_accum0/A[29:0] is not pipelined. Pipelining DSP48 input will improve performance.
Related violations: <none>

DPIP-2#76 Warning
Input pipelining  
DSP design_1_i/reuse_mamba_board_sh_0/inst/u_core/u_core/u_mgr/u_shared_fabric/u_shared_pipeline/u_pipeline_4array_top/u_array3/ROW[1].COL[1].u_pe/dsp_accum0 input design_1_i/reuse_mamba_board_sh_0/inst/u_core/u_core/u_mgr/u_shared_fabric/u_shared_pipeline/u_pipeline_4array_top/u_array3/ROW[1].COL[1].u_pe/dsp_accum0/B[17:0] is not pipelined. Pipelining DSP48 input will improve performance.
Related violations: <none>

DPIP-2#77 Warning
Input pipelining  
DSP design_1_i/reuse_mamba_board_sh_0/inst/u_core/u_core/u_mgr/u_shared_fabric/u_shared_pipeline/u_pipeline_4array_top/u_array3/ROW[1].COL[2].u_pe/dsp_accum0 input design_1_i/reuse_mamba_board_sh_0/inst/u_core/u_core/u_mgr/u_shared_fabric/u_shared_pipeline/u_pipeline_4array_top/u_array3/ROW[1].COL[2].u_pe/dsp_accum0/A[29:0] is not pipelined. Pipelining DSP48 input will improve performance.
Related violations: <none>

DPIP-2#78 Warning
Input pipelining  
DSP design_1_i/reuse_mamba_board_sh_0/inst/u_core/u_core/u_mgr/u_shared_fabric/u_shared_pipeline/u_pipeline_4array_top/u_array3/ROW[1].COL[2].u_pe/dsp_accum0 input design_1_i/reuse_mamba_board_sh_0/inst/u_core/u_core/u_mgr/u_shared_fabric/u_shared_pipeline/u_pipeline_4array_top/u_array3/ROW[1].COL[2].u_pe/dsp_accum0/B[17:0] is not pipelined. Pipelining DSP48 input will improve performance.
Related violations: <none>

DPIP-2#79 Warning
Input pipelining  
DSP design_1_i/reuse_mamba_board_sh_0/inst/u_core/u_core/u_mgr/u_shared_fabric/u_shared_pipeline/u_pipeline_4array_top/u_array3/ROW[1].COL[3].u_pe/dsp_accum0 input design_1_i/reuse_mamba_board_sh_0/inst/u_core/u_core/u_mgr/u_shared_fabric/u_shared_pipeline/u_pipeline_4array_top/u_array3/ROW[1].COL[3].u_pe/dsp_accum0/A[29:0] is not pipelined. Pipelining DSP48 input will improve performance.
Related violations: <none>

DPIP-2#80 Warning
Input pipelining  
DSP design_1_i/reuse_mamba_board_sh_0/inst/u_core/u_core/u_mgr/u_shared_fabric/u_shared_pipeline/u_pipeline_4array_top/u_array3/ROW[1].COL[3].u_pe/dsp_accum0 input design_1_i/reuse_mamba_board_sh_0/inst/u_core/u_core/u_mgr/u_shared_fabric/u_shared_pipeline/u_pipeline_4array_top/u_array3/ROW[1].COL[3].u_pe/dsp_accum0/B[17:0] is not pipelined. Pipelining DSP48 input will improve performance.
Related violations: <none>

DPIP-2#81 Warning
Input pipelining  
DSP design_1_i/reuse_mamba_board_sh_0/inst/u_core/u_core/u_mgr/u_shared_fabric/u_shared_pipeline/u_pipeline_4array_top/u_array3/ROW[2].COL[0].u_pe/dsp_accum0 input design_1_i/reuse_mamba_board_sh_0/inst/u_core/u_core/u_mgr/u_shared_fabric/u_shared_pipeline/u_pipeline_4array_top/u_array3/ROW[2].COL[0].u_pe/dsp_accum0/A[29:0] is not pipelined. Pipelining DSP48 input will improve performance.
Related violations: <none>

DPIP-2#82 Warning
Input pipelining  
DSP design_1_i/reuse_mamba_board_sh_0/inst/u_core/u_core/u_mgr/u_shared_fabric/u_shared_pipeline/u_pipeline_4array_top/u_array3/ROW[2].COL[0].u_pe/dsp_accum0 input design_1_i/reuse_mamba_board_sh_0/inst/u_core/u_core/u_mgr/u_shared_fabric/u_shared_pipeline/u_pipeline_4array_top/u_array3/ROW[2].COL[0].u_pe/dsp_accum0/B[17:0] is not pipelined. Pipelining DSP48 input will improve performance.
Related violations: <none>

DPIP-2#83 Warning
Input pipelining  
DSP design_1_i/reuse_mamba_board_sh_0/inst/u_core/u_core/u_mgr/u_shared_fabric/u_shared_pipeline/u_pipeline_4array_top/u_array3/ROW[2].COL[1].u_pe/dsp_accum0 input design_1_i/reuse_mamba_board_sh_0/inst/u_core/u_core/u_mgr/u_shared_fabric/u_shared_pipeline/u_pipeline_4array_top/u_array3/ROW[2].COL[1].u_pe/dsp_accum0/A[29:0] is not pipelined. Pipelining DSP48 input will improve performance.
Related violations: <none>

DPIP-2#84 Warning
Input pipelining  
DSP design_1_i/reuse_mamba_board_sh_0/inst/u_core/u_core/u_mgr/u_shared_fabric/u_shared_pipeline/u_pipeline_4array_top/u_array3/ROW[2].COL[1].u_pe/dsp_accum0 input design_1_i/reuse_mamba_board_sh_0/inst/u_core/u_core/u_mgr/u_shared_fabric/u_shared_pipeline/u_pipeline_4array_top/u_array3/ROW[2].COL[1].u_pe/dsp_accum0/B[17:0] is not pipelined. Pipelining DSP48 input will improve performance.
Related violations: <none>

DPIP-2#85 Warning
Input pipelining  
DSP design_1_i/reuse_mamba_board_sh_0/inst/u_core/u_core/u_mgr/u_shared_fabric/u_shared_pipeline/u_pipeline_4array_top/u_array3/ROW[2].COL[2].u_pe/dsp_accum0 input design_1_i/reuse_mamba_board_sh_0/inst/u_core/u_core/u_mgr/u_shared_fabric/u_shared_pipeline/u_pipeline_4array_top/u_array3/ROW[2].COL[2].u_pe/dsp_accum0/A[29:0] is not pipelined. Pipelining DSP48 input will improve performance.
Related violations: <none>

DPIP-2#86 Warning
Input pipelining  
DSP design_1_i/reuse_mamba_board_sh_0/inst/u_core/u_core/u_mgr/u_shared_fabric/u_shared_pipeline/u_pipeline_4array_top/u_array3/ROW[2].COL[2].u_pe/dsp_accum0 input design_1_i/reuse_mamba_board_sh_0/inst/u_core/u_core/u_mgr/u_shared_fabric/u_shared_pipeline/u_pipeline_4array_top/u_array3/ROW[2].COL[2].u_pe/dsp_accum0/B[17:0] is not pipelined. Pipelining DSP48 input will improve performance.
Related violations: <none>

DPIP-2#87 Warning
Input pipelining  
DSP design_1_i/reuse_mamba_board_sh_0/inst/u_core/u_core/u_mgr/u_shared_fabric/u_shared_pipeline/u_pipeline_4array_top/u_array3/ROW[2].COL[3].u_pe/dsp_accum0 input design_1_i/reuse_mamba_board_sh_0/inst/u_core/u_core/u_mgr/u_shared_fabric/u_shared_pipeline/u_pipeline_4array_top/u_array3/ROW[2].COL[3].u_pe/dsp_accum0/A[29:0] is not pipelined. Pipelining DSP48 input will improve performance.
Related violations: <none>

DPIP-2#88 Warning
Input pipelining  
DSP design_1_i/reuse_mamba_board_sh_0/inst/u_core/u_core/u_mgr/u_shared_fabric/u_shared_pipeline/u_pipeline_4array_top/u_array3/ROW[2].COL[3].u_pe/dsp_accum0 input design_1_i/reuse_mamba_board_sh_0/inst/u_core/u_core/u_mgr/u_shared_fabric/u_shared_pipeline/u_pipeline_4array_top/u_array3/ROW[2].COL[3].u_pe/dsp_accum0/B[17:0] is not pipelined. Pipelining DSP48 input will improve performance.
Related violations: <none>

DPIP-2#89 Warning
Input pipelining  
DSP design_1_i/reuse_mamba_board_sh_0/inst/u_core/u_core/u_mgr/u_shared_fabric/u_shared_pipeline/u_pipeline_4array_top/u_array3/ROW[3].COL[0].u_pe/dsp_accum0 input design_1_i/reuse_mamba_board_sh_0/inst/u_core/u_core/u_mgr/u_shared_fabric/u_shared_pipeline/u_pipeline_4array_top/u_array3/ROW[3].COL[0].u_pe/dsp_accum0/A[29:0] is not pipelined. Pipelining DSP48 input will improve performance.
Related violations: <none>

DPIP-2#90 Warning
Input pipelining  
DSP design_1_i/reuse_mamba_board_sh_0/inst/u_core/u_core/u_mgr/u_shared_fabric/u_shared_pipeline/u_pipeline_4array_top/u_array3/ROW[3].COL[0].u_pe/dsp_accum0 input design_1_i/reuse_mamba_board_sh_0/inst/u_core/u_core/u_mgr/u_shared_fabric/u_shared_pipeline/u_pipeline_4array_top/u_array3/ROW[3].COL[0].u_pe/dsp_accum0/B[17:0] is not pipelined. Pipelining DSP48 input will improve performance.
Related violations: <none>

DPIP-2#91 Warning
Input pipelining  
DSP design_1_i/reuse_mamba_board_sh_0/inst/u_core/u_core/u_mgr/u_shared_fabric/u_shared_pipeline/u_pipeline_4array_top/u_array3/ROW[3].COL[1].u_pe/dsp_accum0 input design_1_i/reuse_mamba_board_sh_0/inst/u_core/u_core/u_mgr/u_shared_fabric/u_shared_pipeline/u_pipeline_4array_top/u_array3/ROW[3].COL[1].u_pe/dsp_accum0/A[29:0] is not pipelined. Pipelining DSP48 input will improve performance.
Related violations: <none>

DPIP-2#92 Warning
Input pipelining  
DSP design_1_i/reuse_mamba_board_sh_0/inst/u_core/u_core/u_mgr/u_shared_fabric/u_shared_pipeline/u_pipeline_4array_top/u_array3/ROW[3].COL[1].u_pe/dsp_accum0 input design_1_i/reuse_mamba_board_sh_0/inst/u_core/u_core/u_mgr/u_shared_fabric/u_shared_pipeline/u_pipeline_4array_top/u_array3/ROW[3].COL[1].u_pe/dsp_accum0/B[17:0] is not pipelined. Pipelining DSP48 input will improve performance.
Related violations: <none>

DPIP-2#93 Warning
Input pipelining  
DSP design_1_i/reuse_mamba_board_sh_0/inst/u_core/u_core/u_mgr/u_shared_fabric/u_shared_pipeline/u_pipeline_4array_top/u_array3/ROW[3].COL[2].u_pe/dsp_accum0 input design_1_i/reuse_mamba_board_sh_0/inst/u_core/u_core/u_mgr/u_shared_fabric/u_shared_pipeline/u_pipeline_4array_top/u_array3/ROW[3].COL[2].u_pe/dsp_accum0/A[29:0] is not pipelined. Pipelining DSP48 input will improve performance.
Related violations: <none>

DPIP-2#94 Warning
Input pipelining  
DSP design_1_i/reuse_mamba_board_sh_0/inst/u_core/u_core/u_mgr/u_shared_fabric/u_shared_pipeline/u_pipeline_4array_top/u_array3/ROW[3].COL[2].u_pe/dsp_accum0 input design_1_i/reuse_mamba_board_sh_0/inst/u_core/u_core/u_mgr/u_shared_fabric/u_shared_pipeline/u_pipeline_4array_top/u_array3/ROW[3].COL[2].u_pe/dsp_accum0/B[17:0] is not pipelined. Pipelining DSP48 input will improve performance.
Related violations: <none>

DPIP-2#95 Warning
Input pipelining  
DSP design_1_i/reuse_mamba_board_sh_0/inst/u_core/u_core/u_mgr/u_shared_fabric/u_shared_pipeline/u_pipeline_4array_top/u_array3/ROW[3].COL[3].u_pe/dsp_accum0 input design_1_i/reuse_mamba_board_sh_0/inst/u_core/u_core/u_mgr/u_shared_fabric/u_shared_pipeline/u_pipeline_4array_top/u_array3/ROW[3].COL[3].u_pe/dsp_accum0/A[29:0] is not pipelined. Pipelining DSP48 input will improve performance.
Related violations: <none>

DPIP-2#96 Warning
Input pipelining  
DSP design_1_i/reuse_mamba_board_sh_0/inst/u_core/u_core/u_mgr/u_shared_fabric/u_shared_pipeline/u_pipeline_4array_top/u_array3/ROW[3].COL[3].u_pe/dsp_accum0 input design_1_i/reuse_mamba_board_sh_0/inst/u_core/u_core/u_mgr/u_shared_fabric/u_shared_pipeline/u_pipeline_4array_top/u_array3/ROW[3].COL[3].u_pe/dsp_accum0/B[17:0] is not pipelined. Pipelining DSP48 input will improve performance.
Related violations: <none>

DPIP-2#97 Warning
Input pipelining  
DSP design_1_i/reuse_mamba_board_sh_0/inst/u_core/u_core/u_mgr/u_shared_fabric/u_shared_pipeline/u_pipeline_4array_top/u_array4/ROW[0].COL[0].u_pe/dsp_accum0 input design_1_i/reuse_mamba_board_sh_0/inst/u_core/u_core/u_mgr/u_shared_fabric/u_shared_pipeline/u_pipeline_4array_top/u_array4/ROW[0].COL[0].u_pe/dsp_accum0/A[29:0] is not pipelined. Pipelining DSP48 input will improve performance.
Related violations: <none>

DPIP-2#98 Warning
Input pipelining  
DSP design_1_i/reuse_mamba_board_sh_0/inst/u_core/u_core/u_mgr/u_shared_fabric/u_shared_pipeline/u_pipeline_4array_top/u_array4/ROW[0].COL[0].u_pe/dsp_accum0 input design_1_i/reuse_mamba_board_sh_0/inst/u_core/u_core/u_mgr/u_shared_fabric/u_shared_pipeline/u_pipeline_4array_top/u_array4/ROW[0].COL[0].u_pe/dsp_accum0/B[17:0] is not pipelined. Pipelining DSP48 input will improve performance.
Related violations: <none>

DPIP-2#99 Warning
Input pipelining  
DSP design_1_i/reuse_mamba_board_sh_0/inst/u_core/u_core/u_mgr/u_shared_fabric/u_shared_pipeline/u_pipeline_4array_top/u_array4/ROW[0].COL[1].u_pe/dsp_accum0 input design_1_i/reuse_mamba_board_sh_0/inst/u_core/u_core/u_mgr/u_shared_fabric/u_shared_pipeline/u_pipeline_4array_top/u_array4/ROW[0].COL[1].u_pe/dsp_accum0/A[29:0] is not pipelined. Pipelining DSP48 input will improve performance.
Related violations: <none>

DPIP-2#100 Warning
Input pipelining  
DSP design_1_i/reuse_mamba_board_sh_0/inst/u_core/u_core/u_mgr/u_shared_fabric/u_shared_pipeline/u_pipeline_4array_top/u_array4/ROW[0].COL[1].u_pe/dsp_accum0 input design_1_i/reuse_mamba_board_sh_0/inst/u_core/u_core/u_mgr/u_shared_fabric/u_shared_pipeline/u_pipeline_4array_top/u_array4/ROW[0].COL[1].u_pe/dsp_accum0/B[17:0] is not pipelined. Pipelining DSP48 input will improve performance.
Related violations: <none>

DPIP-2#101 Warning
Input pipelining  
DSP design_1_i/reuse_mamba_board_sh_0/inst/u_core/u_core/u_mgr/u_shared_fabric/u_shared_pipeline/u_pipeline_4array_top/u_array4/ROW[0].COL[2].u_pe/dsp_accum0 input design_1_i/reuse_mamba_board_sh_0/inst/u_core/u_core/u_mgr/u_shared_fabric/u_shared_pipeline/u_pipeline_4array_top/u_array4/ROW[0].COL[2].u_pe/dsp_accum0/A[29:0] is not pipelined. Pipelining DSP48 input will improve performance.
Related violations: <none>

DPIP-2#102 Warning
Input pipelining  
DSP design_1_i/reuse_mamba_board_sh_0/inst/u_core/u_core/u_mgr/u_shared_fabric/u_shared_pipeline/u_pipeline_4array_top/u_array4/ROW[0].COL[2].u_pe/dsp_accum0 input design_1_i/reuse_mamba_board_sh_0/inst/u_core/u_core/u_mgr/u_shared_fabric/u_shared_pipeline/u_pipeline_4array_top/u_array4/ROW[0].COL[2].u_pe/dsp_accum0/B[17:0] is not pipelined. Pipelining DSP48 input will improve performance.
Related violations: <none>

DPIP-2#103 Warning
Input pipelining  
DSP design_1_i/reuse_mamba_board_sh_0/inst/u_core/u_core/u_mgr/u_shared_fabric/u_shared_pipeline/u_pipeline_4array_top/u_array4/ROW[0].COL[3].u_pe/dsp_accum0 input design_1_i/reuse_mamba_board_sh_0/inst/u_core/u_core/u_mgr/u_shared_fabric/u_shared_pipeline/u_pipeline_4array_top/u_array4/ROW[0].COL[3].u_pe/dsp_accum0/A[29:0] is not pipelined. Pipelining DSP48 input will improve performance.
Related violations: <none>

DPIP-2#104 Warning
Input pipelining  
DSP design_1_i/reuse_mamba_board_sh_0/inst/u_core/u_core/u_mgr/u_shared_fabric/u_shared_pipeline/u_pipeline_4array_top/u_array4/ROW[0].COL[3].u_pe/dsp_accum0 input design_1_i/reuse_mamba_board_sh_0/inst/u_core/u_core/u_mgr/u_shared_fabric/u_shared_pipeline/u_pipeline_4array_top/u_array4/ROW[0].COL[3].u_pe/dsp_accum0/B[17:0] is not pipelined. Pipelining DSP48 input will improve performance.
Related violations: <none>

DPIP-2#105 Warning
Input pipelining  
DSP design_1_i/reuse_mamba_board_sh_0/inst/u_core/u_core/u_mgr/u_shared_fabric/u_shared_pipeline/u_pipeline_4array_top/u_array4/ROW[1].COL[0].u_pe/dsp_accum0 input design_1_i/reuse_mamba_board_sh_0/inst/u_core/u_core/u_mgr/u_shared_fabric/u_shared_pipeline/u_pipeline_4array_top/u_array4/ROW[1].COL[0].u_pe/dsp_accum0/A[29:0] is not pipelined. Pipelining DSP48 input will improve performance.
Related violations: <none>

DPIP-2#106 Warning
Input pipelining  
DSP design_1_i/reuse_mamba_board_sh_0/inst/u_core/u_core/u_mgr/u_shared_fabric/u_shared_pipeline/u_pipeline_4array_top/u_array4/ROW[1].COL[0].u_pe/dsp_accum0 input design_1_i/reuse_mamba_board_sh_0/inst/u_core/u_core/u_mgr/u_shared_fabric/u_shared_pipeline/u_pipeline_4array_top/u_array4/ROW[1].COL[0].u_pe/dsp_accum0/B[17:0] is not pipelined. Pipelining DSP48 input will improve performance.
Related violations: <none>

DPIP-2#107 Warning
Input pipelining  
DSP design_1_i/reuse_mamba_board_sh_0/inst/u_core/u_core/u_mgr/u_shared_fabric/u_shared_pipeline/u_pipeline_4array_top/u_array4/ROW[1].COL[1].u_pe/dsp_accum0 input design_1_i/reuse_mamba_board_sh_0/inst/u_core/u_core/u_mgr/u_shared_fabric/u_shared_pipeline/u_pipeline_4array_top/u_array4/ROW[1].COL[1].u_pe/dsp_accum0/A[29:0] is not pipelined. Pipelining DSP48 input will improve performance.
Related violations: <none>

DPIP-2#108 Warning
Input pipelining  
DSP design_1_i/reuse_mamba_board_sh_0/inst/u_core/u_core/u_mgr/u_shared_fabric/u_shared_pipeline/u_pipeline_4array_top/u_array4/ROW[1].COL[1].u_pe/dsp_accum0 input design_1_i/reuse_mamba_board_sh_0/inst/u_core/u_core/u_mgr/u_shared_fabric/u_shared_pipeline/u_pipeline_4array_top/u_array4/ROW[1].COL[1].u_pe/dsp_accum0/B[17:0] is not pipelined. Pipelining DSP48 input will improve performance.
Related violations: <none>

DPIP-2#109 Warning
Input pipelining  
DSP design_1_i/reuse_mamba_board_sh_0/inst/u_core/u_core/u_mgr/u_shared_fabric/u_shared_pipeline/u_pipeline_4array_top/u_array4/ROW[1].COL[2].u_pe/dsp_accum0 input design_1_i/reuse_mamba_board_sh_0/inst/u_core/u_core/u_mgr/u_shared_fabric/u_shared_pipeline/u_pipeline_4array_top/u_array4/ROW[1].COL[2].u_pe/dsp_accum0/A[29:0] is not pipelined. Pipelining DSP48 input will improve performance.
Related violations: <none>

DPIP-2#110 Warning
Input pipelining  
DSP design_1_i/reuse_mamba_board_sh_0/inst/u_core/u_core/u_mgr/u_shared_fabric/u_shared_pipeline/u_pipeline_4array_top/u_array4/ROW[1].COL[2].u_pe/dsp_accum0 input design_1_i/reuse_mamba_board_sh_0/inst/u_core/u_core/u_mgr/u_shared_fabric/u_shared_pipeline/u_pipeline_4array_top/u_array4/ROW[1].COL[2].u_pe/dsp_accum0/B[17:0] is not pipelined. Pipelining DSP48 input will improve performance.
Related violations: <none>

DPIP-2#111 Warning
Input pipelining  
DSP design_1_i/reuse_mamba_board_sh_0/inst/u_core/u_core/u_mgr/u_shared_fabric/u_shared_pipeline/u_pipeline_4array_top/u_array4/ROW[1].COL[3].u_pe/dsp_accum0 input design_1_i/reuse_mamba_board_sh_0/inst/u_core/u_core/u_mgr/u_shared_fabric/u_shared_pipeline/u_pipeline_4array_top/u_array4/ROW[1].COL[3].u_pe/dsp_accum0/A[29:0] is not pipelined. Pipelining DSP48 input will improve performance.
Related violations: <none>

DPIP-2#112 Warning
Input pipelining  
DSP design_1_i/reuse_mamba_board_sh_0/inst/u_core/u_core/u_mgr/u_shared_fabric/u_shared_pipeline/u_pipeline_4array_top/u_array4/ROW[1].COL[3].u_pe/dsp_accum0 input design_1_i/reuse_mamba_board_sh_0/inst/u_core/u_core/u_mgr/u_shared_fabric/u_shared_pipeline/u_pipeline_4array_top/u_array4/ROW[1].COL[3].u_pe/dsp_accum0/B[17:0] is not pipelined. Pipelining DSP48 input will improve performance.
Related violations: <none>

DPIP-2#113 Warning
Input pipelining  
DSP design_1_i/reuse_mamba_board_sh_0/inst/u_core/u_core/u_mgr/u_shared_fabric/u_shared_pipeline/u_pipeline_4array_top/u_array4/ROW[2].COL[0].u_pe/dsp_accum0 input design_1_i/reuse_mamba_board_sh_0/inst/u_core/u_core/u_mgr/u_shared_fabric/u_shared_pipeline/u_pipeline_4array_top/u_array4/ROW[2].COL[0].u_pe/dsp_accum0/A[29:0] is not pipelined. Pipelining DSP48 input will improve performance.
Related violations: <none>

DPIP-2#114 Warning
Input pipelining  
DSP design_1_i/reuse_mamba_board_sh_0/inst/u_core/u_core/u_mgr/u_shared_fabric/u_shared_pipeline/u_pipeline_4array_top/u_array4/ROW[2].COL[0].u_pe/dsp_accum0 input design_1_i/reuse_mamba_board_sh_0/inst/u_core/u_core/u_mgr/u_shared_fabric/u_shared_pipeline/u_pipeline_4array_top/u_array4/ROW[2].COL[0].u_pe/dsp_accum0/B[17:0] is not pipelined. Pipelining DSP48 input will improve performance.
Related violations: <none>

DPIP-2#115 Warning
Input pipelining  
DSP design_1_i/reuse_mamba_board_sh_0/inst/u_core/u_core/u_mgr/u_shared_fabric/u_shared_pipeline/u_pipeline_4array_top/u_array4/ROW[2].COL[1].u_pe/dsp_accum0 input design_1_i/reuse_mamba_board_sh_0/inst/u_core/u_core/u_mgr/u_shared_fabric/u_shared_pipeline/u_pipeline_4array_top/u_array4/ROW[2].COL[1].u_pe/dsp_accum0/A[29:0] is not pipelined. Pipelining DSP48 input will improve performance.
Related violations: <none>

DPIP-2#116 Warning
Input pipelining  
DSP design_1_i/reuse_mamba_board_sh_0/inst/u_core/u_core/u_mgr/u_shared_fabric/u_shared_pipeline/u_pipeline_4array_top/u_array4/ROW[2].COL[1].u_pe/dsp_accum0 input design_1_i/reuse_mamba_board_sh_0/inst/u_core/u_core/u_mgr/u_shared_fabric/u_shared_pipeline/u_pipeline_4array_top/u_array4/ROW[2].COL[1].u_pe/dsp_accum0/B[17:0] is not pipelined. Pipelining DSP48 input will improve performance.
Related violations: <none>

DPIP-2#117 Warning
Input pipelining  
DSP design_1_i/reuse_mamba_board_sh_0/inst/u_core/u_core/u_mgr/u_shared_fabric/u_shared_pipeline/u_pipeline_4array_top/u_array4/ROW[2].COL[2].u_pe/dsp_accum0 input design_1_i/reuse_mamba_board_sh_0/inst/u_core/u_core/u_mgr/u_shared_fabric/u_shared_pipeline/u_pipeline_4array_top/u_array4/ROW[2].COL[2].u_pe/dsp_accum0/A[29:0] is not pipelined. Pipelining DSP48 input will improve performance.
Related violations: <none>

DPIP-2#118 Warning
Input pipelining  
DSP design_1_i/reuse_mamba_board_sh_0/inst/u_core/u_core/u_mgr/u_shared_fabric/u_shared_pipeline/u_pipeline_4array_top/u_array4/ROW[2].COL[2].u_pe/dsp_accum0 input design_1_i/reuse_mamba_board_sh_0/inst/u_core/u_core/u_mgr/u_shared_fabric/u_shared_pipeline/u_pipeline_4array_top/u_array4/ROW[2].COL[2].u_pe/dsp_accum0/B[17:0] is not pipelined. Pipelining DSP48 input will improve performance.
Related violations: <none>

DPIP-2#119 Warning
Input pipelining  
DSP design_1_i/reuse_mamba_board_sh_0/inst/u_core/u_core/u_mgr/u_shared_fabric/u_shared_pipeline/u_pipeline_4array_top/u_array4/ROW[2].COL[3].u_pe/dsp_accum0 input design_1_i/reuse_mamba_board_sh_0/inst/u_core/u_core/u_mgr/u_shared_fabric/u_shared_pipeline/u_pipeline_4array_top/u_array4/ROW[2].COL[3].u_pe/dsp_accum0/A[29:0] is not pipelined. Pipelining DSP48 input will improve performance.
Related violations: <none>

DPIP-2#120 Warning
Input pipelining  
DSP design_1_i/reuse_mamba_board_sh_0/inst/u_core/u_core/u_mgr/u_shared_fabric/u_shared_pipeline/u_pipeline_4array_top/u_array4/ROW[2].COL[3].u_pe/dsp_accum0 input design_1_i/reuse_mamba_board_sh_0/inst/u_core/u_core/u_mgr/u_shared_fabric/u_shared_pipeline/u_pipeline_4array_top/u_array4/ROW[2].COL[3].u_pe/dsp_accum0/B[17:0] is not pipelined. Pipelining DSP48 input will improve performance.
Related violations: <none>

DPIP-2#121 Warning
Input pipelining  
DSP design_1_i/reuse_mamba_board_sh_0/inst/u_core/u_core/u_mgr/u_shared_fabric/u_shared_pipeline/u_pipeline_4array_top/u_array4/ROW[3].COL[0].u_pe/dsp_accum0 input design_1_i/reuse_mamba_board_sh_0/inst/u_core/u_core/u_mgr/u_shared_fabric/u_shared_pipeline/u_pipeline_4array_top/u_array4/ROW[3].COL[0].u_pe/dsp_accum0/A[29:0] is not pipelined. Pipelining DSP48 input will improve performance.
Related violations: <none>

DPIP-2#122 Warning
Input pipelining  
DSP design_1_i/reuse_mamba_board_sh_0/inst/u_core/u_core/u_mgr/u_shared_fabric/u_shared_pipeline/u_pipeline_4array_top/u_array4/ROW[3].COL[0].u_pe/dsp_accum0 input design_1_i/reuse_mamba_board_sh_0/inst/u_core/u_core/u_mgr/u_shared_fabric/u_shared_pipeline/u_pipeline_4array_top/u_array4/ROW[3].COL[0].u_pe/dsp_accum0/B[17:0] is not pipelined. Pipelining DSP48 input will improve performance.
Related violations: <none>

DPIP-2#123 Warning
Input pipelining  
DSP design_1_i/reuse_mamba_board_sh_0/inst/u_core/u_core/u_mgr/u_shared_fabric/u_shared_pipeline/u_pipeline_4array_top/u_array4/ROW[3].COL[1].u_pe/dsp_accum0 input design_1_i/reuse_mamba_board_sh_0/inst/u_core/u_core/u_mgr/u_shared_fabric/u_shared_pipeline/u_pipeline_4array_top/u_array4/ROW[3].COL[1].u_pe/dsp_accum0/A[29:0] is not pipelined. Pipelining DSP48 input will improve performance.
Related violations: <none>

DPIP-2#124 Warning
Input pipelining  
DSP design_1_i/reuse_mamba_board_sh_0/inst/u_core/u_core/u_mgr/u_shared_fabric/u_shared_pipeline/u_pipeline_4array_top/u_array4/ROW[3].COL[1].u_pe/dsp_accum0 input design_1_i/reuse_mamba_board_sh_0/inst/u_core/u_core/u_mgr/u_shared_fabric/u_shared_pipeline/u_pipeline_4array_top/u_array4/ROW[3].COL[1].u_pe/dsp_accum0/B[17:0] is not pipelined. Pipelining DSP48 input will improve performance.
Related violations: <none>

DPIP-2#125 Warning
Input pipelining  
DSP design_1_i/reuse_mamba_board_sh_0/inst/u_core/u_core/u_mgr/u_shared_fabric/u_shared_pipeline/u_pipeline_4array_top/u_array4/ROW[3].COL[2].u_pe/dsp_accum0 input design_1_i/reuse_mamba_board_sh_0/inst/u_core/u_core/u_mgr/u_shared_fabric/u_shared_pipeline/u_pipeline_4array_top/u_array4/ROW[3].COL[2].u_pe/dsp_accum0/A[29:0] is not pipelined. Pipelining DSP48 input will improve performance.
Related violations: <none>

DPIP-2#126 Warning
Input pipelining  
DSP design_1_i/reuse_mamba_board_sh_0/inst/u_core/u_core/u_mgr/u_shared_fabric/u_shared_pipeline/u_pipeline_4array_top/u_array4/ROW[3].COL[2].u_pe/dsp_accum0 input design_1_i/reuse_mamba_board_sh_0/inst/u_core/u_core/u_mgr/u_shared_fabric/u_shared_pipeline/u_pipeline_4array_top/u_array4/ROW[3].COL[2].u_pe/dsp_accum0/B[17:0] is not pipelined. Pipelining DSP48 input will improve performance.
Related violations: <none>

DPIP-2#127 Warning
Input pipelining  
DSP design_1_i/reuse_mamba_board_sh_0/inst/u_core/u_core/u_mgr/u_shared_fabric/u_shared_pipeline/u_pipeline_4array_top/u_array4/ROW[3].COL[3].u_pe/dsp_accum0 input design_1_i/reuse_mamba_board_sh_0/inst/u_core/u_core/u_mgr/u_shared_fabric/u_shared_pipeline/u_pipeline_4array_top/u_array4/ROW[3].COL[3].u_pe/dsp_accum0/A[29:0] is not pipelined. Pipelining DSP48 input will improve performance.
Related violations: <none>

DPIP-2#128 Warning
Input pipelining  
DSP design_1_i/reuse_mamba_board_sh_0/inst/u_core/u_core/u_mgr/u_shared_fabric/u_shared_pipeline/u_pipeline_4array_top/u_array4/ROW[3].COL[3].u_pe/dsp_accum0 input design_1_i/reuse_mamba_board_sh_0/inst/u_core/u_core/u_mgr/u_shared_fabric/u_shared_pipeline/u_pipeline_4array_top/u_array4/ROW[3].COL[3].u_pe/dsp_accum0/B[17:0] is not pipelined. Pipelining DSP48 input will improve performance.
Related violations: <none>

DPIP-2#129 Warning
Input pipelining  
DSP design_1_i/reuse_mamba_board_sh_0/inst/u_core/u_core/u_silu/u_silu_mul/y_vec_reg[0] input design_1_i/reuse_mamba_board_sh_0/inst/u_core/u_core/u_silu/u_silu_mul/y_vec_reg[0]/A[29:0] is not pipelined. Pipelining DSP48 input will improve performance.
Related violations: <none>

DPIP-2#130 Warning
Input pipelining  
DSP design_1_i/reuse_mamba_board_sh_0/inst/u_core/u_core/u_silu/u_silu_mul/y_vec_reg[0] input design_1_i/reuse_mamba_board_sh_0/inst/u_core/u_core/u_silu/u_silu_mul/y_vec_reg[0]/B[17:0] is not pipelined. Pipelining DSP48 input will improve performance.
Related violations: <none>

DPIP-2#131 Warning
Input pipelining  
DSP design_1_i/reuse_mamba_board_sh_0/inst/u_core/u_core/u_silu/u_silu_mul/y_vec_reg[1] input design_1_i/reuse_mamba_board_sh_0/inst/u_core/u_core/u_silu/u_silu_mul/y_vec_reg[1]/A[29:0] is not pipelined. Pipelining DSP48 input will improve performance.
Related violations: <none>

DPIP-2#132 Warning
Input pipelining  
DSP design_1_i/reuse_mamba_board_sh_0/inst/u_core/u_core/u_silu/u_silu_mul/y_vec_reg[1] input design_1_i/reuse_mamba_board_sh_0/inst/u_core/u_core/u_silu/u_silu_mul/y_vec_reg[1]/B[17:0] is not pipelined. Pipelining DSP48 input will improve performance.
Related violations: <none>

DPIP-2#133 Warning
Input pipelining  
DSP design_1_i/reuse_mamba_board_sh_0/inst/u_core/u_core/u_silu/u_silu_mul/y_vec_reg[2] input design_1_i/reuse_mamba_board_sh_0/inst/u_core/u_core/u_silu/u_silu_mul/y_vec_reg[2]/A[29:0] is not pipelined. Pipelining DSP48 input will improve performance.
Related violations: <none>

DPIP-2#134 Warning
Input pipelining  
DSP design_1_i/reuse_mamba_board_sh_0/inst/u_core/u_core/u_silu/u_silu_mul/y_vec_reg[2] input design_1_i/reuse_mamba_board_sh_0/inst/u_core/u_core/u_silu/u_silu_mul/y_vec_reg[2]/B[17:0] is not pipelined. Pipelining DSP48 input will improve performance.
Related violations: <none>

DPIP-2#135 Warning
Input pipelining  
DSP design_1_i/reuse_mamba_board_sh_0/inst/u_core/u_core/u_silu/u_silu_mul/y_vec_reg[3] input design_1_i/reuse_mamba_board_sh_0/inst/u_core/u_core/u_silu/u_silu_mul/y_vec_reg[3]/A[29:0] is not pipelined. Pipelining DSP48 input will improve performance.
Related violations: <none>

DPIP-2#136 Warning
Input pipelining  
DSP design_1_i/reuse_mamba_board_sh_0/inst/u_core/u_core/u_silu/u_silu_mul/y_vec_reg[3] input design_1_i/reuse_mamba_board_sh_0/inst/u_core/u_core/u_silu/u_silu_mul/y_vec_reg[3]/B[17:0] is not pipelined. Pipelining DSP48 input will improve performance.
Related violations: <none>

DPIP-2#137 Warning
Input pipelining  
DSP design_1_i/reuse_mamba_board_sh_0/inst/u_core/u_core/u_ssm_core/u_ew/p_0_out input design_1_i/reuse_mamba_board_sh_0/inst/u_core/u_core/u_ssm_core/u_ew/p_0_out/A[29:0] is not pipelined. Pipelining DSP48 input will improve performance.
Related violations: <none>

DPIP-2#138 Warning
Input pipelining  
DSP design_1_i/reuse_mamba_board_sh_0/inst/u_core/u_core/u_ssm_core/u_ew/p_0_out__0 input design_1_i/reuse_mamba_board_sh_0/inst/u_core/u_core/u_ssm_core/u_ew/p_0_out__0/A[29:0] is not pipelined. Pipelining DSP48 input will improve performance.
Related violations: <none>

DPIP-2#139 Warning
Input pipelining  
DSP design_1_i/reuse_mamba_board_sh_0/inst/u_core/u_core/u_ssm_core/u_ew/p_0_out__2 input design_1_i/reuse_mamba_board_sh_0/inst/u_core/u_core/u_ssm_core/u_ew/p_0_out__2/A[29:0] is not pipelined. Pipelining DSP48 input will improve performance.
Related violations: <none>

DPIP-2#140 Warning
Input pipelining  
DSP design_1_i/reuse_mamba_board_sh_0/inst/u_core/u_core/u_ssm_core/u_ew/p_0_out__4 input design_1_i/reuse_mamba_board_sh_0/inst/u_core/u_core/u_ssm_core/u_ew/p_0_out__4/A[29:0] is not pipelined. Pipelining DSP48 input will improve performance.
Related violations: <none>

DPIP-2#141 Warning
Input pipelining  
DSP design_1_i/reuse_mamba_board_sh_0/inst/u_core/u_core/u_ssm_core/u_gate/u_ewm_gate/y_vec_reg[0] input design_1_i/reuse_mamba_board_sh_0/inst/u_core/u_core/u_ssm_core/u_gate/u_ewm_gate/y_vec_reg[0]/A[29:0] is not pipelined. Pipelining DSP48 input will improve performance.
Related violations: <none>

DPIP-2#142 Warning
Input pipelining  
DSP design_1_i/reuse_mamba_board_sh_0/inst/u_core/u_core/u_ssm_core/u_gate/u_ewm_gate/y_vec_reg[0] input design_1_i/reuse_mamba_board_sh_0/inst/u_core/u_core/u_ssm_core/u_gate/u_ewm_gate/y_vec_reg[0]/B[17:0] is not pipelined. Pipelining DSP48 input will improve performance.
Related violations: <none>

DPIP-2#143 Warning
Input pipelining  
DSP design_1_i/reuse_mamba_board_sh_0/inst/u_core/u_core/u_ssm_core/u_gate/u_ewm_gate/y_vec_reg[1] input design_1_i/reuse_mamba_board_sh_0/inst/u_core/u_core/u_ssm_core/u_gate/u_ewm_gate/y_vec_reg[1]/A[29:0] is not pipelined. Pipelining DSP48 input will improve performance.
Related violations: <none>

DPIP-2#144 Warning
Input pipelining  
DSP design_1_i/reuse_mamba_board_sh_0/inst/u_core/u_core/u_ssm_core/u_gate/u_ewm_gate/y_vec_reg[1] input design_1_i/reuse_mamba_board_sh_0/inst/u_core/u_core/u_ssm_core/u_gate/u_ewm_gate/y_vec_reg[1]/B[17:0] is not pipelined. Pipelining DSP48 input will improve performance.
Related violations: <none>

DPIP-2#145 Warning
Input pipelining  
DSP design_1_i/reuse_mamba_board_sh_0/inst/u_core/u_core/u_ssm_core/u_gate/u_ewm_gate/y_vec_reg[2] input design_1_i/reuse_mamba_board_sh_0/inst/u_core/u_core/u_ssm_core/u_gate/u_ewm_gate/y_vec_reg[2]/A[29:0] is not pipelined. Pipelining DSP48 input will improve performance.
Related violations: <none>

DPIP-2#146 Warning
Input pipelining  
DSP design_1_i/reuse_mamba_board_sh_0/inst/u_core/u_core/u_ssm_core/u_gate/u_ewm_gate/y_vec_reg[2] input design_1_i/reuse_mamba_board_sh_0/inst/u_core/u_core/u_ssm_core/u_gate/u_ewm_gate/y_vec_reg[2]/B[17:0] is not pipelined. Pipelining DSP48 input will improve performance.
Related violations: <none>

DPIP-2#147 Warning
Input pipelining  
DSP design_1_i/reuse_mamba_board_sh_0/inst/u_core/u_core/u_ssm_core/u_gate/u_ewm_gate/y_vec_reg[3] input design_1_i/reuse_mamba_board_sh_0/inst/u_core/u_core/u_ssm_core/u_gate/u_ewm_gate/y_vec_reg[3]/A[29:0] is not pipelined. Pipelining DSP48 input will improve performance.
Related violations: <none>

DPIP-2#148 Warning
Input pipelining  
DSP design_1_i/reuse_mamba_board_sh_0/inst/u_core/u_core/u_ssm_core/u_gate/u_ewm_gate/y_vec_reg[3] input design_1_i/reuse_mamba_board_sh_0/inst/u_core/u_core/u_ssm_core/u_gate/u_ewm_gate/y_vec_reg[3]/B[17:0] is not pipelined. Pipelining DSP48 input will improve performance.
Related violations: <none>

DPIP-2#149 Warning
Input pipelining  
DSP design_1_i/reuse_mamba_board_sh_0/inst/u_core/u_core/u_u_silu/u_silu_mul/y_vec_reg[0] input design_1_i/reuse_mamba_board_sh_0/inst/u_core/u_core/u_u_silu/u_silu_mul/y_vec_reg[0]/A[29:0] is not pipelined. Pipelining DSP48 input will improve performance.
Related violations: <none>

DPIP-2#150 Warning
Input pipelining  
DSP design_1_i/reuse_mamba_board_sh_0/inst/u_core/u_core/u_u_silu/u_silu_mul/y_vec_reg[0] input design_1_i/reuse_mamba_board_sh_0/inst/u_core/u_core/u_u_silu/u_silu_mul/y_vec_reg[0]/B[17:0] is not pipelined. Pipelining DSP48 input will improve performance.
Related violations: <none>

DPIP-2#151 Warning
Input pipelining  
DSP design_1_i/reuse_mamba_board_sh_0/inst/u_core/u_core/u_u_silu/u_silu_mul/y_vec_reg[1] input design_1_i/reuse_mamba_board_sh_0/inst/u_core/u_core/u_u_silu/u_silu_mul/y_vec_reg[1]/A[29:0] is not pipelined. Pipelining DSP48 input will improve performance.
Related violations: <none>

DPIP-2#152 Warning
Input pipelining  
DSP design_1_i/reuse_mamba_board_sh_0/inst/u_core/u_core/u_u_silu/u_silu_mul/y_vec_reg[1] input design_1_i/reuse_mamba_board_sh_0/inst/u_core/u_core/u_u_silu/u_silu_mul/y_vec_reg[1]/B[17:0] is not pipelined. Pipelining DSP48 input will improve performance.
Related violations: <none>

DPIP-2#153 Warning
Input pipelining  
DSP design_1_i/reuse_mamba_board_sh_0/inst/u_core/u_core/u_u_silu/u_silu_mul/y_vec_reg[2] input design_1_i/reuse_mamba_board_sh_0/inst/u_core/u_core/u_u_silu/u_silu_mul/y_vec_reg[2]/A[29:0] is not pipelined. Pipelining DSP48 input will improve performance.
Related violations: <none>

DPIP-2#154 Warning
Input pipelining  
DSP design_1_i/reuse_mamba_board_sh_0/inst/u_core/u_core/u_u_silu/u_silu_mul/y_vec_reg[2] input design_1_i/reuse_mamba_board_sh_0/inst/u_core/u_core/u_u_silu/u_silu_mul/y_vec_reg[2]/B[17:0] is not pipelined. Pipelining DSP48 input will improve performance.
Related violations: <none>

DPIP-2#155 Warning
Input pipelining  
DSP design_1_i/reuse_mamba_board_sh_0/inst/u_core/u_core/u_u_silu/u_silu_mul/y_vec_reg[3] input design_1_i/reuse_mamba_board_sh_0/inst/u_core/u_core/u_u_silu/u_silu_mul/y_vec_reg[3]/A[29:0] is not pipelined. Pipelining DSP48 input will improve performance.
Related violations: <none>

DPIP-2#156 Warning
Input pipelining  
DSP design_1_i/reuse_mamba_board_sh_0/inst/u_core/u_core/u_u_silu/u_silu_mul/y_vec_reg[3] input design_1_i/reuse_mamba_board_sh_0/inst/u_core/u_core/u_u_silu/u_silu_mul/y_vec_reg[3]/B[17:0] is not pipelined. Pipelining DSP48 input will improve performance.
Related violations: <none>

DPOP-4#1 Warning
MREG Output pipelining  
DSP design_1_i/reuse_mamba_board_sh_0/inst/u_core/u_core/u_mgr/u_shared_fabric/u_shared_pipeline/u_pipeline_4array_top/u_array4/ROW[0].COL[0].u_pe/dsp_accum0 multiplier stage design_1_i/reuse_mamba_board_sh_0/inst/u_core/u_core/u_mgr/u_shared_fabric/u_shared_pipeline/u_pipeline_4array_top/u_array4/ROW[0].COL[0].u_pe/dsp_accum0/P[47:0] is not pipelined (MREG=0). Pipelining the multiplier function will improve performance and will save significant power so it is suggested whenever possible to fully pipeline this function.  If this multiplier was inferred, it is suggested to describe an additional register stage after this function.  If there is no registered adder/accumulator following the multiply function, two pipeline stages are suggested to allow both the MREG and PREG registers to be used.  If the DSP48 was instantiated in the design, it is suggested to set both the MREG and PREG attributes to 1 when performing multiply functions.
Related violations: <none>

DPOP-4#2 Warning
MREG Output pipelining  
DSP design_1_i/reuse_mamba_board_sh_0/inst/u_core/u_core/u_mgr/u_shared_fabric/u_shared_pipeline/u_pipeline_4array_top/u_array4/ROW[0].COL[1].u_pe/dsp_accum0 multiplier stage design_1_i/reuse_mamba_board_sh_0/inst/u_core/u_core/u_mgr/u_shared_fabric/u_shared_pipeline/u_pipeline_4array_top/u_array4/ROW[0].COL[1].u_pe/dsp_accum0/P[47:0] is not pipelined (MREG=0). Pipelining the multiplier function will improve performance and will save significant power so it is suggested whenever possible to fully pipeline this function.  If this multiplier was inferred, it is suggested to describe an additional register stage after this function.  If there is no registered adder/accumulator following the multiply function, two pipeline stages are suggested to allow both the MREG and PREG registers to be used.  If the DSP48 was instantiated in the design, it is suggested to set both the MREG and PREG attributes to 1 when performing multiply functions.
Related violations: <none>

DPOP-4#3 Warning
MREG Output pipelining  
DSP design_1_i/reuse_mamba_board_sh_0/inst/u_core/u_core/u_mgr/u_shared_fabric/u_shared_pipeline/u_pipeline_4array_top/u_array4/ROW[0].COL[2].u_pe/dsp_accum0 multiplier stage design_1_i/reuse_mamba_board_sh_0/inst/u_core/u_core/u_mgr/u_shared_fabric/u_shared_pipeline/u_pipeline_4array_top/u_array4/ROW[0].COL[2].u_pe/dsp_accum0/P[47:0] is not pipelined (MREG=0). Pipelining the multiplier function will improve performance and will save significant power so it is suggested whenever possible to fully pipeline this function.  If this multiplier was inferred, it is suggested to describe an additional register stage after this function.  If there is no registered adder/accumulator following the multiply function, two pipeline stages are suggested to allow both the MREG and PREG registers to be used.  If the DSP48 was instantiated in the design, it is suggested to set both the MREG and PREG attributes to 1 when performing multiply functions.
Related violations: <none>

DPOP-4#4 Warning
MREG Output pipelining  
DSP design_1_i/reuse_mamba_board_sh_0/inst/u_core/u_core/u_mgr/u_shared_fabric/u_shared_pipeline/u_pipeline_4array_top/u_array4/ROW[0].COL[3].u_pe/dsp_accum0 multiplier stage design_1_i/reuse_mamba_board_sh_0/inst/u_core/u_core/u_mgr/u_shared_fabric/u_shared_pipeline/u_pipeline_4array_top/u_array4/ROW[0].COL[3].u_pe/dsp_accum0/P[47:0] is not pipelined (MREG=0). Pipelining the multiplier function will improve performance and will save significant power so it is suggested whenever possible to fully pipeline this function.  If this multiplier was inferred, it is suggested to describe an additional register stage after this function.  If there is no registered adder/accumulator following the multiply function, two pipeline stages are suggested to allow both the MREG and PREG registers to be used.  If the DSP48 was instantiated in the design, it is suggested to set both the MREG and PREG attributes to 1 when performing multiply functions.
Related violations: <none>

DPOP-4#5 Warning
MREG Output pipelining  
DSP design_1_i/reuse_mamba_board_sh_0/inst/u_core/u_core/u_mgr/u_shared_fabric/u_shared_pipeline/u_pipeline_4array_top/u_array4/ROW[1].COL[0].u_pe/dsp_accum0 multiplier stage design_1_i/reuse_mamba_board_sh_0/inst/u_core/u_core/u_mgr/u_shared_fabric/u_shared_pipeline/u_pipeline_4array_top/u_array4/ROW[1].COL[0].u_pe/dsp_accum0/P[47:0] is not pipelined (MREG=0). Pipelining the multiplier function will improve performance and will save significant power so it is suggested whenever possible to fully pipeline this function.  If this multiplier was inferred, it is suggested to describe an additional register stage after this function.  If there is no registered adder/accumulator following the multiply function, two pipeline stages are suggested to allow both the MREG and PREG registers to be used.  If the DSP48 was instantiated in the design, it is suggested to set both the MREG and PREG attributes to 1 when performing multiply functions.
Related violations: <none>

DPOP-4#6 Warning
MREG Output pipelining  
DSP design_1_i/reuse_mamba_board_sh_0/inst/u_core/u_core/u_mgr/u_shared_fabric/u_shared_pipeline/u_pipeline_4array_top/u_array4/ROW[1].COL[1].u_pe/dsp_accum0 multiplier stage design_1_i/reuse_mamba_board_sh_0/inst/u_core/u_core/u_mgr/u_shared_fabric/u_shared_pipeline/u_pipeline_4array_top/u_array4/ROW[1].COL[1].u_pe/dsp_accum0/P[47:0] is not pipelined (MREG=0). Pipelining the multiplier function will improve performance and will save significant power so it is suggested whenever possible to fully pipeline this function.  If this multiplier was inferred, it is suggested to describe an additional register stage after this function.  If there is no registered adder/accumulator following the multiply function, two pipeline stages are suggested to allow both the MREG and PREG registers to be used.  If the DSP48 was instantiated in the design, it is suggested to set both the MREG and PREG attributes to 1 when performing multiply functions.
Related violations: <none>

DPOP-4#7 Warning
MREG Output pipelining  
DSP design_1_i/reuse_mamba_board_sh_0/inst/u_core/u_core/u_mgr/u_shared_fabric/u_shared_pipeline/u_pipeline_4array_top/u_array4/ROW[1].COL[2].u_pe/dsp_accum0 multiplier stage design_1_i/reuse_mamba_board_sh_0/inst/u_core/u_core/u_mgr/u_shared_fabric/u_shared_pipeline/u_pipeline_4array_top/u_array4/ROW[1].COL[2].u_pe/dsp_accum0/P[47:0] is not pipelined (MREG=0). Pipelining the multiplier function will improve performance and will save significant power so it is suggested whenever possible to fully pipeline this function.  If this multiplier was inferred, it is suggested to describe an additional register stage after this function.  If there is no registered adder/accumulator following the multiply function, two pipeline stages are suggested to allow both the MREG and PREG registers to be used.  If the DSP48 was instantiated in the design, it is suggested to set both the MREG and PREG attributes to 1 when performing multiply functions.
Related violations: <none>

DPOP-4#8 Warning
MREG Output pipelining  
DSP design_1_i/reuse_mamba_board_sh_0/inst/u_core/u_core/u_mgr/u_shared_fabric/u_shared_pipeline/u_pipeline_4array_top/u_array4/ROW[1].COL[3].u_pe/dsp_accum0 multiplier stage design_1_i/reuse_mamba_board_sh_0/inst/u_core/u_core/u_mgr/u_shared_fabric/u_shared_pipeline/u_pipeline_4array_top/u_array4/ROW[1].COL[3].u_pe/dsp_accum0/P[47:0] is not pipelined (MREG=0). Pipelining the multiplier function will improve performance and will save significant power so it is suggested whenever possible to fully pipeline this function.  If this multiplier was inferred, it is suggested to describe an additional register stage after this function.  If there is no registered adder/accumulator following the multiply function, two pipeline stages are suggested to allow both the MREG and PREG registers to be used.  If the DSP48 was instantiated in the design, it is suggested to set both the MREG and PREG attributes to 1 when performing multiply functions.
Related violations: <none>

DPOP-4#9 Warning
MREG Output pipelining  
DSP design_1_i/reuse_mamba_board_sh_0/inst/u_core/u_core/u_mgr/u_shared_fabric/u_shared_pipeline/u_pipeline_4array_top/u_array4/ROW[2].COL[0].u_pe/dsp_accum0 multiplier stage design_1_i/reuse_mamba_board_sh_0/inst/u_core/u_core/u_mgr/u_shared_fabric/u_shared_pipeline/u_pipeline_4array_top/u_array4/ROW[2].COL[0].u_pe/dsp_accum0/P[47:0] is not pipelined (MREG=0). Pipelining the multiplier function will improve performance and will save significant power so it is suggested whenever possible to fully pipeline this function.  If this multiplier was inferred, it is suggested to describe an additional register stage after this function.  If there is no registered adder/accumulator following the multiply function, two pipeline stages are suggested to allow both the MREG and PREG registers to be used.  If the DSP48 was instantiated in the design, it is suggested to set both the MREG and PREG attributes to 1 when performing multiply functions.
Related violations: <none>

DPOP-4#10 Warning
MREG Output pipelining  
DSP design_1_i/reuse_mamba_board_sh_0/inst/u_core/u_core/u_mgr/u_shared_fabric/u_shared_pipeline/u_pipeline_4array_top/u_array4/ROW[2].COL[1].u_pe/dsp_accum0 multiplier stage design_1_i/reuse_mamba_board_sh_0/inst/u_core/u_core/u_mgr/u_shared_fabric/u_shared_pipeline/u_pipeline_4array_top/u_array4/ROW[2].COL[1].u_pe/dsp_accum0/P[47:0] is not pipelined (MREG=0). Pipelining the multiplier function will improve performance and will save significant power so it is suggested whenever possible to fully pipeline this function.  If this multiplier was inferred, it is suggested to describe an additional register stage after this function.  If there is no registered adder/accumulator following the multiply function, two pipeline stages are suggested to allow both the MREG and PREG registers to be used.  If the DSP48 was instantiated in the design, it is suggested to set both the MREG and PREG attributes to 1 when performing multiply functions.
Related violations: <none>

DPOP-4#11 Warning
MREG Output pipelining  
DSP design_1_i/reuse_mamba_board_sh_0/inst/u_core/u_core/u_mgr/u_shared_fabric/u_shared_pipeline/u_pipeline_4array_top/u_array4/ROW[2].COL[2].u_pe/dsp_accum0 multiplier stage design_1_i/reuse_mamba_board_sh_0/inst/u_core/u_core/u_mgr/u_shared_fabric/u_shared_pipeline/u_pipeline_4array_top/u_array4/ROW[2].COL[2].u_pe/dsp_accum0/P[47:0] is not pipelined (MREG=0). Pipelining the multiplier function will improve performance and will save significant power so it is suggested whenever possible to fully pipeline this function.  If this multiplier was inferred, it is suggested to describe an additional register stage after this function.  If there is no registered adder/accumulator following the multiply function, two pipeline stages are suggested to allow both the MREG and PREG registers to be used.  If the DSP48 was instantiated in the design, it is suggested to set both the MREG and PREG attributes to 1 when performing multiply functions.
Related violations: <none>

DPOP-4#12 Warning
MREG Output pipelining  
DSP design_1_i/reuse_mamba_board_sh_0/inst/u_core/u_core/u_mgr/u_shared_fabric/u_shared_pipeline/u_pipeline_4array_top/u_array4/ROW[2].COL[3].u_pe/dsp_accum0 multiplier stage design_1_i/reuse_mamba_board_sh_0/inst/u_core/u_core/u_mgr/u_shared_fabric/u_shared_pipeline/u_pipeline_4array_top/u_array4/ROW[2].COL[3].u_pe/dsp_accum0/P[47:0] is not pipelined (MREG=0). Pipelining the multiplier function will improve performance and will save significant power so it is suggested whenever possible to fully pipeline this function.  If this multiplier was inferred, it is suggested to describe an additional register stage after this function.  If there is no registered adder/accumulator following the multiply function, two pipeline stages are suggested to allow both the MREG and PREG registers to be used.  If the DSP48 was instantiated in the design, it is suggested to set both the MREG and PREG attributes to 1 when performing multiply functions.
Related violations: <none>

DPOP-4#13 Warning
MREG Output pipelining  
DSP design_1_i/reuse_mamba_board_sh_0/inst/u_core/u_core/u_mgr/u_shared_fabric/u_shared_pipeline/u_pipeline_4array_top/u_array4/ROW[3].COL[0].u_pe/dsp_accum0 multiplier stage design_1_i/reuse_mamba_board_sh_0/inst/u_core/u_core/u_mgr/u_shared_fabric/u_shared_pipeline/u_pipeline_4array_top/u_array4/ROW[3].COL[0].u_pe/dsp_accum0/P[47:0] is not pipelined (MREG=0). Pipelining the multiplier function will improve performance and will save significant power so it is suggested whenever possible to fully pipeline this function.  If this multiplier was inferred, it is suggested to describe an additional register stage after this function.  If there is no registered adder/accumulator following the multiply function, two pipeline stages are suggested to allow both the MREG and PREG registers to be used.  If the DSP48 was instantiated in the design, it is suggested to set both the MREG and PREG attributes to 1 when performing multiply functions.
Related violations: <none>

DPOP-4#14 Warning
MREG Output pipelining  
DSP design_1_i/reuse_mamba_board_sh_0/inst/u_core/u_core/u_mgr/u_shared_fabric/u_shared_pipeline/u_pipeline_4array_top/u_array4/ROW[3].COL[1].u_pe/dsp_accum0 multiplier stage design_1_i/reuse_mamba_board_sh_0/inst/u_core/u_core/u_mgr/u_shared_fabric/u_shared_pipeline/u_pipeline_4array_top/u_array4/ROW[3].COL[1].u_pe/dsp_accum0/P[47:0] is not pipelined (MREG=0). Pipelining the multiplier function will improve performance and will save significant power so it is suggested whenever possible to fully pipeline this function.  If this multiplier was inferred, it is suggested to describe an additional register stage after this function.  If there is no registered adder/accumulator following the multiply function, two pipeline stages are suggested to allow both the MREG and PREG registers to be used.  If the DSP48 was instantiated in the design, it is suggested to set both the MREG and PREG attributes to 1 when performing multiply functions.
Related violations: <none>

DPOP-4#15 Warning
MREG Output pipelining  
DSP design_1_i/reuse_mamba_board_sh_0/inst/u_core/u_core/u_mgr/u_shared_fabric/u_shared_pipeline/u_pipeline_4array_top/u_array4/ROW[3].COL[2].u_pe/dsp_accum0 multiplier stage design_1_i/reuse_mamba_board_sh_0/inst/u_core/u_core/u_mgr/u_shared_fabric/u_shared_pipeline/u_pipeline_4array_top/u_array4/ROW[3].COL[2].u_pe/dsp_accum0/P[47:0] is not pipelined (MREG=0). Pipelining the multiplier function will improve performance and will save significant power so it is suggested whenever possible to fully pipeline this function.  If this multiplier was inferred, it is suggested to describe an additional register stage after this function.  If there is no registered adder/accumulator following the multiply function, two pipeline stages are suggested to allow both the MREG and PREG registers to be used.  If the DSP48 was instantiated in the design, it is suggested to set both the MREG and PREG attributes to 1 when performing multiply functions.
Related violations: <none>

DPOP-4#16 Warning
MREG Output pipelining  
DSP design_1_i/reuse_mamba_board_sh_0/inst/u_core/u_core/u_mgr/u_shared_fabric/u_shared_pipeline/u_pipeline_4array_top/u_array4/ROW[3].COL[3].u_pe/dsp_accum0 multiplier stage design_1_i/reuse_mamba_board_sh_0/inst/u_core/u_core/u_mgr/u_shared_fabric/u_shared_pipeline/u_pipeline_4array_top/u_array4/ROW[3].COL[3].u_pe/dsp_accum0/P[47:0] is not pipelined (MREG=0). Pipelining the multiplier function will improve performance and will save significant power so it is suggested whenever possible to fully pipeline this function.  If this multiplier was inferred, it is suggested to describe an additional register stage after this function.  If there is no registered adder/accumulator following the multiply function, two pipeline stages are suggested to allow both the MREG and PREG registers to be used.  If the DSP48 was instantiated in the design, it is suggested to set both the MREG and PREG attributes to 1 when performing multiply functions.
Related violations: <none>

DPOP-4#17 Warning
MREG Output pipelining  
DSP design_1_i/reuse_mamba_board_sh_0/inst/u_core/u_core/u_silu/u_silu_mul/y_vec_reg[0] multiplier stage design_1_i/reuse_mamba_board_sh_0/inst/u_core/u_core/u_silu/u_silu_mul/y_vec_reg[0]/P[47:0] is not pipelined (MREG=0). Pipelining the multiplier function will improve performance and will save significant power so it is suggested whenever possible to fully pipeline this function.  If this multiplier was inferred, it is suggested to describe an additional register stage after this function.  If there is no registered adder/accumulator following the multiply function, two pipeline stages are suggested to allow both the MREG and PREG registers to be used.  If the DSP48 was instantiated in the design, it is suggested to set both the MREG and PREG attributes to 1 when performing multiply functions.
Related violations: <none>

DPOP-4#18 Warning
MREG Output pipelining  
DSP design_1_i/reuse_mamba_board_sh_0/inst/u_core/u_core/u_silu/u_silu_mul/y_vec_reg[1] multiplier stage design_1_i/reuse_mamba_board_sh_0/inst/u_core/u_core/u_silu/u_silu_mul/y_vec_reg[1]/P[47:0] is not pipelined (MREG=0). Pipelining the multiplier function will improve performance and will save significant power so it is suggested whenever possible to fully pipeline this function.  If this multiplier was inferred, it is suggested to describe an additional register stage after this function.  If there is no registered adder/accumulator following the multiply function, two pipeline stages are suggested to allow both the MREG and PREG registers to be used.  If the DSP48 was instantiated in the design, it is suggested to set both the MREG and PREG attributes to 1 when performing multiply functions.
Related violations: <none>

DPOP-4#19 Warning
MREG Output pipelining  
DSP design_1_i/reuse_mamba_board_sh_0/inst/u_core/u_core/u_silu/u_silu_mul/y_vec_reg[2] multiplier stage design_1_i/reuse_mamba_board_sh_0/inst/u_core/u_core/u_silu/u_silu_mul/y_vec_reg[2]/P[47:0] is not pipelined (MREG=0). Pipelining the multiplier function will improve performance and will save significant power so it is suggested whenever possible to fully pipeline this function.  If this multiplier was inferred, it is suggested to describe an additional register stage after this function.  If there is no registered adder/accumulator following the multiply function, two pipeline stages are suggested to allow both the MREG and PREG registers to be used.  If the DSP48 was instantiated in the design, it is suggested to set both the MREG and PREG attributes to 1 when performing multiply functions.
Related violations: <none>

DPOP-4#20 Warning
MREG Output pipelining  
DSP design_1_i/reuse_mamba_board_sh_0/inst/u_core/u_core/u_silu/u_silu_mul/y_vec_reg[3] multiplier stage design_1_i/reuse_mamba_board_sh_0/inst/u_core/u_core/u_silu/u_silu_mul/y_vec_reg[3]/P[47:0] is not pipelined (MREG=0). Pipelining the multiplier function will improve performance and will save significant power so it is suggested whenever possible to fully pipeline this function.  If this multiplier was inferred, it is suggested to describe an additional register stage after this function.  If there is no registered adder/accumulator following the multiply function, two pipeline stages are suggested to allow both the MREG and PREG registers to be used.  If the DSP48 was instantiated in the design, it is suggested to set both the MREG and PREG attributes to 1 when performing multiply functions.
Related violations: <none>

DPOP-4#21 Warning
MREG Output pipelining  
DSP design_1_i/reuse_mamba_board_sh_0/inst/u_core/u_core/u_ssm_core/u_ew/p_0_out multiplier stage design_1_i/reuse_mamba_board_sh_0/inst/u_core/u_core/u_ssm_core/u_ew/p_0_out/P[47:0] is not pipelined (MREG=0). Pipelining the multiplier function will improve performance and will save significant power so it is suggested whenever possible to fully pipeline this function.  If this multiplier was inferred, it is suggested to describe an additional register stage after this function.  If there is no registered adder/accumulator following the multiply function, two pipeline stages are suggested to allow both the MREG and PREG registers to be used.  If the DSP48 was instantiated in the design, it is suggested to set both the MREG and PREG attributes to 1 when performing multiply functions.
Related violations: <none>

DPOP-4#22 Warning
MREG Output pipelining  
DSP design_1_i/reuse_mamba_board_sh_0/inst/u_core/u_core/u_ssm_core/u_ew/p_0_out__0 multiplier stage design_1_i/reuse_mamba_board_sh_0/inst/u_core/u_core/u_ssm_core/u_ew/p_0_out__0/P[47:0] is not pipelined (MREG=0). Pipelining the multiplier function will improve performance and will save significant power so it is suggested whenever possible to fully pipeline this function.  If this multiplier was inferred, it is suggested to describe an additional register stage after this function.  If there is no registered adder/accumulator following the multiply function, two pipeline stages are suggested to allow both the MREG and PREG registers to be used.  If the DSP48 was instantiated in the design, it is suggested to set both the MREG and PREG attributes to 1 when performing multiply functions.
Related violations: <none>

DPOP-4#23 Warning
MREG Output pipelining  
DSP design_1_i/reuse_mamba_board_sh_0/inst/u_core/u_core/u_ssm_core/u_ew/p_0_out__1 multiplier stage design_1_i/reuse_mamba_board_sh_0/inst/u_core/u_core/u_ssm_core/u_ew/p_0_out__1/P[47:0] is not pipelined (MREG=0). Pipelining the multiplier function will improve performance and will save significant power so it is suggested whenever possible to fully pipeline this function.  If this multiplier was inferred, it is suggested to describe an additional register stage after this function.  If there is no registered adder/accumulator following the multiply function, two pipeline stages are suggested to allow both the MREG and PREG registers to be used.  If the DSP48 was instantiated in the design, it is suggested to set both the MREG and PREG attributes to 1 when performing multiply functions.
Related violations: <none>

DPOP-4#24 Warning
MREG Output pipelining  
DSP design_1_i/reuse_mamba_board_sh_0/inst/u_core/u_core/u_ssm_core/u_ew/p_0_out__2 multiplier stage design_1_i/reuse_mamba_board_sh_0/inst/u_core/u_core/u_ssm_core/u_ew/p_0_out__2/P[47:0] is not pipelined (MREG=0). Pipelining the multiplier function will improve performance and will save significant power so it is suggested whenever possible to fully pipeline this function.  If this multiplier was inferred, it is suggested to describe an additional register stage after this function.  If there is no registered adder/accumulator following the multiply function, two pipeline stages are suggested to allow both the MREG and PREG registers to be used.  If the DSP48 was instantiated in the design, it is suggested to set both the MREG and PREG attributes to 1 when performing multiply functions.
Related violations: <none>

DPOP-4#25 Warning
MREG Output pipelining  
DSP design_1_i/reuse_mamba_board_sh_0/inst/u_core/u_core/u_ssm_core/u_ew/p_0_out__3 multiplier stage design_1_i/reuse_mamba_board_sh_0/inst/u_core/u_core/u_ssm_core/u_ew/p_0_out__3/P[47:0] is not pipelined (MREG=0). Pipelining the multiplier function will improve performance and will save significant power so it is suggested whenever possible to fully pipeline this function.  If this multiplier was inferred, it is suggested to describe an additional register stage after this function.  If there is no registered adder/accumulator following the multiply function, two pipeline stages are suggested to allow both the MREG and PREG registers to be used.  If the DSP48 was instantiated in the design, it is suggested to set both the MREG and PREG attributes to 1 when performing multiply functions.
Related violations: <none>

DPOP-4#26 Warning
MREG Output pipelining  
DSP design_1_i/reuse_mamba_board_sh_0/inst/u_core/u_core/u_ssm_core/u_ew/p_0_out__4 multiplier stage design_1_i/reuse_mamba_board_sh_0/inst/u_core/u_core/u_ssm_core/u_ew/p_0_out__4/P[47:0] is not pipelined (MREG=0). Pipelining the multiplier function will improve performance and will save significant power so it is suggested whenever possible to fully pipeline this function.  If this multiplier was inferred, it is suggested to describe an additional register stage after this function.  If there is no registered adder/accumulator following the multiply function, two pipeline stages are suggested to allow both the MREG and PREG registers to be used.  If the DSP48 was instantiated in the design, it is suggested to set both the MREG and PREG attributes to 1 when performing multiply functions.
Related violations: <none>

DPOP-4#27 Warning
MREG Output pipelining  
DSP design_1_i/reuse_mamba_board_sh_0/inst/u_core/u_core/u_ssm_core/u_ew/p_0_out__5 multiplier stage design_1_i/reuse_mamba_board_sh_0/inst/u_core/u_core/u_ssm_core/u_ew/p_0_out__5/P[47:0] is not pipelined (MREG=0). Pipelining the multiplier function will improve performance and will save significant power so it is suggested whenever possible to fully pipeline this function.  If this multiplier was inferred, it is suggested to describe an additional register stage after this function.  If there is no registered adder/accumulator following the multiply function, two pipeline stages are suggested to allow both the MREG and PREG registers to be used.  If the DSP48 was instantiated in the design, it is suggested to set both the MREG and PREG attributes to 1 when performing multiply functions.
Related violations: <none>

DPOP-4#28 Warning
MREG Output pipelining  
DSP design_1_i/reuse_mamba_board_sh_0/inst/u_core/u_core/u_ssm_core/u_ew/p_0_out__6 multiplier stage design_1_i/reuse_mamba_board_sh_0/inst/u_core/u_core/u_ssm_core/u_ew/p_0_out__6/P[47:0] is not pipelined (MREG=0). Pipelining the multiplier function will improve performance and will save significant power so it is suggested whenever possible to fully pipeline this function.  If this multiplier was inferred, it is suggested to describe an additional register stage after this function.  If there is no registered adder/accumulator following the multiply function, two pipeline stages are suggested to allow both the MREG and PREG registers to be used.  If the DSP48 was instantiated in the design, it is suggested to set both the MREG and PREG attributes to 1 when performing multiply functions.
Related violations: <none>

DPOP-4#29 Warning
MREG Output pipelining  
DSP design_1_i/reuse_mamba_board_sh_0/inst/u_core/u_core/u_ssm_core/u_gate/u_ewm_gate/y_vec_reg[0] multiplier stage design_1_i/reuse_mamba_board_sh_0/inst/u_core/u_core/u_ssm_core/u_gate/u_ewm_gate/y_vec_reg[0]/P[47:0] is not pipelined (MREG=0). Pipelining the multiplier function will improve performance and will save significant power so it is suggested whenever possible to fully pipeline this function.  If this multiplier was inferred, it is suggested to describe an additional register stage after this function.  If there is no registered adder/accumulator following the multiply function, two pipeline stages are suggested to allow both the MREG and PREG registers to be used.  If the DSP48 was instantiated in the design, it is suggested to set both the MREG and PREG attributes to 1 when performing multiply functions.
Related violations: <none>

DPOP-4#30 Warning
MREG Output pipelining  
DSP design_1_i/reuse_mamba_board_sh_0/inst/u_core/u_core/u_ssm_core/u_gate/u_ewm_gate/y_vec_reg[1] multiplier stage design_1_i/reuse_mamba_board_sh_0/inst/u_core/u_core/u_ssm_core/u_gate/u_ewm_gate/y_vec_reg[1]/P[47:0] is not pipelined (MREG=0). Pipelining the multiplier function will improve performance and will save significant power so it is suggested whenever possible to fully pipeline this function.  If this multiplier was inferred, it is suggested to describe an additional register stage after this function.  If there is no registered adder/accumulator following the multiply function, two pipeline stages are suggested to allow both the MREG and PREG registers to be used.  If the DSP48 was instantiated in the design, it is suggested to set both the MREG and PREG attributes to 1 when performing multiply functions.
Related violations: <none>

DPOP-4#31 Warning
MREG Output pipelining  
DSP design_1_i/reuse_mamba_board_sh_0/inst/u_core/u_core/u_ssm_core/u_gate/u_ewm_gate/y_vec_reg[2] multiplier stage design_1_i/reuse_mamba_board_sh_0/inst/u_core/u_core/u_ssm_core/u_gate/u_ewm_gate/y_vec_reg[2]/P[47:0] is not pipelined (MREG=0). Pipelining the multiplier function will improve performance and will save significant power so it is suggested whenever possible to fully pipeline this function.  If this multiplier was inferred, it is suggested to describe an additional register stage after this function.  If there is no registered adder/accumulator following the multiply function, two pipeline stages are suggested to allow both the MREG and PREG registers to be used.  If the DSP48 was instantiated in the design, it is suggested to set both the MREG and PREG attributes to 1 when performing multiply functions.
Related violations: <none>

DPOP-4#32 Warning
MREG Output pipelining  
DSP design_1_i/reuse_mamba_board_sh_0/inst/u_core/u_core/u_ssm_core/u_gate/u_ewm_gate/y_vec_reg[3] multiplier stage design_1_i/reuse_mamba_board_sh_0/inst/u_core/u_core/u_ssm_core/u_gate/u_ewm_gate/y_vec_reg[3]/P[47:0] is not pipelined (MREG=0). Pipelining the multiplier function will improve performance and will save significant power so it is suggested whenever possible to fully pipeline this function.  If this multiplier was inferred, it is suggested to describe an additional register stage after this function.  If there is no registered adder/accumulator following the multiply function, two pipeline stages are suggested to allow both the MREG and PREG registers to be used.  If the DSP48 was instantiated in the design, it is suggested to set both the MREG and PREG attributes to 1 when performing multiply functions.
Related violations: <none>

DPOP-4#33 Warning
MREG Output pipelining  
DSP design_1_i/reuse_mamba_board_sh_0/inst/u_core/u_core/u_u_silu/u_silu_mul/y_vec_reg[0] multiplier stage design_1_i/reuse_mamba_board_sh_0/inst/u_core/u_core/u_u_silu/u_silu_mul/y_vec_reg[0]/P[47:0] is not pipelined (MREG=0). Pipelining the multiplier function will improve performance and will save significant power so it is suggested whenever possible to fully pipeline this function.  If this multiplier was inferred, it is suggested to describe an additional register stage after this function.  If there is no registered adder/accumulator following the multiply function, two pipeline stages are suggested to allow both the MREG and PREG registers to be used.  If the DSP48 was instantiated in the design, it is suggested to set both the MREG and PREG attributes to 1 when performing multiply functions.
Related violations: <none>

DPOP-4#34 Warning
MREG Output pipelining  
DSP design_1_i/reuse_mamba_board_sh_0/inst/u_core/u_core/u_u_silu/u_silu_mul/y_vec_reg[1] multiplier stage design_1_i/reuse_mamba_board_sh_0/inst/u_core/u_core/u_u_silu/u_silu_mul/y_vec_reg[1]/P[47:0] is not pipelined (MREG=0). Pipelining the multiplier function will improve performance and will save significant power so it is suggested whenever possible to fully pipeline this function.  If this multiplier was inferred, it is suggested to describe an additional register stage after this function.  If there is no registered adder/accumulator following the multiply function, two pipeline stages are suggested to allow both the MREG and PREG registers to be used.  If the DSP48 was instantiated in the design, it is suggested to set both the MREG and PREG attributes to 1 when performing multiply functions.
Related violations: <none>

DPOP-4#35 Warning
MREG Output pipelining  
DSP design_1_i/reuse_mamba_board_sh_0/inst/u_core/u_core/u_u_silu/u_silu_mul/y_vec_reg[2] multiplier stage design_1_i/reuse_mamba_board_sh_0/inst/u_core/u_core/u_u_silu/u_silu_mul/y_vec_reg[2]/P[47:0] is not pipelined (MREG=0). Pipelining the multiplier function will improve performance and will save significant power so it is suggested whenever possible to fully pipeline this function.  If this multiplier was inferred, it is suggested to describe an additional register stage after this function.  If there is no registered adder/accumulator following the multiply function, two pipeline stages are suggested to allow both the MREG and PREG registers to be used.  If the DSP48 was instantiated in the design, it is suggested to set both the MREG and PREG attributes to 1 when performing multiply functions.
Related violations: <none>

DPOP-4#36 Warning
MREG Output pipelining  
DSP design_1_i/reuse_mamba_board_sh_0/inst/u_core/u_core/u_u_silu/u_silu_mul/y_vec_reg[3] multiplier stage design_1_i/reuse_mamba_board_sh_0/inst/u_core/u_core/u_u_silu/u_silu_mul/y_vec_reg[3]/P[47:0] is not pipelined (MREG=0). Pipelining the multiplier function will improve performance and will save significant power so it is suggested whenever possible to fully pipeline this function.  If this multiplier was inferred, it is suggested to describe an additional register stage after this function.  If there is no registered adder/accumulator following the multiply function, two pipeline stages are suggested to allow both the MREG and PREG registers to be used.  If the DSP48 was instantiated in the design, it is suggested to set both the MREG and PREG attributes to 1 when performing multiply functions.
Related violations: <none>

REQP-1934#1 Warning
RAMB18E2_nochange_collision_advisory  
Synchronous clocking is detected for BRAM (design_1_i/axi_dma_GY/U0/I_PRMRY_DATAMOVER/GEN_MM2S_FULL.I_MM2S_FULL_WRAPPER/GEN_INCLUDE_MM2S_SF.I_RD_SF/I_DATA_FIFO/BLK_MEM.I_SYNC_FIFOGEN_FIFO/xpm_fifo_instance.xpm_fifo_sync_inst/xpm_fifo_base_inst/gen_sdpram.xpm_memory_base_inst/gen_wr_a.gen_word_narrow.mem_reg_1) in SDP mode with NO_CHANGE write-mode. This is the preferred mode for best power characteristics. However, NO_CHANGE may exhibit address collisions if the same address appears on both read and write ports resulting in unknown or corrupted read data. It is suggested to confirm via simulation that an address collision never occurs and if so it is suggested to try and avoid this situation. If address collisions cannot be avoided, the write-mode may be set to READ_FIRST which guarantees that the read data is the prior contents of the memory at the cost of additional power in the design. See the FPGA Memory Resources User Guide for additional information.
Related violations: <none>

REQP-1934#2 Warning
RAMB18E2_nochange_collision_advisory  
Synchronous clocking is detected for BRAM (design_1_i/axi_dma_GY/U0/I_PRMRY_DATAMOVER/GEN_S2MM_FULL.I_S2MM_FULL_WRAPPER/GEN_ENABLE_INDET_BTT_SF.I_INDET_BTT/I_DATA_FIFO/BLK_MEM.I_SYNC_FIFOGEN_FIFO/xpm_fifo_instance.xpm_fifo_sync_inst/xpm_fifo_base_inst/gen_sdpram.xpm_memory_base_inst/gen_wr_a.gen_word_narrow.mem_reg_1) in SDP mode with NO_CHANGE write-mode. This is the preferred mode for best power characteristics. However, NO_CHANGE may exhibit address collisions if the same address appears on both read and write ports resulting in unknown or corrupted read data. It is suggested to confirm via simulation that an address collision never occurs and if so it is suggested to try and avoid this situation. If address collisions cannot be avoided, the write-mode may be set to READ_FIRST which guarantees that the read data is the prior contents of the memory at the cost of additional power in the design. See the FPGA Memory Resources User Guide for additional information.
Related violations: <none>

REQP-1934#3 Warning
RAMB18E2_nochange_collision_advisory  
Synchronous clocking is detected for BRAM (design_1_i/axi_dma_h/U0/I_PRMRY_DATAMOVER/GEN_MM2S_FULL.I_MM2S_FULL_WRAPPER/GEN_INCLUDE_MM2S_SF.I_RD_SF/I_DATA_FIFO/BLK_MEM.I_SYNC_FIFOGEN_FIFO/xpm_fifo_instance.xpm_fifo_sync_inst/xpm_fifo_base_inst/gen_sdpram.xpm_memory_base_inst/gen_wr_a.gen_word_narrow.mem_reg_1) in SDP mode with NO_CHANGE write-mode. This is the preferred mode for best power characteristics. However, NO_CHANGE may exhibit address collisions if the same address appears on both read and write ports resulting in unknown or corrupted read data. It is suggested to confirm via simulation that an address collision never occurs and if so it is suggested to try and avoid this situation. If address collisions cannot be avoided, the write-mode may be set to READ_FIRST which guarantees that the read data is the prior contents of the memory at the cost of additional power in the design. See the FPGA Memory Resources User Guide for additional information.
Related violations: <none>

REQP-1935#1 Warning
RAMB36E2_nochange_collision_advisory  
Synchronous clocking is detected for BRAM (design_1_i/axi_dma_GY/U0/I_PRMRY_DATAMOVER/GEN_MM2S_FULL.I_MM2S_FULL_WRAPPER/GEN_INCLUDE_MM2S_SF.I_RD_SF/I_DATA_FIFO/BLK_MEM.I_SYNC_FIFOGEN_FIFO/xpm_fifo_instance.xpm_fifo_sync_inst/xpm_fifo_base_inst/gen_sdpram.xpm_memory_base_inst/gen_wr_a.gen_word_narrow.mem_reg_0) in SDP mode with NO_CHANGE write-mode. This is the preferred mode for best power characteristics. However, NO_CHANGE may exhibit address collisions if the same address appears on both read and write ports resulting in unknown or corrupted read data. It is suggested to confirm via simulation that an address collision never occurs and if so it is suggested to try and avoid this situation. If address collisions cannot be avoided, the write-mode may be set to READ_FIRST which guarantees that the read data is the prior contents of the memory at the cost of additional power in the design. See the FPGA Memory Resources User Guide for additional information.
Related violations: <none>

REQP-1935#2 Warning
RAMB36E2_nochange_collision_advisory  
Synchronous clocking is detected for BRAM (design_1_i/axi_dma_GY/U0/I_PRMRY_DATAMOVER/GEN_S2MM_FULL.I_S2MM_FULL_WRAPPER/GEN_ENABLE_INDET_BTT_SF.I_INDET_BTT/I_DATA_FIFO/BLK_MEM.I_SYNC_FIFOGEN_FIFO/xpm_fifo_instance.xpm_fifo_sync_inst/xpm_fifo_base_inst/gen_sdpram.xpm_memory_base_inst/gen_wr_a.gen_word_narrow.mem_reg_0) in SDP mode with NO_CHANGE write-mode. This is the preferred mode for best power characteristics. However, NO_CHANGE may exhibit address collisions if the same address appears on both read and write ports resulting in unknown or corrupted read data. It is suggested to confirm via simulation that an address collision never occurs and if so it is suggested to try and avoid this situation. If address collisions cannot be avoided, the write-mode may be set to READ_FIRST which guarantees that the read data is the prior contents of the memory at the cost of additional power in the design. See the FPGA Memory Resources User Guide for additional information.
Related violations: <none>

REQP-1935#3 Warning
RAMB36E2_nochange_collision_advisory  
Synchronous clocking is detected for BRAM (design_1_i/axi_dma_h/U0/I_PRMRY_DATAMOVER/GEN_MM2S_FULL.I_MM2S_FULL_WRAPPER/GEN_INCLUDE_MM2S_SF.I_RD_SF/I_DATA_FIFO/BLK_MEM.I_SYNC_FIFOGEN_FIFO/xpm_fifo_instance.xpm_fifo_sync_inst/xpm_fifo_base_inst/gen_sdpram.xpm_memory_base_inst/gen_wr_a.gen_word_narrow.mem_reg_0) in SDP mode with NO_CHANGE write-mode. This is the preferred mode for best power characteristics. However, NO_CHANGE may exhibit address collisions if the same address appears on both read and write ports resulting in unknown or corrupted read data. It is suggested to confirm via simulation that an address collision never occurs and if so it is suggested to try and avoid this situation. If address collisions cannot be avoided, the write-mode may be set to READ_FIRST which guarantees that the read data is the prior contents of the memory at the cost of additional power in the design. See the FPGA Memory Resources User Guide for additional information.
Related violations: <none>


