Copyright 1986-2022 Xilinx, Inc. All Rights Reserved. Copyright 2022-2024 Advanced Micro Devices, Inc. All Rights Reserved.
--------------------------------------------------------------------------------------------------------------------------------------------------------------------------------------------------------------------------------------------------
| Tool Version      : Vivado v.2024.1 (win64) Build 5076996 Wed May 22 18:37:14 MDT 2024
| Date              : Thu Apr  9 00:06:20 2026
| Host              : 13600kf running 64-bit major release  (build 9200)
| Command           : report_timing_summary -max_paths 10 -report_unconstrained -file design_1_wrapper_timing_summary_routed.rpt -pb design_1_wrapper_timing_summary_routed.pb -rpx design_1_wrapper_timing_summary_routed.rpx -warn_on_violation
| Design            : design_1_wrapper
| Device            : xczu9eg-ffvb1156
| Speed File        : -2  PRODUCTION 1.30 05-15-2022
| Design State      : Routed
| Temperature Grade : E
--------------------------------------------------------------------------------------------------------------------------------------------------------------------------------------------------------------------------------------------------

Timing Summary Report

------------------------------------------------------------------------------------------------
| Timer Settings
| --------------
------------------------------------------------------------------------------------------------

  Enable Multi Corner Analysis               :  Yes
  Enable Pessimism Removal                   :  Yes
  Pessimism Removal Resolution               :  Nearest Common Node
  Enable Input Delay Default Clock           :  No
  Enable Preset / Clear Arcs                 :  No
  Disable Flight Delays                      :  No
  Ignore I/O Paths                           :  No
  Timing Early Launch at Borrowing Latches   :  No
  Borrow Time for Max Delay Exceptions       :  Yes
  Merge Timing Exceptions                    :  Yes
  Inter-SLR Compensation                     :  Conservative

  Corner  Analyze    Analyze    
  Name    Max Paths  Min Paths  
  ------  ---------  ---------  
  Slow    Yes        Yes        
  Fast    Yes        Yes        


------------------------------------------------------------------------------------------------
| Report Methodology
| ------------------
------------------------------------------------------------------------------------------------

No report available as report_methodology has not been run prior. Run report_methodology on the current design for the summary of methodology violations.



check_timing report

Table of Contents
-----------------
1. checking no_clock (0)
2. checking constant_clock (0)
3. checking pulse_width_clock (0)
4. checking unconstrained_internal_endpoints (0)
5. checking no_input_delay (0)
6. checking no_output_delay (0)
7. checking multiple_clock (0)
8. checking generated_clocks (0)
9. checking loops (0)
10. checking partial_input_delay (0)
11. checking partial_output_delay (0)
12. checking latch_loops (0)

1. checking no_clock (0)
------------------------
 There are 0 register/latch pins with no clock.


2. checking constant_clock (0)
------------------------------
 There are 0 register/latch pins with constant_clock.


3. checking pulse_width_clock (0)
---------------------------------
 There are 0 register/latch pins which need pulse_width check


4. checking unconstrained_internal_endpoints (0)
------------------------------------------------
 There are 0 pins that are not constrained for maximum delay.

 There are 0 pins that are not constrained for maximum delay due to constant clock.


5. checking no_input_delay (0)
------------------------------
 There are 0 input ports with no input delay specified.

 There are 0 input ports with no input delay but user has a false path constraint.


6. checking no_output_delay (0)
-------------------------------
 There are 0 ports with no output delay specified.

 There are 0 ports with no output delay but user has a false path constraint

 There are 0 ports with no output delay but with a timing clock defined on it or propagating through it


7. checking multiple_clock (0)
------------------------------
 There are 0 register/latch pins with multiple clocks.


8. checking generated_clocks (0)
--------------------------------
 There are 0 generated clocks that are not connected to a clock source.


9. checking loops (0)
---------------------
 There are 0 combinational loops in the design.


10. checking partial_input_delay (0)
------------------------------------
 There are 0 input ports with partial input delay specified.


11. checking partial_output_delay (0)
-------------------------------------
 There are 0 ports with partial output delay specified.


12. checking latch_loops (0)
----------------------------
 There are 0 combinational latch loops in the design through latch input



------------------------------------------------------------------------------------------------
| Design Timing Summary
| ---------------------
------------------------------------------------------------------------------------------------

    WNS(ns)      TNS(ns)  TNS Failing Endpoints  TNS Total Endpoints      WHS(ns)      THS(ns)  THS Failing Endpoints  THS Total Endpoints     WPWS(ns)     TPWS(ns)  TPWS Failing Endpoints  TPWS Total Endpoints  
    -------      -------  ---------------------  -------------------      -------      -------  ---------------------  -------------------     --------     --------  ----------------------  --------------------  
      4.500        0.000                      0                94761        0.010        0.000                      0                94761        3.500        0.000                       0                 29341  


All user specified timing constraints are met.


------------------------------------------------------------------------------------------------
| Clock Summary
| -------------
------------------------------------------------------------------------------------------------

Clock     Waveform(ns)       Period(ns)      Frequency(MHz)
-----     ------------       ----------      --------------
clk_pl_0  {0.000 5.000}      10.000          100.000         


------------------------------------------------------------------------------------------------
| Intra Clock Table
| -----------------
------------------------------------------------------------------------------------------------

Clock             WNS(ns)      TNS(ns)  TNS Failing Endpoints  TNS Total Endpoints      WHS(ns)      THS(ns)  THS Failing Endpoints  THS Total Endpoints     WPWS(ns)     TPWS(ns)  TPWS Failing Endpoints  TPWS Total Endpoints  
-----             -------      -------  ---------------------  -------------------      -------      -------  ---------------------  -------------------     --------     --------  ----------------------  --------------------  
clk_pl_0            4.500        0.000                      0                94761        0.010        0.000                      0                94761        3.500        0.000                       0                 29341  


------------------------------------------------------------------------------------------------
| Inter Clock Table
| -----------------
------------------------------------------------------------------------------------------------

From Clock    To Clock          WNS(ns)      TNS(ns)  TNS Failing Endpoints  TNS Total Endpoints      WHS(ns)      THS(ns)  THS Failing Endpoints  THS Total Endpoints  
----------    --------          -------      -------  ---------------------  -------------------      -------      -------  ---------------------  -------------------  


------------------------------------------------------------------------------------------------
| Other Path Groups Table
| -----------------------
------------------------------------------------------------------------------------------------

Path Group    From Clock    To Clock          WNS(ns)      TNS(ns)  TNS Failing Endpoints  TNS Total Endpoints      WHS(ns)      THS(ns)  THS Failing Endpoints  THS Total Endpoints  
----------    ----------    --------          -------      -------  ---------------------  -------------------      -------      -------  ---------------------  -------------------  


------------------------------------------------------------------------------------------------
| User Ignored Path Table
| -----------------------
------------------------------------------------------------------------------------------------

Path Group    From Clock    To Clock    
----------    ----------    --------    
(none)                      clk_pl_0      
(none)        clk_pl_0      clk_pl_0      


------------------------------------------------------------------------------------------------
| Unconstrained Path Table
| ------------------------
------------------------------------------------------------------------------------------------

Path Group    From Clock    To Clock    
----------    ----------    --------    


------------------------------------------------------------------------------------------------
| Timing Details
| --------------
------------------------------------------------------------------------------------------------


---------------------------------------------------------------------------------------------------
From Clock:  clk_pl_0
  To Clock:  clk_pl_0

Setup :            0  Failing Endpoints,  Worst Slack        4.500ns,  Total Violation        0.000ns
Hold  :            0  Failing Endpoints,  Worst Slack        0.010ns,  Total Violation        0.000ns
PW    :            0  Failing Endpoints,  Worst Slack        3.500ns,  Total Violation        0.000ns
---------------------------------------------------------------------------------------------------


Max Delay Paths
--------------------------------------------------------------------------------------
Slack (MET) :             4.500ns  (required time - arrival time)
  Source:                 design_1_i/reuse_mamba_board_sh_0/inst/u_core/u_core/u_dt_sched/state_reg[1]/C
                            (rising edge-triggered cell FDRE clocked by clk_pl_0  {rise@0.000ns fall@5.000ns period=10.000ns})
  Destination:            design_1_i/reuse_mamba_board_sh_0/inst/u_core/u_core/u_mgr/u_shared_fabric/u_shared_pipeline/u_pipeline_4array_top/u_array2/ROW[2].COL[2].u_pe/dsp_accum0/DSP_OUTPUT_INST/ALU_OUT[12]
                            (rising edge-triggered cell DSP_OUTPUT clocked by clk_pl_0  {rise@0.000ns fall@5.000ns period=10.000ns})
  Path Group:             clk_pl_0
  Path Type:              Setup (Max at Slow Process Corner)
  Requirement:            10.000ns  (clk_pl_0 rise@10.000ns - clk_pl_0 rise@0.000ns)
  Data Path Delay:        5.436ns  (logic 1.696ns (31.202%)  route 3.740ns (68.798%))
  Logic Levels:           7  (DSP_A_B_DATA=1 DSP_ALU=1 DSP_M_DATA=1 DSP_MULTIPLIER=1 DSP_PREADD_DATA=1 LUT2=1 LUT6=1)
  Clock Path Skew:        0.050ns (DCD - SCD + CPR)
    Destination Clock Delay (DCD):    1.558ns = ( 11.558 - 10.000 ) 
    Source Clock Delay      (SCD):    1.588ns
    Clock Pessimism Removal (CPR):    0.080ns
  Clock Uncertainty:      0.130ns  ((TSJ^2 + DJ^2)^1/2) / 2 + PE
    Total System Jitter     (TSJ):    0.071ns
    Discrete Jitter          (DJ):    0.250ns
    Phase Error              (PE):    0.000ns
  Clock Net Delay (Source):      1.425ns (routing 0.195ns, distribution 1.230ns)
  Clock Net Delay (Destination): 1.428ns (routing 0.175ns, distribution 1.253ns)

    Location             Delay type                Incr(ns)  Path(ns)    Netlist Resource(s)
  -------------------------------------------------------------------    -------------------
                         (clock clk_pl_0 rise edge)
                                                      0.000     0.000 r  
    PS8_X0Y0             PS8                          0.000     0.000 r  design_1_i/zynq_ultra_ps_e_0/inst/PS8_i/PLCLK[0]
                         net (fo=1, routed)           0.135     0.135    design_1_i/zynq_ultra_ps_e_0/inst/pl_clk_unbuffered[0]
    BUFG_PS_X0Y58        BUFG_PS (Prop_BUFG_PS_I_O)
                                                      0.028     0.163 r  design_1_i/zynq_ultra_ps_e_0/inst/buffer_pl_clk_0.PL_CLK_0_BUFG/O
    X1Y2 (CLOCK_ROOT)    net (fo=29761, routed)       1.425     1.588    design_1_i/reuse_mamba_board_sh_0/inst/u_core/u_core/u_dt_sched/sys_clk
    SLICE_X37Y266        FDRE                                         r  design_1_i/reuse_mamba_board_sh_0/inst/u_core/u_core/u_dt_sched/state_reg[1]/C
  -------------------------------------------------------------------    -------------------
    SLICE_X37Y266        FDRE (Prop_HFF_SLICEM_C_Q)
                                                      0.079     1.667 r  design_1_i/reuse_mamba_board_sh_0/inst/u_core/u_core/u_dt_sched/state_reg[1]/Q
                         net (fo=3067, routed)        1.545     3.212    design_1_i/reuse_mamba_board_sh_0/inst/u_core/u_core/u_dt_sched/state[1]
    SLICE_X31Y302        LUT2 (Prop_A5LUT_SLICEM_I0_O)
                                                      0.070     3.282 r  design_1_i/reuse_mamba_board_sh_0/inst/u_core/u_core/u_dt_sched/dsp_accum0_i_33__3/O
                         net (fo=138, routed)         0.870     4.152    design_1_i/reuse_mamba_board_sh_0/inst/u_core/u_core/u_dt_sched/dsp_accum0_i_33__3_n_0
    SLICE_X39Y292        LUT6 (Prop_F6LUT_SLICEL_I1_O)
                                                      0.097     4.249 f  design_1_i/reuse_mamba_board_sh_0/inst/u_core/u_core/u_dt_sched/dsp_accum0_i_4__5/O
                         net (fo=4, routed)           1.325     5.574    design_1_i/reuse_mamba_board_sh_0/inst/u_core/u_core/u_mgr/u_shared_fabric/u_shared_pipeline/u_pipeline_4array_top/u_array2/ROW[2].COL[2].u_pe/dsp_accum0/B[12]
    DSP48E2_X2Y121       DSP_A_B_DATA (Prop_DSP_A_B_DATA_DSP48E2_B[12]_B2_DATA[12])
                                                      0.151     5.725 r  design_1_i/reuse_mamba_board_sh_0/inst/u_core/u_core/u_mgr/u_shared_fabric/u_shared_pipeline/u_pipeline_4array_top/u_array2/ROW[2].COL[2].u_pe/dsp_accum0/DSP_A_B_DATA_INST/B2_DATA[12]
                         net (fo=1, routed)           0.000     5.725    design_1_i/reuse_mamba_board_sh_0/inst/u_core/u_core/u_mgr/u_shared_fabric/u_shared_pipeline/u_pipeline_4array_top/u_array2/ROW[2].COL[2].u_pe/dsp_accum0/DSP_A_B_DATA.B2_DATA<12>
    DSP48E2_X2Y121       DSP_PREADD_DATA (Prop_DSP_PREADD_DATA_DSP48E2_B2_DATA[12]_B2B1[12])
                                                      0.073     5.798 r  design_1_i/reuse_mamba_board_sh_0/inst/u_core/u_core/u_mgr/u_shared_fabric/u_shared_pipeline/u_pipeline_4array_top/u_array2/ROW[2].COL[2].u_pe/dsp_accum0/DSP_PREADD_DATA_INST/B2B1[12]
                         net (fo=1, routed)           0.000     5.798    design_1_i/reuse_mamba_board_sh_0/inst/u_core/u_core/u_mgr/u_shared_fabric/u_shared_pipeline/u_pipeline_4array_top/u_array2/ROW[2].COL[2].u_pe/dsp_accum0/DSP_PREADD_DATA.B2B1<12>
    DSP48E2_X2Y121       DSP_MULTIPLIER (Prop_DSP_MULTIPLIER_DSP48E2_B2B1[12]_V[12])
                                                      0.609     6.407 f  design_1_i/reuse_mamba_board_sh_0/inst/u_core/u_core/u_mgr/u_shared_fabric/u_shared_pipeline/u_pipeline_4array_top/u_array2/ROW[2].COL[2].u_pe/dsp_accum0/DSP_MULTIPLIER_INST/V[12]
                         net (fo=1, routed)           0.000     6.407    design_1_i/reuse_mamba_board_sh_0/inst/u_core/u_core/u_mgr/u_shared_fabric/u_shared_pipeline/u_pipeline_4array_top/u_array2/ROW[2].COL[2].u_pe/dsp_accum0/DSP_MULTIPLIER.V<12>
    DSP48E2_X2Y121       DSP_M_DATA (Prop_DSP_M_DATA_DSP48E2_V[12]_V_DATA[12])
                                                      0.046     6.453 r  design_1_i/reuse_mamba_board_sh_0/inst/u_core/u_core/u_mgr/u_shared_fabric/u_shared_pipeline/u_pipeline_4array_top/u_array2/ROW[2].COL[2].u_pe/dsp_accum0/DSP_M_DATA_INST/V_DATA[12]
                         net (fo=1, routed)           0.000     6.453    design_1_i/reuse_mamba_board_sh_0/inst/u_core/u_core/u_mgr/u_shared_fabric/u_shared_pipeline/u_pipeline_4array_top/u_array2/ROW[2].COL[2].u_pe/dsp_accum0/DSP_M_DATA.V_DATA<12>
    DSP48E2_X2Y121       DSP_ALU (Prop_DSP_ALU_DSP48E2_V_DATA[12]_ALU_OUT[12])
                                                      0.571     7.024 r  design_1_i/reuse_mamba_board_sh_0/inst/u_core/u_core/u_mgr/u_shared_fabric/u_shared_pipeline/u_pipeline_4array_top/u_array2/ROW[2].COL[2].u_pe/dsp_accum0/DSP_ALU_INST/ALU_OUT[12]
                         net (fo=1, routed)           0.000     7.024    design_1_i/reuse_mamba_board_sh_0/inst/u_core/u_core/u_mgr/u_shared_fabric/u_shared_pipeline/u_pipeline_4array_top/u_array2/ROW[2].COL[2].u_pe/dsp_accum0/DSP_ALU.ALU_OUT<12>
    DSP48E2_X2Y121       DSP_OUTPUT                                   r  design_1_i/reuse_mamba_board_sh_0/inst/u_core/u_core/u_mgr/u_shared_fabric/u_shared_pipeline/u_pipeline_4array_top/u_array2/ROW[2].COL[2].u_pe/dsp_accum0/DSP_OUTPUT_INST/ALU_OUT[12]
  -------------------------------------------------------------------    -------------------

                         (clock clk_pl_0 rise edge)
                                                     10.000    10.000 r  
    PS8_X0Y0             PS8                          0.000    10.000 r  design_1_i/zynq_ultra_ps_e_0/inst/PS8_i/PLCLK[0]
                         net (fo=1, routed)           0.105    10.105    design_1_i/zynq_ultra_ps_e_0/inst/pl_clk_unbuffered[0]
    BUFG_PS_X0Y58        BUFG_PS (Prop_BUFG_PS_I_O)
                                                      0.025    10.130 r  design_1_i/zynq_ultra_ps_e_0/inst/buffer_pl_clk_0.PL_CLK_0_BUFG/O
    X1Y2 (CLOCK_ROOT)    net (fo=29761, routed)       1.428    11.558    design_1_i/reuse_mamba_board_sh_0/inst/u_core/u_core/u_mgr/u_shared_fabric/u_shared_pipeline/u_pipeline_4array_top/u_array2/ROW[2].COL[2].u_pe/dsp_accum0/CLK
    DSP48E2_X2Y121       DSP_OUTPUT                                   r  design_1_i/reuse_mamba_board_sh_0/inst/u_core/u_core/u_mgr/u_shared_fabric/u_shared_pipeline/u_pipeline_4array_top/u_array2/ROW[2].COL[2].u_pe/dsp_accum0/DSP_OUTPUT_INST/CLK
                         clock pessimism              0.080    11.638    
                         clock uncertainty           -0.130    11.508    
    DSP48E2_X2Y121       DSP_OUTPUT (Setup_DSP_OUTPUT_DSP48E2_CLK_ALU_OUT[12])
                                                      0.015    11.523    design_1_i/reuse_mamba_board_sh_0/inst/u_core/u_core/u_mgr/u_shared_fabric/u_shared_pipeline/u_pipeline_4array_top/u_array2/ROW[2].COL[2].u_pe/dsp_accum0/DSP_OUTPUT_INST
  -------------------------------------------------------------------
                         required time                         11.523    
                         arrival time                          -7.024    
  -------------------------------------------------------------------
                         slack                                  4.500    

Slack (MET) :             4.500ns  (required time - arrival time)
  Source:                 design_1_i/reuse_mamba_board_sh_0/inst/u_core/u_core/u_dt_sched/state_reg[1]/C
                            (rising edge-triggered cell FDRE clocked by clk_pl_0  {rise@0.000ns fall@5.000ns period=10.000ns})
  Destination:            design_1_i/reuse_mamba_board_sh_0/inst/u_core/u_core/u_mgr/u_shared_fabric/u_shared_pipeline/u_pipeline_4array_top/u_array2/ROW[2].COL[2].u_pe/dsp_accum0/DSP_OUTPUT_INST/ALU_OUT[13]
                            (rising edge-triggered cell DSP_OUTPUT clocked by clk_pl_0  {rise@0.000ns fall@5.000ns period=10.000ns})
  Path Group:             clk_pl_0
  Path Type:              Setup (Max at Slow Process Corner)
  Requirement:            10.000ns  (clk_pl_0 rise@10.000ns - clk_pl_0 rise@0.000ns)
  Data Path Delay:        5.436ns  (logic 1.696ns (31.202%)  route 3.740ns (68.798%))
  Logic Levels:           7  (DSP_A_B_DATA=1 DSP_ALU=1 DSP_M_DATA=1 DSP_MULTIPLIER=1 DSP_PREADD_DATA=1 LUT2=1 LUT6=1)
  Clock Path Skew:        0.050ns (DCD - SCD + CPR)
    Destination Clock Delay (DCD):    1.558ns = ( 11.558 - 10.000 ) 
    Source Clock Delay      (SCD):    1.588ns
    Clock Pessimism Removal (CPR):    0.080ns
  Clock Uncertainty:      0.130ns  ((TSJ^2 + DJ^2)^1/2) / 2 + PE
    Total System Jitter     (TSJ):    0.071ns
    Discrete Jitter          (DJ):    0.250ns
    Phase Error              (PE):    0.000ns
  Clock Net Delay (Source):      1.425ns (routing 0.195ns, distribution 1.230ns)
  Clock Net Delay (Destination): 1.428ns (routing 0.175ns, distribution 1.253ns)

    Location             Delay type                Incr(ns)  Path(ns)    Netlist Resource(s)
  -------------------------------------------------------------------    -------------------
                         (clock clk_pl_0 rise edge)
                                                      0.000     0.000 r  
    PS8_X0Y0             PS8                          0.000     0.000 r  design_1_i/zynq_ultra_ps_e_0/inst/PS8_i/PLCLK[0]
                         net (fo=1, routed)           0.135     0.135    design_1_i/zynq_ultra_ps_e_0/inst/pl_clk_unbuffered[0]
    BUFG_PS_X0Y58        BUFG_PS (Prop_BUFG_PS_I_O)
                                                      0.028     0.163 r  design_1_i/zynq_ultra_ps_e_0/inst/buffer_pl_clk_0.PL_CLK_0_BUFG/O
    X1Y2 (CLOCK_ROOT)    net (fo=29761, routed)       1.425     1.588    design_1_i/reuse_mamba_board_sh_0/inst/u_core/u_core/u_dt_sched/sys_clk
    SLICE_X37Y266        FDRE                                         r  design_1_i/reuse_mamba_board_sh_0/inst/u_core/u_core/u_dt_sched/state_reg[1]/C
  -------------------------------------------------------------------    -------------------
    SLICE_X37Y266        FDRE (Prop_HFF_SLICEM_C_Q)
                                                      0.079     1.667 r  design_1_i/reuse_mamba_board_sh_0/inst/u_core/u_core/u_dt_sched/state_reg[1]/Q
                         net (fo=3067, routed)        1.545     3.212    design_1_i/reuse_mamba_board_sh_0/inst/u_core/u_core/u_dt_sched/state[1]
    SLICE_X31Y302        LUT2 (Prop_A5LUT_SLICEM_I0_O)
                                                      0.070     3.282 r  design_1_i/reuse_mamba_board_sh_0/inst/u_core/u_core/u_dt_sched/dsp_accum0_i_33__3/O
                         net (fo=138, routed)         0.870     4.152    design_1_i/reuse_mamba_board_sh_0/inst/u_core/u_core/u_dt_sched/dsp_accum0_i_33__3_n_0
    SLICE_X39Y292        LUT6 (Prop_F6LUT_SLICEL_I1_O)
                                                      0.097     4.249 f  design_1_i/reuse_mamba_board_sh_0/inst/u_core/u_core/u_dt_sched/dsp_accum0_i_4__5/O
                         net (fo=4, routed)           1.325     5.574    design_1_i/reuse_mamba_board_sh_0/inst/u_core/u_core/u_mgr/u_shared_fabric/u_shared_pipeline/u_pipeline_4array_top/u_array2/ROW[2].COL[2].u_pe/dsp_accum0/B[12]
    DSP48E2_X2Y121       DSP_A_B_DATA (Prop_DSP_A_B_DATA_DSP48E2_B[12]_B2_DATA[12])
                                                      0.151     5.725 r  design_1_i/reuse_mamba_board_sh_0/inst/u_core/u_core/u_mgr/u_shared_fabric/u_shared_pipeline/u_pipeline_4array_top/u_array2/ROW[2].COL[2].u_pe/dsp_accum0/DSP_A_B_DATA_INST/B2_DATA[12]
                         net (fo=1, routed)           0.000     5.725    design_1_i/reuse_mamba_board_sh_0/inst/u_core/u_core/u_mgr/u_shared_fabric/u_shared_pipeline/u_pipeline_4array_top/u_array2/ROW[2].COL[2].u_pe/dsp_accum0/DSP_A_B_DATA.B2_DATA<12>
    DSP48E2_X2Y121       DSP_PREADD_DATA (Prop_DSP_PREADD_DATA_DSP48E2_B2_DATA[12]_B2B1[12])
                                                      0.073     5.798 r  design_1_i/reuse_mamba_board_sh_0/inst/u_core/u_core/u_mgr/u_shared_fabric/u_shared_pipeline/u_pipeline_4array_top/u_array2/ROW[2].COL[2].u_pe/dsp_accum0/DSP_PREADD_DATA_INST/B2B1[12]
                         net (fo=1, routed)           0.000     5.798    design_1_i/reuse_mamba_board_sh_0/inst/u_core/u_core/u_mgr/u_shared_fabric/u_shared_pipeline/u_pipeline_4array_top/u_array2/ROW[2].COL[2].u_pe/dsp_accum0/DSP_PREADD_DATA.B2B1<12>
    DSP48E2_X2Y121       DSP_MULTIPLIER (Prop_DSP_MULTIPLIER_DSP48E2_B2B1[12]_V[13])
                                                      0.609     6.407 f  design_1_i/reuse_mamba_board_sh_0/inst/u_core/u_core/u_mgr/u_shared_fabric/u_shared_pipeline/u_pipeline_4array_top/u_array2/ROW[2].COL[2].u_pe/dsp_accum0/DSP_MULTIPLIER_INST/V[13]
                         net (fo=1, routed)           0.000     6.407    design_1_i/reuse_mamba_board_sh_0/inst/u_core/u_core/u_mgr/u_shared_fabric/u_shared_pipeline/u_pipeline_4array_top/u_array2/ROW[2].COL[2].u_pe/dsp_accum0/DSP_MULTIPLIER.V<13>
    DSP48E2_X2Y121       DSP_M_DATA (Prop_DSP_M_DATA_DSP48E2_V[13]_V_DATA[13])
                                                      0.046     6.453 r  design_1_i/reuse_mamba_board_sh_0/inst/u_core/u_core/u_mgr/u_shared_fabric/u_shared_pipeline/u_pipeline_4array_top/u_array2/ROW[2].COL[2].u_pe/dsp_accum0/DSP_M_DATA_INST/V_DATA[13]
                         net (fo=1, routed)           0.000     6.453    design_1_i/reuse_mamba_board_sh_0/inst/u_core/u_core/u_mgr/u_shared_fabric/u_shared_pipeline/u_pipeline_4array_top/u_array2/ROW[2].COL[2].u_pe/dsp_accum0/DSP_M_DATA.V_DATA<13>
    DSP48E2_X2Y121       DSP_ALU (Prop_DSP_ALU_DSP48E2_V_DATA[13]_ALU_OUT[13])
                                                      0.571     7.024 r  design_1_i/reuse_mamba_board_sh_0/inst/u_core/u_core/u_mgr/u_shared_fabric/u_shared_pipeline/u_pipeline_4array_top/u_array2/ROW[2].COL[2].u_pe/dsp_accum0/DSP_ALU_INST/ALU_OUT[13]
                         net (fo=1, routed)           0.000     7.024    design_1_i/reuse_mamba_board_sh_0/inst/u_core/u_core/u_mgr/u_shared_fabric/u_shared_pipeline/u_pipeline_4array_top/u_array2/ROW[2].COL[2].u_pe/dsp_accum0/DSP_ALU.ALU_OUT<13>
    DSP48E2_X2Y121       DSP_OUTPUT                                   r  design_1_i/reuse_mamba_board_sh_0/inst/u_core/u_core/u_mgr/u_shared_fabric/u_shared_pipeline/u_pipeline_4array_top/u_array2/ROW[2].COL[2].u_pe/dsp_accum0/DSP_OUTPUT_INST/ALU_OUT[13]
  -------------------------------------------------------------------    -------------------

                         (clock clk_pl_0 rise edge)
                                                     10.000    10.000 r  
    PS8_X0Y0             PS8                          0.000    10.000 r  design_1_i/zynq_ultra_ps_e_0/inst/PS8_i/PLCLK[0]
                         net (fo=1, routed)           0.105    10.105    design_1_i/zynq_ultra_ps_e_0/inst/pl_clk_unbuffered[0]
    BUFG_PS_X0Y58        BUFG_PS (Prop_BUFG_PS_I_O)
                                                      0.025    10.130 r  design_1_i/zynq_ultra_ps_e_0/inst/buffer_pl_clk_0.PL_CLK_0_BUFG/O
    X1Y2 (CLOCK_ROOT)    net (fo=29761, routed)       1.428    11.558    design_1_i/reuse_mamba_board_sh_0/inst/u_core/u_core/u_mgr/u_shared_fabric/u_shared_pipeline/u_pipeline_4array_top/u_array2/ROW[2].COL[2].u_pe/dsp_accum0/CLK
    DSP48E2_X2Y121       DSP_OUTPUT                                   r  design_1_i/reuse_mamba_board_sh_0/inst/u_core/u_core/u_mgr/u_shared_fabric/u_shared_pipeline/u_pipeline_4array_top/u_array2/ROW[2].COL[2].u_pe/dsp_accum0/DSP_OUTPUT_INST/CLK
                         clock pessimism              0.080    11.638    
                         clock uncertainty           -0.130    11.508    
    DSP48E2_X2Y121       DSP_OUTPUT (Setup_DSP_OUTPUT_DSP48E2_CLK_ALU_OUT[13])
                                                      0.015    11.523    design_1_i/reuse_mamba_board_sh_0/inst/u_core/u_core/u_mgr/u_shared_fabric/u_shared_pipeline/u_pipeline_4array_top/u_array2/ROW[2].COL[2].u_pe/dsp_accum0/DSP_OUTPUT_INST
  -------------------------------------------------------------------
                         required time                         11.523    
                         arrival time                          -7.024    
  -------------------------------------------------------------------
                         slack                                  4.500    

Slack (MET) :             4.500ns  (required time - arrival time)
  Source:                 design_1_i/reuse_mamba_board_sh_0/inst/u_core/u_core/u_dt_sched/state_reg[1]/C
                            (rising edge-triggered cell FDRE clocked by clk_pl_0  {rise@0.000ns fall@5.000ns period=10.000ns})
  Destination:            design_1_i/reuse_mamba_board_sh_0/inst/u_core/u_core/u_mgr/u_shared_fabric/u_shared_pipeline/u_pipeline_4array_top/u_array2/ROW[2].COL[2].u_pe/dsp_accum0/DSP_OUTPUT_INST/ALU_OUT[14]
                            (rising edge-triggered cell DSP_OUTPUT clocked by clk_pl_0  {rise@0.000ns fall@5.000ns period=10.000ns})
  Path Group:             clk_pl_0
  Path Type:              Setup (Max at Slow Process Corner)
  Requirement:            10.000ns  (clk_pl_0 rise@10.000ns - clk_pl_0 rise@0.000ns)
  Data Path Delay:        5.436ns  (logic 1.696ns (31.202%)  route 3.740ns (68.798%))
  Logic Levels:           7  (DSP_A_B_DATA=1 DSP_ALU=1 DSP_M_DATA=1 DSP_MULTIPLIER=1 DSP_PREADD_DATA=1 LUT2=1 LUT6=1)
  Clock Path Skew:        0.050ns (DCD - SCD + CPR)
    Destination Clock Delay (DCD):    1.558ns = ( 11.558 - 10.000 ) 
    Source Clock Delay      (SCD):    1.588ns
    Clock Pessimism Removal (CPR):    0.080ns
  Clock Uncertainty:      0.130ns  ((TSJ^2 + DJ^2)^1/2) / 2 + PE
    Total System Jitter     (TSJ):    0.071ns
    Discrete Jitter          (DJ):    0.250ns
    Phase Error              (PE):    0.000ns
  Clock Net Delay (Source):      1.425ns (routing 0.195ns, distribution 1.230ns)
  Clock Net Delay (Destination): 1.428ns (routing 0.175ns, distribution 1.253ns)

    Location             Delay type                Incr(ns)  Path(ns)    Netlist Resource(s)
  -------------------------------------------------------------------    -------------------
                         (clock clk_pl_0 rise edge)
                                                      0.000     0.000 r  
    PS8_X0Y0             PS8                          0.000     0.000 r  design_1_i/zynq_ultra_ps_e_0/inst/PS8_i/PLCLK[0]
                         net (fo=1, routed)           0.135     0.135    design_1_i/zynq_ultra_ps_e_0/inst/pl_clk_unbuffered[0]
    BUFG_PS_X0Y58        BUFG_PS (Prop_BUFG_PS_I_O)
                                                      0.028     0.163 r  design_1_i/zynq_ultra_ps_e_0/inst/buffer_pl_clk_0.PL_CLK_0_BUFG/O
    X1Y2 (CLOCK_ROOT)    net (fo=29761, routed)       1.425     1.588    design_1_i/reuse_mamba_board_sh_0/inst/u_core/u_core/u_dt_sched/sys_clk
    SLICE_X37Y266        FDRE                                         r  design_1_i/reuse_mamba_board_sh_0/inst/u_core/u_core/u_dt_sched/state_reg[1]/C
  -------------------------------------------------------------------    -------------------
    SLICE_X37Y266        FDRE (Prop_HFF_SLICEM_C_Q)
                                                      0.079     1.667 r  design_1_i/reuse_mamba_board_sh_0/inst/u_core/u_core/u_dt_sched/state_reg[1]/Q
                         net (fo=3067, routed)        1.545     3.212    design_1_i/reuse_mamba_board_sh_0/inst/u_core/u_core/u_dt_sched/state[1]
    SLICE_X31Y302        LUT2 (Prop_A5LUT_SLICEM_I0_O)
                                                      0.070     3.282 r  design_1_i/reuse_mamba_board_sh_0/inst/u_core/u_core/u_dt_sched/dsp_accum0_i_33__3/O
                         net (fo=138, routed)         0.870     4.152    design_1_i/reuse_mamba_board_sh_0/inst/u_core/u_core/u_dt_sched/dsp_accum0_i_33__3_n_0
    SLICE_X39Y292        LUT6 (Prop_F6LUT_SLICEL_I1_O)
                                                      0.097     4.249 f  design_1_i/reuse_mamba_board_sh_0/inst/u_core/u_core/u_dt_sched/dsp_accum0_i_4__5/O
                         net (fo=4, routed)           1.325     5.574    design_1_i/reuse_mamba_board_sh_0/inst/u_core/u_core/u_mgr/u_shared_fabric/u_shared_pipeline/u_pipeline_4array_top/u_array2/ROW[2].COL[2].u_pe/dsp_accum0/B[12]
    DSP48E2_X2Y121       DSP_A_B_DATA (Prop_DSP_A_B_DATA_DSP48E2_B[12]_B2_DATA[12])
                                                      0.151     5.725 r  design_1_i/reuse_mamba_board_sh_0/inst/u_core/u_core/u_mgr/u_shared_fabric/u_shared_pipeline/u_pipeline_4array_top/u_array2/ROW[2].COL[2].u_pe/dsp_accum0/DSP_A_B_DATA_INST/B2_DATA[12]
                         net (fo=1, routed)           0.000     5.725    design_1_i/reuse_mamba_board_sh_0/inst/u_core/u_core/u_mgr/u_shared_fabric/u_shared_pipeline/u_pipeline_4array_top/u_array2/ROW[2].COL[2].u_pe/dsp_accum0/DSP_A_B_DATA.B2_DATA<12>
    DSP48E2_X2Y121       DSP_PREADD_DATA (Prop_DSP_PREADD_DATA_DSP48E2_B2_DATA[12]_B2B1[12])
                                                      0.073     5.798 r  design_1_i/reuse_mamba_board_sh_0/inst/u_core/u_core/u_mgr/u_shared_fabric/u_shared_pipeline/u_pipeline_4array_top/u_array2/ROW[2].COL[2].u_pe/dsp_accum0/DSP_PREADD_DATA_INST/B2B1[12]
                         net (fo=1, routed)           0.000     5.798    design_1_i/reuse_mamba_board_sh_0/inst/u_core/u_core/u_mgr/u_shared_fabric/u_shared_pipeline/u_pipeline_4array_top/u_array2/ROW[2].COL[2].u_pe/dsp_accum0/DSP_PREADD_DATA.B2B1<12>
    DSP48E2_X2Y121       DSP_MULTIPLIER (Prop_DSP_MULTIPLIER_DSP48E2_B2B1[12]_V[14])
                                                      0.609     6.407 f  design_1_i/reuse_mamba_board_sh_0/inst/u_core/u_core/u_mgr/u_shared_fabric/u_shared_pipeline/u_pipeline_4array_top/u_array2/ROW[2].COL[2].u_pe/dsp_accum0/DSP_MULTIPLIER_INST/V[14]
                         net (fo=1, routed)           0.000     6.407    design_1_i/reuse_mamba_board_sh_0/inst/u_core/u_core/u_mgr/u_shared_fabric/u_shared_pipeline/u_pipeline_4array_top/u_array2/ROW[2].COL[2].u_pe/dsp_accum0/DSP_MULTIPLIER.V<14>
    DSP48E2_X2Y121       DSP_M_DATA (Prop_DSP_M_DATA_DSP48E2_V[14]_V_DATA[14])
                                                      0.046     6.453 r  design_1_i/reuse_mamba_board_sh_0/inst/u_core/u_core/u_mgr/u_shared_fabric/u_shared_pipeline/u_pipeline_4array_top/u_array2/ROW[2].COL[2].u_pe/dsp_accum0/DSP_M_DATA_INST/V_DATA[14]
                         net (fo=1, routed)           0.000     6.453    design_1_i/reuse_mamba_board_sh_0/inst/u_core/u_core/u_mgr/u_shared_fabric/u_shared_pipeline/u_pipeline_4array_top/u_array2/ROW[2].COL[2].u_pe/dsp_accum0/DSP_M_DATA.V_DATA<14>
    DSP48E2_X2Y121       DSP_ALU (Prop_DSP_ALU_DSP48E2_V_DATA[14]_ALU_OUT[14])
                                                      0.571     7.024 r  design_1_i/reuse_mamba_board_sh_0/inst/u_core/u_core/u_mgr/u_shared_fabric/u_shared_pipeline/u_pipeline_4array_top/u_array2/ROW[2].COL[2].u_pe/dsp_accum0/DSP_ALU_INST/ALU_OUT[14]
                         net (fo=1, routed)           0.000     7.024    design_1_i/reuse_mamba_board_sh_0/inst/u_core/u_core/u_mgr/u_shared_fabric/u_shared_pipeline/u_pipeline_4array_top/u_array2/ROW[2].COL[2].u_pe/dsp_accum0/DSP_ALU.ALU_OUT<14>
    DSP48E2_X2Y121       DSP_OUTPUT                                   r  design_1_i/reuse_mamba_board_sh_0/inst/u_core/u_core/u_mgr/u_shared_fabric/u_shared_pipeline/u_pipeline_4array_top/u_array2/ROW[2].COL[2].u_pe/dsp_accum0/DSP_OUTPUT_INST/ALU_OUT[14]
  -------------------------------------------------------------------    -------------------

                         (clock clk_pl_0 rise edge)
                                                     10.000    10.000 r  
    PS8_X0Y0             PS8                          0.000    10.000 r  design_1_i/zynq_ultra_ps_e_0/inst/PS8_i/PLCLK[0]
                         net (fo=1, routed)           0.105    10.105    design_1_i/zynq_ultra_ps_e_0/inst/pl_clk_unbuffered[0]
    BUFG_PS_X0Y58        BUFG_PS (Prop_BUFG_PS_I_O)
                                                      0.025    10.130 r  design_1_i/zynq_ultra_ps_e_0/inst/buffer_pl_clk_0.PL_CLK_0_BUFG/O
    X1Y2 (CLOCK_ROOT)    net (fo=29761, routed)       1.428    11.558    design_1_i/reuse_mamba_board_sh_0/inst/u_core/u_core/u_mgr/u_shared_fabric/u_shared_pipeline/u_pipeline_4array_top/u_array2/ROW[2].COL[2].u_pe/dsp_accum0/CLK
    DSP48E2_X2Y121       DSP_OUTPUT                                   r  design_1_i/reuse_mamba_board_sh_0/inst/u_core/u_core/u_mgr/u_shared_fabric/u_shared_pipeline/u_pipeline_4array_top/u_array2/ROW[2].COL[2].u_pe/dsp_accum0/DSP_OUTPUT_INST/CLK
                         clock pessimism              0.080    11.638    
                         clock uncertainty           -0.130    11.508    
    DSP48E2_X2Y121       DSP_OUTPUT (Setup_DSP_OUTPUT_DSP48E2_CLK_ALU_OUT[14])
                                                      0.015    11.523    design_1_i/reuse_mamba_board_sh_0/inst/u_core/u_core/u_mgr/u_shared_fabric/u_shared_pipeline/u_pipeline_4array_top/u_array2/ROW[2].COL[2].u_pe/dsp_accum0/DSP_OUTPUT_INST
  -------------------------------------------------------------------
                         required time                         11.523    
                         arrival time                          -7.024    
  -------------------------------------------------------------------
                         slack                                  4.500    

Slack (MET) :             4.500ns  (required time - arrival time)
  Source:                 design_1_i/reuse_mamba_board_sh_0/inst/u_core/u_core/u_dt_sched/state_reg[1]/C
                            (rising edge-triggered cell FDRE clocked by clk_pl_0  {rise@0.000ns fall@5.000ns period=10.000ns})
  Destination:            design_1_i/reuse_mamba_board_sh_0/inst/u_core/u_core/u_mgr/u_shared_fabric/u_shared_pipeline/u_pipeline_4array_top/u_array2/ROW[2].COL[2].u_pe/dsp_accum0/DSP_OUTPUT_INST/ALU_OUT[15]
                            (rising edge-triggered cell DSP_OUTPUT clocked by clk_pl_0  {rise@0.000ns fall@5.000ns period=10.000ns})
  Path Group:             clk_pl_0
  Path Type:              Setup (Max at Slow Process Corner)
  Requirement:            10.000ns  (clk_pl_0 rise@10.000ns - clk_pl_0 rise@0.000ns)
  Data Path Delay:        5.436ns  (logic 1.696ns (31.202%)  route 3.740ns (68.798%))
  Logic Levels:           7  (DSP_A_B_DATA=1 DSP_ALU=1 DSP_M_DATA=1 DSP_MULTIPLIER=1 DSP_PREADD_DATA=1 LUT2=1 LUT6=1)
  Clock Path Skew:        0.050ns (DCD - SCD + CPR)
    Destination Clock Delay (DCD):    1.558ns = ( 11.558 - 10.000 ) 
    Source Clock Delay      (SCD):    1.588ns
    Clock Pessimism Removal (CPR):    0.080ns
  Clock Uncertainty:      0.130ns  ((TSJ^2 + DJ^2)^1/2) / 2 + PE
    Total System Jitter     (TSJ):    0.071ns
    Discrete Jitter          (DJ):    0.250ns
    Phase Error              (PE):    0.000ns
  Clock Net Delay (Source):      1.425ns (routing 0.195ns, distribution 1.230ns)
  Clock Net Delay (Destination): 1.428ns (routing 0.175ns, distribution 1.253ns)

    Location             Delay type                Incr(ns)  Path(ns)    Netlist Resource(s)
  -------------------------------------------------------------------    -------------------
                         (clock clk_pl_0 rise edge)
                                                      0.000     0.000 r  
    PS8_X0Y0             PS8                          0.000     0.000 r  design_1_i/zynq_ultra_ps_e_0/inst/PS8_i/PLCLK[0]
                         net (fo=1, routed)           0.135     0.135    design_1_i/zynq_ultra_ps_e_0/inst/pl_clk_unbuffered[0]
    BUFG_PS_X0Y58        BUFG_PS (Prop_BUFG_PS_I_O)
                                                      0.028     0.163 r  design_1_i/zynq_ultra_ps_e_0/inst/buffer_pl_clk_0.PL_CLK_0_BUFG/O
    X1Y2 (CLOCK_ROOT)    net (fo=29761, routed)       1.425     1.588    design_1_i/reuse_mamba_board_sh_0/inst/u_core/u_core/u_dt_sched/sys_clk
    SLICE_X37Y266        FDRE                                         r  design_1_i/reuse_mamba_board_sh_0/inst/u_core/u_core/u_dt_sched/state_reg[1]/C
  -------------------------------------------------------------------    -------------------
    SLICE_X37Y266        FDRE (Prop_HFF_SLICEM_C_Q)
                                                      0.079     1.667 r  design_1_i/reuse_mamba_board_sh_0/inst/u_core/u_core/u_dt_sched/state_reg[1]/Q
                         net (fo=3067, routed)        1.545     3.212    design_1_i/reuse_mamba_board_sh_0/inst/u_core/u_core/u_dt_sched/state[1]
    SLICE_X31Y302        LUT2 (Prop_A5LUT_SLICEM_I0_O)
                                                      0.070     3.282 r  design_1_i/reuse_mamba_board_sh_0/inst/u_core/u_core/u_dt_sched/dsp_accum0_i_33__3/O
                         net (fo=138, routed)         0.870     4.152    design_1_i/reuse_mamba_board_sh_0/inst/u_core/u_core/u_dt_sched/dsp_accum0_i_33__3_n_0
    SLICE_X39Y292        LUT6 (Prop_F6LUT_SLICEL_I1_O)
                                                      0.097     4.249 f  design_1_i/reuse_mamba_board_sh_0/inst/u_core/u_core/u_dt_sched/dsp_accum0_i_4__5/O
                         net (fo=4, routed)           1.325     5.574    design_1_i/reuse_mamba_board_sh_0/inst/u_core/u_core/u_mgr/u_shared_fabric/u_shared_pipeline/u_pipeline_4array_top/u_array2/ROW[2].COL[2].u_pe/dsp_accum0/B[12]
    DSP48E2_X2Y121       DSP_A_B_DATA (Prop_DSP_A_B_DATA_DSP48E2_B[12]_B2_DATA[12])
                                                      0.151     5.725 r  design_1_i/reuse_mamba_board_sh_0/inst/u_core/u_core/u_mgr/u_shared_fabric/u_shared_pipeline/u_pipeline_4array_top/u_array2/ROW[2].COL[2].u_pe/dsp_accum0/DSP_A_B_DATA_INST/B2_DATA[12]
                         net (fo=1, routed)           0.000     5.725    design_1_i/reuse_mamba_board_sh_0/inst/u_core/u_core/u_mgr/u_shared_fabric/u_shared_pipeline/u_pipeline_4array_top/u_array2/ROW[2].COL[2].u_pe/dsp_accum0/DSP_A_B_DATA.B2_DATA<12>
    DSP48E2_X2Y121       DSP_PREADD_DATA (Prop_DSP_PREADD_DATA_DSP48E2_B2_DATA[12]_B2B1[12])
                                                      0.073     5.798 r  design_1_i/reuse_mamba_board_sh_0/inst/u_core/u_core/u_mgr/u_shared_fabric/u_shared_pipeline/u_pipeline_4array_top/u_array2/ROW[2].COL[2].u_pe/dsp_accum0/DSP_PREADD_DATA_INST/B2B1[12]
                         net (fo=1, routed)           0.000     5.798    design_1_i/reuse_mamba_board_sh_0/inst/u_core/u_core/u_mgr/u_shared_fabric/u_shared_pipeline/u_pipeline_4array_top/u_array2/ROW[2].COL[2].u_pe/dsp_accum0/DSP_PREADD_DATA.B2B1<12>
    DSP48E2_X2Y121       DSP_MULTIPLIER (Prop_DSP_MULTIPLIER_DSP48E2_B2B1[12]_V[15])
                                                      0.609     6.407 f  design_1_i/reuse_mamba_board_sh_0/inst/u_core/u_core/u_mgr/u_shared_fabric/u_shared_pipeline/u_pipeline_4array_top/u_array2/ROW[2].COL[2].u_pe/dsp_accum0/DSP_MULTIPLIER_INST/V[15]
                         net (fo=1, routed)           0.000     6.407    design_1_i/reuse_mamba_board_sh_0/inst/u_core/u_core/u_mgr/u_shared_fabric/u_shared_pipeline/u_pipeline_4array_top/u_array2/ROW[2].COL[2].u_pe/dsp_accum0/DSP_MULTIPLIER.V<15>
    DSP48E2_X2Y121       DSP_M_DATA (Prop_DSP_M_DATA_DSP48E2_V[15]_V_DATA[15])
                                                      0.046     6.453 r  design_1_i/reuse_mamba_board_sh_0/inst/u_core/u_core/u_mgr/u_shared_fabric/u_shared_pipeline/u_pipeline_4array_top/u_array2/ROW[2].COL[2].u_pe/dsp_accum0/DSP_M_DATA_INST/V_DATA[15]
                         net (fo=1, routed)           0.000     6.453    design_1_i/reuse_mamba_board_sh_0/inst/u_core/u_core/u_mgr/u_shared_fabric/u_shared_pipeline/u_pipeline_4array_top/u_array2/ROW[2].COL[2].u_pe/dsp_accum0/DSP_M_DATA.V_DATA<15>
    DSP48E2_X2Y121       DSP_ALU (Prop_DSP_ALU_DSP48E2_V_DATA[15]_ALU_OUT[15])
                                                      0.571     7.024 r  design_1_i/reuse_mamba_board_sh_0/inst/u_core/u_core/u_mgr/u_shared_fabric/u_shared_pipeline/u_pipeline_4array_top/u_array2/ROW[2].COL[2].u_pe/dsp_accum0/DSP_ALU_INST/ALU_OUT[15]
                         net (fo=1, routed)           0.000     7.024    design_1_i/reuse_mamba_board_sh_0/inst/u_core/u_core/u_mgr/u_shared_fabric/u_shared_pipeline/u_pipeline_4array_top/u_array2/ROW[2].COL[2].u_pe/dsp_accum0/DSP_ALU.ALU_OUT<15>
    DSP48E2_X2Y121       DSP_OUTPUT                                   r  design_1_i/reuse_mamba_board_sh_0/inst/u_core/u_core/u_mgr/u_shared_fabric/u_shared_pipeline/u_pipeline_4array_top/u_array2/ROW[2].COL[2].u_pe/dsp_accum0/DSP_OUTPUT_INST/ALU_OUT[15]
  -------------------------------------------------------------------    -------------------

                         (clock clk_pl_0 rise edge)
                                                     10.000    10.000 r  
    PS8_X0Y0             PS8                          0.000    10.000 r  design_1_i/zynq_ultra_ps_e_0/inst/PS8_i/PLCLK[0]
                         net (fo=1, routed)           0.105    10.105    design_1_i/zynq_ultra_ps_e_0/inst/pl_clk_unbuffered[0]
    BUFG_PS_X0Y58        BUFG_PS (Prop_BUFG_PS_I_O)
                                                      0.025    10.130 r  design_1_i/zynq_ultra_ps_e_0/inst/buffer_pl_clk_0.PL_CLK_0_BUFG/O
    X1Y2 (CLOCK_ROOT)    net (fo=29761, routed)       1.428    11.558    design_1_i/reuse_mamba_board_sh_0/inst/u_core/u_core/u_mgr/u_shared_fabric/u_shared_pipeline/u_pipeline_4array_top/u_array2/ROW[2].COL[2].u_pe/dsp_accum0/CLK
    DSP48E2_X2Y121       DSP_OUTPUT                                   r  design_1_i/reuse_mamba_board_sh_0/inst/u_core/u_core/u_mgr/u_shared_fabric/u_shared_pipeline/u_pipeline_4array_top/u_array2/ROW[2].COL[2].u_pe/dsp_accum0/DSP_OUTPUT_INST/CLK
                         clock pessimism              0.080    11.638    
                         clock uncertainty           -0.130    11.508    
    DSP48E2_X2Y121       DSP_OUTPUT (Setup_DSP_OUTPUT_DSP48E2_CLK_ALU_OUT[15])
                                                      0.015    11.523    design_1_i/reuse_mamba_board_sh_0/inst/u_core/u_core/u_mgr/u_shared_fabric/u_shared_pipeline/u_pipeline_4array_top/u_array2/ROW[2].COL[2].u_pe/dsp_accum0/DSP_OUTPUT_INST
  -------------------------------------------------------------------
                         required time                         11.523    
                         arrival time                          -7.024    
  -------------------------------------------------------------------
                         slack                                  4.500    

Slack (MET) :             4.500ns  (required time - arrival time)
  Source:                 design_1_i/reuse_mamba_board_sh_0/inst/u_core/u_core/u_dt_sched/state_reg[1]/C
                            (rising edge-triggered cell FDRE clocked by clk_pl_0  {rise@0.000ns fall@5.000ns period=10.000ns})
  Destination:            design_1_i/reuse_mamba_board_sh_0/inst/u_core/u_core/u_mgr/u_shared_fabric/u_shared_pipeline/u_pipeline_4array_top/u_array2/ROW[2].COL[2].u_pe/dsp_accum0/DSP_OUTPUT_INST/ALU_OUT[16]
                            (rising edge-triggered cell DSP_OUTPUT clocked by clk_pl_0  {rise@0.000ns fall@5.000ns period=10.000ns})
  Path Group:             clk_pl_0
  Path Type:              Setup (Max at Slow Process Corner)
  Requirement:            10.000ns  (clk_pl_0 rise@10.000ns - clk_pl_0 rise@0.000ns)
  Data Path Delay:        5.436ns  (logic 1.696ns (31.202%)  route 3.740ns (68.798%))
  Logic Levels:           7  (DSP_A_B_DATA=1 DSP_ALU=1 DSP_M_DATA=1 DSP_MULTIPLIER=1 DSP_PREADD_DATA=1 LUT2=1 LUT6=1)
  Clock Path Skew:        0.050ns (DCD - SCD + CPR)
    Destination Clock Delay (DCD):    1.558ns = ( 11.558 - 10.000 ) 
    Source Clock Delay      (SCD):    1.588ns
    Clock Pessimism Removal (CPR):    0.080ns
  Clock Uncertainty:      0.130ns  ((TSJ^2 + DJ^2)^1/2) / 2 + PE
    Total System Jitter     (TSJ):    0.071ns
    Discrete Jitter          (DJ):    0.250ns
    Phase Error              (PE):    0.000ns
  Clock Net Delay (Source):      1.425ns (routing 0.195ns, distribution 1.230ns)
  Clock Net Delay (Destination): 1.428ns (routing 0.175ns, distribution 1.253ns)

    Location             Delay type                Incr(ns)  Path(ns)    Netlist Resource(s)
  -------------------------------------------------------------------    -------------------
                         (clock clk_pl_0 rise edge)
                                                      0.000     0.000 r  
    PS8_X0Y0             PS8                          0.000     0.000 r  design_1_i/zynq_ultra_ps_e_0/inst/PS8_i/PLCLK[0]
                         net (fo=1, routed)           0.135     0.135    design_1_i/zynq_ultra_ps_e_0/inst/pl_clk_unbuffered[0]
    BUFG_PS_X0Y58        BUFG_PS (Prop_BUFG_PS_I_O)
                                                      0.028     0.163 r  design_1_i/zynq_ultra_ps_e_0/inst/buffer_pl_clk_0.PL_CLK_0_BUFG/O
    X1Y2 (CLOCK_ROOT)    net (fo=29761, routed)       1.425     1.588    design_1_i/reuse_mamba_board_sh_0/inst/u_core/u_core/u_dt_sched/sys_clk
    SLICE_X37Y266        FDRE                                         r  design_1_i/reuse_mamba_board_sh_0/inst/u_core/u_core/u_dt_sched/state_reg[1]/C
  -------------------------------------------------------------------    -------------------
    SLICE_X37Y266        FDRE (Prop_HFF_SLICEM_C_Q)
                                                      0.079     1.667 r  design_1_i/reuse_mamba_board_sh_0/inst/u_core/u_core/u_dt_sched/state_reg[1]/Q
                         net (fo=3067, routed)        1.545     3.212    design_1_i/reuse_mamba_board_sh_0/inst/u_core/u_core/u_dt_sched/state[1]
    SLICE_X31Y302        LUT2 (Prop_A5LUT_SLICEM_I0_O)
                                                      0.070     3.282 r  design_1_i/reuse_mamba_board_sh_0/inst/u_core/u_core/u_dt_sched/dsp_accum0_i_33__3/O
                         net (fo=138, routed)         0.870     4.152    design_1_i/reuse_mamba_board_sh_0/inst/u_core/u_core/u_dt_sched/dsp_accum0_i_33__3_n_0
    SLICE_X39Y292        LUT6 (Prop_F6LUT_SLICEL_I1_O)
                                                      0.097     4.249 f  design_1_i/reuse_mamba_board_sh_0/inst/u_core/u_core/u_dt_sched/dsp_accum0_i_4__5/O
                         net (fo=4, routed)           1.325     5.574    design_1_i/reuse_mamba_board_sh_0/inst/u_core/u_core/u_mgr/u_shared_fabric/u_shared_pipeline/u_pipeline_4array_top/u_array2/ROW[2].COL[2].u_pe/dsp_accum0/B[12]
    DSP48E2_X2Y121       DSP_A_B_DATA (Prop_DSP_A_B_DATA_DSP48E2_B[12]_B2_DATA[12])
                                                      0.151     5.725 r  design_1_i/reuse_mamba_board_sh_0/inst/u_core/u_core/u_mgr/u_shared_fabric/u_shared_pipeline/u_pipeline_4array_top/u_array2/ROW[2].COL[2].u_pe/dsp_accum0/DSP_A_B_DATA_INST/B2_DATA[12]
                         net (fo=1, routed)           0.000     5.725    design_1_i/reuse_mamba_board_sh_0/inst/u_core/u_core/u_mgr/u_shared_fabric/u_shared_pipeline/u_pipeline_4array_top/u_array2/ROW[2].COL[2].u_pe/dsp_accum0/DSP_A_B_DATA.B2_DATA<12>
    DSP48E2_X2Y121       DSP_PREADD_DATA (Prop_DSP_PREADD_DATA_DSP48E2_B2_DATA[12]_B2B1[12])
                                                      0.073     5.798 r  design_1_i/reuse_mamba_board_sh_0/inst/u_core/u_core/u_mgr/u_shared_fabric/u_shared_pipeline/u_pipeline_4array_top/u_array2/ROW[2].COL[2].u_pe/dsp_accum0/DSP_PREADD_DATA_INST/B2B1[12]
                         net (fo=1, routed)           0.000     5.798    design_1_i/reuse_mamba_board_sh_0/inst/u_core/u_core/u_mgr/u_shared_fabric/u_shared_pipeline/u_pipeline_4array_top/u_array2/ROW[2].COL[2].u_pe/dsp_accum0/DSP_PREADD_DATA.B2B1<12>
    DSP48E2_X2Y121       DSP_MULTIPLIER (Prop_DSP_MULTIPLIER_DSP48E2_B2B1[12]_V[16])
                                                      0.609     6.407 f  design_1_i/reuse_mamba_board_sh_0/inst/u_core/u_core/u_mgr/u_shared_fabric/u_shared_pipeline/u_pipeline_4array_top/u_array2/ROW[2].COL[2].u_pe/dsp_accum0/DSP_MULTIPLIER_INST/V[16]
                         net (fo=1, routed)           0.000     6.407    design_1_i/reuse_mamba_board_sh_0/inst/u_core/u_core/u_mgr/u_shared_fabric/u_shared_pipeline/u_pipeline_4array_top/u_array2/ROW[2].COL[2].u_pe/dsp_accum0/DSP_MULTIPLIER.V<16>
    DSP48E2_X2Y121       DSP_M_DATA (Prop_DSP_M_DATA_DSP48E2_V[16]_V_DATA[16])
                                                      0.046     6.453 r  design_1_i/reuse_mamba_board_sh_0/inst/u_core/u_core/u_mgr/u_shared_fabric/u_shared_pipeline/u_pipeline_4array_top/u_array2/ROW[2].COL[2].u_pe/dsp_accum0/DSP_M_DATA_INST/V_DATA[16]
                         net (fo=1, routed)           0.000     6.453    design_1_i/reuse_mamba_board_sh_0/inst/u_core/u_core/u_mgr/u_shared_fabric/u_shared_pipeline/u_pipeline_4array_top/u_array2/ROW[2].COL[2].u_pe/dsp_accum0/DSP_M_DATA.V_DATA<16>
    DSP48E2_X2Y121       DSP_ALU (Prop_DSP_ALU_DSP48E2_V_DATA[16]_ALU_OUT[16])
                                                      0.571     7.024 r  design_1_i/reuse_mamba_board_sh_0/inst/u_core/u_core/u_mgr/u_shared_fabric/u_shared_pipeline/u_pipeline_4array_top/u_array2/ROW[2].COL[2].u_pe/dsp_accum0/DSP_ALU_INST/ALU_OUT[16]
                         net (fo=1, routed)           0.000     7.024    design_1_i/reuse_mamba_board_sh_0/inst/u_core/u_core/u_mgr/u_shared_fabric/u_shared_pipeline/u_pipeline_4array_top/u_array2/ROW[2].COL[2].u_pe/dsp_accum0/DSP_ALU.ALU_OUT<16>
    DSP48E2_X2Y121       DSP_OUTPUT                                   r  design_1_i/reuse_mamba_board_sh_0/inst/u_core/u_core/u_mgr/u_shared_fabric/u_shared_pipeline/u_pipeline_4array_top/u_array2/ROW[2].COL[2].u_pe/dsp_accum0/DSP_OUTPUT_INST/ALU_OUT[16]
  -------------------------------------------------------------------    -------------------

                         (clock clk_pl_0 rise edge)
                                                     10.000    10.000 r  
    PS8_X0Y0             PS8                          0.000    10.000 r  design_1_i/zynq_ultra_ps_e_0/inst/PS8_i/PLCLK[0]
                         net (fo=1, routed)           0.105    10.105    design_1_i/zynq_ultra_ps_e_0/inst/pl_clk_unbuffered[0]
    BUFG_PS_X0Y58        BUFG_PS (Prop_BUFG_PS_I_O)
                                                      0.025    10.130 r  design_1_i/zynq_ultra_ps_e_0/inst/buffer_pl_clk_0.PL_CLK_0_BUFG/O
    X1Y2 (CLOCK_ROOT)    net (fo=29761, routed)       1.428    11.558    design_1_i/reuse_mamba_board_sh_0/inst/u_core/u_core/u_mgr/u_shared_fabric/u_shared_pipeline/u_pipeline_4array_top/u_array2/ROW[2].COL[2].u_pe/dsp_accum0/CLK
    DSP48E2_X2Y121       DSP_OUTPUT                                   r  design_1_i/reuse_mamba_board_sh_0/inst/u_core/u_core/u_mgr/u_shared_fabric/u_shared_pipeline/u_pipeline_4array_top/u_array2/ROW[2].COL[2].u_pe/dsp_accum0/DSP_OUTPUT_INST/CLK
                         clock pessimism              0.080    11.638    
                         clock uncertainty           -0.130    11.508    
    DSP48E2_X2Y121       DSP_OUTPUT (Setup_DSP_OUTPUT_DSP48E2_CLK_ALU_OUT[16])
                                                      0.015    11.523    design_1_i/reuse_mamba_board_sh_0/inst/u_core/u_core/u_mgr/u_shared_fabric/u_shared_pipeline/u_pipeline_4array_top/u_array2/ROW[2].COL[2].u_pe/dsp_accum0/DSP_OUTPUT_INST
  -------------------------------------------------------------------
                         required time                         11.523    
                         arrival time                          -7.024    
  -------------------------------------------------------------------
                         slack                                  4.500    

Slack (MET) :             4.500ns  (required time - arrival time)
  Source:                 design_1_i/reuse_mamba_board_sh_0/inst/u_core/u_core/u_dt_sched/state_reg[1]/C
                            (rising edge-triggered cell FDRE clocked by clk_pl_0  {rise@0.000ns fall@5.000ns period=10.000ns})
  Destination:            design_1_i/reuse_mamba_board_sh_0/inst/u_core/u_core/u_mgr/u_shared_fabric/u_shared_pipeline/u_pipeline_4array_top/u_array2/ROW[2].COL[2].u_pe/dsp_accum0/DSP_OUTPUT_INST/ALU_OUT[17]
                            (rising edge-triggered cell DSP_OUTPUT clocked by clk_pl_0  {rise@0.000ns fall@5.000ns period=10.000ns})
  Path Group:             clk_pl_0
  Path Type:              Setup (Max at Slow Process Corner)
  Requirement:            10.000ns  (clk_pl_0 rise@10.000ns - clk_pl_0 rise@0.000ns)
  Data Path Delay:        5.436ns  (logic 1.696ns (31.202%)  route 3.740ns (68.798%))
  Logic Levels:           7  (DSP_A_B_DATA=1 DSP_ALU=1 DSP_M_DATA=1 DSP_MULTIPLIER=1 DSP_PREADD_DATA=1 LUT2=1 LUT6=1)
  Clock Path Skew:        0.050ns (DCD - SCD + CPR)
    Destination Clock Delay (DCD):    1.558ns = ( 11.558 - 10.000 ) 
    Source Clock Delay      (SCD):    1.588ns
    Clock Pessimism Removal (CPR):    0.080ns
  Clock Uncertainty:      0.130ns  ((TSJ^2 + DJ^2)^1/2) / 2 + PE
    Total System Jitter     (TSJ):    0.071ns
    Discrete Jitter          (DJ):    0.250ns
    Phase Error              (PE):    0.000ns
  Clock Net Delay (Source):      1.425ns (routing 0.195ns, distribution 1.230ns)
  Clock Net Delay (Destination): 1.428ns (routing 0.175ns, distribution 1.253ns)

    Location             Delay type                Incr(ns)  Path(ns)    Netlist Resource(s)
  -------------------------------------------------------------------    -------------------
                         (clock clk_pl_0 rise edge)
                                                      0.000     0.000 r  
    PS8_X0Y0             PS8                          0.000     0.000 r  design_1_i/zynq_ultra_ps_e_0/inst/PS8_i/PLCLK[0]
                         net (fo=1, routed)           0.135     0.135    design_1_i/zynq_ultra_ps_e_0/inst/pl_clk_unbuffered[0]
    BUFG_PS_X0Y58        BUFG_PS (Prop_BUFG_PS_I_O)
                                                      0.028     0.163 r  design_1_i/zynq_ultra_ps_e_0/inst/buffer_pl_clk_0.PL_CLK_0_BUFG/O
    X1Y2 (CLOCK_ROOT)    net (fo=29761, routed)       1.425     1.588    design_1_i/reuse_mamba_board_sh_0/inst/u_core/u_core/u_dt_sched/sys_clk
    SLICE_X37Y266        FDRE                                         r  design_1_i/reuse_mamba_board_sh_0/inst/u_core/u_core/u_dt_sched/state_reg[1]/C
  -------------------------------------------------------------------    -------------------
    SLICE_X37Y266        FDRE (Prop_HFF_SLICEM_C_Q)
                                                      0.079     1.667 r  design_1_i/reuse_mamba_board_sh_0/inst/u_core/u_core/u_dt_sched/state_reg[1]/Q
                         net (fo=3067, routed)        1.545     3.212    design_1_i/reuse_mamba_board_sh_0/inst/u_core/u_core/u_dt_sched/state[1]
    SLICE_X31Y302        LUT2 (Prop_A5LUT_SLICEM_I0_O)
                                                      0.070     3.282 r  design_1_i/reuse_mamba_board_sh_0/inst/u_core/u_core/u_dt_sched/dsp_accum0_i_33__3/O
                         net (fo=138, routed)         0.870     4.152    design_1_i/reuse_mamba_board_sh_0/inst/u_core/u_core/u_dt_sched/dsp_accum0_i_33__3_n_0
    SLICE_X39Y292        LUT6 (Prop_F6LUT_SLICEL_I1_O)
                                                      0.097     4.249 f  design_1_i/reuse_mamba_board_sh_0/inst/u_core/u_core/u_dt_sched/dsp_accum0_i_4__5/O
                         net (fo=4, routed)           1.325     5.574    design_1_i/reuse_mamba_board_sh_0/inst/u_core/u_core/u_mgr/u_shared_fabric/u_shared_pipeline/u_pipeline_4array_top/u_array2/ROW[2].COL[2].u_pe/dsp_accum0/B[12]
    DSP48E2_X2Y121       DSP_A_B_DATA (Prop_DSP_A_B_DATA_DSP48E2_B[12]_B2_DATA[12])
                                                      0.151     5.725 r  design_1_i/reuse_mamba_board_sh_0/inst/u_core/u_core/u_mgr/u_shared_fabric/u_shared_pipeline/u_pipeline_4array_top/u_array2/ROW[2].COL[2].u_pe/dsp_accum0/DSP_A_B_DATA_INST/B2_DATA[12]
                         net (fo=1, routed)           0.000     5.725    design_1_i/reuse_mamba_board_sh_0/inst/u_core/u_core/u_mgr/u_shared_fabric/u_shared_pipeline/u_pipeline_4array_top/u_array2/ROW[2].COL[2].u_pe/dsp_accum0/DSP_A_B_DATA.B2_DATA<12>
    DSP48E2_X2Y121       DSP_PREADD_DATA (Prop_DSP_PREADD_DATA_DSP48E2_B2_DATA[12]_B2B1[12])
                                                      0.073     5.798 r  design_1_i/reuse_mamba_board_sh_0/inst/u_core/u_core/u_mgr/u_shared_fabric/u_shared_pipeline/u_pipeline_4array_top/u_array2/ROW[2].COL[2].u_pe/dsp_accum0/DSP_PREADD_DATA_INST/B2B1[12]
                         net (fo=1, routed)           0.000     5.798    design_1_i/reuse_mamba_board_sh_0/inst/u_core/u_core/u_mgr/u_shared_fabric/u_shared_pipeline/u_pipeline_4array_top/u_array2/ROW[2].COL[2].u_pe/dsp_accum0/DSP_PREADD_DATA.B2B1<12>
    DSP48E2_X2Y121       DSP_MULTIPLIER (Prop_DSP_MULTIPLIER_DSP48E2_B2B1[12]_V[17])
                                                      0.609     6.407 f  design_1_i/reuse_mamba_board_sh_0/inst/u_core/u_core/u_mgr/u_shared_fabric/u_shared_pipeline/u_pipeline_4array_top/u_array2/ROW[2].COL[2].u_pe/dsp_accum0/DSP_MULTIPLIER_INST/V[17]
                         net (fo=1, routed)           0.000     6.407    design_1_i/reuse_mamba_board_sh_0/inst/u_core/u_core/u_mgr/u_shared_fabric/u_shared_pipeline/u_pipeline_4array_top/u_array2/ROW[2].COL[2].u_pe/dsp_accum0/DSP_MULTIPLIER.V<17>
    DSP48E2_X2Y121       DSP_M_DATA (Prop_DSP_M_DATA_DSP48E2_V[17]_V_DATA[17])
                                                      0.046     6.453 r  design_1_i/reuse_mamba_board_sh_0/inst/u_core/u_core/u_mgr/u_shared_fabric/u_shared_pipeline/u_pipeline_4array_top/u_array2/ROW[2].COL[2].u_pe/dsp_accum0/DSP_M_DATA_INST/V_DATA[17]
                         net (fo=1, routed)           0.000     6.453    design_1_i/reuse_mamba_board_sh_0/inst/u_core/u_core/u_mgr/u_shared_fabric/u_shared_pipeline/u_pipeline_4array_top/u_array2/ROW[2].COL[2].u_pe/dsp_accum0/DSP_M_DATA.V_DATA<17>
    DSP48E2_X2Y121       DSP_ALU (Prop_DSP_ALU_DSP48E2_V_DATA[17]_ALU_OUT[17])
                                                      0.571     7.024 r  design_1_i/reuse_mamba_board_sh_0/inst/u_core/u_core/u_mgr/u_shared_fabric/u_shared_pipeline/u_pipeline_4array_top/u_array2/ROW[2].COL[2].u_pe/dsp_accum0/DSP_ALU_INST/ALU_OUT[17]
                         net (fo=1, routed)           0.000     7.024    design_1_i/reuse_mamba_board_sh_0/inst/u_core/u_core/u_mgr/u_shared_fabric/u_shared_pipeline/u_pipeline_4array_top/u_array2/ROW[2].COL[2].u_pe/dsp_accum0/DSP_ALU.ALU_OUT<17>
    DSP48E2_X2Y121       DSP_OUTPUT                                   r  design_1_i/reuse_mamba_board_sh_0/inst/u_core/u_core/u_mgr/u_shared_fabric/u_shared_pipeline/u_pipeline_4array_top/u_array2/ROW[2].COL[2].u_pe/dsp_accum0/DSP_OUTPUT_INST/ALU_OUT[17]
  -------------------------------------------------------------------    -------------------

                         (clock clk_pl_0 rise edge)
                                                     10.000    10.000 r  
    PS8_X0Y0             PS8                          0.000    10.000 r  design_1_i/zynq_ultra_ps_e_0/inst/PS8_i/PLCLK[0]
                         net (fo=1, routed)           0.105    10.105    design_1_i/zynq_ultra_ps_e_0/inst/pl_clk_unbuffered[0]
    BUFG_PS_X0Y58        BUFG_PS (Prop_BUFG_PS_I_O)
                                                      0.025    10.130 r  design_1_i/zynq_ultra_ps_e_0/inst/buffer_pl_clk_0.PL_CLK_0_BUFG/O
    X1Y2 (CLOCK_ROOT)    net (fo=29761, routed)       1.428    11.558    design_1_i/reuse_mamba_board_sh_0/inst/u_core/u_core/u_mgr/u_shared_fabric/u_shared_pipeline/u_pipeline_4array_top/u_array2/ROW[2].COL[2].u_pe/dsp_accum0/CLK
    DSP48E2_X2Y121       DSP_OUTPUT                                   r  design_1_i/reuse_mamba_board_sh_0/inst/u_core/u_core/u_mgr/u_shared_fabric/u_shared_pipeline/u_pipeline_4array_top/u_array2/ROW[2].COL[2].u_pe/dsp_accum0/DSP_OUTPUT_INST/CLK
                         clock pessimism              0.080    11.638    
                         clock uncertainty           -0.130    11.508    
    DSP48E2_X2Y121       DSP_OUTPUT (Setup_DSP_OUTPUT_DSP48E2_CLK_ALU_OUT[17])
                                                      0.015    11.523    design_1_i/reuse_mamba_board_sh_0/inst/u_core/u_core/u_mgr/u_shared_fabric/u_shared_pipeline/u_pipeline_4array_top/u_array2/ROW[2].COL[2].u_pe/dsp_accum0/DSP_OUTPUT_INST
  -------------------------------------------------------------------
                         required time                         11.523    
                         arrival time                          -7.024    
  -------------------------------------------------------------------
                         slack                                  4.500    

Slack (MET) :             4.500ns  (required time - arrival time)
  Source:                 design_1_i/reuse_mamba_board_sh_0/inst/u_core/u_core/u_dt_sched/state_reg[1]/C
                            (rising edge-triggered cell FDRE clocked by clk_pl_0  {rise@0.000ns fall@5.000ns period=10.000ns})
  Destination:            design_1_i/reuse_mamba_board_sh_0/inst/u_core/u_core/u_mgr/u_shared_fabric/u_shared_pipeline/u_pipeline_4array_top/u_array2/ROW[2].COL[2].u_pe/dsp_accum0/DSP_OUTPUT_INST/ALU_OUT[18]
                            (rising edge-triggered cell DSP_OUTPUT clocked by clk_pl_0  {rise@0.000ns fall@5.000ns period=10.000ns})
  Path Group:             clk_pl_0
  Path Type:              Setup (Max at Slow Process Corner)
  Requirement:            10.000ns  (clk_pl_0 rise@10.000ns - clk_pl_0 rise@0.000ns)
  Data Path Delay:        5.436ns  (logic 1.696ns (31.202%)  route 3.740ns (68.798%))
  Logic Levels:           7  (DSP_A_B_DATA=1 DSP_ALU=1 DSP_M_DATA=1 DSP_MULTIPLIER=1 DSP_PREADD_DATA=1 LUT2=1 LUT6=1)
  Clock Path Skew:        0.050ns (DCD - SCD + CPR)
    Destination Clock Delay (DCD):    1.558ns = ( 11.558 - 10.000 ) 
    Source Clock Delay      (SCD):    1.588ns
    Clock Pessimism Removal (CPR):    0.080ns
  Clock Uncertainty:      0.130ns  ((TSJ^2 + DJ^2)^1/2) / 2 + PE
    Total System Jitter     (TSJ):    0.071ns
    Discrete Jitter          (DJ):    0.250ns
    Phase Error              (PE):    0.000ns
  Clock Net Delay (Source):      1.425ns (routing 0.195ns, distribution 1.230ns)
  Clock Net Delay (Destination): 1.428ns (routing 0.175ns, distribution 1.253ns)

    Location             Delay type                Incr(ns)  Path(ns)    Netlist Resource(s)
  -------------------------------------------------------------------    -------------------
                         (clock clk_pl_0 rise edge)
                                                      0.000     0.000 r  
    PS8_X0Y0             PS8                          0.000     0.000 r  design_1_i/zynq_ultra_ps_e_0/inst/PS8_i/PLCLK[0]
                         net (fo=1, routed)           0.135     0.135    design_1_i/zynq_ultra_ps_e_0/inst/pl_clk_unbuffered[0]
    BUFG_PS_X0Y58        BUFG_PS (Prop_BUFG_PS_I_O)
                                                      0.028     0.163 r  design_1_i/zynq_ultra_ps_e_0/inst/buffer_pl_clk_0.PL_CLK_0_BUFG/O
    X1Y2 (CLOCK_ROOT)    net (fo=29761, routed)       1.425     1.588    design_1_i/reuse_mamba_board_sh_0/inst/u_core/u_core/u_dt_sched/sys_clk
    SLICE_X37Y266        FDRE                                         r  design_1_i/reuse_mamba_board_sh_0/inst/u_core/u_core/u_dt_sched/state_reg[1]/C
  -------------------------------------------------------------------    -------------------
    SLICE_X37Y266        FDRE (Prop_HFF_SLICEM_C_Q)
                                                      0.079     1.667 r  design_1_i/reuse_mamba_board_sh_0/inst/u_core/u_core/u_dt_sched/state_reg[1]/Q
                         net (fo=3067, routed)        1.545     3.212    design_1_i/reuse_mamba_board_sh_0/inst/u_core/u_core/u_dt_sched/state[1]
    SLICE_X31Y302        LUT2 (Prop_A5LUT_SLICEM_I0_O)
                                                      0.070     3.282 r  design_1_i/reuse_mamba_board_sh_0/inst/u_core/u_core/u_dt_sched/dsp_accum0_i_33__3/O
                         net (fo=138, routed)         0.870     4.152    design_1_i/reuse_mamba_board_sh_0/inst/u_core/u_core/u_dt_sched/dsp_accum0_i_33__3_n_0
    SLICE_X39Y292        LUT6 (Prop_F6LUT_SLICEL_I1_O)
                                                      0.097     4.249 f  design_1_i/reuse_mamba_board_sh_0/inst/u_core/u_core/u_dt_sched/dsp_accum0_i_4__5/O
                         net (fo=4, routed)           1.325     5.574    design_1_i/reuse_mamba_board_sh_0/inst/u_core/u_core/u_mgr/u_shared_fabric/u_shared_pipeline/u_pipeline_4array_top/u_array2/ROW[2].COL[2].u_pe/dsp_accum0/B[12]
    DSP48E2_X2Y121       DSP_A_B_DATA (Prop_DSP_A_B_DATA_DSP48E2_B[12]_B2_DATA[12])
                                                      0.151     5.725 r  design_1_i/reuse_mamba_board_sh_0/inst/u_core/u_core/u_mgr/u_shared_fabric/u_shared_pipeline/u_pipeline_4array_top/u_array2/ROW[2].COL[2].u_pe/dsp_accum0/DSP_A_B_DATA_INST/B2_DATA[12]
                         net (fo=1, routed)           0.000     5.725    design_1_i/reuse_mamba_board_sh_0/inst/u_core/u_core/u_mgr/u_shared_fabric/u_shared_pipeline/u_pipeline_4array_top/u_array2/ROW[2].COL[2].u_pe/dsp_accum0/DSP_A_B_DATA.B2_DATA<12>
    DSP48E2_X2Y121       DSP_PREADD_DATA (Prop_DSP_PREADD_DATA_DSP48E2_B2_DATA[12]_B2B1[12])
                                                      0.073     5.798 r  design_1_i/reuse_mamba_board_sh_0/inst/u_core/u_core/u_mgr/u_shared_fabric/u_shared_pipeline/u_pipeline_4array_top/u_array2/ROW[2].COL[2].u_pe/dsp_accum0/DSP_PREADD_DATA_INST/B2B1[12]
                         net (fo=1, routed)           0.000     5.798    design_1_i/reuse_mamba_board_sh_0/inst/u_core/u_core/u_mgr/u_shared_fabric/u_shared_pipeline/u_pipeline_4array_top/u_array2/ROW[2].COL[2].u_pe/dsp_accum0/DSP_PREADD_DATA.B2B1<12>
    DSP48E2_X2Y121       DSP_MULTIPLIER (Prop_DSP_MULTIPLIER_DSP48E2_B2B1[12]_V[18])
                                                      0.609     6.407 f  design_1_i/reuse_mamba_board_sh_0/inst/u_core/u_core/u_mgr/u_shared_fabric/u_shared_pipeline/u_pipeline_4array_top/u_array2/ROW[2].COL[2].u_pe/dsp_accum0/DSP_MULTIPLIER_INST/V[18]
                         net (fo=1, routed)           0.000     6.407    design_1_i/reuse_mamba_board_sh_0/inst/u_core/u_core/u_mgr/u_shared_fabric/u_shared_pipeline/u_pipeline_4array_top/u_array2/ROW[2].COL[2].u_pe/dsp_accum0/DSP_MULTIPLIER.V<18>
    DSP48E2_X2Y121       DSP_M_DATA (Prop_DSP_M_DATA_DSP48E2_V[18]_V_DATA[18])
                                                      0.046     6.453 r  design_1_i/reuse_mamba_board_sh_0/inst/u_core/u_core/u_mgr/u_shared_fabric/u_shared_pipeline/u_pipeline_4array_top/u_array2/ROW[2].COL[2].u_pe/dsp_accum0/DSP_M_DATA_INST/V_DATA[18]
                         net (fo=1, routed)           0.000     6.453    design_1_i/reuse_mamba_board_sh_0/inst/u_core/u_core/u_mgr/u_shared_fabric/u_shared_pipeline/u_pipeline_4array_top/u_array2/ROW[2].COL[2].u_pe/dsp_accum0/DSP_M_DATA.V_DATA<18>
    DSP48E2_X2Y121       DSP_ALU (Prop_DSP_ALU_DSP48E2_V_DATA[18]_ALU_OUT[18])
                                                      0.571     7.024 r  design_1_i/reuse_mamba_board_sh_0/inst/u_core/u_core/u_mgr/u_shared_fabric/u_shared_pipeline/u_pipeline_4array_top/u_array2/ROW[2].COL[2].u_pe/dsp_accum0/DSP_ALU_INST/ALU_OUT[18]
                         net (fo=1, routed)           0.000     7.024    design_1_i/reuse_mamba_board_sh_0/inst/u_core/u_core/u_mgr/u_shared_fabric/u_shared_pipeline/u_pipeline_4array_top/u_array2/ROW[2].COL[2].u_pe/dsp_accum0/DSP_ALU.ALU_OUT<18>
    DSP48E2_X2Y121       DSP_OUTPUT                                   r  design_1_i/reuse_mamba_board_sh_0/inst/u_core/u_core/u_mgr/u_shared_fabric/u_shared_pipeline/u_pipeline_4array_top/u_array2/ROW[2].COL[2].u_pe/dsp_accum0/DSP_OUTPUT_INST/ALU_OUT[18]
  -------------------------------------------------------------------    -------------------

                         (clock clk_pl_0 rise edge)
                                                     10.000    10.000 r  
    PS8_X0Y0             PS8                          0.000    10.000 r  design_1_i/zynq_ultra_ps_e_0/inst/PS8_i/PLCLK[0]
                         net (fo=1, routed)           0.105    10.105    design_1_i/zynq_ultra_ps_e_0/inst/pl_clk_unbuffered[0]
    BUFG_PS_X0Y58        BUFG_PS (Prop_BUFG_PS_I_O)
                                                      0.025    10.130 r  design_1_i/zynq_ultra_ps_e_0/inst/buffer_pl_clk_0.PL_CLK_0_BUFG/O
    X1Y2 (CLOCK_ROOT)    net (fo=29761, routed)       1.428    11.558    design_1_i/reuse_mamba_board_sh_0/inst/u_core/u_core/u_mgr/u_shared_fabric/u_shared_pipeline/u_pipeline_4array_top/u_array2/ROW[2].COL[2].u_pe/dsp_accum0/CLK
    DSP48E2_X2Y121       DSP_OUTPUT                                   r  design_1_i/reuse_mamba_board_sh_0/inst/u_core/u_core/u_mgr/u_shared_fabric/u_shared_pipeline/u_pipeline_4array_top/u_array2/ROW[2].COL[2].u_pe/dsp_accum0/DSP_OUTPUT_INST/CLK
                         clock pessimism              0.080    11.638    
                         clock uncertainty           -0.130    11.508    
    DSP48E2_X2Y121       DSP_OUTPUT (Setup_DSP_OUTPUT_DSP48E2_CLK_ALU_OUT[18])
                                                      0.015    11.523    design_1_i/reuse_mamba_board_sh_0/inst/u_core/u_core/u_mgr/u_shared_fabric/u_shared_pipeline/u_pipeline_4array_top/u_array2/ROW[2].COL[2].u_pe/dsp_accum0/DSP_OUTPUT_INST
  -------------------------------------------------------------------
                         required time                         11.523    
                         arrival time                          -7.024    
  -------------------------------------------------------------------
                         slack                                  4.500    

Slack (MET) :             4.500ns  (required time - arrival time)
  Source:                 design_1_i/reuse_mamba_board_sh_0/inst/u_core/u_core/u_dt_sched/state_reg[1]/C
                            (rising edge-triggered cell FDRE clocked by clk_pl_0  {rise@0.000ns fall@5.000ns period=10.000ns})
  Destination:            design_1_i/reuse_mamba_board_sh_0/inst/u_core/u_core/u_mgr/u_shared_fabric/u_shared_pipeline/u_pipeline_4array_top/u_array2/ROW[2].COL[2].u_pe/dsp_accum0/DSP_OUTPUT_INST/ALU_OUT[19]
                            (rising edge-triggered cell DSP_OUTPUT clocked by clk_pl_0  {rise@0.000ns fall@5.000ns period=10.000ns})
  Path Group:             clk_pl_0
  Path Type:              Setup (Max at Slow Process Corner)
  Requirement:            10.000ns  (clk_pl_0 rise@10.000ns - clk_pl_0 rise@0.000ns)
  Data Path Delay:        5.436ns  (logic 1.696ns (31.202%)  route 3.740ns (68.798%))
  Logic Levels:           7  (DSP_A_B_DATA=1 DSP_ALU=1 DSP_M_DATA=1 DSP_MULTIPLIER=1 DSP_PREADD_DATA=1 LUT2=1 LUT6=1)
  Clock Path Skew:        0.050ns (DCD - SCD + CPR)
    Destination Clock Delay (DCD):    1.558ns = ( 11.558 - 10.000 ) 
    Source Clock Delay      (SCD):    1.588ns
    Clock Pessimism Removal (CPR):    0.080ns
  Clock Uncertainty:      0.130ns  ((TSJ^2 + DJ^2)^1/2) / 2 + PE
    Total System Jitter     (TSJ):    0.071ns
    Discrete Jitter          (DJ):    0.250ns
    Phase Error              (PE):    0.000ns
  Clock Net Delay (Source):      1.425ns (routing 0.195ns, distribution 1.230ns)
  Clock Net Delay (Destination): 1.428ns (routing 0.175ns, distribution 1.253ns)

    Location             Delay type                Incr(ns)  Path(ns)    Netlist Resource(s)
  -------------------------------------------------------------------    -------------------
                         (clock clk_pl_0 rise edge)
                                                      0.000     0.000 r  
    PS8_X0Y0             PS8                          0.000     0.000 r  design_1_i/zynq_ultra_ps_e_0/inst/PS8_i/PLCLK[0]
                         net (fo=1, routed)           0.135     0.135    design_1_i/zynq_ultra_ps_e_0/inst/pl_clk_unbuffered[0]
    BUFG_PS_X0Y58        BUFG_PS (Prop_BUFG_PS_I_O)
                                                      0.028     0.163 r  design_1_i/zynq_ultra_ps_e_0/inst/buffer_pl_clk_0.PL_CLK_0_BUFG/O
    X1Y2 (CLOCK_ROOT)    net (fo=29761, routed)       1.425     1.588    design_1_i/reuse_mamba_board_sh_0/inst/u_core/u_core/u_dt_sched/sys_clk
    SLICE_X37Y266        FDRE                                         r  design_1_i/reuse_mamba_board_sh_0/inst/u_core/u_core/u_dt_sched/state_reg[1]/C
  -------------------------------------------------------------------    -------------------
    SLICE_X37Y266        FDRE (Prop_HFF_SLICEM_C_Q)
                                                      0.079     1.667 r  design_1_i/reuse_mamba_board_sh_0/inst/u_core/u_core/u_dt_sched/state_reg[1]/Q
                         net (fo=3067, routed)        1.545     3.212    design_1_i/reuse_mamba_board_sh_0/inst/u_core/u_core/u_dt_sched/state[1]
    SLICE_X31Y302        LUT2 (Prop_A5LUT_SLICEM_I0_O)
                                                      0.070     3.282 r  design_1_i/reuse_mamba_board_sh_0/inst/u_core/u_core/u_dt_sched/dsp_accum0_i_33__3/O
                         net (fo=138, routed)         0.870     4.152    design_1_i/reuse_mamba_board_sh_0/inst/u_core/u_core/u_dt_sched/dsp_accum0_i_33__3_n_0
    SLICE_X39Y292        LUT6 (Prop_F6LUT_SLICEL_I1_O)
                                                      0.097     4.249 f  design_1_i/reuse_mamba_board_sh_0/inst/u_core/u_core/u_dt_sched/dsp_accum0_i_4__5/O
                         net (fo=4, routed)           1.325     5.574    design_1_i/reuse_mamba_board_sh_0/inst/u_core/u_core/u_mgr/u_shared_fabric/u_shared_pipeline/u_pipeline_4array_top/u_array2/ROW[2].COL[2].u_pe/dsp_accum0/B[12]
    DSP48E2_X2Y121       DSP_A_B_DATA (Prop_DSP_A_B_DATA_DSP48E2_B[12]_B2_DATA[12])
                                                      0.151     5.725 r  design_1_i/reuse_mamba_board_sh_0/inst/u_core/u_core/u_mgr/u_shared_fabric/u_shared_pipeline/u_pipeline_4array_top/u_array2/ROW[2].COL[2].u_pe/dsp_accum0/DSP_A_B_DATA_INST/B2_DATA[12]
                         net (fo=1, routed)           0.000     5.725    design_1_i/reuse_mamba_board_sh_0/inst/u_core/u_core/u_mgr/u_shared_fabric/u_shared_pipeline/u_pipeline_4array_top/u_array2/ROW[2].COL[2].u_pe/dsp_accum0/DSP_A_B_DATA.B2_DATA<12>
    DSP48E2_X2Y121       DSP_PREADD_DATA (Prop_DSP_PREADD_DATA_DSP48E2_B2_DATA[12]_B2B1[12])
                                                      0.073     5.798 r  design_1_i/reuse_mamba_board_sh_0/inst/u_core/u_core/u_mgr/u_shared_fabric/u_shared_pipeline/u_pipeline_4array_top/u_array2/ROW[2].COL[2].u_pe/dsp_accum0/DSP_PREADD_DATA_INST/B2B1[12]
                         net (fo=1, routed)           0.000     5.798    design_1_i/reuse_mamba_board_sh_0/inst/u_core/u_core/u_mgr/u_shared_fabric/u_shared_pipeline/u_pipeline_4array_top/u_array2/ROW[2].COL[2].u_pe/dsp_accum0/DSP_PREADD_DATA.B2B1<12>
    DSP48E2_X2Y121       DSP_MULTIPLIER (Prop_DSP_MULTIPLIER_DSP48E2_B2B1[12]_V[19])
                                                      0.609     6.407 f  design_1_i/reuse_mamba_board_sh_0/inst/u_core/u_core/u_mgr/u_shared_fabric/u_shared_pipeline/u_pipeline_4array_top/u_array2/ROW[2].COL[2].u_pe/dsp_accum0/DSP_MULTIPLIER_INST/V[19]
                         net (fo=1, routed)           0.000     6.407    design_1_i/reuse_mamba_board_sh_0/inst/u_core/u_core/u_mgr/u_shared_fabric/u_shared_pipeline/u_pipeline_4array_top/u_array2/ROW[2].COL[2].u_pe/dsp_accum0/DSP_MULTIPLIER.V<19>
    DSP48E2_X2Y121       DSP_M_DATA (Prop_DSP_M_DATA_DSP48E2_V[19]_V_DATA[19])
                                                      0.046     6.453 r  design_1_i/reuse_mamba_board_sh_0/inst/u_core/u_core/u_mgr/u_shared_fabric/u_shared_pipeline/u_pipeline_4array_top/u_array2/ROW[2].COL[2].u_pe/dsp_accum0/DSP_M_DATA_INST/V_DATA[19]
                         net (fo=1, routed)           0.000     6.453    design_1_i/reuse_mamba_board_sh_0/inst/u_core/u_core/u_mgr/u_shared_fabric/u_shared_pipeline/u_pipeline_4array_top/u_array2/ROW[2].COL[2].u_pe/dsp_accum0/DSP_M_DATA.V_DATA<19>
    DSP48E2_X2Y121       DSP_ALU (Prop_DSP_ALU_DSP48E2_V_DATA[19]_ALU_OUT[19])
                                                      0.571     7.024 r  design_1_i/reuse_mamba_board_sh_0/inst/u_core/u_core/u_mgr/u_shared_fabric/u_shared_pipeline/u_pipeline_4array_top/u_array2/ROW[2].COL[2].u_pe/dsp_accum0/DSP_ALU_INST/ALU_OUT[19]
                         net (fo=1, routed)           0.000     7.024    design_1_i/reuse_mamba_board_sh_0/inst/u_core/u_core/u_mgr/u_shared_fabric/u_shared_pipeline/u_pipeline_4array_top/u_array2/ROW[2].COL[2].u_pe/dsp_accum0/DSP_ALU.ALU_OUT<19>
    DSP48E2_X2Y121       DSP_OUTPUT                                   r  design_1_i/reuse_mamba_board_sh_0/inst/u_core/u_core/u_mgr/u_shared_fabric/u_shared_pipeline/u_pipeline_4array_top/u_array2/ROW[2].COL[2].u_pe/dsp_accum0/DSP_OUTPUT_INST/ALU_OUT[19]
  -------------------------------------------------------------------    -------------------

                         (clock clk_pl_0 rise edge)
                                                     10.000    10.000 r  
    PS8_X0Y0             PS8                          0.000    10.000 r  design_1_i/zynq_ultra_ps_e_0/inst/PS8_i/PLCLK[0]
                         net (fo=1, routed)           0.105    10.105    design_1_i/zynq_ultra_ps_e_0/inst/pl_clk_unbuffered[0]
    BUFG_PS_X0Y58        BUFG_PS (Prop_BUFG_PS_I_O)
                                                      0.025    10.130 r  design_1_i/zynq_ultra_ps_e_0/inst/buffer_pl_clk_0.PL_CLK_0_BUFG/O
    X1Y2 (CLOCK_ROOT)    net (fo=29761, routed)       1.428    11.558    design_1_i/reuse_mamba_board_sh_0/inst/u_core/u_core/u_mgr/u_shared_fabric/u_shared_pipeline/u_pipeline_4array_top/u_array2/ROW[2].COL[2].u_pe/dsp_accum0/CLK
    DSP48E2_X2Y121       DSP_OUTPUT                                   r  design_1_i/reuse_mamba_board_sh_0/inst/u_core/u_core/u_mgr/u_shared_fabric/u_shared_pipeline/u_pipeline_4array_top/u_array2/ROW[2].COL[2].u_pe/dsp_accum0/DSP_OUTPUT_INST/CLK
                         clock pessimism              0.080    11.638    
                         clock uncertainty           -0.130    11.508    
    DSP48E2_X2Y121       DSP_OUTPUT (Setup_DSP_OUTPUT_DSP48E2_CLK_ALU_OUT[19])
                                                      0.015    11.523    design_1_i/reuse_mamba_board_sh_0/inst/u_core/u_core/u_mgr/u_shared_fabric/u_shared_pipeline/u_pipeline_4array_top/u_array2/ROW[2].COL[2].u_pe/dsp_accum0/DSP_OUTPUT_INST
  -------------------------------------------------------------------
                         required time                         11.523    
                         arrival time                          -7.024    
  -------------------------------------------------------------------
                         slack                                  4.500    

Slack (MET) :             4.500ns  (required time - arrival time)
  Source:                 design_1_i/reuse_mamba_board_sh_0/inst/u_core/u_core/u_dt_sched/state_reg[1]/C
                            (rising edge-triggered cell FDRE clocked by clk_pl_0  {rise@0.000ns fall@5.000ns period=10.000ns})
  Destination:            design_1_i/reuse_mamba_board_sh_0/inst/u_core/u_core/u_mgr/u_shared_fabric/u_shared_pipeline/u_pipeline_4array_top/u_array2/ROW[2].COL[2].u_pe/dsp_accum0/DSP_OUTPUT_INST/ALU_OUT[20]
                            (rising edge-triggered cell DSP_OUTPUT clocked by clk_pl_0  {rise@0.000ns fall@5.000ns period=10.000ns})
  Path Group:             clk_pl_0
  Path Type:              Setup (Max at Slow Process Corner)
  Requirement:            10.000ns  (clk_pl_0 rise@10.000ns - clk_pl_0 rise@0.000ns)
  Data Path Delay:        5.436ns  (logic 1.696ns (31.202%)  route 3.740ns (68.798%))
  Logic Levels:           7  (DSP_A_B_DATA=1 DSP_ALU=1 DSP_M_DATA=1 DSP_MULTIPLIER=1 DSP_PREADD_DATA=1 LUT2=1 LUT6=1)
  Clock Path Skew:        0.050ns (DCD - SCD + CPR)
    Destination Clock Delay (DCD):    1.558ns = ( 11.558 - 10.000 ) 
    Source Clock Delay      (SCD):    1.588ns
    Clock Pessimism Removal (CPR):    0.080ns
  Clock Uncertainty:      0.130ns  ((TSJ^2 + DJ^2)^1/2) / 2 + PE
    Total System Jitter     (TSJ):    0.071ns
    Discrete Jitter          (DJ):    0.250ns
    Phase Error              (PE):    0.000ns
  Clock Net Delay (Source):      1.425ns (routing 0.195ns, distribution 1.230ns)
  Clock Net Delay (Destination): 1.428ns (routing 0.175ns, distribution 1.253ns)

    Location             Delay type                Incr(ns)  Path(ns)    Netlist Resource(s)
  -------------------------------------------------------------------    -------------------
                         (clock clk_pl_0 rise edge)
                                                      0.000     0.000 r  
    PS8_X0Y0             PS8                          0.000     0.000 r  design_1_i/zynq_ultra_ps_e_0/inst/PS8_i/PLCLK[0]
                         net (fo=1, routed)           0.135     0.135    design_1_i/zynq_ultra_ps_e_0/inst/pl_clk_unbuffered[0]
    BUFG_PS_X0Y58        BUFG_PS (Prop_BUFG_PS_I_O)
                                                      0.028     0.163 r  design_1_i/zynq_ultra_ps_e_0/inst/buffer_pl_clk_0.PL_CLK_0_BUFG/O
    X1Y2 (CLOCK_ROOT)    net (fo=29761, routed)       1.425     1.588    design_1_i/reuse_mamba_board_sh_0/inst/u_core/u_core/u_dt_sched/sys_clk
    SLICE_X37Y266        FDRE                                         r  design_1_i/reuse_mamba_board_sh_0/inst/u_core/u_core/u_dt_sched/state_reg[1]/C
  -------------------------------------------------------------------    -------------------
    SLICE_X37Y266        FDRE (Prop_HFF_SLICEM_C_Q)
                                                      0.079     1.667 r  design_1_i/reuse_mamba_board_sh_0/inst/u_core/u_core/u_dt_sched/state_reg[1]/Q
                         net (fo=3067, routed)        1.545     3.212    design_1_i/reuse_mamba_board_sh_0/inst/u_core/u_core/u_dt_sched/state[1]
    SLICE_X31Y302        LUT2 (Prop_A5LUT_SLICEM_I0_O)
                                                      0.070     3.282 r  design_1_i/reuse_mamba_board_sh_0/inst/u_core/u_core/u_dt_sched/dsp_accum0_i_33__3/O
                         net (fo=138, routed)         0.870     4.152    design_1_i/reuse_mamba_board_sh_0/inst/u_core/u_core/u_dt_sched/dsp_accum0_i_33__3_n_0
    SLICE_X39Y292        LUT6 (Prop_F6LUT_SLICEL_I1_O)
                                                      0.097     4.249 f  design_1_i/reuse_mamba_board_sh_0/inst/u_core/u_core/u_dt_sched/dsp_accum0_i_4__5/O
                         net (fo=4, routed)           1.325     5.574    design_1_i/reuse_mamba_board_sh_0/inst/u_core/u_core/u_mgr/u_shared_fabric/u_shared_pipeline/u_pipeline_4array_top/u_array2/ROW[2].COL[2].u_pe/dsp_accum0/B[12]
    DSP48E2_X2Y121       DSP_A_B_DATA (Prop_DSP_A_B_DATA_DSP48E2_B[12]_B2_DATA[12])
                                                      0.151     5.725 r  design_1_i/reuse_mamba_board_sh_0/inst/u_core/u_core/u_mgr/u_shared_fabric/u_shared_pipeline/u_pipeline_4array_top/u_array2/ROW[2].COL[2].u_pe/dsp_accum0/DSP_A_B_DATA_INST/B2_DATA[12]
                         net (fo=1, routed)           0.000     5.725    design_1_i/reuse_mamba_board_sh_0/inst/u_core/u_core/u_mgr/u_shared_fabric/u_shared_pipeline/u_pipeline_4array_top/u_array2/ROW[2].COL[2].u_pe/dsp_accum0/DSP_A_B_DATA.B2_DATA<12>
    DSP48E2_X2Y121       DSP_PREADD_DATA (Prop_DSP_PREADD_DATA_DSP48E2_B2_DATA[12]_B2B1[12])
                                                      0.073     5.798 r  design_1_i/reuse_mamba_board_sh_0/inst/u_core/u_core/u_mgr/u_shared_fabric/u_shared_pipeline/u_pipeline_4array_top/u_array2/ROW[2].COL[2].u_pe/dsp_accum0/DSP_PREADD_DATA_INST/B2B1[12]
                         net (fo=1, routed)           0.000     5.798    design_1_i/reuse_mamba_board_sh_0/inst/u_core/u_core/u_mgr/u_shared_fabric/u_shared_pipeline/u_pipeline_4array_top/u_array2/ROW[2].COL[2].u_pe/dsp_accum0/DSP_PREADD_DATA.B2B1<12>
    DSP48E2_X2Y121       DSP_MULTIPLIER (Prop_DSP_MULTIPLIER_DSP48E2_B2B1[12]_V[20])
                                                      0.609     6.407 f  design_1_i/reuse_mamba_board_sh_0/inst/u_core/u_core/u_mgr/u_shared_fabric/u_shared_pipeline/u_pipeline_4array_top/u_array2/ROW[2].COL[2].u_pe/dsp_accum0/DSP_MULTIPLIER_INST/V[20]
                         net (fo=1, routed)           0.000     6.407    design_1_i/reuse_mamba_board_sh_0/inst/u_core/u_core/u_mgr/u_shared_fabric/u_shared_pipeline/u_pipeline_4array_top/u_array2/ROW[2].COL[2].u_pe/dsp_accum0/DSP_MULTIPLIER.V<20>
    DSP48E2_X2Y121       DSP_M_DATA (Prop_DSP_M_DATA_DSP48E2_V[20]_V_DATA[20])
                                                      0.046     6.453 r  design_1_i/reuse_mamba_board_sh_0/inst/u_core/u_core/u_mgr/u_shared_fabric/u_shared_pipeline/u_pipeline_4array_top/u_array2/ROW[2].COL[2].u_pe/dsp_accum0/DSP_M_DATA_INST/V_DATA[20]
                         net (fo=1, routed)           0.000     6.453    design_1_i/reuse_mamba_board_sh_0/inst/u_core/u_core/u_mgr/u_shared_fabric/u_shared_pipeline/u_pipeline_4array_top/u_array2/ROW[2].COL[2].u_pe/dsp_accum0/DSP_M_DATA.V_DATA<20>
    DSP48E2_X2Y121       DSP_ALU (Prop_DSP_ALU_DSP48E2_V_DATA[20]_ALU_OUT[20])
                                                      0.571     7.024 r  design_1_i/reuse_mamba_board_sh_0/inst/u_core/u_core/u_mgr/u_shared_fabric/u_shared_pipeline/u_pipeline_4array_top/u_array2/ROW[2].COL[2].u_pe/dsp_accum0/DSP_ALU_INST/ALU_OUT[20]
                         net (fo=1, routed)           0.000     7.024    design_1_i/reuse_mamba_board_sh_0/inst/u_core/u_core/u_mgr/u_shared_fabric/u_shared_pipeline/u_pipeline_4array_top/u_array2/ROW[2].COL[2].u_pe/dsp_accum0/DSP_ALU.ALU_OUT<20>
    DSP48E2_X2Y121       DSP_OUTPUT                                   r  design_1_i/reuse_mamba_board_sh_0/inst/u_core/u_core/u_mgr/u_shared_fabric/u_shared_pipeline/u_pipeline_4array_top/u_array2/ROW[2].COL[2].u_pe/dsp_accum0/DSP_OUTPUT_INST/ALU_OUT[20]
  -------------------------------------------------------------------    -------------------

                         (clock clk_pl_0 rise edge)
                                                     10.000    10.000 r  
    PS8_X0Y0             PS8                          0.000    10.000 r  design_1_i/zynq_ultra_ps_e_0/inst/PS8_i/PLCLK[0]
                         net (fo=1, routed)           0.105    10.105    design_1_i/zynq_ultra_ps_e_0/inst/pl_clk_unbuffered[0]
    BUFG_PS_X0Y58        BUFG_PS (Prop_BUFG_PS_I_O)
                                                      0.025    10.130 r  design_1_i/zynq_ultra_ps_e_0/inst/buffer_pl_clk_0.PL_CLK_0_BUFG/O
    X1Y2 (CLOCK_ROOT)    net (fo=29761, routed)       1.428    11.558    design_1_i/reuse_mamba_board_sh_0/inst/u_core/u_core/u_mgr/u_shared_fabric/u_shared_pipeline/u_pipeline_4array_top/u_array2/ROW[2].COL[2].u_pe/dsp_accum0/CLK
    DSP48E2_X2Y121       DSP_OUTPUT                                   r  design_1_i/reuse_mamba_board_sh_0/inst/u_core/u_core/u_mgr/u_shared_fabric/u_shared_pipeline/u_pipeline_4array_top/u_array2/ROW[2].COL[2].u_pe/dsp_accum0/DSP_OUTPUT_INST/CLK
                         clock pessimism              0.080    11.638    
                         clock uncertainty           -0.130    11.508    
    DSP48E2_X2Y121       DSP_OUTPUT (Setup_DSP_OUTPUT_DSP48E2_CLK_ALU_OUT[20])
                                                      0.015    11.523    design_1_i/reuse_mamba_board_sh_0/inst/u_core/u_core/u_mgr/u_shared_fabric/u_shared_pipeline/u_pipeline_4array_top/u_array2/ROW[2].COL[2].u_pe/dsp_accum0/DSP_OUTPUT_INST
  -------------------------------------------------------------------
                         required time                         11.523    
                         arrival time                          -7.024    
  -------------------------------------------------------------------
                         slack                                  4.500    

Slack (MET) :             4.500ns  (required time - arrival time)
  Source:                 design_1_i/reuse_mamba_board_sh_0/inst/u_core/u_core/u_dt_sched/state_reg[1]/C
                            (rising edge-triggered cell FDRE clocked by clk_pl_0  {rise@0.000ns fall@5.000ns period=10.000ns})
  Destination:            design_1_i/reuse_mamba_board_sh_0/inst/u_core/u_core/u_mgr/u_shared_fabric/u_shared_pipeline/u_pipeline_4array_top/u_array2/ROW[2].COL[2].u_pe/dsp_accum0/DSP_OUTPUT_INST/ALU_OUT[21]
                            (rising edge-triggered cell DSP_OUTPUT clocked by clk_pl_0  {rise@0.000ns fall@5.000ns period=10.000ns})
  Path Group:             clk_pl_0
  Path Type:              Setup (Max at Slow Process Corner)
  Requirement:            10.000ns  (clk_pl_0 rise@10.000ns - clk_pl_0 rise@0.000ns)
  Data Path Delay:        5.436ns  (logic 1.696ns (31.202%)  route 3.740ns (68.798%))
  Logic Levels:           7  (DSP_A_B_DATA=1 DSP_ALU=1 DSP_M_DATA=1 DSP_MULTIPLIER=1 DSP_PREADD_DATA=1 LUT2=1 LUT6=1)
  Clock Path Skew:        0.050ns (DCD - SCD + CPR)
    Destination Clock Delay (DCD):    1.558ns = ( 11.558 - 10.000 ) 
    Source Clock Delay      (SCD):    1.588ns
    Clock Pessimism Removal (CPR):    0.080ns
  Clock Uncertainty:      0.130ns  ((TSJ^2 + DJ^2)^1/2) / 2 + PE
    Total System Jitter     (TSJ):    0.071ns
    Discrete Jitter          (DJ):    0.250ns
    Phase Error              (PE):    0.000ns
  Clock Net Delay (Source):      1.425ns (routing 0.195ns, distribution 1.230ns)
  Clock Net Delay (Destination): 1.428ns (routing 0.175ns, distribution 1.253ns)

    Location             Delay type                Incr(ns)  Path(ns)    Netlist Resource(s)
  -------------------------------------------------------------------    -------------------
                         (clock clk_pl_0 rise edge)
                                                      0.000     0.000 r  
    PS8_X0Y0             PS8                          0.000     0.000 r  design_1_i/zynq_ultra_ps_e_0/inst/PS8_i/PLCLK[0]
                         net (fo=1, routed)           0.135     0.135    design_1_i/zynq_ultra_ps_e_0/inst/pl_clk_unbuffered[0]
    BUFG_PS_X0Y58        BUFG_PS (Prop_BUFG_PS_I_O)
                                                      0.028     0.163 r  design_1_i/zynq_ultra_ps_e_0/inst/buffer_pl_clk_0.PL_CLK_0_BUFG/O
    X1Y2 (CLOCK_ROOT)    net (fo=29761, routed)       1.425     1.588    design_1_i/reuse_mamba_board_sh_0/inst/u_core/u_core/u_dt_sched/sys_clk
    SLICE_X37Y266        FDRE                                         r  design_1_i/reuse_mamba_board_sh_0/inst/u_core/u_core/u_dt_sched/state_reg[1]/C
  -------------------------------------------------------------------    -------------------
    SLICE_X37Y266        FDRE (Prop_HFF_SLICEM_C_Q)
                                                      0.079     1.667 r  design_1_i/reuse_mamba_board_sh_0/inst/u_core/u_core/u_dt_sched/state_reg[1]/Q
                         net (fo=3067, routed)        1.545     3.212    design_1_i/reuse_mamba_board_sh_0/inst/u_core/u_core/u_dt_sched/state[1]
    SLICE_X31Y302        LUT2 (Prop_A5LUT_SLICEM_I0_O)
                                                      0.070     3.282 r  design_1_i/reuse_mamba_board_sh_0/inst/u_core/u_core/u_dt_sched/dsp_accum0_i_33__3/O
                         net (fo=138, routed)         0.870     4.152    design_1_i/reuse_mamba_board_sh_0/inst/u_core/u_core/u_dt_sched/dsp_accum0_i_33__3_n_0
    SLICE_X39Y292        LUT6 (Prop_F6LUT_SLICEL_I1_O)
                                                      0.097     4.249 f  design_1_i/reuse_mamba_board_sh_0/inst/u_core/u_core/u_dt_sched/dsp_accum0_i_4__5/O
                         net (fo=4, routed)           1.325     5.574    design_1_i/reuse_mamba_board_sh_0/inst/u_core/u_core/u_mgr/u_shared_fabric/u_shared_pipeline/u_pipeline_4array_top/u_array2/ROW[2].COL[2].u_pe/dsp_accum0/B[12]
    DSP48E2_X2Y121       DSP_A_B_DATA (Prop_DSP_A_B_DATA_DSP48E2_B[12]_B2_DATA[12])
                                                      0.151     5.725 r  design_1_i/reuse_mamba_board_sh_0/inst/u_core/u_core/u_mgr/u_shared_fabric/u_shared_pipeline/u_pipeline_4array_top/u_array2/ROW[2].COL[2].u_pe/dsp_accum0/DSP_A_B_DATA_INST/B2_DATA[12]
                         net (fo=1, routed)           0.000     5.725    design_1_i/reuse_mamba_board_sh_0/inst/u_core/u_core/u_mgr/u_shared_fabric/u_shared_pipeline/u_pipeline_4array_top/u_array2/ROW[2].COL[2].u_pe/dsp_accum0/DSP_A_B_DATA.B2_DATA<12>
    DSP48E2_X2Y121       DSP_PREADD_DATA (Prop_DSP_PREADD_DATA_DSP48E2_B2_DATA[12]_B2B1[12])
                                                      0.073     5.798 r  design_1_i/reuse_mamba_board_sh_0/inst/u_core/u_core/u_mgr/u_shared_fabric/u_shared_pipeline/u_pipeline_4array_top/u_array2/ROW[2].COL[2].u_pe/dsp_accum0/DSP_PREADD_DATA_INST/B2B1[12]
                         net (fo=1, routed)           0.000     5.798    design_1_i/reuse_mamba_board_sh_0/inst/u_core/u_core/u_mgr/u_shared_fabric/u_shared_pipeline/u_pipeline_4array_top/u_array2/ROW[2].COL[2].u_pe/dsp_accum0/DSP_PREADD_DATA.B2B1<12>
    DSP48E2_X2Y121       DSP_MULTIPLIER (Prop_DSP_MULTIPLIER_DSP48E2_B2B1[12]_V[21])
                                                      0.609     6.407 f  design_1_i/reuse_mamba_board_sh_0/inst/u_core/u_core/u_mgr/u_shared_fabric/u_shared_pipeline/u_pipeline_4array_top/u_array2/ROW[2].COL[2].u_pe/dsp_accum0/DSP_MULTIPLIER_INST/V[21]
                         net (fo=1, routed)           0.000     6.407    design_1_i/reuse_mamba_board_sh_0/inst/u_core/u_core/u_mgr/u_shared_fabric/u_shared_pipeline/u_pipeline_4array_top/u_array2/ROW[2].COL[2].u_pe/dsp_accum0/DSP_MULTIPLIER.V<21>
    DSP48E2_X2Y121       DSP_M_DATA (Prop_DSP_M_DATA_DSP48E2_V[21]_V_DATA[21])
                                                      0.046     6.453 r  design_1_i/reuse_mamba_board_sh_0/inst/u_core/u_core/u_mgr/u_shared_fabric/u_shared_pipeline/u_pipeline_4array_top/u_array2/ROW[2].COL[2].u_pe/dsp_accum0/DSP_M_DATA_INST/V_DATA[21]
                         net (fo=1, routed)           0.000     6.453    design_1_i/reuse_mamba_board_sh_0/inst/u_core/u_core/u_mgr/u_shared_fabric/u_shared_pipeline/u_pipeline_4array_top/u_array2/ROW[2].COL[2].u_pe/dsp_accum0/DSP_M_DATA.V_DATA<21>
    DSP48E2_X2Y121       DSP_ALU (Prop_DSP_ALU_DSP48E2_V_DATA[21]_ALU_OUT[21])
                                                      0.571     7.024 r  design_1_i/reuse_mamba_board_sh_0/inst/u_core/u_core/u_mgr/u_shared_fabric/u_shared_pipeline/u_pipeline_4array_top/u_array2/ROW[2].COL[2].u_pe/dsp_accum0/DSP_ALU_INST/ALU_OUT[21]
                         net (fo=1, routed)           0.000     7.024    design_1_i/reuse_mamba_board_sh_0/inst/u_core/u_core/u_mgr/u_shared_fabric/u_shared_pipeline/u_pipeline_4array_top/u_array2/ROW[2].COL[2].u_pe/dsp_accum0/DSP_ALU.ALU_OUT<21>
    DSP48E2_X2Y121       DSP_OUTPUT                                   r  design_1_i/reuse_mamba_board_sh_0/inst/u_core/u_core/u_mgr/u_shared_fabric/u_shared_pipeline/u_pipeline_4array_top/u_array2/ROW[2].COL[2].u_pe/dsp_accum0/DSP_OUTPUT_INST/ALU_OUT[21]
  -------------------------------------------------------------------    -------------------

                         (clock clk_pl_0 rise edge)
                                                     10.000    10.000 r  
    PS8_X0Y0             PS8                          0.000    10.000 r  design_1_i/zynq_ultra_ps_e_0/inst/PS8_i/PLCLK[0]
                         net (fo=1, routed)           0.105    10.105    design_1_i/zynq_ultra_ps_e_0/inst/pl_clk_unbuffered[0]
    BUFG_PS_X0Y58        BUFG_PS (Prop_BUFG_PS_I_O)
                                                      0.025    10.130 r  design_1_i/zynq_ultra_ps_e_0/inst/buffer_pl_clk_0.PL_CLK_0_BUFG/O
    X1Y2 (CLOCK_ROOT)    net (fo=29761, routed)       1.428    11.558    design_1_i/reuse_mamba_board_sh_0/inst/u_core/u_core/u_mgr/u_shared_fabric/u_shared_pipeline/u_pipeline_4array_top/u_array2/ROW[2].COL[2].u_pe/dsp_accum0/CLK
    DSP48E2_X2Y121       DSP_OUTPUT                                   r  design_1_i/reuse_mamba_board_sh_0/inst/u_core/u_core/u_mgr/u_shared_fabric/u_shared_pipeline/u_pipeline_4array_top/u_array2/ROW[2].COL[2].u_pe/dsp_accum0/DSP_OUTPUT_INST/CLK
                         clock pessimism              0.080    11.638    
                         clock uncertainty           -0.130    11.508    
    DSP48E2_X2Y121       DSP_OUTPUT (Setup_DSP_OUTPUT_DSP48E2_CLK_ALU_OUT[21])
                                                      0.015    11.523    design_1_i/reuse_mamba_board_sh_0/inst/u_core/u_core/u_mgr/u_shared_fabric/u_shared_pipeline/u_pipeline_4array_top/u_array2/ROW[2].COL[2].u_pe/dsp_accum0/DSP_OUTPUT_INST
  -------------------------------------------------------------------
                         required time                         11.523    
                         arrival time                          -7.024    
  -------------------------------------------------------------------
                         slack                                  4.500    





Min Delay Paths
--------------------------------------------------------------------------------------
Slack (MET) :             0.010ns  (arrival time - required time)
  Source:                 design_1_i/smartconnect_mem/inst/s02_nodes/s02_w_node/inst/inst_mi_handler/gen_normal_area.gen_upsizer.inst_upsizer/gen_w_ch.accum_reg[bytes][13][userdata][2]/C
                            (rising edge-triggered cell FDRE clocked by clk_pl_0  {rise@0.000ns fall@5.000ns period=10.000ns})
  Destination:            design_1_i/smartconnect_mem/inst/s02_nodes/s02_w_node/inst/inst_mi_handler/gen_normal_area.inst_fifo_node_payld/gen_xpm_memory_fifo.inst_fifo/gen_mem_rep[0].inst_xpm_memory/xpm_memory_base_inst/gen_wr_a.gen_word_narrow.mem_reg_0_31_126_139/RAMF/I
                            (rising edge-triggered cell RAMD32 clocked by clk_pl_0  {rise@0.000ns fall@5.000ns period=10.000ns})
  Path Group:             clk_pl_0
  Path Type:              Hold (Min at Slow Process Corner)
  Requirement:            0.000ns  (clk_pl_0 rise@0.000ns - clk_pl_0 rise@0.000ns)
  Data Path Delay:        0.237ns  (logic 0.059ns (24.895%)  route 0.178ns (75.105%))
  Logic Levels:           0  
  Clock Path Skew:        0.149ns (DCD - SCD - CPR)
    Destination Clock Delay (DCD):    1.639ns
    Source Clock Delay      (SCD):    1.363ns
    Clock Pessimism Removal (CPR):    0.127ns
  Clock Net Delay (Source):      1.233ns (routing 0.175ns, distribution 1.058ns)
  Clock Net Delay (Destination): 1.476ns (routing 0.195ns, distribution 1.281ns)

    Location             Delay type                Incr(ns)  Path(ns)    Netlist Resource(s)
  -------------------------------------------------------------------    -------------------
                         (clock clk_pl_0 rise edge)
                                                      0.000     0.000 r  
    PS8_X0Y0             PS8                          0.000     0.000 r  design_1_i/zynq_ultra_ps_e_0/inst/PS8_i/PLCLK[0]
                         net (fo=1, routed)           0.105     0.105    design_1_i/zynq_ultra_ps_e_0/inst/pl_clk_unbuffered[0]
    BUFG_PS_X0Y58        BUFG_PS (Prop_BUFG_PS_I_O)
                                                      0.025     0.130 r  design_1_i/zynq_ultra_ps_e_0/inst/buffer_pl_clk_0.PL_CLK_0_BUFG/O
    X1Y2 (CLOCK_ROOT)    net (fo=29761, routed)       1.233     1.363    design_1_i/smartconnect_mem/inst/s02_nodes/s02_w_node/inst/inst_mi_handler/gen_normal_area.gen_upsizer.inst_upsizer/s_sc_aclk
    SLICE_X43Y8          FDRE                                         r  design_1_i/smartconnect_mem/inst/s02_nodes/s02_w_node/inst/inst_mi_handler/gen_normal_area.gen_upsizer.inst_upsizer/gen_w_ch.accum_reg[bytes][13][userdata][2]/C
  -------------------------------------------------------------------    -------------------
    SLICE_X43Y8          FDRE (Prop_CFF2_SLICEM_C_Q)
                                                      0.059     1.422 r  design_1_i/smartconnect_mem/inst/s02_nodes/s02_w_node/inst/inst_mi_handler/gen_normal_area.gen_upsizer.inst_upsizer/gen_w_ch.accum_reg[bytes][13][userdata][2]/Q
                         net (fo=1, routed)           0.178     1.600    design_1_i/smartconnect_mem/inst/s02_nodes/s02_w_node/inst/inst_mi_handler/gen_normal_area.inst_fifo_node_payld/gen_xpm_memory_fifo.inst_fifo/gen_mem_rep[0].inst_xpm_memory/xpm_memory_base_inst/gen_wr_a.gen_word_narrow.mem_reg_0_31_126_139/DIF0
    SLICE_X41Y9          RAMD32                                       r  design_1_i/smartconnect_mem/inst/s02_nodes/s02_w_node/inst/inst_mi_handler/gen_normal_area.inst_fifo_node_payld/gen_xpm_memory_fifo.inst_fifo/gen_mem_rep[0].inst_xpm_memory/xpm_memory_base_inst/gen_wr_a.gen_word_narrow.mem_reg_0_31_126_139/RAMF/I
  -------------------------------------------------------------------    -------------------

                         (clock clk_pl_0 rise edge)
                                                      0.000     0.000 r  
    PS8_X0Y0             PS8                          0.000     0.000 r  design_1_i/zynq_ultra_ps_e_0/inst/PS8_i/PLCLK[0]
                         net (fo=1, routed)           0.135     0.135    design_1_i/zynq_ultra_ps_e_0/inst/pl_clk_unbuffered[0]
    BUFG_PS_X0Y58        BUFG_PS (Prop_BUFG_PS_I_O)
                                                      0.028     0.163 r  design_1_i/zynq_ultra_ps_e_0/inst/buffer_pl_clk_0.PL_CLK_0_BUFG/O
    X1Y2 (CLOCK_ROOT)    net (fo=29761, routed)       1.476     1.639    design_1_i/smartconnect_mem/inst/s02_nodes/s02_w_node/inst/inst_mi_handler/gen_normal_area.inst_fifo_node_payld/gen_xpm_memory_fifo.inst_fifo/gen_mem_rep[0].inst_xpm_memory/xpm_memory_base_inst/gen_wr_a.gen_word_narrow.mem_reg_0_31_126_139/WCLK
    SLICE_X41Y9          RAMD32                                       r  design_1_i/smartconnect_mem/inst/s02_nodes/s02_w_node/inst/inst_mi_handler/gen_normal_area.inst_fifo_node_payld/gen_xpm_memory_fifo.inst_fifo/gen_mem_rep[0].inst_xpm_memory/xpm_memory_base_inst/gen_wr_a.gen_word_narrow.mem_reg_0_31_126_139/RAMF/CLK
                         clock pessimism             -0.127     1.512    
    SLICE_X41Y9          RAMD32 (Hold_F5LUT_SLICEM_CLK_I)
                                                      0.078     1.590    design_1_i/smartconnect_mem/inst/s02_nodes/s02_w_node/inst/inst_mi_handler/gen_normal_area.inst_fifo_node_payld/gen_xpm_memory_fifo.inst_fifo/gen_mem_rep[0].inst_xpm_memory/xpm_memory_base_inst/gen_wr_a.gen_word_narrow.mem_reg_0_31_126_139/RAMF
  -------------------------------------------------------------------
                         required time                         -1.590    
                         arrival time                           1.600    
  -------------------------------------------------------------------
                         slack                                  0.010    

Slack (MET) :             0.010ns  (arrival time - required time)
  Source:                 design_1_i/smartconnect_mem/inst/s02_nodes/s02_w_node/inst/inst_mi_handler/gen_normal_area.inst_fifo_node_payld/gen_xpm_memory_fifo.inst_fifo/gen_mem_rep[0].inst_xpm_memory/xpm_memory_base_inst/gen_rd_b.gen_rd_b_synth_template.gen_rf_narrow_reg.doutb_reg_reg[159]/C
                            (rising edge-triggered cell FDRE clocked by clk_pl_0  {rise@0.000ns fall@5.000ns period=10.000ns})
  Destination:            design_1_i/smartconnect_mem/inst/switchboards/w_switchboard/inst/gen_mi[0].inst_opipe_payld/gen_pipe[1].pipe_reg[1][159]/D
                            (rising edge-triggered cell FDRE clocked by clk_pl_0  {rise@0.000ns fall@5.000ns period=10.000ns})
  Path Group:             clk_pl_0
  Path Type:              Hold (Min at Slow Process Corner)
  Requirement:            0.000ns  (clk_pl_0 rise@0.000ns - clk_pl_0 rise@0.000ns)
  Data Path Delay:        0.149ns  (logic 0.058ns (38.926%)  route 0.091ns (61.074%))
  Logic Levels:           0  
  Clock Path Skew:        0.077ns (DCD - SCD - CPR)
    Destination Clock Delay (DCD):    1.585ns
    Source Clock Delay      (SCD):    1.380ns
    Clock Pessimism Removal (CPR):    0.127ns
  Clock Net Delay (Source):      1.250ns (routing 0.175ns, distribution 1.075ns)
  Clock Net Delay (Destination): 1.422ns (routing 0.195ns, distribution 1.227ns)

    Location             Delay type                Incr(ns)  Path(ns)    Netlist Resource(s)
  -------------------------------------------------------------------    -------------------
                         (clock clk_pl_0 rise edge)
                                                      0.000     0.000 r  
    PS8_X0Y0             PS8                          0.000     0.000 r  design_1_i/zynq_ultra_ps_e_0/inst/PS8_i/PLCLK[0]
                         net (fo=1, routed)           0.105     0.105    design_1_i/zynq_ultra_ps_e_0/inst/pl_clk_unbuffered[0]
    BUFG_PS_X0Y58        BUFG_PS (Prop_BUFG_PS_I_O)
                                                      0.025     0.130 r  design_1_i/zynq_ultra_ps_e_0/inst/buffer_pl_clk_0.PL_CLK_0_BUFG/O
    X1Y2 (CLOCK_ROOT)    net (fo=29761, routed)       1.250     1.380    design_1_i/smartconnect_mem/inst/s02_nodes/s02_w_node/inst/inst_mi_handler/gen_normal_area.inst_fifo_node_payld/gen_xpm_memory_fifo.inst_fifo/gen_mem_rep[0].inst_xpm_memory/xpm_memory_base_inst/clka
    SLICE_X46Y10         FDRE                                         r  design_1_i/smartconnect_mem/inst/s02_nodes/s02_w_node/inst/inst_mi_handler/gen_normal_area.inst_fifo_node_payld/gen_xpm_memory_fifo.inst_fifo/gen_mem_rep[0].inst_xpm_memory/xpm_memory_base_inst/gen_rd_b.gen_rd_b_synth_template.gen_rf_narrow_reg.doutb_reg_reg[159]/C
  -------------------------------------------------------------------    -------------------
    SLICE_X46Y10         FDRE (Prop_GFF_SLICEM_C_Q)
                                                      0.058     1.438 r  design_1_i/smartconnect_mem/inst/s02_nodes/s02_w_node/inst/inst_mi_handler/gen_normal_area.inst_fifo_node_payld/gen_xpm_memory_fifo.inst_fifo/gen_mem_rep[0].inst_xpm_memory/xpm_memory_base_inst/gen_rd_b.gen_rd_b_synth_template.gen_rf_narrow_reg.doutb_reg_reg[159]/Q
                         net (fo=1, routed)           0.091     1.529    design_1_i/smartconnect_mem/inst/switchboards/w_switchboard/inst/gen_mi[0].inst_opipe_payld/s_sc_payld[147]
    SLICE_X44Y10         FDRE                                         r  design_1_i/smartconnect_mem/inst/switchboards/w_switchboard/inst/gen_mi[0].inst_opipe_payld/gen_pipe[1].pipe_reg[1][159]/D
  -------------------------------------------------------------------    -------------------

                         (clock clk_pl_0 rise edge)
                                                      0.000     0.000 r  
    PS8_X0Y0             PS8                          0.000     0.000 r  design_1_i/zynq_ultra_ps_e_0/inst/PS8_i/PLCLK[0]
                         net (fo=1, routed)           0.135     0.135    design_1_i/zynq_ultra_ps_e_0/inst/pl_clk_unbuffered[0]
    BUFG_PS_X0Y58        BUFG_PS (Prop_BUFG_PS_I_O)
                                                      0.028     0.163 r  design_1_i/zynq_ultra_ps_e_0/inst/buffer_pl_clk_0.PL_CLK_0_BUFG/O
    X1Y2 (CLOCK_ROOT)    net (fo=29761, routed)       1.422     1.585    design_1_i/smartconnect_mem/inst/switchboards/w_switchboard/inst/gen_mi[0].inst_opipe_payld/aclk
    SLICE_X44Y10         FDRE                                         r  design_1_i/smartconnect_mem/inst/switchboards/w_switchboard/inst/gen_mi[0].inst_opipe_payld/gen_pipe[1].pipe_reg[1][159]/C
                         clock pessimism             -0.127     1.457    
    SLICE_X44Y10         FDRE (Hold_EFF2_SLICEM_C_D)
                                                      0.062     1.519    design_1_i/smartconnect_mem/inst/switchboards/w_switchboard/inst/gen_mi[0].inst_opipe_payld/gen_pipe[1].pipe_reg[1][159]
  -------------------------------------------------------------------
                         required time                         -1.519    
                         arrival time                           1.529    
  -------------------------------------------------------------------
                         slack                                  0.010    

Slack (MET) :             0.011ns  (arrival time - required time)
  Source:                 design_1_i/smartconnect_mem/inst/switchboards/aw_switchboard/inst/gen_mi[0].inst_opipe_payld/gen_pipe[1].pipe_reg[1][108]/C
                            (rising edge-triggered cell FDRE clocked by clk_pl_0  {rise@0.000ns fall@5.000ns period=10.000ns})
  Destination:            design_1_i/smartconnect_mem/inst/m00_nodes/m00_aw_node/inst/inst_mi_handler/gen_normal_area.inst_fifo_node_payld/gen_xpm_memory_fifo.inst_fifo/gen_mem_rep[0].inst_xpm_memory/xpm_memory_base_inst/gen_wr_a.gen_word_narrow.mem_reg_0_31_98_111/RAMF/I
                            (rising edge-triggered cell RAMD32 clocked by clk_pl_0  {rise@0.000ns fall@5.000ns period=10.000ns})
  Path Group:             clk_pl_0
  Path Type:              Hold (Min at Slow Process Corner)
  Requirement:            0.000ns  (clk_pl_0 rise@0.000ns - clk_pl_0 rise@0.000ns)
  Data Path Delay:        0.166ns  (logic 0.060ns (36.145%)  route 0.106ns (63.855%))
  Logic Levels:           0  
  Clock Path Skew:        0.077ns (DCD - SCD - CPR)
    Destination Clock Delay (DCD):    1.607ns
    Source Clock Delay      (SCD):    1.355ns
    Clock Pessimism Removal (CPR):    0.174ns
  Clock Net Delay (Source):      1.225ns (routing 0.175ns, distribution 1.050ns)
  Clock Net Delay (Destination): 1.444ns (routing 0.195ns, distribution 1.249ns)

    Location             Delay type                Incr(ns)  Path(ns)    Netlist Resource(s)
  -------------------------------------------------------------------    -------------------
                         (clock clk_pl_0 rise edge)
                                                      0.000     0.000 r  
    PS8_X0Y0             PS8                          0.000     0.000 r  design_1_i/zynq_ultra_ps_e_0/inst/PS8_i/PLCLK[0]
                         net (fo=1, routed)           0.105     0.105    design_1_i/zynq_ultra_ps_e_0/inst/pl_clk_unbuffered[0]
    BUFG_PS_X0Y58        BUFG_PS (Prop_BUFG_PS_I_O)
                                                      0.025     0.130 r  design_1_i/zynq_ultra_ps_e_0/inst/buffer_pl_clk_0.PL_CLK_0_BUFG/O
    X1Y2 (CLOCK_ROOT)    net (fo=29761, routed)       1.225     1.355    design_1_i/smartconnect_mem/inst/switchboards/aw_switchboard/inst/gen_mi[0].inst_opipe_payld/aclk
    SLICE_X43Y19         FDRE                                         r  design_1_i/smartconnect_mem/inst/switchboards/aw_switchboard/inst/gen_mi[0].inst_opipe_payld/gen_pipe[1].pipe_reg[1][108]/C
  -------------------------------------------------------------------    -------------------
    SLICE_X43Y19         FDRE (Prop_FFF2_SLICEM_C_Q)
                                                      0.060     1.415 r  design_1_i/smartconnect_mem/inst/switchboards/aw_switchboard/inst/gen_mi[0].inst_opipe_payld/gen_pipe[1].pipe_reg[1][108]/Q
                         net (fo=1, routed)           0.106     1.521    design_1_i/smartconnect_mem/inst/m00_nodes/m00_aw_node/inst/inst_mi_handler/gen_normal_area.inst_fifo_node_payld/gen_xpm_memory_fifo.inst_fifo/gen_mem_rep[0].inst_xpm_memory/xpm_memory_base_inst/gen_wr_a.gen_word_narrow.mem_reg_0_31_98_111/DIF0
    SLICE_X43Y20         RAMD32                                       r  design_1_i/smartconnect_mem/inst/m00_nodes/m00_aw_node/inst/inst_mi_handler/gen_normal_area.inst_fifo_node_payld/gen_xpm_memory_fifo.inst_fifo/gen_mem_rep[0].inst_xpm_memory/xpm_memory_base_inst/gen_wr_a.gen_word_narrow.mem_reg_0_31_98_111/RAMF/I
  -------------------------------------------------------------------    -------------------

                         (clock clk_pl_0 rise edge)
                                                      0.000     0.000 r  
    PS8_X0Y0             PS8                          0.000     0.000 r  design_1_i/zynq_ultra_ps_e_0/inst/PS8_i/PLCLK[0]
                         net (fo=1, routed)           0.135     0.135    design_1_i/zynq_ultra_ps_e_0/inst/pl_clk_unbuffered[0]
    BUFG_PS_X0Y58        BUFG_PS (Prop_BUFG_PS_I_O)
                                                      0.028     0.163 r  design_1_i/zynq_ultra_ps_e_0/inst/buffer_pl_clk_0.PL_CLK_0_BUFG/O
    X1Y2 (CLOCK_ROOT)    net (fo=29761, routed)       1.444     1.607    design_1_i/smartconnect_mem/inst/m00_nodes/m00_aw_node/inst/inst_mi_handler/gen_normal_area.inst_fifo_node_payld/gen_xpm_memory_fifo.inst_fifo/gen_mem_rep[0].inst_xpm_memory/xpm_memory_base_inst/gen_wr_a.gen_word_narrow.mem_reg_0_31_98_111/WCLK
    SLICE_X43Y20         RAMD32                                       r  design_1_i/smartconnect_mem/inst/m00_nodes/m00_aw_node/inst/inst_mi_handler/gen_normal_area.inst_fifo_node_payld/gen_xpm_memory_fifo.inst_fifo/gen_mem_rep[0].inst_xpm_memory/xpm_memory_base_inst/gen_wr_a.gen_word_narrow.mem_reg_0_31_98_111/RAMF/CLK
                         clock pessimism             -0.174     1.432    
    SLICE_X43Y20         RAMD32 (Hold_F5LUT_SLICEM_CLK_I)
                                                      0.078     1.510    design_1_i/smartconnect_mem/inst/m00_nodes/m00_aw_node/inst/inst_mi_handler/gen_normal_area.inst_fifo_node_payld/gen_xpm_memory_fifo.inst_fifo/gen_mem_rep[0].inst_xpm_memory/xpm_memory_base_inst/gen_wr_a.gen_word_narrow.mem_reg_0_31_98_111/RAMF
  -------------------------------------------------------------------
                         required time                         -1.510    
                         arrival time                           1.521    
  -------------------------------------------------------------------
                         slack                                  0.011    

Slack (MET) :             0.011ns  (arrival time - required time)
  Source:                 design_1_i/smartconnect_mem/inst/switchboards/w_switchboard/inst/gen_mi[0].inst_opipe_payld/gen_pipe[1].pipe_reg[1][40]/C
                            (rising edge-triggered cell FDRE clocked by clk_pl_0  {rise@0.000ns fall@5.000ns period=10.000ns})
  Destination:            design_1_i/smartconnect_mem/inst/m00_nodes/m00_w_node/inst/inst_mi_handler/gen_normal_area.inst_fifo_node_payld/gen_xpm_memory_fifo.inst_fifo/gen_mem_rep[0].inst_xpm_memory/xpm_memory_base_inst/gen_wr_a.gen_word_narrow.mem_reg_0_31_28_41/RAMG/I
                            (rising edge-triggered cell RAMD32 clocked by clk_pl_0  {rise@0.000ns fall@5.000ns period=10.000ns})
  Path Group:             clk_pl_0
  Path Type:              Hold (Min at Slow Process Corner)
  Requirement:            0.000ns  (clk_pl_0 rise@0.000ns - clk_pl_0 rise@0.000ns)
  Data Path Delay:        0.219ns  (logic 0.059ns (26.941%)  route 0.160ns (73.059%))
  Logic Levels:           0  
  Clock Path Skew:        0.130ns (DCD - SCD - CPR)
    Destination Clock Delay (DCD):    1.619ns
    Source Clock Delay      (SCD):    1.361ns
    Clock Pessimism Removal (CPR):    0.127ns
  Clock Net Delay (Source):      1.231ns (routing 0.175ns, distribution 1.056ns)
  Clock Net Delay (Destination): 1.456ns (routing 0.195ns, distribution 1.261ns)

    Location             Delay type                Incr(ns)  Path(ns)    Netlist Resource(s)
  -------------------------------------------------------------------    -------------------
                         (clock clk_pl_0 rise edge)
                                                      0.000     0.000 r  
    PS8_X0Y0             PS8                          0.000     0.000 r  design_1_i/zynq_ultra_ps_e_0/inst/PS8_i/PLCLK[0]
                         net (fo=1, routed)           0.105     0.105    design_1_i/zynq_ultra_ps_e_0/inst/pl_clk_unbuffered[0]
    BUFG_PS_X0Y58        BUFG_PS (Prop_BUFG_PS_I_O)
                                                      0.025     0.130 r  design_1_i/zynq_ultra_ps_e_0/inst/buffer_pl_clk_0.PL_CLK_0_BUFG/O
    X1Y2 (CLOCK_ROOT)    net (fo=29761, routed)       1.231     1.361    design_1_i/smartconnect_mem/inst/switchboards/w_switchboard/inst/gen_mi[0].inst_opipe_payld/aclk
    SLICE_X39Y4          FDRE                                         r  design_1_i/smartconnect_mem/inst/switchboards/w_switchboard/inst/gen_mi[0].inst_opipe_payld/gen_pipe[1].pipe_reg[1][40]/C
  -------------------------------------------------------------------    -------------------
    SLICE_X39Y4          FDRE (Prop_CFF2_SLICEL_C_Q)
                                                      0.059     1.420 r  design_1_i/smartconnect_mem/inst/switchboards/w_switchboard/inst/gen_mi[0].inst_opipe_payld/gen_pipe[1].pipe_reg[1][40]/Q
                         net (fo=1, routed)           0.160     1.580    design_1_i/smartconnect_mem/inst/m00_nodes/m00_w_node/inst/inst_mi_handler/gen_normal_area.inst_fifo_node_payld/gen_xpm_memory_fifo.inst_fifo/gen_mem_rep[0].inst_xpm_memory/xpm_memory_base_inst/gen_wr_a.gen_word_narrow.mem_reg_0_31_28_41/DIG0
    SLICE_X40Y5          RAMD32                                       r  design_1_i/smartconnect_mem/inst/m00_nodes/m00_w_node/inst/inst_mi_handler/gen_normal_area.inst_fifo_node_payld/gen_xpm_memory_fifo.inst_fifo/gen_mem_rep[0].inst_xpm_memory/xpm_memory_base_inst/gen_wr_a.gen_word_narrow.mem_reg_0_31_28_41/RAMG/I
  -------------------------------------------------------------------    -------------------

                         (clock clk_pl_0 rise edge)
                                                      0.000     0.000 r  
    PS8_X0Y0             PS8                          0.000     0.000 r  design_1_i/zynq_ultra_ps_e_0/inst/PS8_i/PLCLK[0]
                         net (fo=1, routed)           0.135     0.135    design_1_i/zynq_ultra_ps_e_0/inst/pl_clk_unbuffered[0]
    BUFG_PS_X0Y58        BUFG_PS (Prop_BUFG_PS_I_O)
                                                      0.028     0.163 r  design_1_i/zynq_ultra_ps_e_0/inst/buffer_pl_clk_0.PL_CLK_0_BUFG/O
    X1Y2 (CLOCK_ROOT)    net (fo=29761, routed)       1.456     1.619    design_1_i/smartconnect_mem/inst/m00_nodes/m00_w_node/inst/inst_mi_handler/gen_normal_area.inst_fifo_node_payld/gen_xpm_memory_fifo.inst_fifo/gen_mem_rep[0].inst_xpm_memory/xpm_memory_base_inst/gen_wr_a.gen_word_narrow.mem_reg_0_31_28_41/WCLK
    SLICE_X40Y5          RAMD32                                       r  design_1_i/smartconnect_mem/inst/m00_nodes/m00_w_node/inst/inst_mi_handler/gen_normal_area.inst_fifo_node_payld/gen_xpm_memory_fifo.inst_fifo/gen_mem_rep[0].inst_xpm_memory/xpm_memory_base_inst/gen_wr_a.gen_word_narrow.mem_reg_0_31_28_41/RAMG/CLK
                         clock pessimism             -0.127     1.491    
    SLICE_X40Y5          RAMD32 (Hold_G5LUT_SLICEM_CLK_I)
                                                      0.078     1.569    design_1_i/smartconnect_mem/inst/m00_nodes/m00_w_node/inst/inst_mi_handler/gen_normal_area.inst_fifo_node_payld/gen_xpm_memory_fifo.inst_fifo/gen_mem_rep[0].inst_xpm_memory/xpm_memory_base_inst/gen_wr_a.gen_word_narrow.mem_reg_0_31_28_41/RAMG
  -------------------------------------------------------------------
                         required time                         -1.569    
                         arrival time                           1.580    
  -------------------------------------------------------------------
                         slack                                  0.011    

Slack (MET) :             0.011ns  (arrival time - required time)
  Source:                 design_1_i/smartconnect_mem/inst/m00_nodes/m00_r_node/inst/inst_mi_handler/gen_normal_area.gen_fifo_req.inst_fifo_req/gen_xpm_memory_fifo.inst_fifo/gen_mem_rep[0].inst_xpm_memory/xpm_memory_base_inst/gen_rd_b.gen_rd_b_synth_template.gen_rf_narrow_reg.doutb_reg_reg[1]/C
                            (rising edge-triggered cell FDRE clocked by clk_pl_0  {rise@0.000ns fall@5.000ns period=10.000ns})
  Destination:            design_1_i/smartconnect_mem/inst/m00_nodes/m00_r_node/inst/inst_mi_handler/gen_normal_area.inst_fifo_send/gen_AB_reg_slice.payld_a_reg[0]/D
                            (rising edge-triggered cell FDRE clocked by clk_pl_0  {rise@0.000ns fall@5.000ns period=10.000ns})
  Path Group:             clk_pl_0
  Path Type:              Hold (Min at Slow Process Corner)
  Requirement:            0.000ns  (clk_pl_0 rise@0.000ns - clk_pl_0 rise@0.000ns)
  Data Path Delay:        0.178ns  (logic 0.058ns (32.584%)  route 0.120ns (67.416%))
  Logic Levels:           0  
  Clock Path Skew:        0.105ns (DCD - SCD - CPR)
    Destination Clock Delay (DCD):    1.565ns
    Source Clock Delay      (SCD):    1.332ns
    Clock Pessimism Removal (CPR):    0.128ns
  Clock Net Delay (Source):      1.202ns (routing 0.175ns, distribution 1.027ns)
  Clock Net Delay (Destination): 1.402ns (routing 0.195ns, distribution 1.207ns)

    Location             Delay type                Incr(ns)  Path(ns)    Netlist Resource(s)
  -------------------------------------------------------------------    -------------------
                         (clock clk_pl_0 rise edge)
                                                      0.000     0.000 r  
    PS8_X0Y0             PS8                          0.000     0.000 r  design_1_i/zynq_ultra_ps_e_0/inst/PS8_i/PLCLK[0]
                         net (fo=1, routed)           0.105     0.105    design_1_i/zynq_ultra_ps_e_0/inst/pl_clk_unbuffered[0]
    BUFG_PS_X0Y58        BUFG_PS (Prop_BUFG_PS_I_O)
                                                      0.025     0.130 r  design_1_i/zynq_ultra_ps_e_0/inst/buffer_pl_clk_0.PL_CLK_0_BUFG/O
    X1Y2 (CLOCK_ROOT)    net (fo=29761, routed)       1.202     1.332    design_1_i/smartconnect_mem/inst/m00_nodes/m00_r_node/inst/inst_mi_handler/gen_normal_area.gen_fifo_req.inst_fifo_req/gen_xpm_memory_fifo.inst_fifo/gen_mem_rep[0].inst_xpm_memory/xpm_memory_base_inst/clka
    SLICE_X43Y30         FDRE                                         r  design_1_i/smartconnect_mem/inst/m00_nodes/m00_r_node/inst/inst_mi_handler/gen_normal_area.gen_fifo_req.inst_fifo_req/gen_xpm_memory_fifo.inst_fifo/gen_mem_rep[0].inst_xpm_memory/xpm_memory_base_inst/gen_rd_b.gen_rd_b_synth_template.gen_rf_narrow_reg.doutb_reg_reg[1]/C
  -------------------------------------------------------------------    -------------------
    SLICE_X43Y30         FDRE (Prop_AFF_SLICEM_C_Q)
                                                      0.058     1.390 r  design_1_i/smartconnect_mem/inst/m00_nodes/m00_r_node/inst/inst_mi_handler/gen_normal_area.gen_fifo_req.inst_fifo_req/gen_xpm_memory_fifo.inst_fifo/gen_mem_rep[0].inst_xpm_memory/xpm_memory_base_inst/gen_rd_b.gen_rd_b_synth_template.gen_rf_narrow_reg.doutb_reg_reg[1]/Q
                         net (fo=2, routed)           0.120     1.510    design_1_i/smartconnect_mem/inst/m00_nodes/m00_r_node/inst/inst_mi_handler/gen_normal_area.inst_fifo_send/D[0]
    SLICE_X44Y30         FDRE                                         r  design_1_i/smartconnect_mem/inst/m00_nodes/m00_r_node/inst/inst_mi_handler/gen_normal_area.inst_fifo_send/gen_AB_reg_slice.payld_a_reg[0]/D
  -------------------------------------------------------------------    -------------------

                         (clock clk_pl_0 rise edge)
                                                      0.000     0.000 r  
    PS8_X0Y0             PS8                          0.000     0.000 r  design_1_i/zynq_ultra_ps_e_0/inst/PS8_i/PLCLK[0]
                         net (fo=1, routed)           0.135     0.135    design_1_i/zynq_ultra_ps_e_0/inst/pl_clk_unbuffered[0]
    BUFG_PS_X0Y58        BUFG_PS (Prop_BUFG_PS_I_O)
                                                      0.028     0.163 r  design_1_i/zynq_ultra_ps_e_0/inst/buffer_pl_clk_0.PL_CLK_0_BUFG/O
    X1Y2 (CLOCK_ROOT)    net (fo=29761, routed)       1.402     1.565    design_1_i/smartconnect_mem/inst/m00_nodes/m00_r_node/inst/inst_mi_handler/gen_normal_area.inst_fifo_send/s_sc_aclk
    SLICE_X44Y30         FDRE                                         r  design_1_i/smartconnect_mem/inst/m00_nodes/m00_r_node/inst/inst_mi_handler/gen_normal_area.inst_fifo_send/gen_AB_reg_slice.payld_a_reg[0]/C
                         clock pessimism             -0.128     1.437    
    SLICE_X44Y30         FDRE (Hold_HFF2_SLICEM_C_D)
                                                      0.062     1.499    design_1_i/smartconnect_mem/inst/m00_nodes/m00_r_node/inst/inst_mi_handler/gen_normal_area.inst_fifo_send/gen_AB_reg_slice.payld_a_reg[0]
  -------------------------------------------------------------------
                         required time                         -1.499    
                         arrival time                           1.510    
  -------------------------------------------------------------------
                         slack                                  0.011    

Slack (MET) :             0.011ns  (arrival time - required time)
  Source:                 design_1_i/smartconnect_mem/inst/switchboards/aw_switchboard/inst/gen_mi[0].inst_opipe_payld/gen_pipe[1].pipe_reg[1][70]/C
                            (rising edge-triggered cell FDRE clocked by clk_pl_0  {rise@0.000ns fall@5.000ns period=10.000ns})
  Destination:            design_1_i/smartconnect_mem/inst/m00_nodes/m00_aw_node/inst/inst_mi_handler/gen_normal_area.inst_fifo_node_payld/gen_xpm_memory_fifo.inst_fifo/gen_mem_rep[0].inst_xpm_memory/xpm_memory_base_inst/gen_wr_a.gen_word_narrow.mem_reg_0_31_70_83/RAMA/I
                            (rising edge-triggered cell RAMD32 clocked by clk_pl_0  {rise@0.000ns fall@5.000ns period=10.000ns})
  Path Group:             clk_pl_0
  Path Type:              Hold (Min at Slow Process Corner)
  Requirement:            0.000ns  (clk_pl_0 rise@0.000ns - clk_pl_0 rise@0.000ns)
  Data Path Delay:        0.183ns  (logic 0.059ns (32.240%)  route 0.124ns (67.760%))
  Logic Levels:           0  
  Clock Path Skew:        0.097ns (DCD - SCD - CPR)
    Destination Clock Delay (DCD):    1.632ns
    Source Clock Delay      (SCD):    1.361ns
    Clock Pessimism Removal (CPR):    0.174ns
  Clock Net Delay (Source):      1.231ns (routing 0.175ns, distribution 1.056ns)
  Clock Net Delay (Destination): 1.469ns (routing 0.195ns, distribution 1.274ns)

    Location             Delay type                Incr(ns)  Path(ns)    Netlist Resource(s)
  -------------------------------------------------------------------    -------------------
                         (clock clk_pl_0 rise edge)
                                                      0.000     0.000 r  
    PS8_X0Y0             PS8                          0.000     0.000 r  design_1_i/zynq_ultra_ps_e_0/inst/PS8_i/PLCLK[0]
                         net (fo=1, routed)           0.105     0.105    design_1_i/zynq_ultra_ps_e_0/inst/pl_clk_unbuffered[0]
    BUFG_PS_X0Y58        BUFG_PS (Prop_BUFG_PS_I_O)
                                                      0.025     0.130 r  design_1_i/zynq_ultra_ps_e_0/inst/buffer_pl_clk_0.PL_CLK_0_BUFG/O
    X1Y2 (CLOCK_ROOT)    net (fo=29761, routed)       1.231     1.361    design_1_i/smartconnect_mem/inst/switchboards/aw_switchboard/inst/gen_mi[0].inst_opipe_payld/aclk
    SLICE_X42Y19         FDRE                                         r  design_1_i/smartconnect_mem/inst/switchboards/aw_switchboard/inst/gen_mi[0].inst_opipe_payld/gen_pipe[1].pipe_reg[1][70]/C
  -------------------------------------------------------------------    -------------------
    SLICE_X42Y19         FDRE (Prop_EFF_SLICEL_C_Q)
                                                      0.059     1.420 r  design_1_i/smartconnect_mem/inst/switchboards/aw_switchboard/inst/gen_mi[0].inst_opipe_payld/gen_pipe[1].pipe_reg[1][70]/Q
                         net (fo=1, routed)           0.124     1.544    design_1_i/smartconnect_mem/inst/m00_nodes/m00_aw_node/inst/inst_mi_handler/gen_normal_area.inst_fifo_node_payld/gen_xpm_memory_fifo.inst_fifo/gen_mem_rep[0].inst_xpm_memory/xpm_memory_base_inst/gen_wr_a.gen_word_narrow.mem_reg_0_31_70_83/DIA0
    SLICE_X41Y18         RAMD32                                       r  design_1_i/smartconnect_mem/inst/m00_nodes/m00_aw_node/inst/inst_mi_handler/gen_normal_area.inst_fifo_node_payld/gen_xpm_memory_fifo.inst_fifo/gen_mem_rep[0].inst_xpm_memory/xpm_memory_base_inst/gen_wr_a.gen_word_narrow.mem_reg_0_31_70_83/RAMA/I
  -------------------------------------------------------------------    -------------------

                         (clock clk_pl_0 rise edge)
                                                      0.000     0.000 r  
    PS8_X0Y0             PS8                          0.000     0.000 r  design_1_i/zynq_ultra_ps_e_0/inst/PS8_i/PLCLK[0]
                         net (fo=1, routed)           0.135     0.135    design_1_i/zynq_ultra_ps_e_0/inst/pl_clk_unbuffered[0]
    BUFG_PS_X0Y58        BUFG_PS (Prop_BUFG_PS_I_O)
                                                      0.028     0.163 r  design_1_i/zynq_ultra_ps_e_0/inst/buffer_pl_clk_0.PL_CLK_0_BUFG/O
    X1Y2 (CLOCK_ROOT)    net (fo=29761, routed)       1.469     1.632    design_1_i/smartconnect_mem/inst/m00_nodes/m00_aw_node/inst/inst_mi_handler/gen_normal_area.inst_fifo_node_payld/gen_xpm_memory_fifo.inst_fifo/gen_mem_rep[0].inst_xpm_memory/xpm_memory_base_inst/gen_wr_a.gen_word_narrow.mem_reg_0_31_70_83/WCLK
    SLICE_X41Y18         RAMD32                                       r  design_1_i/smartconnect_mem/inst/m00_nodes/m00_aw_node/inst/inst_mi_handler/gen_normal_area.inst_fifo_node_payld/gen_xpm_memory_fifo.inst_fifo/gen_mem_rep[0].inst_xpm_memory/xpm_memory_base_inst/gen_wr_a.gen_word_narrow.mem_reg_0_31_70_83/RAMA/CLK
                         clock pessimism             -0.174     1.458    
    SLICE_X41Y18         RAMD32 (Hold_A5LUT_SLICEM_CLK_I)
                                                      0.075     1.533    design_1_i/smartconnect_mem/inst/m00_nodes/m00_aw_node/inst/inst_mi_handler/gen_normal_area.inst_fifo_node_payld/gen_xpm_memory_fifo.inst_fifo/gen_mem_rep[0].inst_xpm_memory/xpm_memory_base_inst/gen_wr_a.gen_word_narrow.mem_reg_0_31_70_83/RAMA
  -------------------------------------------------------------------
                         required time                         -1.533    
                         arrival time                           1.544    
  -------------------------------------------------------------------
                         slack                                  0.011    

Slack (MET) :             0.011ns  (arrival time - required time)
  Source:                 design_1_i/reuse_mamba_board_sh_0/inst/u_core/u_core/u_dt_sched/A2_hold1_reg[2][0][6]/C
                            (rising edge-triggered cell FDRE clocked by clk_pl_0  {rise@0.000ns fall@5.000ns period=10.000ns})
  Destination:            design_1_i/reuse_mamba_board_sh_0/inst/u_core/u_core/u_dt_sched/A2_mat_reg_reg[2][0][6]/D
                            (rising edge-triggered cell FDRE clocked by clk_pl_0  {rise@0.000ns fall@5.000ns period=10.000ns})
  Path Group:             clk_pl_0
  Path Type:              Hold (Min at Slow Process Corner)
  Requirement:            0.000ns  (clk_pl_0 rise@0.000ns - clk_pl_0 rise@0.000ns)
  Data Path Delay:        0.252ns  (logic 0.127ns (50.397%)  route 0.125ns (49.603%))
  Logic Levels:           1  (LUT4=1)
  Clock Path Skew:        0.181ns (DCD - SCD - CPR)
    Destination Clock Delay (DCD):    1.787ns
    Source Clock Delay      (SCD):    1.526ns
    Clock Pessimism Removal (CPR):    0.080ns
  Clock Net Delay (Source):      1.396ns (routing 0.175ns, distribution 1.221ns)
  Clock Net Delay (Destination): 1.624ns (routing 0.195ns, distribution 1.429ns)

    Location             Delay type                Incr(ns)  Path(ns)    Netlist Resource(s)
  -------------------------------------------------------------------    -------------------
                         (clock clk_pl_0 rise edge)
                                                      0.000     0.000 r  
    PS8_X0Y0             PS8                          0.000     0.000 r  design_1_i/zynq_ultra_ps_e_0/inst/PS8_i/PLCLK[0]
                         net (fo=1, routed)           0.105     0.105    design_1_i/zynq_ultra_ps_e_0/inst/pl_clk_unbuffered[0]
    BUFG_PS_X0Y58        BUFG_PS (Prop_BUFG_PS_I_O)
                                                      0.025     0.130 r  design_1_i/zynq_ultra_ps_e_0/inst/buffer_pl_clk_0.PL_CLK_0_BUFG/O
    X1Y2 (CLOCK_ROOT)    net (fo=29761, routed)       1.396     1.526    design_1_i/reuse_mamba_board_sh_0/inst/u_core/u_core/u_dt_sched/sys_clk
    SLICE_X11Y299        FDRE                                         r  design_1_i/reuse_mamba_board_sh_0/inst/u_core/u_core/u_dt_sched/A2_hold1_reg[2][0][6]/C
  -------------------------------------------------------------------    -------------------
    SLICE_X11Y299        FDRE (Prop_DFF2_SLICEM_C_Q)
                                                      0.061     1.587 r  design_1_i/reuse_mamba_board_sh_0/inst/u_core/u_core/u_dt_sched/A2_hold1_reg[2][0][6]/Q
                         net (fo=1, routed)           0.089     1.676    design_1_i/reuse_mamba_board_sh_0/inst/u_core/u_core/u_dt_sched/A2_hold1_reg[2][0]_309[6]
    SLICE_X11Y301        LUT4 (Prop_D6LUT_SLICEM_I3_O)
                                                      0.066     1.742 r  design_1_i/reuse_mamba_board_sh_0/inst/u_core/u_core/u_dt_sched/A2_mat_reg[2][0][6]_i_1__1/O
                         net (fo=1, routed)           0.036     1.778    design_1_i/reuse_mamba_board_sh_0/inst/u_core/u_core/u_dt_sched/A2_mat_reg[2][0][6]_i_1__1_n_0
    SLICE_X11Y301        FDRE                                         r  design_1_i/reuse_mamba_board_sh_0/inst/u_core/u_core/u_dt_sched/A2_mat_reg_reg[2][0][6]/D
  -------------------------------------------------------------------    -------------------

                         (clock clk_pl_0 rise edge)
                                                      0.000     0.000 r  
    PS8_X0Y0             PS8                          0.000     0.000 r  design_1_i/zynq_ultra_ps_e_0/inst/PS8_i/PLCLK[0]
                         net (fo=1, routed)           0.135     0.135    design_1_i/zynq_ultra_ps_e_0/inst/pl_clk_unbuffered[0]
    BUFG_PS_X0Y58        BUFG_PS (Prop_BUFG_PS_I_O)
                                                      0.028     0.163 r  design_1_i/zynq_ultra_ps_e_0/inst/buffer_pl_clk_0.PL_CLK_0_BUFG/O
    X1Y2 (CLOCK_ROOT)    net (fo=29761, routed)       1.624     1.787    design_1_i/reuse_mamba_board_sh_0/inst/u_core/u_core/u_dt_sched/sys_clk
    SLICE_X11Y301        FDRE                                         r  design_1_i/reuse_mamba_board_sh_0/inst/u_core/u_core/u_dt_sched/A2_mat_reg_reg[2][0][6]/C
                         clock pessimism             -0.080     1.707    
    SLICE_X11Y301        FDRE (Hold_DFF_SLICEM_C_D)
                                                      0.060     1.767    design_1_i/reuse_mamba_board_sh_0/inst/u_core/u_core/u_dt_sched/A2_mat_reg_reg[2][0][6]
  -------------------------------------------------------------------
                         required time                         -1.767    
                         arrival time                           1.778    
  -------------------------------------------------------------------
                         slack                                  0.011    

Slack (MET) :             0.011ns  (arrival time - required time)
  Source:                 design_1_i/smartconnect_mem/inst/switchboards/ar_switchboard/inst/gen_mi[0].inst_opipe_payld/gen_pipe[1].pipe_reg[1][72]/C
                            (rising edge-triggered cell FDRE clocked by clk_pl_0  {rise@0.000ns fall@5.000ns period=10.000ns})
  Destination:            design_1_i/smartconnect_mem/inst/m00_nodes/m00_ar_node/inst/inst_mi_handler/gen_normal_area.inst_fifo_node_payld/gen_xpm_memory_fifo.inst_fifo/gen_mem_rep[0].inst_xpm_memory/xpm_memory_base_inst/gen_wr_a.gen_word_narrow.mem_reg_0_31_70_83/RAMB/I
                            (rising edge-triggered cell RAMD32 clocked by clk_pl_0  {rise@0.000ns fall@5.000ns period=10.000ns})
  Path Group:             clk_pl_0
  Path Type:              Hold (Min at Slow Process Corner)
  Requirement:            0.000ns  (clk_pl_0 rise@0.000ns - clk_pl_0 rise@0.000ns)
  Data Path Delay:        0.195ns  (logic 0.059ns (30.256%)  route 0.136ns (69.744%))
  Logic Levels:           0  
  Clock Path Skew:        0.106ns (DCD - SCD - CPR)
    Destination Clock Delay (DCD):    1.590ns
    Source Clock Delay      (SCD):    1.357ns
    Clock Pessimism Removal (CPR):    0.128ns
  Clock Net Delay (Source):      1.227ns (routing 0.175ns, distribution 1.052ns)
  Clock Net Delay (Destination): 1.427ns (routing 0.195ns, distribution 1.232ns)

    Location             Delay type                Incr(ns)  Path(ns)    Netlist Resource(s)
  -------------------------------------------------------------------    -------------------
                         (clock clk_pl_0 rise edge)
                                                      0.000     0.000 r  
    PS8_X0Y0             PS8                          0.000     0.000 r  design_1_i/zynq_ultra_ps_e_0/inst/PS8_i/PLCLK[0]
                         net (fo=1, routed)           0.105     0.105    design_1_i/zynq_ultra_ps_e_0/inst/pl_clk_unbuffered[0]
    BUFG_PS_X0Y58        BUFG_PS (Prop_BUFG_PS_I_O)
                                                      0.025     0.130 r  design_1_i/zynq_ultra_ps_e_0/inst/buffer_pl_clk_0.PL_CLK_0_BUFG/O
    X1Y2 (CLOCK_ROOT)    net (fo=29761, routed)       1.227     1.357    design_1_i/smartconnect_mem/inst/switchboards/ar_switchboard/inst/gen_mi[0].inst_opipe_payld/aclk
    SLICE_X39Y49         FDRE                                         r  design_1_i/smartconnect_mem/inst/switchboards/ar_switchboard/inst/gen_mi[0].inst_opipe_payld/gen_pipe[1].pipe_reg[1][72]/C
  -------------------------------------------------------------------    -------------------
    SLICE_X39Y49         FDRE (Prop_HFF2_SLICEL_C_Q)
                                                      0.059     1.416 r  design_1_i/smartconnect_mem/inst/switchboards/ar_switchboard/inst/gen_mi[0].inst_opipe_payld/gen_pipe[1].pipe_reg[1][72]/Q
                         net (fo=1, routed)           0.136     1.552    design_1_i/smartconnect_mem/inst/m00_nodes/m00_ar_node/inst/inst_mi_handler/gen_normal_area.inst_fifo_node_payld/gen_xpm_memory_fifo.inst_fifo/gen_mem_rep[0].inst_xpm_memory/xpm_memory_base_inst/gen_wr_a.gen_word_narrow.mem_reg_0_31_70_83/DIB0
    SLICE_X40Y49         RAMD32                                       r  design_1_i/smartconnect_mem/inst/m00_nodes/m00_ar_node/inst/inst_mi_handler/gen_normal_area.inst_fifo_node_payld/gen_xpm_memory_fifo.inst_fifo/gen_mem_rep[0].inst_xpm_memory/xpm_memory_base_inst/gen_wr_a.gen_word_narrow.mem_reg_0_31_70_83/RAMB/I
  -------------------------------------------------------------------    -------------------

                         (clock clk_pl_0 rise edge)
                                                      0.000     0.000 r  
    PS8_X0Y0             PS8                          0.000     0.000 r  design_1_i/zynq_ultra_ps_e_0/inst/PS8_i/PLCLK[0]
                         net (fo=1, routed)           0.135     0.135    design_1_i/zynq_ultra_ps_e_0/inst/pl_clk_unbuffered[0]
    BUFG_PS_X0Y58        BUFG_PS (Prop_BUFG_PS_I_O)
                                                      0.028     0.163 r  design_1_i/zynq_ultra_ps_e_0/inst/buffer_pl_clk_0.PL_CLK_0_BUFG/O
    X1Y2 (CLOCK_ROOT)    net (fo=29761, routed)       1.427     1.590    design_1_i/smartconnect_mem/inst/m00_nodes/m00_ar_node/inst/inst_mi_handler/gen_normal_area.inst_fifo_node_payld/gen_xpm_memory_fifo.inst_fifo/gen_mem_rep[0].inst_xpm_memory/xpm_memory_base_inst/gen_wr_a.gen_word_narrow.mem_reg_0_31_70_83/WCLK
    SLICE_X40Y49         RAMD32                                       r  design_1_i/smartconnect_mem/inst/m00_nodes/m00_ar_node/inst/inst_mi_handler/gen_normal_area.inst_fifo_node_payld/gen_xpm_memory_fifo.inst_fifo/gen_mem_rep[0].inst_xpm_memory/xpm_memory_base_inst/gen_wr_a.gen_word_narrow.mem_reg_0_31_70_83/RAMB/CLK
                         clock pessimism             -0.128     1.462    
    SLICE_X40Y49         RAMD32 (Hold_B5LUT_SLICEM_CLK_I)
                                                      0.078     1.540    design_1_i/smartconnect_mem/inst/m00_nodes/m00_ar_node/inst/inst_mi_handler/gen_normal_area.inst_fifo_node_payld/gen_xpm_memory_fifo.inst_fifo/gen_mem_rep[0].inst_xpm_memory/xpm_memory_base_inst/gen_wr_a.gen_word_narrow.mem_reg_0_31_70_83/RAMB
  -------------------------------------------------------------------
                         required time                         -1.540    
                         arrival time                           1.552    
  -------------------------------------------------------------------
                         slack                                  0.011    

Slack (MET) :             0.011ns  (arrival time - required time)
  Source:                 design_1_i/smartconnect_mem/inst/s02_nodes/s02_w_node/inst/inst_mi_handler/gen_normal_area.inst_fifo_node_payld/gen_xpm_memory_fifo.inst_fifo/gen_mem_rep[0].inst_xpm_memory/xpm_memory_base_inst/gen_rd_b.gen_rd_b_synth_template.gen_rf_narrow_reg.doutb_reg_reg[151]/C
                            (rising edge-triggered cell FDRE clocked by clk_pl_0  {rise@0.000ns fall@5.000ns period=10.000ns})
  Destination:            design_1_i/smartconnect_mem/inst/switchboards/w_switchboard/inst/gen_mi[0].inst_opipe_payld/gen_pipe[1].pipe_reg[1][151]/D
                            (rising edge-triggered cell FDRE clocked by clk_pl_0  {rise@0.000ns fall@5.000ns period=10.000ns})
  Path Group:             clk_pl_0
  Path Type:              Hold (Min at Slow Process Corner)
  Requirement:            0.000ns  (clk_pl_0 rise@0.000ns - clk_pl_0 rise@0.000ns)
  Data Path Delay:        0.143ns  (logic 0.057ns (39.860%)  route 0.086ns (60.140%))
  Logic Levels:           0  
  Clock Path Skew:        0.070ns (DCD - SCD - CPR)
    Destination Clock Delay (DCD):    1.575ns
    Source Clock Delay      (SCD):    1.378ns
    Clock Pessimism Removal (CPR):    0.127ns
  Clock Net Delay (Source):      1.248ns (routing 0.175ns, distribution 1.073ns)
  Clock Net Delay (Destination): 1.412ns (routing 0.195ns, distribution 1.217ns)

    Location             Delay type                Incr(ns)  Path(ns)    Netlist Resource(s)
  -------------------------------------------------------------------    -------------------
                         (clock clk_pl_0 rise edge)
                                                      0.000     0.000 r  
    PS8_X0Y0             PS8                          0.000     0.000 r  design_1_i/zynq_ultra_ps_e_0/inst/PS8_i/PLCLK[0]
                         net (fo=1, routed)           0.105     0.105    design_1_i/zynq_ultra_ps_e_0/inst/pl_clk_unbuffered[0]
    BUFG_PS_X0Y58        BUFG_PS (Prop_BUFG_PS_I_O)
                                                      0.025     0.130 r  design_1_i/zynq_ultra_ps_e_0/inst/buffer_pl_clk_0.PL_CLK_0_BUFG/O
    X1Y2 (CLOCK_ROOT)    net (fo=29761, routed)       1.248     1.378    design_1_i/smartconnect_mem/inst/s02_nodes/s02_w_node/inst/inst_mi_handler/gen_normal_area.inst_fifo_node_payld/gen_xpm_memory_fifo.inst_fifo/gen_mem_rep[0].inst_xpm_memory/xpm_memory_base_inst/clka
    SLICE_X41Y6          FDRE                                         r  design_1_i/smartconnect_mem/inst/s02_nodes/s02_w_node/inst/inst_mi_handler/gen_normal_area.inst_fifo_node_payld/gen_xpm_memory_fifo.inst_fifo/gen_mem_rep[0].inst_xpm_memory/xpm_memory_base_inst/gen_rd_b.gen_rd_b_synth_template.gen_rf_narrow_reg.doutb_reg_reg[151]/C
  -------------------------------------------------------------------    -------------------
    SLICE_X41Y6          FDRE (Prop_FFF_SLICEM_C_Q)
                                                      0.057     1.435 r  design_1_i/smartconnect_mem/inst/s02_nodes/s02_w_node/inst/inst_mi_handler/gen_normal_area.inst_fifo_node_payld/gen_xpm_memory_fifo.inst_fifo/gen_mem_rep[0].inst_xpm_memory/xpm_memory_base_inst/gen_rd_b.gen_rd_b_synth_template.gen_rf_narrow_reg.doutb_reg_reg[151]/Q
                         net (fo=1, routed)           0.086     1.521    design_1_i/smartconnect_mem/inst/switchboards/w_switchboard/inst/gen_mi[0].inst_opipe_payld/s_sc_payld[139]
    SLICE_X40Y6          FDRE                                         r  design_1_i/smartconnect_mem/inst/switchboards/w_switchboard/inst/gen_mi[0].inst_opipe_payld/gen_pipe[1].pipe_reg[1][151]/D
  -------------------------------------------------------------------    -------------------

                         (clock clk_pl_0 rise edge)
                                                      0.000     0.000 r  
    PS8_X0Y0             PS8                          0.000     0.000 r  design_1_i/zynq_ultra_ps_e_0/inst/PS8_i/PLCLK[0]
                         net (fo=1, routed)           0.135     0.135    design_1_i/zynq_ultra_ps_e_0/inst/pl_clk_unbuffered[0]
    BUFG_PS_X0Y58        BUFG_PS (Prop_BUFG_PS_I_O)
                                                      0.028     0.163 r  design_1_i/zynq_ultra_ps_e_0/inst/buffer_pl_clk_0.PL_CLK_0_BUFG/O
    X1Y2 (CLOCK_ROOT)    net (fo=29761, routed)       1.412     1.575    design_1_i/smartconnect_mem/inst/switchboards/w_switchboard/inst/gen_mi[0].inst_opipe_payld/aclk
    SLICE_X40Y6          FDRE                                         r  design_1_i/smartconnect_mem/inst/switchboards/w_switchboard/inst/gen_mi[0].inst_opipe_payld/gen_pipe[1].pipe_reg[1][151]/C
                         clock pessimism             -0.127     1.448    
    SLICE_X40Y6          FDRE (Hold_HFF2_SLICEM_C_D)
                                                      0.062     1.510    design_1_i/smartconnect_mem/inst/switchboards/w_switchboard/inst/gen_mi[0].inst_opipe_payld/gen_pipe[1].pipe_reg[1][151]
  -------------------------------------------------------------------
                         required time                         -1.510    
                         arrival time                           1.521    
  -------------------------------------------------------------------
                         slack                                  0.011    

Slack (MET) :             0.012ns  (arrival time - required time)
  Source:                 design_1_i/axi_dma_GY/U0/I_AXI_DMA_REG_MODULE/GEN_MM2S_REGISTERS.I_MM2S_DMA_REGISTER/GEN_REG_FOR_SMPL.buffer_address_i_reg[13]/C
                            (rising edge-triggered cell FDRE clocked by clk_pl_0  {rise@0.000ns fall@5.000ns period=10.000ns})
  Destination:            design_1_i/axi_dma_GY/U0/I_AXI_DMA_REG_MODULE/GEN_AXI_LITE_IF.AXI_LITE_IF_I/GEN_SYNC_READ.s_axi_lite_rdata_reg[13]/D
                            (rising edge-triggered cell FDRE clocked by clk_pl_0  {rise@0.000ns fall@5.000ns period=10.000ns})
  Path Group:             clk_pl_0
  Path Type:              Hold (Min at Slow Process Corner)
  Requirement:            0.000ns  (clk_pl_0 rise@0.000ns - clk_pl_0 rise@0.000ns)
  Data Path Delay:        0.169ns  (logic 0.082ns (48.575%)  route 0.087ns (51.425%))
  Logic Levels:           1  (LUT6=1)
  Clock Path Skew:        0.097ns (DCD - SCD - CPR)
    Destination Clock Delay (DCD):    1.589ns
    Source Clock Delay      (SCD):    1.365ns
    Clock Pessimism Removal (CPR):    0.127ns
  Clock Net Delay (Source):      1.235ns (routing 0.175ns, distribution 1.060ns)
  Clock Net Delay (Destination): 1.426ns (routing 0.195ns, distribution 1.231ns)

    Location             Delay type                Incr(ns)  Path(ns)    Netlist Resource(s)
  -------------------------------------------------------------------    -------------------
                         (clock clk_pl_0 rise edge)
                                                      0.000     0.000 r  
    PS8_X0Y0             PS8                          0.000     0.000 r  design_1_i/zynq_ultra_ps_e_0/inst/PS8_i/PLCLK[0]
                         net (fo=1, routed)           0.105     0.105    design_1_i/zynq_ultra_ps_e_0/inst/pl_clk_unbuffered[0]
    BUFG_PS_X0Y58        BUFG_PS (Prop_BUFG_PS_I_O)
                                                      0.025     0.130 r  design_1_i/zynq_ultra_ps_e_0/inst/buffer_pl_clk_0.PL_CLK_0_BUFG/O
    X1Y2 (CLOCK_ROOT)    net (fo=29761, routed)       1.235     1.365    design_1_i/axi_dma_GY/U0/I_AXI_DMA_REG_MODULE/GEN_MM2S_REGISTERS.I_MM2S_DMA_REGISTER/s_axi_lite_aclk
    SLICE_X52Y46         FDRE                                         r  design_1_i/axi_dma_GY/U0/I_AXI_DMA_REG_MODULE/GEN_MM2S_REGISTERS.I_MM2S_DMA_REGISTER/GEN_REG_FOR_SMPL.buffer_address_i_reg[13]/C
  -------------------------------------------------------------------    -------------------
    SLICE_X52Y46         FDRE (Prop_GFF2_SLICEM_C_Q)
                                                      0.060     1.425 r  design_1_i/axi_dma_GY/U0/I_AXI_DMA_REG_MODULE/GEN_MM2S_REGISTERS.I_MM2S_DMA_REGISTER/GEN_REG_FOR_SMPL.buffer_address_i_reg[13]/Q
                         net (fo=2, routed)           0.065     1.489    design_1_i/axi_dma_GY/U0/I_AXI_DMA_REG_MODULE/GEN_AXI_LITE_IF.AXI_LITE_IF_I/GEN_SYNC_READ.s_axi_lite_rdata_reg[31]_2[10]
    SLICE_X51Y46         LUT6 (Prop_D6LUT_SLICEL_I4_O)
                                                      0.022     1.511 r  design_1_i/axi_dma_GY/U0/I_AXI_DMA_REG_MODULE/GEN_AXI_LITE_IF.AXI_LITE_IF_I/GEN_SYNC_READ.s_axi_lite_rdata[13]_i_1/O
                         net (fo=1, routed)           0.022     1.533    design_1_i/axi_dma_GY/U0/I_AXI_DMA_REG_MODULE/GEN_AXI_LITE_IF.AXI_LITE_IF_I/ip2axi_rddata1_out[13]
    SLICE_X51Y46         FDRE                                         r  design_1_i/axi_dma_GY/U0/I_AXI_DMA_REG_MODULE/GEN_AXI_LITE_IF.AXI_LITE_IF_I/GEN_SYNC_READ.s_axi_lite_rdata_reg[13]/D
  -------------------------------------------------------------------    -------------------

                         (clock clk_pl_0 rise edge)
                                                      0.000     0.000 r  
    PS8_X0Y0             PS8                          0.000     0.000 r  design_1_i/zynq_ultra_ps_e_0/inst/PS8_i/PLCLK[0]
                         net (fo=1, routed)           0.135     0.135    design_1_i/zynq_ultra_ps_e_0/inst/pl_clk_unbuffered[0]
    BUFG_PS_X0Y58        BUFG_PS (Prop_BUFG_PS_I_O)
                                                      0.028     0.163 r  design_1_i/zynq_ultra_ps_e_0/inst/buffer_pl_clk_0.PL_CLK_0_BUFG/O
    X1Y2 (CLOCK_ROOT)    net (fo=29761, routed)       1.426     1.589    design_1_i/axi_dma_GY/U0/I_AXI_DMA_REG_MODULE/GEN_AXI_LITE_IF.AXI_LITE_IF_I/s_axi_lite_aclk
    SLICE_X51Y46         FDRE                                         r  design_1_i/axi_dma_GY/U0/I_AXI_DMA_REG_MODULE/GEN_AXI_LITE_IF.AXI_LITE_IF_I/GEN_SYNC_READ.s_axi_lite_rdata_reg[13]/C
                         clock pessimism             -0.127     1.462    
    SLICE_X51Y46         FDRE (Hold_DFF_SLICEL_C_D)
                                                      0.060     1.522    design_1_i/axi_dma_GY/U0/I_AXI_DMA_REG_MODULE/GEN_AXI_LITE_IF.AXI_LITE_IF_I/GEN_SYNC_READ.s_axi_lite_rdata_reg[13]
  -------------------------------------------------------------------
                         required time                         -1.522    
                         arrival time                           1.533    
  -------------------------------------------------------------------
                         slack                                  0.012    





Pulse Width Checks
--------------------------------------------------------------------------------------
Clock Name:         clk_pl_0
Waveform(ns):       { 0.000 5.000 }
Period(ns):         10.000
Sources:            { design_1_i/zynq_ultra_ps_e_0/inst/PS8_i/PLCLK[0] }

Check Type        Corner  Lib Pin             Reference Pin  Required(ns)  Actual(ns)  Slack(ns)  Location      Pin
Min Period        n/a     PS8/MAXIGP0ACLK     n/a            3.000         10.000      7.000      PS8_X0Y0      design_1_i/zynq_ultra_ps_e_0/inst/PS8_i/MAXIGP0ACLK
Min Period        n/a     PS8/SAXIGP2RCLK     n/a            3.000         10.000      7.000      PS8_X0Y0      design_1_i/zynq_ultra_ps_e_0/inst/PS8_i/SAXIGP2RCLK
Min Period        n/a     PS8/SAXIGP2WCLK     n/a            3.000         10.000      7.000      PS8_X0Y0      design_1_i/zynq_ultra_ps_e_0/inst/PS8_i/SAXIGP2WCLK
Min Period        n/a     RAMB36E2/CLKBWRCLK  n/a            1.569         10.000      8.431      RAMB36_X4Y52  design_1_i/reuse_mamba_board_sh_0/inst/u_core/u_core/u_in_proj/u_h_sram/u_ht_ip/u_copy0/U0/inst_blk_mem_gen/gnbram.gnativebmg.native_blk_mem_gen/valid.cstr/ramloop[0].ram.r/prim_noinit.ram/DEVICE_8SERIES.NO_BMM_INFO.TRUE_DP.SIMPLE_PRIM36.ram/CLKBWRCLK
Min Period        n/a     RAMB36E2/CLKBWRCLK  n/a            1.569         10.000      8.431      RAMB36_X5Y55  design_1_i/reuse_mamba_board_sh_0/inst/u_core/u_core/u_in_proj/u_h_sram/u_ht_ip/u_copy0/U0/inst_blk_mem_gen/gnbram.gnativebmg.native_blk_mem_gen/valid.cstr/ramloop[1].ram.r/prim_noinit.ram/DEVICE_8SERIES.NO_BMM_INFO.TRUE_DP.SIMPLE_PRIM36.ram/CLKBWRCLK
Min Period        n/a     RAMB36E2/CLKBWRCLK  n/a            1.569         10.000      8.431      RAMB36_X5Y56  design_1_i/reuse_mamba_board_sh_0/inst/u_core/u_core/u_in_proj/u_h_sram/u_ht_ip/u_copy1/U0/inst_blk_mem_gen/gnbram.gnativebmg.native_blk_mem_gen/valid.cstr/ramloop[0].ram.r/prim_noinit.ram/DEVICE_8SERIES.NO_BMM_INFO.TRUE_DP.SIMPLE_PRIM36.ram/CLKBWRCLK
Min Period        n/a     RAMB36E2/CLKBWRCLK  n/a            1.569         10.000      8.431      RAMB36_X5Y58  design_1_i/reuse_mamba_board_sh_0/inst/u_core/u_core/u_in_proj/u_h_sram/u_ht_ip/u_copy1/U0/inst_blk_mem_gen/gnbram.gnativebmg.native_blk_mem_gen/valid.cstr/ramloop[1].ram.r/prim_noinit.ram/DEVICE_8SERIES.NO_BMM_INFO.TRUE_DP.SIMPLE_PRIM36.ram/CLKBWRCLK
Min Period        n/a     RAMB36E2/CLKBWRCLK  n/a            1.569         10.000      8.431      RAMB36_X4Y57  design_1_i/reuse_mamba_board_sh_0/inst/u_core/u_core/u_in_proj/u_h_sram/u_ht_ip/u_copy2/U0/inst_blk_mem_gen/gnbram.gnativebmg.native_blk_mem_gen/valid.cstr/ramloop[0].ram.r/prim_noinit.ram/DEVICE_8SERIES.NO_BMM_INFO.TRUE_DP.SIMPLE_PRIM36.ram/CLKBWRCLK
Min Period        n/a     RAMB36E2/CLKBWRCLK  n/a            1.569         10.000      8.431      RAMB36_X5Y59  design_1_i/reuse_mamba_board_sh_0/inst/u_core/u_core/u_in_proj/u_h_sram/u_ht_ip/u_copy2/U0/inst_blk_mem_gen/gnbram.gnativebmg.native_blk_mem_gen/valid.cstr/ramloop[1].ram.r/prim_noinit.ram/DEVICE_8SERIES.NO_BMM_INFO.TRUE_DP.SIMPLE_PRIM36.ram/CLKBWRCLK
Min Period        n/a     RAMB36E2/CLKBWRCLK  n/a            1.569         10.000      8.431      RAMB36_X4Y58  design_1_i/reuse_mamba_board_sh_0/inst/u_core/u_core/u_in_proj/u_h_sram/u_ht_ip/u_copy3/U0/inst_blk_mem_gen/gnbram.gnativebmg.native_blk_mem_gen/valid.cstr/ramloop[0].ram.r/prim_noinit.ram/DEVICE_8SERIES.NO_BMM_INFO.TRUE_DP.SIMPLE_PRIM36.ram/CLKBWRCLK
Low Pulse Width   Slow    PS8/MAXIGP0ACLK     n/a            1.500         5.000       3.500      PS8_X0Y0      design_1_i/zynq_ultra_ps_e_0/inst/PS8_i/MAXIGP0ACLK
Low Pulse Width   Fast    PS8/MAXIGP0ACLK     n/a            1.500         5.000       3.500      PS8_X0Y0      design_1_i/zynq_ultra_ps_e_0/inst/PS8_i/MAXIGP0ACLK
Low Pulse Width   Slow    PS8/SAXIGP2RCLK     n/a            1.500         5.000       3.500      PS8_X0Y0      design_1_i/zynq_ultra_ps_e_0/inst/PS8_i/SAXIGP2RCLK
Low Pulse Width   Fast    PS8/SAXIGP2RCLK     n/a            1.500         5.000       3.500      PS8_X0Y0      design_1_i/zynq_ultra_ps_e_0/inst/PS8_i/SAXIGP2RCLK
Low Pulse Width   Slow    PS8/SAXIGP2WCLK     n/a            1.500         5.000       3.500      PS8_X0Y0      design_1_i/zynq_ultra_ps_e_0/inst/PS8_i/SAXIGP2WCLK
Low Pulse Width   Fast    PS8/SAXIGP2WCLK     n/a            1.500         5.000       3.500      PS8_X0Y0      design_1_i/zynq_ultra_ps_e_0/inst/PS8_i/SAXIGP2WCLK
Low Pulse Width   Slow    RAMB36E2/CLKARDCLK  n/a            0.542         5.000       4.458      RAMB36_X5Y10  design_1_i/axi_dma_GY/U0/I_PRMRY_DATAMOVER/GEN_MM2S_FULL.I_MM2S_FULL_WRAPPER/GEN_INCLUDE_MM2S_SF.I_RD_SF/I_DATA_FIFO/BLK_MEM.I_SYNC_FIFOGEN_FIFO/xpm_fifo_instance.xpm_fifo_sync_inst/xpm_fifo_base_inst/gen_sdpram.xpm_memory_base_inst/gen_wr_a.gen_word_narrow.mem_reg_0/CLKARDCLK
Low Pulse Width   Fast    RAMB36E2/CLKARDCLK  n/a            0.542         5.000       4.458      RAMB36_X5Y10  design_1_i/axi_dma_GY/U0/I_PRMRY_DATAMOVER/GEN_MM2S_FULL.I_MM2S_FULL_WRAPPER/GEN_INCLUDE_MM2S_SF.I_RD_SF/I_DATA_FIFO/BLK_MEM.I_SYNC_FIFOGEN_FIFO/xpm_fifo_instance.xpm_fifo_sync_inst/xpm_fifo_base_inst/gen_sdpram.xpm_memory_base_inst/gen_wr_a.gen_word_narrow.mem_reg_0/CLKARDCLK
Low Pulse Width   Slow    RAMB36E2/CLKBWRCLK  n/a            0.542         5.000       4.458      RAMB36_X5Y10  design_1_i/axi_dma_GY/U0/I_PRMRY_DATAMOVER/GEN_MM2S_FULL.I_MM2S_FULL_WRAPPER/GEN_INCLUDE_MM2S_SF.I_RD_SF/I_DATA_FIFO/BLK_MEM.I_SYNC_FIFOGEN_FIFO/xpm_fifo_instance.xpm_fifo_sync_inst/xpm_fifo_base_inst/gen_sdpram.xpm_memory_base_inst/gen_wr_a.gen_word_narrow.mem_reg_0/CLKBWRCLK
Low Pulse Width   Fast    RAMB36E2/CLKBWRCLK  n/a            0.542         5.000       4.458      RAMB36_X5Y10  design_1_i/axi_dma_GY/U0/I_PRMRY_DATAMOVER/GEN_MM2S_FULL.I_MM2S_FULL_WRAPPER/GEN_INCLUDE_MM2S_SF.I_RD_SF/I_DATA_FIFO/BLK_MEM.I_SYNC_FIFOGEN_FIFO/xpm_fifo_instance.xpm_fifo_sync_inst/xpm_fifo_base_inst/gen_sdpram.xpm_memory_base_inst/gen_wr_a.gen_word_narrow.mem_reg_0/CLKBWRCLK
High Pulse Width  Slow    PS8/MAXIGP0ACLK     n/a            1.500         5.000       3.500      PS8_X0Y0      design_1_i/zynq_ultra_ps_e_0/inst/PS8_i/MAXIGP0ACLK
High Pulse Width  Fast    PS8/MAXIGP0ACLK     n/a            1.500         5.000       3.500      PS8_X0Y0      design_1_i/zynq_ultra_ps_e_0/inst/PS8_i/MAXIGP0ACLK
High Pulse Width  Slow    PS8/SAXIGP2RCLK     n/a            1.500         5.000       3.500      PS8_X0Y0      design_1_i/zynq_ultra_ps_e_0/inst/PS8_i/SAXIGP2RCLK
High Pulse Width  Fast    PS8/SAXIGP2RCLK     n/a            1.500         5.000       3.500      PS8_X0Y0      design_1_i/zynq_ultra_ps_e_0/inst/PS8_i/SAXIGP2RCLK
High Pulse Width  Slow    PS8/SAXIGP2WCLK     n/a            1.500         5.000       3.500      PS8_X0Y0      design_1_i/zynq_ultra_ps_e_0/inst/PS8_i/SAXIGP2WCLK
High Pulse Width  Fast    PS8/SAXIGP2WCLK     n/a            1.500         5.000       3.500      PS8_X0Y0      design_1_i/zynq_ultra_ps_e_0/inst/PS8_i/SAXIGP2WCLK
High Pulse Width  Slow    RAMB36E2/CLKARDCLK  n/a            0.542         5.000       4.458      RAMB36_X5Y10  design_1_i/axi_dma_GY/U0/I_PRMRY_DATAMOVER/GEN_MM2S_FULL.I_MM2S_FULL_WRAPPER/GEN_INCLUDE_MM2S_SF.I_RD_SF/I_DATA_FIFO/BLK_MEM.I_SYNC_FIFOGEN_FIFO/xpm_fifo_instance.xpm_fifo_sync_inst/xpm_fifo_base_inst/gen_sdpram.xpm_memory_base_inst/gen_wr_a.gen_word_narrow.mem_reg_0/CLKARDCLK
High Pulse Width  Fast    RAMB36E2/CLKARDCLK  n/a            0.542         5.000       4.458      RAMB36_X5Y10  design_1_i/axi_dma_GY/U0/I_PRMRY_DATAMOVER/GEN_MM2S_FULL.I_MM2S_FULL_WRAPPER/GEN_INCLUDE_MM2S_SF.I_RD_SF/I_DATA_FIFO/BLK_MEM.I_SYNC_FIFOGEN_FIFO/xpm_fifo_instance.xpm_fifo_sync_inst/xpm_fifo_base_inst/gen_sdpram.xpm_memory_base_inst/gen_wr_a.gen_word_narrow.mem_reg_0/CLKARDCLK
High Pulse Width  Slow    RAMB36E2/CLKBWRCLK  n/a            0.542         5.000       4.458      RAMB36_X5Y10  design_1_i/axi_dma_GY/U0/I_PRMRY_DATAMOVER/GEN_MM2S_FULL.I_MM2S_FULL_WRAPPER/GEN_INCLUDE_MM2S_SF.I_RD_SF/I_DATA_FIFO/BLK_MEM.I_SYNC_FIFOGEN_FIFO/xpm_fifo_instance.xpm_fifo_sync_inst/xpm_fifo_base_inst/gen_sdpram.xpm_memory_base_inst/gen_wr_a.gen_word_narrow.mem_reg_0/CLKBWRCLK
High Pulse Width  Fast    RAMB36E2/CLKBWRCLK  n/a            0.542         5.000       4.458      RAMB36_X5Y10  design_1_i/axi_dma_GY/U0/I_PRMRY_DATAMOVER/GEN_MM2S_FULL.I_MM2S_FULL_WRAPPER/GEN_INCLUDE_MM2S_SF.I_RD_SF/I_DATA_FIFO/BLK_MEM.I_SYNC_FIFOGEN_FIFO/xpm_fifo_instance.xpm_fifo_sync_inst/xpm_fifo_base_inst/gen_sdpram.xpm_memory_base_inst/gen_wr_a.gen_word_narrow.mem_reg_0/CLKBWRCLK



--------------------------------------------------------------------------------------
Path Group:  (none)
From Clock:  
  To Clock:  clk_pl_0

Max Delay             1 Endpoint
Min Delay             1 Endpoint
--------------------------------------------------------------------------------------


Max Delay Paths
--------------------------------------------------------------------------------------
Slack:                    inf
  Source:                 design_1_i/zynq_ultra_ps_e_0/inst/PS8_i/EMIOGPIOO[95]
                            (internal pin)
  Destination:            design_1_i/proc_sys_reset_0/U0/EXT_LPF/ACTIVE_LOW_EXT.ACT_LO_EXT/GENERATE_LEVEL_P_S_CDC.SINGLE_BIT.CROSS_PLEVEL_IN2SCNDRY_IN_cdc_to/D
                            (rising edge-triggered cell FDRE clocked by clk_pl_0  {rise@0.000ns fall@5.000ns period=10.000ns})
  Path Group:             (none)
  Path Type:              Setup (Max at Slow Process Corner)
  Data Path Delay:        0.851ns  (logic 0.089ns (10.458%)  route 0.762ns (89.542%))
  Logic Levels:           1  (LUT1=1)
  Clock Uncertainty:      0.127ns  ((TSJ^2 + DJ^2)^1/2) / 2 + PE
    Total System Jitter     (TSJ):    0.050ns
    Discrete Jitter          (DJ):    0.250ns
    Phase Error              (PE):    0.000ns
  Clock Net Delay (Destination): 1.194ns (routing 0.175ns, distribution 1.019ns)
  Timing Exception:       False Path

    Location             Delay type                Incr(ns)  Path(ns)    Netlist Resource(s)
  -------------------------------------------------------------------    -------------------
    PS8_X0Y0             PS8                          0.000     0.000 f  design_1_i/zynq_ultra_ps_e_0/inst/PS8_i/EMIOGPIOO[95]
                         net (fo=1, routed)           0.467     0.467    design_1_i/proc_sys_reset_0/U0/EXT_LPF/ACTIVE_LOW_EXT.ACT_LO_EXT/ext_reset_in
    SLICE_X39Y165        LUT1 (Prop_G6LUT_SLICEL_I0_O)
                                                      0.089     0.556 r  design_1_i/proc_sys_reset_0/U0/EXT_LPF/ACTIVE_LOW_EXT.ACT_LO_EXT/GENERATE_LEVEL_P_S_CDC.SINGLE_BIT.CROSS_PLEVEL_IN2SCNDRY_IN_cdc_to_i_1/O
                         net (fo=1, routed)           0.295     0.851    design_1_i/proc_sys_reset_0/U0/EXT_LPF/ACTIVE_LOW_EXT.ACT_LO_EXT/exr_d1
    SLICE_X39Y165        FDRE                                         r  design_1_i/proc_sys_reset_0/U0/EXT_LPF/ACTIVE_LOW_EXT.ACT_LO_EXT/GENERATE_LEVEL_P_S_CDC.SINGLE_BIT.CROSS_PLEVEL_IN2SCNDRY_IN_cdc_to/D
  -------------------------------------------------------------------    -------------------

                         (clock clk_pl_0 rise edge)
                                                      0.000     0.000 r  
    PS8_X0Y0             PS8                          0.000     0.000 r  design_1_i/zynq_ultra_ps_e_0/inst/PS8_i/PLCLK[0]
                         net (fo=1, routed)           0.105     0.105    design_1_i/zynq_ultra_ps_e_0/inst/pl_clk_unbuffered[0]
    BUFG_PS_X0Y58        BUFG_PS (Prop_BUFG_PS_I_O)
                                                      0.025     0.130 r  design_1_i/zynq_ultra_ps_e_0/inst/buffer_pl_clk_0.PL_CLK_0_BUFG/O
    X1Y2 (CLOCK_ROOT)    net (fo=29761, routed)       1.194     1.324    design_1_i/proc_sys_reset_0/U0/EXT_LPF/ACTIVE_LOW_EXT.ACT_LO_EXT/slowest_sync_clk
    SLICE_X39Y165        FDRE                                         r  design_1_i/proc_sys_reset_0/U0/EXT_LPF/ACTIVE_LOW_EXT.ACT_LO_EXT/GENERATE_LEVEL_P_S_CDC.SINGLE_BIT.CROSS_PLEVEL_IN2SCNDRY_IN_cdc_to/C





Min Delay Paths
--------------------------------------------------------------------------------------
Slack:                    inf
  Source:                 design_1_i/zynq_ultra_ps_e_0/inst/PS8_i/EMIOGPIOO[95]
                            (internal pin)
  Destination:            design_1_i/proc_sys_reset_0/U0/EXT_LPF/ACTIVE_LOW_EXT.ACT_LO_EXT/GENERATE_LEVEL_P_S_CDC.SINGLE_BIT.CROSS_PLEVEL_IN2SCNDRY_IN_cdc_to/D
                            (rising edge-triggered cell FDRE clocked by clk_pl_0  {rise@0.000ns fall@5.000ns period=10.000ns})
  Path Group:             (none)
  Path Type:              Hold (Min at Fast Process Corner)
  Data Path Delay:        0.378ns  (logic 0.035ns (9.259%)  route 0.343ns (90.741%))
  Logic Levels:           1  (LUT1=1)
  Clock Uncertainty:      0.127ns  ((TSJ^2 + DJ^2)^1/2) / 2 + PE
    Total System Jitter     (TSJ):    0.050ns
    Discrete Jitter          (DJ):    0.250ns
    Phase Error              (PE):    0.000ns
  Clock Net Delay (Destination): 0.843ns (routing 0.121ns, distribution 0.722ns)
  Timing Exception:       False Path

    Location             Delay type                Incr(ns)  Path(ns)    Netlist Resource(s)
  -------------------------------------------------------------------    -------------------
    PS8_X0Y0             PS8                          0.000     0.000 f  design_1_i/zynq_ultra_ps_e_0/inst/PS8_i/EMIOGPIOO[95]
                         net (fo=1, routed)           0.240     0.240    design_1_i/proc_sys_reset_0/U0/EXT_LPF/ACTIVE_LOW_EXT.ACT_LO_EXT/ext_reset_in
    SLICE_X39Y165        LUT1 (Prop_G6LUT_SLICEL_I0_O)
                                                      0.035     0.275 r  design_1_i/proc_sys_reset_0/U0/EXT_LPF/ACTIVE_LOW_EXT.ACT_LO_EXT/GENERATE_LEVEL_P_S_CDC.SINGLE_BIT.CROSS_PLEVEL_IN2SCNDRY_IN_cdc_to_i_1/O
                         net (fo=1, routed)           0.103     0.378    design_1_i/proc_sys_reset_0/U0/EXT_LPF/ACTIVE_LOW_EXT.ACT_LO_EXT/exr_d1
    SLICE_X39Y165        FDRE                                         r  design_1_i/proc_sys_reset_0/U0/EXT_LPF/ACTIVE_LOW_EXT.ACT_LO_EXT/GENERATE_LEVEL_P_S_CDC.SINGLE_BIT.CROSS_PLEVEL_IN2SCNDRY_IN_cdc_to/D
  -------------------------------------------------------------------    -------------------

                         (clock clk_pl_0 rise edge)
                                                      0.000     0.000 r  
    PS8_X0Y0             PS8                          0.000     0.000 r  design_1_i/zynq_ultra_ps_e_0/inst/PS8_i/PLCLK[0]
                         net (fo=1, routed)           0.098     0.098    design_1_i/zynq_ultra_ps_e_0/inst/pl_clk_unbuffered[0]
    BUFG_PS_X0Y58        BUFG_PS (Prop_BUFG_PS_I_O)
                                                      0.018     0.116 r  design_1_i/zynq_ultra_ps_e_0/inst/buffer_pl_clk_0.PL_CLK_0_BUFG/O
    X1Y2 (CLOCK_ROOT)    net (fo=29761, routed)       0.843     0.959    design_1_i/proc_sys_reset_0/U0/EXT_LPF/ACTIVE_LOW_EXT.ACT_LO_EXT/slowest_sync_clk
    SLICE_X39Y165        FDRE                                         r  design_1_i/proc_sys_reset_0/U0/EXT_LPF/ACTIVE_LOW_EXT.ACT_LO_EXT/GENERATE_LEVEL_P_S_CDC.SINGLE_BIT.CROSS_PLEVEL_IN2SCNDRY_IN_cdc_to/C





--------------------------------------------------------------------------------------
Path Group:  (none)
From Clock:  clk_pl_0
  To Clock:  clk_pl_0

Max Delay           169 Endpoints
Min Delay           169 Endpoints
--------------------------------------------------------------------------------------


Max Delay Paths
--------------------------------------------------------------------------------------
Slack:                    inf
  Source:                 design_1_i/reuse_mamba_board_sh_0/inst/u_core/rst_sync_ff_reg[1]_replica/C
                            (rising edge-triggered cell FDRE clocked by clk_pl_0  {rise@0.000ns fall@5.000ns period=10.000ns})
  Destination:            design_1_i/reuse_mamba_board_sh_0/inst/u_core/u_core/u_ssm_core/u_bias_fifo/u_fifo/U0/inst_fifo_gen/gaxis_fifo.gaxisf.axisf/gbi.bi/v8_fifo.gbi8s_axi_srst.srst_q_reg[0]/D
                            (rising edge-triggered cell FDRE clocked by clk_pl_0  {rise@0.000ns fall@5.000ns period=10.000ns})
  Path Group:             (none)
  Path Type:              Setup (Max at Slow Process Corner)
  Data Path Delay:        2.619ns  (logic 0.131ns (5.002%)  route 2.488ns (94.997%))
  Logic Levels:           1  (LUT1=1)
  Clock Path Skew:        -0.065ns (DCD - SCD + CPR)
    Destination Clock Delay (DCD):    1.530ns
    Source Clock Delay      (SCD):    1.595ns
    Clock Pessimism Removal (CPR):    0.000ns
  Clock Uncertainty:      0.130ns  ((TSJ^2 + DJ^2)^1/2) / 2 + PE
    Total System Jitter     (TSJ):    0.071ns
    Discrete Jitter          (DJ):    0.250ns
    Phase Error              (PE):    0.000ns
  Clock Net Delay (Source):      1.432ns (routing 0.195ns, distribution 1.237ns)
  Clock Net Delay (Destination): 1.400ns (routing 0.175ns, distribution 1.225ns)
  Timing Exception:       False Path

    Location             Delay type                Incr(ns)  Path(ns)    Netlist Resource(s)
  -------------------------------------------------------------------    -------------------
                         (clock clk_pl_0 rise edge)
                                                      0.000     0.000 r  
    PS8_X0Y0             PS8                          0.000     0.000 r  design_1_i/zynq_ultra_ps_e_0/inst/PS8_i/PLCLK[0]
                         net (fo=1, routed)           0.135     0.135    design_1_i/zynq_ultra_ps_e_0/inst/pl_clk_unbuffered[0]
    BUFG_PS_X0Y58        BUFG_PS (Prop_BUFG_PS_I_O)
                                                      0.028     0.163 r  design_1_i/zynq_ultra_ps_e_0/inst/buffer_pl_clk_0.PL_CLK_0_BUFG/O
    X1Y2 (CLOCK_ROOT)    net (fo=29761, routed)       1.432     1.595    design_1_i/reuse_mamba_board_sh_0/inst/u_core/sys_clk
    SLICE_X35Y184        FDRE                                         r  design_1_i/reuse_mamba_board_sh_0/inst/u_core/rst_sync_ff_reg[1]_replica/C
  -------------------------------------------------------------------    -------------------
    SLICE_X35Y184        FDRE (Prop_AFF2_SLICEM_C_Q)
                                                      0.080     1.675 f  design_1_i/reuse_mamba_board_sh_0/inst/u_core/rst_sync_ff_reg[1]_replica/Q
                         net (fo=189, routed)         2.336     4.011    design_1_i/reuse_mamba_board_sh_0/inst/u_core/u_core/u_ssm_core/u_bias_fifo/u_fifo/U0/inst_fifo_gen/gaxis_fifo.gaxisf.axisf/gbi.bi/s_aresetn
    SLICE_X9Y250         LUT1 (Prop_E6LUT_SLICEL_I0_O)
                                                      0.051     4.062 r  design_1_i/reuse_mamba_board_sh_0/inst/u_core/u_core/u_ssm_core/u_bias_fifo/u_fifo/U0/inst_fifo_gen/gaxis_fifo.gaxisf.axisf/gbi.bi/v8_fifo.gbi8s_axi_srst.srst_q[0]_i_1/O
                         net (fo=1, routed)           0.152     4.214    design_1_i/reuse_mamba_board_sh_0/inst/u_core/u_core/u_ssm_core/u_bias_fifo/u_fifo/U0/inst_fifo_gen/gaxis_fifo.gaxisf.axisf/gbi.bi/p_0_in[0]
    SLICE_X9Y250         FDRE                                         r  design_1_i/reuse_mamba_board_sh_0/inst/u_core/u_core/u_ssm_core/u_bias_fifo/u_fifo/U0/inst_fifo_gen/gaxis_fifo.gaxisf.axisf/gbi.bi/v8_fifo.gbi8s_axi_srst.srst_q_reg[0]/D
  -------------------------------------------------------------------    -------------------

                         (clock clk_pl_0 rise edge)
                                                      0.000     0.000 r  
    PS8_X0Y0             PS8                          0.000     0.000 r  design_1_i/zynq_ultra_ps_e_0/inst/PS8_i/PLCLK[0]
                         net (fo=1, routed)           0.105     0.105    design_1_i/zynq_ultra_ps_e_0/inst/pl_clk_unbuffered[0]
    BUFG_PS_X0Y58        BUFG_PS (Prop_BUFG_PS_I_O)
                                                      0.025     0.130 r  design_1_i/zynq_ultra_ps_e_0/inst/buffer_pl_clk_0.PL_CLK_0_BUFG/O
    X1Y2 (CLOCK_ROOT)    net (fo=29761, routed)       1.400     1.530    design_1_i/reuse_mamba_board_sh_0/inst/u_core/u_core/u_ssm_core/u_bias_fifo/u_fifo/U0/inst_fifo_gen/gaxis_fifo.gaxisf.axisf/gbi.bi/s_aclk
    SLICE_X9Y250         FDRE                                         r  design_1_i/reuse_mamba_board_sh_0/inst/u_core/u_core/u_ssm_core/u_bias_fifo/u_fifo/U0/inst_fifo_gen/gaxis_fifo.gaxisf.axisf/gbi.bi/v8_fifo.gbi8s_axi_srst.srst_q_reg[0]/C

Slack:                    inf
  Source:                 design_1_i/smartconnect_mem/inst/clk_map/psr_aclk/U0/ACTIVE_LOW_BSR_OUT_DFF[0].FDRE_BSR_N/C
                            (rising edge-triggered cell FDRE clocked by clk_pl_0  {rise@0.000ns fall@5.000ns period=10.000ns})
  Destination:            design_1_i/smartconnect_mem/inst/s02_entry_pipeline/s02_mmu/inst/xpm_cdc_async_rst_inst/arststages_ff_reg[0]/CLR
                            (recovery check against rising-edge clock clk_pl_0  {rise@0.000ns fall@5.000ns period=10.000ns})
  Path Group:             (none)
  Path Type:              Recovery (Max at Slow Process Corner)
  Data Path Delay:        2.244ns  (logic 0.079ns (3.521%)  route 2.165ns (96.479%))
  Logic Levels:           0  
  Clock Path Skew:        -0.182ns (DCD - SCD + CPR)
    Destination Clock Delay (DCD):    1.367ns
    Source Clock Delay      (SCD):    1.549ns
    Clock Pessimism Removal (CPR):    0.000ns
  Clock Uncertainty:      0.130ns  ((TSJ^2 + DJ^2)^1/2) / 2 + PE
    Total System Jitter     (TSJ):    0.071ns
    Discrete Jitter          (DJ):    0.250ns
    Phase Error              (PE):    0.000ns
  Clock Net Delay (Source):      1.386ns (routing 0.195ns, distribution 1.191ns)
  Clock Net Delay (Destination): 1.237ns (routing 0.175ns, distribution 1.062ns)
  Timing Exception:       False Path

    Location             Delay type                Incr(ns)  Path(ns)    Netlist Resource(s)
  -------------------------------------------------------------------    -------------------
                         (clock clk_pl_0 rise edge)
                                                      0.000     0.000 r  
    PS8_X0Y0             PS8                          0.000     0.000 r  design_1_i/zynq_ultra_ps_e_0/inst/PS8_i/PLCLK[0]
                         net (fo=1, routed)           0.135     0.135    design_1_i/zynq_ultra_ps_e_0/inst/pl_clk_unbuffered[0]
    BUFG_PS_X0Y58        BUFG_PS (Prop_BUFG_PS_I_O)
                                                      0.028     0.163 r  design_1_i/zynq_ultra_ps_e_0/inst/buffer_pl_clk_0.PL_CLK_0_BUFG/O
    X1Y2 (CLOCK_ROOT)    net (fo=29761, routed)       1.386     1.549    design_1_i/smartconnect_mem/inst/clk_map/psr_aclk/U0/aclk
    SLICE_X45Y78         FDRE                                         r  design_1_i/smartconnect_mem/inst/clk_map/psr_aclk/U0/ACTIVE_LOW_BSR_OUT_DFF[0].FDRE_BSR_N/C
  -------------------------------------------------------------------    -------------------
    SLICE_X45Y78         FDRE (Prop_DFF_SLICEL_C_Q)
                                                      0.079     1.628 r  design_1_i/smartconnect_mem/inst/clk_map/psr_aclk/U0/ACTIVE_LOW_BSR_OUT_DFF[0].FDRE_BSR_N/Q
                         net (fo=66, routed)          2.165     3.792    design_1_i/smartconnect_mem/inst/s02_entry_pipeline/s02_mmu/inst/xpm_cdc_async_rst_inst/src_arst
    SLICE_X52Y19         FDCE                                         f  design_1_i/smartconnect_mem/inst/s02_entry_pipeline/s02_mmu/inst/xpm_cdc_async_rst_inst/arststages_ff_reg[0]/CLR  (IS_INVERTED)
  -------------------------------------------------------------------    -------------------

                         (clock clk_pl_0 rise edge)
                                                      0.000     0.000 r  
    PS8_X0Y0             PS8                          0.000     0.000 r  design_1_i/zynq_ultra_ps_e_0/inst/PS8_i/PLCLK[0]
                         net (fo=1, routed)           0.105     0.105    design_1_i/zynq_ultra_ps_e_0/inst/pl_clk_unbuffered[0]
    BUFG_PS_X0Y58        BUFG_PS (Prop_BUFG_PS_I_O)
                                                      0.025     0.130 r  design_1_i/zynq_ultra_ps_e_0/inst/buffer_pl_clk_0.PL_CLK_0_BUFG/O
    X1Y2 (CLOCK_ROOT)    net (fo=29761, routed)       1.237     1.367    design_1_i/smartconnect_mem/inst/s02_entry_pipeline/s02_mmu/inst/xpm_cdc_async_rst_inst/dest_clk
    SLICE_X52Y19         FDCE                                         r  design_1_i/smartconnect_mem/inst/s02_entry_pipeline/s02_mmu/inst/xpm_cdc_async_rst_inst/arststages_ff_reg[0]/C

Slack:                    inf
  Source:                 design_1_i/smartconnect_mem/inst/clk_map/psr_aclk/U0/ACTIVE_LOW_BSR_OUT_DFF[0].FDRE_BSR_N/C
                            (rising edge-triggered cell FDRE clocked by clk_pl_0  {rise@0.000ns fall@5.000ns period=10.000ns})
  Destination:            design_1_i/smartconnect_mem/inst/s02_entry_pipeline/s02_mmu/inst/xpm_cdc_async_rst_inst/arststages_ff_reg[1]/CLR
                            (recovery check against rising-edge clock clk_pl_0  {rise@0.000ns fall@5.000ns period=10.000ns})
  Path Group:             (none)
  Path Type:              Recovery (Max at Slow Process Corner)
  Data Path Delay:        2.244ns  (logic 0.079ns (3.521%)  route 2.165ns (96.479%))
  Logic Levels:           0  
  Clock Path Skew:        -0.182ns (DCD - SCD + CPR)
    Destination Clock Delay (DCD):    1.367ns
    Source Clock Delay      (SCD):    1.549ns
    Clock Pessimism Removal (CPR):    0.000ns
  Clock Uncertainty:      0.130ns  ((TSJ^2 + DJ^2)^1/2) / 2 + PE
    Total System Jitter     (TSJ):    0.071ns
    Discrete Jitter          (DJ):    0.250ns
    Phase Error              (PE):    0.000ns
  Clock Net Delay (Source):      1.386ns (routing 0.195ns, distribution 1.191ns)
  Clock Net Delay (Destination): 1.237ns (routing 0.175ns, distribution 1.062ns)
  Timing Exception:       False Path

    Location             Delay type                Incr(ns)  Path(ns)    Netlist Resource(s)
  -------------------------------------------------------------------    -------------------
                         (clock clk_pl_0 rise edge)
                                                      0.000     0.000 r  
    PS8_X0Y0             PS8                          0.000     0.000 r  design_1_i/zynq_ultra_ps_e_0/inst/PS8_i/PLCLK[0]
                         net (fo=1, routed)           0.135     0.135    design_1_i/zynq_ultra_ps_e_0/inst/pl_clk_unbuffered[0]
    BUFG_PS_X0Y58        BUFG_PS (Prop_BUFG_PS_I_O)
                                                      0.028     0.163 r  design_1_i/zynq_ultra_ps_e_0/inst/buffer_pl_clk_0.PL_CLK_0_BUFG/O
    X1Y2 (CLOCK_ROOT)    net (fo=29761, routed)       1.386     1.549    design_1_i/smartconnect_mem/inst/clk_map/psr_aclk/U0/aclk
    SLICE_X45Y78         FDRE                                         r  design_1_i/smartconnect_mem/inst/clk_map/psr_aclk/U0/ACTIVE_LOW_BSR_OUT_DFF[0].FDRE_BSR_N/C
  -------------------------------------------------------------------    -------------------
    SLICE_X45Y78         FDRE (Prop_DFF_SLICEL_C_Q)
                                                      0.079     1.628 r  design_1_i/smartconnect_mem/inst/clk_map/psr_aclk/U0/ACTIVE_LOW_BSR_OUT_DFF[0].FDRE_BSR_N/Q
                         net (fo=66, routed)          2.165     3.792    design_1_i/smartconnect_mem/inst/s02_entry_pipeline/s02_mmu/inst/xpm_cdc_async_rst_inst/src_arst
    SLICE_X52Y19         FDCE                                         f  design_1_i/smartconnect_mem/inst/s02_entry_pipeline/s02_mmu/inst/xpm_cdc_async_rst_inst/arststages_ff_reg[1]/CLR  (IS_INVERTED)
  -------------------------------------------------------------------    -------------------

                         (clock clk_pl_0 rise edge)
                                                      0.000     0.000 r  
    PS8_X0Y0             PS8                          0.000     0.000 r  design_1_i/zynq_ultra_ps_e_0/inst/PS8_i/PLCLK[0]
                         net (fo=1, routed)           0.105     0.105    design_1_i/zynq_ultra_ps_e_0/inst/pl_clk_unbuffered[0]
    BUFG_PS_X0Y58        BUFG_PS (Prop_BUFG_PS_I_O)
                                                      0.025     0.130 r  design_1_i/zynq_ultra_ps_e_0/inst/buffer_pl_clk_0.PL_CLK_0_BUFG/O
    X1Y2 (CLOCK_ROOT)    net (fo=29761, routed)       1.237     1.367    design_1_i/smartconnect_mem/inst/s02_entry_pipeline/s02_mmu/inst/xpm_cdc_async_rst_inst/dest_clk
    SLICE_X52Y19         FDCE                                         r  design_1_i/smartconnect_mem/inst/s02_entry_pipeline/s02_mmu/inst/xpm_cdc_async_rst_inst/arststages_ff_reg[1]/C

Slack:                    inf
  Source:                 design_1_i/smartconnect_mem/inst/clk_map/psr_aclk/U0/ACTIVE_LOW_BSR_OUT_DFF[0].FDRE_BSR_N/C
                            (rising edge-triggered cell FDRE clocked by clk_pl_0  {rise@0.000ns fall@5.000ns period=10.000ns})
  Destination:            design_1_i/smartconnect_mem/inst/s02_entry_pipeline/s02_mmu/inst/xpm_cdc_async_rst_inst/arststages_ff_reg[2]/CLR
                            (recovery check against rising-edge clock clk_pl_0  {rise@0.000ns fall@5.000ns period=10.000ns})
  Path Group:             (none)
  Path Type:              Recovery (Max at Slow Process Corner)
  Data Path Delay:        2.244ns  (logic 0.079ns (3.521%)  route 2.165ns (96.479%))
  Logic Levels:           0  
  Clock Path Skew:        -0.182ns (DCD - SCD + CPR)
    Destination Clock Delay (DCD):    1.367ns
    Source Clock Delay      (SCD):    1.549ns
    Clock Pessimism Removal (CPR):    0.000ns
  Clock Uncertainty:      0.130ns  ((TSJ^2 + DJ^2)^1/2) / 2 + PE
    Total System Jitter     (TSJ):    0.071ns
    Discrete Jitter          (DJ):    0.250ns
    Phase Error              (PE):    0.000ns
  Clock Net Delay (Source):      1.386ns (routing 0.195ns, distribution 1.191ns)
  Clock Net Delay (Destination): 1.237ns (routing 0.175ns, distribution 1.062ns)
  Timing Exception:       False Path

    Location             Delay type                Incr(ns)  Path(ns)    Netlist Resource(s)
  -------------------------------------------------------------------    -------------------
                         (clock clk_pl_0 rise edge)
                                                      0.000     0.000 r  
    PS8_X0Y0             PS8                          0.000     0.000 r  design_1_i/zynq_ultra_ps_e_0/inst/PS8_i/PLCLK[0]
                         net (fo=1, routed)           0.135     0.135    design_1_i/zynq_ultra_ps_e_0/inst/pl_clk_unbuffered[0]
    BUFG_PS_X0Y58        BUFG_PS (Prop_BUFG_PS_I_O)
                                                      0.028     0.163 r  design_1_i/zynq_ultra_ps_e_0/inst/buffer_pl_clk_0.PL_CLK_0_BUFG/O
    X1Y2 (CLOCK_ROOT)    net (fo=29761, routed)       1.386     1.549    design_1_i/smartconnect_mem/inst/clk_map/psr_aclk/U0/aclk
    SLICE_X45Y78         FDRE                                         r  design_1_i/smartconnect_mem/inst/clk_map/psr_aclk/U0/ACTIVE_LOW_BSR_OUT_DFF[0].FDRE_BSR_N/C
  -------------------------------------------------------------------    -------------------
    SLICE_X45Y78         FDRE (Prop_DFF_SLICEL_C_Q)
                                                      0.079     1.628 r  design_1_i/smartconnect_mem/inst/clk_map/psr_aclk/U0/ACTIVE_LOW_BSR_OUT_DFF[0].FDRE_BSR_N/Q
                         net (fo=66, routed)          2.165     3.792    design_1_i/smartconnect_mem/inst/s02_entry_pipeline/s02_mmu/inst/xpm_cdc_async_rst_inst/src_arst
    SLICE_X52Y19         FDCE                                         f  design_1_i/smartconnect_mem/inst/s02_entry_pipeline/s02_mmu/inst/xpm_cdc_async_rst_inst/arststages_ff_reg[2]/CLR  (IS_INVERTED)
  -------------------------------------------------------------------    -------------------

                         (clock clk_pl_0 rise edge)
                                                      0.000     0.000 r  
    PS8_X0Y0             PS8                          0.000     0.000 r  design_1_i/zynq_ultra_ps_e_0/inst/PS8_i/PLCLK[0]
                         net (fo=1, routed)           0.105     0.105    design_1_i/zynq_ultra_ps_e_0/inst/pl_clk_unbuffered[0]
    BUFG_PS_X0Y58        BUFG_PS (Prop_BUFG_PS_I_O)
                                                      0.025     0.130 r  design_1_i/zynq_ultra_ps_e_0/inst/buffer_pl_clk_0.PL_CLK_0_BUFG/O
    X1Y2 (CLOCK_ROOT)    net (fo=29761, routed)       1.237     1.367    design_1_i/smartconnect_mem/inst/s02_entry_pipeline/s02_mmu/inst/xpm_cdc_async_rst_inst/dest_clk
    SLICE_X52Y19         FDCE                                         r  design_1_i/smartconnect_mem/inst/s02_entry_pipeline/s02_mmu/inst/xpm_cdc_async_rst_inst/arststages_ff_reg[2]/C

Slack:                    inf
  Source:                 design_1_i/smartconnect_mem/inst/clk_map/psr_aclk/U0/ACTIVE_LOW_BSR_OUT_DFF[0].FDRE_BSR_N/C
                            (rising edge-triggered cell FDRE clocked by clk_pl_0  {rise@0.000ns fall@5.000ns period=10.000ns})
  Destination:            design_1_i/smartconnect_mem/inst/s02_entry_pipeline/s02_transaction_regulator/inst/xpm_cdc_async_rst_inst/arststages_ff_reg[0]/CLR
                            (recovery check against rising-edge clock clk_pl_0  {rise@0.000ns fall@5.000ns period=10.000ns})
  Path Group:             (none)
  Path Type:              Recovery (Max at Slow Process Corner)
  Data Path Delay:        2.194ns  (logic 0.079ns (3.601%)  route 2.115ns (96.399%))
  Logic Levels:           0  
  Clock Path Skew:        -0.190ns (DCD - SCD + CPR)
    Destination Clock Delay (DCD):    1.359ns
    Source Clock Delay      (SCD):    1.549ns
    Clock Pessimism Removal (CPR):    0.000ns
  Clock Uncertainty:      0.130ns  ((TSJ^2 + DJ^2)^1/2) / 2 + PE
    Total System Jitter     (TSJ):    0.071ns
    Discrete Jitter          (DJ):    0.250ns
    Phase Error              (PE):    0.000ns
  Clock Net Delay (Source):      1.386ns (routing 0.195ns, distribution 1.191ns)
  Clock Net Delay (Destination): 1.229ns (routing 0.175ns, distribution 1.054ns)
  Timing Exception:       False Path

    Location             Delay type                Incr(ns)  Path(ns)    Netlist Resource(s)
  -------------------------------------------------------------------    -------------------
                         (clock clk_pl_0 rise edge)
                                                      0.000     0.000 r  
    PS8_X0Y0             PS8                          0.000     0.000 r  design_1_i/zynq_ultra_ps_e_0/inst/PS8_i/PLCLK[0]
                         net (fo=1, routed)           0.135     0.135    design_1_i/zynq_ultra_ps_e_0/inst/pl_clk_unbuffered[0]
    BUFG_PS_X0Y58        BUFG_PS (Prop_BUFG_PS_I_O)
                                                      0.028     0.163 r  design_1_i/zynq_ultra_ps_e_0/inst/buffer_pl_clk_0.PL_CLK_0_BUFG/O
    X1Y2 (CLOCK_ROOT)    net (fo=29761, routed)       1.386     1.549    design_1_i/smartconnect_mem/inst/clk_map/psr_aclk/U0/aclk
    SLICE_X45Y78         FDRE                                         r  design_1_i/smartconnect_mem/inst/clk_map/psr_aclk/U0/ACTIVE_LOW_BSR_OUT_DFF[0].FDRE_BSR_N/C
  -------------------------------------------------------------------    -------------------
    SLICE_X45Y78         FDRE (Prop_DFF_SLICEL_C_Q)
                                                      0.079     1.628 r  design_1_i/smartconnect_mem/inst/clk_map/psr_aclk/U0/ACTIVE_LOW_BSR_OUT_DFF[0].FDRE_BSR_N/Q
                         net (fo=66, routed)          2.115     3.742    design_1_i/smartconnect_mem/inst/s02_entry_pipeline/s02_transaction_regulator/inst/xpm_cdc_async_rst_inst/src_arst
    SLICE_X48Y20         FDCE                                         f  design_1_i/smartconnect_mem/inst/s02_entry_pipeline/s02_transaction_regulator/inst/xpm_cdc_async_rst_inst/arststages_ff_reg[0]/CLR  (IS_INVERTED)
  -------------------------------------------------------------------    -------------------

                         (clock clk_pl_0 rise edge)
                                                      0.000     0.000 r  
    PS8_X0Y0             PS8                          0.000     0.000 r  design_1_i/zynq_ultra_ps_e_0/inst/PS8_i/PLCLK[0]
                         net (fo=1, routed)           0.105     0.105    design_1_i/zynq_ultra_ps_e_0/inst/pl_clk_unbuffered[0]
    BUFG_PS_X0Y58        BUFG_PS (Prop_BUFG_PS_I_O)
                                                      0.025     0.130 r  design_1_i/zynq_ultra_ps_e_0/inst/buffer_pl_clk_0.PL_CLK_0_BUFG/O
    X1Y2 (CLOCK_ROOT)    net (fo=29761, routed)       1.229     1.359    design_1_i/smartconnect_mem/inst/s02_entry_pipeline/s02_transaction_regulator/inst/xpm_cdc_async_rst_inst/dest_clk
    SLICE_X48Y20         FDCE                                         r  design_1_i/smartconnect_mem/inst/s02_entry_pipeline/s02_transaction_regulator/inst/xpm_cdc_async_rst_inst/arststages_ff_reg[0]/C

Slack:                    inf
  Source:                 design_1_i/smartconnect_mem/inst/clk_map/psr_aclk/U0/ACTIVE_LOW_BSR_OUT_DFF[0].FDRE_BSR_N/C
                            (rising edge-triggered cell FDRE clocked by clk_pl_0  {rise@0.000ns fall@5.000ns period=10.000ns})
  Destination:            design_1_i/smartconnect_mem/inst/s02_entry_pipeline/s02_transaction_regulator/inst/xpm_cdc_async_rst_inst/arststages_ff_reg[1]/CLR
                            (recovery check against rising-edge clock clk_pl_0  {rise@0.000ns fall@5.000ns period=10.000ns})
  Path Group:             (none)
  Path Type:              Recovery (Max at Slow Process Corner)
  Data Path Delay:        2.194ns  (logic 0.079ns (3.601%)  route 2.115ns (96.399%))
  Logic Levels:           0  
  Clock Path Skew:        -0.190ns (DCD - SCD + CPR)
    Destination Clock Delay (DCD):    1.359ns
    Source Clock Delay      (SCD):    1.549ns
    Clock Pessimism Removal (CPR):    0.000ns
  Clock Uncertainty:      0.130ns  ((TSJ^2 + DJ^2)^1/2) / 2 + PE
    Total System Jitter     (TSJ):    0.071ns
    Discrete Jitter          (DJ):    0.250ns
    Phase Error              (PE):    0.000ns
  Clock Net Delay (Source):      1.386ns (routing 0.195ns, distribution 1.191ns)
  Clock Net Delay (Destination): 1.229ns (routing 0.175ns, distribution 1.054ns)
  Timing Exception:       False Path

    Location             Delay type                Incr(ns)  Path(ns)    Netlist Resource(s)
  -------------------------------------------------------------------    -------------------
                         (clock clk_pl_0 rise edge)
                                                      0.000     0.000 r  
    PS8_X0Y0             PS8                          0.000     0.000 r  design_1_i/zynq_ultra_ps_e_0/inst/PS8_i/PLCLK[0]
                         net (fo=1, routed)           0.135     0.135    design_1_i/zynq_ultra_ps_e_0/inst/pl_clk_unbuffered[0]
    BUFG_PS_X0Y58        BUFG_PS (Prop_BUFG_PS_I_O)
                                                      0.028     0.163 r  design_1_i/zynq_ultra_ps_e_0/inst/buffer_pl_clk_0.PL_CLK_0_BUFG/O
    X1Y2 (CLOCK_ROOT)    net (fo=29761, routed)       1.386     1.549    design_1_i/smartconnect_mem/inst/clk_map/psr_aclk/U0/aclk
    SLICE_X45Y78         FDRE                                         r  design_1_i/smartconnect_mem/inst/clk_map/psr_aclk/U0/ACTIVE_LOW_BSR_OUT_DFF[0].FDRE_BSR_N/C
  -------------------------------------------------------------------    -------------------
    SLICE_X45Y78         FDRE (Prop_DFF_SLICEL_C_Q)
                                                      0.079     1.628 r  design_1_i/smartconnect_mem/inst/clk_map/psr_aclk/U0/ACTIVE_LOW_BSR_OUT_DFF[0].FDRE_BSR_N/Q
                         net (fo=66, routed)          2.115     3.742    design_1_i/smartconnect_mem/inst/s02_entry_pipeline/s02_transaction_regulator/inst/xpm_cdc_async_rst_inst/src_arst
    SLICE_X48Y20         FDCE                                         f  design_1_i/smartconnect_mem/inst/s02_entry_pipeline/s02_transaction_regulator/inst/xpm_cdc_async_rst_inst/arststages_ff_reg[1]/CLR  (IS_INVERTED)
  -------------------------------------------------------------------    -------------------

                         (clock clk_pl_0 rise edge)
                                                      0.000     0.000 r  
    PS8_X0Y0             PS8                          0.000     0.000 r  design_1_i/zynq_ultra_ps_e_0/inst/PS8_i/PLCLK[0]
                         net (fo=1, routed)           0.105     0.105    design_1_i/zynq_ultra_ps_e_0/inst/pl_clk_unbuffered[0]
    BUFG_PS_X0Y58        BUFG_PS (Prop_BUFG_PS_I_O)
                                                      0.025     0.130 r  design_1_i/zynq_ultra_ps_e_0/inst/buffer_pl_clk_0.PL_CLK_0_BUFG/O
    X1Y2 (CLOCK_ROOT)    net (fo=29761, routed)       1.229     1.359    design_1_i/smartconnect_mem/inst/s02_entry_pipeline/s02_transaction_regulator/inst/xpm_cdc_async_rst_inst/dest_clk
    SLICE_X48Y20         FDCE                                         r  design_1_i/smartconnect_mem/inst/s02_entry_pipeline/s02_transaction_regulator/inst/xpm_cdc_async_rst_inst/arststages_ff_reg[1]/C

Slack:                    inf
  Source:                 design_1_i/smartconnect_mem/inst/clk_map/psr_aclk/U0/ACTIVE_LOW_BSR_OUT_DFF[0].FDRE_BSR_N/C
                            (rising edge-triggered cell FDRE clocked by clk_pl_0  {rise@0.000ns fall@5.000ns period=10.000ns})
  Destination:            design_1_i/smartconnect_mem/inst/s02_entry_pipeline/s02_transaction_regulator/inst/xpm_cdc_async_rst_inst/arststages_ff_reg[2]/CLR
                            (recovery check against rising-edge clock clk_pl_0  {rise@0.000ns fall@5.000ns period=10.000ns})
  Path Group:             (none)
  Path Type:              Recovery (Max at Slow Process Corner)
  Data Path Delay:        2.194ns  (logic 0.079ns (3.601%)  route 2.115ns (96.399%))
  Logic Levels:           0  
  Clock Path Skew:        -0.190ns (DCD - SCD + CPR)
    Destination Clock Delay (DCD):    1.359ns
    Source Clock Delay      (SCD):    1.549ns
    Clock Pessimism Removal (CPR):    0.000ns
  Clock Uncertainty:      0.130ns  ((TSJ^2 + DJ^2)^1/2) / 2 + PE
    Total System Jitter     (TSJ):    0.071ns
    Discrete Jitter          (DJ):    0.250ns
    Phase Error              (PE):    0.000ns
  Clock Net Delay (Source):      1.386ns (routing 0.195ns, distribution 1.191ns)
  Clock Net Delay (Destination): 1.229ns (routing 0.175ns, distribution 1.054ns)
  Timing Exception:       False Path

    Location             Delay type                Incr(ns)  Path(ns)    Netlist Resource(s)
  -------------------------------------------------------------------    -------------------
                         (clock clk_pl_0 rise edge)
                                                      0.000     0.000 r  
    PS8_X0Y0             PS8                          0.000     0.000 r  design_1_i/zynq_ultra_ps_e_0/inst/PS8_i/PLCLK[0]
                         net (fo=1, routed)           0.135     0.135    design_1_i/zynq_ultra_ps_e_0/inst/pl_clk_unbuffered[0]
    BUFG_PS_X0Y58        BUFG_PS (Prop_BUFG_PS_I_O)
                                                      0.028     0.163 r  design_1_i/zynq_ultra_ps_e_0/inst/buffer_pl_clk_0.PL_CLK_0_BUFG/O
    X1Y2 (CLOCK_ROOT)    net (fo=29761, routed)       1.386     1.549    design_1_i/smartconnect_mem/inst/clk_map/psr_aclk/U0/aclk
    SLICE_X45Y78         FDRE                                         r  design_1_i/smartconnect_mem/inst/clk_map/psr_aclk/U0/ACTIVE_LOW_BSR_OUT_DFF[0].FDRE_BSR_N/C
  -------------------------------------------------------------------    -------------------
    SLICE_X45Y78         FDRE (Prop_DFF_SLICEL_C_Q)
                                                      0.079     1.628 r  design_1_i/smartconnect_mem/inst/clk_map/psr_aclk/U0/ACTIVE_LOW_BSR_OUT_DFF[0].FDRE_BSR_N/Q
                         net (fo=66, routed)          2.115     3.742    design_1_i/smartconnect_mem/inst/s02_entry_pipeline/s02_transaction_regulator/inst/xpm_cdc_async_rst_inst/src_arst
    SLICE_X48Y20         FDCE                                         f  design_1_i/smartconnect_mem/inst/s02_entry_pipeline/s02_transaction_regulator/inst/xpm_cdc_async_rst_inst/arststages_ff_reg[2]/CLR  (IS_INVERTED)
  -------------------------------------------------------------------    -------------------

                         (clock clk_pl_0 rise edge)
                                                      0.000     0.000 r  
    PS8_X0Y0             PS8                          0.000     0.000 r  design_1_i/zynq_ultra_ps_e_0/inst/PS8_i/PLCLK[0]
                         net (fo=1, routed)           0.105     0.105    design_1_i/zynq_ultra_ps_e_0/inst/pl_clk_unbuffered[0]
    BUFG_PS_X0Y58        BUFG_PS (Prop_BUFG_PS_I_O)
                                                      0.025     0.130 r  design_1_i/zynq_ultra_ps_e_0/inst/buffer_pl_clk_0.PL_CLK_0_BUFG/O
    X1Y2 (CLOCK_ROOT)    net (fo=29761, routed)       1.229     1.359    design_1_i/smartconnect_mem/inst/s02_entry_pipeline/s02_transaction_regulator/inst/xpm_cdc_async_rst_inst/dest_clk
    SLICE_X48Y20         FDCE                                         r  design_1_i/smartconnect_mem/inst/s02_entry_pipeline/s02_transaction_regulator/inst/xpm_cdc_async_rst_inst/arststages_ff_reg[2]/C

Slack:                    inf
  Source:                 design_1_i/smartconnect_mem/inst/clk_map/psr_aclk/U0/ACTIVE_LOW_BSR_OUT_DFF[0].FDRE_BSR_N/C
                            (rising edge-triggered cell FDRE clocked by clk_pl_0  {rise@0.000ns fall@5.000ns period=10.000ns})
  Destination:            design_1_i/smartconnect_mem/inst/m00_nodes/m00_aw_node/inst/s_sc_xpm_cdc_async_rst_inst/arststages_ff_reg[0]/CLR
                            (recovery check against rising-edge clock clk_pl_0  {rise@0.000ns fall@5.000ns period=10.000ns})
  Path Group:             (none)
  Path Type:              Recovery (Max at Slow Process Corner)
  Data Path Delay:        2.168ns  (logic 0.079ns (3.644%)  route 2.089ns (96.356%))
  Logic Levels:           0  
  Clock Path Skew:        -0.173ns (DCD - SCD + CPR)
    Destination Clock Delay (DCD):    1.375ns
    Source Clock Delay      (SCD):    1.549ns
    Clock Pessimism Removal (CPR):    0.000ns
  Clock Uncertainty:      0.130ns  ((TSJ^2 + DJ^2)^1/2) / 2 + PE
    Total System Jitter     (TSJ):    0.071ns
    Discrete Jitter          (DJ):    0.250ns
    Phase Error              (PE):    0.000ns
  Clock Net Delay (Source):      1.386ns (routing 0.195ns, distribution 1.191ns)
  Clock Net Delay (Destination): 1.245ns (routing 0.175ns, distribution 1.070ns)
  Timing Exception:       False Path

    Location             Delay type                Incr(ns)  Path(ns)    Netlist Resource(s)
  -------------------------------------------------------------------    -------------------
                         (clock clk_pl_0 rise edge)
                                                      0.000     0.000 r  
    PS8_X0Y0             PS8                          0.000     0.000 r  design_1_i/zynq_ultra_ps_e_0/inst/PS8_i/PLCLK[0]
                         net (fo=1, routed)           0.135     0.135    design_1_i/zynq_ultra_ps_e_0/inst/pl_clk_unbuffered[0]
    BUFG_PS_X0Y58        BUFG_PS (Prop_BUFG_PS_I_O)
                                                      0.028     0.163 r  design_1_i/zynq_ultra_ps_e_0/inst/buffer_pl_clk_0.PL_CLK_0_BUFG/O
    X1Y2 (CLOCK_ROOT)    net (fo=29761, routed)       1.386     1.549    design_1_i/smartconnect_mem/inst/clk_map/psr_aclk/U0/aclk
    SLICE_X45Y78         FDRE                                         r  design_1_i/smartconnect_mem/inst/clk_map/psr_aclk/U0/ACTIVE_LOW_BSR_OUT_DFF[0].FDRE_BSR_N/C
  -------------------------------------------------------------------    -------------------
    SLICE_X45Y78         FDRE (Prop_DFF_SLICEL_C_Q)
                                                      0.079     1.628 r  design_1_i/smartconnect_mem/inst/clk_map/psr_aclk/U0/ACTIVE_LOW_BSR_OUT_DFF[0].FDRE_BSR_N/Q
                         net (fo=66, routed)          2.089     3.716    design_1_i/smartconnect_mem/inst/m00_nodes/m00_aw_node/inst/s_sc_xpm_cdc_async_rst_inst/src_arst
    SLICE_X46Y12         FDCE                                         f  design_1_i/smartconnect_mem/inst/m00_nodes/m00_aw_node/inst/s_sc_xpm_cdc_async_rst_inst/arststages_ff_reg[0]/CLR  (IS_INVERTED)
  -------------------------------------------------------------------    -------------------

                         (clock clk_pl_0 rise edge)
                                                      0.000     0.000 r  
    PS8_X0Y0             PS8                          0.000     0.000 r  design_1_i/zynq_ultra_ps_e_0/inst/PS8_i/PLCLK[0]
                         net (fo=1, routed)           0.105     0.105    design_1_i/zynq_ultra_ps_e_0/inst/pl_clk_unbuffered[0]
    BUFG_PS_X0Y58        BUFG_PS (Prop_BUFG_PS_I_O)
                                                      0.025     0.130 r  design_1_i/zynq_ultra_ps_e_0/inst/buffer_pl_clk_0.PL_CLK_0_BUFG/O
    X1Y2 (CLOCK_ROOT)    net (fo=29761, routed)       1.245     1.375    design_1_i/smartconnect_mem/inst/m00_nodes/m00_aw_node/inst/s_sc_xpm_cdc_async_rst_inst/dest_clk
    SLICE_X46Y12         FDCE                                         r  design_1_i/smartconnect_mem/inst/m00_nodes/m00_aw_node/inst/s_sc_xpm_cdc_async_rst_inst/arststages_ff_reg[0]/C

Slack:                    inf
  Source:                 design_1_i/smartconnect_mem/inst/clk_map/psr_aclk/U0/ACTIVE_LOW_BSR_OUT_DFF[0].FDRE_BSR_N/C
                            (rising edge-triggered cell FDRE clocked by clk_pl_0  {rise@0.000ns fall@5.000ns period=10.000ns})
  Destination:            design_1_i/smartconnect_mem/inst/m00_nodes/m00_aw_node/inst/s_sc_xpm_cdc_async_rst_inst/arststages_ff_reg[1]/CLR
                            (recovery check against rising-edge clock clk_pl_0  {rise@0.000ns fall@5.000ns period=10.000ns})
  Path Group:             (none)
  Path Type:              Recovery (Max at Slow Process Corner)
  Data Path Delay:        2.168ns  (logic 0.079ns (3.644%)  route 2.089ns (96.356%))
  Logic Levels:           0  
  Clock Path Skew:        -0.173ns (DCD - SCD + CPR)
    Destination Clock Delay (DCD):    1.375ns
    Source Clock Delay      (SCD):    1.549ns
    Clock Pessimism Removal (CPR):    0.000ns
  Clock Uncertainty:      0.130ns  ((TSJ^2 + DJ^2)^1/2) / 2 + PE
    Total System Jitter     (TSJ):    0.071ns
    Discrete Jitter          (DJ):    0.250ns
    Phase Error              (PE):    0.000ns
  Clock Net Delay (Source):      1.386ns (routing 0.195ns, distribution 1.191ns)
  Clock Net Delay (Destination): 1.245ns (routing 0.175ns, distribution 1.070ns)
  Timing Exception:       False Path

    Location             Delay type                Incr(ns)  Path(ns)    Netlist Resource(s)
  -------------------------------------------------------------------    -------------------
                         (clock clk_pl_0 rise edge)
                                                      0.000     0.000 r  
    PS8_X0Y0             PS8                          0.000     0.000 r  design_1_i/zynq_ultra_ps_e_0/inst/PS8_i/PLCLK[0]
                         net (fo=1, routed)           0.135     0.135    design_1_i/zynq_ultra_ps_e_0/inst/pl_clk_unbuffered[0]
    BUFG_PS_X0Y58        BUFG_PS (Prop_BUFG_PS_I_O)
                                                      0.028     0.163 r  design_1_i/zynq_ultra_ps_e_0/inst/buffer_pl_clk_0.PL_CLK_0_BUFG/O
    X1Y2 (CLOCK_ROOT)    net (fo=29761, routed)       1.386     1.549    design_1_i/smartconnect_mem/inst/clk_map/psr_aclk/U0/aclk
    SLICE_X45Y78         FDRE                                         r  design_1_i/smartconnect_mem/inst/clk_map/psr_aclk/U0/ACTIVE_LOW_BSR_OUT_DFF[0].FDRE_BSR_N/C
  -------------------------------------------------------------------    -------------------
    SLICE_X45Y78         FDRE (Prop_DFF_SLICEL_C_Q)
                                                      0.079     1.628 r  design_1_i/smartconnect_mem/inst/clk_map/psr_aclk/U0/ACTIVE_LOW_BSR_OUT_DFF[0].FDRE_BSR_N/Q
                         net (fo=66, routed)          2.089     3.716    design_1_i/smartconnect_mem/inst/m00_nodes/m00_aw_node/inst/s_sc_xpm_cdc_async_rst_inst/src_arst
    SLICE_X46Y12         FDCE                                         f  design_1_i/smartconnect_mem/inst/m00_nodes/m00_aw_node/inst/s_sc_xpm_cdc_async_rst_inst/arststages_ff_reg[1]/CLR  (IS_INVERTED)
  -------------------------------------------------------------------    -------------------

                         (clock clk_pl_0 rise edge)
                                                      0.000     0.000 r  
    PS8_X0Y0             PS8                          0.000     0.000 r  design_1_i/zynq_ultra_ps_e_0/inst/PS8_i/PLCLK[0]
                         net (fo=1, routed)           0.105     0.105    design_1_i/zynq_ultra_ps_e_0/inst/pl_clk_unbuffered[0]
    BUFG_PS_X0Y58        BUFG_PS (Prop_BUFG_PS_I_O)
                                                      0.025     0.130 r  design_1_i/zynq_ultra_ps_e_0/inst/buffer_pl_clk_0.PL_CLK_0_BUFG/O
    X1Y2 (CLOCK_ROOT)    net (fo=29761, routed)       1.245     1.375    design_1_i/smartconnect_mem/inst/m00_nodes/m00_aw_node/inst/s_sc_xpm_cdc_async_rst_inst/dest_clk
    SLICE_X46Y12         FDCE                                         r  design_1_i/smartconnect_mem/inst/m00_nodes/m00_aw_node/inst/s_sc_xpm_cdc_async_rst_inst/arststages_ff_reg[1]/C

Slack:                    inf
  Source:                 design_1_i/smartconnect_mem/inst/clk_map/psr_aclk/U0/ACTIVE_LOW_BSR_OUT_DFF[0].FDRE_BSR_N/C
                            (rising edge-triggered cell FDRE clocked by clk_pl_0  {rise@0.000ns fall@5.000ns period=10.000ns})
  Destination:            design_1_i/smartconnect_mem/inst/m00_nodes/m00_aw_node/inst/s_sc_xpm_cdc_async_rst_inst/arststages_ff_reg[2]/CLR
                            (recovery check against rising-edge clock clk_pl_0  {rise@0.000ns fall@5.000ns period=10.000ns})
  Path Group:             (none)
  Path Type:              Recovery (Max at Slow Process Corner)
  Data Path Delay:        2.168ns  (logic 0.079ns (3.644%)  route 2.089ns (96.356%))
  Logic Levels:           0  
  Clock Path Skew:        -0.173ns (DCD - SCD + CPR)
    Destination Clock Delay (DCD):    1.375ns
    Source Clock Delay      (SCD):    1.549ns
    Clock Pessimism Removal (CPR):    0.000ns
  Clock Uncertainty:      0.130ns  ((TSJ^2 + DJ^2)^1/2) / 2 + PE
    Total System Jitter     (TSJ):    0.071ns
    Discrete Jitter          (DJ):    0.250ns
    Phase Error              (PE):    0.000ns
  Clock Net Delay (Source):      1.386ns (routing 0.195ns, distribution 1.191ns)
  Clock Net Delay (Destination): 1.245ns (routing 0.175ns, distribution 1.070ns)
  Timing Exception:       False Path

    Location             Delay type                Incr(ns)  Path(ns)    Netlist Resource(s)
  -------------------------------------------------------------------    -------------------
                         (clock clk_pl_0 rise edge)
                                                      0.000     0.000 r  
    PS8_X0Y0             PS8                          0.000     0.000 r  design_1_i/zynq_ultra_ps_e_0/inst/PS8_i/PLCLK[0]
                         net (fo=1, routed)           0.135     0.135    design_1_i/zynq_ultra_ps_e_0/inst/pl_clk_unbuffered[0]
    BUFG_PS_X0Y58        BUFG_PS (Prop_BUFG_PS_I_O)
                                                      0.028     0.163 r  design_1_i/zynq_ultra_ps_e_0/inst/buffer_pl_clk_0.PL_CLK_0_BUFG/O
    X1Y2 (CLOCK_ROOT)    net (fo=29761, routed)       1.386     1.549    design_1_i/smartconnect_mem/inst/clk_map/psr_aclk/U0/aclk
    SLICE_X45Y78         FDRE                                         r  design_1_i/smartconnect_mem/inst/clk_map/psr_aclk/U0/ACTIVE_LOW_BSR_OUT_DFF[0].FDRE_BSR_N/C
  -------------------------------------------------------------------    -------------------
    SLICE_X45Y78         FDRE (Prop_DFF_SLICEL_C_Q)
                                                      0.079     1.628 r  design_1_i/smartconnect_mem/inst/clk_map/psr_aclk/U0/ACTIVE_LOW_BSR_OUT_DFF[0].FDRE_BSR_N/Q
                         net (fo=66, routed)          2.089     3.716    design_1_i/smartconnect_mem/inst/m00_nodes/m00_aw_node/inst/s_sc_xpm_cdc_async_rst_inst/src_arst
    SLICE_X46Y12         FDCE                                         f  design_1_i/smartconnect_mem/inst/m00_nodes/m00_aw_node/inst/s_sc_xpm_cdc_async_rst_inst/arststages_ff_reg[2]/CLR  (IS_INVERTED)
  -------------------------------------------------------------------    -------------------

                         (clock clk_pl_0 rise edge)
                                                      0.000     0.000 r  
    PS8_X0Y0             PS8                          0.000     0.000 r  design_1_i/zynq_ultra_ps_e_0/inst/PS8_i/PLCLK[0]
                         net (fo=1, routed)           0.105     0.105    design_1_i/zynq_ultra_ps_e_0/inst/pl_clk_unbuffered[0]
    BUFG_PS_X0Y58        BUFG_PS (Prop_BUFG_PS_I_O)
                                                      0.025     0.130 r  design_1_i/zynq_ultra_ps_e_0/inst/buffer_pl_clk_0.PL_CLK_0_BUFG/O
    X1Y2 (CLOCK_ROOT)    net (fo=29761, routed)       1.245     1.375    design_1_i/smartconnect_mem/inst/m00_nodes/m00_aw_node/inst/s_sc_xpm_cdc_async_rst_inst/dest_clk
    SLICE_X46Y12         FDCE                                         r  design_1_i/smartconnect_mem/inst/m00_nodes/m00_aw_node/inst/s_sc_xpm_cdc_async_rst_inst/arststages_ff_reg[2]/C





Min Delay Paths
--------------------------------------------------------------------------------------
Slack:                    inf
  Source:                 design_1_i/smartconnect_mem/inst/clk_map/psr_aclk/U0/ACTIVE_LOW_BSR_OUT_DFF[0].FDRE_BSR_N/C
                            (rising edge-triggered cell FDRE clocked by clk_pl_0  {rise@0.000ns fall@5.000ns period=10.000ns})
  Destination:            design_1_i/smartconnect_mem/inst/s00_entry_pipeline/s00_mmu/inst/xpm_cdc_async_rst_inst/arststages_ff_reg[0]/CLR
                            (removal check against rising-edge clock clk_pl_0  {rise@0.000ns fall@5.000ns period=10.000ns})
  Path Group:             (none)
  Path Type:              Removal (Min at Fast Process Corner)
  Data Path Delay:        0.232ns  (logic 0.039ns (16.784%)  route 0.193ns (83.216%))
  Logic Levels:           0  
  Clock Path Skew:        0.130ns (DCD - SCD - CPR)
    Destination Clock Delay (DCD):    0.984ns
    Source Clock Delay      (SCD):    0.854ns
    Clock Pessimism Removal (CPR):    -0.000ns
  Clock Uncertainty:      0.130ns  ((TSJ^2 + DJ^2)^1/2) / 2 + PE
    Total System Jitter     (TSJ):    0.071ns
    Discrete Jitter          (DJ):    0.250ns
    Phase Error              (PE):    0.000ns
  Clock Net Delay (Source):      0.761ns (routing 0.108ns, distribution 0.653ns)
  Clock Net Delay (Destination): 0.868ns (routing 0.121ns, distribution 0.747ns)
  Timing Exception:       False Path

    Location             Delay type                Incr(ns)  Path(ns)    Netlist Resource(s)
  -------------------------------------------------------------------    -------------------
                         (clock clk_pl_0 rise edge)
                                                      0.000     0.000 r  
    PS8_X0Y0             PS8                          0.000     0.000 r  design_1_i/zynq_ultra_ps_e_0/inst/PS8_i/PLCLK[0]
                         net (fo=1, routed)           0.076     0.076    design_1_i/zynq_ultra_ps_e_0/inst/pl_clk_unbuffered[0]
    BUFG_PS_X0Y58        BUFG_PS (Prop_BUFG_PS_I_O)
                                                      0.017     0.093 r  design_1_i/zynq_ultra_ps_e_0/inst/buffer_pl_clk_0.PL_CLK_0_BUFG/O
    X1Y2 (CLOCK_ROOT)    net (fo=29761, routed)       0.761     0.854    design_1_i/smartconnect_mem/inst/clk_map/psr_aclk/U0/aclk
    SLICE_X45Y78         FDRE                                         r  design_1_i/smartconnect_mem/inst/clk_map/psr_aclk/U0/ACTIVE_LOW_BSR_OUT_DFF[0].FDRE_BSR_N/C
  -------------------------------------------------------------------    -------------------
    SLICE_X45Y78         FDRE (Prop_DFF_SLICEL_C_Q)
                                                      0.039     0.893 r  design_1_i/smartconnect_mem/inst/clk_map/psr_aclk/U0/ACTIVE_LOW_BSR_OUT_DFF[0].FDRE_BSR_N/Q
                         net (fo=66, routed)          0.193     1.086    design_1_i/smartconnect_mem/inst/s00_entry_pipeline/s00_mmu/inst/xpm_cdc_async_rst_inst/src_arst
    SLICE_X40Y72         FDCE                                         f  design_1_i/smartconnect_mem/inst/s00_entry_pipeline/s00_mmu/inst/xpm_cdc_async_rst_inst/arststages_ff_reg[0]/CLR  (IS_INVERTED)
  -------------------------------------------------------------------    -------------------

                         (clock clk_pl_0 rise edge)
                                                      0.000     0.000 r  
    PS8_X0Y0             PS8                          0.000     0.000 r  design_1_i/zynq_ultra_ps_e_0/inst/PS8_i/PLCLK[0]
                         net (fo=1, routed)           0.098     0.098    design_1_i/zynq_ultra_ps_e_0/inst/pl_clk_unbuffered[0]
    BUFG_PS_X0Y58        BUFG_PS (Prop_BUFG_PS_I_O)
                                                      0.018     0.116 r  design_1_i/zynq_ultra_ps_e_0/inst/buffer_pl_clk_0.PL_CLK_0_BUFG/O
    X1Y2 (CLOCK_ROOT)    net (fo=29761, routed)       0.868     0.984    design_1_i/smartconnect_mem/inst/s00_entry_pipeline/s00_mmu/inst/xpm_cdc_async_rst_inst/dest_clk
    SLICE_X40Y72         FDCE                                         r  design_1_i/smartconnect_mem/inst/s00_entry_pipeline/s00_mmu/inst/xpm_cdc_async_rst_inst/arststages_ff_reg[0]/C

Slack:                    inf
  Source:                 design_1_i/smartconnect_mem/inst/clk_map/psr_aclk/U0/ACTIVE_LOW_BSR_OUT_DFF[0].FDRE_BSR_N/C
                            (rising edge-triggered cell FDRE clocked by clk_pl_0  {rise@0.000ns fall@5.000ns period=10.000ns})
  Destination:            design_1_i/smartconnect_mem/inst/s00_entry_pipeline/s00_mmu/inst/xpm_cdc_async_rst_inst/arststages_ff_reg[1]/CLR
                            (removal check against rising-edge clock clk_pl_0  {rise@0.000ns fall@5.000ns period=10.000ns})
  Path Group:             (none)
  Path Type:              Removal (Min at Fast Process Corner)
  Data Path Delay:        0.232ns  (logic 0.039ns (16.784%)  route 0.193ns (83.216%))
  Logic Levels:           0  
  Clock Path Skew:        0.130ns (DCD - SCD - CPR)
    Destination Clock Delay (DCD):    0.984ns
    Source Clock Delay      (SCD):    0.854ns
    Clock Pessimism Removal (CPR):    -0.000ns
  Clock Uncertainty:      0.130ns  ((TSJ^2 + DJ^2)^1/2) / 2 + PE
    Total System Jitter     (TSJ):    0.071ns
    Discrete Jitter          (DJ):    0.250ns
    Phase Error              (PE):    0.000ns
  Clock Net Delay (Source):      0.761ns (routing 0.108ns, distribution 0.653ns)
  Clock Net Delay (Destination): 0.868ns (routing 0.121ns, distribution 0.747ns)
  Timing Exception:       False Path

    Location             Delay type                Incr(ns)  Path(ns)    Netlist Resource(s)
  -------------------------------------------------------------------    -------------------
                         (clock clk_pl_0 rise edge)
                                                      0.000     0.000 r  
    PS8_X0Y0             PS8                          0.000     0.000 r  design_1_i/zynq_ultra_ps_e_0/inst/PS8_i/PLCLK[0]
                         net (fo=1, routed)           0.076     0.076    design_1_i/zynq_ultra_ps_e_0/inst/pl_clk_unbuffered[0]
    BUFG_PS_X0Y58        BUFG_PS (Prop_BUFG_PS_I_O)
                                                      0.017     0.093 r  design_1_i/zynq_ultra_ps_e_0/inst/buffer_pl_clk_0.PL_CLK_0_BUFG/O
    X1Y2 (CLOCK_ROOT)    net (fo=29761, routed)       0.761     0.854    design_1_i/smartconnect_mem/inst/clk_map/psr_aclk/U0/aclk
    SLICE_X45Y78         FDRE                                         r  design_1_i/smartconnect_mem/inst/clk_map/psr_aclk/U0/ACTIVE_LOW_BSR_OUT_DFF[0].FDRE_BSR_N/C
  -------------------------------------------------------------------    -------------------
    SLICE_X45Y78         FDRE (Prop_DFF_SLICEL_C_Q)
                                                      0.039     0.893 r  design_1_i/smartconnect_mem/inst/clk_map/psr_aclk/U0/ACTIVE_LOW_BSR_OUT_DFF[0].FDRE_BSR_N/Q
                         net (fo=66, routed)          0.193     1.086    design_1_i/smartconnect_mem/inst/s00_entry_pipeline/s00_mmu/inst/xpm_cdc_async_rst_inst/src_arst
    SLICE_X40Y72         FDCE                                         f  design_1_i/smartconnect_mem/inst/s00_entry_pipeline/s00_mmu/inst/xpm_cdc_async_rst_inst/arststages_ff_reg[1]/CLR  (IS_INVERTED)
  -------------------------------------------------------------------    -------------------

                         (clock clk_pl_0 rise edge)
                                                      0.000     0.000 r  
    PS8_X0Y0             PS8                          0.000     0.000 r  design_1_i/zynq_ultra_ps_e_0/inst/PS8_i/PLCLK[0]
                         net (fo=1, routed)           0.098     0.098    design_1_i/zynq_ultra_ps_e_0/inst/pl_clk_unbuffered[0]
    BUFG_PS_X0Y58        BUFG_PS (Prop_BUFG_PS_I_O)
                                                      0.018     0.116 r  design_1_i/zynq_ultra_ps_e_0/inst/buffer_pl_clk_0.PL_CLK_0_BUFG/O
    X1Y2 (CLOCK_ROOT)    net (fo=29761, routed)       0.868     0.984    design_1_i/smartconnect_mem/inst/s00_entry_pipeline/s00_mmu/inst/xpm_cdc_async_rst_inst/dest_clk
    SLICE_X40Y72         FDCE                                         r  design_1_i/smartconnect_mem/inst/s00_entry_pipeline/s00_mmu/inst/xpm_cdc_async_rst_inst/arststages_ff_reg[1]/C

Slack:                    inf
  Source:                 design_1_i/smartconnect_mem/inst/clk_map/psr_aclk/U0/ACTIVE_LOW_BSR_OUT_DFF[0].FDRE_BSR_N/C
                            (rising edge-triggered cell FDRE clocked by clk_pl_0  {rise@0.000ns fall@5.000ns period=10.000ns})
  Destination:            design_1_i/smartconnect_mem/inst/s00_entry_pipeline/s00_mmu/inst/xpm_cdc_async_rst_inst/arststages_ff_reg[2]/CLR
                            (removal check against rising-edge clock clk_pl_0  {rise@0.000ns fall@5.000ns period=10.000ns})
  Path Group:             (none)
  Path Type:              Removal (Min at Fast Process Corner)
  Data Path Delay:        0.232ns  (logic 0.039ns (16.784%)  route 0.193ns (83.216%))
  Logic Levels:           0  
  Clock Path Skew:        0.130ns (DCD - SCD - CPR)
    Destination Clock Delay (DCD):    0.984ns
    Source Clock Delay      (SCD):    0.854ns
    Clock Pessimism Removal (CPR):    -0.000ns
  Clock Uncertainty:      0.130ns  ((TSJ^2 + DJ^2)^1/2) / 2 + PE
    Total System Jitter     (TSJ):    0.071ns
    Discrete Jitter          (DJ):    0.250ns
    Phase Error              (PE):    0.000ns
  Clock Net Delay (Source):      0.761ns (routing 0.108ns, distribution 0.653ns)
  Clock Net Delay (Destination): 0.868ns (routing 0.121ns, distribution 0.747ns)
  Timing Exception:       False Path

    Location             Delay type                Incr(ns)  Path(ns)    Netlist Resource(s)
  -------------------------------------------------------------------    -------------------
                         (clock clk_pl_0 rise edge)
                                                      0.000     0.000 r  
    PS8_X0Y0             PS8                          0.000     0.000 r  design_1_i/zynq_ultra_ps_e_0/inst/PS8_i/PLCLK[0]
                         net (fo=1, routed)           0.076     0.076    design_1_i/zynq_ultra_ps_e_0/inst/pl_clk_unbuffered[0]
    BUFG_PS_X0Y58        BUFG_PS (Prop_BUFG_PS_I_O)
                                                      0.017     0.093 r  design_1_i/zynq_ultra_ps_e_0/inst/buffer_pl_clk_0.PL_CLK_0_BUFG/O
    X1Y2 (CLOCK_ROOT)    net (fo=29761, routed)       0.761     0.854    design_1_i/smartconnect_mem/inst/clk_map/psr_aclk/U0/aclk
    SLICE_X45Y78         FDRE                                         r  design_1_i/smartconnect_mem/inst/clk_map/psr_aclk/U0/ACTIVE_LOW_BSR_OUT_DFF[0].FDRE_BSR_N/C
  -------------------------------------------------------------------    -------------------
    SLICE_X45Y78         FDRE (Prop_DFF_SLICEL_C_Q)
                                                      0.039     0.893 r  design_1_i/smartconnect_mem/inst/clk_map/psr_aclk/U0/ACTIVE_LOW_BSR_OUT_DFF[0].FDRE_BSR_N/Q
                         net (fo=66, routed)          0.193     1.086    design_1_i/smartconnect_mem/inst/s00_entry_pipeline/s00_mmu/inst/xpm_cdc_async_rst_inst/src_arst
    SLICE_X40Y72         FDCE                                         f  design_1_i/smartconnect_mem/inst/s00_entry_pipeline/s00_mmu/inst/xpm_cdc_async_rst_inst/arststages_ff_reg[2]/CLR  (IS_INVERTED)
  -------------------------------------------------------------------    -------------------

                         (clock clk_pl_0 rise edge)
                                                      0.000     0.000 r  
    PS8_X0Y0             PS8                          0.000     0.000 r  design_1_i/zynq_ultra_ps_e_0/inst/PS8_i/PLCLK[0]
                         net (fo=1, routed)           0.098     0.098    design_1_i/zynq_ultra_ps_e_0/inst/pl_clk_unbuffered[0]
    BUFG_PS_X0Y58        BUFG_PS (Prop_BUFG_PS_I_O)
                                                      0.018     0.116 r  design_1_i/zynq_ultra_ps_e_0/inst/buffer_pl_clk_0.PL_CLK_0_BUFG/O
    X1Y2 (CLOCK_ROOT)    net (fo=29761, routed)       0.868     0.984    design_1_i/smartconnect_mem/inst/s00_entry_pipeline/s00_mmu/inst/xpm_cdc_async_rst_inst/dest_clk
    SLICE_X40Y72         FDCE                                         r  design_1_i/smartconnect_mem/inst/s00_entry_pipeline/s00_mmu/inst/xpm_cdc_async_rst_inst/arststages_ff_reg[2]/C

Slack:                    inf
  Source:                 design_1_i/smartconnect_ctrl/inst/clk_map/psr_aclk/U0/ACTIVE_LOW_BSR_OUT_DFF[0].FDRE_BSR_N/C
                            (rising edge-triggered cell FDRE clocked by clk_pl_0  {rise@0.000ns fall@5.000ns period=10.000ns})
  Destination:            design_1_i/smartconnect_ctrl/inst/s00_nodes/s00_ar_node/inst/s_sc_xpm_cdc_async_rst_inst/arststages_ff_reg[0]/CLR
                            (removal check against rising-edge clock clk_pl_0  {rise@0.000ns fall@5.000ns period=10.000ns})
  Path Group:             (none)
  Path Type:              Removal (Min at Fast Process Corner)
  Data Path Delay:        0.232ns  (logic 0.039ns (16.795%)  route 0.193ns (83.205%))
  Logic Levels:           0  
  Clock Path Skew:        0.120ns (DCD - SCD - CPR)
    Destination Clock Delay (DCD):    0.975ns
    Source Clock Delay      (SCD):    0.856ns
    Clock Pessimism Removal (CPR):    -0.000ns
  Clock Uncertainty:      0.130ns  ((TSJ^2 + DJ^2)^1/2) / 2 + PE
    Total System Jitter     (TSJ):    0.071ns
    Discrete Jitter          (DJ):    0.250ns
    Phase Error              (PE):    0.000ns
  Clock Net Delay (Source):      0.763ns (routing 0.108ns, distribution 0.655ns)
  Clock Net Delay (Destination): 0.859ns (routing 0.121ns, distribution 0.738ns)
  Timing Exception:       False Path

    Location             Delay type                Incr(ns)  Path(ns)    Netlist Resource(s)
  -------------------------------------------------------------------    -------------------
                         (clock clk_pl_0 rise edge)
                                                      0.000     0.000 r  
    PS8_X0Y0             PS8                          0.000     0.000 r  design_1_i/zynq_ultra_ps_e_0/inst/PS8_i/PLCLK[0]
                         net (fo=1, routed)           0.076     0.076    design_1_i/zynq_ultra_ps_e_0/inst/pl_clk_unbuffered[0]
    BUFG_PS_X0Y58        BUFG_PS (Prop_BUFG_PS_I_O)
                                                      0.017     0.093 r  design_1_i/zynq_ultra_ps_e_0/inst/buffer_pl_clk_0.PL_CLK_0_BUFG/O
    X1Y2 (CLOCK_ROOT)    net (fo=29761, routed)       0.763     0.856    design_1_i/smartconnect_ctrl/inst/clk_map/psr_aclk/U0/aclk
    SLICE_X43Y78         FDRE                                         r  design_1_i/smartconnect_ctrl/inst/clk_map/psr_aclk/U0/ACTIVE_LOW_BSR_OUT_DFF[0].FDRE_BSR_N/C
  -------------------------------------------------------------------    -------------------
    SLICE_X43Y78         FDRE (Prop_DFF_SLICEM_C_Q)
                                                      0.039     0.895 r  design_1_i/smartconnect_ctrl/inst/clk_map/psr_aclk/U0/ACTIVE_LOW_BSR_OUT_DFF[0].FDRE_BSR_N/Q
                         net (fo=93, routed)          0.193     1.088    design_1_i/smartconnect_ctrl/inst/s00_nodes/s00_ar_node/inst/s_sc_xpm_cdc_async_rst_inst/src_arst
    SLICE_X39Y76         FDCE                                         f  design_1_i/smartconnect_ctrl/inst/s00_nodes/s00_ar_node/inst/s_sc_xpm_cdc_async_rst_inst/arststages_ff_reg[0]/CLR  (IS_INVERTED)
  -------------------------------------------------------------------    -------------------

                         (clock clk_pl_0 rise edge)
                                                      0.000     0.000 r  
    PS8_X0Y0             PS8                          0.000     0.000 r  design_1_i/zynq_ultra_ps_e_0/inst/PS8_i/PLCLK[0]
                         net (fo=1, routed)           0.098     0.098    design_1_i/zynq_ultra_ps_e_0/inst/pl_clk_unbuffered[0]
    BUFG_PS_X0Y58        BUFG_PS (Prop_BUFG_PS_I_O)
                                                      0.018     0.116 r  design_1_i/zynq_ultra_ps_e_0/inst/buffer_pl_clk_0.PL_CLK_0_BUFG/O
    X1Y2 (CLOCK_ROOT)    net (fo=29761, routed)       0.859     0.975    design_1_i/smartconnect_ctrl/inst/s00_nodes/s00_ar_node/inst/s_sc_xpm_cdc_async_rst_inst/dest_clk
    SLICE_X39Y76         FDCE                                         r  design_1_i/smartconnect_ctrl/inst/s00_nodes/s00_ar_node/inst/s_sc_xpm_cdc_async_rst_inst/arststages_ff_reg[0]/C

Slack:                    inf
  Source:                 design_1_i/smartconnect_ctrl/inst/clk_map/psr_aclk/U0/ACTIVE_LOW_BSR_OUT_DFF[0].FDRE_BSR_N/C
                            (rising edge-triggered cell FDRE clocked by clk_pl_0  {rise@0.000ns fall@5.000ns period=10.000ns})
  Destination:            design_1_i/smartconnect_ctrl/inst/s00_nodes/s00_ar_node/inst/s_sc_xpm_cdc_async_rst_inst/arststages_ff_reg[1]/CLR
                            (removal check against rising-edge clock clk_pl_0  {rise@0.000ns fall@5.000ns period=10.000ns})
  Path Group:             (none)
  Path Type:              Removal (Min at Fast Process Corner)
  Data Path Delay:        0.232ns  (logic 0.039ns (16.795%)  route 0.193ns (83.205%))
  Logic Levels:           0  
  Clock Path Skew:        0.120ns (DCD - SCD - CPR)
    Destination Clock Delay (DCD):    0.975ns
    Source Clock Delay      (SCD):    0.856ns
    Clock Pessimism Removal (CPR):    -0.000ns
  Clock Uncertainty:      0.130ns  ((TSJ^2 + DJ^2)^1/2) / 2 + PE
    Total System Jitter     (TSJ):    0.071ns
    Discrete Jitter          (DJ):    0.250ns
    Phase Error              (PE):    0.000ns
  Clock Net Delay (Source):      0.763ns (routing 0.108ns, distribution 0.655ns)
  Clock Net Delay (Destination): 0.859ns (routing 0.121ns, distribution 0.738ns)
  Timing Exception:       False Path

    Location             Delay type                Incr(ns)  Path(ns)    Netlist Resource(s)
  -------------------------------------------------------------------    -------------------
                         (clock clk_pl_0 rise edge)
                                                      0.000     0.000 r  
    PS8_X0Y0             PS8                          0.000     0.000 r  design_1_i/zynq_ultra_ps_e_0/inst/PS8_i/PLCLK[0]
                         net (fo=1, routed)           0.076     0.076    design_1_i/zynq_ultra_ps_e_0/inst/pl_clk_unbuffered[0]
    BUFG_PS_X0Y58        BUFG_PS (Prop_BUFG_PS_I_O)
                                                      0.017     0.093 r  design_1_i/zynq_ultra_ps_e_0/inst/buffer_pl_clk_0.PL_CLK_0_BUFG/O
    X1Y2 (CLOCK_ROOT)    net (fo=29761, routed)       0.763     0.856    design_1_i/smartconnect_ctrl/inst/clk_map/psr_aclk/U0/aclk
    SLICE_X43Y78         FDRE                                         r  design_1_i/smartconnect_ctrl/inst/clk_map/psr_aclk/U0/ACTIVE_LOW_BSR_OUT_DFF[0].FDRE_BSR_N/C
  -------------------------------------------------------------------    -------------------
    SLICE_X43Y78         FDRE (Prop_DFF_SLICEM_C_Q)
                                                      0.039     0.895 r  design_1_i/smartconnect_ctrl/inst/clk_map/psr_aclk/U0/ACTIVE_LOW_BSR_OUT_DFF[0].FDRE_BSR_N/Q
                         net (fo=93, routed)          0.193     1.088    design_1_i/smartconnect_ctrl/inst/s00_nodes/s00_ar_node/inst/s_sc_xpm_cdc_async_rst_inst/src_arst
    SLICE_X39Y76         FDCE                                         f  design_1_i/smartconnect_ctrl/inst/s00_nodes/s00_ar_node/inst/s_sc_xpm_cdc_async_rst_inst/arststages_ff_reg[1]/CLR  (IS_INVERTED)
  -------------------------------------------------------------------    -------------------

                         (clock clk_pl_0 rise edge)
                                                      0.000     0.000 r  
    PS8_X0Y0             PS8                          0.000     0.000 r  design_1_i/zynq_ultra_ps_e_0/inst/PS8_i/PLCLK[0]
                         net (fo=1, routed)           0.098     0.098    design_1_i/zynq_ultra_ps_e_0/inst/pl_clk_unbuffered[0]
    BUFG_PS_X0Y58        BUFG_PS (Prop_BUFG_PS_I_O)
                                                      0.018     0.116 r  design_1_i/zynq_ultra_ps_e_0/inst/buffer_pl_clk_0.PL_CLK_0_BUFG/O
    X1Y2 (CLOCK_ROOT)    net (fo=29761, routed)       0.859     0.975    design_1_i/smartconnect_ctrl/inst/s00_nodes/s00_ar_node/inst/s_sc_xpm_cdc_async_rst_inst/dest_clk
    SLICE_X39Y76         FDCE                                         r  design_1_i/smartconnect_ctrl/inst/s00_nodes/s00_ar_node/inst/s_sc_xpm_cdc_async_rst_inst/arststages_ff_reg[1]/C

Slack:                    inf
  Source:                 design_1_i/smartconnect_ctrl/inst/clk_map/psr_aclk/U0/ACTIVE_LOW_BSR_OUT_DFF[0].FDRE_BSR_N/C
                            (rising edge-triggered cell FDRE clocked by clk_pl_0  {rise@0.000ns fall@5.000ns period=10.000ns})
  Destination:            design_1_i/smartconnect_ctrl/inst/s00_nodes/s00_ar_node/inst/s_sc_xpm_cdc_async_rst_inst/arststages_ff_reg[2]/CLR
                            (removal check against rising-edge clock clk_pl_0  {rise@0.000ns fall@5.000ns period=10.000ns})
  Path Group:             (none)
  Path Type:              Removal (Min at Fast Process Corner)
  Data Path Delay:        0.232ns  (logic 0.039ns (16.795%)  route 0.193ns (83.205%))
  Logic Levels:           0  
  Clock Path Skew:        0.120ns (DCD - SCD - CPR)
    Destination Clock Delay (DCD):    0.975ns
    Source Clock Delay      (SCD):    0.856ns
    Clock Pessimism Removal (CPR):    -0.000ns
  Clock Uncertainty:      0.130ns  ((TSJ^2 + DJ^2)^1/2) / 2 + PE
    Total System Jitter     (TSJ):    0.071ns
    Discrete Jitter          (DJ):    0.250ns
    Phase Error              (PE):    0.000ns
  Clock Net Delay (Source):      0.763ns (routing 0.108ns, distribution 0.655ns)
  Clock Net Delay (Destination): 0.859ns (routing 0.121ns, distribution 0.738ns)
  Timing Exception:       False Path

    Location             Delay type                Incr(ns)  Path(ns)    Netlist Resource(s)
  -------------------------------------------------------------------    -------------------
                         (clock clk_pl_0 rise edge)
                                                      0.000     0.000 r  
    PS8_X0Y0             PS8                          0.000     0.000 r  design_1_i/zynq_ultra_ps_e_0/inst/PS8_i/PLCLK[0]
                         net (fo=1, routed)           0.076     0.076    design_1_i/zynq_ultra_ps_e_0/inst/pl_clk_unbuffered[0]
    BUFG_PS_X0Y58        BUFG_PS (Prop_BUFG_PS_I_O)
                                                      0.017     0.093 r  design_1_i/zynq_ultra_ps_e_0/inst/buffer_pl_clk_0.PL_CLK_0_BUFG/O
    X1Y2 (CLOCK_ROOT)    net (fo=29761, routed)       0.763     0.856    design_1_i/smartconnect_ctrl/inst/clk_map/psr_aclk/U0/aclk
    SLICE_X43Y78         FDRE                                         r  design_1_i/smartconnect_ctrl/inst/clk_map/psr_aclk/U0/ACTIVE_LOW_BSR_OUT_DFF[0].FDRE_BSR_N/C
  -------------------------------------------------------------------    -------------------
    SLICE_X43Y78         FDRE (Prop_DFF_SLICEM_C_Q)
                                                      0.039     0.895 r  design_1_i/smartconnect_ctrl/inst/clk_map/psr_aclk/U0/ACTIVE_LOW_BSR_OUT_DFF[0].FDRE_BSR_N/Q
                         net (fo=93, routed)          0.193     1.088    design_1_i/smartconnect_ctrl/inst/s00_nodes/s00_ar_node/inst/s_sc_xpm_cdc_async_rst_inst/src_arst
    SLICE_X39Y76         FDCE                                         f  design_1_i/smartconnect_ctrl/inst/s00_nodes/s00_ar_node/inst/s_sc_xpm_cdc_async_rst_inst/arststages_ff_reg[2]/CLR  (IS_INVERTED)
  -------------------------------------------------------------------    -------------------

                         (clock clk_pl_0 rise edge)
                                                      0.000     0.000 r  
    PS8_X0Y0             PS8                          0.000     0.000 r  design_1_i/zynq_ultra_ps_e_0/inst/PS8_i/PLCLK[0]
                         net (fo=1, routed)           0.098     0.098    design_1_i/zynq_ultra_ps_e_0/inst/pl_clk_unbuffered[0]
    BUFG_PS_X0Y58        BUFG_PS (Prop_BUFG_PS_I_O)
                                                      0.018     0.116 r  design_1_i/zynq_ultra_ps_e_0/inst/buffer_pl_clk_0.PL_CLK_0_BUFG/O
    X1Y2 (CLOCK_ROOT)    net (fo=29761, routed)       0.859     0.975    design_1_i/smartconnect_ctrl/inst/s00_nodes/s00_ar_node/inst/s_sc_xpm_cdc_async_rst_inst/dest_clk
    SLICE_X39Y76         FDCE                                         r  design_1_i/smartconnect_ctrl/inst/s00_nodes/s00_ar_node/inst/s_sc_xpm_cdc_async_rst_inst/arststages_ff_reg[2]/C

Slack:                    inf
  Source:                 design_1_i/smartconnect_ctrl/inst/clk_map/psr_aclk/U0/ACTIVE_LOW_BSR_OUT_DFF[0].FDRE_BSR_N/C
                            (rising edge-triggered cell FDRE clocked by clk_pl_0  {rise@0.000ns fall@5.000ns period=10.000ns})
  Destination:            design_1_i/smartconnect_ctrl/inst/m02_nodes/m02_w_node/inst/s_sc_xpm_cdc_async_rst_inst/arststages_ff_reg[0]/CLR
                            (removal check against rising-edge clock clk_pl_0  {rise@0.000ns fall@5.000ns period=10.000ns})
  Path Group:             (none)
  Path Type:              Removal (Min at Fast Process Corner)
  Data Path Delay:        0.235ns  (logic 0.039ns (16.581%)  route 0.196ns (83.419%))
  Logic Levels:           0  
  Clock Path Skew:        0.119ns (DCD - SCD - CPR)
    Destination Clock Delay (DCD):    0.974ns
    Source Clock Delay      (SCD):    0.856ns
    Clock Pessimism Removal (CPR):    -0.000ns
  Clock Uncertainty:      0.130ns  ((TSJ^2 + DJ^2)^1/2) / 2 + PE
    Total System Jitter     (TSJ):    0.071ns
    Discrete Jitter          (DJ):    0.250ns
    Phase Error              (PE):    0.000ns
  Clock Net Delay (Source):      0.763ns (routing 0.108ns, distribution 0.655ns)
  Clock Net Delay (Destination): 0.858ns (routing 0.121ns, distribution 0.737ns)
  Timing Exception:       False Path

    Location             Delay type                Incr(ns)  Path(ns)    Netlist Resource(s)
  -------------------------------------------------------------------    -------------------
                         (clock clk_pl_0 rise edge)
                                                      0.000     0.000 r  
    PS8_X0Y0             PS8                          0.000     0.000 r  design_1_i/zynq_ultra_ps_e_0/inst/PS8_i/PLCLK[0]
                         net (fo=1, routed)           0.076     0.076    design_1_i/zynq_ultra_ps_e_0/inst/pl_clk_unbuffered[0]
    BUFG_PS_X0Y58        BUFG_PS (Prop_BUFG_PS_I_O)
                                                      0.017     0.093 r  design_1_i/zynq_ultra_ps_e_0/inst/buffer_pl_clk_0.PL_CLK_0_BUFG/O
    X1Y2 (CLOCK_ROOT)    net (fo=29761, routed)       0.763     0.856    design_1_i/smartconnect_ctrl/inst/clk_map/psr_aclk/U0/aclk
    SLICE_X43Y78         FDRE                                         r  design_1_i/smartconnect_ctrl/inst/clk_map/psr_aclk/U0/ACTIVE_LOW_BSR_OUT_DFF[0].FDRE_BSR_N/C
  -------------------------------------------------------------------    -------------------
    SLICE_X43Y78         FDRE (Prop_DFF_SLICEM_C_Q)
                                                      0.039     0.895 r  design_1_i/smartconnect_ctrl/inst/clk_map/psr_aclk/U0/ACTIVE_LOW_BSR_OUT_DFF[0].FDRE_BSR_N/Q
                         net (fo=93, routed)          0.196     1.091    design_1_i/smartconnect_ctrl/inst/m02_nodes/m02_w_node/inst/s_sc_xpm_cdc_async_rst_inst/src_arst
    SLICE_X39Y79         FDCE                                         f  design_1_i/smartconnect_ctrl/inst/m02_nodes/m02_w_node/inst/s_sc_xpm_cdc_async_rst_inst/arststages_ff_reg[0]/CLR  (IS_INVERTED)
  -------------------------------------------------------------------    -------------------

                         (clock clk_pl_0 rise edge)
                                                      0.000     0.000 r  
    PS8_X0Y0             PS8                          0.000     0.000 r  design_1_i/zynq_ultra_ps_e_0/inst/PS8_i/PLCLK[0]
                         net (fo=1, routed)           0.098     0.098    design_1_i/zynq_ultra_ps_e_0/inst/pl_clk_unbuffered[0]
    BUFG_PS_X0Y58        BUFG_PS (Prop_BUFG_PS_I_O)
                                                      0.018     0.116 r  design_1_i/zynq_ultra_ps_e_0/inst/buffer_pl_clk_0.PL_CLK_0_BUFG/O
    X1Y2 (CLOCK_ROOT)    net (fo=29761, routed)       0.858     0.974    design_1_i/smartconnect_ctrl/inst/m02_nodes/m02_w_node/inst/s_sc_xpm_cdc_async_rst_inst/dest_clk
    SLICE_X39Y79         FDCE                                         r  design_1_i/smartconnect_ctrl/inst/m02_nodes/m02_w_node/inst/s_sc_xpm_cdc_async_rst_inst/arststages_ff_reg[0]/C

Slack:                    inf
  Source:                 design_1_i/smartconnect_ctrl/inst/clk_map/psr_aclk/U0/ACTIVE_LOW_BSR_OUT_DFF[0].FDRE_BSR_N/C
                            (rising edge-triggered cell FDRE clocked by clk_pl_0  {rise@0.000ns fall@5.000ns period=10.000ns})
  Destination:            design_1_i/smartconnect_ctrl/inst/m02_nodes/m02_w_node/inst/s_sc_xpm_cdc_async_rst_inst/arststages_ff_reg[1]/CLR
                            (removal check against rising-edge clock clk_pl_0  {rise@0.000ns fall@5.000ns period=10.000ns})
  Path Group:             (none)
  Path Type:              Removal (Min at Fast Process Corner)
  Data Path Delay:        0.235ns  (logic 0.039ns (16.581%)  route 0.196ns (83.419%))
  Logic Levels:           0  
  Clock Path Skew:        0.119ns (DCD - SCD - CPR)
    Destination Clock Delay (DCD):    0.974ns
    Source Clock Delay      (SCD):    0.856ns
    Clock Pessimism Removal (CPR):    -0.000ns
  Clock Uncertainty:      0.130ns  ((TSJ^2 + DJ^2)^1/2) / 2 + PE
    Total System Jitter     (TSJ):    0.071ns
    Discrete Jitter          (DJ):    0.250ns
    Phase Error              (PE):    0.000ns
  Clock Net Delay (Source):      0.763ns (routing 0.108ns, distribution 0.655ns)
  Clock Net Delay (Destination): 0.858ns (routing 0.121ns, distribution 0.737ns)
  Timing Exception:       False Path

    Location             Delay type                Incr(ns)  Path(ns)    Netlist Resource(s)
  -------------------------------------------------------------------    -------------------
                         (clock clk_pl_0 rise edge)
                                                      0.000     0.000 r  
    PS8_X0Y0             PS8                          0.000     0.000 r  design_1_i/zynq_ultra_ps_e_0/inst/PS8_i/PLCLK[0]
                         net (fo=1, routed)           0.076     0.076    design_1_i/zynq_ultra_ps_e_0/inst/pl_clk_unbuffered[0]
    BUFG_PS_X0Y58        BUFG_PS (Prop_BUFG_PS_I_O)
                                                      0.017     0.093 r  design_1_i/zynq_ultra_ps_e_0/inst/buffer_pl_clk_0.PL_CLK_0_BUFG/O
    X1Y2 (CLOCK_ROOT)    net (fo=29761, routed)       0.763     0.856    design_1_i/smartconnect_ctrl/inst/clk_map/psr_aclk/U0/aclk
    SLICE_X43Y78         FDRE                                         r  design_1_i/smartconnect_ctrl/inst/clk_map/psr_aclk/U0/ACTIVE_LOW_BSR_OUT_DFF[0].FDRE_BSR_N/C
  -------------------------------------------------------------------    -------------------
    SLICE_X43Y78         FDRE (Prop_DFF_SLICEM_C_Q)
                                                      0.039     0.895 r  design_1_i/smartconnect_ctrl/inst/clk_map/psr_aclk/U0/ACTIVE_LOW_BSR_OUT_DFF[0].FDRE_BSR_N/Q
                         net (fo=93, routed)          0.196     1.091    design_1_i/smartconnect_ctrl/inst/m02_nodes/m02_w_node/inst/s_sc_xpm_cdc_async_rst_inst/src_arst
    SLICE_X39Y79         FDCE                                         f  design_1_i/smartconnect_ctrl/inst/m02_nodes/m02_w_node/inst/s_sc_xpm_cdc_async_rst_inst/arststages_ff_reg[1]/CLR  (IS_INVERTED)
  -------------------------------------------------------------------    -------------------

                         (clock clk_pl_0 rise edge)
                                                      0.000     0.000 r  
    PS8_X0Y0             PS8                          0.000     0.000 r  design_1_i/zynq_ultra_ps_e_0/inst/PS8_i/PLCLK[0]
                         net (fo=1, routed)           0.098     0.098    design_1_i/zynq_ultra_ps_e_0/inst/pl_clk_unbuffered[0]
    BUFG_PS_X0Y58        BUFG_PS (Prop_BUFG_PS_I_O)
                                                      0.018     0.116 r  design_1_i/zynq_ultra_ps_e_0/inst/buffer_pl_clk_0.PL_CLK_0_BUFG/O
    X1Y2 (CLOCK_ROOT)    net (fo=29761, routed)       0.858     0.974    design_1_i/smartconnect_ctrl/inst/m02_nodes/m02_w_node/inst/s_sc_xpm_cdc_async_rst_inst/dest_clk
    SLICE_X39Y79         FDCE                                         r  design_1_i/smartconnect_ctrl/inst/m02_nodes/m02_w_node/inst/s_sc_xpm_cdc_async_rst_inst/arststages_ff_reg[1]/C

Slack:                    inf
  Source:                 design_1_i/smartconnect_ctrl/inst/clk_map/psr_aclk/U0/ACTIVE_LOW_BSR_OUT_DFF[0].FDRE_BSR_N/C
                            (rising edge-triggered cell FDRE clocked by clk_pl_0  {rise@0.000ns fall@5.000ns period=10.000ns})
  Destination:            design_1_i/smartconnect_ctrl/inst/m02_nodes/m02_w_node/inst/s_sc_xpm_cdc_async_rst_inst/arststages_ff_reg[2]/CLR
                            (removal check against rising-edge clock clk_pl_0  {rise@0.000ns fall@5.000ns period=10.000ns})
  Path Group:             (none)
  Path Type:              Removal (Min at Fast Process Corner)
  Data Path Delay:        0.235ns  (logic 0.039ns (16.581%)  route 0.196ns (83.419%))
  Logic Levels:           0  
  Clock Path Skew:        0.119ns (DCD - SCD - CPR)
    Destination Clock Delay (DCD):    0.974ns
    Source Clock Delay      (SCD):    0.856ns
    Clock Pessimism Removal (CPR):    -0.000ns
  Clock Uncertainty:      0.130ns  ((TSJ^2 + DJ^2)^1/2) / 2 + PE
    Total System Jitter     (TSJ):    0.071ns
    Discrete Jitter          (DJ):    0.250ns
    Phase Error              (PE):    0.000ns
  Clock Net Delay (Source):      0.763ns (routing 0.108ns, distribution 0.655ns)
  Clock Net Delay (Destination): 0.858ns (routing 0.121ns, distribution 0.737ns)
  Timing Exception:       False Path

    Location             Delay type                Incr(ns)  Path(ns)    Netlist Resource(s)
  -------------------------------------------------------------------    -------------------
                         (clock clk_pl_0 rise edge)
                                                      0.000     0.000 r  
    PS8_X0Y0             PS8                          0.000     0.000 r  design_1_i/zynq_ultra_ps_e_0/inst/PS8_i/PLCLK[0]
                         net (fo=1, routed)           0.076     0.076    design_1_i/zynq_ultra_ps_e_0/inst/pl_clk_unbuffered[0]
    BUFG_PS_X0Y58        BUFG_PS (Prop_BUFG_PS_I_O)
                                                      0.017     0.093 r  design_1_i/zynq_ultra_ps_e_0/inst/buffer_pl_clk_0.PL_CLK_0_BUFG/O
    X1Y2 (CLOCK_ROOT)    net (fo=29761, routed)       0.763     0.856    design_1_i/smartconnect_ctrl/inst/clk_map/psr_aclk/U0/aclk
    SLICE_X43Y78         FDRE                                         r  design_1_i/smartconnect_ctrl/inst/clk_map/psr_aclk/U0/ACTIVE_LOW_BSR_OUT_DFF[0].FDRE_BSR_N/C
  -------------------------------------------------------------------    -------------------
    SLICE_X43Y78         FDRE (Prop_DFF_SLICEM_C_Q)
                                                      0.039     0.895 r  design_1_i/smartconnect_ctrl/inst/clk_map/psr_aclk/U0/ACTIVE_LOW_BSR_OUT_DFF[0].FDRE_BSR_N/Q
                         net (fo=93, routed)          0.196     1.091    design_1_i/smartconnect_ctrl/inst/m02_nodes/m02_w_node/inst/s_sc_xpm_cdc_async_rst_inst/src_arst
    SLICE_X39Y79         FDCE                                         f  design_1_i/smartconnect_ctrl/inst/m02_nodes/m02_w_node/inst/s_sc_xpm_cdc_async_rst_inst/arststages_ff_reg[2]/CLR  (IS_INVERTED)
  -------------------------------------------------------------------    -------------------

                         (clock clk_pl_0 rise edge)
                                                      0.000     0.000 r  
    PS8_X0Y0             PS8                          0.000     0.000 r  design_1_i/zynq_ultra_ps_e_0/inst/PS8_i/PLCLK[0]
                         net (fo=1, routed)           0.098     0.098    design_1_i/zynq_ultra_ps_e_0/inst/pl_clk_unbuffered[0]
    BUFG_PS_X0Y58        BUFG_PS (Prop_BUFG_PS_I_O)
                                                      0.018     0.116 r  design_1_i/zynq_ultra_ps_e_0/inst/buffer_pl_clk_0.PL_CLK_0_BUFG/O
    X1Y2 (CLOCK_ROOT)    net (fo=29761, routed)       0.858     0.974    design_1_i/smartconnect_ctrl/inst/m02_nodes/m02_w_node/inst/s_sc_xpm_cdc_async_rst_inst/dest_clk
    SLICE_X39Y79         FDCE                                         r  design_1_i/smartconnect_ctrl/inst/m02_nodes/m02_w_node/inst/s_sc_xpm_cdc_async_rst_inst/arststages_ff_reg[2]/C

Slack:                    inf
  Source:                 design_1_i/smartconnect_mem/inst/clk_map/psr_aclk/U0/ACTIVE_LOW_BSR_OUT_DFF[0].FDRE_BSR_N/C
                            (rising edge-triggered cell FDRE clocked by clk_pl_0  {rise@0.000ns fall@5.000ns period=10.000ns})
  Destination:            design_1_i/smartconnect_mem/inst/s00_entry_pipeline/s00_si_converter/inst/xpm_cdc_async_rst_inst/arststages_ff_reg[0]/CLR
                            (removal check against rising-edge clock clk_pl_0  {rise@0.000ns fall@5.000ns period=10.000ns})
  Path Group:             (none)
  Path Type:              Removal (Min at Fast Process Corner)
  Data Path Delay:        0.354ns  (logic 0.039ns (11.021%)  route 0.315ns (88.979%))
  Logic Levels:           0  
  Clock Path Skew:        0.144ns (DCD - SCD - CPR)
    Destination Clock Delay (DCD):    0.998ns
    Source Clock Delay      (SCD):    0.854ns
    Clock Pessimism Removal (CPR):    -0.000ns
  Clock Uncertainty:      0.130ns  ((TSJ^2 + DJ^2)^1/2) / 2 + PE
    Total System Jitter     (TSJ):    0.071ns
    Discrete Jitter          (DJ):    0.250ns
    Phase Error              (PE):    0.000ns
  Clock Net Delay (Source):      0.761ns (routing 0.108ns, distribution 0.653ns)
  Clock Net Delay (Destination): 0.882ns (routing 0.121ns, distribution 0.761ns)
  Timing Exception:       False Path

    Location             Delay type                Incr(ns)  Path(ns)    Netlist Resource(s)
  -------------------------------------------------------------------    -------------------
                         (clock clk_pl_0 rise edge)
                                                      0.000     0.000 r  
    PS8_X0Y0             PS8                          0.000     0.000 r  design_1_i/zynq_ultra_ps_e_0/inst/PS8_i/PLCLK[0]
                         net (fo=1, routed)           0.076     0.076    design_1_i/zynq_ultra_ps_e_0/inst/pl_clk_unbuffered[0]
    BUFG_PS_X0Y58        BUFG_PS (Prop_BUFG_PS_I_O)
                                                      0.017     0.093 r  design_1_i/zynq_ultra_ps_e_0/inst/buffer_pl_clk_0.PL_CLK_0_BUFG/O
    X1Y2 (CLOCK_ROOT)    net (fo=29761, routed)       0.761     0.854    design_1_i/smartconnect_mem/inst/clk_map/psr_aclk/U0/aclk
    SLICE_X45Y78         FDRE                                         r  design_1_i/smartconnect_mem/inst/clk_map/psr_aclk/U0/ACTIVE_LOW_BSR_OUT_DFF[0].FDRE_BSR_N/C
  -------------------------------------------------------------------    -------------------
    SLICE_X45Y78         FDRE (Prop_DFF_SLICEL_C_Q)
                                                      0.039     0.893 r  design_1_i/smartconnect_mem/inst/clk_map/psr_aclk/U0/ACTIVE_LOW_BSR_OUT_DFF[0].FDRE_BSR_N/Q
                         net (fo=66, routed)          0.315     1.208    design_1_i/smartconnect_mem/inst/s00_entry_pipeline/s00_si_converter/inst/xpm_cdc_async_rst_inst/src_arst
    SLICE_X40Y57         FDCE                                         f  design_1_i/smartconnect_mem/inst/s00_entry_pipeline/s00_si_converter/inst/xpm_cdc_async_rst_inst/arststages_ff_reg[0]/CLR  (IS_INVERTED)
  -------------------------------------------------------------------    -------------------

                         (clock clk_pl_0 rise edge)
                                                      0.000     0.000 r  
    PS8_X0Y0             PS8                          0.000     0.000 r  design_1_i/zynq_ultra_ps_e_0/inst/PS8_i/PLCLK[0]
                         net (fo=1, routed)           0.098     0.098    design_1_i/zynq_ultra_ps_e_0/inst/pl_clk_unbuffered[0]
    BUFG_PS_X0Y58        BUFG_PS (Prop_BUFG_PS_I_O)
                                                      0.018     0.116 r  design_1_i/zynq_ultra_ps_e_0/inst/buffer_pl_clk_0.PL_CLK_0_BUFG/O
    X1Y2 (CLOCK_ROOT)    net (fo=29761, routed)       0.882     0.998    design_1_i/smartconnect_mem/inst/s00_entry_pipeline/s00_si_converter/inst/xpm_cdc_async_rst_inst/dest_clk
    SLICE_X40Y57         FDCE                                         r  design_1_i/smartconnect_mem/inst/s00_entry_pipeline/s00_si_converter/inst/xpm_cdc_async_rst_inst/arststages_ff_reg[0]/C





