Copyright 1986-2022 Xilinx, Inc. All Rights Reserved. Copyright 2022-2024 Advanced Micro Devices, Inc. All Rights Reserved.
------------------------------------------------------------------------------------------------------------------------------------------------------
| Tool Version : Vivado v.2024.1 (win64) Build 5076996 Wed May 22 18:37:14 MDT 2024
| Date         : Fri Apr  3 07:41:32 2026
| Host         : 13600kf running 64-bit major release  (build 9200)
| Command      : report_drc -file reuse_mamba_block_top_drc_opted.rpt -pb reuse_mamba_block_top_drc_opted.pb -rpx reuse_mamba_block_top_drc_opted.rpx
| Design       : reuse_mamba_block_top
| Device       : xczu9eg-ffvb1156-2-e
| Speed File   : -2
| Design State : Synthesized
------------------------------------------------------------------------------------------------------------------------------------------------------

Report DRC

Table of Contents
-----------------
1. REPORT SUMMARY
2. REPORT DETAILS

1. REPORT SUMMARY
-----------------
            Netlist: netlist
          Floorplan: checkpoint_reuse_mamba_block_top
      Design limits: <entire design considered>
           Ruledeck: default
             Max violations: <unlimited>
             Violations found: 299
+---------+------------------+----------------------------+------------+
| Rule    | Severity         | Description                | Violations |
+---------+------------------+----------------------------+------------+
| NSTD-1  | Critical Warning | Unspecified I/O Standard   | 1          |
| UCIO-1  | Critical Warning | Unconstrained Logical Port | 1          |
| DPIP-2  | Warning          | Input pipelining           | 212        |
| DPOP-4  | Warning          | MREG Output pipelining     | 84         |
| IOCNT-1 | Warning          | Number of IOs              | 1          |
+---------+------------------+----------------------------+------------+

2. REPORT DETAILS
-----------------
NSTD-1#1 Critical Warning
Unspecified I/O Standard  
358 out of 358 logical ports use I/O standard (IOSTANDARD) value 'DEFAULT', instead of a user assigned specific value. This may cause I/O contention or incompatibility with the board power or connectivity affecting performance, signal integrity or in extreme cases cause damage to the device or the components to which it is connected. To correct this violation, specify all I/O standards. This design will fail to generate a bitstream unless all logical ports have a user specified I/O standard value defined. To allow bitstream creation with unspecified I/O standard values (not recommended), use this command: set_property SEVERITY {Warning} [get_drc_checks NSTD-1].  NOTE: When using the Vivado Runs infrastructure (e.g. launch_runs Tcl command), add this command to a .tcl file and add that file as a pre-hook for write_bitstream step for the implementation run. Problem ports: block_auto_mode, block_busy, block_done, block_start, clk,
g_axis_TDATA[0][15:0], g_axis_TDATA[1][15:0], g_axis_TDATA[2][15:0],
g_axis_TDATA[3][15:0], g_axis_TREADY, g_axis_TVALID, h_wr_en, inproj_busy,
inproj_done, u_rd_addr[5:0] (the first 15 of 44 listed).
Related violations: <none>

UCIO-1#1 Critical Warning
Unconstrained Logical Port  
358 out of 358 logical ports have no user assigned specific location constraint (LOC). This may cause I/O contention or incompatibility with the board power or connectivity affecting performance, signal integrity or in extreme cases cause damage to the device or the components to which it is connected. To correct this violation, specify all pin locations. This design will fail to generate a bitstream unless all logical ports have a user specified site LOC constraint defined.  To allow bitstream creation with unspecified pin locations (not recommended), use this command: set_property SEVERITY {Warning} [get_drc_checks UCIO-1].  NOTE: When using the Vivado Runs infrastructure (e.g. launch_runs Tcl command), add this command to a .tcl file and add that file as a pre-hook for write_bitstream step for the implementation run.  Problem ports: block_auto_mode, block_busy, block_done, block_start, clk,
g_axis_TDATA[0][15:0], g_axis_TDATA[1][15:0], g_axis_TDATA[2][15:0],
g_axis_TDATA[3][15:0], g_axis_TREADY, g_axis_TVALID, h_wr_en, inproj_busy,
inproj_done, u_rd_addr[5:0] (the first 15 of 44 listed).
Related violations: <none>

DPIP-2#1 Warning
Input pipelining  
DSP u_mgr/u_shared_fabric/u_shared_pipeline/u_pipeline_4array_top/u_array1/ROW[0].COL[0].u_pe/dsp_accum0 input u_mgr/u_shared_fabric/u_shared_pipeline/u_pipeline_4array_top/u_array1/ROW[0].COL[0].u_pe/dsp_accum0/A[29:0] is not pipelined. Pipelining DSP48 input will improve performance.
Related violations: <none>

DPIP-2#2 Warning
Input pipelining  
DSP u_mgr/u_shared_fabric/u_shared_pipeline/u_pipeline_4array_top/u_array1/ROW[0].COL[0].u_pe/dsp_accum0 input u_mgr/u_shared_fabric/u_shared_pipeline/u_pipeline_4array_top/u_array1/ROW[0].COL[0].u_pe/dsp_accum0/B[17:0] is not pipelined. Pipelining DSP48 input will improve performance.
Related violations: <none>

DPIP-2#3 Warning
Input pipelining  
DSP u_mgr/u_shared_fabric/u_shared_pipeline/u_pipeline_4array_top/u_array1/ROW[0].COL[1].u_pe/dsp_accum0 input u_mgr/u_shared_fabric/u_shared_pipeline/u_pipeline_4array_top/u_array1/ROW[0].COL[1].u_pe/dsp_accum0/A[29:0] is not pipelined. Pipelining DSP48 input will improve performance.
Related violations: <none>

DPIP-2#4 Warning
Input pipelining  
DSP u_mgr/u_shared_fabric/u_shared_pipeline/u_pipeline_4array_top/u_array1/ROW[0].COL[1].u_pe/dsp_accum0 input u_mgr/u_shared_fabric/u_shared_pipeline/u_pipeline_4array_top/u_array1/ROW[0].COL[1].u_pe/dsp_accum0/B[17:0] is not pipelined. Pipelining DSP48 input will improve performance.
Related violations: <none>

DPIP-2#5 Warning
Input pipelining  
DSP u_mgr/u_shared_fabric/u_shared_pipeline/u_pipeline_4array_top/u_array1/ROW[0].COL[2].u_pe/dsp_accum0 input u_mgr/u_shared_fabric/u_shared_pipeline/u_pipeline_4array_top/u_array1/ROW[0].COL[2].u_pe/dsp_accum0/A[29:0] is not pipelined. Pipelining DSP48 input will improve performance.
Related violations: <none>

DPIP-2#6 Warning
Input pipelining  
DSP u_mgr/u_shared_fabric/u_shared_pipeline/u_pipeline_4array_top/u_array1/ROW[0].COL[2].u_pe/dsp_accum0 input u_mgr/u_shared_fabric/u_shared_pipeline/u_pipeline_4array_top/u_array1/ROW[0].COL[2].u_pe/dsp_accum0/B[17:0] is not pipelined. Pipelining DSP48 input will improve performance.
Related violations: <none>

DPIP-2#7 Warning
Input pipelining  
DSP u_mgr/u_shared_fabric/u_shared_pipeline/u_pipeline_4array_top/u_array1/ROW[0].COL[3].u_pe/dsp_accum0 input u_mgr/u_shared_fabric/u_shared_pipeline/u_pipeline_4array_top/u_array1/ROW[0].COL[3].u_pe/dsp_accum0/A[29:0] is not pipelined. Pipelining DSP48 input will improve performance.
Related violations: <none>

DPIP-2#8 Warning
Input pipelining  
DSP u_mgr/u_shared_fabric/u_shared_pipeline/u_pipeline_4array_top/u_array1/ROW[0].COL[3].u_pe/dsp_accum0 input u_mgr/u_shared_fabric/u_shared_pipeline/u_pipeline_4array_top/u_array1/ROW[0].COL[3].u_pe/dsp_accum0/B[17:0] is not pipelined. Pipelining DSP48 input will improve performance.
Related violations: <none>

DPIP-2#9 Warning
Input pipelining  
DSP u_mgr/u_shared_fabric/u_shared_pipeline/u_pipeline_4array_top/u_array1/ROW[1].COL[0].u_pe/dsp_accum0 input u_mgr/u_shared_fabric/u_shared_pipeline/u_pipeline_4array_top/u_array1/ROW[1].COL[0].u_pe/dsp_accum0/A[29:0] is not pipelined. Pipelining DSP48 input will improve performance.
Related violations: <none>

DPIP-2#10 Warning
Input pipelining  
DSP u_mgr/u_shared_fabric/u_shared_pipeline/u_pipeline_4array_top/u_array1/ROW[1].COL[0].u_pe/dsp_accum0 input u_mgr/u_shared_fabric/u_shared_pipeline/u_pipeline_4array_top/u_array1/ROW[1].COL[0].u_pe/dsp_accum0/B[17:0] is not pipelined. Pipelining DSP48 input will improve performance.
Related violations: <none>

DPIP-2#11 Warning
Input pipelining  
DSP u_mgr/u_shared_fabric/u_shared_pipeline/u_pipeline_4array_top/u_array1/ROW[1].COL[1].u_pe/dsp_accum0 input u_mgr/u_shared_fabric/u_shared_pipeline/u_pipeline_4array_top/u_array1/ROW[1].COL[1].u_pe/dsp_accum0/A[29:0] is not pipelined. Pipelining DSP48 input will improve performance.
Related violations: <none>

DPIP-2#12 Warning
Input pipelining  
DSP u_mgr/u_shared_fabric/u_shared_pipeline/u_pipeline_4array_top/u_array1/ROW[1].COL[1].u_pe/dsp_accum0 input u_mgr/u_shared_fabric/u_shared_pipeline/u_pipeline_4array_top/u_array1/ROW[1].COL[1].u_pe/dsp_accum0/B[17:0] is not pipelined. Pipelining DSP48 input will improve performance.
Related violations: <none>

DPIP-2#13 Warning
Input pipelining  
DSP u_mgr/u_shared_fabric/u_shared_pipeline/u_pipeline_4array_top/u_array1/ROW[1].COL[2].u_pe/dsp_accum0 input u_mgr/u_shared_fabric/u_shared_pipeline/u_pipeline_4array_top/u_array1/ROW[1].COL[2].u_pe/dsp_accum0/A[29:0] is not pipelined. Pipelining DSP48 input will improve performance.
Related violations: <none>

DPIP-2#14 Warning
Input pipelining  
DSP u_mgr/u_shared_fabric/u_shared_pipeline/u_pipeline_4array_top/u_array1/ROW[1].COL[2].u_pe/dsp_accum0 input u_mgr/u_shared_fabric/u_shared_pipeline/u_pipeline_4array_top/u_array1/ROW[1].COL[2].u_pe/dsp_accum0/B[17:0] is not pipelined. Pipelining DSP48 input will improve performance.
Related violations: <none>

DPIP-2#15 Warning
Input pipelining  
DSP u_mgr/u_shared_fabric/u_shared_pipeline/u_pipeline_4array_top/u_array1/ROW[1].COL[3].u_pe/dsp_accum0 input u_mgr/u_shared_fabric/u_shared_pipeline/u_pipeline_4array_top/u_array1/ROW[1].COL[3].u_pe/dsp_accum0/A[29:0] is not pipelined. Pipelining DSP48 input will improve performance.
Related violations: <none>

DPIP-2#16 Warning
Input pipelining  
DSP u_mgr/u_shared_fabric/u_shared_pipeline/u_pipeline_4array_top/u_array1/ROW[1].COL[3].u_pe/dsp_accum0 input u_mgr/u_shared_fabric/u_shared_pipeline/u_pipeline_4array_top/u_array1/ROW[1].COL[3].u_pe/dsp_accum0/B[17:0] is not pipelined. Pipelining DSP48 input will improve performance.
Related violations: <none>

DPIP-2#17 Warning
Input pipelining  
DSP u_mgr/u_shared_fabric/u_shared_pipeline/u_pipeline_4array_top/u_array1/ROW[2].COL[0].u_pe/dsp_accum0 input u_mgr/u_shared_fabric/u_shared_pipeline/u_pipeline_4array_top/u_array1/ROW[2].COL[0].u_pe/dsp_accum0/A[29:0] is not pipelined. Pipelining DSP48 input will improve performance.
Related violations: <none>

DPIP-2#18 Warning
Input pipelining  
DSP u_mgr/u_shared_fabric/u_shared_pipeline/u_pipeline_4array_top/u_array1/ROW[2].COL[0].u_pe/dsp_accum0 input u_mgr/u_shared_fabric/u_shared_pipeline/u_pipeline_4array_top/u_array1/ROW[2].COL[0].u_pe/dsp_accum0/B[17:0] is not pipelined. Pipelining DSP48 input will improve performance.
Related violations: <none>

DPIP-2#19 Warning
Input pipelining  
DSP u_mgr/u_shared_fabric/u_shared_pipeline/u_pipeline_4array_top/u_array1/ROW[2].COL[1].u_pe/dsp_accum0 input u_mgr/u_shared_fabric/u_shared_pipeline/u_pipeline_4array_top/u_array1/ROW[2].COL[1].u_pe/dsp_accum0/A[29:0] is not pipelined. Pipelining DSP48 input will improve performance.
Related violations: <none>

DPIP-2#20 Warning
Input pipelining  
DSP u_mgr/u_shared_fabric/u_shared_pipeline/u_pipeline_4array_top/u_array1/ROW[2].COL[1].u_pe/dsp_accum0 input u_mgr/u_shared_fabric/u_shared_pipeline/u_pipeline_4array_top/u_array1/ROW[2].COL[1].u_pe/dsp_accum0/B[17:0] is not pipelined. Pipelining DSP48 input will improve performance.
Related violations: <none>

DPIP-2#21 Warning
Input pipelining  
DSP u_mgr/u_shared_fabric/u_shared_pipeline/u_pipeline_4array_top/u_array1/ROW[2].COL[2].u_pe/dsp_accum0 input u_mgr/u_shared_fabric/u_shared_pipeline/u_pipeline_4array_top/u_array1/ROW[2].COL[2].u_pe/dsp_accum0/A[29:0] is not pipelined. Pipelining DSP48 input will improve performance.
Related violations: <none>

DPIP-2#22 Warning
Input pipelining  
DSP u_mgr/u_shared_fabric/u_shared_pipeline/u_pipeline_4array_top/u_array1/ROW[2].COL[2].u_pe/dsp_accum0 input u_mgr/u_shared_fabric/u_shared_pipeline/u_pipeline_4array_top/u_array1/ROW[2].COL[2].u_pe/dsp_accum0/B[17:0] is not pipelined. Pipelining DSP48 input will improve performance.
Related violations: <none>

DPIP-2#23 Warning
Input pipelining  
DSP u_mgr/u_shared_fabric/u_shared_pipeline/u_pipeline_4array_top/u_array1/ROW[2].COL[3].u_pe/dsp_accum0 input u_mgr/u_shared_fabric/u_shared_pipeline/u_pipeline_4array_top/u_array1/ROW[2].COL[3].u_pe/dsp_accum0/A[29:0] is not pipelined. Pipelining DSP48 input will improve performance.
Related violations: <none>

DPIP-2#24 Warning
Input pipelining  
DSP u_mgr/u_shared_fabric/u_shared_pipeline/u_pipeline_4array_top/u_array1/ROW[2].COL[3].u_pe/dsp_accum0 input u_mgr/u_shared_fabric/u_shared_pipeline/u_pipeline_4array_top/u_array1/ROW[2].COL[3].u_pe/dsp_accum0/B[17:0] is not pipelined. Pipelining DSP48 input will improve performance.
Related violations: <none>

DPIP-2#25 Warning
Input pipelining  
DSP u_mgr/u_shared_fabric/u_shared_pipeline/u_pipeline_4array_top/u_array1/ROW[3].COL[0].u_pe/dsp_accum0 input u_mgr/u_shared_fabric/u_shared_pipeline/u_pipeline_4array_top/u_array1/ROW[3].COL[0].u_pe/dsp_accum0/A[29:0] is not pipelined. Pipelining DSP48 input will improve performance.
Related violations: <none>

DPIP-2#26 Warning
Input pipelining  
DSP u_mgr/u_shared_fabric/u_shared_pipeline/u_pipeline_4array_top/u_array1/ROW[3].COL[0].u_pe/dsp_accum0 input u_mgr/u_shared_fabric/u_shared_pipeline/u_pipeline_4array_top/u_array1/ROW[3].COL[0].u_pe/dsp_accum0/B[17:0] is not pipelined. Pipelining DSP48 input will improve performance.
Related violations: <none>

DPIP-2#27 Warning
Input pipelining  
DSP u_mgr/u_shared_fabric/u_shared_pipeline/u_pipeline_4array_top/u_array1/ROW[3].COL[1].u_pe/dsp_accum0 input u_mgr/u_shared_fabric/u_shared_pipeline/u_pipeline_4array_top/u_array1/ROW[3].COL[1].u_pe/dsp_accum0/A[29:0] is not pipelined. Pipelining DSP48 input will improve performance.
Related violations: <none>

DPIP-2#28 Warning
Input pipelining  
DSP u_mgr/u_shared_fabric/u_shared_pipeline/u_pipeline_4array_top/u_array1/ROW[3].COL[1].u_pe/dsp_accum0 input u_mgr/u_shared_fabric/u_shared_pipeline/u_pipeline_4array_top/u_array1/ROW[3].COL[1].u_pe/dsp_accum0/B[17:0] is not pipelined. Pipelining DSP48 input will improve performance.
Related violations: <none>

DPIP-2#29 Warning
Input pipelining  
DSP u_mgr/u_shared_fabric/u_shared_pipeline/u_pipeline_4array_top/u_array1/ROW[3].COL[2].u_pe/dsp_accum0 input u_mgr/u_shared_fabric/u_shared_pipeline/u_pipeline_4array_top/u_array1/ROW[3].COL[2].u_pe/dsp_accum0/A[29:0] is not pipelined. Pipelining DSP48 input will improve performance.
Related violations: <none>

DPIP-2#30 Warning
Input pipelining  
DSP u_mgr/u_shared_fabric/u_shared_pipeline/u_pipeline_4array_top/u_array1/ROW[3].COL[2].u_pe/dsp_accum0 input u_mgr/u_shared_fabric/u_shared_pipeline/u_pipeline_4array_top/u_array1/ROW[3].COL[2].u_pe/dsp_accum0/B[17:0] is not pipelined. Pipelining DSP48 input will improve performance.
Related violations: <none>

DPIP-2#31 Warning
Input pipelining  
DSP u_mgr/u_shared_fabric/u_shared_pipeline/u_pipeline_4array_top/u_array1/ROW[3].COL[3].u_pe/dsp_accum0 input u_mgr/u_shared_fabric/u_shared_pipeline/u_pipeline_4array_top/u_array1/ROW[3].COL[3].u_pe/dsp_accum0/A[29:0] is not pipelined. Pipelining DSP48 input will improve performance.
Related violations: <none>

DPIP-2#32 Warning
Input pipelining  
DSP u_mgr/u_shared_fabric/u_shared_pipeline/u_pipeline_4array_top/u_array1/ROW[3].COL[3].u_pe/dsp_accum0 input u_mgr/u_shared_fabric/u_shared_pipeline/u_pipeline_4array_top/u_array1/ROW[3].COL[3].u_pe/dsp_accum0/B[17:0] is not pipelined. Pipelining DSP48 input will improve performance.
Related violations: <none>

DPIP-2#33 Warning
Input pipelining  
DSP u_mgr/u_shared_fabric/u_shared_pipeline/u_pipeline_4array_top/u_array2/ROW[0].COL[0].u_pe/dsp_accum0 input u_mgr/u_shared_fabric/u_shared_pipeline/u_pipeline_4array_top/u_array2/ROW[0].COL[0].u_pe/dsp_accum0/A[29:0] is not pipelined. Pipelining DSP48 input will improve performance.
Related violations: <none>

DPIP-2#34 Warning
Input pipelining  
DSP u_mgr/u_shared_fabric/u_shared_pipeline/u_pipeline_4array_top/u_array2/ROW[0].COL[0].u_pe/dsp_accum0 input u_mgr/u_shared_fabric/u_shared_pipeline/u_pipeline_4array_top/u_array2/ROW[0].COL[0].u_pe/dsp_accum0/B[17:0] is not pipelined. Pipelining DSP48 input will improve performance.
Related violations: <none>

DPIP-2#35 Warning
Input pipelining  
DSP u_mgr/u_shared_fabric/u_shared_pipeline/u_pipeline_4array_top/u_array2/ROW[0].COL[0].u_pe/dsp_accum0 input u_mgr/u_shared_fabric/u_shared_pipeline/u_pipeline_4array_top/u_array2/ROW[0].COL[0].u_pe/dsp_accum0/C[47:0] is not pipelined. Pipelining DSP48 input will improve performance.
Related violations: <none>

DPIP-2#36 Warning
Input pipelining  
DSP u_mgr/u_shared_fabric/u_shared_pipeline/u_pipeline_4array_top/u_array2/ROW[0].COL[1].u_pe/dsp_accum0 input u_mgr/u_shared_fabric/u_shared_pipeline/u_pipeline_4array_top/u_array2/ROW[0].COL[1].u_pe/dsp_accum0/A[29:0] is not pipelined. Pipelining DSP48 input will improve performance.
Related violations: <none>

DPIP-2#37 Warning
Input pipelining  
DSP u_mgr/u_shared_fabric/u_shared_pipeline/u_pipeline_4array_top/u_array2/ROW[0].COL[1].u_pe/dsp_accum0 input u_mgr/u_shared_fabric/u_shared_pipeline/u_pipeline_4array_top/u_array2/ROW[0].COL[1].u_pe/dsp_accum0/B[17:0] is not pipelined. Pipelining DSP48 input will improve performance.
Related violations: <none>

DPIP-2#38 Warning
Input pipelining  
DSP u_mgr/u_shared_fabric/u_shared_pipeline/u_pipeline_4array_top/u_array2/ROW[0].COL[1].u_pe/dsp_accum0 input u_mgr/u_shared_fabric/u_shared_pipeline/u_pipeline_4array_top/u_array2/ROW[0].COL[1].u_pe/dsp_accum0/C[47:0] is not pipelined. Pipelining DSP48 input will improve performance.
Related violations: <none>

DPIP-2#39 Warning
Input pipelining  
DSP u_mgr/u_shared_fabric/u_shared_pipeline/u_pipeline_4array_top/u_array2/ROW[0].COL[2].u_pe/dsp_accum0 input u_mgr/u_shared_fabric/u_shared_pipeline/u_pipeline_4array_top/u_array2/ROW[0].COL[2].u_pe/dsp_accum0/A[29:0] is not pipelined. Pipelining DSP48 input will improve performance.
Related violations: <none>

DPIP-2#40 Warning
Input pipelining  
DSP u_mgr/u_shared_fabric/u_shared_pipeline/u_pipeline_4array_top/u_array2/ROW[0].COL[2].u_pe/dsp_accum0 input u_mgr/u_shared_fabric/u_shared_pipeline/u_pipeline_4array_top/u_array2/ROW[0].COL[2].u_pe/dsp_accum0/B[17:0] is not pipelined. Pipelining DSP48 input will improve performance.
Related violations: <none>

DPIP-2#41 Warning
Input pipelining  
DSP u_mgr/u_shared_fabric/u_shared_pipeline/u_pipeline_4array_top/u_array2/ROW[0].COL[2].u_pe/dsp_accum0 input u_mgr/u_shared_fabric/u_shared_pipeline/u_pipeline_4array_top/u_array2/ROW[0].COL[2].u_pe/dsp_accum0/C[47:0] is not pipelined. Pipelining DSP48 input will improve performance.
Related violations: <none>

DPIP-2#42 Warning
Input pipelining  
DSP u_mgr/u_shared_fabric/u_shared_pipeline/u_pipeline_4array_top/u_array2/ROW[0].COL[3].u_pe/dsp_accum0 input u_mgr/u_shared_fabric/u_shared_pipeline/u_pipeline_4array_top/u_array2/ROW[0].COL[3].u_pe/dsp_accum0/A[29:0] is not pipelined. Pipelining DSP48 input will improve performance.
Related violations: <none>

DPIP-2#43 Warning
Input pipelining  
DSP u_mgr/u_shared_fabric/u_shared_pipeline/u_pipeline_4array_top/u_array2/ROW[0].COL[3].u_pe/dsp_accum0 input u_mgr/u_shared_fabric/u_shared_pipeline/u_pipeline_4array_top/u_array2/ROW[0].COL[3].u_pe/dsp_accum0/B[17:0] is not pipelined. Pipelining DSP48 input will improve performance.
Related violations: <none>

DPIP-2#44 Warning
Input pipelining  
DSP u_mgr/u_shared_fabric/u_shared_pipeline/u_pipeline_4array_top/u_array2/ROW[0].COL[3].u_pe/dsp_accum0 input u_mgr/u_shared_fabric/u_shared_pipeline/u_pipeline_4array_top/u_array2/ROW[0].COL[3].u_pe/dsp_accum0/C[47:0] is not pipelined. Pipelining DSP48 input will improve performance.
Related violations: <none>

DPIP-2#45 Warning
Input pipelining  
DSP u_mgr/u_shared_fabric/u_shared_pipeline/u_pipeline_4array_top/u_array2/ROW[1].COL[0].u_pe/dsp_accum0 input u_mgr/u_shared_fabric/u_shared_pipeline/u_pipeline_4array_top/u_array2/ROW[1].COL[0].u_pe/dsp_accum0/A[29:0] is not pipelined. Pipelining DSP48 input will improve performance.
Related violations: <none>

DPIP-2#46 Warning
Input pipelining  
DSP u_mgr/u_shared_fabric/u_shared_pipeline/u_pipeline_4array_top/u_array2/ROW[1].COL[0].u_pe/dsp_accum0 input u_mgr/u_shared_fabric/u_shared_pipeline/u_pipeline_4array_top/u_array2/ROW[1].COL[0].u_pe/dsp_accum0/B[17:0] is not pipelined. Pipelining DSP48 input will improve performance.
Related violations: <none>

DPIP-2#47 Warning
Input pipelining  
DSP u_mgr/u_shared_fabric/u_shared_pipeline/u_pipeline_4array_top/u_array2/ROW[1].COL[0].u_pe/dsp_accum0 input u_mgr/u_shared_fabric/u_shared_pipeline/u_pipeline_4array_top/u_array2/ROW[1].COL[0].u_pe/dsp_accum0/C[47:0] is not pipelined. Pipelining DSP48 input will improve performance.
Related violations: <none>

DPIP-2#48 Warning
Input pipelining  
DSP u_mgr/u_shared_fabric/u_shared_pipeline/u_pipeline_4array_top/u_array2/ROW[1].COL[1].u_pe/dsp_accum0 input u_mgr/u_shared_fabric/u_shared_pipeline/u_pipeline_4array_top/u_array2/ROW[1].COL[1].u_pe/dsp_accum0/A[29:0] is not pipelined. Pipelining DSP48 input will improve performance.
Related violations: <none>

DPIP-2#49 Warning
Input pipelining  
DSP u_mgr/u_shared_fabric/u_shared_pipeline/u_pipeline_4array_top/u_array2/ROW[1].COL[1].u_pe/dsp_accum0 input u_mgr/u_shared_fabric/u_shared_pipeline/u_pipeline_4array_top/u_array2/ROW[1].COL[1].u_pe/dsp_accum0/B[17:0] is not pipelined. Pipelining DSP48 input will improve performance.
Related violations: <none>

DPIP-2#50 Warning
Input pipelining  
DSP u_mgr/u_shared_fabric/u_shared_pipeline/u_pipeline_4array_top/u_array2/ROW[1].COL[1].u_pe/dsp_accum0 input u_mgr/u_shared_fabric/u_shared_pipeline/u_pipeline_4array_top/u_array2/ROW[1].COL[1].u_pe/dsp_accum0/C[47:0] is not pipelined. Pipelining DSP48 input will improve performance.
Related violations: <none>

DPIP-2#51 Warning
Input pipelining  
DSP u_mgr/u_shared_fabric/u_shared_pipeline/u_pipeline_4array_top/u_array2/ROW[1].COL[2].u_pe/dsp_accum0 input u_mgr/u_shared_fabric/u_shared_pipeline/u_pipeline_4array_top/u_array2/ROW[1].COL[2].u_pe/dsp_accum0/A[29:0] is not pipelined. Pipelining DSP48 input will improve performance.
Related violations: <none>

DPIP-2#52 Warning
Input pipelining  
DSP u_mgr/u_shared_fabric/u_shared_pipeline/u_pipeline_4array_top/u_array2/ROW[1].COL[2].u_pe/dsp_accum0 input u_mgr/u_shared_fabric/u_shared_pipeline/u_pipeline_4array_top/u_array2/ROW[1].COL[2].u_pe/dsp_accum0/B[17:0] is not pipelined. Pipelining DSP48 input will improve performance.
Related violations: <none>

DPIP-2#53 Warning
Input pipelining  
DSP u_mgr/u_shared_fabric/u_shared_pipeline/u_pipeline_4array_top/u_array2/ROW[1].COL[2].u_pe/dsp_accum0 input u_mgr/u_shared_fabric/u_shared_pipeline/u_pipeline_4array_top/u_array2/ROW[1].COL[2].u_pe/dsp_accum0/C[47:0] is not pipelined. Pipelining DSP48 input will improve performance.
Related violations: <none>

DPIP-2#54 Warning
Input pipelining  
DSP u_mgr/u_shared_fabric/u_shared_pipeline/u_pipeline_4array_top/u_array2/ROW[1].COL[3].u_pe/dsp_accum0 input u_mgr/u_shared_fabric/u_shared_pipeline/u_pipeline_4array_top/u_array2/ROW[1].COL[3].u_pe/dsp_accum0/A[29:0] is not pipelined. Pipelining DSP48 input will improve performance.
Related violations: <none>

DPIP-2#55 Warning
Input pipelining  
DSP u_mgr/u_shared_fabric/u_shared_pipeline/u_pipeline_4array_top/u_array2/ROW[1].COL[3].u_pe/dsp_accum0 input u_mgr/u_shared_fabric/u_shared_pipeline/u_pipeline_4array_top/u_array2/ROW[1].COL[3].u_pe/dsp_accum0/B[17:0] is not pipelined. Pipelining DSP48 input will improve performance.
Related violations: <none>

DPIP-2#56 Warning
Input pipelining  
DSP u_mgr/u_shared_fabric/u_shared_pipeline/u_pipeline_4array_top/u_array2/ROW[1].COL[3].u_pe/dsp_accum0 input u_mgr/u_shared_fabric/u_shared_pipeline/u_pipeline_4array_top/u_array2/ROW[1].COL[3].u_pe/dsp_accum0/C[47:0] is not pipelined. Pipelining DSP48 input will improve performance.
Related violations: <none>

DPIP-2#57 Warning
Input pipelining  
DSP u_mgr/u_shared_fabric/u_shared_pipeline/u_pipeline_4array_top/u_array2/ROW[2].COL[0].u_pe/dsp_accum0 input u_mgr/u_shared_fabric/u_shared_pipeline/u_pipeline_4array_top/u_array2/ROW[2].COL[0].u_pe/dsp_accum0/A[29:0] is not pipelined. Pipelining DSP48 input will improve performance.
Related violations: <none>

DPIP-2#58 Warning
Input pipelining  
DSP u_mgr/u_shared_fabric/u_shared_pipeline/u_pipeline_4array_top/u_array2/ROW[2].COL[0].u_pe/dsp_accum0 input u_mgr/u_shared_fabric/u_shared_pipeline/u_pipeline_4array_top/u_array2/ROW[2].COL[0].u_pe/dsp_accum0/B[17:0] is not pipelined. Pipelining DSP48 input will improve performance.
Related violations: <none>

DPIP-2#59 Warning
Input pipelining  
DSP u_mgr/u_shared_fabric/u_shared_pipeline/u_pipeline_4array_top/u_array2/ROW[2].COL[0].u_pe/dsp_accum0 input u_mgr/u_shared_fabric/u_shared_pipeline/u_pipeline_4array_top/u_array2/ROW[2].COL[0].u_pe/dsp_accum0/C[47:0] is not pipelined. Pipelining DSP48 input will improve performance.
Related violations: <none>

DPIP-2#60 Warning
Input pipelining  
DSP u_mgr/u_shared_fabric/u_shared_pipeline/u_pipeline_4array_top/u_array2/ROW[2].COL[1].u_pe/dsp_accum0 input u_mgr/u_shared_fabric/u_shared_pipeline/u_pipeline_4array_top/u_array2/ROW[2].COL[1].u_pe/dsp_accum0/A[29:0] is not pipelined. Pipelining DSP48 input will improve performance.
Related violations: <none>

DPIP-2#61 Warning
Input pipelining  
DSP u_mgr/u_shared_fabric/u_shared_pipeline/u_pipeline_4array_top/u_array2/ROW[2].COL[1].u_pe/dsp_accum0 input u_mgr/u_shared_fabric/u_shared_pipeline/u_pipeline_4array_top/u_array2/ROW[2].COL[1].u_pe/dsp_accum0/B[17:0] is not pipelined. Pipelining DSP48 input will improve performance.
Related violations: <none>

DPIP-2#62 Warning
Input pipelining  
DSP u_mgr/u_shared_fabric/u_shared_pipeline/u_pipeline_4array_top/u_array2/ROW[2].COL[1].u_pe/dsp_accum0 input u_mgr/u_shared_fabric/u_shared_pipeline/u_pipeline_4array_top/u_array2/ROW[2].COL[1].u_pe/dsp_accum0/C[47:0] is not pipelined. Pipelining DSP48 input will improve performance.
Related violations: <none>

DPIP-2#63 Warning
Input pipelining  
DSP u_mgr/u_shared_fabric/u_shared_pipeline/u_pipeline_4array_top/u_array2/ROW[2].COL[2].u_pe/dsp_accum0 input u_mgr/u_shared_fabric/u_shared_pipeline/u_pipeline_4array_top/u_array2/ROW[2].COL[2].u_pe/dsp_accum0/A[29:0] is not pipelined. Pipelining DSP48 input will improve performance.
Related violations: <none>

DPIP-2#64 Warning
Input pipelining  
DSP u_mgr/u_shared_fabric/u_shared_pipeline/u_pipeline_4array_top/u_array2/ROW[2].COL[2].u_pe/dsp_accum0 input u_mgr/u_shared_fabric/u_shared_pipeline/u_pipeline_4array_top/u_array2/ROW[2].COL[2].u_pe/dsp_accum0/B[17:0] is not pipelined. Pipelining DSP48 input will improve performance.
Related violations: <none>

DPIP-2#65 Warning
Input pipelining  
DSP u_mgr/u_shared_fabric/u_shared_pipeline/u_pipeline_4array_top/u_array2/ROW[2].COL[2].u_pe/dsp_accum0 input u_mgr/u_shared_fabric/u_shared_pipeline/u_pipeline_4array_top/u_array2/ROW[2].COL[2].u_pe/dsp_accum0/C[47:0] is not pipelined. Pipelining DSP48 input will improve performance.
Related violations: <none>

DPIP-2#66 Warning
Input pipelining  
DSP u_mgr/u_shared_fabric/u_shared_pipeline/u_pipeline_4array_top/u_array2/ROW[2].COL[3].u_pe/dsp_accum0 input u_mgr/u_shared_fabric/u_shared_pipeline/u_pipeline_4array_top/u_array2/ROW[2].COL[3].u_pe/dsp_accum0/A[29:0] is not pipelined. Pipelining DSP48 input will improve performance.
Related violations: <none>

DPIP-2#67 Warning
Input pipelining  
DSP u_mgr/u_shared_fabric/u_shared_pipeline/u_pipeline_4array_top/u_array2/ROW[2].COL[3].u_pe/dsp_accum0 input u_mgr/u_shared_fabric/u_shared_pipeline/u_pipeline_4array_top/u_array2/ROW[2].COL[3].u_pe/dsp_accum0/B[17:0] is not pipelined. Pipelining DSP48 input will improve performance.
Related violations: <none>

DPIP-2#68 Warning
Input pipelining  
DSP u_mgr/u_shared_fabric/u_shared_pipeline/u_pipeline_4array_top/u_array2/ROW[2].COL[3].u_pe/dsp_accum0 input u_mgr/u_shared_fabric/u_shared_pipeline/u_pipeline_4array_top/u_array2/ROW[2].COL[3].u_pe/dsp_accum0/C[47:0] is not pipelined. Pipelining DSP48 input will improve performance.
Related violations: <none>

DPIP-2#69 Warning
Input pipelining  
DSP u_mgr/u_shared_fabric/u_shared_pipeline/u_pipeline_4array_top/u_array2/ROW[3].COL[0].u_pe/dsp_accum0 input u_mgr/u_shared_fabric/u_shared_pipeline/u_pipeline_4array_top/u_array2/ROW[3].COL[0].u_pe/dsp_accum0/A[29:0] is not pipelined. Pipelining DSP48 input will improve performance.
Related violations: <none>

DPIP-2#70 Warning
Input pipelining  
DSP u_mgr/u_shared_fabric/u_shared_pipeline/u_pipeline_4array_top/u_array2/ROW[3].COL[0].u_pe/dsp_accum0 input u_mgr/u_shared_fabric/u_shared_pipeline/u_pipeline_4array_top/u_array2/ROW[3].COL[0].u_pe/dsp_accum0/B[17:0] is not pipelined. Pipelining DSP48 input will improve performance.
Related violations: <none>

DPIP-2#71 Warning
Input pipelining  
DSP u_mgr/u_shared_fabric/u_shared_pipeline/u_pipeline_4array_top/u_array2/ROW[3].COL[0].u_pe/dsp_accum0 input u_mgr/u_shared_fabric/u_shared_pipeline/u_pipeline_4array_top/u_array2/ROW[3].COL[0].u_pe/dsp_accum0/C[47:0] is not pipelined. Pipelining DSP48 input will improve performance.
Related violations: <none>

DPIP-2#72 Warning
Input pipelining  
DSP u_mgr/u_shared_fabric/u_shared_pipeline/u_pipeline_4array_top/u_array2/ROW[3].COL[1].u_pe/dsp_accum0 input u_mgr/u_shared_fabric/u_shared_pipeline/u_pipeline_4array_top/u_array2/ROW[3].COL[1].u_pe/dsp_accum0/A[29:0] is not pipelined. Pipelining DSP48 input will improve performance.
Related violations: <none>

DPIP-2#73 Warning
Input pipelining  
DSP u_mgr/u_shared_fabric/u_shared_pipeline/u_pipeline_4array_top/u_array2/ROW[3].COL[1].u_pe/dsp_accum0 input u_mgr/u_shared_fabric/u_shared_pipeline/u_pipeline_4array_top/u_array2/ROW[3].COL[1].u_pe/dsp_accum0/B[17:0] is not pipelined. Pipelining DSP48 input will improve performance.
Related violations: <none>

DPIP-2#74 Warning
Input pipelining  
DSP u_mgr/u_shared_fabric/u_shared_pipeline/u_pipeline_4array_top/u_array2/ROW[3].COL[1].u_pe/dsp_accum0 input u_mgr/u_shared_fabric/u_shared_pipeline/u_pipeline_4array_top/u_array2/ROW[3].COL[1].u_pe/dsp_accum0/C[47:0] is not pipelined. Pipelining DSP48 input will improve performance.
Related violations: <none>

DPIP-2#75 Warning
Input pipelining  
DSP u_mgr/u_shared_fabric/u_shared_pipeline/u_pipeline_4array_top/u_array2/ROW[3].COL[2].u_pe/dsp_accum0 input u_mgr/u_shared_fabric/u_shared_pipeline/u_pipeline_4array_top/u_array2/ROW[3].COL[2].u_pe/dsp_accum0/A[29:0] is not pipelined. Pipelining DSP48 input will improve performance.
Related violations: <none>

DPIP-2#76 Warning
Input pipelining  
DSP u_mgr/u_shared_fabric/u_shared_pipeline/u_pipeline_4array_top/u_array2/ROW[3].COL[2].u_pe/dsp_accum0 input u_mgr/u_shared_fabric/u_shared_pipeline/u_pipeline_4array_top/u_array2/ROW[3].COL[2].u_pe/dsp_accum0/B[17:0] is not pipelined. Pipelining DSP48 input will improve performance.
Related violations: <none>

DPIP-2#77 Warning
Input pipelining  
DSP u_mgr/u_shared_fabric/u_shared_pipeline/u_pipeline_4array_top/u_array2/ROW[3].COL[2].u_pe/dsp_accum0 input u_mgr/u_shared_fabric/u_shared_pipeline/u_pipeline_4array_top/u_array2/ROW[3].COL[2].u_pe/dsp_accum0/C[47:0] is not pipelined. Pipelining DSP48 input will improve performance.
Related violations: <none>

DPIP-2#78 Warning
Input pipelining  
DSP u_mgr/u_shared_fabric/u_shared_pipeline/u_pipeline_4array_top/u_array2/ROW[3].COL[3].u_pe/dsp_accum0 input u_mgr/u_shared_fabric/u_shared_pipeline/u_pipeline_4array_top/u_array2/ROW[3].COL[3].u_pe/dsp_accum0/A[29:0] is not pipelined. Pipelining DSP48 input will improve performance.
Related violations: <none>

DPIP-2#79 Warning
Input pipelining  
DSP u_mgr/u_shared_fabric/u_shared_pipeline/u_pipeline_4array_top/u_array2/ROW[3].COL[3].u_pe/dsp_accum0 input u_mgr/u_shared_fabric/u_shared_pipeline/u_pipeline_4array_top/u_array2/ROW[3].COL[3].u_pe/dsp_accum0/B[17:0] is not pipelined. Pipelining DSP48 input will improve performance.
Related violations: <none>

DPIP-2#80 Warning
Input pipelining  
DSP u_mgr/u_shared_fabric/u_shared_pipeline/u_pipeline_4array_top/u_array2/ROW[3].COL[3].u_pe/dsp_accum0 input u_mgr/u_shared_fabric/u_shared_pipeline/u_pipeline_4array_top/u_array2/ROW[3].COL[3].u_pe/dsp_accum0/C[47:0] is not pipelined. Pipelining DSP48 input will improve performance.
Related violations: <none>

DPIP-2#81 Warning
Input pipelining  
DSP u_mgr/u_shared_fabric/u_shared_pipeline/u_pipeline_4array_top/u_array3/ROW[0].COL[0].u_pe/dsp_accum0 input u_mgr/u_shared_fabric/u_shared_pipeline/u_pipeline_4array_top/u_array3/ROW[0].COL[0].u_pe/dsp_accum0/A[29:0] is not pipelined. Pipelining DSP48 input will improve performance.
Related violations: <none>

DPIP-2#82 Warning
Input pipelining  
DSP u_mgr/u_shared_fabric/u_shared_pipeline/u_pipeline_4array_top/u_array3/ROW[0].COL[0].u_pe/dsp_accum0 input u_mgr/u_shared_fabric/u_shared_pipeline/u_pipeline_4array_top/u_array3/ROW[0].COL[0].u_pe/dsp_accum0/B[17:0] is not pipelined. Pipelining DSP48 input will improve performance.
Related violations: <none>

DPIP-2#83 Warning
Input pipelining  
DSP u_mgr/u_shared_fabric/u_shared_pipeline/u_pipeline_4array_top/u_array3/ROW[0].COL[0].u_pe/dsp_accum0 input u_mgr/u_shared_fabric/u_shared_pipeline/u_pipeline_4array_top/u_array3/ROW[0].COL[0].u_pe/dsp_accum0/C[47:0] is not pipelined. Pipelining DSP48 input will improve performance.
Related violations: <none>

DPIP-2#84 Warning
Input pipelining  
DSP u_mgr/u_shared_fabric/u_shared_pipeline/u_pipeline_4array_top/u_array3/ROW[0].COL[1].u_pe/dsp_accum0 input u_mgr/u_shared_fabric/u_shared_pipeline/u_pipeline_4array_top/u_array3/ROW[0].COL[1].u_pe/dsp_accum0/A[29:0] is not pipelined. Pipelining DSP48 input will improve performance.
Related violations: <none>

DPIP-2#85 Warning
Input pipelining  
DSP u_mgr/u_shared_fabric/u_shared_pipeline/u_pipeline_4array_top/u_array3/ROW[0].COL[1].u_pe/dsp_accum0 input u_mgr/u_shared_fabric/u_shared_pipeline/u_pipeline_4array_top/u_array3/ROW[0].COL[1].u_pe/dsp_accum0/B[17:0] is not pipelined. Pipelining DSP48 input will improve performance.
Related violations: <none>

DPIP-2#86 Warning
Input pipelining  
DSP u_mgr/u_shared_fabric/u_shared_pipeline/u_pipeline_4array_top/u_array3/ROW[0].COL[1].u_pe/dsp_accum0 input u_mgr/u_shared_fabric/u_shared_pipeline/u_pipeline_4array_top/u_array3/ROW[0].COL[1].u_pe/dsp_accum0/C[47:0] is not pipelined. Pipelining DSP48 input will improve performance.
Related violations: <none>

DPIP-2#87 Warning
Input pipelining  
DSP u_mgr/u_shared_fabric/u_shared_pipeline/u_pipeline_4array_top/u_array3/ROW[0].COL[2].u_pe/dsp_accum0 input u_mgr/u_shared_fabric/u_shared_pipeline/u_pipeline_4array_top/u_array3/ROW[0].COL[2].u_pe/dsp_accum0/A[29:0] is not pipelined. Pipelining DSP48 input will improve performance.
Related violations: <none>

DPIP-2#88 Warning
Input pipelining  
DSP u_mgr/u_shared_fabric/u_shared_pipeline/u_pipeline_4array_top/u_array3/ROW[0].COL[2].u_pe/dsp_accum0 input u_mgr/u_shared_fabric/u_shared_pipeline/u_pipeline_4array_top/u_array3/ROW[0].COL[2].u_pe/dsp_accum0/B[17:0] is not pipelined. Pipelining DSP48 input will improve performance.
Related violations: <none>

DPIP-2#89 Warning
Input pipelining  
DSP u_mgr/u_shared_fabric/u_shared_pipeline/u_pipeline_4array_top/u_array3/ROW[0].COL[2].u_pe/dsp_accum0 input u_mgr/u_shared_fabric/u_shared_pipeline/u_pipeline_4array_top/u_array3/ROW[0].COL[2].u_pe/dsp_accum0/C[47:0] is not pipelined. Pipelining DSP48 input will improve performance.
Related violations: <none>

DPIP-2#90 Warning
Input pipelining  
DSP u_mgr/u_shared_fabric/u_shared_pipeline/u_pipeline_4array_top/u_array3/ROW[0].COL[3].u_pe/dsp_accum0 input u_mgr/u_shared_fabric/u_shared_pipeline/u_pipeline_4array_top/u_array3/ROW[0].COL[3].u_pe/dsp_accum0/A[29:0] is not pipelined. Pipelining DSP48 input will improve performance.
Related violations: <none>

DPIP-2#91 Warning
Input pipelining  
DSP u_mgr/u_shared_fabric/u_shared_pipeline/u_pipeline_4array_top/u_array3/ROW[0].COL[3].u_pe/dsp_accum0 input u_mgr/u_shared_fabric/u_shared_pipeline/u_pipeline_4array_top/u_array3/ROW[0].COL[3].u_pe/dsp_accum0/B[17:0] is not pipelined. Pipelining DSP48 input will improve performance.
Related violations: <none>

DPIP-2#92 Warning
Input pipelining  
DSP u_mgr/u_shared_fabric/u_shared_pipeline/u_pipeline_4array_top/u_array3/ROW[0].COL[3].u_pe/dsp_accum0 input u_mgr/u_shared_fabric/u_shared_pipeline/u_pipeline_4array_top/u_array3/ROW[0].COL[3].u_pe/dsp_accum0/C[47:0] is not pipelined. Pipelining DSP48 input will improve performance.
Related violations: <none>

DPIP-2#93 Warning
Input pipelining  
DSP u_mgr/u_shared_fabric/u_shared_pipeline/u_pipeline_4array_top/u_array3/ROW[1].COL[0].u_pe/dsp_accum0 input u_mgr/u_shared_fabric/u_shared_pipeline/u_pipeline_4array_top/u_array3/ROW[1].COL[0].u_pe/dsp_accum0/A[29:0] is not pipelined. Pipelining DSP48 input will improve performance.
Related violations: <none>

DPIP-2#94 Warning
Input pipelining  
DSP u_mgr/u_shared_fabric/u_shared_pipeline/u_pipeline_4array_top/u_array3/ROW[1].COL[0].u_pe/dsp_accum0 input u_mgr/u_shared_fabric/u_shared_pipeline/u_pipeline_4array_top/u_array3/ROW[1].COL[0].u_pe/dsp_accum0/B[17:0] is not pipelined. Pipelining DSP48 input will improve performance.
Related violations: <none>

DPIP-2#95 Warning
Input pipelining  
DSP u_mgr/u_shared_fabric/u_shared_pipeline/u_pipeline_4array_top/u_array3/ROW[1].COL[0].u_pe/dsp_accum0 input u_mgr/u_shared_fabric/u_shared_pipeline/u_pipeline_4array_top/u_array3/ROW[1].COL[0].u_pe/dsp_accum0/C[47:0] is not pipelined. Pipelining DSP48 input will improve performance.
Related violations: <none>

DPIP-2#96 Warning
Input pipelining  
DSP u_mgr/u_shared_fabric/u_shared_pipeline/u_pipeline_4array_top/u_array3/ROW[1].COL[1].u_pe/dsp_accum0 input u_mgr/u_shared_fabric/u_shared_pipeline/u_pipeline_4array_top/u_array3/ROW[1].COL[1].u_pe/dsp_accum0/A[29:0] is not pipelined. Pipelining DSP48 input will improve performance.
Related violations: <none>

DPIP-2#97 Warning
Input pipelining  
DSP u_mgr/u_shared_fabric/u_shared_pipeline/u_pipeline_4array_top/u_array3/ROW[1].COL[1].u_pe/dsp_accum0 input u_mgr/u_shared_fabric/u_shared_pipeline/u_pipeline_4array_top/u_array3/ROW[1].COL[1].u_pe/dsp_accum0/B[17:0] is not pipelined. Pipelining DSP48 input will improve performance.
Related violations: <none>

DPIP-2#98 Warning
Input pipelining  
DSP u_mgr/u_shared_fabric/u_shared_pipeline/u_pipeline_4array_top/u_array3/ROW[1].COL[1].u_pe/dsp_accum0 input u_mgr/u_shared_fabric/u_shared_pipeline/u_pipeline_4array_top/u_array3/ROW[1].COL[1].u_pe/dsp_accum0/C[47:0] is not pipelined. Pipelining DSP48 input will improve performance.
Related violations: <none>

DPIP-2#99 Warning
Input pipelining  
DSP u_mgr/u_shared_fabric/u_shared_pipeline/u_pipeline_4array_top/u_array3/ROW[1].COL[2].u_pe/dsp_accum0 input u_mgr/u_shared_fabric/u_shared_pipeline/u_pipeline_4array_top/u_array3/ROW[1].COL[2].u_pe/dsp_accum0/A[29:0] is not pipelined. Pipelining DSP48 input will improve performance.
Related violations: <none>

DPIP-2#100 Warning
Input pipelining  
DSP u_mgr/u_shared_fabric/u_shared_pipeline/u_pipeline_4array_top/u_array3/ROW[1].COL[2].u_pe/dsp_accum0 input u_mgr/u_shared_fabric/u_shared_pipeline/u_pipeline_4array_top/u_array3/ROW[1].COL[2].u_pe/dsp_accum0/B[17:0] is not pipelined. Pipelining DSP48 input will improve performance.
Related violations: <none>

DPIP-2#101 Warning
Input pipelining  
DSP u_mgr/u_shared_fabric/u_shared_pipeline/u_pipeline_4array_top/u_array3/ROW[1].COL[2].u_pe/dsp_accum0 input u_mgr/u_shared_fabric/u_shared_pipeline/u_pipeline_4array_top/u_array3/ROW[1].COL[2].u_pe/dsp_accum0/C[47:0] is not pipelined. Pipelining DSP48 input will improve performance.
Related violations: <none>

DPIP-2#102 Warning
Input pipelining  
DSP u_mgr/u_shared_fabric/u_shared_pipeline/u_pipeline_4array_top/u_array3/ROW[1].COL[3].u_pe/dsp_accum0 input u_mgr/u_shared_fabric/u_shared_pipeline/u_pipeline_4array_top/u_array3/ROW[1].COL[3].u_pe/dsp_accum0/A[29:0] is not pipelined. Pipelining DSP48 input will improve performance.
Related violations: <none>

DPIP-2#103 Warning
Input pipelining  
DSP u_mgr/u_shared_fabric/u_shared_pipeline/u_pipeline_4array_top/u_array3/ROW[1].COL[3].u_pe/dsp_accum0 input u_mgr/u_shared_fabric/u_shared_pipeline/u_pipeline_4array_top/u_array3/ROW[1].COL[3].u_pe/dsp_accum0/B[17:0] is not pipelined. Pipelining DSP48 input will improve performance.
Related violations: <none>

DPIP-2#104 Warning
Input pipelining  
DSP u_mgr/u_shared_fabric/u_shared_pipeline/u_pipeline_4array_top/u_array3/ROW[1].COL[3].u_pe/dsp_accum0 input u_mgr/u_shared_fabric/u_shared_pipeline/u_pipeline_4array_top/u_array3/ROW[1].COL[3].u_pe/dsp_accum0/C[47:0] is not pipelined. Pipelining DSP48 input will improve performance.
Related violations: <none>

DPIP-2#105 Warning
Input pipelining  
DSP u_mgr/u_shared_fabric/u_shared_pipeline/u_pipeline_4array_top/u_array3/ROW[2].COL[0].u_pe/dsp_accum0 input u_mgr/u_shared_fabric/u_shared_pipeline/u_pipeline_4array_top/u_array3/ROW[2].COL[0].u_pe/dsp_accum0/A[29:0] is not pipelined. Pipelining DSP48 input will improve performance.
Related violations: <none>

DPIP-2#106 Warning
Input pipelining  
DSP u_mgr/u_shared_fabric/u_shared_pipeline/u_pipeline_4array_top/u_array3/ROW[2].COL[0].u_pe/dsp_accum0 input u_mgr/u_shared_fabric/u_shared_pipeline/u_pipeline_4array_top/u_array3/ROW[2].COL[0].u_pe/dsp_accum0/B[17:0] is not pipelined. Pipelining DSP48 input will improve performance.
Related violations: <none>

DPIP-2#107 Warning
Input pipelining  
DSP u_mgr/u_shared_fabric/u_shared_pipeline/u_pipeline_4array_top/u_array3/ROW[2].COL[0].u_pe/dsp_accum0 input u_mgr/u_shared_fabric/u_shared_pipeline/u_pipeline_4array_top/u_array3/ROW[2].COL[0].u_pe/dsp_accum0/C[47:0] is not pipelined. Pipelining DSP48 input will improve performance.
Related violations: <none>

DPIP-2#108 Warning
Input pipelining  
DSP u_mgr/u_shared_fabric/u_shared_pipeline/u_pipeline_4array_top/u_array3/ROW[2].COL[1].u_pe/dsp_accum0 input u_mgr/u_shared_fabric/u_shared_pipeline/u_pipeline_4array_top/u_array3/ROW[2].COL[1].u_pe/dsp_accum0/A[29:0] is not pipelined. Pipelining DSP48 input will improve performance.
Related violations: <none>

DPIP-2#109 Warning
Input pipelining  
DSP u_mgr/u_shared_fabric/u_shared_pipeline/u_pipeline_4array_top/u_array3/ROW[2].COL[1].u_pe/dsp_accum0 input u_mgr/u_shared_fabric/u_shared_pipeline/u_pipeline_4array_top/u_array3/ROW[2].COL[1].u_pe/dsp_accum0/B[17:0] is not pipelined. Pipelining DSP48 input will improve performance.
Related violations: <none>

DPIP-2#110 Warning
Input pipelining  
DSP u_mgr/u_shared_fabric/u_shared_pipeline/u_pipeline_4array_top/u_array3/ROW[2].COL[1].u_pe/dsp_accum0 input u_mgr/u_shared_fabric/u_shared_pipeline/u_pipeline_4array_top/u_array3/ROW[2].COL[1].u_pe/dsp_accum0/C[47:0] is not pipelined. Pipelining DSP48 input will improve performance.
Related violations: <none>

DPIP-2#111 Warning
Input pipelining  
DSP u_mgr/u_shared_fabric/u_shared_pipeline/u_pipeline_4array_top/u_array3/ROW[2].COL[2].u_pe/dsp_accum0 input u_mgr/u_shared_fabric/u_shared_pipeline/u_pipeline_4array_top/u_array3/ROW[2].COL[2].u_pe/dsp_accum0/A[29:0] is not pipelined. Pipelining DSP48 input will improve performance.
Related violations: <none>

DPIP-2#112 Warning
Input pipelining  
DSP u_mgr/u_shared_fabric/u_shared_pipeline/u_pipeline_4array_top/u_array3/ROW[2].COL[2].u_pe/dsp_accum0 input u_mgr/u_shared_fabric/u_shared_pipeline/u_pipeline_4array_top/u_array3/ROW[2].COL[2].u_pe/dsp_accum0/B[17:0] is not pipelined. Pipelining DSP48 input will improve performance.
Related violations: <none>

DPIP-2#113 Warning
Input pipelining  
DSP u_mgr/u_shared_fabric/u_shared_pipeline/u_pipeline_4array_top/u_array3/ROW[2].COL[2].u_pe/dsp_accum0 input u_mgr/u_shared_fabric/u_shared_pipeline/u_pipeline_4array_top/u_array3/ROW[2].COL[2].u_pe/dsp_accum0/C[47:0] is not pipelined. Pipelining DSP48 input will improve performance.
Related violations: <none>

DPIP-2#114 Warning
Input pipelining  
DSP u_mgr/u_shared_fabric/u_shared_pipeline/u_pipeline_4array_top/u_array3/ROW[2].COL[3].u_pe/dsp_accum0 input u_mgr/u_shared_fabric/u_shared_pipeline/u_pipeline_4array_top/u_array3/ROW[2].COL[3].u_pe/dsp_accum0/A[29:0] is not pipelined. Pipelining DSP48 input will improve performance.
Related violations: <none>

DPIP-2#115 Warning
Input pipelining  
DSP u_mgr/u_shared_fabric/u_shared_pipeline/u_pipeline_4array_top/u_array3/ROW[2].COL[3].u_pe/dsp_accum0 input u_mgr/u_shared_fabric/u_shared_pipeline/u_pipeline_4array_top/u_array3/ROW[2].COL[3].u_pe/dsp_accum0/B[17:0] is not pipelined. Pipelining DSP48 input will improve performance.
Related violations: <none>

DPIP-2#116 Warning
Input pipelining  
DSP u_mgr/u_shared_fabric/u_shared_pipeline/u_pipeline_4array_top/u_array3/ROW[2].COL[3].u_pe/dsp_accum0 input u_mgr/u_shared_fabric/u_shared_pipeline/u_pipeline_4array_top/u_array3/ROW[2].COL[3].u_pe/dsp_accum0/C[47:0] is not pipelined. Pipelining DSP48 input will improve performance.
Related violations: <none>

DPIP-2#117 Warning
Input pipelining  
DSP u_mgr/u_shared_fabric/u_shared_pipeline/u_pipeline_4array_top/u_array3/ROW[3].COL[0].u_pe/dsp_accum0 input u_mgr/u_shared_fabric/u_shared_pipeline/u_pipeline_4array_top/u_array3/ROW[3].COL[0].u_pe/dsp_accum0/A[29:0] is not pipelined. Pipelining DSP48 input will improve performance.
Related violations: <none>

DPIP-2#118 Warning
Input pipelining  
DSP u_mgr/u_shared_fabric/u_shared_pipeline/u_pipeline_4array_top/u_array3/ROW[3].COL[0].u_pe/dsp_accum0 input u_mgr/u_shared_fabric/u_shared_pipeline/u_pipeline_4array_top/u_array3/ROW[3].COL[0].u_pe/dsp_accum0/B[17:0] is not pipelined. Pipelining DSP48 input will improve performance.
Related violations: <none>

DPIP-2#119 Warning
Input pipelining  
DSP u_mgr/u_shared_fabric/u_shared_pipeline/u_pipeline_4array_top/u_array3/ROW[3].COL[0].u_pe/dsp_accum0 input u_mgr/u_shared_fabric/u_shared_pipeline/u_pipeline_4array_top/u_array3/ROW[3].COL[0].u_pe/dsp_accum0/C[47:0] is not pipelined. Pipelining DSP48 input will improve performance.
Related violations: <none>

DPIP-2#120 Warning
Input pipelining  
DSP u_mgr/u_shared_fabric/u_shared_pipeline/u_pipeline_4array_top/u_array3/ROW[3].COL[1].u_pe/dsp_accum0 input u_mgr/u_shared_fabric/u_shared_pipeline/u_pipeline_4array_top/u_array3/ROW[3].COL[1].u_pe/dsp_accum0/A[29:0] is not pipelined. Pipelining DSP48 input will improve performance.
Related violations: <none>

DPIP-2#121 Warning
Input pipelining  
DSP u_mgr/u_shared_fabric/u_shared_pipeline/u_pipeline_4array_top/u_array3/ROW[3].COL[1].u_pe/dsp_accum0 input u_mgr/u_shared_fabric/u_shared_pipeline/u_pipeline_4array_top/u_array3/ROW[3].COL[1].u_pe/dsp_accum0/B[17:0] is not pipelined. Pipelining DSP48 input will improve performance.
Related violations: <none>

DPIP-2#122 Warning
Input pipelining  
DSP u_mgr/u_shared_fabric/u_shared_pipeline/u_pipeline_4array_top/u_array3/ROW[3].COL[1].u_pe/dsp_accum0 input u_mgr/u_shared_fabric/u_shared_pipeline/u_pipeline_4array_top/u_array3/ROW[3].COL[1].u_pe/dsp_accum0/C[47:0] is not pipelined. Pipelining DSP48 input will improve performance.
Related violations: <none>

DPIP-2#123 Warning
Input pipelining  
DSP u_mgr/u_shared_fabric/u_shared_pipeline/u_pipeline_4array_top/u_array3/ROW[3].COL[2].u_pe/dsp_accum0 input u_mgr/u_shared_fabric/u_shared_pipeline/u_pipeline_4array_top/u_array3/ROW[3].COL[2].u_pe/dsp_accum0/A[29:0] is not pipelined. Pipelining DSP48 input will improve performance.
Related violations: <none>

DPIP-2#124 Warning
Input pipelining  
DSP u_mgr/u_shared_fabric/u_shared_pipeline/u_pipeline_4array_top/u_array3/ROW[3].COL[2].u_pe/dsp_accum0 input u_mgr/u_shared_fabric/u_shared_pipeline/u_pipeline_4array_top/u_array3/ROW[3].COL[2].u_pe/dsp_accum0/B[17:0] is not pipelined. Pipelining DSP48 input will improve performance.
Related violations: <none>

DPIP-2#125 Warning
Input pipelining  
DSP u_mgr/u_shared_fabric/u_shared_pipeline/u_pipeline_4array_top/u_array3/ROW[3].COL[2].u_pe/dsp_accum0 input u_mgr/u_shared_fabric/u_shared_pipeline/u_pipeline_4array_top/u_array3/ROW[3].COL[2].u_pe/dsp_accum0/C[47:0] is not pipelined. Pipelining DSP48 input will improve performance.
Related violations: <none>

DPIP-2#126 Warning
Input pipelining  
DSP u_mgr/u_shared_fabric/u_shared_pipeline/u_pipeline_4array_top/u_array3/ROW[3].COL[3].u_pe/dsp_accum0 input u_mgr/u_shared_fabric/u_shared_pipeline/u_pipeline_4array_top/u_array3/ROW[3].COL[3].u_pe/dsp_accum0/A[29:0] is not pipelined. Pipelining DSP48 input will improve performance.
Related violations: <none>

DPIP-2#127 Warning
Input pipelining  
DSP u_mgr/u_shared_fabric/u_shared_pipeline/u_pipeline_4array_top/u_array3/ROW[3].COL[3].u_pe/dsp_accum0 input u_mgr/u_shared_fabric/u_shared_pipeline/u_pipeline_4array_top/u_array3/ROW[3].COL[3].u_pe/dsp_accum0/B[17:0] is not pipelined. Pipelining DSP48 input will improve performance.
Related violations: <none>

DPIP-2#128 Warning
Input pipelining  
DSP u_mgr/u_shared_fabric/u_shared_pipeline/u_pipeline_4array_top/u_array3/ROW[3].COL[3].u_pe/dsp_accum0 input u_mgr/u_shared_fabric/u_shared_pipeline/u_pipeline_4array_top/u_array3/ROW[3].COL[3].u_pe/dsp_accum0/C[47:0] is not pipelined. Pipelining DSP48 input will improve performance.
Related violations: <none>

DPIP-2#129 Warning
Input pipelining  
DSP u_mgr/u_shared_fabric/u_shared_pipeline/u_pipeline_4array_top/u_array4/ROW[0].COL[0].u_pe/dsp_accum0 input u_mgr/u_shared_fabric/u_shared_pipeline/u_pipeline_4array_top/u_array4/ROW[0].COL[0].u_pe/dsp_accum0/A[29:0] is not pipelined. Pipelining DSP48 input will improve performance.
Related violations: <none>

DPIP-2#130 Warning
Input pipelining  
DSP u_mgr/u_shared_fabric/u_shared_pipeline/u_pipeline_4array_top/u_array4/ROW[0].COL[0].u_pe/dsp_accum0 input u_mgr/u_shared_fabric/u_shared_pipeline/u_pipeline_4array_top/u_array4/ROW[0].COL[0].u_pe/dsp_accum0/B[17:0] is not pipelined. Pipelining DSP48 input will improve performance.
Related violations: <none>

DPIP-2#131 Warning
Input pipelining  
DSP u_mgr/u_shared_fabric/u_shared_pipeline/u_pipeline_4array_top/u_array4/ROW[0].COL[0].u_pe/dsp_accum0 input u_mgr/u_shared_fabric/u_shared_pipeline/u_pipeline_4array_top/u_array4/ROW[0].COL[0].u_pe/dsp_accum0/C[47:0] is not pipelined. Pipelining DSP48 input will improve performance.
Related violations: <none>

DPIP-2#132 Warning
Input pipelining  
DSP u_mgr/u_shared_fabric/u_shared_pipeline/u_pipeline_4array_top/u_array4/ROW[0].COL[1].u_pe/dsp_accum0 input u_mgr/u_shared_fabric/u_shared_pipeline/u_pipeline_4array_top/u_array4/ROW[0].COL[1].u_pe/dsp_accum0/A[29:0] is not pipelined. Pipelining DSP48 input will improve performance.
Related violations: <none>

DPIP-2#133 Warning
Input pipelining  
DSP u_mgr/u_shared_fabric/u_shared_pipeline/u_pipeline_4array_top/u_array4/ROW[0].COL[1].u_pe/dsp_accum0 input u_mgr/u_shared_fabric/u_shared_pipeline/u_pipeline_4array_top/u_array4/ROW[0].COL[1].u_pe/dsp_accum0/B[17:0] is not pipelined. Pipelining DSP48 input will improve performance.
Related violations: <none>

DPIP-2#134 Warning
Input pipelining  
DSP u_mgr/u_shared_fabric/u_shared_pipeline/u_pipeline_4array_top/u_array4/ROW[0].COL[1].u_pe/dsp_accum0 input u_mgr/u_shared_fabric/u_shared_pipeline/u_pipeline_4array_top/u_array4/ROW[0].COL[1].u_pe/dsp_accum0/C[47:0] is not pipelined. Pipelining DSP48 input will improve performance.
Related violations: <none>

DPIP-2#135 Warning
Input pipelining  
DSP u_mgr/u_shared_fabric/u_shared_pipeline/u_pipeline_4array_top/u_array4/ROW[0].COL[2].u_pe/dsp_accum0 input u_mgr/u_shared_fabric/u_shared_pipeline/u_pipeline_4array_top/u_array4/ROW[0].COL[2].u_pe/dsp_accum0/A[29:0] is not pipelined. Pipelining DSP48 input will improve performance.
Related violations: <none>

DPIP-2#136 Warning
Input pipelining  
DSP u_mgr/u_shared_fabric/u_shared_pipeline/u_pipeline_4array_top/u_array4/ROW[0].COL[2].u_pe/dsp_accum0 input u_mgr/u_shared_fabric/u_shared_pipeline/u_pipeline_4array_top/u_array4/ROW[0].COL[2].u_pe/dsp_accum0/B[17:0] is not pipelined. Pipelining DSP48 input will improve performance.
Related violations: <none>

DPIP-2#137 Warning
Input pipelining  
DSP u_mgr/u_shared_fabric/u_shared_pipeline/u_pipeline_4array_top/u_array4/ROW[0].COL[2].u_pe/dsp_accum0 input u_mgr/u_shared_fabric/u_shared_pipeline/u_pipeline_4array_top/u_array4/ROW[0].COL[2].u_pe/dsp_accum0/C[47:0] is not pipelined. Pipelining DSP48 input will improve performance.
Related violations: <none>

DPIP-2#138 Warning
Input pipelining  
DSP u_mgr/u_shared_fabric/u_shared_pipeline/u_pipeline_4array_top/u_array4/ROW[0].COL[3].u_pe/dsp_accum0 input u_mgr/u_shared_fabric/u_shared_pipeline/u_pipeline_4array_top/u_array4/ROW[0].COL[3].u_pe/dsp_accum0/A[29:0] is not pipelined. Pipelining DSP48 input will improve performance.
Related violations: <none>

DPIP-2#139 Warning
Input pipelining  
DSP u_mgr/u_shared_fabric/u_shared_pipeline/u_pipeline_4array_top/u_array4/ROW[0].COL[3].u_pe/dsp_accum0 input u_mgr/u_shared_fabric/u_shared_pipeline/u_pipeline_4array_top/u_array4/ROW[0].COL[3].u_pe/dsp_accum0/B[17:0] is not pipelined. Pipelining DSP48 input will improve performance.
Related violations: <none>

DPIP-2#140 Warning
Input pipelining  
DSP u_mgr/u_shared_fabric/u_shared_pipeline/u_pipeline_4array_top/u_array4/ROW[0].COL[3].u_pe/dsp_accum0 input u_mgr/u_shared_fabric/u_shared_pipeline/u_pipeline_4array_top/u_array4/ROW[0].COL[3].u_pe/dsp_accum0/C[47:0] is not pipelined. Pipelining DSP48 input will improve performance.
Related violations: <none>

DPIP-2#141 Warning
Input pipelining  
DSP u_mgr/u_shared_fabric/u_shared_pipeline/u_pipeline_4array_top/u_array4/ROW[1].COL[0].u_pe/dsp_accum0 input u_mgr/u_shared_fabric/u_shared_pipeline/u_pipeline_4array_top/u_array4/ROW[1].COL[0].u_pe/dsp_accum0/A[29:0] is not pipelined. Pipelining DSP48 input will improve performance.
Related violations: <none>

DPIP-2#142 Warning
Input pipelining  
DSP u_mgr/u_shared_fabric/u_shared_pipeline/u_pipeline_4array_top/u_array4/ROW[1].COL[0].u_pe/dsp_accum0 input u_mgr/u_shared_fabric/u_shared_pipeline/u_pipeline_4array_top/u_array4/ROW[1].COL[0].u_pe/dsp_accum0/B[17:0] is not pipelined. Pipelining DSP48 input will improve performance.
Related violations: <none>

DPIP-2#143 Warning
Input pipelining  
DSP u_mgr/u_shared_fabric/u_shared_pipeline/u_pipeline_4array_top/u_array4/ROW[1].COL[0].u_pe/dsp_accum0 input u_mgr/u_shared_fabric/u_shared_pipeline/u_pipeline_4array_top/u_array4/ROW[1].COL[0].u_pe/dsp_accum0/C[47:0] is not pipelined. Pipelining DSP48 input will improve performance.
Related violations: <none>

DPIP-2#144 Warning
Input pipelining  
DSP u_mgr/u_shared_fabric/u_shared_pipeline/u_pipeline_4array_top/u_array4/ROW[1].COL[1].u_pe/dsp_accum0 input u_mgr/u_shared_fabric/u_shared_pipeline/u_pipeline_4array_top/u_array4/ROW[1].COL[1].u_pe/dsp_accum0/A[29:0] is not pipelined. Pipelining DSP48 input will improve performance.
Related violations: <none>

DPIP-2#145 Warning
Input pipelining  
DSP u_mgr/u_shared_fabric/u_shared_pipeline/u_pipeline_4array_top/u_array4/ROW[1].COL[1].u_pe/dsp_accum0 input u_mgr/u_shared_fabric/u_shared_pipeline/u_pipeline_4array_top/u_array4/ROW[1].COL[1].u_pe/dsp_accum0/B[17:0] is not pipelined. Pipelining DSP48 input will improve performance.
Related violations: <none>

DPIP-2#146 Warning
Input pipelining  
DSP u_mgr/u_shared_fabric/u_shared_pipeline/u_pipeline_4array_top/u_array4/ROW[1].COL[1].u_pe/dsp_accum0 input u_mgr/u_shared_fabric/u_shared_pipeline/u_pipeline_4array_top/u_array4/ROW[1].COL[1].u_pe/dsp_accum0/C[47:0] is not pipelined. Pipelining DSP48 input will improve performance.
Related violations: <none>

DPIP-2#147 Warning
Input pipelining  
DSP u_mgr/u_shared_fabric/u_shared_pipeline/u_pipeline_4array_top/u_array4/ROW[1].COL[2].u_pe/dsp_accum0 input u_mgr/u_shared_fabric/u_shared_pipeline/u_pipeline_4array_top/u_array4/ROW[1].COL[2].u_pe/dsp_accum0/A[29:0] is not pipelined. Pipelining DSP48 input will improve performance.
Related violations: <none>

DPIP-2#148 Warning
Input pipelining  
DSP u_mgr/u_shared_fabric/u_shared_pipeline/u_pipeline_4array_top/u_array4/ROW[1].COL[2].u_pe/dsp_accum0 input u_mgr/u_shared_fabric/u_shared_pipeline/u_pipeline_4array_top/u_array4/ROW[1].COL[2].u_pe/dsp_accum0/B[17:0] is not pipelined. Pipelining DSP48 input will improve performance.
Related violations: <none>

DPIP-2#149 Warning
Input pipelining  
DSP u_mgr/u_shared_fabric/u_shared_pipeline/u_pipeline_4array_top/u_array4/ROW[1].COL[2].u_pe/dsp_accum0 input u_mgr/u_shared_fabric/u_shared_pipeline/u_pipeline_4array_top/u_array4/ROW[1].COL[2].u_pe/dsp_accum0/C[47:0] is not pipelined. Pipelining DSP48 input will improve performance.
Related violations: <none>

DPIP-2#150 Warning
Input pipelining  
DSP u_mgr/u_shared_fabric/u_shared_pipeline/u_pipeline_4array_top/u_array4/ROW[1].COL[3].u_pe/dsp_accum0 input u_mgr/u_shared_fabric/u_shared_pipeline/u_pipeline_4array_top/u_array4/ROW[1].COL[3].u_pe/dsp_accum0/A[29:0] is not pipelined. Pipelining DSP48 input will improve performance.
Related violations: <none>

DPIP-2#151 Warning
Input pipelining  
DSP u_mgr/u_shared_fabric/u_shared_pipeline/u_pipeline_4array_top/u_array4/ROW[1].COL[3].u_pe/dsp_accum0 input u_mgr/u_shared_fabric/u_shared_pipeline/u_pipeline_4array_top/u_array4/ROW[1].COL[3].u_pe/dsp_accum0/B[17:0] is not pipelined. Pipelining DSP48 input will improve performance.
Related violations: <none>

DPIP-2#152 Warning
Input pipelining  
DSP u_mgr/u_shared_fabric/u_shared_pipeline/u_pipeline_4array_top/u_array4/ROW[1].COL[3].u_pe/dsp_accum0 input u_mgr/u_shared_fabric/u_shared_pipeline/u_pipeline_4array_top/u_array4/ROW[1].COL[3].u_pe/dsp_accum0/C[47:0] is not pipelined. Pipelining DSP48 input will improve performance.
Related violations: <none>

DPIP-2#153 Warning
Input pipelining  
DSP u_mgr/u_shared_fabric/u_shared_pipeline/u_pipeline_4array_top/u_array4/ROW[2].COL[0].u_pe/dsp_accum0 input u_mgr/u_shared_fabric/u_shared_pipeline/u_pipeline_4array_top/u_array4/ROW[2].COL[0].u_pe/dsp_accum0/A[29:0] is not pipelined. Pipelining DSP48 input will improve performance.
Related violations: <none>

DPIP-2#154 Warning
Input pipelining  
DSP u_mgr/u_shared_fabric/u_shared_pipeline/u_pipeline_4array_top/u_array4/ROW[2].COL[0].u_pe/dsp_accum0 input u_mgr/u_shared_fabric/u_shared_pipeline/u_pipeline_4array_top/u_array4/ROW[2].COL[0].u_pe/dsp_accum0/B[17:0] is not pipelined. Pipelining DSP48 input will improve performance.
Related violations: <none>

DPIP-2#155 Warning
Input pipelining  
DSP u_mgr/u_shared_fabric/u_shared_pipeline/u_pipeline_4array_top/u_array4/ROW[2].COL[0].u_pe/dsp_accum0 input u_mgr/u_shared_fabric/u_shared_pipeline/u_pipeline_4array_top/u_array4/ROW[2].COL[0].u_pe/dsp_accum0/C[47:0] is not pipelined. Pipelining DSP48 input will improve performance.
Related violations: <none>

DPIP-2#156 Warning
Input pipelining  
DSP u_mgr/u_shared_fabric/u_shared_pipeline/u_pipeline_4array_top/u_array4/ROW[2].COL[1].u_pe/dsp_accum0 input u_mgr/u_shared_fabric/u_shared_pipeline/u_pipeline_4array_top/u_array4/ROW[2].COL[1].u_pe/dsp_accum0/A[29:0] is not pipelined. Pipelining DSP48 input will improve performance.
Related violations: <none>

DPIP-2#157 Warning
Input pipelining  
DSP u_mgr/u_shared_fabric/u_shared_pipeline/u_pipeline_4array_top/u_array4/ROW[2].COL[1].u_pe/dsp_accum0 input u_mgr/u_shared_fabric/u_shared_pipeline/u_pipeline_4array_top/u_array4/ROW[2].COL[1].u_pe/dsp_accum0/B[17:0] is not pipelined. Pipelining DSP48 input will improve performance.
Related violations: <none>

DPIP-2#158 Warning
Input pipelining  
DSP u_mgr/u_shared_fabric/u_shared_pipeline/u_pipeline_4array_top/u_array4/ROW[2].COL[1].u_pe/dsp_accum0 input u_mgr/u_shared_fabric/u_shared_pipeline/u_pipeline_4array_top/u_array4/ROW[2].COL[1].u_pe/dsp_accum0/C[47:0] is not pipelined. Pipelining DSP48 input will improve performance.
Related violations: <none>

DPIP-2#159 Warning
Input pipelining  
DSP u_mgr/u_shared_fabric/u_shared_pipeline/u_pipeline_4array_top/u_array4/ROW[2].COL[2].u_pe/dsp_accum0 input u_mgr/u_shared_fabric/u_shared_pipeline/u_pipeline_4array_top/u_array4/ROW[2].COL[2].u_pe/dsp_accum0/A[29:0] is not pipelined. Pipelining DSP48 input will improve performance.
Related violations: <none>

DPIP-2#160 Warning
Input pipelining  
DSP u_mgr/u_shared_fabric/u_shared_pipeline/u_pipeline_4array_top/u_array4/ROW[2].COL[2].u_pe/dsp_accum0 input u_mgr/u_shared_fabric/u_shared_pipeline/u_pipeline_4array_top/u_array4/ROW[2].COL[2].u_pe/dsp_accum0/B[17:0] is not pipelined. Pipelining DSP48 input will improve performance.
Related violations: <none>

DPIP-2#161 Warning
Input pipelining  
DSP u_mgr/u_shared_fabric/u_shared_pipeline/u_pipeline_4array_top/u_array4/ROW[2].COL[2].u_pe/dsp_accum0 input u_mgr/u_shared_fabric/u_shared_pipeline/u_pipeline_4array_top/u_array4/ROW[2].COL[2].u_pe/dsp_accum0/C[47:0] is not pipelined. Pipelining DSP48 input will improve performance.
Related violations: <none>

DPIP-2#162 Warning
Input pipelining  
DSP u_mgr/u_shared_fabric/u_shared_pipeline/u_pipeline_4array_top/u_array4/ROW[2].COL[3].u_pe/dsp_accum0 input u_mgr/u_shared_fabric/u_shared_pipeline/u_pipeline_4array_top/u_array4/ROW[2].COL[3].u_pe/dsp_accum0/A[29:0] is not pipelined. Pipelining DSP48 input will improve performance.
Related violations: <none>

DPIP-2#163 Warning
Input pipelining  
DSP u_mgr/u_shared_fabric/u_shared_pipeline/u_pipeline_4array_top/u_array4/ROW[2].COL[3].u_pe/dsp_accum0 input u_mgr/u_shared_fabric/u_shared_pipeline/u_pipeline_4array_top/u_array4/ROW[2].COL[3].u_pe/dsp_accum0/B[17:0] is not pipelined. Pipelining DSP48 input will improve performance.
Related violations: <none>

DPIP-2#164 Warning
Input pipelining  
DSP u_mgr/u_shared_fabric/u_shared_pipeline/u_pipeline_4array_top/u_array4/ROW[2].COL[3].u_pe/dsp_accum0 input u_mgr/u_shared_fabric/u_shared_pipeline/u_pipeline_4array_top/u_array4/ROW[2].COL[3].u_pe/dsp_accum0/C[47:0] is not pipelined. Pipelining DSP48 input will improve performance.
Related violations: <none>

DPIP-2#165 Warning
Input pipelining  
DSP u_mgr/u_shared_fabric/u_shared_pipeline/u_pipeline_4array_top/u_array4/ROW[3].COL[0].u_pe/dsp_accum0 input u_mgr/u_shared_fabric/u_shared_pipeline/u_pipeline_4array_top/u_array4/ROW[3].COL[0].u_pe/dsp_accum0/A[29:0] is not pipelined. Pipelining DSP48 input will improve performance.
Related violations: <none>

DPIP-2#166 Warning
Input pipelining  
DSP u_mgr/u_shared_fabric/u_shared_pipeline/u_pipeline_4array_top/u_array4/ROW[3].COL[0].u_pe/dsp_accum0 input u_mgr/u_shared_fabric/u_shared_pipeline/u_pipeline_4array_top/u_array4/ROW[3].COL[0].u_pe/dsp_accum0/B[17:0] is not pipelined. Pipelining DSP48 input will improve performance.
Related violations: <none>

DPIP-2#167 Warning
Input pipelining  
DSP u_mgr/u_shared_fabric/u_shared_pipeline/u_pipeline_4array_top/u_array4/ROW[3].COL[0].u_pe/dsp_accum0 input u_mgr/u_shared_fabric/u_shared_pipeline/u_pipeline_4array_top/u_array4/ROW[3].COL[0].u_pe/dsp_accum0/C[47:0] is not pipelined. Pipelining DSP48 input will improve performance.
Related violations: <none>

DPIP-2#168 Warning
Input pipelining  
DSP u_mgr/u_shared_fabric/u_shared_pipeline/u_pipeline_4array_top/u_array4/ROW[3].COL[1].u_pe/dsp_accum0 input u_mgr/u_shared_fabric/u_shared_pipeline/u_pipeline_4array_top/u_array4/ROW[3].COL[1].u_pe/dsp_accum0/A[29:0] is not pipelined. Pipelining DSP48 input will improve performance.
Related violations: <none>

DPIP-2#169 Warning
Input pipelining  
DSP u_mgr/u_shared_fabric/u_shared_pipeline/u_pipeline_4array_top/u_array4/ROW[3].COL[1].u_pe/dsp_accum0 input u_mgr/u_shared_fabric/u_shared_pipeline/u_pipeline_4array_top/u_array4/ROW[3].COL[1].u_pe/dsp_accum0/B[17:0] is not pipelined. Pipelining DSP48 input will improve performance.
Related violations: <none>

DPIP-2#170 Warning
Input pipelining  
DSP u_mgr/u_shared_fabric/u_shared_pipeline/u_pipeline_4array_top/u_array4/ROW[3].COL[1].u_pe/dsp_accum0 input u_mgr/u_shared_fabric/u_shared_pipeline/u_pipeline_4array_top/u_array4/ROW[3].COL[1].u_pe/dsp_accum0/C[47:0] is not pipelined. Pipelining DSP48 input will improve performance.
Related violations: <none>

DPIP-2#171 Warning
Input pipelining  
DSP u_mgr/u_shared_fabric/u_shared_pipeline/u_pipeline_4array_top/u_array4/ROW[3].COL[2].u_pe/dsp_accum0 input u_mgr/u_shared_fabric/u_shared_pipeline/u_pipeline_4array_top/u_array4/ROW[3].COL[2].u_pe/dsp_accum0/A[29:0] is not pipelined. Pipelining DSP48 input will improve performance.
Related violations: <none>

DPIP-2#172 Warning
Input pipelining  
DSP u_mgr/u_shared_fabric/u_shared_pipeline/u_pipeline_4array_top/u_array4/ROW[3].COL[2].u_pe/dsp_accum0 input u_mgr/u_shared_fabric/u_shared_pipeline/u_pipeline_4array_top/u_array4/ROW[3].COL[2].u_pe/dsp_accum0/B[17:0] is not pipelined. Pipelining DSP48 input will improve performance.
Related violations: <none>

DPIP-2#173 Warning
Input pipelining  
DSP u_mgr/u_shared_fabric/u_shared_pipeline/u_pipeline_4array_top/u_array4/ROW[3].COL[2].u_pe/dsp_accum0 input u_mgr/u_shared_fabric/u_shared_pipeline/u_pipeline_4array_top/u_array4/ROW[3].COL[2].u_pe/dsp_accum0/C[47:0] is not pipelined. Pipelining DSP48 input will improve performance.
Related violations: <none>

DPIP-2#174 Warning
Input pipelining  
DSP u_mgr/u_shared_fabric/u_shared_pipeline/u_pipeline_4array_top/u_array4/ROW[3].COL[3].u_pe/dsp_accum0 input u_mgr/u_shared_fabric/u_shared_pipeline/u_pipeline_4array_top/u_array4/ROW[3].COL[3].u_pe/dsp_accum0/A[29:0] is not pipelined. Pipelining DSP48 input will improve performance.
Related violations: <none>

DPIP-2#175 Warning
Input pipelining  
DSP u_mgr/u_shared_fabric/u_shared_pipeline/u_pipeline_4array_top/u_array4/ROW[3].COL[3].u_pe/dsp_accum0 input u_mgr/u_shared_fabric/u_shared_pipeline/u_pipeline_4array_top/u_array4/ROW[3].COL[3].u_pe/dsp_accum0/B[17:0] is not pipelined. Pipelining DSP48 input will improve performance.
Related violations: <none>

DPIP-2#176 Warning
Input pipelining  
DSP u_mgr/u_shared_fabric/u_shared_pipeline/u_pipeline_4array_top/u_array4/ROW[3].COL[3].u_pe/dsp_accum0 input u_mgr/u_shared_fabric/u_shared_pipeline/u_pipeline_4array_top/u_array4/ROW[3].COL[3].u_pe/dsp_accum0/C[47:0] is not pipelined. Pipelining DSP48 input will improve performance.
Related violations: <none>

DPIP-2#177 Warning
Input pipelining  
DSP u_silu/p_0_out input u_silu/p_0_out/A[29:0] is not pipelined. Pipelining DSP48 input will improve performance.
Related violations: <none>

DPIP-2#178 Warning
Input pipelining  
DSP u_silu/p_0_out input u_silu/p_0_out/B[17:0] is not pipelined. Pipelining DSP48 input will improve performance.
Related violations: <none>

DPIP-2#179 Warning
Input pipelining  
DSP u_silu/p_0_out__0 input u_silu/p_0_out__0/A[29:0] is not pipelined. Pipelining DSP48 input will improve performance.
Related violations: <none>

DPIP-2#180 Warning
Input pipelining  
DSP u_silu/p_0_out__0 input u_silu/p_0_out__0/B[17:0] is not pipelined. Pipelining DSP48 input will improve performance.
Related violations: <none>

DPIP-2#181 Warning
Input pipelining  
DSP u_silu/p_0_out__1 input u_silu/p_0_out__1/A[29:0] is not pipelined. Pipelining DSP48 input will improve performance.
Related violations: <none>

DPIP-2#182 Warning
Input pipelining  
DSP u_silu/p_0_out__1 input u_silu/p_0_out__1/B[17:0] is not pipelined. Pipelining DSP48 input will improve performance.
Related violations: <none>

DPIP-2#183 Warning
Input pipelining  
DSP u_silu/p_0_out__2 input u_silu/p_0_out__2/A[29:0] is not pipelined. Pipelining DSP48 input will improve performance.
Related violations: <none>

DPIP-2#184 Warning
Input pipelining  
DSP u_silu/p_0_out__2 input u_silu/p_0_out__2/B[17:0] is not pipelined. Pipelining DSP48 input will improve performance.
Related violations: <none>

DPIP-2#185 Warning
Input pipelining  
DSP u_ssm_core/u_ew/p_0_out input u_ssm_core/u_ew/p_0_out/A[29:0] is not pipelined. Pipelining DSP48 input will improve performance.
Related violations: <none>

DPIP-2#186 Warning
Input pipelining  
DSP u_ssm_core/u_ew/p_0_out input u_ssm_core/u_ew/p_0_out/B[17:0] is not pipelined. Pipelining DSP48 input will improve performance.
Related violations: <none>

DPIP-2#187 Warning
Input pipelining  
DSP u_ssm_core/u_ew/p_0_out__0 input u_ssm_core/u_ew/p_0_out__0/A[29:0] is not pipelined. Pipelining DSP48 input will improve performance.
Related violations: <none>

DPIP-2#188 Warning
Input pipelining  
DSP u_ssm_core/u_ew/p_0_out__0 input u_ssm_core/u_ew/p_0_out__0/B[17:0] is not pipelined. Pipelining DSP48 input will improve performance.
Related violations: <none>

DPIP-2#189 Warning
Input pipelining  
DSP u_ssm_core/u_ew/p_0_out__1 input u_ssm_core/u_ew/p_0_out__1/A[29:0] is not pipelined. Pipelining DSP48 input will improve performance.
Related violations: <none>

DPIP-2#190 Warning
Input pipelining  
DSP u_ssm_core/u_ew/p_0_out__2 input u_ssm_core/u_ew/p_0_out__2/A[29:0] is not pipelined. Pipelining DSP48 input will improve performance.
Related violations: <none>

DPIP-2#191 Warning
Input pipelining  
DSP u_ssm_core/u_ew/p_0_out__2 input u_ssm_core/u_ew/p_0_out__2/B[17:0] is not pipelined. Pipelining DSP48 input will improve performance.
Related violations: <none>

DPIP-2#192 Warning
Input pipelining  
DSP u_ssm_core/u_ew/p_0_out__3 input u_ssm_core/u_ew/p_0_out__3/A[29:0] is not pipelined. Pipelining DSP48 input will improve performance.
Related violations: <none>

DPIP-2#193 Warning
Input pipelining  
DSP u_ssm_core/u_ew/p_0_out__4 input u_ssm_core/u_ew/p_0_out__4/A[29:0] is not pipelined. Pipelining DSP48 input will improve performance.
Related violations: <none>

DPIP-2#194 Warning
Input pipelining  
DSP u_ssm_core/u_ew/p_0_out__4 input u_ssm_core/u_ew/p_0_out__4/B[17:0] is not pipelined. Pipelining DSP48 input will improve performance.
Related violations: <none>

DPIP-2#195 Warning
Input pipelining  
DSP u_ssm_core/u_ew/p_0_out__5 input u_ssm_core/u_ew/p_0_out__5/A[29:0] is not pipelined. Pipelining DSP48 input will improve performance.
Related violations: <none>

DPIP-2#196 Warning
Input pipelining  
DSP u_ssm_core/u_ew/p_0_out__6 input u_ssm_core/u_ew/p_0_out__6/A[29:0] is not pipelined. Pipelining DSP48 input will improve performance.
Related violations: <none>

DPIP-2#197 Warning
Input pipelining  
DSP u_ssm_core/u_gate/p_0_out input u_ssm_core/u_gate/p_0_out/A[29:0] is not pipelined. Pipelining DSP48 input will improve performance.
Related violations: <none>

DPIP-2#198 Warning
Input pipelining  
DSP u_ssm_core/u_gate/p_0_out input u_ssm_core/u_gate/p_0_out/B[17:0] is not pipelined. Pipelining DSP48 input will improve performance.
Related violations: <none>

DPIP-2#199 Warning
Input pipelining  
DSP u_ssm_core/u_gate/p_0_out__0 input u_ssm_core/u_gate/p_0_out__0/A[29:0] is not pipelined. Pipelining DSP48 input will improve performance.
Related violations: <none>

DPIP-2#200 Warning
Input pipelining  
DSP u_ssm_core/u_gate/p_0_out__0 input u_ssm_core/u_gate/p_0_out__0/B[17:0] is not pipelined. Pipelining DSP48 input will improve performance.
Related violations: <none>

DPIP-2#201 Warning
Input pipelining  
DSP u_ssm_core/u_gate/p_0_out__1 input u_ssm_core/u_gate/p_0_out__1/A[29:0] is not pipelined. Pipelining DSP48 input will improve performance.
Related violations: <none>

DPIP-2#202 Warning
Input pipelining  
DSP u_ssm_core/u_gate/p_0_out__1 input u_ssm_core/u_gate/p_0_out__1/B[17:0] is not pipelined. Pipelining DSP48 input will improve performance.
Related violations: <none>

DPIP-2#203 Warning
Input pipelining  
DSP u_ssm_core/u_gate/p_0_out__2 input u_ssm_core/u_gate/p_0_out__2/A[29:0] is not pipelined. Pipelining DSP48 input will improve performance.
Related violations: <none>

DPIP-2#204 Warning
Input pipelining  
DSP u_ssm_core/u_gate/p_0_out__2 input u_ssm_core/u_gate/p_0_out__2/B[17:0] is not pipelined. Pipelining DSP48 input will improve performance.
Related violations: <none>

DPIP-2#205 Warning
Input pipelining  
DSP u_u_silu/p_0_out input u_u_silu/p_0_out/A[29:0] is not pipelined. Pipelining DSP48 input will improve performance.
Related violations: <none>

DPIP-2#206 Warning
Input pipelining  
DSP u_u_silu/p_0_out input u_u_silu/p_0_out/B[17:0] is not pipelined. Pipelining DSP48 input will improve performance.
Related violations: <none>

DPIP-2#207 Warning
Input pipelining  
DSP u_u_silu/p_0_out__0 input u_u_silu/p_0_out__0/A[29:0] is not pipelined. Pipelining DSP48 input will improve performance.
Related violations: <none>

DPIP-2#208 Warning
Input pipelining  
DSP u_u_silu/p_0_out__0 input u_u_silu/p_0_out__0/B[17:0] is not pipelined. Pipelining DSP48 input will improve performance.
Related violations: <none>

DPIP-2#209 Warning
Input pipelining  
DSP u_u_silu/p_0_out__1 input u_u_silu/p_0_out__1/A[29:0] is not pipelined. Pipelining DSP48 input will improve performance.
Related violations: <none>

DPIP-2#210 Warning
Input pipelining  
DSP u_u_silu/p_0_out__1 input u_u_silu/p_0_out__1/B[17:0] is not pipelined. Pipelining DSP48 input will improve performance.
Related violations: <none>

DPIP-2#211 Warning
Input pipelining  
DSP u_u_silu/p_0_out__2 input u_u_silu/p_0_out__2/A[29:0] is not pipelined. Pipelining DSP48 input will improve performance.
Related violations: <none>

DPIP-2#212 Warning
Input pipelining  
DSP u_u_silu/p_0_out__2 input u_u_silu/p_0_out__2/B[17:0] is not pipelined. Pipelining DSP48 input will improve performance.
Related violations: <none>

DPOP-4#1 Warning
MREG Output pipelining  
DSP u_mgr/u_shared_fabric/u_shared_pipeline/u_pipeline_4array_top/u_array1/ROW[0].COL[0].u_pe/dsp_accum0 multiplier stage u_mgr/u_shared_fabric/u_shared_pipeline/u_pipeline_4array_top/u_array1/ROW[0].COL[0].u_pe/dsp_accum0/P[47:0] is not pipelined (MREG=0). Pipelining the multiplier function will improve performance and will save significant power so it is suggested whenever possible to fully pipeline this function.  If this multiplier was inferred, it is suggested to describe an additional register stage after this function.  If there is no registered adder/accumulator following the multiply function, two pipeline stages are suggested to allow both the MREG and PREG registers to be used.  If the DSP48 was instantiated in the design, it is suggested to set both the MREG and PREG attributes to 1 when performing multiply functions.
Related violations: <none>

DPOP-4#2 Warning
MREG Output pipelining  
DSP u_mgr/u_shared_fabric/u_shared_pipeline/u_pipeline_4array_top/u_array1/ROW[0].COL[1].u_pe/dsp_accum0 multiplier stage u_mgr/u_shared_fabric/u_shared_pipeline/u_pipeline_4array_top/u_array1/ROW[0].COL[1].u_pe/dsp_accum0/P[47:0] is not pipelined (MREG=0). Pipelining the multiplier function will improve performance and will save significant power so it is suggested whenever possible to fully pipeline this function.  If this multiplier was inferred, it is suggested to describe an additional register stage after this function.  If there is no registered adder/accumulator following the multiply function, two pipeline stages are suggested to allow both the MREG and PREG registers to be used.  If the DSP48 was instantiated in the design, it is suggested to set both the MREG and PREG attributes to 1 when performing multiply functions.
Related violations: <none>

DPOP-4#3 Warning
MREG Output pipelining  
DSP u_mgr/u_shared_fabric/u_shared_pipeline/u_pipeline_4array_top/u_array1/ROW[0].COL[2].u_pe/dsp_accum0 multiplier stage u_mgr/u_shared_fabric/u_shared_pipeline/u_pipeline_4array_top/u_array1/ROW[0].COL[2].u_pe/dsp_accum0/P[47:0] is not pipelined (MREG=0). Pipelining the multiplier function will improve performance and will save significant power so it is suggested whenever possible to fully pipeline this function.  If this multiplier was inferred, it is suggested to describe an additional register stage after this function.  If there is no registered adder/accumulator following the multiply function, two pipeline stages are suggested to allow both the MREG and PREG registers to be used.  If the DSP48 was instantiated in the design, it is suggested to set both the MREG and PREG attributes to 1 when performing multiply functions.
Related violations: <none>

DPOP-4#4 Warning
MREG Output pipelining  
DSP u_mgr/u_shared_fabric/u_shared_pipeline/u_pipeline_4array_top/u_array1/ROW[0].COL[3].u_pe/dsp_accum0 multiplier stage u_mgr/u_shared_fabric/u_shared_pipeline/u_pipeline_4array_top/u_array1/ROW[0].COL[3].u_pe/dsp_accum0/P[47:0] is not pipelined (MREG=0). Pipelining the multiplier function will improve performance and will save significant power so it is suggested whenever possible to fully pipeline this function.  If this multiplier was inferred, it is suggested to describe an additional register stage after this function.  If there is no registered adder/accumulator following the multiply function, two pipeline stages are suggested to allow both the MREG and PREG registers to be used.  If the DSP48 was instantiated in the design, it is suggested to set both the MREG and PREG attributes to 1 when performing multiply functions.
Related violations: <none>

DPOP-4#5 Warning
MREG Output pipelining  
DSP u_mgr/u_shared_fabric/u_shared_pipeline/u_pipeline_4array_top/u_array1/ROW[1].COL[0].u_pe/dsp_accum0 multiplier stage u_mgr/u_shared_fabric/u_shared_pipeline/u_pipeline_4array_top/u_array1/ROW[1].COL[0].u_pe/dsp_accum0/P[47:0] is not pipelined (MREG=0). Pipelining the multiplier function will improve performance and will save significant power so it is suggested whenever possible to fully pipeline this function.  If this multiplier was inferred, it is suggested to describe an additional register stage after this function.  If there is no registered adder/accumulator following the multiply function, two pipeline stages are suggested to allow both the MREG and PREG registers to be used.  If the DSP48 was instantiated in the design, it is suggested to set both the MREG and PREG attributes to 1 when performing multiply functions.
Related violations: <none>

DPOP-4#6 Warning
MREG Output pipelining  
DSP u_mgr/u_shared_fabric/u_shared_pipeline/u_pipeline_4array_top/u_array1/ROW[1].COL[1].u_pe/dsp_accum0 multiplier stage u_mgr/u_shared_fabric/u_shared_pipeline/u_pipeline_4array_top/u_array1/ROW[1].COL[1].u_pe/dsp_accum0/P[47:0] is not pipelined (MREG=0). Pipelining the multiplier function will improve performance and will save significant power so it is suggested whenever possible to fully pipeline this function.  If this multiplier was inferred, it is suggested to describe an additional register stage after this function.  If there is no registered adder/accumulator following the multiply function, two pipeline stages are suggested to allow both the MREG and PREG registers to be used.  If the DSP48 was instantiated in the design, it is suggested to set both the MREG and PREG attributes to 1 when performing multiply functions.
Related violations: <none>

DPOP-4#7 Warning
MREG Output pipelining  
DSP u_mgr/u_shared_fabric/u_shared_pipeline/u_pipeline_4array_top/u_array1/ROW[1].COL[2].u_pe/dsp_accum0 multiplier stage u_mgr/u_shared_fabric/u_shared_pipeline/u_pipeline_4array_top/u_array1/ROW[1].COL[2].u_pe/dsp_accum0/P[47:0] is not pipelined (MREG=0). Pipelining the multiplier function will improve performance and will save significant power so it is suggested whenever possible to fully pipeline this function.  If this multiplier was inferred, it is suggested to describe an additional register stage after this function.  If there is no registered adder/accumulator following the multiply function, two pipeline stages are suggested to allow both the MREG and PREG registers to be used.  If the DSP48 was instantiated in the design, it is suggested to set both the MREG and PREG attributes to 1 when performing multiply functions.
Related violations: <none>

DPOP-4#8 Warning
MREG Output pipelining  
DSP u_mgr/u_shared_fabric/u_shared_pipeline/u_pipeline_4array_top/u_array1/ROW[1].COL[3].u_pe/dsp_accum0 multiplier stage u_mgr/u_shared_fabric/u_shared_pipeline/u_pipeline_4array_top/u_array1/ROW[1].COL[3].u_pe/dsp_accum0/P[47:0] is not pipelined (MREG=0). Pipelining the multiplier function will improve performance and will save significant power so it is suggested whenever possible to fully pipeline this function.  If this multiplier was inferred, it is suggested to describe an additional register stage after this function.  If there is no registered adder/accumulator following the multiply function, two pipeline stages are suggested to allow both the MREG and PREG registers to be used.  If the DSP48 was instantiated in the design, it is suggested to set both the MREG and PREG attributes to 1 when performing multiply functions.
Related violations: <none>

DPOP-4#9 Warning
MREG Output pipelining  
DSP u_mgr/u_shared_fabric/u_shared_pipeline/u_pipeline_4array_top/u_array1/ROW[2].COL[0].u_pe/dsp_accum0 multiplier stage u_mgr/u_shared_fabric/u_shared_pipeline/u_pipeline_4array_top/u_array1/ROW[2].COL[0].u_pe/dsp_accum0/P[47:0] is not pipelined (MREG=0). Pipelining the multiplier function will improve performance and will save significant power so it is suggested whenever possible to fully pipeline this function.  If this multiplier was inferred, it is suggested to describe an additional register stage after this function.  If there is no registered adder/accumulator following the multiply function, two pipeline stages are suggested to allow both the MREG and PREG registers to be used.  If the DSP48 was instantiated in the design, it is suggested to set both the MREG and PREG attributes to 1 when performing multiply functions.
Related violations: <none>

DPOP-4#10 Warning
MREG Output pipelining  
DSP u_mgr/u_shared_fabric/u_shared_pipeline/u_pipeline_4array_top/u_array1/ROW[2].COL[1].u_pe/dsp_accum0 multiplier stage u_mgr/u_shared_fabric/u_shared_pipeline/u_pipeline_4array_top/u_array1/ROW[2].COL[1].u_pe/dsp_accum0/P[47:0] is not pipelined (MREG=0). Pipelining the multiplier function will improve performance and will save significant power so it is suggested whenever possible to fully pipeline this function.  If this multiplier was inferred, it is suggested to describe an additional register stage after this function.  If there is no registered adder/accumulator following the multiply function, two pipeline stages are suggested to allow both the MREG and PREG registers to be used.  If the DSP48 was instantiated in the design, it is suggested to set both the MREG and PREG attributes to 1 when performing multiply functions.
Related violations: <none>

DPOP-4#11 Warning
MREG Output pipelining  
DSP u_mgr/u_shared_fabric/u_shared_pipeline/u_pipeline_4array_top/u_array1/ROW[2].COL[2].u_pe/dsp_accum0 multiplier stage u_mgr/u_shared_fabric/u_shared_pipeline/u_pipeline_4array_top/u_array1/ROW[2].COL[2].u_pe/dsp_accum0/P[47:0] is not pipelined (MREG=0). Pipelining the multiplier function will improve performance and will save significant power so it is suggested whenever possible to fully pipeline this function.  If this multiplier was inferred, it is suggested to describe an additional register stage after this function.  If there is no registered adder/accumulator following the multiply function, two pipeline stages are suggested to allow both the MREG and PREG registers to be used.  If the DSP48 was instantiated in the design, it is suggested to set both the MREG and PREG attributes to 1 when performing multiply functions.
Related violations: <none>

DPOP-4#12 Warning
MREG Output pipelining  
DSP u_mgr/u_shared_fabric/u_shared_pipeline/u_pipeline_4array_top/u_array1/ROW[2].COL[3].u_pe/dsp_accum0 multiplier stage u_mgr/u_shared_fabric/u_shared_pipeline/u_pipeline_4array_top/u_array1/ROW[2].COL[3].u_pe/dsp_accum0/P[47:0] is not pipelined (MREG=0). Pipelining the multiplier function will improve performance and will save significant power so it is suggested whenever possible to fully pipeline this function.  If this multiplier was inferred, it is suggested to describe an additional register stage after this function.  If there is no registered adder/accumulator following the multiply function, two pipeline stages are suggested to allow both the MREG and PREG registers to be used.  If the DSP48 was instantiated in the design, it is suggested to set both the MREG and PREG attributes to 1 when performing multiply functions.
Related violations: <none>

DPOP-4#13 Warning
MREG Output pipelining  
DSP u_mgr/u_shared_fabric/u_shared_pipeline/u_pipeline_4array_top/u_array1/ROW[3].COL[0].u_pe/dsp_accum0 multiplier stage u_mgr/u_shared_fabric/u_shared_pipeline/u_pipeline_4array_top/u_array1/ROW[3].COL[0].u_pe/dsp_accum0/P[47:0] is not pipelined (MREG=0). Pipelining the multiplier function will improve performance and will save significant power so it is suggested whenever possible to fully pipeline this function.  If this multiplier was inferred, it is suggested to describe an additional register stage after this function.  If there is no registered adder/accumulator following the multiply function, two pipeline stages are suggested to allow both the MREG and PREG registers to be used.  If the DSP48 was instantiated in the design, it is suggested to set both the MREG and PREG attributes to 1 when performing multiply functions.
Related violations: <none>

DPOP-4#14 Warning
MREG Output pipelining  
DSP u_mgr/u_shared_fabric/u_shared_pipeline/u_pipeline_4array_top/u_array1/ROW[3].COL[1].u_pe/dsp_accum0 multiplier stage u_mgr/u_shared_fabric/u_shared_pipeline/u_pipeline_4array_top/u_array1/ROW[3].COL[1].u_pe/dsp_accum0/P[47:0] is not pipelined (MREG=0). Pipelining the multiplier function will improve performance and will save significant power so it is suggested whenever possible to fully pipeline this function.  If this multiplier was inferred, it is suggested to describe an additional register stage after this function.  If there is no registered adder/accumulator following the multiply function, two pipeline stages are suggested to allow both the MREG and PREG registers to be used.  If the DSP48 was instantiated in the design, it is suggested to set both the MREG and PREG attributes to 1 when performing multiply functions.
Related violations: <none>

DPOP-4#15 Warning
MREG Output pipelining  
DSP u_mgr/u_shared_fabric/u_shared_pipeline/u_pipeline_4array_top/u_array1/ROW[3].COL[2].u_pe/dsp_accum0 multiplier stage u_mgr/u_shared_fabric/u_shared_pipeline/u_pipeline_4array_top/u_array1/ROW[3].COL[2].u_pe/dsp_accum0/P[47:0] is not pipelined (MREG=0). Pipelining the multiplier function will improve performance and will save significant power so it is suggested whenever possible to fully pipeline this function.  If this multiplier was inferred, it is suggested to describe an additional register stage after this function.  If there is no registered adder/accumulator following the multiply function, two pipeline stages are suggested to allow both the MREG and PREG registers to be used.  If the DSP48 was instantiated in the design, it is suggested to set both the MREG and PREG attributes to 1 when performing multiply functions.
Related violations: <none>

DPOP-4#16 Warning
MREG Output pipelining  
DSP u_mgr/u_shared_fabric/u_shared_pipeline/u_pipeline_4array_top/u_array1/ROW[3].COL[3].u_pe/dsp_accum0 multiplier stage u_mgr/u_shared_fabric/u_shared_pipeline/u_pipeline_4array_top/u_array1/ROW[3].COL[3].u_pe/dsp_accum0/P[47:0] is not pipelined (MREG=0). Pipelining the multiplier function will improve performance and will save significant power so it is suggested whenever possible to fully pipeline this function.  If this multiplier was inferred, it is suggested to describe an additional register stage after this function.  If there is no registered adder/accumulator following the multiply function, two pipeline stages are suggested to allow both the MREG and PREG registers to be used.  If the DSP48 was instantiated in the design, it is suggested to set both the MREG and PREG attributes to 1 when performing multiply functions.
Related violations: <none>

DPOP-4#17 Warning
MREG Output pipelining  
DSP u_mgr/u_shared_fabric/u_shared_pipeline/u_pipeline_4array_top/u_array2/ROW[0].COL[0].u_pe/dsp_accum0 multiplier stage u_mgr/u_shared_fabric/u_shared_pipeline/u_pipeline_4array_top/u_array2/ROW[0].COL[0].u_pe/dsp_accum0/P[47:0] is not pipelined (MREG=0). Pipelining the multiplier function will improve performance and will save significant power so it is suggested whenever possible to fully pipeline this function.  If this multiplier was inferred, it is suggested to describe an additional register stage after this function.  If there is no registered adder/accumulator following the multiply function, two pipeline stages are suggested to allow both the MREG and PREG registers to be used.  If the DSP48 was instantiated in the design, it is suggested to set both the MREG and PREG attributes to 1 when performing multiply functions.
Related violations: <none>

DPOP-4#18 Warning
MREG Output pipelining  
DSP u_mgr/u_shared_fabric/u_shared_pipeline/u_pipeline_4array_top/u_array2/ROW[0].COL[1].u_pe/dsp_accum0 multiplier stage u_mgr/u_shared_fabric/u_shared_pipeline/u_pipeline_4array_top/u_array2/ROW[0].COL[1].u_pe/dsp_accum0/P[47:0] is not pipelined (MREG=0). Pipelining the multiplier function will improve performance and will save significant power so it is suggested whenever possible to fully pipeline this function.  If this multiplier was inferred, it is suggested to describe an additional register stage after this function.  If there is no registered adder/accumulator following the multiply function, two pipeline stages are suggested to allow both the MREG and PREG registers to be used.  If the DSP48 was instantiated in the design, it is suggested to set both the MREG and PREG attributes to 1 when performing multiply functions.
Related violations: <none>

DPOP-4#19 Warning
MREG Output pipelining  
DSP u_mgr/u_shared_fabric/u_shared_pipeline/u_pipeline_4array_top/u_array2/ROW[0].COL[2].u_pe/dsp_accum0 multiplier stage u_mgr/u_shared_fabric/u_shared_pipeline/u_pipeline_4array_top/u_array2/ROW[0].COL[2].u_pe/dsp_accum0/P[47:0] is not pipelined (MREG=0). Pipelining the multiplier function will improve performance and will save significant power so it is suggested whenever possible to fully pipeline this function.  If this multiplier was inferred, it is suggested to describe an additional register stage after this function.  If there is no registered adder/accumulator following the multiply function, two pipeline stages are suggested to allow both the MREG and PREG registers to be used.  If the DSP48 was instantiated in the design, it is suggested to set both the MREG and PREG attributes to 1 when performing multiply functions.
Related violations: <none>

DPOP-4#20 Warning
MREG Output pipelining  
DSP u_mgr/u_shared_fabric/u_shared_pipeline/u_pipeline_4array_top/u_array2/ROW[0].COL[3].u_pe/dsp_accum0 multiplier stage u_mgr/u_shared_fabric/u_shared_pipeline/u_pipeline_4array_top/u_array2/ROW[0].COL[3].u_pe/dsp_accum0/P[47:0] is not pipelined (MREG=0). Pipelining the multiplier function will improve performance and will save significant power so it is suggested whenever possible to fully pipeline this function.  If this multiplier was inferred, it is suggested to describe an additional register stage after this function.  If there is no registered adder/accumulator following the multiply function, two pipeline stages are suggested to allow both the MREG and PREG registers to be used.  If the DSP48 was instantiated in the design, it is suggested to set both the MREG and PREG attributes to 1 when performing multiply functions.
Related violations: <none>

DPOP-4#21 Warning
MREG Output pipelining  
DSP u_mgr/u_shared_fabric/u_shared_pipeline/u_pipeline_4array_top/u_array2/ROW[1].COL[0].u_pe/dsp_accum0 multiplier stage u_mgr/u_shared_fabric/u_shared_pipeline/u_pipeline_4array_top/u_array2/ROW[1].COL[0].u_pe/dsp_accum0/P[47:0] is not pipelined (MREG=0). Pipelining the multiplier function will improve performance and will save significant power so it is suggested whenever possible to fully pipeline this function.  If this multiplier was inferred, it is suggested to describe an additional register stage after this function.  If there is no registered adder/accumulator following the multiply function, two pipeline stages are suggested to allow both the MREG and PREG registers to be used.  If the DSP48 was instantiated in the design, it is suggested to set both the MREG and PREG attributes to 1 when performing multiply functions.
Related violations: <none>

DPOP-4#22 Warning
MREG Output pipelining  
DSP u_mgr/u_shared_fabric/u_shared_pipeline/u_pipeline_4array_top/u_array2/ROW[1].COL[1].u_pe/dsp_accum0 multiplier stage u_mgr/u_shared_fabric/u_shared_pipeline/u_pipeline_4array_top/u_array2/ROW[1].COL[1].u_pe/dsp_accum0/P[47:0] is not pipelined (MREG=0). Pipelining the multiplier function will improve performance and will save significant power so it is suggested whenever possible to fully pipeline this function.  If this multiplier was inferred, it is suggested to describe an additional register stage after this function.  If there is no registered adder/accumulator following the multiply function, two pipeline stages are suggested to allow both the MREG and PREG registers to be used.  If the DSP48 was instantiated in the design, it is suggested to set both the MREG and PREG attributes to 1 when performing multiply functions.
Related violations: <none>

DPOP-4#23 Warning
MREG Output pipelining  
DSP u_mgr/u_shared_fabric/u_shared_pipeline/u_pipeline_4array_top/u_array2/ROW[1].COL[2].u_pe/dsp_accum0 multiplier stage u_mgr/u_shared_fabric/u_shared_pipeline/u_pipeline_4array_top/u_array2/ROW[1].COL[2].u_pe/dsp_accum0/P[47:0] is not pipelined (MREG=0). Pipelining the multiplier function will improve performance and will save significant power so it is suggested whenever possible to fully pipeline this function.  If this multiplier was inferred, it is suggested to describe an additional register stage after this function.  If there is no registered adder/accumulator following the multiply function, two pipeline stages are suggested to allow both the MREG and PREG registers to be used.  If the DSP48 was instantiated in the design, it is suggested to set both the MREG and PREG attributes to 1 when performing multiply functions.
Related violations: <none>

DPOP-4#24 Warning
MREG Output pipelining  
DSP u_mgr/u_shared_fabric/u_shared_pipeline/u_pipeline_4array_top/u_array2/ROW[1].COL[3].u_pe/dsp_accum0 multiplier stage u_mgr/u_shared_fabric/u_shared_pipeline/u_pipeline_4array_top/u_array2/ROW[1].COL[3].u_pe/dsp_accum0/P[47:0] is not pipelined (MREG=0). Pipelining the multiplier function will improve performance and will save significant power so it is suggested whenever possible to fully pipeline this function.  If this multiplier was inferred, it is suggested to describe an additional register stage after this function.  If there is no registered adder/accumulator following the multiply function, two pipeline stages are suggested to allow both the MREG and PREG registers to be used.  If the DSP48 was instantiated in the design, it is suggested to set both the MREG and PREG attributes to 1 when performing multiply functions.
Related violations: <none>

DPOP-4#25 Warning
MREG Output pipelining  
DSP u_mgr/u_shared_fabric/u_shared_pipeline/u_pipeline_4array_top/u_array2/ROW[2].COL[0].u_pe/dsp_accum0 multiplier stage u_mgr/u_shared_fabric/u_shared_pipeline/u_pipeline_4array_top/u_array2/ROW[2].COL[0].u_pe/dsp_accum0/P[47:0] is not pipelined (MREG=0). Pipelining the multiplier function will improve performance and will save significant power so it is suggested whenever possible to fully pipeline this function.  If this multiplier was inferred, it is suggested to describe an additional register stage after this function.  If there is no registered adder/accumulator following the multiply function, two pipeline stages are suggested to allow both the MREG and PREG registers to be used.  If the DSP48 was instantiated in the design, it is suggested to set both the MREG and PREG attributes to 1 when performing multiply functions.
Related violations: <none>

DPOP-4#26 Warning
MREG Output pipelining  
DSP u_mgr/u_shared_fabric/u_shared_pipeline/u_pipeline_4array_top/u_array2/ROW[2].COL[1].u_pe/dsp_accum0 multiplier stage u_mgr/u_shared_fabric/u_shared_pipeline/u_pipeline_4array_top/u_array2/ROW[2].COL[1].u_pe/dsp_accum0/P[47:0] is not pipelined (MREG=0). Pipelining the multiplier function will improve performance and will save significant power so it is suggested whenever possible to fully pipeline this function.  If this multiplier was inferred, it is suggested to describe an additional register stage after this function.  If there is no registered adder/accumulator following the multiply function, two pipeline stages are suggested to allow both the MREG and PREG registers to be used.  If the DSP48 was instantiated in the design, it is suggested to set both the MREG and PREG attributes to 1 when performing multiply functions.
Related violations: <none>

DPOP-4#27 Warning
MREG Output pipelining  
DSP u_mgr/u_shared_fabric/u_shared_pipeline/u_pipeline_4array_top/u_array2/ROW[2].COL[2].u_pe/dsp_accum0 multiplier stage u_mgr/u_shared_fabric/u_shared_pipeline/u_pipeline_4array_top/u_array2/ROW[2].COL[2].u_pe/dsp_accum0/P[47:0] is not pipelined (MREG=0). Pipelining the multiplier function will improve performance and will save significant power so it is suggested whenever possible to fully pipeline this function.  If this multiplier was inferred, it is suggested to describe an additional register stage after this function.  If there is no registered adder/accumulator following the multiply function, two pipeline stages are suggested to allow both the MREG and PREG registers to be used.  If the DSP48 was instantiated in the design, it is suggested to set both the MREG and PREG attributes to 1 when performing multiply functions.
Related violations: <none>

DPOP-4#28 Warning
MREG Output pipelining  
DSP u_mgr/u_shared_fabric/u_shared_pipeline/u_pipeline_4array_top/u_array2/ROW[2].COL[3].u_pe/dsp_accum0 multiplier stage u_mgr/u_shared_fabric/u_shared_pipeline/u_pipeline_4array_top/u_array2/ROW[2].COL[3].u_pe/dsp_accum0/P[47:0] is not pipelined (MREG=0). Pipelining the multiplier function will improve performance and will save significant power so it is suggested whenever possible to fully pipeline this function.  If this multiplier was inferred, it is suggested to describe an additional register stage after this function.  If there is no registered adder/accumulator following the multiply function, two pipeline stages are suggested to allow both the MREG and PREG registers to be used.  If the DSP48 was instantiated in the design, it is suggested to set both the MREG and PREG attributes to 1 when performing multiply functions.
Related violations: <none>

DPOP-4#29 Warning
MREG Output pipelining  
DSP u_mgr/u_shared_fabric/u_shared_pipeline/u_pipeline_4array_top/u_array2/ROW[3].COL[0].u_pe/dsp_accum0 multiplier stage u_mgr/u_shared_fabric/u_shared_pipeline/u_pipeline_4array_top/u_array2/ROW[3].COL[0].u_pe/dsp_accum0/P[47:0] is not pipelined (MREG=0). Pipelining the multiplier function will improve performance and will save significant power so it is suggested whenever possible to fully pipeline this function.  If this multiplier was inferred, it is suggested to describe an additional register stage after this function.  If there is no registered adder/accumulator following the multiply function, two pipeline stages are suggested to allow both the MREG and PREG registers to be used.  If the DSP48 was instantiated in the design, it is suggested to set both the MREG and PREG attributes to 1 when performing multiply functions.
Related violations: <none>

DPOP-4#30 Warning
MREG Output pipelining  
DSP u_mgr/u_shared_fabric/u_shared_pipeline/u_pipeline_4array_top/u_array2/ROW[3].COL[1].u_pe/dsp_accum0 multiplier stage u_mgr/u_shared_fabric/u_shared_pipeline/u_pipeline_4array_top/u_array2/ROW[3].COL[1].u_pe/dsp_accum0/P[47:0] is not pipelined (MREG=0). Pipelining the multiplier function will improve performance and will save significant power so it is suggested whenever possible to fully pipeline this function.  If this multiplier was inferred, it is suggested to describe an additional register stage after this function.  If there is no registered adder/accumulator following the multiply function, two pipeline stages are suggested to allow both the MREG and PREG registers to be used.  If the DSP48 was instantiated in the design, it is suggested to set both the MREG and PREG attributes to 1 when performing multiply functions.
Related violations: <none>

DPOP-4#31 Warning
MREG Output pipelining  
DSP u_mgr/u_shared_fabric/u_shared_pipeline/u_pipeline_4array_top/u_array2/ROW[3].COL[2].u_pe/dsp_accum0 multiplier stage u_mgr/u_shared_fabric/u_shared_pipeline/u_pipeline_4array_top/u_array2/ROW[3].COL[2].u_pe/dsp_accum0/P[47:0] is not pipelined (MREG=0). Pipelining the multiplier function will improve performance and will save significant power so it is suggested whenever possible to fully pipeline this function.  If this multiplier was inferred, it is suggested to describe an additional register stage after this function.  If there is no registered adder/accumulator following the multiply function, two pipeline stages are suggested to allow both the MREG and PREG registers to be used.  If the DSP48 was instantiated in the design, it is suggested to set both the MREG and PREG attributes to 1 when performing multiply functions.
Related violations: <none>

DPOP-4#32 Warning
MREG Output pipelining  
DSP u_mgr/u_shared_fabric/u_shared_pipeline/u_pipeline_4array_top/u_array2/ROW[3].COL[3].u_pe/dsp_accum0 multiplier stage u_mgr/u_shared_fabric/u_shared_pipeline/u_pipeline_4array_top/u_array2/ROW[3].COL[3].u_pe/dsp_accum0/P[47:0] is not pipelined (MREG=0). Pipelining the multiplier function will improve performance and will save significant power so it is suggested whenever possible to fully pipeline this function.  If this multiplier was inferred, it is suggested to describe an additional register stage after this function.  If there is no registered adder/accumulator following the multiply function, two pipeline stages are suggested to allow both the MREG and PREG registers to be used.  If the DSP48 was instantiated in the design, it is suggested to set both the MREG and PREG attributes to 1 when performing multiply functions.
Related violations: <none>

DPOP-4#33 Warning
MREG Output pipelining  
DSP u_mgr/u_shared_fabric/u_shared_pipeline/u_pipeline_4array_top/u_array3/ROW[0].COL[0].u_pe/dsp_accum0 multiplier stage u_mgr/u_shared_fabric/u_shared_pipeline/u_pipeline_4array_top/u_array3/ROW[0].COL[0].u_pe/dsp_accum0/P[47:0] is not pipelined (MREG=0). Pipelining the multiplier function will improve performance and will save significant power so it is suggested whenever possible to fully pipeline this function.  If this multiplier was inferred, it is suggested to describe an additional register stage after this function.  If there is no registered adder/accumulator following the multiply function, two pipeline stages are suggested to allow both the MREG and PREG registers to be used.  If the DSP48 was instantiated in the design, it is suggested to set both the MREG and PREG attributes to 1 when performing multiply functions.
Related violations: <none>

DPOP-4#34 Warning
MREG Output pipelining  
DSP u_mgr/u_shared_fabric/u_shared_pipeline/u_pipeline_4array_top/u_array3/ROW[0].COL[1].u_pe/dsp_accum0 multiplier stage u_mgr/u_shared_fabric/u_shared_pipeline/u_pipeline_4array_top/u_array3/ROW[0].COL[1].u_pe/dsp_accum0/P[47:0] is not pipelined (MREG=0). Pipelining the multiplier function will improve performance and will save significant power so it is suggested whenever possible to fully pipeline this function.  If this multiplier was inferred, it is suggested to describe an additional register stage after this function.  If there is no registered adder/accumulator following the multiply function, two pipeline stages are suggested to allow both the MREG and PREG registers to be used.  If the DSP48 was instantiated in the design, it is suggested to set both the MREG and PREG attributes to 1 when performing multiply functions.
Related violations: <none>

DPOP-4#35 Warning
MREG Output pipelining  
DSP u_mgr/u_shared_fabric/u_shared_pipeline/u_pipeline_4array_top/u_array3/ROW[0].COL[2].u_pe/dsp_accum0 multiplier stage u_mgr/u_shared_fabric/u_shared_pipeline/u_pipeline_4array_top/u_array3/ROW[0].COL[2].u_pe/dsp_accum0/P[47:0] is not pipelined (MREG=0). Pipelining the multiplier function will improve performance and will save significant power so it is suggested whenever possible to fully pipeline this function.  If this multiplier was inferred, it is suggested to describe an additional register stage after this function.  If there is no registered adder/accumulator following the multiply function, two pipeline stages are suggested to allow both the MREG and PREG registers to be used.  If the DSP48 was instantiated in the design, it is suggested to set both the MREG and PREG attributes to 1 when performing multiply functions.
Related violations: <none>

DPOP-4#36 Warning
MREG Output pipelining  
DSP u_mgr/u_shared_fabric/u_shared_pipeline/u_pipeline_4array_top/u_array3/ROW[0].COL[3].u_pe/dsp_accum0 multiplier stage u_mgr/u_shared_fabric/u_shared_pipeline/u_pipeline_4array_top/u_array3/ROW[0].COL[3].u_pe/dsp_accum0/P[47:0] is not pipelined (MREG=0). Pipelining the multiplier function will improve performance and will save significant power so it is suggested whenever possible to fully pipeline this function.  If this multiplier was inferred, it is suggested to describe an additional register stage after this function.  If there is no registered adder/accumulator following the multiply function, two pipeline stages are suggested to allow both the MREG and PREG registers to be used.  If the DSP48 was instantiated in the design, it is suggested to set both the MREG and PREG attributes to 1 when performing multiply functions.
Related violations: <none>

DPOP-4#37 Warning
MREG Output pipelining  
DSP u_mgr/u_shared_fabric/u_shared_pipeline/u_pipeline_4array_top/u_array3/ROW[1].COL[0].u_pe/dsp_accum0 multiplier stage u_mgr/u_shared_fabric/u_shared_pipeline/u_pipeline_4array_top/u_array3/ROW[1].COL[0].u_pe/dsp_accum0/P[47:0] is not pipelined (MREG=0). Pipelining the multiplier function will improve performance and will save significant power so it is suggested whenever possible to fully pipeline this function.  If this multiplier was inferred, it is suggested to describe an additional register stage after this function.  If there is no registered adder/accumulator following the multiply function, two pipeline stages are suggested to allow both the MREG and PREG registers to be used.  If the DSP48 was instantiated in the design, it is suggested to set both the MREG and PREG attributes to 1 when performing multiply functions.
Related violations: <none>

DPOP-4#38 Warning
MREG Output pipelining  
DSP u_mgr/u_shared_fabric/u_shared_pipeline/u_pipeline_4array_top/u_array3/ROW[1].COL[1].u_pe/dsp_accum0 multiplier stage u_mgr/u_shared_fabric/u_shared_pipeline/u_pipeline_4array_top/u_array3/ROW[1].COL[1].u_pe/dsp_accum0/P[47:0] is not pipelined (MREG=0). Pipelining the multiplier function will improve performance and will save significant power so it is suggested whenever possible to fully pipeline this function.  If this multiplier was inferred, it is suggested to describe an additional register stage after this function.  If there is no registered adder/accumulator following the multiply function, two pipeline stages are suggested to allow both the MREG and PREG registers to be used.  If the DSP48 was instantiated in the design, it is suggested to set both the MREG and PREG attributes to 1 when performing multiply functions.
Related violations: <none>

DPOP-4#39 Warning
MREG Output pipelining  
DSP u_mgr/u_shared_fabric/u_shared_pipeline/u_pipeline_4array_top/u_array3/ROW[1].COL[2].u_pe/dsp_accum0 multiplier stage u_mgr/u_shared_fabric/u_shared_pipeline/u_pipeline_4array_top/u_array3/ROW[1].COL[2].u_pe/dsp_accum0/P[47:0] is not pipelined (MREG=0). Pipelining the multiplier function will improve performance and will save significant power so it is suggested whenever possible to fully pipeline this function.  If this multiplier was inferred, it is suggested to describe an additional register stage after this function.  If there is no registered adder/accumulator following the multiply function, two pipeline stages are suggested to allow both the MREG and PREG registers to be used.  If the DSP48 was instantiated in the design, it is suggested to set both the MREG and PREG attributes to 1 when performing multiply functions.
Related violations: <none>

DPOP-4#40 Warning
MREG Output pipelining  
DSP u_mgr/u_shared_fabric/u_shared_pipeline/u_pipeline_4array_top/u_array3/ROW[1].COL[3].u_pe/dsp_accum0 multiplier stage u_mgr/u_shared_fabric/u_shared_pipeline/u_pipeline_4array_top/u_array3/ROW[1].COL[3].u_pe/dsp_accum0/P[47:0] is not pipelined (MREG=0). Pipelining the multiplier function will improve performance and will save significant power so it is suggested whenever possible to fully pipeline this function.  If this multiplier was inferred, it is suggested to describe an additional register stage after this function.  If there is no registered adder/accumulator following the multiply function, two pipeline stages are suggested to allow both the MREG and PREG registers to be used.  If the DSP48 was instantiated in the design, it is suggested to set both the MREG and PREG attributes to 1 when performing multiply functions.
Related violations: <none>

DPOP-4#41 Warning
MREG Output pipelining  
DSP u_mgr/u_shared_fabric/u_shared_pipeline/u_pipeline_4array_top/u_array3/ROW[2].COL[0].u_pe/dsp_accum0 multiplier stage u_mgr/u_shared_fabric/u_shared_pipeline/u_pipeline_4array_top/u_array3/ROW[2].COL[0].u_pe/dsp_accum0/P[47:0] is not pipelined (MREG=0). Pipelining the multiplier function will improve performance and will save significant power so it is suggested whenever possible to fully pipeline this function.  If this multiplier was inferred, it is suggested to describe an additional register stage after this function.  If there is no registered adder/accumulator following the multiply function, two pipeline stages are suggested to allow both the MREG and PREG registers to be used.  If the DSP48 was instantiated in the design, it is suggested to set both the MREG and PREG attributes to 1 when performing multiply functions.
Related violations: <none>

DPOP-4#42 Warning
MREG Output pipelining  
DSP u_mgr/u_shared_fabric/u_shared_pipeline/u_pipeline_4array_top/u_array3/ROW[2].COL[1].u_pe/dsp_accum0 multiplier stage u_mgr/u_shared_fabric/u_shared_pipeline/u_pipeline_4array_top/u_array3/ROW[2].COL[1].u_pe/dsp_accum0/P[47:0] is not pipelined (MREG=0). Pipelining the multiplier function will improve performance and will save significant power so it is suggested whenever possible to fully pipeline this function.  If this multiplier was inferred, it is suggested to describe an additional register stage after this function.  If there is no registered adder/accumulator following the multiply function, two pipeline stages are suggested to allow both the MREG and PREG registers to be used.  If the DSP48 was instantiated in the design, it is suggested to set both the MREG and PREG attributes to 1 when performing multiply functions.
Related violations: <none>

DPOP-4#43 Warning
MREG Output pipelining  
DSP u_mgr/u_shared_fabric/u_shared_pipeline/u_pipeline_4array_top/u_array3/ROW[2].COL[2].u_pe/dsp_accum0 multiplier stage u_mgr/u_shared_fabric/u_shared_pipeline/u_pipeline_4array_top/u_array3/ROW[2].COL[2].u_pe/dsp_accum0/P[47:0] is not pipelined (MREG=0). Pipelining the multiplier function will improve performance and will save significant power so it is suggested whenever possible to fully pipeline this function.  If this multiplier was inferred, it is suggested to describe an additional register stage after this function.  If there is no registered adder/accumulator following the multiply function, two pipeline stages are suggested to allow both the MREG and PREG registers to be used.  If the DSP48 was instantiated in the design, it is suggested to set both the MREG and PREG attributes to 1 when performing multiply functions.
Related violations: <none>

DPOP-4#44 Warning
MREG Output pipelining  
DSP u_mgr/u_shared_fabric/u_shared_pipeline/u_pipeline_4array_top/u_array3/ROW[2].COL[3].u_pe/dsp_accum0 multiplier stage u_mgr/u_shared_fabric/u_shared_pipeline/u_pipeline_4array_top/u_array3/ROW[2].COL[3].u_pe/dsp_accum0/P[47:0] is not pipelined (MREG=0). Pipelining the multiplier function will improve performance and will save significant power so it is suggested whenever possible to fully pipeline this function.  If this multiplier was inferred, it is suggested to describe an additional register stage after this function.  If there is no registered adder/accumulator following the multiply function, two pipeline stages are suggested to allow both the MREG and PREG registers to be used.  If the DSP48 was instantiated in the design, it is suggested to set both the MREG and PREG attributes to 1 when performing multiply functions.
Related violations: <none>

DPOP-4#45 Warning
MREG Output pipelining  
DSP u_mgr/u_shared_fabric/u_shared_pipeline/u_pipeline_4array_top/u_array3/ROW[3].COL[0].u_pe/dsp_accum0 multiplier stage u_mgr/u_shared_fabric/u_shared_pipeline/u_pipeline_4array_top/u_array3/ROW[3].COL[0].u_pe/dsp_accum0/P[47:0] is not pipelined (MREG=0). Pipelining the multiplier function will improve performance and will save significant power so it is suggested whenever possible to fully pipeline this function.  If this multiplier was inferred, it is suggested to describe an additional register stage after this function.  If there is no registered adder/accumulator following the multiply function, two pipeline stages are suggested to allow both the MREG and PREG registers to be used.  If the DSP48 was instantiated in the design, it is suggested to set both the MREG and PREG attributes to 1 when performing multiply functions.
Related violations: <none>

DPOP-4#46 Warning
MREG Output pipelining  
DSP u_mgr/u_shared_fabric/u_shared_pipeline/u_pipeline_4array_top/u_array3/ROW[3].COL[1].u_pe/dsp_accum0 multiplier stage u_mgr/u_shared_fabric/u_shared_pipeline/u_pipeline_4array_top/u_array3/ROW[3].COL[1].u_pe/dsp_accum0/P[47:0] is not pipelined (MREG=0). Pipelining the multiplier function will improve performance and will save significant power so it is suggested whenever possible to fully pipeline this function.  If this multiplier was inferred, it is suggested to describe an additional register stage after this function.  If there is no registered adder/accumulator following the multiply function, two pipeline stages are suggested to allow both the MREG and PREG registers to be used.  If the DSP48 was instantiated in the design, it is suggested to set both the MREG and PREG attributes to 1 when performing multiply functions.
Related violations: <none>

DPOP-4#47 Warning
MREG Output pipelining  
DSP u_mgr/u_shared_fabric/u_shared_pipeline/u_pipeline_4array_top/u_array3/ROW[3].COL[2].u_pe/dsp_accum0 multiplier stage u_mgr/u_shared_fabric/u_shared_pipeline/u_pipeline_4array_top/u_array3/ROW[3].COL[2].u_pe/dsp_accum0/P[47:0] is not pipelined (MREG=0). Pipelining the multiplier function will improve performance and will save significant power so it is suggested whenever possible to fully pipeline this function.  If this multiplier was inferred, it is suggested to describe an additional register stage after this function.  If there is no registered adder/accumulator following the multiply function, two pipeline stages are suggested to allow both the MREG and PREG registers to be used.  If the DSP48 was instantiated in the design, it is suggested to set both the MREG and PREG attributes to 1 when performing multiply functions.
Related violations: <none>

DPOP-4#48 Warning
MREG Output pipelining  
DSP u_mgr/u_shared_fabric/u_shared_pipeline/u_pipeline_4array_top/u_array3/ROW[3].COL[3].u_pe/dsp_accum0 multiplier stage u_mgr/u_shared_fabric/u_shared_pipeline/u_pipeline_4array_top/u_array3/ROW[3].COL[3].u_pe/dsp_accum0/P[47:0] is not pipelined (MREG=0). Pipelining the multiplier function will improve performance and will save significant power so it is suggested whenever possible to fully pipeline this function.  If this multiplier was inferred, it is suggested to describe an additional register stage after this function.  If there is no registered adder/accumulator following the multiply function, two pipeline stages are suggested to allow both the MREG and PREG registers to be used.  If the DSP48 was instantiated in the design, it is suggested to set both the MREG and PREG attributes to 1 when performing multiply functions.
Related violations: <none>

DPOP-4#49 Warning
MREG Output pipelining  
DSP u_mgr/u_shared_fabric/u_shared_pipeline/u_pipeline_4array_top/u_array4/ROW[0].COL[0].u_pe/dsp_accum0 multiplier stage u_mgr/u_shared_fabric/u_shared_pipeline/u_pipeline_4array_top/u_array4/ROW[0].COL[0].u_pe/dsp_accum0/P[47:0] is not pipelined (MREG=0). Pipelining the multiplier function will improve performance and will save significant power so it is suggested whenever possible to fully pipeline this function.  If this multiplier was inferred, it is suggested to describe an additional register stage after this function.  If there is no registered adder/accumulator following the multiply function, two pipeline stages are suggested to allow both the MREG and PREG registers to be used.  If the DSP48 was instantiated in the design, it is suggested to set both the MREG and PREG attributes to 1 when performing multiply functions.
Related violations: <none>

DPOP-4#50 Warning
MREG Output pipelining  
DSP u_mgr/u_shared_fabric/u_shared_pipeline/u_pipeline_4array_top/u_array4/ROW[0].COL[1].u_pe/dsp_accum0 multiplier stage u_mgr/u_shared_fabric/u_shared_pipeline/u_pipeline_4array_top/u_array4/ROW[0].COL[1].u_pe/dsp_accum0/P[47:0] is not pipelined (MREG=0). Pipelining the multiplier function will improve performance and will save significant power so it is suggested whenever possible to fully pipeline this function.  If this multiplier was inferred, it is suggested to describe an additional register stage after this function.  If there is no registered adder/accumulator following the multiply function, two pipeline stages are suggested to allow both the MREG and PREG registers to be used.  If the DSP48 was instantiated in the design, it is suggested to set both the MREG and PREG attributes to 1 when performing multiply functions.
Related violations: <none>

DPOP-4#51 Warning
MREG Output pipelining  
DSP u_mgr/u_shared_fabric/u_shared_pipeline/u_pipeline_4array_top/u_array4/ROW[0].COL[2].u_pe/dsp_accum0 multiplier stage u_mgr/u_shared_fabric/u_shared_pipeline/u_pipeline_4array_top/u_array4/ROW[0].COL[2].u_pe/dsp_accum0/P[47:0] is not pipelined (MREG=0). Pipelining the multiplier function will improve performance and will save significant power so it is suggested whenever possible to fully pipeline this function.  If this multiplier was inferred, it is suggested to describe an additional register stage after this function.  If there is no registered adder/accumulator following the multiply function, two pipeline stages are suggested to allow both the MREG and PREG registers to be used.  If the DSP48 was instantiated in the design, it is suggested to set both the MREG and PREG attributes to 1 when performing multiply functions.
Related violations: <none>

DPOP-4#52 Warning
MREG Output pipelining  
DSP u_mgr/u_shared_fabric/u_shared_pipeline/u_pipeline_4array_top/u_array4/ROW[0].COL[3].u_pe/dsp_accum0 multiplier stage u_mgr/u_shared_fabric/u_shared_pipeline/u_pipeline_4array_top/u_array4/ROW[0].COL[3].u_pe/dsp_accum0/P[47:0] is not pipelined (MREG=0). Pipelining the multiplier function will improve performance and will save significant power so it is suggested whenever possible to fully pipeline this function.  If this multiplier was inferred, it is suggested to describe an additional register stage after this function.  If there is no registered adder/accumulator following the multiply function, two pipeline stages are suggested to allow both the MREG and PREG registers to be used.  If the DSP48 was instantiated in the design, it is suggested to set both the MREG and PREG attributes to 1 when performing multiply functions.
Related violations: <none>

DPOP-4#53 Warning
MREG Output pipelining  
DSP u_mgr/u_shared_fabric/u_shared_pipeline/u_pipeline_4array_top/u_array4/ROW[1].COL[0].u_pe/dsp_accum0 multiplier stage u_mgr/u_shared_fabric/u_shared_pipeline/u_pipeline_4array_top/u_array4/ROW[1].COL[0].u_pe/dsp_accum0/P[47:0] is not pipelined (MREG=0). Pipelining the multiplier function will improve performance and will save significant power so it is suggested whenever possible to fully pipeline this function.  If this multiplier was inferred, it is suggested to describe an additional register stage after this function.  If there is no registered adder/accumulator following the multiply function, two pipeline stages are suggested to allow both the MREG and PREG registers to be used.  If the DSP48 was instantiated in the design, it is suggested to set both the MREG and PREG attributes to 1 when performing multiply functions.
Related violations: <none>

DPOP-4#54 Warning
MREG Output pipelining  
DSP u_mgr/u_shared_fabric/u_shared_pipeline/u_pipeline_4array_top/u_array4/ROW[1].COL[1].u_pe/dsp_accum0 multiplier stage u_mgr/u_shared_fabric/u_shared_pipeline/u_pipeline_4array_top/u_array4/ROW[1].COL[1].u_pe/dsp_accum0/P[47:0] is not pipelined (MREG=0). Pipelining the multiplier function will improve performance and will save significant power so it is suggested whenever possible to fully pipeline this function.  If this multiplier was inferred, it is suggested to describe an additional register stage after this function.  If there is no registered adder/accumulator following the multiply function, two pipeline stages are suggested to allow both the MREG and PREG registers to be used.  If the DSP48 was instantiated in the design, it is suggested to set both the MREG and PREG attributes to 1 when performing multiply functions.
Related violations: <none>

DPOP-4#55 Warning
MREG Output pipelining  
DSP u_mgr/u_shared_fabric/u_shared_pipeline/u_pipeline_4array_top/u_array4/ROW[1].COL[2].u_pe/dsp_accum0 multiplier stage u_mgr/u_shared_fabric/u_shared_pipeline/u_pipeline_4array_top/u_array4/ROW[1].COL[2].u_pe/dsp_accum0/P[47:0] is not pipelined (MREG=0). Pipelining the multiplier function will improve performance and will save significant power so it is suggested whenever possible to fully pipeline this function.  If this multiplier was inferred, it is suggested to describe an additional register stage after this function.  If there is no registered adder/accumulator following the multiply function, two pipeline stages are suggested to allow both the MREG and PREG registers to be used.  If the DSP48 was instantiated in the design, it is suggested to set both the MREG and PREG attributes to 1 when performing multiply functions.
Related violations: <none>

DPOP-4#56 Warning
MREG Output pipelining  
DSP u_mgr/u_shared_fabric/u_shared_pipeline/u_pipeline_4array_top/u_array4/ROW[1].COL[3].u_pe/dsp_accum0 multiplier stage u_mgr/u_shared_fabric/u_shared_pipeline/u_pipeline_4array_top/u_array4/ROW[1].COL[3].u_pe/dsp_accum0/P[47:0] is not pipelined (MREG=0). Pipelining the multiplier function will improve performance and will save significant power so it is suggested whenever possible to fully pipeline this function.  If this multiplier was inferred, it is suggested to describe an additional register stage after this function.  If there is no registered adder/accumulator following the multiply function, two pipeline stages are suggested to allow both the MREG and PREG registers to be used.  If the DSP48 was instantiated in the design, it is suggested to set both the MREG and PREG attributes to 1 when performing multiply functions.
Related violations: <none>

DPOP-4#57 Warning
MREG Output pipelining  
DSP u_mgr/u_shared_fabric/u_shared_pipeline/u_pipeline_4array_top/u_array4/ROW[2].COL[0].u_pe/dsp_accum0 multiplier stage u_mgr/u_shared_fabric/u_shared_pipeline/u_pipeline_4array_top/u_array4/ROW[2].COL[0].u_pe/dsp_accum0/P[47:0] is not pipelined (MREG=0). Pipelining the multiplier function will improve performance and will save significant power so it is suggested whenever possible to fully pipeline this function.  If this multiplier was inferred, it is suggested to describe an additional register stage after this function.  If there is no registered adder/accumulator following the multiply function, two pipeline stages are suggested to allow both the MREG and PREG registers to be used.  If the DSP48 was instantiated in the design, it is suggested to set both the MREG and PREG attributes to 1 when performing multiply functions.
Related violations: <none>

DPOP-4#58 Warning
MREG Output pipelining  
DSP u_mgr/u_shared_fabric/u_shared_pipeline/u_pipeline_4array_top/u_array4/ROW[2].COL[1].u_pe/dsp_accum0 multiplier stage u_mgr/u_shared_fabric/u_shared_pipeline/u_pipeline_4array_top/u_array4/ROW[2].COL[1].u_pe/dsp_accum0/P[47:0] is not pipelined (MREG=0). Pipelining the multiplier function will improve performance and will save significant power so it is suggested whenever possible to fully pipeline this function.  If this multiplier was inferred, it is suggested to describe an additional register stage after this function.  If there is no registered adder/accumulator following the multiply function, two pipeline stages are suggested to allow both the MREG and PREG registers to be used.  If the DSP48 was instantiated in the design, it is suggested to set both the MREG and PREG attributes to 1 when performing multiply functions.
Related violations: <none>

DPOP-4#59 Warning
MREG Output pipelining  
DSP u_mgr/u_shared_fabric/u_shared_pipeline/u_pipeline_4array_top/u_array4/ROW[2].COL[2].u_pe/dsp_accum0 multiplier stage u_mgr/u_shared_fabric/u_shared_pipeline/u_pipeline_4array_top/u_array4/ROW[2].COL[2].u_pe/dsp_accum0/P[47:0] is not pipelined (MREG=0). Pipelining the multiplier function will improve performance and will save significant power so it is suggested whenever possible to fully pipeline this function.  If this multiplier was inferred, it is suggested to describe an additional register stage after this function.  If there is no registered adder/accumulator following the multiply function, two pipeline stages are suggested to allow both the MREG and PREG registers to be used.  If the DSP48 was instantiated in the design, it is suggested to set both the MREG and PREG attributes to 1 when performing multiply functions.
Related violations: <none>

DPOP-4#60 Warning
MREG Output pipelining  
DSP u_mgr/u_shared_fabric/u_shared_pipeline/u_pipeline_4array_top/u_array4/ROW[2].COL[3].u_pe/dsp_accum0 multiplier stage u_mgr/u_shared_fabric/u_shared_pipeline/u_pipeline_4array_top/u_array4/ROW[2].COL[3].u_pe/dsp_accum0/P[47:0] is not pipelined (MREG=0). Pipelining the multiplier function will improve performance and will save significant power so it is suggested whenever possible to fully pipeline this function.  If this multiplier was inferred, it is suggested to describe an additional register stage after this function.  If there is no registered adder/accumulator following the multiply function, two pipeline stages are suggested to allow both the MREG and PREG registers to be used.  If the DSP48 was instantiated in the design, it is suggested to set both the MREG and PREG attributes to 1 when performing multiply functions.
Related violations: <none>

DPOP-4#61 Warning
MREG Output pipelining  
DSP u_mgr/u_shared_fabric/u_shared_pipeline/u_pipeline_4array_top/u_array4/ROW[3].COL[0].u_pe/dsp_accum0 multiplier stage u_mgr/u_shared_fabric/u_shared_pipeline/u_pipeline_4array_top/u_array4/ROW[3].COL[0].u_pe/dsp_accum0/P[47:0] is not pipelined (MREG=0). Pipelining the multiplier function will improve performance and will save significant power so it is suggested whenever possible to fully pipeline this function.  If this multiplier was inferred, it is suggested to describe an additional register stage after this function.  If there is no registered adder/accumulator following the multiply function, two pipeline stages are suggested to allow both the MREG and PREG registers to be used.  If the DSP48 was instantiated in the design, it is suggested to set both the MREG and PREG attributes to 1 when performing multiply functions.
Related violations: <none>

DPOP-4#62 Warning
MREG Output pipelining  
DSP u_mgr/u_shared_fabric/u_shared_pipeline/u_pipeline_4array_top/u_array4/ROW[3].COL[1].u_pe/dsp_accum0 multiplier stage u_mgr/u_shared_fabric/u_shared_pipeline/u_pipeline_4array_top/u_array4/ROW[3].COL[1].u_pe/dsp_accum0/P[47:0] is not pipelined (MREG=0). Pipelining the multiplier function will improve performance and will save significant power so it is suggested whenever possible to fully pipeline this function.  If this multiplier was inferred, it is suggested to describe an additional register stage after this function.  If there is no registered adder/accumulator following the multiply function, two pipeline stages are suggested to allow both the MREG and PREG registers to be used.  If the DSP48 was instantiated in the design, it is suggested to set both the MREG and PREG attributes to 1 when performing multiply functions.
Related violations: <none>

DPOP-4#63 Warning
MREG Output pipelining  
DSP u_mgr/u_shared_fabric/u_shared_pipeline/u_pipeline_4array_top/u_array4/ROW[3].COL[2].u_pe/dsp_accum0 multiplier stage u_mgr/u_shared_fabric/u_shared_pipeline/u_pipeline_4array_top/u_array4/ROW[3].COL[2].u_pe/dsp_accum0/P[47:0] is not pipelined (MREG=0). Pipelining the multiplier function will improve performance and will save significant power so it is suggested whenever possible to fully pipeline this function.  If this multiplier was inferred, it is suggested to describe an additional register stage after this function.  If there is no registered adder/accumulator following the multiply function, two pipeline stages are suggested to allow both the MREG and PREG registers to be used.  If the DSP48 was instantiated in the design, it is suggested to set both the MREG and PREG attributes to 1 when performing multiply functions.
Related violations: <none>

DPOP-4#64 Warning
MREG Output pipelining  
DSP u_mgr/u_shared_fabric/u_shared_pipeline/u_pipeline_4array_top/u_array4/ROW[3].COL[3].u_pe/dsp_accum0 multiplier stage u_mgr/u_shared_fabric/u_shared_pipeline/u_pipeline_4array_top/u_array4/ROW[3].COL[3].u_pe/dsp_accum0/P[47:0] is not pipelined (MREG=0). Pipelining the multiplier function will improve performance and will save significant power so it is suggested whenever possible to fully pipeline this function.  If this multiplier was inferred, it is suggested to describe an additional register stage after this function.  If there is no registered adder/accumulator following the multiply function, two pipeline stages are suggested to allow both the MREG and PREG registers to be used.  If the DSP48 was instantiated in the design, it is suggested to set both the MREG and PREG attributes to 1 when performing multiply functions.
Related violations: <none>

DPOP-4#65 Warning
MREG Output pipelining  
DSP u_silu/p_0_out multiplier stage u_silu/p_0_out/P[47:0] is not pipelined (MREG=0). Pipelining the multiplier function will improve performance and will save significant power so it is suggested whenever possible to fully pipeline this function.  If this multiplier was inferred, it is suggested to describe an additional register stage after this function.  If there is no registered adder/accumulator following the multiply function, two pipeline stages are suggested to allow both the MREG and PREG registers to be used.  If the DSP48 was instantiated in the design, it is suggested to set both the MREG and PREG attributes to 1 when performing multiply functions.
Related violations: <none>

DPOP-4#66 Warning
MREG Output pipelining  
DSP u_silu/p_0_out__0 multiplier stage u_silu/p_0_out__0/P[47:0] is not pipelined (MREG=0). Pipelining the multiplier function will improve performance and will save significant power so it is suggested whenever possible to fully pipeline this function.  If this multiplier was inferred, it is suggested to describe an additional register stage after this function.  If there is no registered adder/accumulator following the multiply function, two pipeline stages are suggested to allow both the MREG and PREG registers to be used.  If the DSP48 was instantiated in the design, it is suggested to set both the MREG and PREG attributes to 1 when performing multiply functions.
Related violations: <none>

DPOP-4#67 Warning
MREG Output pipelining  
DSP u_silu/p_0_out__1 multiplier stage u_silu/p_0_out__1/P[47:0] is not pipelined (MREG=0). Pipelining the multiplier function will improve performance and will save significant power so it is suggested whenever possible to fully pipeline this function.  If this multiplier was inferred, it is suggested to describe an additional register stage after this function.  If there is no registered adder/accumulator following the multiply function, two pipeline stages are suggested to allow both the MREG and PREG registers to be used.  If the DSP48 was instantiated in the design, it is suggested to set both the MREG and PREG attributes to 1 when performing multiply functions.
Related violations: <none>

DPOP-4#68 Warning
MREG Output pipelining  
DSP u_silu/p_0_out__2 multiplier stage u_silu/p_0_out__2/P[47:0] is not pipelined (MREG=0). Pipelining the multiplier function will improve performance and will save significant power so it is suggested whenever possible to fully pipeline this function.  If this multiplier was inferred, it is suggested to describe an additional register stage after this function.  If there is no registered adder/accumulator following the multiply function, two pipeline stages are suggested to allow both the MREG and PREG registers to be used.  If the DSP48 was instantiated in the design, it is suggested to set both the MREG and PREG attributes to 1 when performing multiply functions.
Related violations: <none>

DPOP-4#69 Warning
MREG Output pipelining  
DSP u_ssm_core/u_ew/p_0_out multiplier stage u_ssm_core/u_ew/p_0_out/P[47:0] is not pipelined (MREG=0). Pipelining the multiplier function will improve performance and will save significant power so it is suggested whenever possible to fully pipeline this function.  If this multiplier was inferred, it is suggested to describe an additional register stage after this function.  If there is no registered adder/accumulator following the multiply function, two pipeline stages are suggested to allow both the MREG and PREG registers to be used.  If the DSP48 was instantiated in the design, it is suggested to set both the MREG and PREG attributes to 1 when performing multiply functions.
Related violations: <none>

DPOP-4#70 Warning
MREG Output pipelining  
DSP u_ssm_core/u_ew/p_0_out__0 multiplier stage u_ssm_core/u_ew/p_0_out__0/P[47:0] is not pipelined (MREG=0). Pipelining the multiplier function will improve performance and will save significant power so it is suggested whenever possible to fully pipeline this function.  If this multiplier was inferred, it is suggested to describe an additional register stage after this function.  If there is no registered adder/accumulator following the multiply function, two pipeline stages are suggested to allow both the MREG and PREG registers to be used.  If the DSP48 was instantiated in the design, it is suggested to set both the MREG and PREG attributes to 1 when performing multiply functions.
Related violations: <none>

DPOP-4#71 Warning
MREG Output pipelining  
DSP u_ssm_core/u_ew/p_0_out__1 multiplier stage u_ssm_core/u_ew/p_0_out__1/P[47:0] is not pipelined (MREG=0). Pipelining the multiplier function will improve performance and will save significant power so it is suggested whenever possible to fully pipeline this function.  If this multiplier was inferred, it is suggested to describe an additional register stage after this function.  If there is no registered adder/accumulator following the multiply function, two pipeline stages are suggested to allow both the MREG and PREG registers to be used.  If the DSP48 was instantiated in the design, it is suggested to set both the MREG and PREG attributes to 1 when performing multiply functions.
Related violations: <none>

DPOP-4#72 Warning
MREG Output pipelining  
DSP u_ssm_core/u_ew/p_0_out__2 multiplier stage u_ssm_core/u_ew/p_0_out__2/P[47:0] is not pipelined (MREG=0). Pipelining the multiplier function will improve performance and will save significant power so it is suggested whenever possible to fully pipeline this function.  If this multiplier was inferred, it is suggested to describe an additional register stage after this function.  If there is no registered adder/accumulator following the multiply function, two pipeline stages are suggested to allow both the MREG and PREG registers to be used.  If the DSP48 was instantiated in the design, it is suggested to set both the MREG and PREG attributes to 1 when performing multiply functions.
Related violations: <none>

DPOP-4#73 Warning
MREG Output pipelining  
DSP u_ssm_core/u_ew/p_0_out__3 multiplier stage u_ssm_core/u_ew/p_0_out__3/P[47:0] is not pipelined (MREG=0). Pipelining the multiplier function will improve performance and will save significant power so it is suggested whenever possible to fully pipeline this function.  If this multiplier was inferred, it is suggested to describe an additional register stage after this function.  If there is no registered adder/accumulator following the multiply function, two pipeline stages are suggested to allow both the MREG and PREG registers to be used.  If the DSP48 was instantiated in the design, it is suggested to set both the MREG and PREG attributes to 1 when performing multiply functions.
Related violations: <none>

DPOP-4#74 Warning
MREG Output pipelining  
DSP u_ssm_core/u_ew/p_0_out__4 multiplier stage u_ssm_core/u_ew/p_0_out__4/P[47:0] is not pipelined (MREG=0). Pipelining the multiplier function will improve performance and will save significant power so it is suggested whenever possible to fully pipeline this function.  If this multiplier was inferred, it is suggested to describe an additional register stage after this function.  If there is no registered adder/accumulator following the multiply function, two pipeline stages are suggested to allow both the MREG and PREG registers to be used.  If the DSP48 was instantiated in the design, it is suggested to set both the MREG and PREG attributes to 1 when performing multiply functions.
Related violations: <none>

DPOP-4#75 Warning
MREG Output pipelining  
DSP u_ssm_core/u_ew/p_0_out__5 multiplier stage u_ssm_core/u_ew/p_0_out__5/P[47:0] is not pipelined (MREG=0). Pipelining the multiplier function will improve performance and will save significant power so it is suggested whenever possible to fully pipeline this function.  If this multiplier was inferred, it is suggested to describe an additional register stage after this function.  If there is no registered adder/accumulator following the multiply function, two pipeline stages are suggested to allow both the MREG and PREG registers to be used.  If the DSP48 was instantiated in the design, it is suggested to set both the MREG and PREG attributes to 1 when performing multiply functions.
Related violations: <none>

DPOP-4#76 Warning
MREG Output pipelining  
DSP u_ssm_core/u_ew/p_0_out__6 multiplier stage u_ssm_core/u_ew/p_0_out__6/P[47:0] is not pipelined (MREG=0). Pipelining the multiplier function will improve performance and will save significant power so it is suggested whenever possible to fully pipeline this function.  If this multiplier was inferred, it is suggested to describe an additional register stage after this function.  If there is no registered adder/accumulator following the multiply function, two pipeline stages are suggested to allow both the MREG and PREG registers to be used.  If the DSP48 was instantiated in the design, it is suggested to set both the MREG and PREG attributes to 1 when performing multiply functions.
Related violations: <none>

DPOP-4#77 Warning
MREG Output pipelining  
DSP u_ssm_core/u_gate/p_0_out multiplier stage u_ssm_core/u_gate/p_0_out/P[47:0] is not pipelined (MREG=0). Pipelining the multiplier function will improve performance and will save significant power so it is suggested whenever possible to fully pipeline this function.  If this multiplier was inferred, it is suggested to describe an additional register stage after this function.  If there is no registered adder/accumulator following the multiply function, two pipeline stages are suggested to allow both the MREG and PREG registers to be used.  If the DSP48 was instantiated in the design, it is suggested to set both the MREG and PREG attributes to 1 when performing multiply functions.
Related violations: <none>

DPOP-4#78 Warning
MREG Output pipelining  
DSP u_ssm_core/u_gate/p_0_out__0 multiplier stage u_ssm_core/u_gate/p_0_out__0/P[47:0] is not pipelined (MREG=0). Pipelining the multiplier function will improve performance and will save significant power so it is suggested whenever possible to fully pipeline this function.  If this multiplier was inferred, it is suggested to describe an additional register stage after this function.  If there is no registered adder/accumulator following the multiply function, two pipeline stages are suggested to allow both the MREG and PREG registers to be used.  If the DSP48 was instantiated in the design, it is suggested to set both the MREG and PREG attributes to 1 when performing multiply functions.
Related violations: <none>

DPOP-4#79 Warning
MREG Output pipelining  
DSP u_ssm_core/u_gate/p_0_out__1 multiplier stage u_ssm_core/u_gate/p_0_out__1/P[47:0] is not pipelined (MREG=0). Pipelining the multiplier function will improve performance and will save significant power so it is suggested whenever possible to fully pipeline this function.  If this multiplier was inferred, it is suggested to describe an additional register stage after this function.  If there is no registered adder/accumulator following the multiply function, two pipeline stages are suggested to allow both the MREG and PREG registers to be used.  If the DSP48 was instantiated in the design, it is suggested to set both the MREG and PREG attributes to 1 when performing multiply functions.
Related violations: <none>

DPOP-4#80 Warning
MREG Output pipelining  
DSP u_ssm_core/u_gate/p_0_out__2 multiplier stage u_ssm_core/u_gate/p_0_out__2/P[47:0] is not pipelined (MREG=0). Pipelining the multiplier function will improve performance and will save significant power so it is suggested whenever possible to fully pipeline this function.  If this multiplier was inferred, it is suggested to describe an additional register stage after this function.  If there is no registered adder/accumulator following the multiply function, two pipeline stages are suggested to allow both the MREG and PREG registers to be used.  If the DSP48 was instantiated in the design, it is suggested to set both the MREG and PREG attributes to 1 when performing multiply functions.
Related violations: <none>

DPOP-4#81 Warning
MREG Output pipelining  
DSP u_u_silu/p_0_out multiplier stage u_u_silu/p_0_out/P[47:0] is not pipelined (MREG=0). Pipelining the multiplier function will improve performance and will save significant power so it is suggested whenever possible to fully pipeline this function.  If this multiplier was inferred, it is suggested to describe an additional register stage after this function.  If there is no registered adder/accumulator following the multiply function, two pipeline stages are suggested to allow both the MREG and PREG registers to be used.  If the DSP48 was instantiated in the design, it is suggested to set both the MREG and PREG attributes to 1 when performing multiply functions.
Related violations: <none>

DPOP-4#82 Warning
MREG Output pipelining  
DSP u_u_silu/p_0_out__0 multiplier stage u_u_silu/p_0_out__0/P[47:0] is not pipelined (MREG=0). Pipelining the multiplier function will improve performance and will save significant power so it is suggested whenever possible to fully pipeline this function.  If this multiplier was inferred, it is suggested to describe an additional register stage after this function.  If there is no registered adder/accumulator following the multiply function, two pipeline stages are suggested to allow both the MREG and PREG registers to be used.  If the DSP48 was instantiated in the design, it is suggested to set both the MREG and PREG attributes to 1 when performing multiply functions.
Related violations: <none>

DPOP-4#83 Warning
MREG Output pipelining  
DSP u_u_silu/p_0_out__1 multiplier stage u_u_silu/p_0_out__1/P[47:0] is not pipelined (MREG=0). Pipelining the multiplier function will improve performance and will save significant power so it is suggested whenever possible to fully pipeline this function.  If this multiplier was inferred, it is suggested to describe an additional register stage after this function.  If there is no registered adder/accumulator following the multiply function, two pipeline stages are suggested to allow both the MREG and PREG registers to be used.  If the DSP48 was instantiated in the design, it is suggested to set both the MREG and PREG attributes to 1 when performing multiply functions.
Related violations: <none>

DPOP-4#84 Warning
MREG Output pipelining  
DSP u_u_silu/p_0_out__2 multiplier stage u_u_silu/p_0_out__2/P[47:0] is not pipelined (MREG=0). Pipelining the multiplier function will improve performance and will save significant power so it is suggested whenever possible to fully pipeline this function.  If this multiplier was inferred, it is suggested to describe an additional register stage after this function.  If there is no registered adder/accumulator following the multiply function, two pipeline stages are suggested to allow both the MREG and PREG registers to be used.  If the DSP48 was instantiated in the design, it is suggested to set both the MREG and PREG attributes to 1 when performing multiply functions.
Related violations: <none>

IOCNT-1#1 Warning
Number of IOs  
The design contains 358 unplaced I/O ports while the target device, xczu9eg-ffvb1156-2-e, has 328 remaining available user I/O pins. This DRC assumes that all ports which do not drive MGT pins should be placed on user I/O pins. To correct this issue:
1. Ensure you are targeting the correct device and package. Select a larger device or different package if necessary.
2. Check the top-level ports of the design to ensure the correct number of ports are specified.
3. Consider design changes to reduce the number of user I/O pins needed.

Related violations: <none>


