Copyright 1986-2022 Xilinx, Inc. All Rights Reserved. Copyright 2022-2024 Advanced Micro Devices, Inc. All Rights Reserved.
-----------------------------------------------------------------------------------------------------------------------------------------------------------------------------------------------------------
| Tool Version : Vivado v.2024.1 (win64) Build 5076996 Wed May 22 18:37:14 MDT 2024
| Date         : Sun Apr  5 23:25:17 2026
| Host         : 13600kf running 64-bit major release  (build 9200)
| Command      : report_methodology -file reuse_mamba_board_shell_methodology_drc_routed.rpt -pb reuse_mamba_board_shell_methodology_drc_routed.pb -rpx reuse_mamba_board_shell_methodology_drc_routed.rpx
| Design       : reuse_mamba_board_shell
| Device       : xczu9eg-ffvb1156-2-e
| Speed File   : -2
| Design State : Fully Routed
-----------------------------------------------------------------------------------------------------------------------------------------------------------------------------------------------------------

Report Methodology

Table of Contents
-----------------
1. REPORT SUMMARY
2. REPORT DETAILS

1. REPORT SUMMARY
-----------------
            Netlist: netlist
          Floorplan: design_1
      Design limits: <entire design considered>
             Max violations: <unlimited>
             Violations found: 308
+--------+----------+------------------------------------------+------------+
| Rule   | Severity | Description                              | Violations |
+--------+----------+------------------------------------------+------------+
| XDCH-2 | Warning  | Same min and max delay values on IO port | 308        |
+--------+----------+------------------------------------------+------------+

2. REPORT DETAILS
-----------------
XDCH-2#1 Warning
Same min and max delay values on IO port  
The same input delay of 0.100 ns has been defined on port 'm_axis_y_tready' relative to clock sys_clk for both max and min. Make sure this reflects the design intent.
set_input_delay -clock [get_clocks sys_clk] 0.100 [get_ports {{s_axi_awaddr[*]} s_axi_awvalid {s_axi_wdata[*]} {s_axi_wstrb[*]} s_axi_wvalid s_axi_bready {s_axi_araddr[*]} s_axi_arvalid s_axi_rready s_axis_h_tvalid {s_axis_h_tdata[*]} s_axis_h_tlast s_axis_g_tvalid {s_axis_g_tdata[*]} s_axis_g_tlast m_axis_y_tready}]
E:/course/master/mamba/Cmamba_reconstruct/HW_reconstruct/minimal_timing.xdc (Line: 13)
Related violations: <none>

XDCH-2#2 Warning
Same min and max delay values on IO port  
The same input delay of 0.100 ns has been defined on port 's_axi_araddr[0]' relative to clock sys_clk for both max and min. Make sure this reflects the design intent.
set_input_delay -clock [get_clocks sys_clk] 0.100 [get_ports {{s_axi_awaddr[*]} s_axi_awvalid {s_axi_wdata[*]} {s_axi_wstrb[*]} s_axi_wvalid s_axi_bready {s_axi_araddr[*]} s_axi_arvalid s_axi_rready s_axis_h_tvalid {s_axis_h_tdata[*]} s_axis_h_tlast s_axis_g_tvalid {s_axis_g_tdata[*]} s_axis_g_tlast m_axis_y_tready}]
E:/course/master/mamba/Cmamba_reconstruct/HW_reconstruct/minimal_timing.xdc (Line: 13)
Related violations: <none>

XDCH-2#3 Warning
Same min and max delay values on IO port  
The same input delay of 0.100 ns has been defined on port 's_axi_araddr[10]' relative to clock sys_clk for both max and min. Make sure this reflects the design intent.
set_input_delay -clock [get_clocks sys_clk] 0.100 [get_ports {{s_axi_awaddr[*]} s_axi_awvalid {s_axi_wdata[*]} {s_axi_wstrb[*]} s_axi_wvalid s_axi_bready {s_axi_araddr[*]} s_axi_arvalid s_axi_rready s_axis_h_tvalid {s_axis_h_tdata[*]} s_axis_h_tlast s_axis_g_tvalid {s_axis_g_tdata[*]} s_axis_g_tlast m_axis_y_tready}]
E:/course/master/mamba/Cmamba_reconstruct/HW_reconstruct/minimal_timing.xdc (Line: 13)
Related violations: <none>

XDCH-2#4 Warning
Same min and max delay values on IO port  
The same input delay of 0.100 ns has been defined on port 's_axi_araddr[11]' relative to clock sys_clk for both max and min. Make sure this reflects the design intent.
set_input_delay -clock [get_clocks sys_clk] 0.100 [get_ports {{s_axi_awaddr[*]} s_axi_awvalid {s_axi_wdata[*]} {s_axi_wstrb[*]} s_axi_wvalid s_axi_bready {s_axi_araddr[*]} s_axi_arvalid s_axi_rready s_axis_h_tvalid {s_axis_h_tdata[*]} s_axis_h_tlast s_axis_g_tvalid {s_axis_g_tdata[*]} s_axis_g_tlast m_axis_y_tready}]
E:/course/master/mamba/Cmamba_reconstruct/HW_reconstruct/minimal_timing.xdc (Line: 13)
Related violations: <none>

XDCH-2#5 Warning
Same min and max delay values on IO port  
The same input delay of 0.100 ns has been defined on port 's_axi_araddr[1]' relative to clock sys_clk for both max and min. Make sure this reflects the design intent.
set_input_delay -clock [get_clocks sys_clk] 0.100 [get_ports {{s_axi_awaddr[*]} s_axi_awvalid {s_axi_wdata[*]} {s_axi_wstrb[*]} s_axi_wvalid s_axi_bready {s_axi_araddr[*]} s_axi_arvalid s_axi_rready s_axis_h_tvalid {s_axis_h_tdata[*]} s_axis_h_tlast s_axis_g_tvalid {s_axis_g_tdata[*]} s_axis_g_tlast m_axis_y_tready}]
E:/course/master/mamba/Cmamba_reconstruct/HW_reconstruct/minimal_timing.xdc (Line: 13)
Related violations: <none>

XDCH-2#6 Warning
Same min and max delay values on IO port  
The same input delay of 0.100 ns has been defined on port 's_axi_araddr[2]' relative to clock sys_clk for both max and min. Make sure this reflects the design intent.
set_input_delay -clock [get_clocks sys_clk] 0.100 [get_ports {{s_axi_awaddr[*]} s_axi_awvalid {s_axi_wdata[*]} {s_axi_wstrb[*]} s_axi_wvalid s_axi_bready {s_axi_araddr[*]} s_axi_arvalid s_axi_rready s_axis_h_tvalid {s_axis_h_tdata[*]} s_axis_h_tlast s_axis_g_tvalid {s_axis_g_tdata[*]} s_axis_g_tlast m_axis_y_tready}]
E:/course/master/mamba/Cmamba_reconstruct/HW_reconstruct/minimal_timing.xdc (Line: 13)
Related violations: <none>

XDCH-2#7 Warning
Same min and max delay values on IO port  
The same input delay of 0.100 ns has been defined on port 's_axi_araddr[3]' relative to clock sys_clk for both max and min. Make sure this reflects the design intent.
set_input_delay -clock [get_clocks sys_clk] 0.100 [get_ports {{s_axi_awaddr[*]} s_axi_awvalid {s_axi_wdata[*]} {s_axi_wstrb[*]} s_axi_wvalid s_axi_bready {s_axi_araddr[*]} s_axi_arvalid s_axi_rready s_axis_h_tvalid {s_axis_h_tdata[*]} s_axis_h_tlast s_axis_g_tvalid {s_axis_g_tdata[*]} s_axis_g_tlast m_axis_y_tready}]
E:/course/master/mamba/Cmamba_reconstruct/HW_reconstruct/minimal_timing.xdc (Line: 13)
Related violations: <none>

XDCH-2#8 Warning
Same min and max delay values on IO port  
The same input delay of 0.100 ns has been defined on port 's_axi_araddr[4]' relative to clock sys_clk for both max and min. Make sure this reflects the design intent.
set_input_delay -clock [get_clocks sys_clk] 0.100 [get_ports {{s_axi_awaddr[*]} s_axi_awvalid {s_axi_wdata[*]} {s_axi_wstrb[*]} s_axi_wvalid s_axi_bready {s_axi_araddr[*]} s_axi_arvalid s_axi_rready s_axis_h_tvalid {s_axis_h_tdata[*]} s_axis_h_tlast s_axis_g_tvalid {s_axis_g_tdata[*]} s_axis_g_tlast m_axis_y_tready}]
E:/course/master/mamba/Cmamba_reconstruct/HW_reconstruct/minimal_timing.xdc (Line: 13)
Related violations: <none>

XDCH-2#9 Warning
Same min and max delay values on IO port  
The same input delay of 0.100 ns has been defined on port 's_axi_araddr[5]' relative to clock sys_clk for both max and min. Make sure this reflects the design intent.
set_input_delay -clock [get_clocks sys_clk] 0.100 [get_ports {{s_axi_awaddr[*]} s_axi_awvalid {s_axi_wdata[*]} {s_axi_wstrb[*]} s_axi_wvalid s_axi_bready {s_axi_araddr[*]} s_axi_arvalid s_axi_rready s_axis_h_tvalid {s_axis_h_tdata[*]} s_axis_h_tlast s_axis_g_tvalid {s_axis_g_tdata[*]} s_axis_g_tlast m_axis_y_tready}]
E:/course/master/mamba/Cmamba_reconstruct/HW_reconstruct/minimal_timing.xdc (Line: 13)
Related violations: <none>

XDCH-2#10 Warning
Same min and max delay values on IO port  
The same input delay of 0.100 ns has been defined on port 's_axi_araddr[6]' relative to clock sys_clk for both max and min. Make sure this reflects the design intent.
set_input_delay -clock [get_clocks sys_clk] 0.100 [get_ports {{s_axi_awaddr[*]} s_axi_awvalid {s_axi_wdata[*]} {s_axi_wstrb[*]} s_axi_wvalid s_axi_bready {s_axi_araddr[*]} s_axi_arvalid s_axi_rready s_axis_h_tvalid {s_axis_h_tdata[*]} s_axis_h_tlast s_axis_g_tvalid {s_axis_g_tdata[*]} s_axis_g_tlast m_axis_y_tready}]
E:/course/master/mamba/Cmamba_reconstruct/HW_reconstruct/minimal_timing.xdc (Line: 13)
Related violations: <none>

XDCH-2#11 Warning
Same min and max delay values on IO port  
The same input delay of 0.100 ns has been defined on port 's_axi_araddr[7]' relative to clock sys_clk for both max and min. Make sure this reflects the design intent.
set_input_delay -clock [get_clocks sys_clk] 0.100 [get_ports {{s_axi_awaddr[*]} s_axi_awvalid {s_axi_wdata[*]} {s_axi_wstrb[*]} s_axi_wvalid s_axi_bready {s_axi_araddr[*]} s_axi_arvalid s_axi_rready s_axis_h_tvalid {s_axis_h_tdata[*]} s_axis_h_tlast s_axis_g_tvalid {s_axis_g_tdata[*]} s_axis_g_tlast m_axis_y_tready}]
E:/course/master/mamba/Cmamba_reconstruct/HW_reconstruct/minimal_timing.xdc (Line: 13)
Related violations: <none>

XDCH-2#12 Warning
Same min and max delay values on IO port  
The same input delay of 0.100 ns has been defined on port 's_axi_araddr[8]' relative to clock sys_clk for both max and min. Make sure this reflects the design intent.
set_input_delay -clock [get_clocks sys_clk] 0.100 [get_ports {{s_axi_awaddr[*]} s_axi_awvalid {s_axi_wdata[*]} {s_axi_wstrb[*]} s_axi_wvalid s_axi_bready {s_axi_araddr[*]} s_axi_arvalid s_axi_rready s_axis_h_tvalid {s_axis_h_tdata[*]} s_axis_h_tlast s_axis_g_tvalid {s_axis_g_tdata[*]} s_axis_g_tlast m_axis_y_tready}]
E:/course/master/mamba/Cmamba_reconstruct/HW_reconstruct/minimal_timing.xdc (Line: 13)
Related violations: <none>

XDCH-2#13 Warning
Same min and max delay values on IO port  
The same input delay of 0.100 ns has been defined on port 's_axi_araddr[9]' relative to clock sys_clk for both max and min. Make sure this reflects the design intent.
set_input_delay -clock [get_clocks sys_clk] 0.100 [get_ports {{s_axi_awaddr[*]} s_axi_awvalid {s_axi_wdata[*]} {s_axi_wstrb[*]} s_axi_wvalid s_axi_bready {s_axi_araddr[*]} s_axi_arvalid s_axi_rready s_axis_h_tvalid {s_axis_h_tdata[*]} s_axis_h_tlast s_axis_g_tvalid {s_axis_g_tdata[*]} s_axis_g_tlast m_axis_y_tready}]
E:/course/master/mamba/Cmamba_reconstruct/HW_reconstruct/minimal_timing.xdc (Line: 13)
Related violations: <none>

XDCH-2#14 Warning
Same min and max delay values on IO port  
The same input delay of 0.100 ns has been defined on port 's_axi_arvalid' relative to clock sys_clk for both max and min. Make sure this reflects the design intent.
set_input_delay -clock [get_clocks sys_clk] 0.100 [get_ports {{s_axi_awaddr[*]} s_axi_awvalid {s_axi_wdata[*]} {s_axi_wstrb[*]} s_axi_wvalid s_axi_bready {s_axi_araddr[*]} s_axi_arvalid s_axi_rready s_axis_h_tvalid {s_axis_h_tdata[*]} s_axis_h_tlast s_axis_g_tvalid {s_axis_g_tdata[*]} s_axis_g_tlast m_axis_y_tready}]
E:/course/master/mamba/Cmamba_reconstruct/HW_reconstruct/minimal_timing.xdc (Line: 13)
Related violations: <none>

XDCH-2#15 Warning
Same min and max delay values on IO port  
The same input delay of 0.100 ns has been defined on port 's_axi_awaddr[0]' relative to clock sys_clk for both max and min. Make sure this reflects the design intent.
set_input_delay -clock [get_clocks sys_clk] 0.100 [get_ports {{s_axi_awaddr[*]} s_axi_awvalid {s_axi_wdata[*]} {s_axi_wstrb[*]} s_axi_wvalid s_axi_bready {s_axi_araddr[*]} s_axi_arvalid s_axi_rready s_axis_h_tvalid {s_axis_h_tdata[*]} s_axis_h_tlast s_axis_g_tvalid {s_axis_g_tdata[*]} s_axis_g_tlast m_axis_y_tready}]
E:/course/master/mamba/Cmamba_reconstruct/HW_reconstruct/minimal_timing.xdc (Line: 13)
Related violations: <none>

XDCH-2#16 Warning
Same min and max delay values on IO port  
The same input delay of 0.100 ns has been defined on port 's_axi_awaddr[10]' relative to clock sys_clk for both max and min. Make sure this reflects the design intent.
set_input_delay -clock [get_clocks sys_clk] 0.100 [get_ports {{s_axi_awaddr[*]} s_axi_awvalid {s_axi_wdata[*]} {s_axi_wstrb[*]} s_axi_wvalid s_axi_bready {s_axi_araddr[*]} s_axi_arvalid s_axi_rready s_axis_h_tvalid {s_axis_h_tdata[*]} s_axis_h_tlast s_axis_g_tvalid {s_axis_g_tdata[*]} s_axis_g_tlast m_axis_y_tready}]
E:/course/master/mamba/Cmamba_reconstruct/HW_reconstruct/minimal_timing.xdc (Line: 13)
Related violations: <none>

XDCH-2#17 Warning
Same min and max delay values on IO port  
The same input delay of 0.100 ns has been defined on port 's_axi_awaddr[11]' relative to clock sys_clk for both max and min. Make sure this reflects the design intent.
set_input_delay -clock [get_clocks sys_clk] 0.100 [get_ports {{s_axi_awaddr[*]} s_axi_awvalid {s_axi_wdata[*]} {s_axi_wstrb[*]} s_axi_wvalid s_axi_bready {s_axi_araddr[*]} s_axi_arvalid s_axi_rready s_axis_h_tvalid {s_axis_h_tdata[*]} s_axis_h_tlast s_axis_g_tvalid {s_axis_g_tdata[*]} s_axis_g_tlast m_axis_y_tready}]
E:/course/master/mamba/Cmamba_reconstruct/HW_reconstruct/minimal_timing.xdc (Line: 13)
Related violations: <none>

XDCH-2#18 Warning
Same min and max delay values on IO port  
The same input delay of 0.100 ns has been defined on port 's_axi_awaddr[1]' relative to clock sys_clk for both max and min. Make sure this reflects the design intent.
set_input_delay -clock [get_clocks sys_clk] 0.100 [get_ports {{s_axi_awaddr[*]} s_axi_awvalid {s_axi_wdata[*]} {s_axi_wstrb[*]} s_axi_wvalid s_axi_bready {s_axi_araddr[*]} s_axi_arvalid s_axi_rready s_axis_h_tvalid {s_axis_h_tdata[*]} s_axis_h_tlast s_axis_g_tvalid {s_axis_g_tdata[*]} s_axis_g_tlast m_axis_y_tready}]
E:/course/master/mamba/Cmamba_reconstruct/HW_reconstruct/minimal_timing.xdc (Line: 13)
Related violations: <none>

XDCH-2#19 Warning
Same min and max delay values on IO port  
The same input delay of 0.100 ns has been defined on port 's_axi_awaddr[2]' relative to clock sys_clk for both max and min. Make sure this reflects the design intent.
set_input_delay -clock [get_clocks sys_clk] 0.100 [get_ports {{s_axi_awaddr[*]} s_axi_awvalid {s_axi_wdata[*]} {s_axi_wstrb[*]} s_axi_wvalid s_axi_bready {s_axi_araddr[*]} s_axi_arvalid s_axi_rready s_axis_h_tvalid {s_axis_h_tdata[*]} s_axis_h_tlast s_axis_g_tvalid {s_axis_g_tdata[*]} s_axis_g_tlast m_axis_y_tready}]
E:/course/master/mamba/Cmamba_reconstruct/HW_reconstruct/minimal_timing.xdc (Line: 13)
Related violations: <none>

XDCH-2#20 Warning
Same min and max delay values on IO port  
The same input delay of 0.100 ns has been defined on port 's_axi_awaddr[3]' relative to clock sys_clk for both max and min. Make sure this reflects the design intent.
set_input_delay -clock [get_clocks sys_clk] 0.100 [get_ports {{s_axi_awaddr[*]} s_axi_awvalid {s_axi_wdata[*]} {s_axi_wstrb[*]} s_axi_wvalid s_axi_bready {s_axi_araddr[*]} s_axi_arvalid s_axi_rready s_axis_h_tvalid {s_axis_h_tdata[*]} s_axis_h_tlast s_axis_g_tvalid {s_axis_g_tdata[*]} s_axis_g_tlast m_axis_y_tready}]
E:/course/master/mamba/Cmamba_reconstruct/HW_reconstruct/minimal_timing.xdc (Line: 13)
Related violations: <none>

XDCH-2#21 Warning
Same min and max delay values on IO port  
The same input delay of 0.100 ns has been defined on port 's_axi_awaddr[4]' relative to clock sys_clk for both max and min. Make sure this reflects the design intent.
set_input_delay -clock [get_clocks sys_clk] 0.100 [get_ports {{s_axi_awaddr[*]} s_axi_awvalid {s_axi_wdata[*]} {s_axi_wstrb[*]} s_axi_wvalid s_axi_bready {s_axi_araddr[*]} s_axi_arvalid s_axi_rready s_axis_h_tvalid {s_axis_h_tdata[*]} s_axis_h_tlast s_axis_g_tvalid {s_axis_g_tdata[*]} s_axis_g_tlast m_axis_y_tready}]
E:/course/master/mamba/Cmamba_reconstruct/HW_reconstruct/minimal_timing.xdc (Line: 13)
Related violations: <none>

XDCH-2#22 Warning
Same min and max delay values on IO port  
The same input delay of 0.100 ns has been defined on port 's_axi_awaddr[5]' relative to clock sys_clk for both max and min. Make sure this reflects the design intent.
set_input_delay -clock [get_clocks sys_clk] 0.100 [get_ports {{s_axi_awaddr[*]} s_axi_awvalid {s_axi_wdata[*]} {s_axi_wstrb[*]} s_axi_wvalid s_axi_bready {s_axi_araddr[*]} s_axi_arvalid s_axi_rready s_axis_h_tvalid {s_axis_h_tdata[*]} s_axis_h_tlast s_axis_g_tvalid {s_axis_g_tdata[*]} s_axis_g_tlast m_axis_y_tready}]
E:/course/master/mamba/Cmamba_reconstruct/HW_reconstruct/minimal_timing.xdc (Line: 13)
Related violations: <none>

XDCH-2#23 Warning
Same min and max delay values on IO port  
The same input delay of 0.100 ns has been defined on port 's_axi_awaddr[6]' relative to clock sys_clk for both max and min. Make sure this reflects the design intent.
set_input_delay -clock [get_clocks sys_clk] 0.100 [get_ports {{s_axi_awaddr[*]} s_axi_awvalid {s_axi_wdata[*]} {s_axi_wstrb[*]} s_axi_wvalid s_axi_bready {s_axi_araddr[*]} s_axi_arvalid s_axi_rready s_axis_h_tvalid {s_axis_h_tdata[*]} s_axis_h_tlast s_axis_g_tvalid {s_axis_g_tdata[*]} s_axis_g_tlast m_axis_y_tready}]
E:/course/master/mamba/Cmamba_reconstruct/HW_reconstruct/minimal_timing.xdc (Line: 13)
Related violations: <none>

XDCH-2#24 Warning
Same min and max delay values on IO port  
The same input delay of 0.100 ns has been defined on port 's_axi_awaddr[7]' relative to clock sys_clk for both max and min. Make sure this reflects the design intent.
set_input_delay -clock [get_clocks sys_clk] 0.100 [get_ports {{s_axi_awaddr[*]} s_axi_awvalid {s_axi_wdata[*]} {s_axi_wstrb[*]} s_axi_wvalid s_axi_bready {s_axi_araddr[*]} s_axi_arvalid s_axi_rready s_axis_h_tvalid {s_axis_h_tdata[*]} s_axis_h_tlast s_axis_g_tvalid {s_axis_g_tdata[*]} s_axis_g_tlast m_axis_y_tready}]
E:/course/master/mamba/Cmamba_reconstruct/HW_reconstruct/minimal_timing.xdc (Line: 13)
Related violations: <none>

XDCH-2#25 Warning
Same min and max delay values on IO port  
The same input delay of 0.100 ns has been defined on port 's_axi_awaddr[8]' relative to clock sys_clk for both max and min. Make sure this reflects the design intent.
set_input_delay -clock [get_clocks sys_clk] 0.100 [get_ports {{s_axi_awaddr[*]} s_axi_awvalid {s_axi_wdata[*]} {s_axi_wstrb[*]} s_axi_wvalid s_axi_bready {s_axi_araddr[*]} s_axi_arvalid s_axi_rready s_axis_h_tvalid {s_axis_h_tdata[*]} s_axis_h_tlast s_axis_g_tvalid {s_axis_g_tdata[*]} s_axis_g_tlast m_axis_y_tready}]
E:/course/master/mamba/Cmamba_reconstruct/HW_reconstruct/minimal_timing.xdc (Line: 13)
Related violations: <none>

XDCH-2#26 Warning
Same min and max delay values on IO port  
The same input delay of 0.100 ns has been defined on port 's_axi_awaddr[9]' relative to clock sys_clk for both max and min. Make sure this reflects the design intent.
set_input_delay -clock [get_clocks sys_clk] 0.100 [get_ports {{s_axi_awaddr[*]} s_axi_awvalid {s_axi_wdata[*]} {s_axi_wstrb[*]} s_axi_wvalid s_axi_bready {s_axi_araddr[*]} s_axi_arvalid s_axi_rready s_axis_h_tvalid {s_axis_h_tdata[*]} s_axis_h_tlast s_axis_g_tvalid {s_axis_g_tdata[*]} s_axis_g_tlast m_axis_y_tready}]
E:/course/master/mamba/Cmamba_reconstruct/HW_reconstruct/minimal_timing.xdc (Line: 13)
Related violations: <none>

XDCH-2#27 Warning
Same min and max delay values on IO port  
The same input delay of 0.100 ns has been defined on port 's_axi_awvalid' relative to clock sys_clk for both max and min. Make sure this reflects the design intent.
set_input_delay -clock [get_clocks sys_clk] 0.100 [get_ports {{s_axi_awaddr[*]} s_axi_awvalid {s_axi_wdata[*]} {s_axi_wstrb[*]} s_axi_wvalid s_axi_bready {s_axi_araddr[*]} s_axi_arvalid s_axi_rready s_axis_h_tvalid {s_axis_h_tdata[*]} s_axis_h_tlast s_axis_g_tvalid {s_axis_g_tdata[*]} s_axis_g_tlast m_axis_y_tready}]
E:/course/master/mamba/Cmamba_reconstruct/HW_reconstruct/minimal_timing.xdc (Line: 13)
Related violations: <none>

XDCH-2#28 Warning
Same min and max delay values on IO port  
The same input delay of 0.100 ns has been defined on port 's_axi_bready' relative to clock sys_clk for both max and min. Make sure this reflects the design intent.
set_input_delay -clock [get_clocks sys_clk] 0.100 [get_ports {{s_axi_awaddr[*]} s_axi_awvalid {s_axi_wdata[*]} {s_axi_wstrb[*]} s_axi_wvalid s_axi_bready {s_axi_araddr[*]} s_axi_arvalid s_axi_rready s_axis_h_tvalid {s_axis_h_tdata[*]} s_axis_h_tlast s_axis_g_tvalid {s_axis_g_tdata[*]} s_axis_g_tlast m_axis_y_tready}]
E:/course/master/mamba/Cmamba_reconstruct/HW_reconstruct/minimal_timing.xdc (Line: 13)
Related violations: <none>

XDCH-2#29 Warning
Same min and max delay values on IO port  
The same input delay of 0.100 ns has been defined on port 's_axi_rready' relative to clock sys_clk for both max and min. Make sure this reflects the design intent.
set_input_delay -clock [get_clocks sys_clk] 0.100 [get_ports {{s_axi_awaddr[*]} s_axi_awvalid {s_axi_wdata[*]} {s_axi_wstrb[*]} s_axi_wvalid s_axi_bready {s_axi_araddr[*]} s_axi_arvalid s_axi_rready s_axis_h_tvalid {s_axis_h_tdata[*]} s_axis_h_tlast s_axis_g_tvalid {s_axis_g_tdata[*]} s_axis_g_tlast m_axis_y_tready}]
E:/course/master/mamba/Cmamba_reconstruct/HW_reconstruct/minimal_timing.xdc (Line: 13)
Related violations: <none>

XDCH-2#30 Warning
Same min and max delay values on IO port  
The same input delay of 0.100 ns has been defined on port 's_axi_wdata[0]' relative to clock sys_clk for both max and min. Make sure this reflects the design intent.
set_input_delay -clock [get_clocks sys_clk] 0.100 [get_ports {{s_axi_awaddr[*]} s_axi_awvalid {s_axi_wdata[*]} {s_axi_wstrb[*]} s_axi_wvalid s_axi_bready {s_axi_araddr[*]} s_axi_arvalid s_axi_rready s_axis_h_tvalid {s_axis_h_tdata[*]} s_axis_h_tlast s_axis_g_tvalid {s_axis_g_tdata[*]} s_axis_g_tlast m_axis_y_tready}]
E:/course/master/mamba/Cmamba_reconstruct/HW_reconstruct/minimal_timing.xdc (Line: 13)
Related violations: <none>

XDCH-2#31 Warning
Same min and max delay values on IO port  
The same input delay of 0.100 ns has been defined on port 's_axi_wdata[10]' relative to clock sys_clk for both max and min. Make sure this reflects the design intent.
set_input_delay -clock [get_clocks sys_clk] 0.100 [get_ports {{s_axi_awaddr[*]} s_axi_awvalid {s_axi_wdata[*]} {s_axi_wstrb[*]} s_axi_wvalid s_axi_bready {s_axi_araddr[*]} s_axi_arvalid s_axi_rready s_axis_h_tvalid {s_axis_h_tdata[*]} s_axis_h_tlast s_axis_g_tvalid {s_axis_g_tdata[*]} s_axis_g_tlast m_axis_y_tready}]
E:/course/master/mamba/Cmamba_reconstruct/HW_reconstruct/minimal_timing.xdc (Line: 13)
Related violations: <none>

XDCH-2#32 Warning
Same min and max delay values on IO port  
The same input delay of 0.100 ns has been defined on port 's_axi_wdata[11]' relative to clock sys_clk for both max and min. Make sure this reflects the design intent.
set_input_delay -clock [get_clocks sys_clk] 0.100 [get_ports {{s_axi_awaddr[*]} s_axi_awvalid {s_axi_wdata[*]} {s_axi_wstrb[*]} s_axi_wvalid s_axi_bready {s_axi_araddr[*]} s_axi_arvalid s_axi_rready s_axis_h_tvalid {s_axis_h_tdata[*]} s_axis_h_tlast s_axis_g_tvalid {s_axis_g_tdata[*]} s_axis_g_tlast m_axis_y_tready}]
E:/course/master/mamba/Cmamba_reconstruct/HW_reconstruct/minimal_timing.xdc (Line: 13)
Related violations: <none>

XDCH-2#33 Warning
Same min and max delay values on IO port  
The same input delay of 0.100 ns has been defined on port 's_axi_wdata[12]' relative to clock sys_clk for both max and min. Make sure this reflects the design intent.
set_input_delay -clock [get_clocks sys_clk] 0.100 [get_ports {{s_axi_awaddr[*]} s_axi_awvalid {s_axi_wdata[*]} {s_axi_wstrb[*]} s_axi_wvalid s_axi_bready {s_axi_araddr[*]} s_axi_arvalid s_axi_rready s_axis_h_tvalid {s_axis_h_tdata[*]} s_axis_h_tlast s_axis_g_tvalid {s_axis_g_tdata[*]} s_axis_g_tlast m_axis_y_tready}]
E:/course/master/mamba/Cmamba_reconstruct/HW_reconstruct/minimal_timing.xdc (Line: 13)
Related violations: <none>

XDCH-2#34 Warning
Same min and max delay values on IO port  
The same input delay of 0.100 ns has been defined on port 's_axi_wdata[13]' relative to clock sys_clk for both max and min. Make sure this reflects the design intent.
set_input_delay -clock [get_clocks sys_clk] 0.100 [get_ports {{s_axi_awaddr[*]} s_axi_awvalid {s_axi_wdata[*]} {s_axi_wstrb[*]} s_axi_wvalid s_axi_bready {s_axi_araddr[*]} s_axi_arvalid s_axi_rready s_axis_h_tvalid {s_axis_h_tdata[*]} s_axis_h_tlast s_axis_g_tvalid {s_axis_g_tdata[*]} s_axis_g_tlast m_axis_y_tready}]
E:/course/master/mamba/Cmamba_reconstruct/HW_reconstruct/minimal_timing.xdc (Line: 13)
Related violations: <none>

XDCH-2#35 Warning
Same min and max delay values on IO port  
The same input delay of 0.100 ns has been defined on port 's_axi_wdata[14]' relative to clock sys_clk for both max and min. Make sure this reflects the design intent.
set_input_delay -clock [get_clocks sys_clk] 0.100 [get_ports {{s_axi_awaddr[*]} s_axi_awvalid {s_axi_wdata[*]} {s_axi_wstrb[*]} s_axi_wvalid s_axi_bready {s_axi_araddr[*]} s_axi_arvalid s_axi_rready s_axis_h_tvalid {s_axis_h_tdata[*]} s_axis_h_tlast s_axis_g_tvalid {s_axis_g_tdata[*]} s_axis_g_tlast m_axis_y_tready}]
E:/course/master/mamba/Cmamba_reconstruct/HW_reconstruct/minimal_timing.xdc (Line: 13)
Related violations: <none>

XDCH-2#36 Warning
Same min and max delay values on IO port  
The same input delay of 0.100 ns has been defined on port 's_axi_wdata[15]' relative to clock sys_clk for both max and min. Make sure this reflects the design intent.
set_input_delay -clock [get_clocks sys_clk] 0.100 [get_ports {{s_axi_awaddr[*]} s_axi_awvalid {s_axi_wdata[*]} {s_axi_wstrb[*]} s_axi_wvalid s_axi_bready {s_axi_araddr[*]} s_axi_arvalid s_axi_rready s_axis_h_tvalid {s_axis_h_tdata[*]} s_axis_h_tlast s_axis_g_tvalid {s_axis_g_tdata[*]} s_axis_g_tlast m_axis_y_tready}]
E:/course/master/mamba/Cmamba_reconstruct/HW_reconstruct/minimal_timing.xdc (Line: 13)
Related violations: <none>

XDCH-2#37 Warning
Same min and max delay values on IO port  
The same input delay of 0.100 ns has been defined on port 's_axi_wdata[16]' relative to clock sys_clk for both max and min. Make sure this reflects the design intent.
set_input_delay -clock [get_clocks sys_clk] 0.100 [get_ports {{s_axi_awaddr[*]} s_axi_awvalid {s_axi_wdata[*]} {s_axi_wstrb[*]} s_axi_wvalid s_axi_bready {s_axi_araddr[*]} s_axi_arvalid s_axi_rready s_axis_h_tvalid {s_axis_h_tdata[*]} s_axis_h_tlast s_axis_g_tvalid {s_axis_g_tdata[*]} s_axis_g_tlast m_axis_y_tready}]
E:/course/master/mamba/Cmamba_reconstruct/HW_reconstruct/minimal_timing.xdc (Line: 13)
Related violations: <none>

XDCH-2#38 Warning
Same min and max delay values on IO port  
The same input delay of 0.100 ns has been defined on port 's_axi_wdata[17]' relative to clock sys_clk for both max and min. Make sure this reflects the design intent.
set_input_delay -clock [get_clocks sys_clk] 0.100 [get_ports {{s_axi_awaddr[*]} s_axi_awvalid {s_axi_wdata[*]} {s_axi_wstrb[*]} s_axi_wvalid s_axi_bready {s_axi_araddr[*]} s_axi_arvalid s_axi_rready s_axis_h_tvalid {s_axis_h_tdata[*]} s_axis_h_tlast s_axis_g_tvalid {s_axis_g_tdata[*]} s_axis_g_tlast m_axis_y_tready}]
E:/course/master/mamba/Cmamba_reconstruct/HW_reconstruct/minimal_timing.xdc (Line: 13)
Related violations: <none>

XDCH-2#39 Warning
Same min and max delay values on IO port  
The same input delay of 0.100 ns has been defined on port 's_axi_wdata[18]' relative to clock sys_clk for both max and min. Make sure this reflects the design intent.
set_input_delay -clock [get_clocks sys_clk] 0.100 [get_ports {{s_axi_awaddr[*]} s_axi_awvalid {s_axi_wdata[*]} {s_axi_wstrb[*]} s_axi_wvalid s_axi_bready {s_axi_araddr[*]} s_axi_arvalid s_axi_rready s_axis_h_tvalid {s_axis_h_tdata[*]} s_axis_h_tlast s_axis_g_tvalid {s_axis_g_tdata[*]} s_axis_g_tlast m_axis_y_tready}]
E:/course/master/mamba/Cmamba_reconstruct/HW_reconstruct/minimal_timing.xdc (Line: 13)
Related violations: <none>

XDCH-2#40 Warning
Same min and max delay values on IO port  
The same input delay of 0.100 ns has been defined on port 's_axi_wdata[19]' relative to clock sys_clk for both max and min. Make sure this reflects the design intent.
set_input_delay -clock [get_clocks sys_clk] 0.100 [get_ports {{s_axi_awaddr[*]} s_axi_awvalid {s_axi_wdata[*]} {s_axi_wstrb[*]} s_axi_wvalid s_axi_bready {s_axi_araddr[*]} s_axi_arvalid s_axi_rready s_axis_h_tvalid {s_axis_h_tdata[*]} s_axis_h_tlast s_axis_g_tvalid {s_axis_g_tdata[*]} s_axis_g_tlast m_axis_y_tready}]
E:/course/master/mamba/Cmamba_reconstruct/HW_reconstruct/minimal_timing.xdc (Line: 13)
Related violations: <none>

XDCH-2#41 Warning
Same min and max delay values on IO port  
The same input delay of 0.100 ns has been defined on port 's_axi_wdata[1]' relative to clock sys_clk for both max and min. Make sure this reflects the design intent.
set_input_delay -clock [get_clocks sys_clk] 0.100 [get_ports {{s_axi_awaddr[*]} s_axi_awvalid {s_axi_wdata[*]} {s_axi_wstrb[*]} s_axi_wvalid s_axi_bready {s_axi_araddr[*]} s_axi_arvalid s_axi_rready s_axis_h_tvalid {s_axis_h_tdata[*]} s_axis_h_tlast s_axis_g_tvalid {s_axis_g_tdata[*]} s_axis_g_tlast m_axis_y_tready}]
E:/course/master/mamba/Cmamba_reconstruct/HW_reconstruct/minimal_timing.xdc (Line: 13)
Related violations: <none>

XDCH-2#42 Warning
Same min and max delay values on IO port  
The same input delay of 0.100 ns has been defined on port 's_axi_wdata[20]' relative to clock sys_clk for both max and min. Make sure this reflects the design intent.
set_input_delay -clock [get_clocks sys_clk] 0.100 [get_ports {{s_axi_awaddr[*]} s_axi_awvalid {s_axi_wdata[*]} {s_axi_wstrb[*]} s_axi_wvalid s_axi_bready {s_axi_araddr[*]} s_axi_arvalid s_axi_rready s_axis_h_tvalid {s_axis_h_tdata[*]} s_axis_h_tlast s_axis_g_tvalid {s_axis_g_tdata[*]} s_axis_g_tlast m_axis_y_tready}]
E:/course/master/mamba/Cmamba_reconstruct/HW_reconstruct/minimal_timing.xdc (Line: 13)
Related violations: <none>

XDCH-2#43 Warning
Same min and max delay values on IO port  
The same input delay of 0.100 ns has been defined on port 's_axi_wdata[21]' relative to clock sys_clk for both max and min. Make sure this reflects the design intent.
set_input_delay -clock [get_clocks sys_clk] 0.100 [get_ports {{s_axi_awaddr[*]} s_axi_awvalid {s_axi_wdata[*]} {s_axi_wstrb[*]} s_axi_wvalid s_axi_bready {s_axi_araddr[*]} s_axi_arvalid s_axi_rready s_axis_h_tvalid {s_axis_h_tdata[*]} s_axis_h_tlast s_axis_g_tvalid {s_axis_g_tdata[*]} s_axis_g_tlast m_axis_y_tready}]
E:/course/master/mamba/Cmamba_reconstruct/HW_reconstruct/minimal_timing.xdc (Line: 13)
Related violations: <none>

XDCH-2#44 Warning
Same min and max delay values on IO port  
The same input delay of 0.100 ns has been defined on port 's_axi_wdata[22]' relative to clock sys_clk for both max and min. Make sure this reflects the design intent.
set_input_delay -clock [get_clocks sys_clk] 0.100 [get_ports {{s_axi_awaddr[*]} s_axi_awvalid {s_axi_wdata[*]} {s_axi_wstrb[*]} s_axi_wvalid s_axi_bready {s_axi_araddr[*]} s_axi_arvalid s_axi_rready s_axis_h_tvalid {s_axis_h_tdata[*]} s_axis_h_tlast s_axis_g_tvalid {s_axis_g_tdata[*]} s_axis_g_tlast m_axis_y_tready}]
E:/course/master/mamba/Cmamba_reconstruct/HW_reconstruct/minimal_timing.xdc (Line: 13)
Related violations: <none>

XDCH-2#45 Warning
Same min and max delay values on IO port  
The same input delay of 0.100 ns has been defined on port 's_axi_wdata[23]' relative to clock sys_clk for both max and min. Make sure this reflects the design intent.
set_input_delay -clock [get_clocks sys_clk] 0.100 [get_ports {{s_axi_awaddr[*]} s_axi_awvalid {s_axi_wdata[*]} {s_axi_wstrb[*]} s_axi_wvalid s_axi_bready {s_axi_araddr[*]} s_axi_arvalid s_axi_rready s_axis_h_tvalid {s_axis_h_tdata[*]} s_axis_h_tlast s_axis_g_tvalid {s_axis_g_tdata[*]} s_axis_g_tlast m_axis_y_tready}]
E:/course/master/mamba/Cmamba_reconstruct/HW_reconstruct/minimal_timing.xdc (Line: 13)
Related violations: <none>

XDCH-2#46 Warning
Same min and max delay values on IO port  
The same input delay of 0.100 ns has been defined on port 's_axi_wdata[24]' relative to clock sys_clk for both max and min. Make sure this reflects the design intent.
set_input_delay -clock [get_clocks sys_clk] 0.100 [get_ports {{s_axi_awaddr[*]} s_axi_awvalid {s_axi_wdata[*]} {s_axi_wstrb[*]} s_axi_wvalid s_axi_bready {s_axi_araddr[*]} s_axi_arvalid s_axi_rready s_axis_h_tvalid {s_axis_h_tdata[*]} s_axis_h_tlast s_axis_g_tvalid {s_axis_g_tdata[*]} s_axis_g_tlast m_axis_y_tready}]
E:/course/master/mamba/Cmamba_reconstruct/HW_reconstruct/minimal_timing.xdc (Line: 13)
Related violations: <none>

XDCH-2#47 Warning
Same min and max delay values on IO port  
The same input delay of 0.100 ns has been defined on port 's_axi_wdata[25]' relative to clock sys_clk for both max and min. Make sure this reflects the design intent.
set_input_delay -clock [get_clocks sys_clk] 0.100 [get_ports {{s_axi_awaddr[*]} s_axi_awvalid {s_axi_wdata[*]} {s_axi_wstrb[*]} s_axi_wvalid s_axi_bready {s_axi_araddr[*]} s_axi_arvalid s_axi_rready s_axis_h_tvalid {s_axis_h_tdata[*]} s_axis_h_tlast s_axis_g_tvalid {s_axis_g_tdata[*]} s_axis_g_tlast m_axis_y_tready}]
E:/course/master/mamba/Cmamba_reconstruct/HW_reconstruct/minimal_timing.xdc (Line: 13)
Related violations: <none>

XDCH-2#48 Warning
Same min and max delay values on IO port  
The same input delay of 0.100 ns has been defined on port 's_axi_wdata[26]' relative to clock sys_clk for both max and min. Make sure this reflects the design intent.
set_input_delay -clock [get_clocks sys_clk] 0.100 [get_ports {{s_axi_awaddr[*]} s_axi_awvalid {s_axi_wdata[*]} {s_axi_wstrb[*]} s_axi_wvalid s_axi_bready {s_axi_araddr[*]} s_axi_arvalid s_axi_rready s_axis_h_tvalid {s_axis_h_tdata[*]} s_axis_h_tlast s_axis_g_tvalid {s_axis_g_tdata[*]} s_axis_g_tlast m_axis_y_tready}]
E:/course/master/mamba/Cmamba_reconstruct/HW_reconstruct/minimal_timing.xdc (Line: 13)
Related violations: <none>

XDCH-2#49 Warning
Same min and max delay values on IO port  
The same input delay of 0.100 ns has been defined on port 's_axi_wdata[27]' relative to clock sys_clk for both max and min. Make sure this reflects the design intent.
set_input_delay -clock [get_clocks sys_clk] 0.100 [get_ports {{s_axi_awaddr[*]} s_axi_awvalid {s_axi_wdata[*]} {s_axi_wstrb[*]} s_axi_wvalid s_axi_bready {s_axi_araddr[*]} s_axi_arvalid s_axi_rready s_axis_h_tvalid {s_axis_h_tdata[*]} s_axis_h_tlast s_axis_g_tvalid {s_axis_g_tdata[*]} s_axis_g_tlast m_axis_y_tready}]
E:/course/master/mamba/Cmamba_reconstruct/HW_reconstruct/minimal_timing.xdc (Line: 13)
Related violations: <none>

XDCH-2#50 Warning
Same min and max delay values on IO port  
The same input delay of 0.100 ns has been defined on port 's_axi_wdata[28]' relative to clock sys_clk for both max and min. Make sure this reflects the design intent.
set_input_delay -clock [get_clocks sys_clk] 0.100 [get_ports {{s_axi_awaddr[*]} s_axi_awvalid {s_axi_wdata[*]} {s_axi_wstrb[*]} s_axi_wvalid s_axi_bready {s_axi_araddr[*]} s_axi_arvalid s_axi_rready s_axis_h_tvalid {s_axis_h_tdata[*]} s_axis_h_tlast s_axis_g_tvalid {s_axis_g_tdata[*]} s_axis_g_tlast m_axis_y_tready}]
E:/course/master/mamba/Cmamba_reconstruct/HW_reconstruct/minimal_timing.xdc (Line: 13)
Related violations: <none>

XDCH-2#51 Warning
Same min and max delay values on IO port  
The same input delay of 0.100 ns has been defined on port 's_axi_wdata[29]' relative to clock sys_clk for both max and min. Make sure this reflects the design intent.
set_input_delay -clock [get_clocks sys_clk] 0.100 [get_ports {{s_axi_awaddr[*]} s_axi_awvalid {s_axi_wdata[*]} {s_axi_wstrb[*]} s_axi_wvalid s_axi_bready {s_axi_araddr[*]} s_axi_arvalid s_axi_rready s_axis_h_tvalid {s_axis_h_tdata[*]} s_axis_h_tlast s_axis_g_tvalid {s_axis_g_tdata[*]} s_axis_g_tlast m_axis_y_tready}]
E:/course/master/mamba/Cmamba_reconstruct/HW_reconstruct/minimal_timing.xdc (Line: 13)
Related violations: <none>

XDCH-2#52 Warning
Same min and max delay values on IO port  
The same input delay of 0.100 ns has been defined on port 's_axi_wdata[2]' relative to clock sys_clk for both max and min. Make sure this reflects the design intent.
set_input_delay -clock [get_clocks sys_clk] 0.100 [get_ports {{s_axi_awaddr[*]} s_axi_awvalid {s_axi_wdata[*]} {s_axi_wstrb[*]} s_axi_wvalid s_axi_bready {s_axi_araddr[*]} s_axi_arvalid s_axi_rready s_axis_h_tvalid {s_axis_h_tdata[*]} s_axis_h_tlast s_axis_g_tvalid {s_axis_g_tdata[*]} s_axis_g_tlast m_axis_y_tready}]
E:/course/master/mamba/Cmamba_reconstruct/HW_reconstruct/minimal_timing.xdc (Line: 13)
Related violations: <none>

XDCH-2#53 Warning
Same min and max delay values on IO port  
The same input delay of 0.100 ns has been defined on port 's_axi_wdata[30]' relative to clock sys_clk for both max and min. Make sure this reflects the design intent.
set_input_delay -clock [get_clocks sys_clk] 0.100 [get_ports {{s_axi_awaddr[*]} s_axi_awvalid {s_axi_wdata[*]} {s_axi_wstrb[*]} s_axi_wvalid s_axi_bready {s_axi_araddr[*]} s_axi_arvalid s_axi_rready s_axis_h_tvalid {s_axis_h_tdata[*]} s_axis_h_tlast s_axis_g_tvalid {s_axis_g_tdata[*]} s_axis_g_tlast m_axis_y_tready}]
E:/course/master/mamba/Cmamba_reconstruct/HW_reconstruct/minimal_timing.xdc (Line: 13)
Related violations: <none>

XDCH-2#54 Warning
Same min and max delay values on IO port  
The same input delay of 0.100 ns has been defined on port 's_axi_wdata[31]' relative to clock sys_clk for both max and min. Make sure this reflects the design intent.
set_input_delay -clock [get_clocks sys_clk] 0.100 [get_ports {{s_axi_awaddr[*]} s_axi_awvalid {s_axi_wdata[*]} {s_axi_wstrb[*]} s_axi_wvalid s_axi_bready {s_axi_araddr[*]} s_axi_arvalid s_axi_rready s_axis_h_tvalid {s_axis_h_tdata[*]} s_axis_h_tlast s_axis_g_tvalid {s_axis_g_tdata[*]} s_axis_g_tlast m_axis_y_tready}]
E:/course/master/mamba/Cmamba_reconstruct/HW_reconstruct/minimal_timing.xdc (Line: 13)
Related violations: <none>

XDCH-2#55 Warning
Same min and max delay values on IO port  
The same input delay of 0.100 ns has been defined on port 's_axi_wdata[3]' relative to clock sys_clk for both max and min. Make sure this reflects the design intent.
set_input_delay -clock [get_clocks sys_clk] 0.100 [get_ports {{s_axi_awaddr[*]} s_axi_awvalid {s_axi_wdata[*]} {s_axi_wstrb[*]} s_axi_wvalid s_axi_bready {s_axi_araddr[*]} s_axi_arvalid s_axi_rready s_axis_h_tvalid {s_axis_h_tdata[*]} s_axis_h_tlast s_axis_g_tvalid {s_axis_g_tdata[*]} s_axis_g_tlast m_axis_y_tready}]
E:/course/master/mamba/Cmamba_reconstruct/HW_reconstruct/minimal_timing.xdc (Line: 13)
Related violations: <none>

XDCH-2#56 Warning
Same min and max delay values on IO port  
The same input delay of 0.100 ns has been defined on port 's_axi_wdata[4]' relative to clock sys_clk for both max and min. Make sure this reflects the design intent.
set_input_delay -clock [get_clocks sys_clk] 0.100 [get_ports {{s_axi_awaddr[*]} s_axi_awvalid {s_axi_wdata[*]} {s_axi_wstrb[*]} s_axi_wvalid s_axi_bready {s_axi_araddr[*]} s_axi_arvalid s_axi_rready s_axis_h_tvalid {s_axis_h_tdata[*]} s_axis_h_tlast s_axis_g_tvalid {s_axis_g_tdata[*]} s_axis_g_tlast m_axis_y_tready}]
E:/course/master/mamba/Cmamba_reconstruct/HW_reconstruct/minimal_timing.xdc (Line: 13)
Related violations: <none>

XDCH-2#57 Warning
Same min and max delay values on IO port  
The same input delay of 0.100 ns has been defined on port 's_axi_wdata[5]' relative to clock sys_clk for both max and min. Make sure this reflects the design intent.
set_input_delay -clock [get_clocks sys_clk] 0.100 [get_ports {{s_axi_awaddr[*]} s_axi_awvalid {s_axi_wdata[*]} {s_axi_wstrb[*]} s_axi_wvalid s_axi_bready {s_axi_araddr[*]} s_axi_arvalid s_axi_rready s_axis_h_tvalid {s_axis_h_tdata[*]} s_axis_h_tlast s_axis_g_tvalid {s_axis_g_tdata[*]} s_axis_g_tlast m_axis_y_tready}]
E:/course/master/mamba/Cmamba_reconstruct/HW_reconstruct/minimal_timing.xdc (Line: 13)
Related violations: <none>

XDCH-2#58 Warning
Same min and max delay values on IO port  
The same input delay of 0.100 ns has been defined on port 's_axi_wdata[6]' relative to clock sys_clk for both max and min. Make sure this reflects the design intent.
set_input_delay -clock [get_clocks sys_clk] 0.100 [get_ports {{s_axi_awaddr[*]} s_axi_awvalid {s_axi_wdata[*]} {s_axi_wstrb[*]} s_axi_wvalid s_axi_bready {s_axi_araddr[*]} s_axi_arvalid s_axi_rready s_axis_h_tvalid {s_axis_h_tdata[*]} s_axis_h_tlast s_axis_g_tvalid {s_axis_g_tdata[*]} s_axis_g_tlast m_axis_y_tready}]
E:/course/master/mamba/Cmamba_reconstruct/HW_reconstruct/minimal_timing.xdc (Line: 13)
Related violations: <none>

XDCH-2#59 Warning
Same min and max delay values on IO port  
The same input delay of 0.100 ns has been defined on port 's_axi_wdata[7]' relative to clock sys_clk for both max and min. Make sure this reflects the design intent.
set_input_delay -clock [get_clocks sys_clk] 0.100 [get_ports {{s_axi_awaddr[*]} s_axi_awvalid {s_axi_wdata[*]} {s_axi_wstrb[*]} s_axi_wvalid s_axi_bready {s_axi_araddr[*]} s_axi_arvalid s_axi_rready s_axis_h_tvalid {s_axis_h_tdata[*]} s_axis_h_tlast s_axis_g_tvalid {s_axis_g_tdata[*]} s_axis_g_tlast m_axis_y_tready}]
E:/course/master/mamba/Cmamba_reconstruct/HW_reconstruct/minimal_timing.xdc (Line: 13)
Related violations: <none>

XDCH-2#60 Warning
Same min and max delay values on IO port  
The same input delay of 0.100 ns has been defined on port 's_axi_wdata[8]' relative to clock sys_clk for both max and min. Make sure this reflects the design intent.
set_input_delay -clock [get_clocks sys_clk] 0.100 [get_ports {{s_axi_awaddr[*]} s_axi_awvalid {s_axi_wdata[*]} {s_axi_wstrb[*]} s_axi_wvalid s_axi_bready {s_axi_araddr[*]} s_axi_arvalid s_axi_rready s_axis_h_tvalid {s_axis_h_tdata[*]} s_axis_h_tlast s_axis_g_tvalid {s_axis_g_tdata[*]} s_axis_g_tlast m_axis_y_tready}]
E:/course/master/mamba/Cmamba_reconstruct/HW_reconstruct/minimal_timing.xdc (Line: 13)
Related violations: <none>

XDCH-2#61 Warning
Same min and max delay values on IO port  
The same input delay of 0.100 ns has been defined on port 's_axi_wdata[9]' relative to clock sys_clk for both max and min. Make sure this reflects the design intent.
set_input_delay -clock [get_clocks sys_clk] 0.100 [get_ports {{s_axi_awaddr[*]} s_axi_awvalid {s_axi_wdata[*]} {s_axi_wstrb[*]} s_axi_wvalid s_axi_bready {s_axi_araddr[*]} s_axi_arvalid s_axi_rready s_axis_h_tvalid {s_axis_h_tdata[*]} s_axis_h_tlast s_axis_g_tvalid {s_axis_g_tdata[*]} s_axis_g_tlast m_axis_y_tready}]
E:/course/master/mamba/Cmamba_reconstruct/HW_reconstruct/minimal_timing.xdc (Line: 13)
Related violations: <none>

XDCH-2#62 Warning
Same min and max delay values on IO port  
The same input delay of 0.100 ns has been defined on port 's_axi_wstrb[0]' relative to clock sys_clk for both max and min. Make sure this reflects the design intent.
set_input_delay -clock [get_clocks sys_clk] 0.100 [get_ports {{s_axi_awaddr[*]} s_axi_awvalid {s_axi_wdata[*]} {s_axi_wstrb[*]} s_axi_wvalid s_axi_bready {s_axi_araddr[*]} s_axi_arvalid s_axi_rready s_axis_h_tvalid {s_axis_h_tdata[*]} s_axis_h_tlast s_axis_g_tvalid {s_axis_g_tdata[*]} s_axis_g_tlast m_axis_y_tready}]
E:/course/master/mamba/Cmamba_reconstruct/HW_reconstruct/minimal_timing.xdc (Line: 13)
Related violations: <none>

XDCH-2#63 Warning
Same min and max delay values on IO port  
The same input delay of 0.100 ns has been defined on port 's_axi_wstrb[1]' relative to clock sys_clk for both max and min. Make sure this reflects the design intent.
set_input_delay -clock [get_clocks sys_clk] 0.100 [get_ports {{s_axi_awaddr[*]} s_axi_awvalid {s_axi_wdata[*]} {s_axi_wstrb[*]} s_axi_wvalid s_axi_bready {s_axi_araddr[*]} s_axi_arvalid s_axi_rready s_axis_h_tvalid {s_axis_h_tdata[*]} s_axis_h_tlast s_axis_g_tvalid {s_axis_g_tdata[*]} s_axis_g_tlast m_axis_y_tready}]
E:/course/master/mamba/Cmamba_reconstruct/HW_reconstruct/minimal_timing.xdc (Line: 13)
Related violations: <none>

XDCH-2#64 Warning
Same min and max delay values on IO port  
The same input delay of 0.100 ns has been defined on port 's_axi_wstrb[2]' relative to clock sys_clk for both max and min. Make sure this reflects the design intent.
set_input_delay -clock [get_clocks sys_clk] 0.100 [get_ports {{s_axi_awaddr[*]} s_axi_awvalid {s_axi_wdata[*]} {s_axi_wstrb[*]} s_axi_wvalid s_axi_bready {s_axi_araddr[*]} s_axi_arvalid s_axi_rready s_axis_h_tvalid {s_axis_h_tdata[*]} s_axis_h_tlast s_axis_g_tvalid {s_axis_g_tdata[*]} s_axis_g_tlast m_axis_y_tready}]
E:/course/master/mamba/Cmamba_reconstruct/HW_reconstruct/minimal_timing.xdc (Line: 13)
Related violations: <none>

XDCH-2#65 Warning
Same min and max delay values on IO port  
The same input delay of 0.100 ns has been defined on port 's_axi_wstrb[3]' relative to clock sys_clk for both max and min. Make sure this reflects the design intent.
set_input_delay -clock [get_clocks sys_clk] 0.100 [get_ports {{s_axi_awaddr[*]} s_axi_awvalid {s_axi_wdata[*]} {s_axi_wstrb[*]} s_axi_wvalid s_axi_bready {s_axi_araddr[*]} s_axi_arvalid s_axi_rready s_axis_h_tvalid {s_axis_h_tdata[*]} s_axis_h_tlast s_axis_g_tvalid {s_axis_g_tdata[*]} s_axis_g_tlast m_axis_y_tready}]
E:/course/master/mamba/Cmamba_reconstruct/HW_reconstruct/minimal_timing.xdc (Line: 13)
Related violations: <none>

XDCH-2#66 Warning
Same min and max delay values on IO port  
The same input delay of 0.100 ns has been defined on port 's_axi_wvalid' relative to clock sys_clk for both max and min. Make sure this reflects the design intent.
set_input_delay -clock [get_clocks sys_clk] 0.100 [get_ports {{s_axi_awaddr[*]} s_axi_awvalid {s_axi_wdata[*]} {s_axi_wstrb[*]} s_axi_wvalid s_axi_bready {s_axi_araddr[*]} s_axi_arvalid s_axi_rready s_axis_h_tvalid {s_axis_h_tdata[*]} s_axis_h_tlast s_axis_g_tvalid {s_axis_g_tdata[*]} s_axis_g_tlast m_axis_y_tready}]
E:/course/master/mamba/Cmamba_reconstruct/HW_reconstruct/minimal_timing.xdc (Line: 13)
Related violations: <none>

XDCH-2#67 Warning
Same min and max delay values on IO port  
The same input delay of 0.100 ns has been defined on port 's_axis_g_tdata[0]' relative to clock sys_clk for both max and min. Make sure this reflects the design intent.
set_input_delay -clock [get_clocks sys_clk] 0.100 [get_ports {{s_axi_awaddr[*]} s_axi_awvalid {s_axi_wdata[*]} {s_axi_wstrb[*]} s_axi_wvalid s_axi_bready {s_axi_araddr[*]} s_axi_arvalid s_axi_rready s_axis_h_tvalid {s_axis_h_tdata[*]} s_axis_h_tlast s_axis_g_tvalid {s_axis_g_tdata[*]} s_axis_g_tlast m_axis_y_tready}]
E:/course/master/mamba/Cmamba_reconstruct/HW_reconstruct/minimal_timing.xdc (Line: 13)
Related violations: <none>

XDCH-2#68 Warning
Same min and max delay values on IO port  
The same input delay of 0.100 ns has been defined on port 's_axis_g_tdata[10]' relative to clock sys_clk for both max and min. Make sure this reflects the design intent.
set_input_delay -clock [get_clocks sys_clk] 0.100 [get_ports {{s_axi_awaddr[*]} s_axi_awvalid {s_axi_wdata[*]} {s_axi_wstrb[*]} s_axi_wvalid s_axi_bready {s_axi_araddr[*]} s_axi_arvalid s_axi_rready s_axis_h_tvalid {s_axis_h_tdata[*]} s_axis_h_tlast s_axis_g_tvalid {s_axis_g_tdata[*]} s_axis_g_tlast m_axis_y_tready}]
E:/course/master/mamba/Cmamba_reconstruct/HW_reconstruct/minimal_timing.xdc (Line: 13)
Related violations: <none>

XDCH-2#69 Warning
Same min and max delay values on IO port  
The same input delay of 0.100 ns has been defined on port 's_axis_g_tdata[11]' relative to clock sys_clk for both max and min. Make sure this reflects the design intent.
set_input_delay -clock [get_clocks sys_clk] 0.100 [get_ports {{s_axi_awaddr[*]} s_axi_awvalid {s_axi_wdata[*]} {s_axi_wstrb[*]} s_axi_wvalid s_axi_bready {s_axi_araddr[*]} s_axi_arvalid s_axi_rready s_axis_h_tvalid {s_axis_h_tdata[*]} s_axis_h_tlast s_axis_g_tvalid {s_axis_g_tdata[*]} s_axis_g_tlast m_axis_y_tready}]
E:/course/master/mamba/Cmamba_reconstruct/HW_reconstruct/minimal_timing.xdc (Line: 13)
Related violations: <none>

XDCH-2#70 Warning
Same min and max delay values on IO port  
The same input delay of 0.100 ns has been defined on port 's_axis_g_tdata[12]' relative to clock sys_clk for both max and min. Make sure this reflects the design intent.
set_input_delay -clock [get_clocks sys_clk] 0.100 [get_ports {{s_axi_awaddr[*]} s_axi_awvalid {s_axi_wdata[*]} {s_axi_wstrb[*]} s_axi_wvalid s_axi_bready {s_axi_araddr[*]} s_axi_arvalid s_axi_rready s_axis_h_tvalid {s_axis_h_tdata[*]} s_axis_h_tlast s_axis_g_tvalid {s_axis_g_tdata[*]} s_axis_g_tlast m_axis_y_tready}]
E:/course/master/mamba/Cmamba_reconstruct/HW_reconstruct/minimal_timing.xdc (Line: 13)
Related violations: <none>

XDCH-2#71 Warning
Same min and max delay values on IO port  
The same input delay of 0.100 ns has been defined on port 's_axis_g_tdata[13]' relative to clock sys_clk for both max and min. Make sure this reflects the design intent.
set_input_delay -clock [get_clocks sys_clk] 0.100 [get_ports {{s_axi_awaddr[*]} s_axi_awvalid {s_axi_wdata[*]} {s_axi_wstrb[*]} s_axi_wvalid s_axi_bready {s_axi_araddr[*]} s_axi_arvalid s_axi_rready s_axis_h_tvalid {s_axis_h_tdata[*]} s_axis_h_tlast s_axis_g_tvalid {s_axis_g_tdata[*]} s_axis_g_tlast m_axis_y_tready}]
E:/course/master/mamba/Cmamba_reconstruct/HW_reconstruct/minimal_timing.xdc (Line: 13)
Related violations: <none>

XDCH-2#72 Warning
Same min and max delay values on IO port  
The same input delay of 0.100 ns has been defined on port 's_axis_g_tdata[14]' relative to clock sys_clk for both max and min. Make sure this reflects the design intent.
set_input_delay -clock [get_clocks sys_clk] 0.100 [get_ports {{s_axi_awaddr[*]} s_axi_awvalid {s_axi_wdata[*]} {s_axi_wstrb[*]} s_axi_wvalid s_axi_bready {s_axi_araddr[*]} s_axi_arvalid s_axi_rready s_axis_h_tvalid {s_axis_h_tdata[*]} s_axis_h_tlast s_axis_g_tvalid {s_axis_g_tdata[*]} s_axis_g_tlast m_axis_y_tready}]
E:/course/master/mamba/Cmamba_reconstruct/HW_reconstruct/minimal_timing.xdc (Line: 13)
Related violations: <none>

XDCH-2#73 Warning
Same min and max delay values on IO port  
The same input delay of 0.100 ns has been defined on port 's_axis_g_tdata[15]' relative to clock sys_clk for both max and min. Make sure this reflects the design intent.
set_input_delay -clock [get_clocks sys_clk] 0.100 [get_ports {{s_axi_awaddr[*]} s_axi_awvalid {s_axi_wdata[*]} {s_axi_wstrb[*]} s_axi_wvalid s_axi_bready {s_axi_araddr[*]} s_axi_arvalid s_axi_rready s_axis_h_tvalid {s_axis_h_tdata[*]} s_axis_h_tlast s_axis_g_tvalid {s_axis_g_tdata[*]} s_axis_g_tlast m_axis_y_tready}]
E:/course/master/mamba/Cmamba_reconstruct/HW_reconstruct/minimal_timing.xdc (Line: 13)
Related violations: <none>

XDCH-2#74 Warning
Same min and max delay values on IO port  
The same input delay of 0.100 ns has been defined on port 's_axis_g_tdata[16]' relative to clock sys_clk for both max and min. Make sure this reflects the design intent.
set_input_delay -clock [get_clocks sys_clk] 0.100 [get_ports {{s_axi_awaddr[*]} s_axi_awvalid {s_axi_wdata[*]} {s_axi_wstrb[*]} s_axi_wvalid s_axi_bready {s_axi_araddr[*]} s_axi_arvalid s_axi_rready s_axis_h_tvalid {s_axis_h_tdata[*]} s_axis_h_tlast s_axis_g_tvalid {s_axis_g_tdata[*]} s_axis_g_tlast m_axis_y_tready}]
E:/course/master/mamba/Cmamba_reconstruct/HW_reconstruct/minimal_timing.xdc (Line: 13)
Related violations: <none>

XDCH-2#75 Warning
Same min and max delay values on IO port  
The same input delay of 0.100 ns has been defined on port 's_axis_g_tdata[17]' relative to clock sys_clk for both max and min. Make sure this reflects the design intent.
set_input_delay -clock [get_clocks sys_clk] 0.100 [get_ports {{s_axi_awaddr[*]} s_axi_awvalid {s_axi_wdata[*]} {s_axi_wstrb[*]} s_axi_wvalid s_axi_bready {s_axi_araddr[*]} s_axi_arvalid s_axi_rready s_axis_h_tvalid {s_axis_h_tdata[*]} s_axis_h_tlast s_axis_g_tvalid {s_axis_g_tdata[*]} s_axis_g_tlast m_axis_y_tready}]
E:/course/master/mamba/Cmamba_reconstruct/HW_reconstruct/minimal_timing.xdc (Line: 13)
Related violations: <none>

XDCH-2#76 Warning
Same min and max delay values on IO port  
The same input delay of 0.100 ns has been defined on port 's_axis_g_tdata[18]' relative to clock sys_clk for both max and min. Make sure this reflects the design intent.
set_input_delay -clock [get_clocks sys_clk] 0.100 [get_ports {{s_axi_awaddr[*]} s_axi_awvalid {s_axi_wdata[*]} {s_axi_wstrb[*]} s_axi_wvalid s_axi_bready {s_axi_araddr[*]} s_axi_arvalid s_axi_rready s_axis_h_tvalid {s_axis_h_tdata[*]} s_axis_h_tlast s_axis_g_tvalid {s_axis_g_tdata[*]} s_axis_g_tlast m_axis_y_tready}]
E:/course/master/mamba/Cmamba_reconstruct/HW_reconstruct/minimal_timing.xdc (Line: 13)
Related violations: <none>

XDCH-2#77 Warning
Same min and max delay values on IO port  
The same input delay of 0.100 ns has been defined on port 's_axis_g_tdata[19]' relative to clock sys_clk for both max and min. Make sure this reflects the design intent.
set_input_delay -clock [get_clocks sys_clk] 0.100 [get_ports {{s_axi_awaddr[*]} s_axi_awvalid {s_axi_wdata[*]} {s_axi_wstrb[*]} s_axi_wvalid s_axi_bready {s_axi_araddr[*]} s_axi_arvalid s_axi_rready s_axis_h_tvalid {s_axis_h_tdata[*]} s_axis_h_tlast s_axis_g_tvalid {s_axis_g_tdata[*]} s_axis_g_tlast m_axis_y_tready}]
E:/course/master/mamba/Cmamba_reconstruct/HW_reconstruct/minimal_timing.xdc (Line: 13)
Related violations: <none>

XDCH-2#78 Warning
Same min and max delay values on IO port  
The same input delay of 0.100 ns has been defined on port 's_axis_g_tdata[1]' relative to clock sys_clk for both max and min. Make sure this reflects the design intent.
set_input_delay -clock [get_clocks sys_clk] 0.100 [get_ports {{s_axi_awaddr[*]} s_axi_awvalid {s_axi_wdata[*]} {s_axi_wstrb[*]} s_axi_wvalid s_axi_bready {s_axi_araddr[*]} s_axi_arvalid s_axi_rready s_axis_h_tvalid {s_axis_h_tdata[*]} s_axis_h_tlast s_axis_g_tvalid {s_axis_g_tdata[*]} s_axis_g_tlast m_axis_y_tready}]
E:/course/master/mamba/Cmamba_reconstruct/HW_reconstruct/minimal_timing.xdc (Line: 13)
Related violations: <none>

XDCH-2#79 Warning
Same min and max delay values on IO port  
The same input delay of 0.100 ns has been defined on port 's_axis_g_tdata[20]' relative to clock sys_clk for both max and min. Make sure this reflects the design intent.
set_input_delay -clock [get_clocks sys_clk] 0.100 [get_ports {{s_axi_awaddr[*]} s_axi_awvalid {s_axi_wdata[*]} {s_axi_wstrb[*]} s_axi_wvalid s_axi_bready {s_axi_araddr[*]} s_axi_arvalid s_axi_rready s_axis_h_tvalid {s_axis_h_tdata[*]} s_axis_h_tlast s_axis_g_tvalid {s_axis_g_tdata[*]} s_axis_g_tlast m_axis_y_tready}]
E:/course/master/mamba/Cmamba_reconstruct/HW_reconstruct/minimal_timing.xdc (Line: 13)
Related violations: <none>

XDCH-2#80 Warning
Same min and max delay values on IO port  
The same input delay of 0.100 ns has been defined on port 's_axis_g_tdata[21]' relative to clock sys_clk for both max and min. Make sure this reflects the design intent.
set_input_delay -clock [get_clocks sys_clk] 0.100 [get_ports {{s_axi_awaddr[*]} s_axi_awvalid {s_axi_wdata[*]} {s_axi_wstrb[*]} s_axi_wvalid s_axi_bready {s_axi_araddr[*]} s_axi_arvalid s_axi_rready s_axis_h_tvalid {s_axis_h_tdata[*]} s_axis_h_tlast s_axis_g_tvalid {s_axis_g_tdata[*]} s_axis_g_tlast m_axis_y_tready}]
E:/course/master/mamba/Cmamba_reconstruct/HW_reconstruct/minimal_timing.xdc (Line: 13)
Related violations: <none>

XDCH-2#81 Warning
Same min and max delay values on IO port  
The same input delay of 0.100 ns has been defined on port 's_axis_g_tdata[22]' relative to clock sys_clk for both max and min. Make sure this reflects the design intent.
set_input_delay -clock [get_clocks sys_clk] 0.100 [get_ports {{s_axi_awaddr[*]} s_axi_awvalid {s_axi_wdata[*]} {s_axi_wstrb[*]} s_axi_wvalid s_axi_bready {s_axi_araddr[*]} s_axi_arvalid s_axi_rready s_axis_h_tvalid {s_axis_h_tdata[*]} s_axis_h_tlast s_axis_g_tvalid {s_axis_g_tdata[*]} s_axis_g_tlast m_axis_y_tready}]
E:/course/master/mamba/Cmamba_reconstruct/HW_reconstruct/minimal_timing.xdc (Line: 13)
Related violations: <none>

XDCH-2#82 Warning
Same min and max delay values on IO port  
The same input delay of 0.100 ns has been defined on port 's_axis_g_tdata[23]' relative to clock sys_clk for both max and min. Make sure this reflects the design intent.
set_input_delay -clock [get_clocks sys_clk] 0.100 [get_ports {{s_axi_awaddr[*]} s_axi_awvalid {s_axi_wdata[*]} {s_axi_wstrb[*]} s_axi_wvalid s_axi_bready {s_axi_araddr[*]} s_axi_arvalid s_axi_rready s_axis_h_tvalid {s_axis_h_tdata[*]} s_axis_h_tlast s_axis_g_tvalid {s_axis_g_tdata[*]} s_axis_g_tlast m_axis_y_tready}]
E:/course/master/mamba/Cmamba_reconstruct/HW_reconstruct/minimal_timing.xdc (Line: 13)
Related violations: <none>

XDCH-2#83 Warning
Same min and max delay values on IO port  
The same input delay of 0.100 ns has been defined on port 's_axis_g_tdata[24]' relative to clock sys_clk for both max and min. Make sure this reflects the design intent.
set_input_delay -clock [get_clocks sys_clk] 0.100 [get_ports {{s_axi_awaddr[*]} s_axi_awvalid {s_axi_wdata[*]} {s_axi_wstrb[*]} s_axi_wvalid s_axi_bready {s_axi_araddr[*]} s_axi_arvalid s_axi_rready s_axis_h_tvalid {s_axis_h_tdata[*]} s_axis_h_tlast s_axis_g_tvalid {s_axis_g_tdata[*]} s_axis_g_tlast m_axis_y_tready}]
E:/course/master/mamba/Cmamba_reconstruct/HW_reconstruct/minimal_timing.xdc (Line: 13)
Related violations: <none>

XDCH-2#84 Warning
Same min and max delay values on IO port  
The same input delay of 0.100 ns has been defined on port 's_axis_g_tdata[25]' relative to clock sys_clk for both max and min. Make sure this reflects the design intent.
set_input_delay -clock [get_clocks sys_clk] 0.100 [get_ports {{s_axi_awaddr[*]} s_axi_awvalid {s_axi_wdata[*]} {s_axi_wstrb[*]} s_axi_wvalid s_axi_bready {s_axi_araddr[*]} s_axi_arvalid s_axi_rready s_axis_h_tvalid {s_axis_h_tdata[*]} s_axis_h_tlast s_axis_g_tvalid {s_axis_g_tdata[*]} s_axis_g_tlast m_axis_y_tready}]
E:/course/master/mamba/Cmamba_reconstruct/HW_reconstruct/minimal_timing.xdc (Line: 13)
Related violations: <none>

XDCH-2#85 Warning
Same min and max delay values on IO port  
The same input delay of 0.100 ns has been defined on port 's_axis_g_tdata[26]' relative to clock sys_clk for both max and min. Make sure this reflects the design intent.
set_input_delay -clock [get_clocks sys_clk] 0.100 [get_ports {{s_axi_awaddr[*]} s_axi_awvalid {s_axi_wdata[*]} {s_axi_wstrb[*]} s_axi_wvalid s_axi_bready {s_axi_araddr[*]} s_axi_arvalid s_axi_rready s_axis_h_tvalid {s_axis_h_tdata[*]} s_axis_h_tlast s_axis_g_tvalid {s_axis_g_tdata[*]} s_axis_g_tlast m_axis_y_tready}]
E:/course/master/mamba/Cmamba_reconstruct/HW_reconstruct/minimal_timing.xdc (Line: 13)
Related violations: <none>

XDCH-2#86 Warning
Same min and max delay values on IO port  
The same input delay of 0.100 ns has been defined on port 's_axis_g_tdata[27]' relative to clock sys_clk for both max and min. Make sure this reflects the design intent.
set_input_delay -clock [get_clocks sys_clk] 0.100 [get_ports {{s_axi_awaddr[*]} s_axi_awvalid {s_axi_wdata[*]} {s_axi_wstrb[*]} s_axi_wvalid s_axi_bready {s_axi_araddr[*]} s_axi_arvalid s_axi_rready s_axis_h_tvalid {s_axis_h_tdata[*]} s_axis_h_tlast s_axis_g_tvalid {s_axis_g_tdata[*]} s_axis_g_tlast m_axis_y_tready}]
E:/course/master/mamba/Cmamba_reconstruct/HW_reconstruct/minimal_timing.xdc (Line: 13)
Related violations: <none>

XDCH-2#87 Warning
Same min and max delay values on IO port  
The same input delay of 0.100 ns has been defined on port 's_axis_g_tdata[28]' relative to clock sys_clk for both max and min. Make sure this reflects the design intent.
set_input_delay -clock [get_clocks sys_clk] 0.100 [get_ports {{s_axi_awaddr[*]} s_axi_awvalid {s_axi_wdata[*]} {s_axi_wstrb[*]} s_axi_wvalid s_axi_bready {s_axi_araddr[*]} s_axi_arvalid s_axi_rready s_axis_h_tvalid {s_axis_h_tdata[*]} s_axis_h_tlast s_axis_g_tvalid {s_axis_g_tdata[*]} s_axis_g_tlast m_axis_y_tready}]
E:/course/master/mamba/Cmamba_reconstruct/HW_reconstruct/minimal_timing.xdc (Line: 13)
Related violations: <none>

XDCH-2#88 Warning
Same min and max delay values on IO port  
The same input delay of 0.100 ns has been defined on port 's_axis_g_tdata[29]' relative to clock sys_clk for both max and min. Make sure this reflects the design intent.
set_input_delay -clock [get_clocks sys_clk] 0.100 [get_ports {{s_axi_awaddr[*]} s_axi_awvalid {s_axi_wdata[*]} {s_axi_wstrb[*]} s_axi_wvalid s_axi_bready {s_axi_araddr[*]} s_axi_arvalid s_axi_rready s_axis_h_tvalid {s_axis_h_tdata[*]} s_axis_h_tlast s_axis_g_tvalid {s_axis_g_tdata[*]} s_axis_g_tlast m_axis_y_tready}]
E:/course/master/mamba/Cmamba_reconstruct/HW_reconstruct/minimal_timing.xdc (Line: 13)
Related violations: <none>

XDCH-2#89 Warning
Same min and max delay values on IO port  
The same input delay of 0.100 ns has been defined on port 's_axis_g_tdata[2]' relative to clock sys_clk for both max and min. Make sure this reflects the design intent.
set_input_delay -clock [get_clocks sys_clk] 0.100 [get_ports {{s_axi_awaddr[*]} s_axi_awvalid {s_axi_wdata[*]} {s_axi_wstrb[*]} s_axi_wvalid s_axi_bready {s_axi_araddr[*]} s_axi_arvalid s_axi_rready s_axis_h_tvalid {s_axis_h_tdata[*]} s_axis_h_tlast s_axis_g_tvalid {s_axis_g_tdata[*]} s_axis_g_tlast m_axis_y_tready}]
E:/course/master/mamba/Cmamba_reconstruct/HW_reconstruct/minimal_timing.xdc (Line: 13)
Related violations: <none>

XDCH-2#90 Warning
Same min and max delay values on IO port  
The same input delay of 0.100 ns has been defined on port 's_axis_g_tdata[30]' relative to clock sys_clk for both max and min. Make sure this reflects the design intent.
set_input_delay -clock [get_clocks sys_clk] 0.100 [get_ports {{s_axi_awaddr[*]} s_axi_awvalid {s_axi_wdata[*]} {s_axi_wstrb[*]} s_axi_wvalid s_axi_bready {s_axi_araddr[*]} s_axi_arvalid s_axi_rready s_axis_h_tvalid {s_axis_h_tdata[*]} s_axis_h_tlast s_axis_g_tvalid {s_axis_g_tdata[*]} s_axis_g_tlast m_axis_y_tready}]
E:/course/master/mamba/Cmamba_reconstruct/HW_reconstruct/minimal_timing.xdc (Line: 13)
Related violations: <none>

XDCH-2#91 Warning
Same min and max delay values on IO port  
The same input delay of 0.100 ns has been defined on port 's_axis_g_tdata[31]' relative to clock sys_clk for both max and min. Make sure this reflects the design intent.
set_input_delay -clock [get_clocks sys_clk] 0.100 [get_ports {{s_axi_awaddr[*]} s_axi_awvalid {s_axi_wdata[*]} {s_axi_wstrb[*]} s_axi_wvalid s_axi_bready {s_axi_araddr[*]} s_axi_arvalid s_axi_rready s_axis_h_tvalid {s_axis_h_tdata[*]} s_axis_h_tlast s_axis_g_tvalid {s_axis_g_tdata[*]} s_axis_g_tlast m_axis_y_tready}]
E:/course/master/mamba/Cmamba_reconstruct/HW_reconstruct/minimal_timing.xdc (Line: 13)
Related violations: <none>

XDCH-2#92 Warning
Same min and max delay values on IO port  
The same input delay of 0.100 ns has been defined on port 's_axis_g_tdata[32]' relative to clock sys_clk for both max and min. Make sure this reflects the design intent.
set_input_delay -clock [get_clocks sys_clk] 0.100 [get_ports {{s_axi_awaddr[*]} s_axi_awvalid {s_axi_wdata[*]} {s_axi_wstrb[*]} s_axi_wvalid s_axi_bready {s_axi_araddr[*]} s_axi_arvalid s_axi_rready s_axis_h_tvalid {s_axis_h_tdata[*]} s_axis_h_tlast s_axis_g_tvalid {s_axis_g_tdata[*]} s_axis_g_tlast m_axis_y_tready}]
E:/course/master/mamba/Cmamba_reconstruct/HW_reconstruct/minimal_timing.xdc (Line: 13)
Related violations: <none>

XDCH-2#93 Warning
Same min and max delay values on IO port  
The same input delay of 0.100 ns has been defined on port 's_axis_g_tdata[33]' relative to clock sys_clk for both max and min. Make sure this reflects the design intent.
set_input_delay -clock [get_clocks sys_clk] 0.100 [get_ports {{s_axi_awaddr[*]} s_axi_awvalid {s_axi_wdata[*]} {s_axi_wstrb[*]} s_axi_wvalid s_axi_bready {s_axi_araddr[*]} s_axi_arvalid s_axi_rready s_axis_h_tvalid {s_axis_h_tdata[*]} s_axis_h_tlast s_axis_g_tvalid {s_axis_g_tdata[*]} s_axis_g_tlast m_axis_y_tready}]
E:/course/master/mamba/Cmamba_reconstruct/HW_reconstruct/minimal_timing.xdc (Line: 13)
Related violations: <none>

XDCH-2#94 Warning
Same min and max delay values on IO port  
The same input delay of 0.100 ns has been defined on port 's_axis_g_tdata[34]' relative to clock sys_clk for both max and min. Make sure this reflects the design intent.
set_input_delay -clock [get_clocks sys_clk] 0.100 [get_ports {{s_axi_awaddr[*]} s_axi_awvalid {s_axi_wdata[*]} {s_axi_wstrb[*]} s_axi_wvalid s_axi_bready {s_axi_araddr[*]} s_axi_arvalid s_axi_rready s_axis_h_tvalid {s_axis_h_tdata[*]} s_axis_h_tlast s_axis_g_tvalid {s_axis_g_tdata[*]} s_axis_g_tlast m_axis_y_tready}]
E:/course/master/mamba/Cmamba_reconstruct/HW_reconstruct/minimal_timing.xdc (Line: 13)
Related violations: <none>

XDCH-2#95 Warning
Same min and max delay values on IO port  
The same input delay of 0.100 ns has been defined on port 's_axis_g_tdata[35]' relative to clock sys_clk for both max and min. Make sure this reflects the design intent.
set_input_delay -clock [get_clocks sys_clk] 0.100 [get_ports {{s_axi_awaddr[*]} s_axi_awvalid {s_axi_wdata[*]} {s_axi_wstrb[*]} s_axi_wvalid s_axi_bready {s_axi_araddr[*]} s_axi_arvalid s_axi_rready s_axis_h_tvalid {s_axis_h_tdata[*]} s_axis_h_tlast s_axis_g_tvalid {s_axis_g_tdata[*]} s_axis_g_tlast m_axis_y_tready}]
E:/course/master/mamba/Cmamba_reconstruct/HW_reconstruct/minimal_timing.xdc (Line: 13)
Related violations: <none>

XDCH-2#96 Warning
Same min and max delay values on IO port  
The same input delay of 0.100 ns has been defined on port 's_axis_g_tdata[36]' relative to clock sys_clk for both max and min. Make sure this reflects the design intent.
set_input_delay -clock [get_clocks sys_clk] 0.100 [get_ports {{s_axi_awaddr[*]} s_axi_awvalid {s_axi_wdata[*]} {s_axi_wstrb[*]} s_axi_wvalid s_axi_bready {s_axi_araddr[*]} s_axi_arvalid s_axi_rready s_axis_h_tvalid {s_axis_h_tdata[*]} s_axis_h_tlast s_axis_g_tvalid {s_axis_g_tdata[*]} s_axis_g_tlast m_axis_y_tready}]
E:/course/master/mamba/Cmamba_reconstruct/HW_reconstruct/minimal_timing.xdc (Line: 13)
Related violations: <none>

XDCH-2#97 Warning
Same min and max delay values on IO port  
The same input delay of 0.100 ns has been defined on port 's_axis_g_tdata[37]' relative to clock sys_clk for both max and min. Make sure this reflects the design intent.
set_input_delay -clock [get_clocks sys_clk] 0.100 [get_ports {{s_axi_awaddr[*]} s_axi_awvalid {s_axi_wdata[*]} {s_axi_wstrb[*]} s_axi_wvalid s_axi_bready {s_axi_araddr[*]} s_axi_arvalid s_axi_rready s_axis_h_tvalid {s_axis_h_tdata[*]} s_axis_h_tlast s_axis_g_tvalid {s_axis_g_tdata[*]} s_axis_g_tlast m_axis_y_tready}]
E:/course/master/mamba/Cmamba_reconstruct/HW_reconstruct/minimal_timing.xdc (Line: 13)
Related violations: <none>

XDCH-2#98 Warning
Same min and max delay values on IO port  
The same input delay of 0.100 ns has been defined on port 's_axis_g_tdata[38]' relative to clock sys_clk for both max and min. Make sure this reflects the design intent.
set_input_delay -clock [get_clocks sys_clk] 0.100 [get_ports {{s_axi_awaddr[*]} s_axi_awvalid {s_axi_wdata[*]} {s_axi_wstrb[*]} s_axi_wvalid s_axi_bready {s_axi_araddr[*]} s_axi_arvalid s_axi_rready s_axis_h_tvalid {s_axis_h_tdata[*]} s_axis_h_tlast s_axis_g_tvalid {s_axis_g_tdata[*]} s_axis_g_tlast m_axis_y_tready}]
E:/course/master/mamba/Cmamba_reconstruct/HW_reconstruct/minimal_timing.xdc (Line: 13)
Related violations: <none>

XDCH-2#99 Warning
Same min and max delay values on IO port  
The same input delay of 0.100 ns has been defined on port 's_axis_g_tdata[39]' relative to clock sys_clk for both max and min. Make sure this reflects the design intent.
set_input_delay -clock [get_clocks sys_clk] 0.100 [get_ports {{s_axi_awaddr[*]} s_axi_awvalid {s_axi_wdata[*]} {s_axi_wstrb[*]} s_axi_wvalid s_axi_bready {s_axi_araddr[*]} s_axi_arvalid s_axi_rready s_axis_h_tvalid {s_axis_h_tdata[*]} s_axis_h_tlast s_axis_g_tvalid {s_axis_g_tdata[*]} s_axis_g_tlast m_axis_y_tready}]
E:/course/master/mamba/Cmamba_reconstruct/HW_reconstruct/minimal_timing.xdc (Line: 13)
Related violations: <none>

XDCH-2#100 Warning
Same min and max delay values on IO port  
The same input delay of 0.100 ns has been defined on port 's_axis_g_tdata[3]' relative to clock sys_clk for both max and min. Make sure this reflects the design intent.
set_input_delay -clock [get_clocks sys_clk] 0.100 [get_ports {{s_axi_awaddr[*]} s_axi_awvalid {s_axi_wdata[*]} {s_axi_wstrb[*]} s_axi_wvalid s_axi_bready {s_axi_araddr[*]} s_axi_arvalid s_axi_rready s_axis_h_tvalid {s_axis_h_tdata[*]} s_axis_h_tlast s_axis_g_tvalid {s_axis_g_tdata[*]} s_axis_g_tlast m_axis_y_tready}]
E:/course/master/mamba/Cmamba_reconstruct/HW_reconstruct/minimal_timing.xdc (Line: 13)
Related violations: <none>

XDCH-2#101 Warning
Same min and max delay values on IO port  
The same input delay of 0.100 ns has been defined on port 's_axis_g_tdata[40]' relative to clock sys_clk for both max and min. Make sure this reflects the design intent.
set_input_delay -clock [get_clocks sys_clk] 0.100 [get_ports {{s_axi_awaddr[*]} s_axi_awvalid {s_axi_wdata[*]} {s_axi_wstrb[*]} s_axi_wvalid s_axi_bready {s_axi_araddr[*]} s_axi_arvalid s_axi_rready s_axis_h_tvalid {s_axis_h_tdata[*]} s_axis_h_tlast s_axis_g_tvalid {s_axis_g_tdata[*]} s_axis_g_tlast m_axis_y_tready}]
E:/course/master/mamba/Cmamba_reconstruct/HW_reconstruct/minimal_timing.xdc (Line: 13)
Related violations: <none>

XDCH-2#102 Warning
Same min and max delay values on IO port  
The same input delay of 0.100 ns has been defined on port 's_axis_g_tdata[41]' relative to clock sys_clk for both max and min. Make sure this reflects the design intent.
set_input_delay -clock [get_clocks sys_clk] 0.100 [get_ports {{s_axi_awaddr[*]} s_axi_awvalid {s_axi_wdata[*]} {s_axi_wstrb[*]} s_axi_wvalid s_axi_bready {s_axi_araddr[*]} s_axi_arvalid s_axi_rready s_axis_h_tvalid {s_axis_h_tdata[*]} s_axis_h_tlast s_axis_g_tvalid {s_axis_g_tdata[*]} s_axis_g_tlast m_axis_y_tready}]
E:/course/master/mamba/Cmamba_reconstruct/HW_reconstruct/minimal_timing.xdc (Line: 13)
Related violations: <none>

XDCH-2#103 Warning
Same min and max delay values on IO port  
The same input delay of 0.100 ns has been defined on port 's_axis_g_tdata[42]' relative to clock sys_clk for both max and min. Make sure this reflects the design intent.
set_input_delay -clock [get_clocks sys_clk] 0.100 [get_ports {{s_axi_awaddr[*]} s_axi_awvalid {s_axi_wdata[*]} {s_axi_wstrb[*]} s_axi_wvalid s_axi_bready {s_axi_araddr[*]} s_axi_arvalid s_axi_rready s_axis_h_tvalid {s_axis_h_tdata[*]} s_axis_h_tlast s_axis_g_tvalid {s_axis_g_tdata[*]} s_axis_g_tlast m_axis_y_tready}]
E:/course/master/mamba/Cmamba_reconstruct/HW_reconstruct/minimal_timing.xdc (Line: 13)
Related violations: <none>

XDCH-2#104 Warning
Same min and max delay values on IO port  
The same input delay of 0.100 ns has been defined on port 's_axis_g_tdata[43]' relative to clock sys_clk for both max and min. Make sure this reflects the design intent.
set_input_delay -clock [get_clocks sys_clk] 0.100 [get_ports {{s_axi_awaddr[*]} s_axi_awvalid {s_axi_wdata[*]} {s_axi_wstrb[*]} s_axi_wvalid s_axi_bready {s_axi_araddr[*]} s_axi_arvalid s_axi_rready s_axis_h_tvalid {s_axis_h_tdata[*]} s_axis_h_tlast s_axis_g_tvalid {s_axis_g_tdata[*]} s_axis_g_tlast m_axis_y_tready}]
E:/course/master/mamba/Cmamba_reconstruct/HW_reconstruct/minimal_timing.xdc (Line: 13)
Related violations: <none>

XDCH-2#105 Warning
Same min and max delay values on IO port  
The same input delay of 0.100 ns has been defined on port 's_axis_g_tdata[44]' relative to clock sys_clk for both max and min. Make sure this reflects the design intent.
set_input_delay -clock [get_clocks sys_clk] 0.100 [get_ports {{s_axi_awaddr[*]} s_axi_awvalid {s_axi_wdata[*]} {s_axi_wstrb[*]} s_axi_wvalid s_axi_bready {s_axi_araddr[*]} s_axi_arvalid s_axi_rready s_axis_h_tvalid {s_axis_h_tdata[*]} s_axis_h_tlast s_axis_g_tvalid {s_axis_g_tdata[*]} s_axis_g_tlast m_axis_y_tready}]
E:/course/master/mamba/Cmamba_reconstruct/HW_reconstruct/minimal_timing.xdc (Line: 13)
Related violations: <none>

XDCH-2#106 Warning
Same min and max delay values on IO port  
The same input delay of 0.100 ns has been defined on port 's_axis_g_tdata[45]' relative to clock sys_clk for both max and min. Make sure this reflects the design intent.
set_input_delay -clock [get_clocks sys_clk] 0.100 [get_ports {{s_axi_awaddr[*]} s_axi_awvalid {s_axi_wdata[*]} {s_axi_wstrb[*]} s_axi_wvalid s_axi_bready {s_axi_araddr[*]} s_axi_arvalid s_axi_rready s_axis_h_tvalid {s_axis_h_tdata[*]} s_axis_h_tlast s_axis_g_tvalid {s_axis_g_tdata[*]} s_axis_g_tlast m_axis_y_tready}]
E:/course/master/mamba/Cmamba_reconstruct/HW_reconstruct/minimal_timing.xdc (Line: 13)
Related violations: <none>

XDCH-2#107 Warning
Same min and max delay values on IO port  
The same input delay of 0.100 ns has been defined on port 's_axis_g_tdata[46]' relative to clock sys_clk for both max and min. Make sure this reflects the design intent.
set_input_delay -clock [get_clocks sys_clk] 0.100 [get_ports {{s_axi_awaddr[*]} s_axi_awvalid {s_axi_wdata[*]} {s_axi_wstrb[*]} s_axi_wvalid s_axi_bready {s_axi_araddr[*]} s_axi_arvalid s_axi_rready s_axis_h_tvalid {s_axis_h_tdata[*]} s_axis_h_tlast s_axis_g_tvalid {s_axis_g_tdata[*]} s_axis_g_tlast m_axis_y_tready}]
E:/course/master/mamba/Cmamba_reconstruct/HW_reconstruct/minimal_timing.xdc (Line: 13)
Related violations: <none>

XDCH-2#108 Warning
Same min and max delay values on IO port  
The same input delay of 0.100 ns has been defined on port 's_axis_g_tdata[47]' relative to clock sys_clk for both max and min. Make sure this reflects the design intent.
set_input_delay -clock [get_clocks sys_clk] 0.100 [get_ports {{s_axi_awaddr[*]} s_axi_awvalid {s_axi_wdata[*]} {s_axi_wstrb[*]} s_axi_wvalid s_axi_bready {s_axi_araddr[*]} s_axi_arvalid s_axi_rready s_axis_h_tvalid {s_axis_h_tdata[*]} s_axis_h_tlast s_axis_g_tvalid {s_axis_g_tdata[*]} s_axis_g_tlast m_axis_y_tready}]
E:/course/master/mamba/Cmamba_reconstruct/HW_reconstruct/minimal_timing.xdc (Line: 13)
Related violations: <none>

XDCH-2#109 Warning
Same min and max delay values on IO port  
The same input delay of 0.100 ns has been defined on port 's_axis_g_tdata[48]' relative to clock sys_clk for both max and min. Make sure this reflects the design intent.
set_input_delay -clock [get_clocks sys_clk] 0.100 [get_ports {{s_axi_awaddr[*]} s_axi_awvalid {s_axi_wdata[*]} {s_axi_wstrb[*]} s_axi_wvalid s_axi_bready {s_axi_araddr[*]} s_axi_arvalid s_axi_rready s_axis_h_tvalid {s_axis_h_tdata[*]} s_axis_h_tlast s_axis_g_tvalid {s_axis_g_tdata[*]} s_axis_g_tlast m_axis_y_tready}]
E:/course/master/mamba/Cmamba_reconstruct/HW_reconstruct/minimal_timing.xdc (Line: 13)
Related violations: <none>

XDCH-2#110 Warning
Same min and max delay values on IO port  
The same input delay of 0.100 ns has been defined on port 's_axis_g_tdata[49]' relative to clock sys_clk for both max and min. Make sure this reflects the design intent.
set_input_delay -clock [get_clocks sys_clk] 0.100 [get_ports {{s_axi_awaddr[*]} s_axi_awvalid {s_axi_wdata[*]} {s_axi_wstrb[*]} s_axi_wvalid s_axi_bready {s_axi_araddr[*]} s_axi_arvalid s_axi_rready s_axis_h_tvalid {s_axis_h_tdata[*]} s_axis_h_tlast s_axis_g_tvalid {s_axis_g_tdata[*]} s_axis_g_tlast m_axis_y_tready}]
E:/course/master/mamba/Cmamba_reconstruct/HW_reconstruct/minimal_timing.xdc (Line: 13)
Related violations: <none>

XDCH-2#111 Warning
Same min and max delay values on IO port  
The same input delay of 0.100 ns has been defined on port 's_axis_g_tdata[4]' relative to clock sys_clk for both max and min. Make sure this reflects the design intent.
set_input_delay -clock [get_clocks sys_clk] 0.100 [get_ports {{s_axi_awaddr[*]} s_axi_awvalid {s_axi_wdata[*]} {s_axi_wstrb[*]} s_axi_wvalid s_axi_bready {s_axi_araddr[*]} s_axi_arvalid s_axi_rready s_axis_h_tvalid {s_axis_h_tdata[*]} s_axis_h_tlast s_axis_g_tvalid {s_axis_g_tdata[*]} s_axis_g_tlast m_axis_y_tready}]
E:/course/master/mamba/Cmamba_reconstruct/HW_reconstruct/minimal_timing.xdc (Line: 13)
Related violations: <none>

XDCH-2#112 Warning
Same min and max delay values on IO port  
The same input delay of 0.100 ns has been defined on port 's_axis_g_tdata[50]' relative to clock sys_clk for both max and min. Make sure this reflects the design intent.
set_input_delay -clock [get_clocks sys_clk] 0.100 [get_ports {{s_axi_awaddr[*]} s_axi_awvalid {s_axi_wdata[*]} {s_axi_wstrb[*]} s_axi_wvalid s_axi_bready {s_axi_araddr[*]} s_axi_arvalid s_axi_rready s_axis_h_tvalid {s_axis_h_tdata[*]} s_axis_h_tlast s_axis_g_tvalid {s_axis_g_tdata[*]} s_axis_g_tlast m_axis_y_tready}]
E:/course/master/mamba/Cmamba_reconstruct/HW_reconstruct/minimal_timing.xdc (Line: 13)
Related violations: <none>

XDCH-2#113 Warning
Same min and max delay values on IO port  
The same input delay of 0.100 ns has been defined on port 's_axis_g_tdata[51]' relative to clock sys_clk for both max and min. Make sure this reflects the design intent.
set_input_delay -clock [get_clocks sys_clk] 0.100 [get_ports {{s_axi_awaddr[*]} s_axi_awvalid {s_axi_wdata[*]} {s_axi_wstrb[*]} s_axi_wvalid s_axi_bready {s_axi_araddr[*]} s_axi_arvalid s_axi_rready s_axis_h_tvalid {s_axis_h_tdata[*]} s_axis_h_tlast s_axis_g_tvalid {s_axis_g_tdata[*]} s_axis_g_tlast m_axis_y_tready}]
E:/course/master/mamba/Cmamba_reconstruct/HW_reconstruct/minimal_timing.xdc (Line: 13)
Related violations: <none>

XDCH-2#114 Warning
Same min and max delay values on IO port  
The same input delay of 0.100 ns has been defined on port 's_axis_g_tdata[52]' relative to clock sys_clk for both max and min. Make sure this reflects the design intent.
set_input_delay -clock [get_clocks sys_clk] 0.100 [get_ports {{s_axi_awaddr[*]} s_axi_awvalid {s_axi_wdata[*]} {s_axi_wstrb[*]} s_axi_wvalid s_axi_bready {s_axi_araddr[*]} s_axi_arvalid s_axi_rready s_axis_h_tvalid {s_axis_h_tdata[*]} s_axis_h_tlast s_axis_g_tvalid {s_axis_g_tdata[*]} s_axis_g_tlast m_axis_y_tready}]
E:/course/master/mamba/Cmamba_reconstruct/HW_reconstruct/minimal_timing.xdc (Line: 13)
Related violations: <none>

XDCH-2#115 Warning
Same min and max delay values on IO port  
The same input delay of 0.100 ns has been defined on port 's_axis_g_tdata[53]' relative to clock sys_clk for both max and min. Make sure this reflects the design intent.
set_input_delay -clock [get_clocks sys_clk] 0.100 [get_ports {{s_axi_awaddr[*]} s_axi_awvalid {s_axi_wdata[*]} {s_axi_wstrb[*]} s_axi_wvalid s_axi_bready {s_axi_araddr[*]} s_axi_arvalid s_axi_rready s_axis_h_tvalid {s_axis_h_tdata[*]} s_axis_h_tlast s_axis_g_tvalid {s_axis_g_tdata[*]} s_axis_g_tlast m_axis_y_tready}]
E:/course/master/mamba/Cmamba_reconstruct/HW_reconstruct/minimal_timing.xdc (Line: 13)
Related violations: <none>

XDCH-2#116 Warning
Same min and max delay values on IO port  
The same input delay of 0.100 ns has been defined on port 's_axis_g_tdata[54]' relative to clock sys_clk for both max and min. Make sure this reflects the design intent.
set_input_delay -clock [get_clocks sys_clk] 0.100 [get_ports {{s_axi_awaddr[*]} s_axi_awvalid {s_axi_wdata[*]} {s_axi_wstrb[*]} s_axi_wvalid s_axi_bready {s_axi_araddr[*]} s_axi_arvalid s_axi_rready s_axis_h_tvalid {s_axis_h_tdata[*]} s_axis_h_tlast s_axis_g_tvalid {s_axis_g_tdata[*]} s_axis_g_tlast m_axis_y_tready}]
E:/course/master/mamba/Cmamba_reconstruct/HW_reconstruct/minimal_timing.xdc (Line: 13)
Related violations: <none>

XDCH-2#117 Warning
Same min and max delay values on IO port  
The same input delay of 0.100 ns has been defined on port 's_axis_g_tdata[55]' relative to clock sys_clk for both max and min. Make sure this reflects the design intent.
set_input_delay -clock [get_clocks sys_clk] 0.100 [get_ports {{s_axi_awaddr[*]} s_axi_awvalid {s_axi_wdata[*]} {s_axi_wstrb[*]} s_axi_wvalid s_axi_bready {s_axi_araddr[*]} s_axi_arvalid s_axi_rready s_axis_h_tvalid {s_axis_h_tdata[*]} s_axis_h_tlast s_axis_g_tvalid {s_axis_g_tdata[*]} s_axis_g_tlast m_axis_y_tready}]
E:/course/master/mamba/Cmamba_reconstruct/HW_reconstruct/minimal_timing.xdc (Line: 13)
Related violations: <none>

XDCH-2#118 Warning
Same min and max delay values on IO port  
The same input delay of 0.100 ns has been defined on port 's_axis_g_tdata[56]' relative to clock sys_clk for both max and min. Make sure this reflects the design intent.
set_input_delay -clock [get_clocks sys_clk] 0.100 [get_ports {{s_axi_awaddr[*]} s_axi_awvalid {s_axi_wdata[*]} {s_axi_wstrb[*]} s_axi_wvalid s_axi_bready {s_axi_araddr[*]} s_axi_arvalid s_axi_rready s_axis_h_tvalid {s_axis_h_tdata[*]} s_axis_h_tlast s_axis_g_tvalid {s_axis_g_tdata[*]} s_axis_g_tlast m_axis_y_tready}]
E:/course/master/mamba/Cmamba_reconstruct/HW_reconstruct/minimal_timing.xdc (Line: 13)
Related violations: <none>

XDCH-2#119 Warning
Same min and max delay values on IO port  
The same input delay of 0.100 ns has been defined on port 's_axis_g_tdata[57]' relative to clock sys_clk for both max and min. Make sure this reflects the design intent.
set_input_delay -clock [get_clocks sys_clk] 0.100 [get_ports {{s_axi_awaddr[*]} s_axi_awvalid {s_axi_wdata[*]} {s_axi_wstrb[*]} s_axi_wvalid s_axi_bready {s_axi_araddr[*]} s_axi_arvalid s_axi_rready s_axis_h_tvalid {s_axis_h_tdata[*]} s_axis_h_tlast s_axis_g_tvalid {s_axis_g_tdata[*]} s_axis_g_tlast m_axis_y_tready}]
E:/course/master/mamba/Cmamba_reconstruct/HW_reconstruct/minimal_timing.xdc (Line: 13)
Related violations: <none>

XDCH-2#120 Warning
Same min and max delay values on IO port  
The same input delay of 0.100 ns has been defined on port 's_axis_g_tdata[58]' relative to clock sys_clk for both max and min. Make sure this reflects the design intent.
set_input_delay -clock [get_clocks sys_clk] 0.100 [get_ports {{s_axi_awaddr[*]} s_axi_awvalid {s_axi_wdata[*]} {s_axi_wstrb[*]} s_axi_wvalid s_axi_bready {s_axi_araddr[*]} s_axi_arvalid s_axi_rready s_axis_h_tvalid {s_axis_h_tdata[*]} s_axis_h_tlast s_axis_g_tvalid {s_axis_g_tdata[*]} s_axis_g_tlast m_axis_y_tready}]
E:/course/master/mamba/Cmamba_reconstruct/HW_reconstruct/minimal_timing.xdc (Line: 13)
Related violations: <none>

XDCH-2#121 Warning
Same min and max delay values on IO port  
The same input delay of 0.100 ns has been defined on port 's_axis_g_tdata[59]' relative to clock sys_clk for both max and min. Make sure this reflects the design intent.
set_input_delay -clock [get_clocks sys_clk] 0.100 [get_ports {{s_axi_awaddr[*]} s_axi_awvalid {s_axi_wdata[*]} {s_axi_wstrb[*]} s_axi_wvalid s_axi_bready {s_axi_araddr[*]} s_axi_arvalid s_axi_rready s_axis_h_tvalid {s_axis_h_tdata[*]} s_axis_h_tlast s_axis_g_tvalid {s_axis_g_tdata[*]} s_axis_g_tlast m_axis_y_tready}]
E:/course/master/mamba/Cmamba_reconstruct/HW_reconstruct/minimal_timing.xdc (Line: 13)
Related violations: <none>

XDCH-2#122 Warning
Same min and max delay values on IO port  
The same input delay of 0.100 ns has been defined on port 's_axis_g_tdata[5]' relative to clock sys_clk for both max and min. Make sure this reflects the design intent.
set_input_delay -clock [get_clocks sys_clk] 0.100 [get_ports {{s_axi_awaddr[*]} s_axi_awvalid {s_axi_wdata[*]} {s_axi_wstrb[*]} s_axi_wvalid s_axi_bready {s_axi_araddr[*]} s_axi_arvalid s_axi_rready s_axis_h_tvalid {s_axis_h_tdata[*]} s_axis_h_tlast s_axis_g_tvalid {s_axis_g_tdata[*]} s_axis_g_tlast m_axis_y_tready}]
E:/course/master/mamba/Cmamba_reconstruct/HW_reconstruct/minimal_timing.xdc (Line: 13)
Related violations: <none>

XDCH-2#123 Warning
Same min and max delay values on IO port  
The same input delay of 0.100 ns has been defined on port 's_axis_g_tdata[60]' relative to clock sys_clk for both max and min. Make sure this reflects the design intent.
set_input_delay -clock [get_clocks sys_clk] 0.100 [get_ports {{s_axi_awaddr[*]} s_axi_awvalid {s_axi_wdata[*]} {s_axi_wstrb[*]} s_axi_wvalid s_axi_bready {s_axi_araddr[*]} s_axi_arvalid s_axi_rready s_axis_h_tvalid {s_axis_h_tdata[*]} s_axis_h_tlast s_axis_g_tvalid {s_axis_g_tdata[*]} s_axis_g_tlast m_axis_y_tready}]
E:/course/master/mamba/Cmamba_reconstruct/HW_reconstruct/minimal_timing.xdc (Line: 13)
Related violations: <none>

XDCH-2#124 Warning
Same min and max delay values on IO port  
The same input delay of 0.100 ns has been defined on port 's_axis_g_tdata[61]' relative to clock sys_clk for both max and min. Make sure this reflects the design intent.
set_input_delay -clock [get_clocks sys_clk] 0.100 [get_ports {{s_axi_awaddr[*]} s_axi_awvalid {s_axi_wdata[*]} {s_axi_wstrb[*]} s_axi_wvalid s_axi_bready {s_axi_araddr[*]} s_axi_arvalid s_axi_rready s_axis_h_tvalid {s_axis_h_tdata[*]} s_axis_h_tlast s_axis_g_tvalid {s_axis_g_tdata[*]} s_axis_g_tlast m_axis_y_tready}]
E:/course/master/mamba/Cmamba_reconstruct/HW_reconstruct/minimal_timing.xdc (Line: 13)
Related violations: <none>

XDCH-2#125 Warning
Same min and max delay values on IO port  
The same input delay of 0.100 ns has been defined on port 's_axis_g_tdata[62]' relative to clock sys_clk for both max and min. Make sure this reflects the design intent.
set_input_delay -clock [get_clocks sys_clk] 0.100 [get_ports {{s_axi_awaddr[*]} s_axi_awvalid {s_axi_wdata[*]} {s_axi_wstrb[*]} s_axi_wvalid s_axi_bready {s_axi_araddr[*]} s_axi_arvalid s_axi_rready s_axis_h_tvalid {s_axis_h_tdata[*]} s_axis_h_tlast s_axis_g_tvalid {s_axis_g_tdata[*]} s_axis_g_tlast m_axis_y_tready}]
E:/course/master/mamba/Cmamba_reconstruct/HW_reconstruct/minimal_timing.xdc (Line: 13)
Related violations: <none>

XDCH-2#126 Warning
Same min and max delay values on IO port  
The same input delay of 0.100 ns has been defined on port 's_axis_g_tdata[63]' relative to clock sys_clk for both max and min. Make sure this reflects the design intent.
set_input_delay -clock [get_clocks sys_clk] 0.100 [get_ports {{s_axi_awaddr[*]} s_axi_awvalid {s_axi_wdata[*]} {s_axi_wstrb[*]} s_axi_wvalid s_axi_bready {s_axi_araddr[*]} s_axi_arvalid s_axi_rready s_axis_h_tvalid {s_axis_h_tdata[*]} s_axis_h_tlast s_axis_g_tvalid {s_axis_g_tdata[*]} s_axis_g_tlast m_axis_y_tready}]
E:/course/master/mamba/Cmamba_reconstruct/HW_reconstruct/minimal_timing.xdc (Line: 13)
Related violations: <none>

XDCH-2#127 Warning
Same min and max delay values on IO port  
The same input delay of 0.100 ns has been defined on port 's_axis_g_tdata[6]' relative to clock sys_clk for both max and min. Make sure this reflects the design intent.
set_input_delay -clock [get_clocks sys_clk] 0.100 [get_ports {{s_axi_awaddr[*]} s_axi_awvalid {s_axi_wdata[*]} {s_axi_wstrb[*]} s_axi_wvalid s_axi_bready {s_axi_araddr[*]} s_axi_arvalid s_axi_rready s_axis_h_tvalid {s_axis_h_tdata[*]} s_axis_h_tlast s_axis_g_tvalid {s_axis_g_tdata[*]} s_axis_g_tlast m_axis_y_tready}]
E:/course/master/mamba/Cmamba_reconstruct/HW_reconstruct/minimal_timing.xdc (Line: 13)
Related violations: <none>

XDCH-2#128 Warning
Same min and max delay values on IO port  
The same input delay of 0.100 ns has been defined on port 's_axis_g_tdata[7]' relative to clock sys_clk for both max and min. Make sure this reflects the design intent.
set_input_delay -clock [get_clocks sys_clk] 0.100 [get_ports {{s_axi_awaddr[*]} s_axi_awvalid {s_axi_wdata[*]} {s_axi_wstrb[*]} s_axi_wvalid s_axi_bready {s_axi_araddr[*]} s_axi_arvalid s_axi_rready s_axis_h_tvalid {s_axis_h_tdata[*]} s_axis_h_tlast s_axis_g_tvalid {s_axis_g_tdata[*]} s_axis_g_tlast m_axis_y_tready}]
E:/course/master/mamba/Cmamba_reconstruct/HW_reconstruct/minimal_timing.xdc (Line: 13)
Related violations: <none>

XDCH-2#129 Warning
Same min and max delay values on IO port  
The same input delay of 0.100 ns has been defined on port 's_axis_g_tdata[8]' relative to clock sys_clk for both max and min. Make sure this reflects the design intent.
set_input_delay -clock [get_clocks sys_clk] 0.100 [get_ports {{s_axi_awaddr[*]} s_axi_awvalid {s_axi_wdata[*]} {s_axi_wstrb[*]} s_axi_wvalid s_axi_bready {s_axi_araddr[*]} s_axi_arvalid s_axi_rready s_axis_h_tvalid {s_axis_h_tdata[*]} s_axis_h_tlast s_axis_g_tvalid {s_axis_g_tdata[*]} s_axis_g_tlast m_axis_y_tready}]
E:/course/master/mamba/Cmamba_reconstruct/HW_reconstruct/minimal_timing.xdc (Line: 13)
Related violations: <none>

XDCH-2#130 Warning
Same min and max delay values on IO port  
The same input delay of 0.100 ns has been defined on port 's_axis_g_tdata[9]' relative to clock sys_clk for both max and min. Make sure this reflects the design intent.
set_input_delay -clock [get_clocks sys_clk] 0.100 [get_ports {{s_axi_awaddr[*]} s_axi_awvalid {s_axi_wdata[*]} {s_axi_wstrb[*]} s_axi_wvalid s_axi_bready {s_axi_araddr[*]} s_axi_arvalid s_axi_rready s_axis_h_tvalid {s_axis_h_tdata[*]} s_axis_h_tlast s_axis_g_tvalid {s_axis_g_tdata[*]} s_axis_g_tlast m_axis_y_tready}]
E:/course/master/mamba/Cmamba_reconstruct/HW_reconstruct/minimal_timing.xdc (Line: 13)
Related violations: <none>

XDCH-2#131 Warning
Same min and max delay values on IO port  
The same input delay of 0.100 ns has been defined on port 's_axis_g_tlast' relative to clock sys_clk for both max and min. Make sure this reflects the design intent.
set_input_delay -clock [get_clocks sys_clk] 0.100 [get_ports {{s_axi_awaddr[*]} s_axi_awvalid {s_axi_wdata[*]} {s_axi_wstrb[*]} s_axi_wvalid s_axi_bready {s_axi_araddr[*]} s_axi_arvalid s_axi_rready s_axis_h_tvalid {s_axis_h_tdata[*]} s_axis_h_tlast s_axis_g_tvalid {s_axis_g_tdata[*]} s_axis_g_tlast m_axis_y_tready}]
E:/course/master/mamba/Cmamba_reconstruct/HW_reconstruct/minimal_timing.xdc (Line: 13)
Related violations: <none>

XDCH-2#132 Warning
Same min and max delay values on IO port  
The same input delay of 0.100 ns has been defined on port 's_axis_g_tvalid' relative to clock sys_clk for both max and min. Make sure this reflects the design intent.
set_input_delay -clock [get_clocks sys_clk] 0.100 [get_ports {{s_axi_awaddr[*]} s_axi_awvalid {s_axi_wdata[*]} {s_axi_wstrb[*]} s_axi_wvalid s_axi_bready {s_axi_araddr[*]} s_axi_arvalid s_axi_rready s_axis_h_tvalid {s_axis_h_tdata[*]} s_axis_h_tlast s_axis_g_tvalid {s_axis_g_tdata[*]} s_axis_g_tlast m_axis_y_tready}]
E:/course/master/mamba/Cmamba_reconstruct/HW_reconstruct/minimal_timing.xdc (Line: 13)
Related violations: <none>

XDCH-2#133 Warning
Same min and max delay values on IO port  
The same input delay of 0.100 ns has been defined on port 's_axis_h_tdata[0]' relative to clock sys_clk for both max and min. Make sure this reflects the design intent.
set_input_delay -clock [get_clocks sys_clk] 0.100 [get_ports {{s_axi_awaddr[*]} s_axi_awvalid {s_axi_wdata[*]} {s_axi_wstrb[*]} s_axi_wvalid s_axi_bready {s_axi_araddr[*]} s_axi_arvalid s_axi_rready s_axis_h_tvalid {s_axis_h_tdata[*]} s_axis_h_tlast s_axis_g_tvalid {s_axis_g_tdata[*]} s_axis_g_tlast m_axis_y_tready}]
E:/course/master/mamba/Cmamba_reconstruct/HW_reconstruct/minimal_timing.xdc (Line: 13)
Related violations: <none>

XDCH-2#134 Warning
Same min and max delay values on IO port  
The same input delay of 0.100 ns has been defined on port 's_axis_h_tdata[10]' relative to clock sys_clk for both max and min. Make sure this reflects the design intent.
set_input_delay -clock [get_clocks sys_clk] 0.100 [get_ports {{s_axi_awaddr[*]} s_axi_awvalid {s_axi_wdata[*]} {s_axi_wstrb[*]} s_axi_wvalid s_axi_bready {s_axi_araddr[*]} s_axi_arvalid s_axi_rready s_axis_h_tvalid {s_axis_h_tdata[*]} s_axis_h_tlast s_axis_g_tvalid {s_axis_g_tdata[*]} s_axis_g_tlast m_axis_y_tready}]
E:/course/master/mamba/Cmamba_reconstruct/HW_reconstruct/minimal_timing.xdc (Line: 13)
Related violations: <none>

XDCH-2#135 Warning
Same min and max delay values on IO port  
The same input delay of 0.100 ns has been defined on port 's_axis_h_tdata[11]' relative to clock sys_clk for both max and min. Make sure this reflects the design intent.
set_input_delay -clock [get_clocks sys_clk] 0.100 [get_ports {{s_axi_awaddr[*]} s_axi_awvalid {s_axi_wdata[*]} {s_axi_wstrb[*]} s_axi_wvalid s_axi_bready {s_axi_araddr[*]} s_axi_arvalid s_axi_rready s_axis_h_tvalid {s_axis_h_tdata[*]} s_axis_h_tlast s_axis_g_tvalid {s_axis_g_tdata[*]} s_axis_g_tlast m_axis_y_tready}]
E:/course/master/mamba/Cmamba_reconstruct/HW_reconstruct/minimal_timing.xdc (Line: 13)
Related violations: <none>

XDCH-2#136 Warning
Same min and max delay values on IO port  
The same input delay of 0.100 ns has been defined on port 's_axis_h_tdata[12]' relative to clock sys_clk for both max and min. Make sure this reflects the design intent.
set_input_delay -clock [get_clocks sys_clk] 0.100 [get_ports {{s_axi_awaddr[*]} s_axi_awvalid {s_axi_wdata[*]} {s_axi_wstrb[*]} s_axi_wvalid s_axi_bready {s_axi_araddr[*]} s_axi_arvalid s_axi_rready s_axis_h_tvalid {s_axis_h_tdata[*]} s_axis_h_tlast s_axis_g_tvalid {s_axis_g_tdata[*]} s_axis_g_tlast m_axis_y_tready}]
E:/course/master/mamba/Cmamba_reconstruct/HW_reconstruct/minimal_timing.xdc (Line: 13)
Related violations: <none>

XDCH-2#137 Warning
Same min and max delay values on IO port  
The same input delay of 0.100 ns has been defined on port 's_axis_h_tdata[13]' relative to clock sys_clk for both max and min. Make sure this reflects the design intent.
set_input_delay -clock [get_clocks sys_clk] 0.100 [get_ports {{s_axi_awaddr[*]} s_axi_awvalid {s_axi_wdata[*]} {s_axi_wstrb[*]} s_axi_wvalid s_axi_bready {s_axi_araddr[*]} s_axi_arvalid s_axi_rready s_axis_h_tvalid {s_axis_h_tdata[*]} s_axis_h_tlast s_axis_g_tvalid {s_axis_g_tdata[*]} s_axis_g_tlast m_axis_y_tready}]
E:/course/master/mamba/Cmamba_reconstruct/HW_reconstruct/minimal_timing.xdc (Line: 13)
Related violations: <none>

XDCH-2#138 Warning
Same min and max delay values on IO port  
The same input delay of 0.100 ns has been defined on port 's_axis_h_tdata[14]' relative to clock sys_clk for both max and min. Make sure this reflects the design intent.
set_input_delay -clock [get_clocks sys_clk] 0.100 [get_ports {{s_axi_awaddr[*]} s_axi_awvalid {s_axi_wdata[*]} {s_axi_wstrb[*]} s_axi_wvalid s_axi_bready {s_axi_araddr[*]} s_axi_arvalid s_axi_rready s_axis_h_tvalid {s_axis_h_tdata[*]} s_axis_h_tlast s_axis_g_tvalid {s_axis_g_tdata[*]} s_axis_g_tlast m_axis_y_tready}]
E:/course/master/mamba/Cmamba_reconstruct/HW_reconstruct/minimal_timing.xdc (Line: 13)
Related violations: <none>

XDCH-2#139 Warning
Same min and max delay values on IO port  
The same input delay of 0.100 ns has been defined on port 's_axis_h_tdata[15]' relative to clock sys_clk for both max and min. Make sure this reflects the design intent.
set_input_delay -clock [get_clocks sys_clk] 0.100 [get_ports {{s_axi_awaddr[*]} s_axi_awvalid {s_axi_wdata[*]} {s_axi_wstrb[*]} s_axi_wvalid s_axi_bready {s_axi_araddr[*]} s_axi_arvalid s_axi_rready s_axis_h_tvalid {s_axis_h_tdata[*]} s_axis_h_tlast s_axis_g_tvalid {s_axis_g_tdata[*]} s_axis_g_tlast m_axis_y_tready}]
E:/course/master/mamba/Cmamba_reconstruct/HW_reconstruct/minimal_timing.xdc (Line: 13)
Related violations: <none>

XDCH-2#140 Warning
Same min and max delay values on IO port  
The same input delay of 0.100 ns has been defined on port 's_axis_h_tdata[16]' relative to clock sys_clk for both max and min. Make sure this reflects the design intent.
set_input_delay -clock [get_clocks sys_clk] 0.100 [get_ports {{s_axi_awaddr[*]} s_axi_awvalid {s_axi_wdata[*]} {s_axi_wstrb[*]} s_axi_wvalid s_axi_bready {s_axi_araddr[*]} s_axi_arvalid s_axi_rready s_axis_h_tvalid {s_axis_h_tdata[*]} s_axis_h_tlast s_axis_g_tvalid {s_axis_g_tdata[*]} s_axis_g_tlast m_axis_y_tready}]
E:/course/master/mamba/Cmamba_reconstruct/HW_reconstruct/minimal_timing.xdc (Line: 13)
Related violations: <none>

XDCH-2#141 Warning
Same min and max delay values on IO port  
The same input delay of 0.100 ns has been defined on port 's_axis_h_tdata[17]' relative to clock sys_clk for both max and min. Make sure this reflects the design intent.
set_input_delay -clock [get_clocks sys_clk] 0.100 [get_ports {{s_axi_awaddr[*]} s_axi_awvalid {s_axi_wdata[*]} {s_axi_wstrb[*]} s_axi_wvalid s_axi_bready {s_axi_araddr[*]} s_axi_arvalid s_axi_rready s_axis_h_tvalid {s_axis_h_tdata[*]} s_axis_h_tlast s_axis_g_tvalid {s_axis_g_tdata[*]} s_axis_g_tlast m_axis_y_tready}]
E:/course/master/mamba/Cmamba_reconstruct/HW_reconstruct/minimal_timing.xdc (Line: 13)
Related violations: <none>

XDCH-2#142 Warning
Same min and max delay values on IO port  
The same input delay of 0.100 ns has been defined on port 's_axis_h_tdata[18]' relative to clock sys_clk for both max and min. Make sure this reflects the design intent.
set_input_delay -clock [get_clocks sys_clk] 0.100 [get_ports {{s_axi_awaddr[*]} s_axi_awvalid {s_axi_wdata[*]} {s_axi_wstrb[*]} s_axi_wvalid s_axi_bready {s_axi_araddr[*]} s_axi_arvalid s_axi_rready s_axis_h_tvalid {s_axis_h_tdata[*]} s_axis_h_tlast s_axis_g_tvalid {s_axis_g_tdata[*]} s_axis_g_tlast m_axis_y_tready}]
E:/course/master/mamba/Cmamba_reconstruct/HW_reconstruct/minimal_timing.xdc (Line: 13)
Related violations: <none>

XDCH-2#143 Warning
Same min and max delay values on IO port  
The same input delay of 0.100 ns has been defined on port 's_axis_h_tdata[19]' relative to clock sys_clk for both max and min. Make sure this reflects the design intent.
set_input_delay -clock [get_clocks sys_clk] 0.100 [get_ports {{s_axi_awaddr[*]} s_axi_awvalid {s_axi_wdata[*]} {s_axi_wstrb[*]} s_axi_wvalid s_axi_bready {s_axi_araddr[*]} s_axi_arvalid s_axi_rready s_axis_h_tvalid {s_axis_h_tdata[*]} s_axis_h_tlast s_axis_g_tvalid {s_axis_g_tdata[*]} s_axis_g_tlast m_axis_y_tready}]
E:/course/master/mamba/Cmamba_reconstruct/HW_reconstruct/minimal_timing.xdc (Line: 13)
Related violations: <none>

XDCH-2#144 Warning
Same min and max delay values on IO port  
The same input delay of 0.100 ns has been defined on port 's_axis_h_tdata[1]' relative to clock sys_clk for both max and min. Make sure this reflects the design intent.
set_input_delay -clock [get_clocks sys_clk] 0.100 [get_ports {{s_axi_awaddr[*]} s_axi_awvalid {s_axi_wdata[*]} {s_axi_wstrb[*]} s_axi_wvalid s_axi_bready {s_axi_araddr[*]} s_axi_arvalid s_axi_rready s_axis_h_tvalid {s_axis_h_tdata[*]} s_axis_h_tlast s_axis_g_tvalid {s_axis_g_tdata[*]} s_axis_g_tlast m_axis_y_tready}]
E:/course/master/mamba/Cmamba_reconstruct/HW_reconstruct/minimal_timing.xdc (Line: 13)
Related violations: <none>

XDCH-2#145 Warning
Same min and max delay values on IO port  
The same input delay of 0.100 ns has been defined on port 's_axis_h_tdata[20]' relative to clock sys_clk for both max and min. Make sure this reflects the design intent.
set_input_delay -clock [get_clocks sys_clk] 0.100 [get_ports {{s_axi_awaddr[*]} s_axi_awvalid {s_axi_wdata[*]} {s_axi_wstrb[*]} s_axi_wvalid s_axi_bready {s_axi_araddr[*]} s_axi_arvalid s_axi_rready s_axis_h_tvalid {s_axis_h_tdata[*]} s_axis_h_tlast s_axis_g_tvalid {s_axis_g_tdata[*]} s_axis_g_tlast m_axis_y_tready}]
E:/course/master/mamba/Cmamba_reconstruct/HW_reconstruct/minimal_timing.xdc (Line: 13)
Related violations: <none>

XDCH-2#146 Warning
Same min and max delay values on IO port  
The same input delay of 0.100 ns has been defined on port 's_axis_h_tdata[21]' relative to clock sys_clk for both max and min. Make sure this reflects the design intent.
set_input_delay -clock [get_clocks sys_clk] 0.100 [get_ports {{s_axi_awaddr[*]} s_axi_awvalid {s_axi_wdata[*]} {s_axi_wstrb[*]} s_axi_wvalid s_axi_bready {s_axi_araddr[*]} s_axi_arvalid s_axi_rready s_axis_h_tvalid {s_axis_h_tdata[*]} s_axis_h_tlast s_axis_g_tvalid {s_axis_g_tdata[*]} s_axis_g_tlast m_axis_y_tready}]
E:/course/master/mamba/Cmamba_reconstruct/HW_reconstruct/minimal_timing.xdc (Line: 13)
Related violations: <none>

XDCH-2#147 Warning
Same min and max delay values on IO port  
The same input delay of 0.100 ns has been defined on port 's_axis_h_tdata[22]' relative to clock sys_clk for both max and min. Make sure this reflects the design intent.
set_input_delay -clock [get_clocks sys_clk] 0.100 [get_ports {{s_axi_awaddr[*]} s_axi_awvalid {s_axi_wdata[*]} {s_axi_wstrb[*]} s_axi_wvalid s_axi_bready {s_axi_araddr[*]} s_axi_arvalid s_axi_rready s_axis_h_tvalid {s_axis_h_tdata[*]} s_axis_h_tlast s_axis_g_tvalid {s_axis_g_tdata[*]} s_axis_g_tlast m_axis_y_tready}]
E:/course/master/mamba/Cmamba_reconstruct/HW_reconstruct/minimal_timing.xdc (Line: 13)
Related violations: <none>

XDCH-2#148 Warning
Same min and max delay values on IO port  
The same input delay of 0.100 ns has been defined on port 's_axis_h_tdata[23]' relative to clock sys_clk for both max and min. Make sure this reflects the design intent.
set_input_delay -clock [get_clocks sys_clk] 0.100 [get_ports {{s_axi_awaddr[*]} s_axi_awvalid {s_axi_wdata[*]} {s_axi_wstrb[*]} s_axi_wvalid s_axi_bready {s_axi_araddr[*]} s_axi_arvalid s_axi_rready s_axis_h_tvalid {s_axis_h_tdata[*]} s_axis_h_tlast s_axis_g_tvalid {s_axis_g_tdata[*]} s_axis_g_tlast m_axis_y_tready}]
E:/course/master/mamba/Cmamba_reconstruct/HW_reconstruct/minimal_timing.xdc (Line: 13)
Related violations: <none>

XDCH-2#149 Warning
Same min and max delay values on IO port  
The same input delay of 0.100 ns has been defined on port 's_axis_h_tdata[24]' relative to clock sys_clk for both max and min. Make sure this reflects the design intent.
set_input_delay -clock [get_clocks sys_clk] 0.100 [get_ports {{s_axi_awaddr[*]} s_axi_awvalid {s_axi_wdata[*]} {s_axi_wstrb[*]} s_axi_wvalid s_axi_bready {s_axi_araddr[*]} s_axi_arvalid s_axi_rready s_axis_h_tvalid {s_axis_h_tdata[*]} s_axis_h_tlast s_axis_g_tvalid {s_axis_g_tdata[*]} s_axis_g_tlast m_axis_y_tready}]
E:/course/master/mamba/Cmamba_reconstruct/HW_reconstruct/minimal_timing.xdc (Line: 13)
Related violations: <none>

XDCH-2#150 Warning
Same min and max delay values on IO port  
The same input delay of 0.100 ns has been defined on port 's_axis_h_tdata[25]' relative to clock sys_clk for both max and min. Make sure this reflects the design intent.
set_input_delay -clock [get_clocks sys_clk] 0.100 [get_ports {{s_axi_awaddr[*]} s_axi_awvalid {s_axi_wdata[*]} {s_axi_wstrb[*]} s_axi_wvalid s_axi_bready {s_axi_araddr[*]} s_axi_arvalid s_axi_rready s_axis_h_tvalid {s_axis_h_tdata[*]} s_axis_h_tlast s_axis_g_tvalid {s_axis_g_tdata[*]} s_axis_g_tlast m_axis_y_tready}]
E:/course/master/mamba/Cmamba_reconstruct/HW_reconstruct/minimal_timing.xdc (Line: 13)
Related violations: <none>

XDCH-2#151 Warning
Same min and max delay values on IO port  
The same input delay of 0.100 ns has been defined on port 's_axis_h_tdata[26]' relative to clock sys_clk for both max and min. Make sure this reflects the design intent.
set_input_delay -clock [get_clocks sys_clk] 0.100 [get_ports {{s_axi_awaddr[*]} s_axi_awvalid {s_axi_wdata[*]} {s_axi_wstrb[*]} s_axi_wvalid s_axi_bready {s_axi_araddr[*]} s_axi_arvalid s_axi_rready s_axis_h_tvalid {s_axis_h_tdata[*]} s_axis_h_tlast s_axis_g_tvalid {s_axis_g_tdata[*]} s_axis_g_tlast m_axis_y_tready}]
E:/course/master/mamba/Cmamba_reconstruct/HW_reconstruct/minimal_timing.xdc (Line: 13)
Related violations: <none>

XDCH-2#152 Warning
Same min and max delay values on IO port  
The same input delay of 0.100 ns has been defined on port 's_axis_h_tdata[27]' relative to clock sys_clk for both max and min. Make sure this reflects the design intent.
set_input_delay -clock [get_clocks sys_clk] 0.100 [get_ports {{s_axi_awaddr[*]} s_axi_awvalid {s_axi_wdata[*]} {s_axi_wstrb[*]} s_axi_wvalid s_axi_bready {s_axi_araddr[*]} s_axi_arvalid s_axi_rready s_axis_h_tvalid {s_axis_h_tdata[*]} s_axis_h_tlast s_axis_g_tvalid {s_axis_g_tdata[*]} s_axis_g_tlast m_axis_y_tready}]
E:/course/master/mamba/Cmamba_reconstruct/HW_reconstruct/minimal_timing.xdc (Line: 13)
Related violations: <none>

XDCH-2#153 Warning
Same min and max delay values on IO port  
The same input delay of 0.100 ns has been defined on port 's_axis_h_tdata[28]' relative to clock sys_clk for both max and min. Make sure this reflects the design intent.
set_input_delay -clock [get_clocks sys_clk] 0.100 [get_ports {{s_axi_awaddr[*]} s_axi_awvalid {s_axi_wdata[*]} {s_axi_wstrb[*]} s_axi_wvalid s_axi_bready {s_axi_araddr[*]} s_axi_arvalid s_axi_rready s_axis_h_tvalid {s_axis_h_tdata[*]} s_axis_h_tlast s_axis_g_tvalid {s_axis_g_tdata[*]} s_axis_g_tlast m_axis_y_tready}]
E:/course/master/mamba/Cmamba_reconstruct/HW_reconstruct/minimal_timing.xdc (Line: 13)
Related violations: <none>

XDCH-2#154 Warning
Same min and max delay values on IO port  
The same input delay of 0.100 ns has been defined on port 's_axis_h_tdata[29]' relative to clock sys_clk for both max and min. Make sure this reflects the design intent.
set_input_delay -clock [get_clocks sys_clk] 0.100 [get_ports {{s_axi_awaddr[*]} s_axi_awvalid {s_axi_wdata[*]} {s_axi_wstrb[*]} s_axi_wvalid s_axi_bready {s_axi_araddr[*]} s_axi_arvalid s_axi_rready s_axis_h_tvalid {s_axis_h_tdata[*]} s_axis_h_tlast s_axis_g_tvalid {s_axis_g_tdata[*]} s_axis_g_tlast m_axis_y_tready}]
E:/course/master/mamba/Cmamba_reconstruct/HW_reconstruct/minimal_timing.xdc (Line: 13)
Related violations: <none>

XDCH-2#155 Warning
Same min and max delay values on IO port  
The same input delay of 0.100 ns has been defined on port 's_axis_h_tdata[2]' relative to clock sys_clk for both max and min. Make sure this reflects the design intent.
set_input_delay -clock [get_clocks sys_clk] 0.100 [get_ports {{s_axi_awaddr[*]} s_axi_awvalid {s_axi_wdata[*]} {s_axi_wstrb[*]} s_axi_wvalid s_axi_bready {s_axi_araddr[*]} s_axi_arvalid s_axi_rready s_axis_h_tvalid {s_axis_h_tdata[*]} s_axis_h_tlast s_axis_g_tvalid {s_axis_g_tdata[*]} s_axis_g_tlast m_axis_y_tready}]
E:/course/master/mamba/Cmamba_reconstruct/HW_reconstruct/minimal_timing.xdc (Line: 13)
Related violations: <none>

XDCH-2#156 Warning
Same min and max delay values on IO port  
The same input delay of 0.100 ns has been defined on port 's_axis_h_tdata[30]' relative to clock sys_clk for both max and min. Make sure this reflects the design intent.
set_input_delay -clock [get_clocks sys_clk] 0.100 [get_ports {{s_axi_awaddr[*]} s_axi_awvalid {s_axi_wdata[*]} {s_axi_wstrb[*]} s_axi_wvalid s_axi_bready {s_axi_araddr[*]} s_axi_arvalid s_axi_rready s_axis_h_tvalid {s_axis_h_tdata[*]} s_axis_h_tlast s_axis_g_tvalid {s_axis_g_tdata[*]} s_axis_g_tlast m_axis_y_tready}]
E:/course/master/mamba/Cmamba_reconstruct/HW_reconstruct/minimal_timing.xdc (Line: 13)
Related violations: <none>

XDCH-2#157 Warning
Same min and max delay values on IO port  
The same input delay of 0.100 ns has been defined on port 's_axis_h_tdata[31]' relative to clock sys_clk for both max and min. Make sure this reflects the design intent.
set_input_delay -clock [get_clocks sys_clk] 0.100 [get_ports {{s_axi_awaddr[*]} s_axi_awvalid {s_axi_wdata[*]} {s_axi_wstrb[*]} s_axi_wvalid s_axi_bready {s_axi_araddr[*]} s_axi_arvalid s_axi_rready s_axis_h_tvalid {s_axis_h_tdata[*]} s_axis_h_tlast s_axis_g_tvalid {s_axis_g_tdata[*]} s_axis_g_tlast m_axis_y_tready}]
E:/course/master/mamba/Cmamba_reconstruct/HW_reconstruct/minimal_timing.xdc (Line: 13)
Related violations: <none>

XDCH-2#158 Warning
Same min and max delay values on IO port  
The same input delay of 0.100 ns has been defined on port 's_axis_h_tdata[32]' relative to clock sys_clk for both max and min. Make sure this reflects the design intent.
set_input_delay -clock [get_clocks sys_clk] 0.100 [get_ports {{s_axi_awaddr[*]} s_axi_awvalid {s_axi_wdata[*]} {s_axi_wstrb[*]} s_axi_wvalid s_axi_bready {s_axi_araddr[*]} s_axi_arvalid s_axi_rready s_axis_h_tvalid {s_axis_h_tdata[*]} s_axis_h_tlast s_axis_g_tvalid {s_axis_g_tdata[*]} s_axis_g_tlast m_axis_y_tready}]
E:/course/master/mamba/Cmamba_reconstruct/HW_reconstruct/minimal_timing.xdc (Line: 13)
Related violations: <none>

XDCH-2#159 Warning
Same min and max delay values on IO port  
The same input delay of 0.100 ns has been defined on port 's_axis_h_tdata[33]' relative to clock sys_clk for both max and min. Make sure this reflects the design intent.
set_input_delay -clock [get_clocks sys_clk] 0.100 [get_ports {{s_axi_awaddr[*]} s_axi_awvalid {s_axi_wdata[*]} {s_axi_wstrb[*]} s_axi_wvalid s_axi_bready {s_axi_araddr[*]} s_axi_arvalid s_axi_rready s_axis_h_tvalid {s_axis_h_tdata[*]} s_axis_h_tlast s_axis_g_tvalid {s_axis_g_tdata[*]} s_axis_g_tlast m_axis_y_tready}]
E:/course/master/mamba/Cmamba_reconstruct/HW_reconstruct/minimal_timing.xdc (Line: 13)
Related violations: <none>

XDCH-2#160 Warning
Same min and max delay values on IO port  
The same input delay of 0.100 ns has been defined on port 's_axis_h_tdata[34]' relative to clock sys_clk for both max and min. Make sure this reflects the design intent.
set_input_delay -clock [get_clocks sys_clk] 0.100 [get_ports {{s_axi_awaddr[*]} s_axi_awvalid {s_axi_wdata[*]} {s_axi_wstrb[*]} s_axi_wvalid s_axi_bready {s_axi_araddr[*]} s_axi_arvalid s_axi_rready s_axis_h_tvalid {s_axis_h_tdata[*]} s_axis_h_tlast s_axis_g_tvalid {s_axis_g_tdata[*]} s_axis_g_tlast m_axis_y_tready}]
E:/course/master/mamba/Cmamba_reconstruct/HW_reconstruct/minimal_timing.xdc (Line: 13)
Related violations: <none>

XDCH-2#161 Warning
Same min and max delay values on IO port  
The same input delay of 0.100 ns has been defined on port 's_axis_h_tdata[35]' relative to clock sys_clk for both max and min. Make sure this reflects the design intent.
set_input_delay -clock [get_clocks sys_clk] 0.100 [get_ports {{s_axi_awaddr[*]} s_axi_awvalid {s_axi_wdata[*]} {s_axi_wstrb[*]} s_axi_wvalid s_axi_bready {s_axi_araddr[*]} s_axi_arvalid s_axi_rready s_axis_h_tvalid {s_axis_h_tdata[*]} s_axis_h_tlast s_axis_g_tvalid {s_axis_g_tdata[*]} s_axis_g_tlast m_axis_y_tready}]
E:/course/master/mamba/Cmamba_reconstruct/HW_reconstruct/minimal_timing.xdc (Line: 13)
Related violations: <none>

XDCH-2#162 Warning
Same min and max delay values on IO port  
The same input delay of 0.100 ns has been defined on port 's_axis_h_tdata[36]' relative to clock sys_clk for both max and min. Make sure this reflects the design intent.
set_input_delay -clock [get_clocks sys_clk] 0.100 [get_ports {{s_axi_awaddr[*]} s_axi_awvalid {s_axi_wdata[*]} {s_axi_wstrb[*]} s_axi_wvalid s_axi_bready {s_axi_araddr[*]} s_axi_arvalid s_axi_rready s_axis_h_tvalid {s_axis_h_tdata[*]} s_axis_h_tlast s_axis_g_tvalid {s_axis_g_tdata[*]} s_axis_g_tlast m_axis_y_tready}]
E:/course/master/mamba/Cmamba_reconstruct/HW_reconstruct/minimal_timing.xdc (Line: 13)
Related violations: <none>

XDCH-2#163 Warning
Same min and max delay values on IO port  
The same input delay of 0.100 ns has been defined on port 's_axis_h_tdata[37]' relative to clock sys_clk for both max and min. Make sure this reflects the design intent.
set_input_delay -clock [get_clocks sys_clk] 0.100 [get_ports {{s_axi_awaddr[*]} s_axi_awvalid {s_axi_wdata[*]} {s_axi_wstrb[*]} s_axi_wvalid s_axi_bready {s_axi_araddr[*]} s_axi_arvalid s_axi_rready s_axis_h_tvalid {s_axis_h_tdata[*]} s_axis_h_tlast s_axis_g_tvalid {s_axis_g_tdata[*]} s_axis_g_tlast m_axis_y_tready}]
E:/course/master/mamba/Cmamba_reconstruct/HW_reconstruct/minimal_timing.xdc (Line: 13)
Related violations: <none>

XDCH-2#164 Warning
Same min and max delay values on IO port  
The same input delay of 0.100 ns has been defined on port 's_axis_h_tdata[38]' relative to clock sys_clk for both max and min. Make sure this reflects the design intent.
set_input_delay -clock [get_clocks sys_clk] 0.100 [get_ports {{s_axi_awaddr[*]} s_axi_awvalid {s_axi_wdata[*]} {s_axi_wstrb[*]} s_axi_wvalid s_axi_bready {s_axi_araddr[*]} s_axi_arvalid s_axi_rready s_axis_h_tvalid {s_axis_h_tdata[*]} s_axis_h_tlast s_axis_g_tvalid {s_axis_g_tdata[*]} s_axis_g_tlast m_axis_y_tready}]
E:/course/master/mamba/Cmamba_reconstruct/HW_reconstruct/minimal_timing.xdc (Line: 13)
Related violations: <none>

XDCH-2#165 Warning
Same min and max delay values on IO port  
The same input delay of 0.100 ns has been defined on port 's_axis_h_tdata[39]' relative to clock sys_clk for both max and min. Make sure this reflects the design intent.
set_input_delay -clock [get_clocks sys_clk] 0.100 [get_ports {{s_axi_awaddr[*]} s_axi_awvalid {s_axi_wdata[*]} {s_axi_wstrb[*]} s_axi_wvalid s_axi_bready {s_axi_araddr[*]} s_axi_arvalid s_axi_rready s_axis_h_tvalid {s_axis_h_tdata[*]} s_axis_h_tlast s_axis_g_tvalid {s_axis_g_tdata[*]} s_axis_g_tlast m_axis_y_tready}]
E:/course/master/mamba/Cmamba_reconstruct/HW_reconstruct/minimal_timing.xdc (Line: 13)
Related violations: <none>

XDCH-2#166 Warning
Same min and max delay values on IO port  
The same input delay of 0.100 ns has been defined on port 's_axis_h_tdata[3]' relative to clock sys_clk for both max and min. Make sure this reflects the design intent.
set_input_delay -clock [get_clocks sys_clk] 0.100 [get_ports {{s_axi_awaddr[*]} s_axi_awvalid {s_axi_wdata[*]} {s_axi_wstrb[*]} s_axi_wvalid s_axi_bready {s_axi_araddr[*]} s_axi_arvalid s_axi_rready s_axis_h_tvalid {s_axis_h_tdata[*]} s_axis_h_tlast s_axis_g_tvalid {s_axis_g_tdata[*]} s_axis_g_tlast m_axis_y_tready}]
E:/course/master/mamba/Cmamba_reconstruct/HW_reconstruct/minimal_timing.xdc (Line: 13)
Related violations: <none>

XDCH-2#167 Warning
Same min and max delay values on IO port  
The same input delay of 0.100 ns has been defined on port 's_axis_h_tdata[40]' relative to clock sys_clk for both max and min. Make sure this reflects the design intent.
set_input_delay -clock [get_clocks sys_clk] 0.100 [get_ports {{s_axi_awaddr[*]} s_axi_awvalid {s_axi_wdata[*]} {s_axi_wstrb[*]} s_axi_wvalid s_axi_bready {s_axi_araddr[*]} s_axi_arvalid s_axi_rready s_axis_h_tvalid {s_axis_h_tdata[*]} s_axis_h_tlast s_axis_g_tvalid {s_axis_g_tdata[*]} s_axis_g_tlast m_axis_y_tready}]
E:/course/master/mamba/Cmamba_reconstruct/HW_reconstruct/minimal_timing.xdc (Line: 13)
Related violations: <none>

XDCH-2#168 Warning
Same min and max delay values on IO port  
The same input delay of 0.100 ns has been defined on port 's_axis_h_tdata[41]' relative to clock sys_clk for both max and min. Make sure this reflects the design intent.
set_input_delay -clock [get_clocks sys_clk] 0.100 [get_ports {{s_axi_awaddr[*]} s_axi_awvalid {s_axi_wdata[*]} {s_axi_wstrb[*]} s_axi_wvalid s_axi_bready {s_axi_araddr[*]} s_axi_arvalid s_axi_rready s_axis_h_tvalid {s_axis_h_tdata[*]} s_axis_h_tlast s_axis_g_tvalid {s_axis_g_tdata[*]} s_axis_g_tlast m_axis_y_tready}]
E:/course/master/mamba/Cmamba_reconstruct/HW_reconstruct/minimal_timing.xdc (Line: 13)
Related violations: <none>

XDCH-2#169 Warning
Same min and max delay values on IO port  
The same input delay of 0.100 ns has been defined on port 's_axis_h_tdata[42]' relative to clock sys_clk for both max and min. Make sure this reflects the design intent.
set_input_delay -clock [get_clocks sys_clk] 0.100 [get_ports {{s_axi_awaddr[*]} s_axi_awvalid {s_axi_wdata[*]} {s_axi_wstrb[*]} s_axi_wvalid s_axi_bready {s_axi_araddr[*]} s_axi_arvalid s_axi_rready s_axis_h_tvalid {s_axis_h_tdata[*]} s_axis_h_tlast s_axis_g_tvalid {s_axis_g_tdata[*]} s_axis_g_tlast m_axis_y_tready}]
E:/course/master/mamba/Cmamba_reconstruct/HW_reconstruct/minimal_timing.xdc (Line: 13)
Related violations: <none>

XDCH-2#170 Warning
Same min and max delay values on IO port  
The same input delay of 0.100 ns has been defined on port 's_axis_h_tdata[43]' relative to clock sys_clk for both max and min. Make sure this reflects the design intent.
set_input_delay -clock [get_clocks sys_clk] 0.100 [get_ports {{s_axi_awaddr[*]} s_axi_awvalid {s_axi_wdata[*]} {s_axi_wstrb[*]} s_axi_wvalid s_axi_bready {s_axi_araddr[*]} s_axi_arvalid s_axi_rready s_axis_h_tvalid {s_axis_h_tdata[*]} s_axis_h_tlast s_axis_g_tvalid {s_axis_g_tdata[*]} s_axis_g_tlast m_axis_y_tready}]
E:/course/master/mamba/Cmamba_reconstruct/HW_reconstruct/minimal_timing.xdc (Line: 13)
Related violations: <none>

XDCH-2#171 Warning
Same min and max delay values on IO port  
The same input delay of 0.100 ns has been defined on port 's_axis_h_tdata[44]' relative to clock sys_clk for both max and min. Make sure this reflects the design intent.
set_input_delay -clock [get_clocks sys_clk] 0.100 [get_ports {{s_axi_awaddr[*]} s_axi_awvalid {s_axi_wdata[*]} {s_axi_wstrb[*]} s_axi_wvalid s_axi_bready {s_axi_araddr[*]} s_axi_arvalid s_axi_rready s_axis_h_tvalid {s_axis_h_tdata[*]} s_axis_h_tlast s_axis_g_tvalid {s_axis_g_tdata[*]} s_axis_g_tlast m_axis_y_tready}]
E:/course/master/mamba/Cmamba_reconstruct/HW_reconstruct/minimal_timing.xdc (Line: 13)
Related violations: <none>

XDCH-2#172 Warning
Same min and max delay values on IO port  
The same input delay of 0.100 ns has been defined on port 's_axis_h_tdata[45]' relative to clock sys_clk for both max and min. Make sure this reflects the design intent.
set_input_delay -clock [get_clocks sys_clk] 0.100 [get_ports {{s_axi_awaddr[*]} s_axi_awvalid {s_axi_wdata[*]} {s_axi_wstrb[*]} s_axi_wvalid s_axi_bready {s_axi_araddr[*]} s_axi_arvalid s_axi_rready s_axis_h_tvalid {s_axis_h_tdata[*]} s_axis_h_tlast s_axis_g_tvalid {s_axis_g_tdata[*]} s_axis_g_tlast m_axis_y_tready}]
E:/course/master/mamba/Cmamba_reconstruct/HW_reconstruct/minimal_timing.xdc (Line: 13)
Related violations: <none>

XDCH-2#173 Warning
Same min and max delay values on IO port  
The same input delay of 0.100 ns has been defined on port 's_axis_h_tdata[46]' relative to clock sys_clk for both max and min. Make sure this reflects the design intent.
set_input_delay -clock [get_clocks sys_clk] 0.100 [get_ports {{s_axi_awaddr[*]} s_axi_awvalid {s_axi_wdata[*]} {s_axi_wstrb[*]} s_axi_wvalid s_axi_bready {s_axi_araddr[*]} s_axi_arvalid s_axi_rready s_axis_h_tvalid {s_axis_h_tdata[*]} s_axis_h_tlast s_axis_g_tvalid {s_axis_g_tdata[*]} s_axis_g_tlast m_axis_y_tready}]
E:/course/master/mamba/Cmamba_reconstruct/HW_reconstruct/minimal_timing.xdc (Line: 13)
Related violations: <none>

XDCH-2#174 Warning
Same min and max delay values on IO port  
The same input delay of 0.100 ns has been defined on port 's_axis_h_tdata[47]' relative to clock sys_clk for both max and min. Make sure this reflects the design intent.
set_input_delay -clock [get_clocks sys_clk] 0.100 [get_ports {{s_axi_awaddr[*]} s_axi_awvalid {s_axi_wdata[*]} {s_axi_wstrb[*]} s_axi_wvalid s_axi_bready {s_axi_araddr[*]} s_axi_arvalid s_axi_rready s_axis_h_tvalid {s_axis_h_tdata[*]} s_axis_h_tlast s_axis_g_tvalid {s_axis_g_tdata[*]} s_axis_g_tlast m_axis_y_tready}]
E:/course/master/mamba/Cmamba_reconstruct/HW_reconstruct/minimal_timing.xdc (Line: 13)
Related violations: <none>

XDCH-2#175 Warning
Same min and max delay values on IO port  
The same input delay of 0.100 ns has been defined on port 's_axis_h_tdata[48]' relative to clock sys_clk for both max and min. Make sure this reflects the design intent.
set_input_delay -clock [get_clocks sys_clk] 0.100 [get_ports {{s_axi_awaddr[*]} s_axi_awvalid {s_axi_wdata[*]} {s_axi_wstrb[*]} s_axi_wvalid s_axi_bready {s_axi_araddr[*]} s_axi_arvalid s_axi_rready s_axis_h_tvalid {s_axis_h_tdata[*]} s_axis_h_tlast s_axis_g_tvalid {s_axis_g_tdata[*]} s_axis_g_tlast m_axis_y_tready}]
E:/course/master/mamba/Cmamba_reconstruct/HW_reconstruct/minimal_timing.xdc (Line: 13)
Related violations: <none>

XDCH-2#176 Warning
Same min and max delay values on IO port  
The same input delay of 0.100 ns has been defined on port 's_axis_h_tdata[49]' relative to clock sys_clk for both max and min. Make sure this reflects the design intent.
set_input_delay -clock [get_clocks sys_clk] 0.100 [get_ports {{s_axi_awaddr[*]} s_axi_awvalid {s_axi_wdata[*]} {s_axi_wstrb[*]} s_axi_wvalid s_axi_bready {s_axi_araddr[*]} s_axi_arvalid s_axi_rready s_axis_h_tvalid {s_axis_h_tdata[*]} s_axis_h_tlast s_axis_g_tvalid {s_axis_g_tdata[*]} s_axis_g_tlast m_axis_y_tready}]
E:/course/master/mamba/Cmamba_reconstruct/HW_reconstruct/minimal_timing.xdc (Line: 13)
Related violations: <none>

XDCH-2#177 Warning
Same min and max delay values on IO port  
The same input delay of 0.100 ns has been defined on port 's_axis_h_tdata[4]' relative to clock sys_clk for both max and min. Make sure this reflects the design intent.
set_input_delay -clock [get_clocks sys_clk] 0.100 [get_ports {{s_axi_awaddr[*]} s_axi_awvalid {s_axi_wdata[*]} {s_axi_wstrb[*]} s_axi_wvalid s_axi_bready {s_axi_araddr[*]} s_axi_arvalid s_axi_rready s_axis_h_tvalid {s_axis_h_tdata[*]} s_axis_h_tlast s_axis_g_tvalid {s_axis_g_tdata[*]} s_axis_g_tlast m_axis_y_tready}]
E:/course/master/mamba/Cmamba_reconstruct/HW_reconstruct/minimal_timing.xdc (Line: 13)
Related violations: <none>

XDCH-2#178 Warning
Same min and max delay values on IO port  
The same input delay of 0.100 ns has been defined on port 's_axis_h_tdata[50]' relative to clock sys_clk for both max and min. Make sure this reflects the design intent.
set_input_delay -clock [get_clocks sys_clk] 0.100 [get_ports {{s_axi_awaddr[*]} s_axi_awvalid {s_axi_wdata[*]} {s_axi_wstrb[*]} s_axi_wvalid s_axi_bready {s_axi_araddr[*]} s_axi_arvalid s_axi_rready s_axis_h_tvalid {s_axis_h_tdata[*]} s_axis_h_tlast s_axis_g_tvalid {s_axis_g_tdata[*]} s_axis_g_tlast m_axis_y_tready}]
E:/course/master/mamba/Cmamba_reconstruct/HW_reconstruct/minimal_timing.xdc (Line: 13)
Related violations: <none>

XDCH-2#179 Warning
Same min and max delay values on IO port  
The same input delay of 0.100 ns has been defined on port 's_axis_h_tdata[51]' relative to clock sys_clk for both max and min. Make sure this reflects the design intent.
set_input_delay -clock [get_clocks sys_clk] 0.100 [get_ports {{s_axi_awaddr[*]} s_axi_awvalid {s_axi_wdata[*]} {s_axi_wstrb[*]} s_axi_wvalid s_axi_bready {s_axi_araddr[*]} s_axi_arvalid s_axi_rready s_axis_h_tvalid {s_axis_h_tdata[*]} s_axis_h_tlast s_axis_g_tvalid {s_axis_g_tdata[*]} s_axis_g_tlast m_axis_y_tready}]
E:/course/master/mamba/Cmamba_reconstruct/HW_reconstruct/minimal_timing.xdc (Line: 13)
Related violations: <none>

XDCH-2#180 Warning
Same min and max delay values on IO port  
The same input delay of 0.100 ns has been defined on port 's_axis_h_tdata[52]' relative to clock sys_clk for both max and min. Make sure this reflects the design intent.
set_input_delay -clock [get_clocks sys_clk] 0.100 [get_ports {{s_axi_awaddr[*]} s_axi_awvalid {s_axi_wdata[*]} {s_axi_wstrb[*]} s_axi_wvalid s_axi_bready {s_axi_araddr[*]} s_axi_arvalid s_axi_rready s_axis_h_tvalid {s_axis_h_tdata[*]} s_axis_h_tlast s_axis_g_tvalid {s_axis_g_tdata[*]} s_axis_g_tlast m_axis_y_tready}]
E:/course/master/mamba/Cmamba_reconstruct/HW_reconstruct/minimal_timing.xdc (Line: 13)
Related violations: <none>

XDCH-2#181 Warning
Same min and max delay values on IO port  
The same input delay of 0.100 ns has been defined on port 's_axis_h_tdata[53]' relative to clock sys_clk for both max and min. Make sure this reflects the design intent.
set_input_delay -clock [get_clocks sys_clk] 0.100 [get_ports {{s_axi_awaddr[*]} s_axi_awvalid {s_axi_wdata[*]} {s_axi_wstrb[*]} s_axi_wvalid s_axi_bready {s_axi_araddr[*]} s_axi_arvalid s_axi_rready s_axis_h_tvalid {s_axis_h_tdata[*]} s_axis_h_tlast s_axis_g_tvalid {s_axis_g_tdata[*]} s_axis_g_tlast m_axis_y_tready}]
E:/course/master/mamba/Cmamba_reconstruct/HW_reconstruct/minimal_timing.xdc (Line: 13)
Related violations: <none>

XDCH-2#182 Warning
Same min and max delay values on IO port  
The same input delay of 0.100 ns has been defined on port 's_axis_h_tdata[54]' relative to clock sys_clk for both max and min. Make sure this reflects the design intent.
set_input_delay -clock [get_clocks sys_clk] 0.100 [get_ports {{s_axi_awaddr[*]} s_axi_awvalid {s_axi_wdata[*]} {s_axi_wstrb[*]} s_axi_wvalid s_axi_bready {s_axi_araddr[*]} s_axi_arvalid s_axi_rready s_axis_h_tvalid {s_axis_h_tdata[*]} s_axis_h_tlast s_axis_g_tvalid {s_axis_g_tdata[*]} s_axis_g_tlast m_axis_y_tready}]
E:/course/master/mamba/Cmamba_reconstruct/HW_reconstruct/minimal_timing.xdc (Line: 13)
Related violations: <none>

XDCH-2#183 Warning
Same min and max delay values on IO port  
The same input delay of 0.100 ns has been defined on port 's_axis_h_tdata[55]' relative to clock sys_clk for both max and min. Make sure this reflects the design intent.
set_input_delay -clock [get_clocks sys_clk] 0.100 [get_ports {{s_axi_awaddr[*]} s_axi_awvalid {s_axi_wdata[*]} {s_axi_wstrb[*]} s_axi_wvalid s_axi_bready {s_axi_araddr[*]} s_axi_arvalid s_axi_rready s_axis_h_tvalid {s_axis_h_tdata[*]} s_axis_h_tlast s_axis_g_tvalid {s_axis_g_tdata[*]} s_axis_g_tlast m_axis_y_tready}]
E:/course/master/mamba/Cmamba_reconstruct/HW_reconstruct/minimal_timing.xdc (Line: 13)
Related violations: <none>

XDCH-2#184 Warning
Same min and max delay values on IO port  
The same input delay of 0.100 ns has been defined on port 's_axis_h_tdata[56]' relative to clock sys_clk for both max and min. Make sure this reflects the design intent.
set_input_delay -clock [get_clocks sys_clk] 0.100 [get_ports {{s_axi_awaddr[*]} s_axi_awvalid {s_axi_wdata[*]} {s_axi_wstrb[*]} s_axi_wvalid s_axi_bready {s_axi_araddr[*]} s_axi_arvalid s_axi_rready s_axis_h_tvalid {s_axis_h_tdata[*]} s_axis_h_tlast s_axis_g_tvalid {s_axis_g_tdata[*]} s_axis_g_tlast m_axis_y_tready}]
E:/course/master/mamba/Cmamba_reconstruct/HW_reconstruct/minimal_timing.xdc (Line: 13)
Related violations: <none>

XDCH-2#185 Warning
Same min and max delay values on IO port  
The same input delay of 0.100 ns has been defined on port 's_axis_h_tdata[57]' relative to clock sys_clk for both max and min. Make sure this reflects the design intent.
set_input_delay -clock [get_clocks sys_clk] 0.100 [get_ports {{s_axi_awaddr[*]} s_axi_awvalid {s_axi_wdata[*]} {s_axi_wstrb[*]} s_axi_wvalid s_axi_bready {s_axi_araddr[*]} s_axi_arvalid s_axi_rready s_axis_h_tvalid {s_axis_h_tdata[*]} s_axis_h_tlast s_axis_g_tvalid {s_axis_g_tdata[*]} s_axis_g_tlast m_axis_y_tready}]
E:/course/master/mamba/Cmamba_reconstruct/HW_reconstruct/minimal_timing.xdc (Line: 13)
Related violations: <none>

XDCH-2#186 Warning
Same min and max delay values on IO port  
The same input delay of 0.100 ns has been defined on port 's_axis_h_tdata[58]' relative to clock sys_clk for both max and min. Make sure this reflects the design intent.
set_input_delay -clock [get_clocks sys_clk] 0.100 [get_ports {{s_axi_awaddr[*]} s_axi_awvalid {s_axi_wdata[*]} {s_axi_wstrb[*]} s_axi_wvalid s_axi_bready {s_axi_araddr[*]} s_axi_arvalid s_axi_rready s_axis_h_tvalid {s_axis_h_tdata[*]} s_axis_h_tlast s_axis_g_tvalid {s_axis_g_tdata[*]} s_axis_g_tlast m_axis_y_tready}]
E:/course/master/mamba/Cmamba_reconstruct/HW_reconstruct/minimal_timing.xdc (Line: 13)
Related violations: <none>

XDCH-2#187 Warning
Same min and max delay values on IO port  
The same input delay of 0.100 ns has been defined on port 's_axis_h_tdata[59]' relative to clock sys_clk for both max and min. Make sure this reflects the design intent.
set_input_delay -clock [get_clocks sys_clk] 0.100 [get_ports {{s_axi_awaddr[*]} s_axi_awvalid {s_axi_wdata[*]} {s_axi_wstrb[*]} s_axi_wvalid s_axi_bready {s_axi_araddr[*]} s_axi_arvalid s_axi_rready s_axis_h_tvalid {s_axis_h_tdata[*]} s_axis_h_tlast s_axis_g_tvalid {s_axis_g_tdata[*]} s_axis_g_tlast m_axis_y_tready}]
E:/course/master/mamba/Cmamba_reconstruct/HW_reconstruct/minimal_timing.xdc (Line: 13)
Related violations: <none>

XDCH-2#188 Warning
Same min and max delay values on IO port  
The same input delay of 0.100 ns has been defined on port 's_axis_h_tdata[5]' relative to clock sys_clk for both max and min. Make sure this reflects the design intent.
set_input_delay -clock [get_clocks sys_clk] 0.100 [get_ports {{s_axi_awaddr[*]} s_axi_awvalid {s_axi_wdata[*]} {s_axi_wstrb[*]} s_axi_wvalid s_axi_bready {s_axi_araddr[*]} s_axi_arvalid s_axi_rready s_axis_h_tvalid {s_axis_h_tdata[*]} s_axis_h_tlast s_axis_g_tvalid {s_axis_g_tdata[*]} s_axis_g_tlast m_axis_y_tready}]
E:/course/master/mamba/Cmamba_reconstruct/HW_reconstruct/minimal_timing.xdc (Line: 13)
Related violations: <none>

XDCH-2#189 Warning
Same min and max delay values on IO port  
The same input delay of 0.100 ns has been defined on port 's_axis_h_tdata[60]' relative to clock sys_clk for both max and min. Make sure this reflects the design intent.
set_input_delay -clock [get_clocks sys_clk] 0.100 [get_ports {{s_axi_awaddr[*]} s_axi_awvalid {s_axi_wdata[*]} {s_axi_wstrb[*]} s_axi_wvalid s_axi_bready {s_axi_araddr[*]} s_axi_arvalid s_axi_rready s_axis_h_tvalid {s_axis_h_tdata[*]} s_axis_h_tlast s_axis_g_tvalid {s_axis_g_tdata[*]} s_axis_g_tlast m_axis_y_tready}]
E:/course/master/mamba/Cmamba_reconstruct/HW_reconstruct/minimal_timing.xdc (Line: 13)
Related violations: <none>

XDCH-2#190 Warning
Same min and max delay values on IO port  
The same input delay of 0.100 ns has been defined on port 's_axis_h_tdata[61]' relative to clock sys_clk for both max and min. Make sure this reflects the design intent.
set_input_delay -clock [get_clocks sys_clk] 0.100 [get_ports {{s_axi_awaddr[*]} s_axi_awvalid {s_axi_wdata[*]} {s_axi_wstrb[*]} s_axi_wvalid s_axi_bready {s_axi_araddr[*]} s_axi_arvalid s_axi_rready s_axis_h_tvalid {s_axis_h_tdata[*]} s_axis_h_tlast s_axis_g_tvalid {s_axis_g_tdata[*]} s_axis_g_tlast m_axis_y_tready}]
E:/course/master/mamba/Cmamba_reconstruct/HW_reconstruct/minimal_timing.xdc (Line: 13)
Related violations: <none>

XDCH-2#191 Warning
Same min and max delay values on IO port  
The same input delay of 0.100 ns has been defined on port 's_axis_h_tdata[62]' relative to clock sys_clk for both max and min. Make sure this reflects the design intent.
set_input_delay -clock [get_clocks sys_clk] 0.100 [get_ports {{s_axi_awaddr[*]} s_axi_awvalid {s_axi_wdata[*]} {s_axi_wstrb[*]} s_axi_wvalid s_axi_bready {s_axi_araddr[*]} s_axi_arvalid s_axi_rready s_axis_h_tvalid {s_axis_h_tdata[*]} s_axis_h_tlast s_axis_g_tvalid {s_axis_g_tdata[*]} s_axis_g_tlast m_axis_y_tready}]
E:/course/master/mamba/Cmamba_reconstruct/HW_reconstruct/minimal_timing.xdc (Line: 13)
Related violations: <none>

XDCH-2#192 Warning
Same min and max delay values on IO port  
The same input delay of 0.100 ns has been defined on port 's_axis_h_tdata[63]' relative to clock sys_clk for both max and min. Make sure this reflects the design intent.
set_input_delay -clock [get_clocks sys_clk] 0.100 [get_ports {{s_axi_awaddr[*]} s_axi_awvalid {s_axi_wdata[*]} {s_axi_wstrb[*]} s_axi_wvalid s_axi_bready {s_axi_araddr[*]} s_axi_arvalid s_axi_rready s_axis_h_tvalid {s_axis_h_tdata[*]} s_axis_h_tlast s_axis_g_tvalid {s_axis_g_tdata[*]} s_axis_g_tlast m_axis_y_tready}]
E:/course/master/mamba/Cmamba_reconstruct/HW_reconstruct/minimal_timing.xdc (Line: 13)
Related violations: <none>

XDCH-2#193 Warning
Same min and max delay values on IO port  
The same input delay of 0.100 ns has been defined on port 's_axis_h_tdata[6]' relative to clock sys_clk for both max and min. Make sure this reflects the design intent.
set_input_delay -clock [get_clocks sys_clk] 0.100 [get_ports {{s_axi_awaddr[*]} s_axi_awvalid {s_axi_wdata[*]} {s_axi_wstrb[*]} s_axi_wvalid s_axi_bready {s_axi_araddr[*]} s_axi_arvalid s_axi_rready s_axis_h_tvalid {s_axis_h_tdata[*]} s_axis_h_tlast s_axis_g_tvalid {s_axis_g_tdata[*]} s_axis_g_tlast m_axis_y_tready}]
E:/course/master/mamba/Cmamba_reconstruct/HW_reconstruct/minimal_timing.xdc (Line: 13)
Related violations: <none>

XDCH-2#194 Warning
Same min and max delay values on IO port  
The same input delay of 0.100 ns has been defined on port 's_axis_h_tdata[7]' relative to clock sys_clk for both max and min. Make sure this reflects the design intent.
set_input_delay -clock [get_clocks sys_clk] 0.100 [get_ports {{s_axi_awaddr[*]} s_axi_awvalid {s_axi_wdata[*]} {s_axi_wstrb[*]} s_axi_wvalid s_axi_bready {s_axi_araddr[*]} s_axi_arvalid s_axi_rready s_axis_h_tvalid {s_axis_h_tdata[*]} s_axis_h_tlast s_axis_g_tvalid {s_axis_g_tdata[*]} s_axis_g_tlast m_axis_y_tready}]
E:/course/master/mamba/Cmamba_reconstruct/HW_reconstruct/minimal_timing.xdc (Line: 13)
Related violations: <none>

XDCH-2#195 Warning
Same min and max delay values on IO port  
The same input delay of 0.100 ns has been defined on port 's_axis_h_tdata[8]' relative to clock sys_clk for both max and min. Make sure this reflects the design intent.
set_input_delay -clock [get_clocks sys_clk] 0.100 [get_ports {{s_axi_awaddr[*]} s_axi_awvalid {s_axi_wdata[*]} {s_axi_wstrb[*]} s_axi_wvalid s_axi_bready {s_axi_araddr[*]} s_axi_arvalid s_axi_rready s_axis_h_tvalid {s_axis_h_tdata[*]} s_axis_h_tlast s_axis_g_tvalid {s_axis_g_tdata[*]} s_axis_g_tlast m_axis_y_tready}]
E:/course/master/mamba/Cmamba_reconstruct/HW_reconstruct/minimal_timing.xdc (Line: 13)
Related violations: <none>

XDCH-2#196 Warning
Same min and max delay values on IO port  
The same input delay of 0.100 ns has been defined on port 's_axis_h_tdata[9]' relative to clock sys_clk for both max and min. Make sure this reflects the design intent.
set_input_delay -clock [get_clocks sys_clk] 0.100 [get_ports {{s_axi_awaddr[*]} s_axi_awvalid {s_axi_wdata[*]} {s_axi_wstrb[*]} s_axi_wvalid s_axi_bready {s_axi_araddr[*]} s_axi_arvalid s_axi_rready s_axis_h_tvalid {s_axis_h_tdata[*]} s_axis_h_tlast s_axis_g_tvalid {s_axis_g_tdata[*]} s_axis_g_tlast m_axis_y_tready}]
E:/course/master/mamba/Cmamba_reconstruct/HW_reconstruct/minimal_timing.xdc (Line: 13)
Related violations: <none>

XDCH-2#197 Warning
Same min and max delay values on IO port  
The same input delay of 0.100 ns has been defined on port 's_axis_h_tlast' relative to clock sys_clk for both max and min. Make sure this reflects the design intent.
set_input_delay -clock [get_clocks sys_clk] 0.100 [get_ports {{s_axi_awaddr[*]} s_axi_awvalid {s_axi_wdata[*]} {s_axi_wstrb[*]} s_axi_wvalid s_axi_bready {s_axi_araddr[*]} s_axi_arvalid s_axi_rready s_axis_h_tvalid {s_axis_h_tdata[*]} s_axis_h_tlast s_axis_g_tvalid {s_axis_g_tdata[*]} s_axis_g_tlast m_axis_y_tready}]
E:/course/master/mamba/Cmamba_reconstruct/HW_reconstruct/minimal_timing.xdc (Line: 13)
Related violations: <none>

XDCH-2#198 Warning
Same min and max delay values on IO port  
The same input delay of 0.100 ns has been defined on port 's_axis_h_tvalid' relative to clock sys_clk for both max and min. Make sure this reflects the design intent.
set_input_delay -clock [get_clocks sys_clk] 0.100 [get_ports {{s_axi_awaddr[*]} s_axi_awvalid {s_axi_wdata[*]} {s_axi_wstrb[*]} s_axi_wvalid s_axi_bready {s_axi_araddr[*]} s_axi_arvalid s_axi_rready s_axis_h_tvalid {s_axis_h_tdata[*]} s_axis_h_tlast s_axis_g_tvalid {s_axis_g_tdata[*]} s_axis_g_tlast m_axis_y_tready}]
E:/course/master/mamba/Cmamba_reconstruct/HW_reconstruct/minimal_timing.xdc (Line: 13)
Related violations: <none>

XDCH-2#199 Warning
Same min and max delay values on IO port  
The same output delay of 0.100 ns has been defined on port 'irq' relative to clock sys_clk for both max and min. Make sure this reflects the design intent.
set_output_delay -clock [get_clocks sys_clk] 0.100 [get_ports {irq s_axi_awready s_axi_wready {s_axi_bresp[*]} s_axi_bvalid s_axi_arready {s_axi_rdata[*]} {s_axi_rresp[*]} s_axi_rvalid s_axis_h_tready s_axis_g_tready m_axis_y_tvalid {m_axis_y_tdata[*]} m_axis_y_tlast}]
E:/course/master/mamba/Cmamba_reconstruct/HW_reconstruct/minimal_timing.xdc (Line: 16)
Related violations: <none>

XDCH-2#200 Warning
Same min and max delay values on IO port  
The same output delay of 0.100 ns has been defined on port 'm_axis_y_tdata[0]' relative to clock sys_clk for both max and min. Make sure this reflects the design intent.
set_output_delay -clock [get_clocks sys_clk] 0.100 [get_ports {irq s_axi_awready s_axi_wready {s_axi_bresp[*]} s_axi_bvalid s_axi_arready {s_axi_rdata[*]} {s_axi_rresp[*]} s_axi_rvalid s_axis_h_tready s_axis_g_tready m_axis_y_tvalid {m_axis_y_tdata[*]} m_axis_y_tlast}]
E:/course/master/mamba/Cmamba_reconstruct/HW_reconstruct/minimal_timing.xdc (Line: 16)
Related violations: <none>

XDCH-2#201 Warning
Same min and max delay values on IO port  
The same output delay of 0.100 ns has been defined on port 'm_axis_y_tdata[10]' relative to clock sys_clk for both max and min. Make sure this reflects the design intent.
set_output_delay -clock [get_clocks sys_clk] 0.100 [get_ports {irq s_axi_awready s_axi_wready {s_axi_bresp[*]} s_axi_bvalid s_axi_arready {s_axi_rdata[*]} {s_axi_rresp[*]} s_axi_rvalid s_axis_h_tready s_axis_g_tready m_axis_y_tvalid {m_axis_y_tdata[*]} m_axis_y_tlast}]
E:/course/master/mamba/Cmamba_reconstruct/HW_reconstruct/minimal_timing.xdc (Line: 16)
Related violations: <none>

XDCH-2#202 Warning
Same min and max delay values on IO port  
The same output delay of 0.100 ns has been defined on port 'm_axis_y_tdata[11]' relative to clock sys_clk for both max and min. Make sure this reflects the design intent.
set_output_delay -clock [get_clocks sys_clk] 0.100 [get_ports {irq s_axi_awready s_axi_wready {s_axi_bresp[*]} s_axi_bvalid s_axi_arready {s_axi_rdata[*]} {s_axi_rresp[*]} s_axi_rvalid s_axis_h_tready s_axis_g_tready m_axis_y_tvalid {m_axis_y_tdata[*]} m_axis_y_tlast}]
E:/course/master/mamba/Cmamba_reconstruct/HW_reconstruct/minimal_timing.xdc (Line: 16)
Related violations: <none>

XDCH-2#203 Warning
Same min and max delay values on IO port  
The same output delay of 0.100 ns has been defined on port 'm_axis_y_tdata[12]' relative to clock sys_clk for both max and min. Make sure this reflects the design intent.
set_output_delay -clock [get_clocks sys_clk] 0.100 [get_ports {irq s_axi_awready s_axi_wready {s_axi_bresp[*]} s_axi_bvalid s_axi_arready {s_axi_rdata[*]} {s_axi_rresp[*]} s_axi_rvalid s_axis_h_tready s_axis_g_tready m_axis_y_tvalid {m_axis_y_tdata[*]} m_axis_y_tlast}]
E:/course/master/mamba/Cmamba_reconstruct/HW_reconstruct/minimal_timing.xdc (Line: 16)
Related violations: <none>

XDCH-2#204 Warning
Same min and max delay values on IO port  
The same output delay of 0.100 ns has been defined on port 'm_axis_y_tdata[13]' relative to clock sys_clk for both max and min. Make sure this reflects the design intent.
set_output_delay -clock [get_clocks sys_clk] 0.100 [get_ports {irq s_axi_awready s_axi_wready {s_axi_bresp[*]} s_axi_bvalid s_axi_arready {s_axi_rdata[*]} {s_axi_rresp[*]} s_axi_rvalid s_axis_h_tready s_axis_g_tready m_axis_y_tvalid {m_axis_y_tdata[*]} m_axis_y_tlast}]
E:/course/master/mamba/Cmamba_reconstruct/HW_reconstruct/minimal_timing.xdc (Line: 16)
Related violations: <none>

XDCH-2#205 Warning
Same min and max delay values on IO port  
The same output delay of 0.100 ns has been defined on port 'm_axis_y_tdata[14]' relative to clock sys_clk for both max and min. Make sure this reflects the design intent.
set_output_delay -clock [get_clocks sys_clk] 0.100 [get_ports {irq s_axi_awready s_axi_wready {s_axi_bresp[*]} s_axi_bvalid s_axi_arready {s_axi_rdata[*]} {s_axi_rresp[*]} s_axi_rvalid s_axis_h_tready s_axis_g_tready m_axis_y_tvalid {m_axis_y_tdata[*]} m_axis_y_tlast}]
E:/course/master/mamba/Cmamba_reconstruct/HW_reconstruct/minimal_timing.xdc (Line: 16)
Related violations: <none>

XDCH-2#206 Warning
Same min and max delay values on IO port  
The same output delay of 0.100 ns has been defined on port 'm_axis_y_tdata[15]' relative to clock sys_clk for both max and min. Make sure this reflects the design intent.
set_output_delay -clock [get_clocks sys_clk] 0.100 [get_ports {irq s_axi_awready s_axi_wready {s_axi_bresp[*]} s_axi_bvalid s_axi_arready {s_axi_rdata[*]} {s_axi_rresp[*]} s_axi_rvalid s_axis_h_tready s_axis_g_tready m_axis_y_tvalid {m_axis_y_tdata[*]} m_axis_y_tlast}]
E:/course/master/mamba/Cmamba_reconstruct/HW_reconstruct/minimal_timing.xdc (Line: 16)
Related violations: <none>

XDCH-2#207 Warning
Same min and max delay values on IO port  
The same output delay of 0.100 ns has been defined on port 'm_axis_y_tdata[16]' relative to clock sys_clk for both max and min. Make sure this reflects the design intent.
set_output_delay -clock [get_clocks sys_clk] 0.100 [get_ports {irq s_axi_awready s_axi_wready {s_axi_bresp[*]} s_axi_bvalid s_axi_arready {s_axi_rdata[*]} {s_axi_rresp[*]} s_axi_rvalid s_axis_h_tready s_axis_g_tready m_axis_y_tvalid {m_axis_y_tdata[*]} m_axis_y_tlast}]
E:/course/master/mamba/Cmamba_reconstruct/HW_reconstruct/minimal_timing.xdc (Line: 16)
Related violations: <none>

XDCH-2#208 Warning
Same min and max delay values on IO port  
The same output delay of 0.100 ns has been defined on port 'm_axis_y_tdata[17]' relative to clock sys_clk for both max and min. Make sure this reflects the design intent.
set_output_delay -clock [get_clocks sys_clk] 0.100 [get_ports {irq s_axi_awready s_axi_wready {s_axi_bresp[*]} s_axi_bvalid s_axi_arready {s_axi_rdata[*]} {s_axi_rresp[*]} s_axi_rvalid s_axis_h_tready s_axis_g_tready m_axis_y_tvalid {m_axis_y_tdata[*]} m_axis_y_tlast}]
E:/course/master/mamba/Cmamba_reconstruct/HW_reconstruct/minimal_timing.xdc (Line: 16)
Related violations: <none>

XDCH-2#209 Warning
Same min and max delay values on IO port  
The same output delay of 0.100 ns has been defined on port 'm_axis_y_tdata[18]' relative to clock sys_clk for both max and min. Make sure this reflects the design intent.
set_output_delay -clock [get_clocks sys_clk] 0.100 [get_ports {irq s_axi_awready s_axi_wready {s_axi_bresp[*]} s_axi_bvalid s_axi_arready {s_axi_rdata[*]} {s_axi_rresp[*]} s_axi_rvalid s_axis_h_tready s_axis_g_tready m_axis_y_tvalid {m_axis_y_tdata[*]} m_axis_y_tlast}]
E:/course/master/mamba/Cmamba_reconstruct/HW_reconstruct/minimal_timing.xdc (Line: 16)
Related violations: <none>

XDCH-2#210 Warning
Same min and max delay values on IO port  
The same output delay of 0.100 ns has been defined on port 'm_axis_y_tdata[19]' relative to clock sys_clk for both max and min. Make sure this reflects the design intent.
set_output_delay -clock [get_clocks sys_clk] 0.100 [get_ports {irq s_axi_awready s_axi_wready {s_axi_bresp[*]} s_axi_bvalid s_axi_arready {s_axi_rdata[*]} {s_axi_rresp[*]} s_axi_rvalid s_axis_h_tready s_axis_g_tready m_axis_y_tvalid {m_axis_y_tdata[*]} m_axis_y_tlast}]
E:/course/master/mamba/Cmamba_reconstruct/HW_reconstruct/minimal_timing.xdc (Line: 16)
Related violations: <none>

XDCH-2#211 Warning
Same min and max delay values on IO port  
The same output delay of 0.100 ns has been defined on port 'm_axis_y_tdata[1]' relative to clock sys_clk for both max and min. Make sure this reflects the design intent.
set_output_delay -clock [get_clocks sys_clk] 0.100 [get_ports {irq s_axi_awready s_axi_wready {s_axi_bresp[*]} s_axi_bvalid s_axi_arready {s_axi_rdata[*]} {s_axi_rresp[*]} s_axi_rvalid s_axis_h_tready s_axis_g_tready m_axis_y_tvalid {m_axis_y_tdata[*]} m_axis_y_tlast}]
E:/course/master/mamba/Cmamba_reconstruct/HW_reconstruct/minimal_timing.xdc (Line: 16)
Related violations: <none>

XDCH-2#212 Warning
Same min and max delay values on IO port  
The same output delay of 0.100 ns has been defined on port 'm_axis_y_tdata[20]' relative to clock sys_clk for both max and min. Make sure this reflects the design intent.
set_output_delay -clock [get_clocks sys_clk] 0.100 [get_ports {irq s_axi_awready s_axi_wready {s_axi_bresp[*]} s_axi_bvalid s_axi_arready {s_axi_rdata[*]} {s_axi_rresp[*]} s_axi_rvalid s_axis_h_tready s_axis_g_tready m_axis_y_tvalid {m_axis_y_tdata[*]} m_axis_y_tlast}]
E:/course/master/mamba/Cmamba_reconstruct/HW_reconstruct/minimal_timing.xdc (Line: 16)
Related violations: <none>

XDCH-2#213 Warning
Same min and max delay values on IO port  
The same output delay of 0.100 ns has been defined on port 'm_axis_y_tdata[21]' relative to clock sys_clk for both max and min. Make sure this reflects the design intent.
set_output_delay -clock [get_clocks sys_clk] 0.100 [get_ports {irq s_axi_awready s_axi_wready {s_axi_bresp[*]} s_axi_bvalid s_axi_arready {s_axi_rdata[*]} {s_axi_rresp[*]} s_axi_rvalid s_axis_h_tready s_axis_g_tready m_axis_y_tvalid {m_axis_y_tdata[*]} m_axis_y_tlast}]
E:/course/master/mamba/Cmamba_reconstruct/HW_reconstruct/minimal_timing.xdc (Line: 16)
Related violations: <none>

XDCH-2#214 Warning
Same min and max delay values on IO port  
The same output delay of 0.100 ns has been defined on port 'm_axis_y_tdata[22]' relative to clock sys_clk for both max and min. Make sure this reflects the design intent.
set_output_delay -clock [get_clocks sys_clk] 0.100 [get_ports {irq s_axi_awready s_axi_wready {s_axi_bresp[*]} s_axi_bvalid s_axi_arready {s_axi_rdata[*]} {s_axi_rresp[*]} s_axi_rvalid s_axis_h_tready s_axis_g_tready m_axis_y_tvalid {m_axis_y_tdata[*]} m_axis_y_tlast}]
E:/course/master/mamba/Cmamba_reconstruct/HW_reconstruct/minimal_timing.xdc (Line: 16)
Related violations: <none>

XDCH-2#215 Warning
Same min and max delay values on IO port  
The same output delay of 0.100 ns has been defined on port 'm_axis_y_tdata[23]' relative to clock sys_clk for both max and min. Make sure this reflects the design intent.
set_output_delay -clock [get_clocks sys_clk] 0.100 [get_ports {irq s_axi_awready s_axi_wready {s_axi_bresp[*]} s_axi_bvalid s_axi_arready {s_axi_rdata[*]} {s_axi_rresp[*]} s_axi_rvalid s_axis_h_tready s_axis_g_tready m_axis_y_tvalid {m_axis_y_tdata[*]} m_axis_y_tlast}]
E:/course/master/mamba/Cmamba_reconstruct/HW_reconstruct/minimal_timing.xdc (Line: 16)
Related violations: <none>

XDCH-2#216 Warning
Same min and max delay values on IO port  
The same output delay of 0.100 ns has been defined on port 'm_axis_y_tdata[24]' relative to clock sys_clk for both max and min. Make sure this reflects the design intent.
set_output_delay -clock [get_clocks sys_clk] 0.100 [get_ports {irq s_axi_awready s_axi_wready {s_axi_bresp[*]} s_axi_bvalid s_axi_arready {s_axi_rdata[*]} {s_axi_rresp[*]} s_axi_rvalid s_axis_h_tready s_axis_g_tready m_axis_y_tvalid {m_axis_y_tdata[*]} m_axis_y_tlast}]
E:/course/master/mamba/Cmamba_reconstruct/HW_reconstruct/minimal_timing.xdc (Line: 16)
Related violations: <none>

XDCH-2#217 Warning
Same min and max delay values on IO port  
The same output delay of 0.100 ns has been defined on port 'm_axis_y_tdata[25]' relative to clock sys_clk for both max and min. Make sure this reflects the design intent.
set_output_delay -clock [get_clocks sys_clk] 0.100 [get_ports {irq s_axi_awready s_axi_wready {s_axi_bresp[*]} s_axi_bvalid s_axi_arready {s_axi_rdata[*]} {s_axi_rresp[*]} s_axi_rvalid s_axis_h_tready s_axis_g_tready m_axis_y_tvalid {m_axis_y_tdata[*]} m_axis_y_tlast}]
E:/course/master/mamba/Cmamba_reconstruct/HW_reconstruct/minimal_timing.xdc (Line: 16)
Related violations: <none>

XDCH-2#218 Warning
Same min and max delay values on IO port  
The same output delay of 0.100 ns has been defined on port 'm_axis_y_tdata[26]' relative to clock sys_clk for both max and min. Make sure this reflects the design intent.
set_output_delay -clock [get_clocks sys_clk] 0.100 [get_ports {irq s_axi_awready s_axi_wready {s_axi_bresp[*]} s_axi_bvalid s_axi_arready {s_axi_rdata[*]} {s_axi_rresp[*]} s_axi_rvalid s_axis_h_tready s_axis_g_tready m_axis_y_tvalid {m_axis_y_tdata[*]} m_axis_y_tlast}]
E:/course/master/mamba/Cmamba_reconstruct/HW_reconstruct/minimal_timing.xdc (Line: 16)
Related violations: <none>

XDCH-2#219 Warning
Same min and max delay values on IO port  
The same output delay of 0.100 ns has been defined on port 'm_axis_y_tdata[27]' relative to clock sys_clk for both max and min. Make sure this reflects the design intent.
set_output_delay -clock [get_clocks sys_clk] 0.100 [get_ports {irq s_axi_awready s_axi_wready {s_axi_bresp[*]} s_axi_bvalid s_axi_arready {s_axi_rdata[*]} {s_axi_rresp[*]} s_axi_rvalid s_axis_h_tready s_axis_g_tready m_axis_y_tvalid {m_axis_y_tdata[*]} m_axis_y_tlast}]
E:/course/master/mamba/Cmamba_reconstruct/HW_reconstruct/minimal_timing.xdc (Line: 16)
Related violations: <none>

XDCH-2#220 Warning
Same min and max delay values on IO port  
The same output delay of 0.100 ns has been defined on port 'm_axis_y_tdata[28]' relative to clock sys_clk for both max and min. Make sure this reflects the design intent.
set_output_delay -clock [get_clocks sys_clk] 0.100 [get_ports {irq s_axi_awready s_axi_wready {s_axi_bresp[*]} s_axi_bvalid s_axi_arready {s_axi_rdata[*]} {s_axi_rresp[*]} s_axi_rvalid s_axis_h_tready s_axis_g_tready m_axis_y_tvalid {m_axis_y_tdata[*]} m_axis_y_tlast}]
E:/course/master/mamba/Cmamba_reconstruct/HW_reconstruct/minimal_timing.xdc (Line: 16)
Related violations: <none>

XDCH-2#221 Warning
Same min and max delay values on IO port  
The same output delay of 0.100 ns has been defined on port 'm_axis_y_tdata[29]' relative to clock sys_clk for both max and min. Make sure this reflects the design intent.
set_output_delay -clock [get_clocks sys_clk] 0.100 [get_ports {irq s_axi_awready s_axi_wready {s_axi_bresp[*]} s_axi_bvalid s_axi_arready {s_axi_rdata[*]} {s_axi_rresp[*]} s_axi_rvalid s_axis_h_tready s_axis_g_tready m_axis_y_tvalid {m_axis_y_tdata[*]} m_axis_y_tlast}]
E:/course/master/mamba/Cmamba_reconstruct/HW_reconstruct/minimal_timing.xdc (Line: 16)
Related violations: <none>

XDCH-2#222 Warning
Same min and max delay values on IO port  
The same output delay of 0.100 ns has been defined on port 'm_axis_y_tdata[2]' relative to clock sys_clk for both max and min. Make sure this reflects the design intent.
set_output_delay -clock [get_clocks sys_clk] 0.100 [get_ports {irq s_axi_awready s_axi_wready {s_axi_bresp[*]} s_axi_bvalid s_axi_arready {s_axi_rdata[*]} {s_axi_rresp[*]} s_axi_rvalid s_axis_h_tready s_axis_g_tready m_axis_y_tvalid {m_axis_y_tdata[*]} m_axis_y_tlast}]
E:/course/master/mamba/Cmamba_reconstruct/HW_reconstruct/minimal_timing.xdc (Line: 16)
Related violations: <none>

XDCH-2#223 Warning
Same min and max delay values on IO port  
The same output delay of 0.100 ns has been defined on port 'm_axis_y_tdata[30]' relative to clock sys_clk for both max and min. Make sure this reflects the design intent.
set_output_delay -clock [get_clocks sys_clk] 0.100 [get_ports {irq s_axi_awready s_axi_wready {s_axi_bresp[*]} s_axi_bvalid s_axi_arready {s_axi_rdata[*]} {s_axi_rresp[*]} s_axi_rvalid s_axis_h_tready s_axis_g_tready m_axis_y_tvalid {m_axis_y_tdata[*]} m_axis_y_tlast}]
E:/course/master/mamba/Cmamba_reconstruct/HW_reconstruct/minimal_timing.xdc (Line: 16)
Related violations: <none>

XDCH-2#224 Warning
Same min and max delay values on IO port  
The same output delay of 0.100 ns has been defined on port 'm_axis_y_tdata[31]' relative to clock sys_clk for both max and min. Make sure this reflects the design intent.
set_output_delay -clock [get_clocks sys_clk] 0.100 [get_ports {irq s_axi_awready s_axi_wready {s_axi_bresp[*]} s_axi_bvalid s_axi_arready {s_axi_rdata[*]} {s_axi_rresp[*]} s_axi_rvalid s_axis_h_tready s_axis_g_tready m_axis_y_tvalid {m_axis_y_tdata[*]} m_axis_y_tlast}]
E:/course/master/mamba/Cmamba_reconstruct/HW_reconstruct/minimal_timing.xdc (Line: 16)
Related violations: <none>

XDCH-2#225 Warning
Same min and max delay values on IO port  
The same output delay of 0.100 ns has been defined on port 'm_axis_y_tdata[32]' relative to clock sys_clk for both max and min. Make sure this reflects the design intent.
set_output_delay -clock [get_clocks sys_clk] 0.100 [get_ports {irq s_axi_awready s_axi_wready {s_axi_bresp[*]} s_axi_bvalid s_axi_arready {s_axi_rdata[*]} {s_axi_rresp[*]} s_axi_rvalid s_axis_h_tready s_axis_g_tready m_axis_y_tvalid {m_axis_y_tdata[*]} m_axis_y_tlast}]
E:/course/master/mamba/Cmamba_reconstruct/HW_reconstruct/minimal_timing.xdc (Line: 16)
Related violations: <none>

XDCH-2#226 Warning
Same min and max delay values on IO port  
The same output delay of 0.100 ns has been defined on port 'm_axis_y_tdata[33]' relative to clock sys_clk for both max and min. Make sure this reflects the design intent.
set_output_delay -clock [get_clocks sys_clk] 0.100 [get_ports {irq s_axi_awready s_axi_wready {s_axi_bresp[*]} s_axi_bvalid s_axi_arready {s_axi_rdata[*]} {s_axi_rresp[*]} s_axi_rvalid s_axis_h_tready s_axis_g_tready m_axis_y_tvalid {m_axis_y_tdata[*]} m_axis_y_tlast}]
E:/course/master/mamba/Cmamba_reconstruct/HW_reconstruct/minimal_timing.xdc (Line: 16)
Related violations: <none>

XDCH-2#227 Warning
Same min and max delay values on IO port  
The same output delay of 0.100 ns has been defined on port 'm_axis_y_tdata[34]' relative to clock sys_clk for both max and min. Make sure this reflects the design intent.
set_output_delay -clock [get_clocks sys_clk] 0.100 [get_ports {irq s_axi_awready s_axi_wready {s_axi_bresp[*]} s_axi_bvalid s_axi_arready {s_axi_rdata[*]} {s_axi_rresp[*]} s_axi_rvalid s_axis_h_tready s_axis_g_tready m_axis_y_tvalid {m_axis_y_tdata[*]} m_axis_y_tlast}]
E:/course/master/mamba/Cmamba_reconstruct/HW_reconstruct/minimal_timing.xdc (Line: 16)
Related violations: <none>

XDCH-2#228 Warning
Same min and max delay values on IO port  
The same output delay of 0.100 ns has been defined on port 'm_axis_y_tdata[35]' relative to clock sys_clk for both max and min. Make sure this reflects the design intent.
set_output_delay -clock [get_clocks sys_clk] 0.100 [get_ports {irq s_axi_awready s_axi_wready {s_axi_bresp[*]} s_axi_bvalid s_axi_arready {s_axi_rdata[*]} {s_axi_rresp[*]} s_axi_rvalid s_axis_h_tready s_axis_g_tready m_axis_y_tvalid {m_axis_y_tdata[*]} m_axis_y_tlast}]
E:/course/master/mamba/Cmamba_reconstruct/HW_reconstruct/minimal_timing.xdc (Line: 16)
Related violations: <none>

XDCH-2#229 Warning
Same min and max delay values on IO port  
The same output delay of 0.100 ns has been defined on port 'm_axis_y_tdata[36]' relative to clock sys_clk for both max and min. Make sure this reflects the design intent.
set_output_delay -clock [get_clocks sys_clk] 0.100 [get_ports {irq s_axi_awready s_axi_wready {s_axi_bresp[*]} s_axi_bvalid s_axi_arready {s_axi_rdata[*]} {s_axi_rresp[*]} s_axi_rvalid s_axis_h_tready s_axis_g_tready m_axis_y_tvalid {m_axis_y_tdata[*]} m_axis_y_tlast}]
E:/course/master/mamba/Cmamba_reconstruct/HW_reconstruct/minimal_timing.xdc (Line: 16)
Related violations: <none>

XDCH-2#230 Warning
Same min and max delay values on IO port  
The same output delay of 0.100 ns has been defined on port 'm_axis_y_tdata[37]' relative to clock sys_clk for both max and min. Make sure this reflects the design intent.
set_output_delay -clock [get_clocks sys_clk] 0.100 [get_ports {irq s_axi_awready s_axi_wready {s_axi_bresp[*]} s_axi_bvalid s_axi_arready {s_axi_rdata[*]} {s_axi_rresp[*]} s_axi_rvalid s_axis_h_tready s_axis_g_tready m_axis_y_tvalid {m_axis_y_tdata[*]} m_axis_y_tlast}]
E:/course/master/mamba/Cmamba_reconstruct/HW_reconstruct/minimal_timing.xdc (Line: 16)
Related violations: <none>

XDCH-2#231 Warning
Same min and max delay values on IO port  
The same output delay of 0.100 ns has been defined on port 'm_axis_y_tdata[38]' relative to clock sys_clk for both max and min. Make sure this reflects the design intent.
set_output_delay -clock [get_clocks sys_clk] 0.100 [get_ports {irq s_axi_awready s_axi_wready {s_axi_bresp[*]} s_axi_bvalid s_axi_arready {s_axi_rdata[*]} {s_axi_rresp[*]} s_axi_rvalid s_axis_h_tready s_axis_g_tready m_axis_y_tvalid {m_axis_y_tdata[*]} m_axis_y_tlast}]
E:/course/master/mamba/Cmamba_reconstruct/HW_reconstruct/minimal_timing.xdc (Line: 16)
Related violations: <none>

XDCH-2#232 Warning
Same min and max delay values on IO port  
The same output delay of 0.100 ns has been defined on port 'm_axis_y_tdata[39]' relative to clock sys_clk for both max and min. Make sure this reflects the design intent.
set_output_delay -clock [get_clocks sys_clk] 0.100 [get_ports {irq s_axi_awready s_axi_wready {s_axi_bresp[*]} s_axi_bvalid s_axi_arready {s_axi_rdata[*]} {s_axi_rresp[*]} s_axi_rvalid s_axis_h_tready s_axis_g_tready m_axis_y_tvalid {m_axis_y_tdata[*]} m_axis_y_tlast}]
E:/course/master/mamba/Cmamba_reconstruct/HW_reconstruct/minimal_timing.xdc (Line: 16)
Related violations: <none>

XDCH-2#233 Warning
Same min and max delay values on IO port  
The same output delay of 0.100 ns has been defined on port 'm_axis_y_tdata[3]' relative to clock sys_clk for both max and min. Make sure this reflects the design intent.
set_output_delay -clock [get_clocks sys_clk] 0.100 [get_ports {irq s_axi_awready s_axi_wready {s_axi_bresp[*]} s_axi_bvalid s_axi_arready {s_axi_rdata[*]} {s_axi_rresp[*]} s_axi_rvalid s_axis_h_tready s_axis_g_tready m_axis_y_tvalid {m_axis_y_tdata[*]} m_axis_y_tlast}]
E:/course/master/mamba/Cmamba_reconstruct/HW_reconstruct/minimal_timing.xdc (Line: 16)
Related violations: <none>

XDCH-2#234 Warning
Same min and max delay values on IO port  
The same output delay of 0.100 ns has been defined on port 'm_axis_y_tdata[40]' relative to clock sys_clk for both max and min. Make sure this reflects the design intent.
set_output_delay -clock [get_clocks sys_clk] 0.100 [get_ports {irq s_axi_awready s_axi_wready {s_axi_bresp[*]} s_axi_bvalid s_axi_arready {s_axi_rdata[*]} {s_axi_rresp[*]} s_axi_rvalid s_axis_h_tready s_axis_g_tready m_axis_y_tvalid {m_axis_y_tdata[*]} m_axis_y_tlast}]
E:/course/master/mamba/Cmamba_reconstruct/HW_reconstruct/minimal_timing.xdc (Line: 16)
Related violations: <none>

XDCH-2#235 Warning
Same min and max delay values on IO port  
The same output delay of 0.100 ns has been defined on port 'm_axis_y_tdata[41]' relative to clock sys_clk for both max and min. Make sure this reflects the design intent.
set_output_delay -clock [get_clocks sys_clk] 0.100 [get_ports {irq s_axi_awready s_axi_wready {s_axi_bresp[*]} s_axi_bvalid s_axi_arready {s_axi_rdata[*]} {s_axi_rresp[*]} s_axi_rvalid s_axis_h_tready s_axis_g_tready m_axis_y_tvalid {m_axis_y_tdata[*]} m_axis_y_tlast}]
E:/course/master/mamba/Cmamba_reconstruct/HW_reconstruct/minimal_timing.xdc (Line: 16)
Related violations: <none>

XDCH-2#236 Warning
Same min and max delay values on IO port  
The same output delay of 0.100 ns has been defined on port 'm_axis_y_tdata[42]' relative to clock sys_clk for both max and min. Make sure this reflects the design intent.
set_output_delay -clock [get_clocks sys_clk] 0.100 [get_ports {irq s_axi_awready s_axi_wready {s_axi_bresp[*]} s_axi_bvalid s_axi_arready {s_axi_rdata[*]} {s_axi_rresp[*]} s_axi_rvalid s_axis_h_tready s_axis_g_tready m_axis_y_tvalid {m_axis_y_tdata[*]} m_axis_y_tlast}]
E:/course/master/mamba/Cmamba_reconstruct/HW_reconstruct/minimal_timing.xdc (Line: 16)
Related violations: <none>

XDCH-2#237 Warning
Same min and max delay values on IO port  
The same output delay of 0.100 ns has been defined on port 'm_axis_y_tdata[43]' relative to clock sys_clk for both max and min. Make sure this reflects the design intent.
set_output_delay -clock [get_clocks sys_clk] 0.100 [get_ports {irq s_axi_awready s_axi_wready {s_axi_bresp[*]} s_axi_bvalid s_axi_arready {s_axi_rdata[*]} {s_axi_rresp[*]} s_axi_rvalid s_axis_h_tready s_axis_g_tready m_axis_y_tvalid {m_axis_y_tdata[*]} m_axis_y_tlast}]
E:/course/master/mamba/Cmamba_reconstruct/HW_reconstruct/minimal_timing.xdc (Line: 16)
Related violations: <none>

XDCH-2#238 Warning
Same min and max delay values on IO port  
The same output delay of 0.100 ns has been defined on port 'm_axis_y_tdata[44]' relative to clock sys_clk for both max and min. Make sure this reflects the design intent.
set_output_delay -clock [get_clocks sys_clk] 0.100 [get_ports {irq s_axi_awready s_axi_wready {s_axi_bresp[*]} s_axi_bvalid s_axi_arready {s_axi_rdata[*]} {s_axi_rresp[*]} s_axi_rvalid s_axis_h_tready s_axis_g_tready m_axis_y_tvalid {m_axis_y_tdata[*]} m_axis_y_tlast}]
E:/course/master/mamba/Cmamba_reconstruct/HW_reconstruct/minimal_timing.xdc (Line: 16)
Related violations: <none>

XDCH-2#239 Warning
Same min and max delay values on IO port  
The same output delay of 0.100 ns has been defined on port 'm_axis_y_tdata[45]' relative to clock sys_clk for both max and min. Make sure this reflects the design intent.
set_output_delay -clock [get_clocks sys_clk] 0.100 [get_ports {irq s_axi_awready s_axi_wready {s_axi_bresp[*]} s_axi_bvalid s_axi_arready {s_axi_rdata[*]} {s_axi_rresp[*]} s_axi_rvalid s_axis_h_tready s_axis_g_tready m_axis_y_tvalid {m_axis_y_tdata[*]} m_axis_y_tlast}]
E:/course/master/mamba/Cmamba_reconstruct/HW_reconstruct/minimal_timing.xdc (Line: 16)
Related violations: <none>

XDCH-2#240 Warning
Same min and max delay values on IO port  
The same output delay of 0.100 ns has been defined on port 'm_axis_y_tdata[46]' relative to clock sys_clk for both max and min. Make sure this reflects the design intent.
set_output_delay -clock [get_clocks sys_clk] 0.100 [get_ports {irq s_axi_awready s_axi_wready {s_axi_bresp[*]} s_axi_bvalid s_axi_arready {s_axi_rdata[*]} {s_axi_rresp[*]} s_axi_rvalid s_axis_h_tready s_axis_g_tready m_axis_y_tvalid {m_axis_y_tdata[*]} m_axis_y_tlast}]
E:/course/master/mamba/Cmamba_reconstruct/HW_reconstruct/minimal_timing.xdc (Line: 16)
Related violations: <none>

XDCH-2#241 Warning
Same min and max delay values on IO port  
The same output delay of 0.100 ns has been defined on port 'm_axis_y_tdata[47]' relative to clock sys_clk for both max and min. Make sure this reflects the design intent.
set_output_delay -clock [get_clocks sys_clk] 0.100 [get_ports {irq s_axi_awready s_axi_wready {s_axi_bresp[*]} s_axi_bvalid s_axi_arready {s_axi_rdata[*]} {s_axi_rresp[*]} s_axi_rvalid s_axis_h_tready s_axis_g_tready m_axis_y_tvalid {m_axis_y_tdata[*]} m_axis_y_tlast}]
E:/course/master/mamba/Cmamba_reconstruct/HW_reconstruct/minimal_timing.xdc (Line: 16)
Related violations: <none>

XDCH-2#242 Warning
Same min and max delay values on IO port  
The same output delay of 0.100 ns has been defined on port 'm_axis_y_tdata[48]' relative to clock sys_clk for both max and min. Make sure this reflects the design intent.
set_output_delay -clock [get_clocks sys_clk] 0.100 [get_ports {irq s_axi_awready s_axi_wready {s_axi_bresp[*]} s_axi_bvalid s_axi_arready {s_axi_rdata[*]} {s_axi_rresp[*]} s_axi_rvalid s_axis_h_tready s_axis_g_tready m_axis_y_tvalid {m_axis_y_tdata[*]} m_axis_y_tlast}]
E:/course/master/mamba/Cmamba_reconstruct/HW_reconstruct/minimal_timing.xdc (Line: 16)
Related violations: <none>

XDCH-2#243 Warning
Same min and max delay values on IO port  
The same output delay of 0.100 ns has been defined on port 'm_axis_y_tdata[49]' relative to clock sys_clk for both max and min. Make sure this reflects the design intent.
set_output_delay -clock [get_clocks sys_clk] 0.100 [get_ports {irq s_axi_awready s_axi_wready {s_axi_bresp[*]} s_axi_bvalid s_axi_arready {s_axi_rdata[*]} {s_axi_rresp[*]} s_axi_rvalid s_axis_h_tready s_axis_g_tready m_axis_y_tvalid {m_axis_y_tdata[*]} m_axis_y_tlast}]
E:/course/master/mamba/Cmamba_reconstruct/HW_reconstruct/minimal_timing.xdc (Line: 16)
Related violations: <none>

XDCH-2#244 Warning
Same min and max delay values on IO port  
The same output delay of 0.100 ns has been defined on port 'm_axis_y_tdata[4]' relative to clock sys_clk for both max and min. Make sure this reflects the design intent.
set_output_delay -clock [get_clocks sys_clk] 0.100 [get_ports {irq s_axi_awready s_axi_wready {s_axi_bresp[*]} s_axi_bvalid s_axi_arready {s_axi_rdata[*]} {s_axi_rresp[*]} s_axi_rvalid s_axis_h_tready s_axis_g_tready m_axis_y_tvalid {m_axis_y_tdata[*]} m_axis_y_tlast}]
E:/course/master/mamba/Cmamba_reconstruct/HW_reconstruct/minimal_timing.xdc (Line: 16)
Related violations: <none>

XDCH-2#245 Warning
Same min and max delay values on IO port  
The same output delay of 0.100 ns has been defined on port 'm_axis_y_tdata[50]' relative to clock sys_clk for both max and min. Make sure this reflects the design intent.
set_output_delay -clock [get_clocks sys_clk] 0.100 [get_ports {irq s_axi_awready s_axi_wready {s_axi_bresp[*]} s_axi_bvalid s_axi_arready {s_axi_rdata[*]} {s_axi_rresp[*]} s_axi_rvalid s_axis_h_tready s_axis_g_tready m_axis_y_tvalid {m_axis_y_tdata[*]} m_axis_y_tlast}]
E:/course/master/mamba/Cmamba_reconstruct/HW_reconstruct/minimal_timing.xdc (Line: 16)
Related violations: <none>

XDCH-2#246 Warning
Same min and max delay values on IO port  
The same output delay of 0.100 ns has been defined on port 'm_axis_y_tdata[51]' relative to clock sys_clk for both max and min. Make sure this reflects the design intent.
set_output_delay -clock [get_clocks sys_clk] 0.100 [get_ports {irq s_axi_awready s_axi_wready {s_axi_bresp[*]} s_axi_bvalid s_axi_arready {s_axi_rdata[*]} {s_axi_rresp[*]} s_axi_rvalid s_axis_h_tready s_axis_g_tready m_axis_y_tvalid {m_axis_y_tdata[*]} m_axis_y_tlast}]
E:/course/master/mamba/Cmamba_reconstruct/HW_reconstruct/minimal_timing.xdc (Line: 16)
Related violations: <none>

XDCH-2#247 Warning
Same min and max delay values on IO port  
The same output delay of 0.100 ns has been defined on port 'm_axis_y_tdata[52]' relative to clock sys_clk for both max and min. Make sure this reflects the design intent.
set_output_delay -clock [get_clocks sys_clk] 0.100 [get_ports {irq s_axi_awready s_axi_wready {s_axi_bresp[*]} s_axi_bvalid s_axi_arready {s_axi_rdata[*]} {s_axi_rresp[*]} s_axi_rvalid s_axis_h_tready s_axis_g_tready m_axis_y_tvalid {m_axis_y_tdata[*]} m_axis_y_tlast}]
E:/course/master/mamba/Cmamba_reconstruct/HW_reconstruct/minimal_timing.xdc (Line: 16)
Related violations: <none>

XDCH-2#248 Warning
Same min and max delay values on IO port  
The same output delay of 0.100 ns has been defined on port 'm_axis_y_tdata[53]' relative to clock sys_clk for both max and min. Make sure this reflects the design intent.
set_output_delay -clock [get_clocks sys_clk] 0.100 [get_ports {irq s_axi_awready s_axi_wready {s_axi_bresp[*]} s_axi_bvalid s_axi_arready {s_axi_rdata[*]} {s_axi_rresp[*]} s_axi_rvalid s_axis_h_tready s_axis_g_tready m_axis_y_tvalid {m_axis_y_tdata[*]} m_axis_y_tlast}]
E:/course/master/mamba/Cmamba_reconstruct/HW_reconstruct/minimal_timing.xdc (Line: 16)
Related violations: <none>

XDCH-2#249 Warning
Same min and max delay values on IO port  
The same output delay of 0.100 ns has been defined on port 'm_axis_y_tdata[54]' relative to clock sys_clk for both max and min. Make sure this reflects the design intent.
set_output_delay -clock [get_clocks sys_clk] 0.100 [get_ports {irq s_axi_awready s_axi_wready {s_axi_bresp[*]} s_axi_bvalid s_axi_arready {s_axi_rdata[*]} {s_axi_rresp[*]} s_axi_rvalid s_axis_h_tready s_axis_g_tready m_axis_y_tvalid {m_axis_y_tdata[*]} m_axis_y_tlast}]
E:/course/master/mamba/Cmamba_reconstruct/HW_reconstruct/minimal_timing.xdc (Line: 16)
Related violations: <none>

XDCH-2#250 Warning
Same min and max delay values on IO port  
The same output delay of 0.100 ns has been defined on port 'm_axis_y_tdata[55]' relative to clock sys_clk for both max and min. Make sure this reflects the design intent.
set_output_delay -clock [get_clocks sys_clk] 0.100 [get_ports {irq s_axi_awready s_axi_wready {s_axi_bresp[*]} s_axi_bvalid s_axi_arready {s_axi_rdata[*]} {s_axi_rresp[*]} s_axi_rvalid s_axis_h_tready s_axis_g_tready m_axis_y_tvalid {m_axis_y_tdata[*]} m_axis_y_tlast}]
E:/course/master/mamba/Cmamba_reconstruct/HW_reconstruct/minimal_timing.xdc (Line: 16)
Related violations: <none>

XDCH-2#251 Warning
Same min and max delay values on IO port  
The same output delay of 0.100 ns has been defined on port 'm_axis_y_tdata[56]' relative to clock sys_clk for both max and min. Make sure this reflects the design intent.
set_output_delay -clock [get_clocks sys_clk] 0.100 [get_ports {irq s_axi_awready s_axi_wready {s_axi_bresp[*]} s_axi_bvalid s_axi_arready {s_axi_rdata[*]} {s_axi_rresp[*]} s_axi_rvalid s_axis_h_tready s_axis_g_tready m_axis_y_tvalid {m_axis_y_tdata[*]} m_axis_y_tlast}]
E:/course/master/mamba/Cmamba_reconstruct/HW_reconstruct/minimal_timing.xdc (Line: 16)
Related violations: <none>

XDCH-2#252 Warning
Same min and max delay values on IO port  
The same output delay of 0.100 ns has been defined on port 'm_axis_y_tdata[57]' relative to clock sys_clk for both max and min. Make sure this reflects the design intent.
set_output_delay -clock [get_clocks sys_clk] 0.100 [get_ports {irq s_axi_awready s_axi_wready {s_axi_bresp[*]} s_axi_bvalid s_axi_arready {s_axi_rdata[*]} {s_axi_rresp[*]} s_axi_rvalid s_axis_h_tready s_axis_g_tready m_axis_y_tvalid {m_axis_y_tdata[*]} m_axis_y_tlast}]
E:/course/master/mamba/Cmamba_reconstruct/HW_reconstruct/minimal_timing.xdc (Line: 16)
Related violations: <none>

XDCH-2#253 Warning
Same min and max delay values on IO port  
The same output delay of 0.100 ns has been defined on port 'm_axis_y_tdata[58]' relative to clock sys_clk for both max and min. Make sure this reflects the design intent.
set_output_delay -clock [get_clocks sys_clk] 0.100 [get_ports {irq s_axi_awready s_axi_wready {s_axi_bresp[*]} s_axi_bvalid s_axi_arready {s_axi_rdata[*]} {s_axi_rresp[*]} s_axi_rvalid s_axis_h_tready s_axis_g_tready m_axis_y_tvalid {m_axis_y_tdata[*]} m_axis_y_tlast}]
E:/course/master/mamba/Cmamba_reconstruct/HW_reconstruct/minimal_timing.xdc (Line: 16)
Related violations: <none>

XDCH-2#254 Warning
Same min and max delay values on IO port  
The same output delay of 0.100 ns has been defined on port 'm_axis_y_tdata[59]' relative to clock sys_clk for both max and min. Make sure this reflects the design intent.
set_output_delay -clock [get_clocks sys_clk] 0.100 [get_ports {irq s_axi_awready s_axi_wready {s_axi_bresp[*]} s_axi_bvalid s_axi_arready {s_axi_rdata[*]} {s_axi_rresp[*]} s_axi_rvalid s_axis_h_tready s_axis_g_tready m_axis_y_tvalid {m_axis_y_tdata[*]} m_axis_y_tlast}]
E:/course/master/mamba/Cmamba_reconstruct/HW_reconstruct/minimal_timing.xdc (Line: 16)
Related violations: <none>

XDCH-2#255 Warning
Same min and max delay values on IO port  
The same output delay of 0.100 ns has been defined on port 'm_axis_y_tdata[5]' relative to clock sys_clk for both max and min. Make sure this reflects the design intent.
set_output_delay -clock [get_clocks sys_clk] 0.100 [get_ports {irq s_axi_awready s_axi_wready {s_axi_bresp[*]} s_axi_bvalid s_axi_arready {s_axi_rdata[*]} {s_axi_rresp[*]} s_axi_rvalid s_axis_h_tready s_axis_g_tready m_axis_y_tvalid {m_axis_y_tdata[*]} m_axis_y_tlast}]
E:/course/master/mamba/Cmamba_reconstruct/HW_reconstruct/minimal_timing.xdc (Line: 16)
Related violations: <none>

XDCH-2#256 Warning
Same min and max delay values on IO port  
The same output delay of 0.100 ns has been defined on port 'm_axis_y_tdata[60]' relative to clock sys_clk for both max and min. Make sure this reflects the design intent.
set_output_delay -clock [get_clocks sys_clk] 0.100 [get_ports {irq s_axi_awready s_axi_wready {s_axi_bresp[*]} s_axi_bvalid s_axi_arready {s_axi_rdata[*]} {s_axi_rresp[*]} s_axi_rvalid s_axis_h_tready s_axis_g_tready m_axis_y_tvalid {m_axis_y_tdata[*]} m_axis_y_tlast}]
E:/course/master/mamba/Cmamba_reconstruct/HW_reconstruct/minimal_timing.xdc (Line: 16)
Related violations: <none>

XDCH-2#257 Warning
Same min and max delay values on IO port  
The same output delay of 0.100 ns has been defined on port 'm_axis_y_tdata[61]' relative to clock sys_clk for both max and min. Make sure this reflects the design intent.
set_output_delay -clock [get_clocks sys_clk] 0.100 [get_ports {irq s_axi_awready s_axi_wready {s_axi_bresp[*]} s_axi_bvalid s_axi_arready {s_axi_rdata[*]} {s_axi_rresp[*]} s_axi_rvalid s_axis_h_tready s_axis_g_tready m_axis_y_tvalid {m_axis_y_tdata[*]} m_axis_y_tlast}]
E:/course/master/mamba/Cmamba_reconstruct/HW_reconstruct/minimal_timing.xdc (Line: 16)
Related violations: <none>

XDCH-2#258 Warning
Same min and max delay values on IO port  
The same output delay of 0.100 ns has been defined on port 'm_axis_y_tdata[62]' relative to clock sys_clk for both max and min. Make sure this reflects the design intent.
set_output_delay -clock [get_clocks sys_clk] 0.100 [get_ports {irq s_axi_awready s_axi_wready {s_axi_bresp[*]} s_axi_bvalid s_axi_arready {s_axi_rdata[*]} {s_axi_rresp[*]} s_axi_rvalid s_axis_h_tready s_axis_g_tready m_axis_y_tvalid {m_axis_y_tdata[*]} m_axis_y_tlast}]
E:/course/master/mamba/Cmamba_reconstruct/HW_reconstruct/minimal_timing.xdc (Line: 16)
Related violations: <none>

XDCH-2#259 Warning
Same min and max delay values on IO port  
The same output delay of 0.100 ns has been defined on port 'm_axis_y_tdata[63]' relative to clock sys_clk for both max and min. Make sure this reflects the design intent.
set_output_delay -clock [get_clocks sys_clk] 0.100 [get_ports {irq s_axi_awready s_axi_wready {s_axi_bresp[*]} s_axi_bvalid s_axi_arready {s_axi_rdata[*]} {s_axi_rresp[*]} s_axi_rvalid s_axis_h_tready s_axis_g_tready m_axis_y_tvalid {m_axis_y_tdata[*]} m_axis_y_tlast}]
E:/course/master/mamba/Cmamba_reconstruct/HW_reconstruct/minimal_timing.xdc (Line: 16)
Related violations: <none>

XDCH-2#260 Warning
Same min and max delay values on IO port  
The same output delay of 0.100 ns has been defined on port 'm_axis_y_tdata[6]' relative to clock sys_clk for both max and min. Make sure this reflects the design intent.
set_output_delay -clock [get_clocks sys_clk] 0.100 [get_ports {irq s_axi_awready s_axi_wready {s_axi_bresp[*]} s_axi_bvalid s_axi_arready {s_axi_rdata[*]} {s_axi_rresp[*]} s_axi_rvalid s_axis_h_tready s_axis_g_tready m_axis_y_tvalid {m_axis_y_tdata[*]} m_axis_y_tlast}]
E:/course/master/mamba/Cmamba_reconstruct/HW_reconstruct/minimal_timing.xdc (Line: 16)
Related violations: <none>

XDCH-2#261 Warning
Same min and max delay values on IO port  
The same output delay of 0.100 ns has been defined on port 'm_axis_y_tdata[7]' relative to clock sys_clk for both max and min. Make sure this reflects the design intent.
set_output_delay -clock [get_clocks sys_clk] 0.100 [get_ports {irq s_axi_awready s_axi_wready {s_axi_bresp[*]} s_axi_bvalid s_axi_arready {s_axi_rdata[*]} {s_axi_rresp[*]} s_axi_rvalid s_axis_h_tready s_axis_g_tready m_axis_y_tvalid {m_axis_y_tdata[*]} m_axis_y_tlast}]
E:/course/master/mamba/Cmamba_reconstruct/HW_reconstruct/minimal_timing.xdc (Line: 16)
Related violations: <none>

XDCH-2#262 Warning
Same min and max delay values on IO port  
The same output delay of 0.100 ns has been defined on port 'm_axis_y_tdata[8]' relative to clock sys_clk for both max and min. Make sure this reflects the design intent.
set_output_delay -clock [get_clocks sys_clk] 0.100 [get_ports {irq s_axi_awready s_axi_wready {s_axi_bresp[*]} s_axi_bvalid s_axi_arready {s_axi_rdata[*]} {s_axi_rresp[*]} s_axi_rvalid s_axis_h_tready s_axis_g_tready m_axis_y_tvalid {m_axis_y_tdata[*]} m_axis_y_tlast}]
E:/course/master/mamba/Cmamba_reconstruct/HW_reconstruct/minimal_timing.xdc (Line: 16)
Related violations: <none>

XDCH-2#263 Warning
Same min and max delay values on IO port  
The same output delay of 0.100 ns has been defined on port 'm_axis_y_tdata[9]' relative to clock sys_clk for both max and min. Make sure this reflects the design intent.
set_output_delay -clock [get_clocks sys_clk] 0.100 [get_ports {irq s_axi_awready s_axi_wready {s_axi_bresp[*]} s_axi_bvalid s_axi_arready {s_axi_rdata[*]} {s_axi_rresp[*]} s_axi_rvalid s_axis_h_tready s_axis_g_tready m_axis_y_tvalid {m_axis_y_tdata[*]} m_axis_y_tlast}]
E:/course/master/mamba/Cmamba_reconstruct/HW_reconstruct/minimal_timing.xdc (Line: 16)
Related violations: <none>

XDCH-2#264 Warning
Same min and max delay values on IO port  
The same output delay of 0.100 ns has been defined on port 'm_axis_y_tlast' relative to clock sys_clk for both max and min. Make sure this reflects the design intent.
set_output_delay -clock [get_clocks sys_clk] 0.100 [get_ports {irq s_axi_awready s_axi_wready {s_axi_bresp[*]} s_axi_bvalid s_axi_arready {s_axi_rdata[*]} {s_axi_rresp[*]} s_axi_rvalid s_axis_h_tready s_axis_g_tready m_axis_y_tvalid {m_axis_y_tdata[*]} m_axis_y_tlast}]
E:/course/master/mamba/Cmamba_reconstruct/HW_reconstruct/minimal_timing.xdc (Line: 16)
Related violations: <none>

XDCH-2#265 Warning
Same min and max delay values on IO port  
The same output delay of 0.100 ns has been defined on port 'm_axis_y_tvalid' relative to clock sys_clk for both max and min. Make sure this reflects the design intent.
set_output_delay -clock [get_clocks sys_clk] 0.100 [get_ports {irq s_axi_awready s_axi_wready {s_axi_bresp[*]} s_axi_bvalid s_axi_arready {s_axi_rdata[*]} {s_axi_rresp[*]} s_axi_rvalid s_axis_h_tready s_axis_g_tready m_axis_y_tvalid {m_axis_y_tdata[*]} m_axis_y_tlast}]
E:/course/master/mamba/Cmamba_reconstruct/HW_reconstruct/minimal_timing.xdc (Line: 16)
Related violations: <none>

XDCH-2#266 Warning
Same min and max delay values on IO port  
The same output delay of 0.100 ns has been defined on port 's_axi_arready' relative to clock sys_clk for both max and min. Make sure this reflects the design intent.
set_output_delay -clock [get_clocks sys_clk] 0.100 [get_ports {irq s_axi_awready s_axi_wready {s_axi_bresp[*]} s_axi_bvalid s_axi_arready {s_axi_rdata[*]} {s_axi_rresp[*]} s_axi_rvalid s_axis_h_tready s_axis_g_tready m_axis_y_tvalid {m_axis_y_tdata[*]} m_axis_y_tlast}]
E:/course/master/mamba/Cmamba_reconstruct/HW_reconstruct/minimal_timing.xdc (Line: 16)
Related violations: <none>

XDCH-2#267 Warning
Same min and max delay values on IO port  
The same output delay of 0.100 ns has been defined on port 's_axi_awready' relative to clock sys_clk for both max and min. Make sure this reflects the design intent.
set_output_delay -clock [get_clocks sys_clk] 0.100 [get_ports {irq s_axi_awready s_axi_wready {s_axi_bresp[*]} s_axi_bvalid s_axi_arready {s_axi_rdata[*]} {s_axi_rresp[*]} s_axi_rvalid s_axis_h_tready s_axis_g_tready m_axis_y_tvalid {m_axis_y_tdata[*]} m_axis_y_tlast}]
E:/course/master/mamba/Cmamba_reconstruct/HW_reconstruct/minimal_timing.xdc (Line: 16)
Related violations: <none>

XDCH-2#268 Warning
Same min and max delay values on IO port  
The same output delay of 0.100 ns has been defined on port 's_axi_bresp[0]' relative to clock sys_clk for both max and min. Make sure this reflects the design intent.
set_output_delay -clock [get_clocks sys_clk] 0.100 [get_ports {irq s_axi_awready s_axi_wready {s_axi_bresp[*]} s_axi_bvalid s_axi_arready {s_axi_rdata[*]} {s_axi_rresp[*]} s_axi_rvalid s_axis_h_tready s_axis_g_tready m_axis_y_tvalid {m_axis_y_tdata[*]} m_axis_y_tlast}]
E:/course/master/mamba/Cmamba_reconstruct/HW_reconstruct/minimal_timing.xdc (Line: 16)
Related violations: <none>

XDCH-2#269 Warning
Same min and max delay values on IO port  
The same output delay of 0.100 ns has been defined on port 's_axi_bresp[1]' relative to clock sys_clk for both max and min. Make sure this reflects the design intent.
set_output_delay -clock [get_clocks sys_clk] 0.100 [get_ports {irq s_axi_awready s_axi_wready {s_axi_bresp[*]} s_axi_bvalid s_axi_arready {s_axi_rdata[*]} {s_axi_rresp[*]} s_axi_rvalid s_axis_h_tready s_axis_g_tready m_axis_y_tvalid {m_axis_y_tdata[*]} m_axis_y_tlast}]
E:/course/master/mamba/Cmamba_reconstruct/HW_reconstruct/minimal_timing.xdc (Line: 16)
Related violations: <none>

XDCH-2#270 Warning
Same min and max delay values on IO port  
The same output delay of 0.100 ns has been defined on port 's_axi_bvalid' relative to clock sys_clk for both max and min. Make sure this reflects the design intent.
set_output_delay -clock [get_clocks sys_clk] 0.100 [get_ports {irq s_axi_awready s_axi_wready {s_axi_bresp[*]} s_axi_bvalid s_axi_arready {s_axi_rdata[*]} {s_axi_rresp[*]} s_axi_rvalid s_axis_h_tready s_axis_g_tready m_axis_y_tvalid {m_axis_y_tdata[*]} m_axis_y_tlast}]
E:/course/master/mamba/Cmamba_reconstruct/HW_reconstruct/minimal_timing.xdc (Line: 16)
Related violations: <none>

XDCH-2#271 Warning
Same min and max delay values on IO port  
The same output delay of 0.100 ns has been defined on port 's_axi_rdata[0]' relative to clock sys_clk for both max and min. Make sure this reflects the design intent.
set_output_delay -clock [get_clocks sys_clk] 0.100 [get_ports {irq s_axi_awready s_axi_wready {s_axi_bresp[*]} s_axi_bvalid s_axi_arready {s_axi_rdata[*]} {s_axi_rresp[*]} s_axi_rvalid s_axis_h_tready s_axis_g_tready m_axis_y_tvalid {m_axis_y_tdata[*]} m_axis_y_tlast}]
E:/course/master/mamba/Cmamba_reconstruct/HW_reconstruct/minimal_timing.xdc (Line: 16)
Related violations: <none>

XDCH-2#272 Warning
Same min and max delay values on IO port  
The same output delay of 0.100 ns has been defined on port 's_axi_rdata[10]' relative to clock sys_clk for both max and min. Make sure this reflects the design intent.
set_output_delay -clock [get_clocks sys_clk] 0.100 [get_ports {irq s_axi_awready s_axi_wready {s_axi_bresp[*]} s_axi_bvalid s_axi_arready {s_axi_rdata[*]} {s_axi_rresp[*]} s_axi_rvalid s_axis_h_tready s_axis_g_tready m_axis_y_tvalid {m_axis_y_tdata[*]} m_axis_y_tlast}]
E:/course/master/mamba/Cmamba_reconstruct/HW_reconstruct/minimal_timing.xdc (Line: 16)
Related violations: <none>

XDCH-2#273 Warning
Same min and max delay values on IO port  
The same output delay of 0.100 ns has been defined on port 's_axi_rdata[11]' relative to clock sys_clk for both max and min. Make sure this reflects the design intent.
set_output_delay -clock [get_clocks sys_clk] 0.100 [get_ports {irq s_axi_awready s_axi_wready {s_axi_bresp[*]} s_axi_bvalid s_axi_arready {s_axi_rdata[*]} {s_axi_rresp[*]} s_axi_rvalid s_axis_h_tready s_axis_g_tready m_axis_y_tvalid {m_axis_y_tdata[*]} m_axis_y_tlast}]
E:/course/master/mamba/Cmamba_reconstruct/HW_reconstruct/minimal_timing.xdc (Line: 16)
Related violations: <none>

XDCH-2#274 Warning
Same min and max delay values on IO port  
The same output delay of 0.100 ns has been defined on port 's_axi_rdata[12]' relative to clock sys_clk for both max and min. Make sure this reflects the design intent.
set_output_delay -clock [get_clocks sys_clk] 0.100 [get_ports {irq s_axi_awready s_axi_wready {s_axi_bresp[*]} s_axi_bvalid s_axi_arready {s_axi_rdata[*]} {s_axi_rresp[*]} s_axi_rvalid s_axis_h_tready s_axis_g_tready m_axis_y_tvalid {m_axis_y_tdata[*]} m_axis_y_tlast}]
E:/course/master/mamba/Cmamba_reconstruct/HW_reconstruct/minimal_timing.xdc (Line: 16)
Related violations: <none>

XDCH-2#275 Warning
Same min and max delay values on IO port  
The same output delay of 0.100 ns has been defined on port 's_axi_rdata[13]' relative to clock sys_clk for both max and min. Make sure this reflects the design intent.
set_output_delay -clock [get_clocks sys_clk] 0.100 [get_ports {irq s_axi_awready s_axi_wready {s_axi_bresp[*]} s_axi_bvalid s_axi_arready {s_axi_rdata[*]} {s_axi_rresp[*]} s_axi_rvalid s_axis_h_tready s_axis_g_tready m_axis_y_tvalid {m_axis_y_tdata[*]} m_axis_y_tlast}]
E:/course/master/mamba/Cmamba_reconstruct/HW_reconstruct/minimal_timing.xdc (Line: 16)
Related violations: <none>

XDCH-2#276 Warning
Same min and max delay values on IO port  
The same output delay of 0.100 ns has been defined on port 's_axi_rdata[14]' relative to clock sys_clk for both max and min. Make sure this reflects the design intent.
set_output_delay -clock [get_clocks sys_clk] 0.100 [get_ports {irq s_axi_awready s_axi_wready {s_axi_bresp[*]} s_axi_bvalid s_axi_arready {s_axi_rdata[*]} {s_axi_rresp[*]} s_axi_rvalid s_axis_h_tready s_axis_g_tready m_axis_y_tvalid {m_axis_y_tdata[*]} m_axis_y_tlast}]
E:/course/master/mamba/Cmamba_reconstruct/HW_reconstruct/minimal_timing.xdc (Line: 16)
Related violations: <none>

XDCH-2#277 Warning
Same min and max delay values on IO port  
The same output delay of 0.100 ns has been defined on port 's_axi_rdata[15]' relative to clock sys_clk for both max and min. Make sure this reflects the design intent.
set_output_delay -clock [get_clocks sys_clk] 0.100 [get_ports {irq s_axi_awready s_axi_wready {s_axi_bresp[*]} s_axi_bvalid s_axi_arready {s_axi_rdata[*]} {s_axi_rresp[*]} s_axi_rvalid s_axis_h_tready s_axis_g_tready m_axis_y_tvalid {m_axis_y_tdata[*]} m_axis_y_tlast}]
E:/course/master/mamba/Cmamba_reconstruct/HW_reconstruct/minimal_timing.xdc (Line: 16)
Related violations: <none>

XDCH-2#278 Warning
Same min and max delay values on IO port  
The same output delay of 0.100 ns has been defined on port 's_axi_rdata[16]' relative to clock sys_clk for both max and min. Make sure this reflects the design intent.
set_output_delay -clock [get_clocks sys_clk] 0.100 [get_ports {irq s_axi_awready s_axi_wready {s_axi_bresp[*]} s_axi_bvalid s_axi_arready {s_axi_rdata[*]} {s_axi_rresp[*]} s_axi_rvalid s_axis_h_tready s_axis_g_tready m_axis_y_tvalid {m_axis_y_tdata[*]} m_axis_y_tlast}]
E:/course/master/mamba/Cmamba_reconstruct/HW_reconstruct/minimal_timing.xdc (Line: 16)
Related violations: <none>

XDCH-2#279 Warning
Same min and max delay values on IO port  
The same output delay of 0.100 ns has been defined on port 's_axi_rdata[17]' relative to clock sys_clk for both max and min. Make sure this reflects the design intent.
set_output_delay -clock [get_clocks sys_clk] 0.100 [get_ports {irq s_axi_awready s_axi_wready {s_axi_bresp[*]} s_axi_bvalid s_axi_arready {s_axi_rdata[*]} {s_axi_rresp[*]} s_axi_rvalid s_axis_h_tready s_axis_g_tready m_axis_y_tvalid {m_axis_y_tdata[*]} m_axis_y_tlast}]
E:/course/master/mamba/Cmamba_reconstruct/HW_reconstruct/minimal_timing.xdc (Line: 16)
Related violations: <none>

XDCH-2#280 Warning
Same min and max delay values on IO port  
The same output delay of 0.100 ns has been defined on port 's_axi_rdata[18]' relative to clock sys_clk for both max and min. Make sure this reflects the design intent.
set_output_delay -clock [get_clocks sys_clk] 0.100 [get_ports {irq s_axi_awready s_axi_wready {s_axi_bresp[*]} s_axi_bvalid s_axi_arready {s_axi_rdata[*]} {s_axi_rresp[*]} s_axi_rvalid s_axis_h_tready s_axis_g_tready m_axis_y_tvalid {m_axis_y_tdata[*]} m_axis_y_tlast}]
E:/course/master/mamba/Cmamba_reconstruct/HW_reconstruct/minimal_timing.xdc (Line: 16)
Related violations: <none>

XDCH-2#281 Warning
Same min and max delay values on IO port  
The same output delay of 0.100 ns has been defined on port 's_axi_rdata[19]' relative to clock sys_clk for both max and min. Make sure this reflects the design intent.
set_output_delay -clock [get_clocks sys_clk] 0.100 [get_ports {irq s_axi_awready s_axi_wready {s_axi_bresp[*]} s_axi_bvalid s_axi_arready {s_axi_rdata[*]} {s_axi_rresp[*]} s_axi_rvalid s_axis_h_tready s_axis_g_tready m_axis_y_tvalid {m_axis_y_tdata[*]} m_axis_y_tlast}]
E:/course/master/mamba/Cmamba_reconstruct/HW_reconstruct/minimal_timing.xdc (Line: 16)
Related violations: <none>

XDCH-2#282 Warning
Same min and max delay values on IO port  
The same output delay of 0.100 ns has been defined on port 's_axi_rdata[1]' relative to clock sys_clk for both max and min. Make sure this reflects the design intent.
set_output_delay -clock [get_clocks sys_clk] 0.100 [get_ports {irq s_axi_awready s_axi_wready {s_axi_bresp[*]} s_axi_bvalid s_axi_arready {s_axi_rdata[*]} {s_axi_rresp[*]} s_axi_rvalid s_axis_h_tready s_axis_g_tready m_axis_y_tvalid {m_axis_y_tdata[*]} m_axis_y_tlast}]
E:/course/master/mamba/Cmamba_reconstruct/HW_reconstruct/minimal_timing.xdc (Line: 16)
Related violations: <none>

XDCH-2#283 Warning
Same min and max delay values on IO port  
The same output delay of 0.100 ns has been defined on port 's_axi_rdata[20]' relative to clock sys_clk for both max and min. Make sure this reflects the design intent.
set_output_delay -clock [get_clocks sys_clk] 0.100 [get_ports {irq s_axi_awready s_axi_wready {s_axi_bresp[*]} s_axi_bvalid s_axi_arready {s_axi_rdata[*]} {s_axi_rresp[*]} s_axi_rvalid s_axis_h_tready s_axis_g_tready m_axis_y_tvalid {m_axis_y_tdata[*]} m_axis_y_tlast}]
E:/course/master/mamba/Cmamba_reconstruct/HW_reconstruct/minimal_timing.xdc (Line: 16)
Related violations: <none>

XDCH-2#284 Warning
Same min and max delay values on IO port  
The same output delay of 0.100 ns has been defined on port 's_axi_rdata[21]' relative to clock sys_clk for both max and min. Make sure this reflects the design intent.
set_output_delay -clock [get_clocks sys_clk] 0.100 [get_ports {irq s_axi_awready s_axi_wready {s_axi_bresp[*]} s_axi_bvalid s_axi_arready {s_axi_rdata[*]} {s_axi_rresp[*]} s_axi_rvalid s_axis_h_tready s_axis_g_tready m_axis_y_tvalid {m_axis_y_tdata[*]} m_axis_y_tlast}]
E:/course/master/mamba/Cmamba_reconstruct/HW_reconstruct/minimal_timing.xdc (Line: 16)
Related violations: <none>

XDCH-2#285 Warning
Same min and max delay values on IO port  
The same output delay of 0.100 ns has been defined on port 's_axi_rdata[22]' relative to clock sys_clk for both max and min. Make sure this reflects the design intent.
set_output_delay -clock [get_clocks sys_clk] 0.100 [get_ports {irq s_axi_awready s_axi_wready {s_axi_bresp[*]} s_axi_bvalid s_axi_arready {s_axi_rdata[*]} {s_axi_rresp[*]} s_axi_rvalid s_axis_h_tready s_axis_g_tready m_axis_y_tvalid {m_axis_y_tdata[*]} m_axis_y_tlast}]
E:/course/master/mamba/Cmamba_reconstruct/HW_reconstruct/minimal_timing.xdc (Line: 16)
Related violations: <none>

XDCH-2#286 Warning
Same min and max delay values on IO port  
The same output delay of 0.100 ns has been defined on port 's_axi_rdata[23]' relative to clock sys_clk for both max and min. Make sure this reflects the design intent.
set_output_delay -clock [get_clocks sys_clk] 0.100 [get_ports {irq s_axi_awready s_axi_wready {s_axi_bresp[*]} s_axi_bvalid s_axi_arready {s_axi_rdata[*]} {s_axi_rresp[*]} s_axi_rvalid s_axis_h_tready s_axis_g_tready m_axis_y_tvalid {m_axis_y_tdata[*]} m_axis_y_tlast}]
E:/course/master/mamba/Cmamba_reconstruct/HW_reconstruct/minimal_timing.xdc (Line: 16)
Related violations: <none>

XDCH-2#287 Warning
Same min and max delay values on IO port  
The same output delay of 0.100 ns has been defined on port 's_axi_rdata[24]' relative to clock sys_clk for both max and min. Make sure this reflects the design intent.
set_output_delay -clock [get_clocks sys_clk] 0.100 [get_ports {irq s_axi_awready s_axi_wready {s_axi_bresp[*]} s_axi_bvalid s_axi_arready {s_axi_rdata[*]} {s_axi_rresp[*]} s_axi_rvalid s_axis_h_tready s_axis_g_tready m_axis_y_tvalid {m_axis_y_tdata[*]} m_axis_y_tlast}]
E:/course/master/mamba/Cmamba_reconstruct/HW_reconstruct/minimal_timing.xdc (Line: 16)
Related violations: <none>

XDCH-2#288 Warning
Same min and max delay values on IO port  
The same output delay of 0.100 ns has been defined on port 's_axi_rdata[25]' relative to clock sys_clk for both max and min. Make sure this reflects the design intent.
set_output_delay -clock [get_clocks sys_clk] 0.100 [get_ports {irq s_axi_awready s_axi_wready {s_axi_bresp[*]} s_axi_bvalid s_axi_arready {s_axi_rdata[*]} {s_axi_rresp[*]} s_axi_rvalid s_axis_h_tready s_axis_g_tready m_axis_y_tvalid {m_axis_y_tdata[*]} m_axis_y_tlast}]
E:/course/master/mamba/Cmamba_reconstruct/HW_reconstruct/minimal_timing.xdc (Line: 16)
Related violations: <none>

XDCH-2#289 Warning
Same min and max delay values on IO port  
The same output delay of 0.100 ns has been defined on port 's_axi_rdata[26]' relative to clock sys_clk for both max and min. Make sure this reflects the design intent.
set_output_delay -clock [get_clocks sys_clk] 0.100 [get_ports {irq s_axi_awready s_axi_wready {s_axi_bresp[*]} s_axi_bvalid s_axi_arready {s_axi_rdata[*]} {s_axi_rresp[*]} s_axi_rvalid s_axis_h_tready s_axis_g_tready m_axis_y_tvalid {m_axis_y_tdata[*]} m_axis_y_tlast}]
E:/course/master/mamba/Cmamba_reconstruct/HW_reconstruct/minimal_timing.xdc (Line: 16)
Related violations: <none>

XDCH-2#290 Warning
Same min and max delay values on IO port  
The same output delay of 0.100 ns has been defined on port 's_axi_rdata[27]' relative to clock sys_clk for both max and min. Make sure this reflects the design intent.
set_output_delay -clock [get_clocks sys_clk] 0.100 [get_ports {irq s_axi_awready s_axi_wready {s_axi_bresp[*]} s_axi_bvalid s_axi_arready {s_axi_rdata[*]} {s_axi_rresp[*]} s_axi_rvalid s_axis_h_tready s_axis_g_tready m_axis_y_tvalid {m_axis_y_tdata[*]} m_axis_y_tlast}]
E:/course/master/mamba/Cmamba_reconstruct/HW_reconstruct/minimal_timing.xdc (Line: 16)
Related violations: <none>

XDCH-2#291 Warning
Same min and max delay values on IO port  
The same output delay of 0.100 ns has been defined on port 's_axi_rdata[28]' relative to clock sys_clk for both max and min. Make sure this reflects the design intent.
set_output_delay -clock [get_clocks sys_clk] 0.100 [get_ports {irq s_axi_awready s_axi_wready {s_axi_bresp[*]} s_axi_bvalid s_axi_arready {s_axi_rdata[*]} {s_axi_rresp[*]} s_axi_rvalid s_axis_h_tready s_axis_g_tready m_axis_y_tvalid {m_axis_y_tdata[*]} m_axis_y_tlast}]
E:/course/master/mamba/Cmamba_reconstruct/HW_reconstruct/minimal_timing.xdc (Line: 16)
Related violations: <none>

XDCH-2#292 Warning
Same min and max delay values on IO port  
The same output delay of 0.100 ns has been defined on port 's_axi_rdata[29]' relative to clock sys_clk for both max and min. Make sure this reflects the design intent.
set_output_delay -clock [get_clocks sys_clk] 0.100 [get_ports {irq s_axi_awready s_axi_wready {s_axi_bresp[*]} s_axi_bvalid s_axi_arready {s_axi_rdata[*]} {s_axi_rresp[*]} s_axi_rvalid s_axis_h_tready s_axis_g_tready m_axis_y_tvalid {m_axis_y_tdata[*]} m_axis_y_tlast}]
E:/course/master/mamba/Cmamba_reconstruct/HW_reconstruct/minimal_timing.xdc (Line: 16)
Related violations: <none>

XDCH-2#293 Warning
Same min and max delay values on IO port  
The same output delay of 0.100 ns has been defined on port 's_axi_rdata[2]' relative to clock sys_clk for both max and min. Make sure this reflects the design intent.
set_output_delay -clock [get_clocks sys_clk] 0.100 [get_ports {irq s_axi_awready s_axi_wready {s_axi_bresp[*]} s_axi_bvalid s_axi_arready {s_axi_rdata[*]} {s_axi_rresp[*]} s_axi_rvalid s_axis_h_tready s_axis_g_tready m_axis_y_tvalid {m_axis_y_tdata[*]} m_axis_y_tlast}]
E:/course/master/mamba/Cmamba_reconstruct/HW_reconstruct/minimal_timing.xdc (Line: 16)
Related violations: <none>

XDCH-2#294 Warning
Same min and max delay values on IO port  
The same output delay of 0.100 ns has been defined on port 's_axi_rdata[30]' relative to clock sys_clk for both max and min. Make sure this reflects the design intent.
set_output_delay -clock [get_clocks sys_clk] 0.100 [get_ports {irq s_axi_awready s_axi_wready {s_axi_bresp[*]} s_axi_bvalid s_axi_arready {s_axi_rdata[*]} {s_axi_rresp[*]} s_axi_rvalid s_axis_h_tready s_axis_g_tready m_axis_y_tvalid {m_axis_y_tdata[*]} m_axis_y_tlast}]
E:/course/master/mamba/Cmamba_reconstruct/HW_reconstruct/minimal_timing.xdc (Line: 16)
Related violations: <none>

XDCH-2#295 Warning
Same min and max delay values on IO port  
The same output delay of 0.100 ns has been defined on port 's_axi_rdata[31]' relative to clock sys_clk for both max and min. Make sure this reflects the design intent.
set_output_delay -clock [get_clocks sys_clk] 0.100 [get_ports {irq s_axi_awready s_axi_wready {s_axi_bresp[*]} s_axi_bvalid s_axi_arready {s_axi_rdata[*]} {s_axi_rresp[*]} s_axi_rvalid s_axis_h_tready s_axis_g_tready m_axis_y_tvalid {m_axis_y_tdata[*]} m_axis_y_tlast}]
E:/course/master/mamba/Cmamba_reconstruct/HW_reconstruct/minimal_timing.xdc (Line: 16)
Related violations: <none>

XDCH-2#296 Warning
Same min and max delay values on IO port  
The same output delay of 0.100 ns has been defined on port 's_axi_rdata[3]' relative to clock sys_clk for both max and min. Make sure this reflects the design intent.
set_output_delay -clock [get_clocks sys_clk] 0.100 [get_ports {irq s_axi_awready s_axi_wready {s_axi_bresp[*]} s_axi_bvalid s_axi_arready {s_axi_rdata[*]} {s_axi_rresp[*]} s_axi_rvalid s_axis_h_tready s_axis_g_tready m_axis_y_tvalid {m_axis_y_tdata[*]} m_axis_y_tlast}]
E:/course/master/mamba/Cmamba_reconstruct/HW_reconstruct/minimal_timing.xdc (Line: 16)
Related violations: <none>

XDCH-2#297 Warning
Same min and max delay values on IO port  
The same output delay of 0.100 ns has been defined on port 's_axi_rdata[4]' relative to clock sys_clk for both max and min. Make sure this reflects the design intent.
set_output_delay -clock [get_clocks sys_clk] 0.100 [get_ports {irq s_axi_awready s_axi_wready {s_axi_bresp[*]} s_axi_bvalid s_axi_arready {s_axi_rdata[*]} {s_axi_rresp[*]} s_axi_rvalid s_axis_h_tready s_axis_g_tready m_axis_y_tvalid {m_axis_y_tdata[*]} m_axis_y_tlast}]
E:/course/master/mamba/Cmamba_reconstruct/HW_reconstruct/minimal_timing.xdc (Line: 16)
Related violations: <none>

XDCH-2#298 Warning
Same min and max delay values on IO port  
The same output delay of 0.100 ns has been defined on port 's_axi_rdata[5]' relative to clock sys_clk for both max and min. Make sure this reflects the design intent.
set_output_delay -clock [get_clocks sys_clk] 0.100 [get_ports {irq s_axi_awready s_axi_wready {s_axi_bresp[*]} s_axi_bvalid s_axi_arready {s_axi_rdata[*]} {s_axi_rresp[*]} s_axi_rvalid s_axis_h_tready s_axis_g_tready m_axis_y_tvalid {m_axis_y_tdata[*]} m_axis_y_tlast}]
E:/course/master/mamba/Cmamba_reconstruct/HW_reconstruct/minimal_timing.xdc (Line: 16)
Related violations: <none>

XDCH-2#299 Warning
Same min and max delay values on IO port  
The same output delay of 0.100 ns has been defined on port 's_axi_rdata[6]' relative to clock sys_clk for both max and min. Make sure this reflects the design intent.
set_output_delay -clock [get_clocks sys_clk] 0.100 [get_ports {irq s_axi_awready s_axi_wready {s_axi_bresp[*]} s_axi_bvalid s_axi_arready {s_axi_rdata[*]} {s_axi_rresp[*]} s_axi_rvalid s_axis_h_tready s_axis_g_tready m_axis_y_tvalid {m_axis_y_tdata[*]} m_axis_y_tlast}]
E:/course/master/mamba/Cmamba_reconstruct/HW_reconstruct/minimal_timing.xdc (Line: 16)
Related violations: <none>

XDCH-2#300 Warning
Same min and max delay values on IO port  
The same output delay of 0.100 ns has been defined on port 's_axi_rdata[7]' relative to clock sys_clk for both max and min. Make sure this reflects the design intent.
set_output_delay -clock [get_clocks sys_clk] 0.100 [get_ports {irq s_axi_awready s_axi_wready {s_axi_bresp[*]} s_axi_bvalid s_axi_arready {s_axi_rdata[*]} {s_axi_rresp[*]} s_axi_rvalid s_axis_h_tready s_axis_g_tready m_axis_y_tvalid {m_axis_y_tdata[*]} m_axis_y_tlast}]
E:/course/master/mamba/Cmamba_reconstruct/HW_reconstruct/minimal_timing.xdc (Line: 16)
Related violations: <none>

XDCH-2#301 Warning
Same min and max delay values on IO port  
The same output delay of 0.100 ns has been defined on port 's_axi_rdata[8]' relative to clock sys_clk for both max and min. Make sure this reflects the design intent.
set_output_delay -clock [get_clocks sys_clk] 0.100 [get_ports {irq s_axi_awready s_axi_wready {s_axi_bresp[*]} s_axi_bvalid s_axi_arready {s_axi_rdata[*]} {s_axi_rresp[*]} s_axi_rvalid s_axis_h_tready s_axis_g_tready m_axis_y_tvalid {m_axis_y_tdata[*]} m_axis_y_tlast}]
E:/course/master/mamba/Cmamba_reconstruct/HW_reconstruct/minimal_timing.xdc (Line: 16)
Related violations: <none>

XDCH-2#302 Warning
Same min and max delay values on IO port  
The same output delay of 0.100 ns has been defined on port 's_axi_rdata[9]' relative to clock sys_clk for both max and min. Make sure this reflects the design intent.
set_output_delay -clock [get_clocks sys_clk] 0.100 [get_ports {irq s_axi_awready s_axi_wready {s_axi_bresp[*]} s_axi_bvalid s_axi_arready {s_axi_rdata[*]} {s_axi_rresp[*]} s_axi_rvalid s_axis_h_tready s_axis_g_tready m_axis_y_tvalid {m_axis_y_tdata[*]} m_axis_y_tlast}]
E:/course/master/mamba/Cmamba_reconstruct/HW_reconstruct/minimal_timing.xdc (Line: 16)
Related violations: <none>

XDCH-2#303 Warning
Same min and max delay values on IO port  
The same output delay of 0.100 ns has been defined on port 's_axi_rresp[0]' relative to clock sys_clk for both max and min. Make sure this reflects the design intent.
set_output_delay -clock [get_clocks sys_clk] 0.100 [get_ports {irq s_axi_awready s_axi_wready {s_axi_bresp[*]} s_axi_bvalid s_axi_arready {s_axi_rdata[*]} {s_axi_rresp[*]} s_axi_rvalid s_axis_h_tready s_axis_g_tready m_axis_y_tvalid {m_axis_y_tdata[*]} m_axis_y_tlast}]
E:/course/master/mamba/Cmamba_reconstruct/HW_reconstruct/minimal_timing.xdc (Line: 16)
Related violations: <none>

XDCH-2#304 Warning
Same min and max delay values on IO port  
The same output delay of 0.100 ns has been defined on port 's_axi_rresp[1]' relative to clock sys_clk for both max and min. Make sure this reflects the design intent.
set_output_delay -clock [get_clocks sys_clk] 0.100 [get_ports {irq s_axi_awready s_axi_wready {s_axi_bresp[*]} s_axi_bvalid s_axi_arready {s_axi_rdata[*]} {s_axi_rresp[*]} s_axi_rvalid s_axis_h_tready s_axis_g_tready m_axis_y_tvalid {m_axis_y_tdata[*]} m_axis_y_tlast}]
E:/course/master/mamba/Cmamba_reconstruct/HW_reconstruct/minimal_timing.xdc (Line: 16)
Related violations: <none>

XDCH-2#305 Warning
Same min and max delay values on IO port  
The same output delay of 0.100 ns has been defined on port 's_axi_rvalid' relative to clock sys_clk for both max and min. Make sure this reflects the design intent.
set_output_delay -clock [get_clocks sys_clk] 0.100 [get_ports {irq s_axi_awready s_axi_wready {s_axi_bresp[*]} s_axi_bvalid s_axi_arready {s_axi_rdata[*]} {s_axi_rresp[*]} s_axi_rvalid s_axis_h_tready s_axis_g_tready m_axis_y_tvalid {m_axis_y_tdata[*]} m_axis_y_tlast}]
E:/course/master/mamba/Cmamba_reconstruct/HW_reconstruct/minimal_timing.xdc (Line: 16)
Related violations: <none>

XDCH-2#306 Warning
Same min and max delay values on IO port  
The same output delay of 0.100 ns has been defined on port 's_axi_wready' relative to clock sys_clk for both max and min. Make sure this reflects the design intent.
set_output_delay -clock [get_clocks sys_clk] 0.100 [get_ports {irq s_axi_awready s_axi_wready {s_axi_bresp[*]} s_axi_bvalid s_axi_arready {s_axi_rdata[*]} {s_axi_rresp[*]} s_axi_rvalid s_axis_h_tready s_axis_g_tready m_axis_y_tvalid {m_axis_y_tdata[*]} m_axis_y_tlast}]
E:/course/master/mamba/Cmamba_reconstruct/HW_reconstruct/minimal_timing.xdc (Line: 16)
Related violations: <none>

XDCH-2#307 Warning
Same min and max delay values on IO port  
The same output delay of 0.100 ns has been defined on port 's_axis_g_tready' relative to clock sys_clk for both max and min. Make sure this reflects the design intent.
set_output_delay -clock [get_clocks sys_clk] 0.100 [get_ports {irq s_axi_awready s_axi_wready {s_axi_bresp[*]} s_axi_bvalid s_axi_arready {s_axi_rdata[*]} {s_axi_rresp[*]} s_axi_rvalid s_axis_h_tready s_axis_g_tready m_axis_y_tvalid {m_axis_y_tdata[*]} m_axis_y_tlast}]
E:/course/master/mamba/Cmamba_reconstruct/HW_reconstruct/minimal_timing.xdc (Line: 16)
Related violations: <none>

XDCH-2#308 Warning
Same min and max delay values on IO port  
The same output delay of 0.100 ns has been defined on port 's_axis_h_tready' relative to clock sys_clk for both max and min. Make sure this reflects the design intent.
set_output_delay -clock [get_clocks sys_clk] 0.100 [get_ports {irq s_axi_awready s_axi_wready {s_axi_bresp[*]} s_axi_bvalid s_axi_arready {s_axi_rdata[*]} {s_axi_rresp[*]} s_axi_rvalid s_axis_h_tready s_axis_g_tready m_axis_y_tvalid {m_axis_y_tdata[*]} m_axis_y_tlast}]
E:/course/master/mamba/Cmamba_reconstruct/HW_reconstruct/minimal_timing.xdc (Line: 16)
Related violations: <none>


