Copyright 1986-2022 Xilinx, Inc. All Rights Reserved. Copyright 2022-2024 Advanced Micro Devices, Inc. All Rights Reserved.
-----------------------------------------------------------------------------------------------------------------------------------------------------------------------------------------------------------------------------------------------------------------------
| Tool Version      : Vivado v.2024.1 (win64) Build 5076996 Wed May 22 18:37:14 MDT 2024
| Date              : Sun Apr  5 23:25:29 2026
| Host              : 13600kf running 64-bit major release  (build 9200)
| Command           : report_timing_summary -max_paths 10 -report_unconstrained -file reuse_mamba_board_shell_timing_summary_routed.rpt -pb reuse_mamba_board_shell_timing_summary_routed.pb -rpx reuse_mamba_board_shell_timing_summary_routed.rpx -warn_on_violation
| Design            : reuse_mamba_board_shell
| Device            : xczu9eg-ffvb1156
| Speed File        : -2  PRODUCTION 1.30 05-15-2022
| Design State      : Routed
| Temperature Grade : E
-----------------------------------------------------------------------------------------------------------------------------------------------------------------------------------------------------------------------------------------------------------------------

Timing Summary Report

------------------------------------------------------------------------------------------------
| Timer Settings
| --------------
------------------------------------------------------------------------------------------------

  Enable Multi Corner Analysis               :  Yes
  Enable Pessimism Removal                   :  Yes
  Pessimism Removal Resolution               :  Nearest Common Node
  Enable Input Delay Default Clock           :  No
  Enable Preset / Clear Arcs                 :  No
  Disable Flight Delays                      :  No
  Ignore I/O Paths                           :  No
  Timing Early Launch at Borrowing Latches   :  No
  Borrow Time for Max Delay Exceptions       :  Yes
  Merge Timing Exceptions                    :  Yes
  Inter-SLR Compensation                     :  Conservative

  Corner  Analyze    Analyze    
  Name    Max Paths  Min Paths  
  ------  ---------  ---------  
  Slow    Yes        Yes        
  Fast    Yes        Yes        


------------------------------------------------------------------------------------------------
| Report Methodology
| ------------------
------------------------------------------------------------------------------------------------

Rule    Severity  Description                               Violations  
------  --------  ----------------------------------------  ----------  
XDCH-2  Warning   Same min and max delay values on IO port  308         

Note: This report is based on the most recent report_methodology run and may not be up-to-date. Run report_methodology on the current design for the latest report.



check_timing report

Table of Contents
-----------------
1. checking no_clock (0)
2. checking constant_clock (0)
3. checking pulse_width_clock (0)
4. checking unconstrained_internal_endpoints (0)
5. checking no_input_delay (1)
6. checking no_output_delay (0)
7. checking multiple_clock (0)
8. checking generated_clocks (0)
9. checking loops (0)
10. checking partial_input_delay (0)
11. checking partial_output_delay (0)
12. checking latch_loops (0)

1. checking no_clock (0)
------------------------
 There are 0 register/latch pins with no clock.


2. checking constant_clock (0)
------------------------------
 There are 0 register/latch pins with constant_clock.


3. checking pulse_width_clock (0)
---------------------------------
 There are 0 register/latch pins which need pulse_width check


4. checking unconstrained_internal_endpoints (0)
------------------------------------------------
 There are 0 pins that are not constrained for maximum delay.

 There are 0 pins that are not constrained for maximum delay due to constant clock.


5. checking no_input_delay (1)
------------------------------
 There are 0 input ports with no input delay specified.

 There is 1 input port with no input delay but user has a false path constraint. (MEDIUM)


6. checking no_output_delay (0)
-------------------------------
 There are 0 ports with no output delay specified.

 There are 0 ports with no output delay but user has a false path constraint

 There are 0 ports with no output delay but with a timing clock defined on it or propagating through it


7. checking multiple_clock (0)
------------------------------
 There are 0 register/latch pins with multiple clocks.


8. checking generated_clocks (0)
--------------------------------
 There are 0 generated clocks that are not connected to a clock source.


9. checking loops (0)
---------------------
 There are 0 combinational loops in the design.


10. checking partial_input_delay (0)
------------------------------------
 There are 0 input ports with partial input delay specified.


11. checking partial_output_delay (0)
-------------------------------------
 There are 0 ports with partial output delay specified.


12. checking latch_loops (0)
----------------------------
 There are 0 combinational latch loops in the design through latch input



------------------------------------------------------------------------------------------------
| Design Timing Summary
| ---------------------
------------------------------------------------------------------------------------------------

    WNS(ns)      TNS(ns)  TNS Failing Endpoints  TNS Total Endpoints      WHS(ns)      THS(ns)  THS Failing Endpoints  THS Total Endpoints     WPWS(ns)     TPWS(ns)  TPWS Failing Endpoints  TPWS Total Endpoints  
    -------      -------  ---------------------  -------------------      -------      -------  ---------------------  -------------------     --------     --------  ----------------------  --------------------  
      0.319        0.000                      0                62720        0.015        0.000                      0                62720        4.458        0.000                       0                 18925  


All user specified timing constraints are met.


------------------------------------------------------------------------------------------------
| Clock Summary
| -------------
------------------------------------------------------------------------------------------------

Clock    Waveform(ns)       Period(ns)      Frequency(MHz)
-----    ------------       ----------      --------------
sys_clk  {0.000 5.000}      10.000          100.000         


------------------------------------------------------------------------------------------------
| Intra Clock Table
| -----------------
------------------------------------------------------------------------------------------------

Clock             WNS(ns)      TNS(ns)  TNS Failing Endpoints  TNS Total Endpoints      WHS(ns)      THS(ns)  THS Failing Endpoints  THS Total Endpoints     WPWS(ns)     TPWS(ns)  TPWS Failing Endpoints  TPWS Total Endpoints  
-----             -------      -------  ---------------------  -------------------      -------      -------  ---------------------  -------------------     --------     --------  ----------------------  --------------------  
sys_clk             0.319        0.000                      0                62720        0.015        0.000                      0                62720        4.458        0.000                       0                 18925  


------------------------------------------------------------------------------------------------
| Inter Clock Table
| -----------------
------------------------------------------------------------------------------------------------

From Clock    To Clock          WNS(ns)      TNS(ns)  TNS Failing Endpoints  TNS Total Endpoints      WHS(ns)      THS(ns)  THS Failing Endpoints  THS Total Endpoints  
----------    --------          -------      -------  ---------------------  -------------------      -------      -------  ---------------------  -------------------  


------------------------------------------------------------------------------------------------
| Other Path Groups Table
| -----------------------
------------------------------------------------------------------------------------------------

Path Group    From Clock    To Clock          WNS(ns)      TNS(ns)  TNS Failing Endpoints  TNS Total Endpoints      WHS(ns)      THS(ns)  THS Failing Endpoints  THS Total Endpoints  
----------    ----------    --------          -------      -------  ---------------------  -------------------      -------      -------  ---------------------  -------------------  


------------------------------------------------------------------------------------------------
| User Ignored Path Table
| -----------------------
------------------------------------------------------------------------------------------------

Path Group    From Clock    To Clock    
----------    ----------    --------    
(none)                      sys_clk       
(none)        sys_clk       sys_clk       


------------------------------------------------------------------------------------------------
| Unconstrained Path Table
| ------------------------
------------------------------------------------------------------------------------------------

Path Group    From Clock    To Clock    
----------    ----------    --------    


------------------------------------------------------------------------------------------------
| Timing Details
| --------------
------------------------------------------------------------------------------------------------


---------------------------------------------------------------------------------------------------
From Clock:  sys_clk
  To Clock:  sys_clk

Setup :            0  Failing Endpoints,  Worst Slack        0.319ns,  Total Violation        0.000ns
Hold  :            0  Failing Endpoints,  Worst Slack        0.015ns,  Total Violation        0.000ns
PW    :            0  Failing Endpoints,  Worst Slack        4.458ns,  Total Violation        0.000ns
---------------------------------------------------------------------------------------------------


Max Delay Paths
--------------------------------------------------------------------------------------
Slack (MET) :             0.319ns  (required time - arrival time)
  Source:                 u_core/u_core/u_out_proj/final_vec_reg[1][18]/C
                            (rising edge-triggered cell FDRE clocked by sys_clk  {rise@0.000ns fall@5.000ns period=10.000ns})
  Destination:            m_axis_y_tdata[24]
                            (output port clocked by sys_clk  {rise@0.000ns fall@5.000ns period=10.000ns})
  Path Group:             sys_clk
  Path Type:              Max at Slow Process Corner
  Requirement:            10.000ns  (sys_clk rise@10.000ns - sys_clk rise@0.000ns)
  Data Path Delay:        6.506ns  (logic 3.216ns (49.431%)  route 3.290ns (50.569%))
  Logic Levels:           8  (CARRY8=5 LUT5=2 OBUF=1)
  Output Delay:           0.100ns
  Clock Path Skew:        -3.040ns (DCD - SCD + CPR)
    Destination Clock Delay (DCD):    0.000ns = ( 10.000 - 10.000 ) 
    Source Clock Delay      (SCD):    3.040ns
    Clock Pessimism Removal (CPR):    0.000ns
  Clock Uncertainty:      0.035ns  ((TSJ^2 + TIJ^2)^1/2 + DJ) / 2 + PE
    Total System Jitter     (TSJ):    0.071ns
    Total Input Jitter      (TIJ):    0.000ns
    Discrete Jitter          (DJ):    0.000ns
    Phase Error              (PE):    0.000ns
  Clock Net Delay (Source):      2.198ns (routing 1.047ns, distribution 1.151ns)

    Location             Delay type                Incr(ns)  Path(ns)    Netlist Resource(s)
  -------------------------------------------------------------------    -------------------
                         (clock sys_clk rise edge)    0.000     0.000 r  
    Y8                                                0.000     0.000 r  sys_clk (IN)
                         net (fo=0)                   0.000     0.000    sys_clk_IBUF_inst/I
    Y8                   INBUF (Prop_INBUF_HPIOB_M_PAD_O)
                                                      0.482     0.482 r  sys_clk_IBUF_inst/INBUF_INST/O
                         net (fo=1, routed)           0.000     0.482    sys_clk_IBUF_inst/OUT
    Y8                   IBUFCTRL (Prop_IBUFCTRL_HPIOB_M_I_O)
                                                      0.000     0.482 r  sys_clk_IBUF_inst/IBUFCTRL_INST/O
                         net (fo=1, routed)           0.332     0.814    sys_clk_IBUF
    BUFGCE_X0Y49         BUFGCE (Prop_BUFCE_BUFGCE_I_O)
                                                      0.028     0.842 r  sys_clk_IBUF_BUFG_inst/O
    X2Y1 (CLOCK_ROOT)    net (fo=19344, routed)       2.198     3.040    u_core/u_core/u_out_proj/sys_clk_IBUF_BUFG
    SLICE_X83Y58         FDRE                                         r  u_core/u_core/u_out_proj/final_vec_reg[1][18]/C
  -------------------------------------------------------------------    -------------------
    SLICE_X83Y58         FDRE (Prop_EFF2_SLICEL_C_Q)
                                                      0.081     3.121 r  u_core/u_core/u_out_proj/final_vec_reg[1][18]/Q
                         net (fo=2, routed)           0.308     3.429    u_core/u_core/u_out_proj/u_y_sram/u_vec_ip/m_axis_y_tdata_OBUF[31]_inst_i_72_0[18]
    SLICE_X83Y58         CARRY8 (Prop_CARRY8_SLICEL_S[1]_CO[7])
                                                      0.186     3.615 r  u_core/u_core/u_out_proj/u_y_sram/u_vec_ip/m_axis_y_tdata_OBUF[31]_inst_i_3/CO[7]
                         net (fo=1, routed)           0.026     3.641    u_core/u_core/u_out_proj/u_y_sram/u_vec_ip/m_axis_y_tdata_OBUF[31]_inst_i_3_n_0
    SLICE_X83Y59         CARRY8 (Prop_CARRY8_SLICEL_CI_O[6])
                                                      0.103     3.744 f  u_core/u_core/u_out_proj/u_y_sram/u_vec_ip/m_axis_y_tdata_OBUF[31]_inst_i_32/O[6]
                         net (fo=4, routed)           0.282     4.026    u_core/u_core/u_out_proj/u_y_sram/u_vec_ip/m_axis_y_tdata_OBUF[31]_inst_i_32_n_9
    SLICE_X84Y55         LUT5 (Prop_E6LUT_SLICEL_I4_O)
                                                      0.147     4.173 r  u_core/u_core/u_out_proj/u_y_sram/u_vec_ip/m_axis_y_tdata_OBUF[31]_inst_i_61/O
                         net (fo=1, routed)           0.007     4.180    u_core/u_core/u_out_proj/u_y_sram/u_vec_ip/m_axis_y_tdata_OBUF[31]_inst_i_61_n_0
    SLICE_X84Y55         CARRY8 (Prop_CARRY8_SLICEL_S[4]_CO[7])
                                                      0.153     4.333 r  u_core/u_core/u_out_proj/u_y_sram/u_vec_ip/m_axis_y_tdata_OBUF[31]_inst_i_15/CO[7]
                         net (fo=1, routed)           0.026     4.359    u_core/u_core/u_out_proj/u_y_sram/u_vec_ip/m_axis_y_tdata_OBUF[31]_inst_i_15_n_0
    SLICE_X84Y56         CARRY8 (Prop_CARRY8_SLICEL_CI_CO[7])
                                                      0.015     4.374 r  u_core/u_core/u_out_proj/u_y_sram/u_vec_ip/m_axis_y_tdata_OBUF[31]_inst_i_6/CO[7]
                         net (fo=1, routed)           0.026     4.400    u_core/u_core/u_out_proj/u_y_sram/u_vec_ip/m_axis_y_tdata_OBUF[31]_inst_i_6_n_0
    SLICE_X84Y57         CARRY8 (Prop_CARRY8_SLICEL_CI_CO[1])
                                                      0.042     4.442 r  u_core/u_core/u_out_proj/u_y_sram/u_vec_ip/m_axis_y_tdata_OBUF[31]_inst_i_2/CO[1]
                         net (fo=16, routed)          0.228     4.669    u_core/u_core/u_out_proj/u_y_sram/u_vec_ip/m_axis_y_tdata_OBUF[31]_inst_i_2_n_6
    SLICE_X84Y57         LUT5 (Prop_C6LUT_SLICEL_I2_O)
                                                      0.146     4.815 r  u_core/u_core/u_out_proj/u_y_sram/u_vec_ip/m_axis_y_tdata_OBUF[24]_inst_i_1/O
                         net (fo=1, routed)           2.387     7.202    m_axis_y_tdata_OBUF[24]
    A17                  OBUF (Prop_OUTBUF_HDIOB_M_I_O)
                                                      2.343     9.545 r  m_axis_y_tdata_OBUF[24]_inst/O
                         net (fo=0)                   0.000     9.545    m_axis_y_tdata[24]
    A17                                                               r  m_axis_y_tdata[24] (OUT)
  -------------------------------------------------------------------    -------------------

                         (clock sys_clk rise edge)   10.000    10.000 r  
                         clock pessimism              0.000    10.000    
                         clock uncertainty           -0.035     9.965    
                         output delay                -0.100     9.865    
  -------------------------------------------------------------------
                         required time                          9.865    
                         arrival time                          -9.545    
  -------------------------------------------------------------------
                         slack                                  0.319    

Slack (MET) :             0.338ns  (required time - arrival time)
  Source:                 u_core/u_core/u_out_proj/final_vec_reg[1][18]/C
                            (rising edge-triggered cell FDRE clocked by sys_clk  {rise@0.000ns fall@5.000ns period=10.000ns})
  Destination:            m_axis_y_tdata[16]
                            (output port clocked by sys_clk  {rise@0.000ns fall@5.000ns period=10.000ns})
  Path Group:             sys_clk
  Path Type:              Max at Slow Process Corner
  Requirement:            10.000ns  (sys_clk rise@10.000ns - sys_clk rise@0.000ns)
  Data Path Delay:        6.487ns  (logic 3.201ns (49.340%)  route 3.286ns (50.660%))
  Logic Levels:           8  (CARRY8=5 LUT4=1 LUT5=1 OBUF=1)
  Output Delay:           0.100ns
  Clock Path Skew:        -3.040ns (DCD - SCD + CPR)
    Destination Clock Delay (DCD):    0.000ns = ( 10.000 - 10.000 ) 
    Source Clock Delay      (SCD):    3.040ns
    Clock Pessimism Removal (CPR):    0.000ns
  Clock Uncertainty:      0.035ns  ((TSJ^2 + TIJ^2)^1/2 + DJ) / 2 + PE
    Total System Jitter     (TSJ):    0.071ns
    Total Input Jitter      (TIJ):    0.000ns
    Discrete Jitter          (DJ):    0.000ns
    Phase Error              (PE):    0.000ns
  Clock Net Delay (Source):      2.198ns (routing 1.047ns, distribution 1.151ns)

    Location             Delay type                Incr(ns)  Path(ns)    Netlist Resource(s)
  -------------------------------------------------------------------    -------------------
                         (clock sys_clk rise edge)    0.000     0.000 r  
    Y8                                                0.000     0.000 r  sys_clk (IN)
                         net (fo=0)                   0.000     0.000    sys_clk_IBUF_inst/I
    Y8                   INBUF (Prop_INBUF_HPIOB_M_PAD_O)
                                                      0.482     0.482 r  sys_clk_IBUF_inst/INBUF_INST/O
                         net (fo=1, routed)           0.000     0.482    sys_clk_IBUF_inst/OUT
    Y8                   IBUFCTRL (Prop_IBUFCTRL_HPIOB_M_I_O)
                                                      0.000     0.482 r  sys_clk_IBUF_inst/IBUFCTRL_INST/O
                         net (fo=1, routed)           0.332     0.814    sys_clk_IBUF
    BUFGCE_X0Y49         BUFGCE (Prop_BUFCE_BUFGCE_I_O)
                                                      0.028     0.842 r  sys_clk_IBUF_BUFG_inst/O
    X2Y1 (CLOCK_ROOT)    net (fo=19344, routed)       2.198     3.040    u_core/u_core/u_out_proj/sys_clk_IBUF_BUFG
    SLICE_X83Y58         FDRE                                         r  u_core/u_core/u_out_proj/final_vec_reg[1][18]/C
  -------------------------------------------------------------------    -------------------
    SLICE_X83Y58         FDRE (Prop_EFF2_SLICEL_C_Q)
                                                      0.081     3.121 r  u_core/u_core/u_out_proj/final_vec_reg[1][18]/Q
                         net (fo=2, routed)           0.308     3.429    u_core/u_core/u_out_proj/u_y_sram/u_vec_ip/m_axis_y_tdata_OBUF[31]_inst_i_72_0[18]
    SLICE_X83Y58         CARRY8 (Prop_CARRY8_SLICEL_S[1]_CO[7])
                                                      0.186     3.615 r  u_core/u_core/u_out_proj/u_y_sram/u_vec_ip/m_axis_y_tdata_OBUF[31]_inst_i_3/CO[7]
                         net (fo=1, routed)           0.026     3.641    u_core/u_core/u_out_proj/u_y_sram/u_vec_ip/m_axis_y_tdata_OBUF[31]_inst_i_3_n_0
    SLICE_X83Y59         CARRY8 (Prop_CARRY8_SLICEL_CI_O[6])
                                                      0.103     3.744 f  u_core/u_core/u_out_proj/u_y_sram/u_vec_ip/m_axis_y_tdata_OBUF[31]_inst_i_32/O[6]
                         net (fo=4, routed)           0.282     4.026    u_core/u_core/u_out_proj/u_y_sram/u_vec_ip/m_axis_y_tdata_OBUF[31]_inst_i_32_n_9
    SLICE_X84Y55         LUT5 (Prop_E6LUT_SLICEL_I4_O)
                                                      0.147     4.173 r  u_core/u_core/u_out_proj/u_y_sram/u_vec_ip/m_axis_y_tdata_OBUF[31]_inst_i_61/O
                         net (fo=1, routed)           0.007     4.180    u_core/u_core/u_out_proj/u_y_sram/u_vec_ip/m_axis_y_tdata_OBUF[31]_inst_i_61_n_0
    SLICE_X84Y55         CARRY8 (Prop_CARRY8_SLICEL_S[4]_CO[7])
                                                      0.153     4.333 r  u_core/u_core/u_out_proj/u_y_sram/u_vec_ip/m_axis_y_tdata_OBUF[31]_inst_i_15/CO[7]
                         net (fo=1, routed)           0.026     4.359    u_core/u_core/u_out_proj/u_y_sram/u_vec_ip/m_axis_y_tdata_OBUF[31]_inst_i_15_n_0
    SLICE_X84Y56         CARRY8 (Prop_CARRY8_SLICEL_CI_CO[7])
                                                      0.015     4.374 r  u_core/u_core/u_out_proj/u_y_sram/u_vec_ip/m_axis_y_tdata_OBUF[31]_inst_i_6/CO[7]
                         net (fo=1, routed)           0.026     4.400    u_core/u_core/u_out_proj/u_y_sram/u_vec_ip/m_axis_y_tdata_OBUF[31]_inst_i_6_n_0
    SLICE_X84Y57         CARRY8 (Prop_CARRY8_SLICEL_CI_CO[1])
                                                      0.042     4.442 r  u_core/u_core/u_out_proj/u_y_sram/u_vec_ip/m_axis_y_tdata_OBUF[31]_inst_i_2/CO[1]
                         net (fo=16, routed)          2.117     6.559    u_core/u_core/u_out_proj/u_y_sram/u_vec_ip/m_axis_y_tdata_OBUF[31]_inst_i_2_n_6
    SLICE_X85Y314        LUT4 (Prop_C6LUT_SLICEM_I2_O)
                                                      0.145     6.704 r  u_core/u_core/u_out_proj/u_y_sram/u_vec_ip/m_axis_y_tdata_OBUF[16]_inst_i_1/O
                         net (fo=1, routed)           0.494     7.198    m_axis_y_tdata_OBUF[16]
    B15                  OBUF (Prop_OUTBUF_HDIOB_M_I_O)
                                                      2.329     9.527 r  m_axis_y_tdata_OBUF[16]_inst/O
                         net (fo=0)                   0.000     9.527    m_axis_y_tdata[16]
    B15                                                               r  m_axis_y_tdata[16] (OUT)
  -------------------------------------------------------------------    -------------------

                         (clock sys_clk rise edge)   10.000    10.000 r  
                         clock pessimism              0.000    10.000    
                         clock uncertainty           -0.035     9.965    
                         output delay                -0.100     9.865    
  -------------------------------------------------------------------
                         required time                          9.865    
                         arrival time                          -9.527    
  -------------------------------------------------------------------
                         slack                                  0.338    

Slack (MET) :             0.366ns  (required time - arrival time)
  Source:                 u_core/u_core/u_out_proj/final_vec_reg[1][18]/C
                            (rising edge-triggered cell FDRE clocked by sys_clk  {rise@0.000ns fall@5.000ns period=10.000ns})
  Destination:            m_axis_y_tdata[22]
                            (output port clocked by sys_clk  {rise@0.000ns fall@5.000ns period=10.000ns})
  Path Group:             sys_clk
  Path Type:              Max at Slow Process Corner
  Requirement:            10.000ns  (sys_clk rise@10.000ns - sys_clk rise@0.000ns)
  Data Path Delay:        6.459ns  (logic 3.132ns (48.496%)  route 3.327ns (51.504%))
  Logic Levels:           8  (CARRY8=5 LUT5=2 OBUF=1)
  Output Delay:           0.100ns
  Clock Path Skew:        -3.040ns (DCD - SCD + CPR)
    Destination Clock Delay (DCD):    0.000ns = ( 10.000 - 10.000 ) 
    Source Clock Delay      (SCD):    3.040ns
    Clock Pessimism Removal (CPR):    0.000ns
  Clock Uncertainty:      0.035ns  ((TSJ^2 + TIJ^2)^1/2 + DJ) / 2 + PE
    Total System Jitter     (TSJ):    0.071ns
    Total Input Jitter      (TIJ):    0.000ns
    Discrete Jitter          (DJ):    0.000ns
    Phase Error              (PE):    0.000ns
  Clock Net Delay (Source):      2.198ns (routing 1.047ns, distribution 1.151ns)

    Location             Delay type                Incr(ns)  Path(ns)    Netlist Resource(s)
  -------------------------------------------------------------------    -------------------
                         (clock sys_clk rise edge)    0.000     0.000 r  
    Y8                                                0.000     0.000 r  sys_clk (IN)
                         net (fo=0)                   0.000     0.000    sys_clk_IBUF_inst/I
    Y8                   INBUF (Prop_INBUF_HPIOB_M_PAD_O)
                                                      0.482     0.482 r  sys_clk_IBUF_inst/INBUF_INST/O
                         net (fo=1, routed)           0.000     0.482    sys_clk_IBUF_inst/OUT
    Y8                   IBUFCTRL (Prop_IBUFCTRL_HPIOB_M_I_O)
                                                      0.000     0.482 r  sys_clk_IBUF_inst/IBUFCTRL_INST/O
                         net (fo=1, routed)           0.332     0.814    sys_clk_IBUF
    BUFGCE_X0Y49         BUFGCE (Prop_BUFCE_BUFGCE_I_O)
                                                      0.028     0.842 r  sys_clk_IBUF_BUFG_inst/O
    X2Y1 (CLOCK_ROOT)    net (fo=19344, routed)       2.198     3.040    u_core/u_core/u_out_proj/sys_clk_IBUF_BUFG
    SLICE_X83Y58         FDRE                                         r  u_core/u_core/u_out_proj/final_vec_reg[1][18]/C
  -------------------------------------------------------------------    -------------------
    SLICE_X83Y58         FDRE (Prop_EFF2_SLICEL_C_Q)
                                                      0.081     3.121 r  u_core/u_core/u_out_proj/final_vec_reg[1][18]/Q
                         net (fo=2, routed)           0.308     3.429    u_core/u_core/u_out_proj/u_y_sram/u_vec_ip/m_axis_y_tdata_OBUF[31]_inst_i_72_0[18]
    SLICE_X83Y58         CARRY8 (Prop_CARRY8_SLICEL_S[1]_CO[7])
                                                      0.186     3.615 r  u_core/u_core/u_out_proj/u_y_sram/u_vec_ip/m_axis_y_tdata_OBUF[31]_inst_i_3/CO[7]
                         net (fo=1, routed)           0.026     3.641    u_core/u_core/u_out_proj/u_y_sram/u_vec_ip/m_axis_y_tdata_OBUF[31]_inst_i_3_n_0
    SLICE_X83Y59         CARRY8 (Prop_CARRY8_SLICEL_CI_O[6])
                                                      0.103     3.744 f  u_core/u_core/u_out_proj/u_y_sram/u_vec_ip/m_axis_y_tdata_OBUF[31]_inst_i_32/O[6]
                         net (fo=4, routed)           0.282     4.026    u_core/u_core/u_out_proj/u_y_sram/u_vec_ip/m_axis_y_tdata_OBUF[31]_inst_i_32_n_9
    SLICE_X84Y55         LUT5 (Prop_E6LUT_SLICEL_I4_O)
                                                      0.147     4.173 r  u_core/u_core/u_out_proj/u_y_sram/u_vec_ip/m_axis_y_tdata_OBUF[31]_inst_i_61/O
                         net (fo=1, routed)           0.007     4.180    u_core/u_core/u_out_proj/u_y_sram/u_vec_ip/m_axis_y_tdata_OBUF[31]_inst_i_61_n_0
    SLICE_X84Y55         CARRY8 (Prop_CARRY8_SLICEL_S[4]_CO[7])
                                                      0.153     4.333 r  u_core/u_core/u_out_proj/u_y_sram/u_vec_ip/m_axis_y_tdata_OBUF[31]_inst_i_15/CO[7]
                         net (fo=1, routed)           0.026     4.359    u_core/u_core/u_out_proj/u_y_sram/u_vec_ip/m_axis_y_tdata_OBUF[31]_inst_i_15_n_0
    SLICE_X84Y56         CARRY8 (Prop_CARRY8_SLICEL_CI_CO[7])
                                                      0.015     4.374 r  u_core/u_core/u_out_proj/u_y_sram/u_vec_ip/m_axis_y_tdata_OBUF[31]_inst_i_6/CO[7]
                         net (fo=1, routed)           0.026     4.400    u_core/u_core/u_out_proj/u_y_sram/u_vec_ip/m_axis_y_tdata_OBUF[31]_inst_i_6_n_0
    SLICE_X84Y57         CARRY8 (Prop_CARRY8_SLICEL_CI_CO[1])
                                                      0.042     4.442 r  u_core/u_core/u_out_proj/u_y_sram/u_vec_ip/m_axis_y_tdata_OBUF[31]_inst_i_2/CO[1]
                         net (fo=16, routed)          0.370     4.811    u_core/u_core/u_out_proj/u_y_sram/u_vec_ip/m_axis_y_tdata_OBUF[31]_inst_i_2_n_6
    SLICE_X85Y75         LUT5 (Prop_G6LUT_SLICEM_I2_O)
                                                      0.100     4.911 r  u_core/u_core/u_out_proj/u_y_sram/u_vec_ip/m_axis_y_tdata_OBUF[22]_inst_i_1/O
                         net (fo=1, routed)           2.282     7.193    m_axis_y_tdata_OBUF[22]
    F16                  OBUF (Prop_OUTBUF_HDIOB_M_I_O)
                                                      2.305     9.499 r  m_axis_y_tdata_OBUF[22]_inst/O
                         net (fo=0)                   0.000     9.499    m_axis_y_tdata[22]
    F16                                                               r  m_axis_y_tdata[22] (OUT)
  -------------------------------------------------------------------    -------------------

                         (clock sys_clk rise edge)   10.000    10.000 r  
                         clock pessimism              0.000    10.000    
                         clock uncertainty           -0.035     9.965    
                         output delay                -0.100     9.865    
  -------------------------------------------------------------------
                         required time                          9.865    
                         arrival time                          -9.499    
  -------------------------------------------------------------------
                         slack                                  0.366    

Slack (MET) :             0.395ns  (required time - arrival time)
  Source:                 u_core/u_core/u_out_proj/final_vec_reg[1][18]/C
                            (rising edge-triggered cell FDRE clocked by sys_clk  {rise@0.000ns fall@5.000ns period=10.000ns})
  Destination:            m_axis_y_tdata[28]
                            (output port clocked by sys_clk  {rise@0.000ns fall@5.000ns period=10.000ns})
  Path Group:             sys_clk
  Path Type:              Max at Slow Process Corner
  Requirement:            10.000ns  (sys_clk rise@10.000ns - sys_clk rise@0.000ns)
  Data Path Delay:        6.430ns  (logic 3.158ns (49.116%)  route 3.272ns (50.884%))
  Logic Levels:           8  (CARRY8=5 LUT5=2 OBUF=1)
  Output Delay:           0.100ns
  Clock Path Skew:        -3.040ns (DCD - SCD + CPR)
    Destination Clock Delay (DCD):    0.000ns = ( 10.000 - 10.000 ) 
    Source Clock Delay      (SCD):    3.040ns
    Clock Pessimism Removal (CPR):    0.000ns
  Clock Uncertainty:      0.035ns  ((TSJ^2 + TIJ^2)^1/2 + DJ) / 2 + PE
    Total System Jitter     (TSJ):    0.071ns
    Total Input Jitter      (TIJ):    0.000ns
    Discrete Jitter          (DJ):    0.000ns
    Phase Error              (PE):    0.000ns
  Clock Net Delay (Source):      2.198ns (routing 1.047ns, distribution 1.151ns)

    Location             Delay type                Incr(ns)  Path(ns)    Netlist Resource(s)
  -------------------------------------------------------------------    -------------------
                         (clock sys_clk rise edge)    0.000     0.000 r  
    Y8                                                0.000     0.000 r  sys_clk (IN)
                         net (fo=0)                   0.000     0.000    sys_clk_IBUF_inst/I
    Y8                   INBUF (Prop_INBUF_HPIOB_M_PAD_O)
                                                      0.482     0.482 r  sys_clk_IBUF_inst/INBUF_INST/O
                         net (fo=1, routed)           0.000     0.482    sys_clk_IBUF_inst/OUT
    Y8                   IBUFCTRL (Prop_IBUFCTRL_HPIOB_M_I_O)
                                                      0.000     0.482 r  sys_clk_IBUF_inst/IBUFCTRL_INST/O
                         net (fo=1, routed)           0.332     0.814    sys_clk_IBUF
    BUFGCE_X0Y49         BUFGCE (Prop_BUFCE_BUFGCE_I_O)
                                                      0.028     0.842 r  sys_clk_IBUF_BUFG_inst/O
    X2Y1 (CLOCK_ROOT)    net (fo=19344, routed)       2.198     3.040    u_core/u_core/u_out_proj/sys_clk_IBUF_BUFG
    SLICE_X83Y58         FDRE                                         r  u_core/u_core/u_out_proj/final_vec_reg[1][18]/C
  -------------------------------------------------------------------    -------------------
    SLICE_X83Y58         FDRE (Prop_EFF2_SLICEL_C_Q)
                                                      0.081     3.121 r  u_core/u_core/u_out_proj/final_vec_reg[1][18]/Q
                         net (fo=2, routed)           0.308     3.429    u_core/u_core/u_out_proj/u_y_sram/u_vec_ip/m_axis_y_tdata_OBUF[31]_inst_i_72_0[18]
    SLICE_X83Y58         CARRY8 (Prop_CARRY8_SLICEL_S[1]_CO[7])
                                                      0.186     3.615 r  u_core/u_core/u_out_proj/u_y_sram/u_vec_ip/m_axis_y_tdata_OBUF[31]_inst_i_3/CO[7]
                         net (fo=1, routed)           0.026     3.641    u_core/u_core/u_out_proj/u_y_sram/u_vec_ip/m_axis_y_tdata_OBUF[31]_inst_i_3_n_0
    SLICE_X83Y59         CARRY8 (Prop_CARRY8_SLICEL_CI_O[0])
                                                      0.056     3.697 r  u_core/u_core/u_out_proj/u_y_sram/u_vec_ip/m_axis_y_tdata_OBUF[31]_inst_i_32/O[0]
                         net (fo=4, routed)           0.238     3.935    u_core/u_core/u_out_proj/u_y_sram/u_vec_ip/m_axis_y_tdata_OBUF[31]_inst_i_32_n_15
    SLICE_X84Y58         LUT5 (Prop_B6LUT_SLICEL_I1_O)
                                                      0.148     4.083 r  u_core/u_core/u_out_proj/u_y_sram/u_vec_ip/m_axis_y_tdata_OBUF[31]_inst_i_80/O
                         net (fo=1, routed)           0.009     4.092    u_core/u_core/u_out_proj/u_y_sram/u_vec_ip/m_axis_y_tdata_OBUF[31]_inst_i_80_n_0
    SLICE_X84Y58         CARRY8 (Prop_CARRY8_SLICEL_S[1]_CO[7])
                                                      0.186     4.278 f  u_core/u_core/u_out_proj/u_y_sram/u_vec_ip/m_axis_y_tdata_OBUF[31]_inst_i_33/CO[7]
                         net (fo=1, routed)           0.026     4.304    u_core/u_core/u_out_proj/u_y_sram/u_vec_ip/m_axis_y_tdata_OBUF[31]_inst_i_33_n_0
    SLICE_X84Y59         CARRY8 (Prop_CARRY8_SLICEL_CI_CO[7])
                                                      0.015     4.319 f  u_core/u_core/u_out_proj/u_y_sram/u_vec_ip/m_axis_y_tdata_OBUF[31]_inst_i_11/CO[7]
                         net (fo=1, routed)           0.026     4.345    u_core/u_core/u_out_proj/u_y_sram/u_vec_ip/m_axis_y_tdata_OBUF[31]_inst_i_11_n_0
    SLICE_X84Y60         CARRY8 (Prop_CARRY8_SLICEL_CI_CO[1])
                                                      0.042     4.387 f  u_core/u_core/u_out_proj/u_y_sram/u_vec_ip/m_axis_y_tdata_OBUF[31]_inst_i_5/CO[1]
                         net (fo=16, routed)          0.402     4.789    u_core/u_core/u_out_proj/u_y_sram/u_vec_ip/m_axis_y_tdata_OBUF[31]_inst_i_5_n_6
    SLICE_X85Y75         LUT5 (Prop_D6LUT_SLICEM_I1_O)
                                                      0.088     4.877 r  u_core/u_core/u_out_proj/u_y_sram/u_vec_ip/m_axis_y_tdata_OBUF[28]_inst_i_1/O
                         net (fo=1, routed)           2.237     7.114    m_axis_y_tdata_OBUF[28]
    B18                  OBUF (Prop_OUTBUF_HDIOB_M_I_O)
                                                      2.356     9.470 r  m_axis_y_tdata_OBUF[28]_inst/O
                         net (fo=0)                   0.000     9.470    m_axis_y_tdata[28]
    B18                                                               r  m_axis_y_tdata[28] (OUT)
  -------------------------------------------------------------------    -------------------

                         (clock sys_clk rise edge)   10.000    10.000 r  
                         clock pessimism              0.000    10.000    
                         clock uncertainty           -0.035     9.965    
                         output delay                -0.100     9.865    
  -------------------------------------------------------------------
                         required time                          9.865    
                         arrival time                          -9.470    
  -------------------------------------------------------------------
                         slack                                  0.395    

Slack (MET) :             0.421ns  (required time - arrival time)
  Source:                 u_core/u_core/u_out_proj/final_vec_reg[1][18]/C
                            (rising edge-triggered cell FDRE clocked by sys_clk  {rise@0.000ns fall@5.000ns period=10.000ns})
  Destination:            m_axis_y_tdata[23]
                            (output port clocked by sys_clk  {rise@0.000ns fall@5.000ns period=10.000ns})
  Path Group:             sys_clk
  Path Type:              Max at Slow Process Corner
  Requirement:            10.000ns  (sys_clk rise@10.000ns - sys_clk rise@0.000ns)
  Data Path Delay:        6.404ns  (logic 3.108ns (48.533%)  route 3.296ns (51.467%))
  Logic Levels:           8  (CARRY8=5 LUT5=2 OBUF=1)
  Output Delay:           0.100ns
  Clock Path Skew:        -3.040ns (DCD - SCD + CPR)
    Destination Clock Delay (DCD):    0.000ns = ( 10.000 - 10.000 ) 
    Source Clock Delay      (SCD):    3.040ns
    Clock Pessimism Removal (CPR):    0.000ns
  Clock Uncertainty:      0.035ns  ((TSJ^2 + TIJ^2)^1/2 + DJ) / 2 + PE
    Total System Jitter     (TSJ):    0.071ns
    Total Input Jitter      (TIJ):    0.000ns
    Discrete Jitter          (DJ):    0.000ns
    Phase Error              (PE):    0.000ns
  Clock Net Delay (Source):      2.198ns (routing 1.047ns, distribution 1.151ns)

    Location             Delay type                Incr(ns)  Path(ns)    Netlist Resource(s)
  -------------------------------------------------------------------    -------------------
                         (clock sys_clk rise edge)    0.000     0.000 r  
    Y8                                                0.000     0.000 r  sys_clk (IN)
                         net (fo=0)                   0.000     0.000    sys_clk_IBUF_inst/I
    Y8                   INBUF (Prop_INBUF_HPIOB_M_PAD_O)
                                                      0.482     0.482 r  sys_clk_IBUF_inst/INBUF_INST/O
                         net (fo=1, routed)           0.000     0.482    sys_clk_IBUF_inst/OUT
    Y8                   IBUFCTRL (Prop_IBUFCTRL_HPIOB_M_I_O)
                                                      0.000     0.482 r  sys_clk_IBUF_inst/IBUFCTRL_INST/O
                         net (fo=1, routed)           0.332     0.814    sys_clk_IBUF
    BUFGCE_X0Y49         BUFGCE (Prop_BUFCE_BUFGCE_I_O)
                                                      0.028     0.842 r  sys_clk_IBUF_BUFG_inst/O
    X2Y1 (CLOCK_ROOT)    net (fo=19344, routed)       2.198     3.040    u_core/u_core/u_out_proj/sys_clk_IBUF_BUFG
    SLICE_X83Y58         FDRE                                         r  u_core/u_core/u_out_proj/final_vec_reg[1][18]/C
  -------------------------------------------------------------------    -------------------
    SLICE_X83Y58         FDRE (Prop_EFF2_SLICEL_C_Q)
                                                      0.081     3.121 r  u_core/u_core/u_out_proj/final_vec_reg[1][18]/Q
                         net (fo=2, routed)           0.308     3.429    u_core/u_core/u_out_proj/u_y_sram/u_vec_ip/m_axis_y_tdata_OBUF[31]_inst_i_72_0[18]
    SLICE_X83Y58         CARRY8 (Prop_CARRY8_SLICEL_S[1]_CO[7])
                                                      0.186     3.615 r  u_core/u_core/u_out_proj/u_y_sram/u_vec_ip/m_axis_y_tdata_OBUF[31]_inst_i_3/CO[7]
                         net (fo=1, routed)           0.026     3.641    u_core/u_core/u_out_proj/u_y_sram/u_vec_ip/m_axis_y_tdata_OBUF[31]_inst_i_3_n_0
    SLICE_X83Y59         CARRY8 (Prop_CARRY8_SLICEL_CI_O[0])
                                                      0.056     3.697 r  u_core/u_core/u_out_proj/u_y_sram/u_vec_ip/m_axis_y_tdata_OBUF[31]_inst_i_32/O[0]
                         net (fo=4, routed)           0.238     3.935    u_core/u_core/u_out_proj/u_y_sram/u_vec_ip/m_axis_y_tdata_OBUF[31]_inst_i_32_n_15
    SLICE_X84Y58         LUT5 (Prop_B6LUT_SLICEL_I1_O)
                                                      0.148     4.083 r  u_core/u_core/u_out_proj/u_y_sram/u_vec_ip/m_axis_y_tdata_OBUF[31]_inst_i_80/O
                         net (fo=1, routed)           0.009     4.092    u_core/u_core/u_out_proj/u_y_sram/u_vec_ip/m_axis_y_tdata_OBUF[31]_inst_i_80_n_0
    SLICE_X84Y58         CARRY8 (Prop_CARRY8_SLICEL_S[1]_CO[7])
                                                      0.186     4.278 f  u_core/u_core/u_out_proj/u_y_sram/u_vec_ip/m_axis_y_tdata_OBUF[31]_inst_i_33/CO[7]
                         net (fo=1, routed)           0.026     4.304    u_core/u_core/u_out_proj/u_y_sram/u_vec_ip/m_axis_y_tdata_OBUF[31]_inst_i_33_n_0
    SLICE_X84Y59         CARRY8 (Prop_CARRY8_SLICEL_CI_CO[7])
                                                      0.015     4.319 f  u_core/u_core/u_out_proj/u_y_sram/u_vec_ip/m_axis_y_tdata_OBUF[31]_inst_i_11/CO[7]
                         net (fo=1, routed)           0.026     4.345    u_core/u_core/u_out_proj/u_y_sram/u_vec_ip/m_axis_y_tdata_OBUF[31]_inst_i_11_n_0
    SLICE_X84Y60         CARRY8 (Prop_CARRY8_SLICEL_CI_CO[1])
                                                      0.042     4.387 f  u_core/u_core/u_out_proj/u_y_sram/u_vec_ip/m_axis_y_tdata_OBUF[31]_inst_i_5/CO[1]
                         net (fo=16, routed)          0.247     4.634    u_core/u_core/u_out_proj/u_y_sram/u_vec_ip/m_axis_y_tdata_OBUF[31]_inst_i_5_n_6
    SLICE_X83Y56         LUT5 (Prop_D6LUT_SLICEL_I1_O)
                                                      0.089     4.723 r  u_core/u_core/u_out_proj/u_y_sram/u_vec_ip/m_axis_y_tdata_OBUF[23]_inst_i_1/O
                         net (fo=1, routed)           2.416     7.139    m_axis_y_tdata_OBUF[23]
    F15                  OBUF (Prop_OUTBUF_HDIOB_S_I_O)
                                                      2.305     9.444 r  m_axis_y_tdata_OBUF[23]_inst/O
                         net (fo=0)                   0.000     9.444    m_axis_y_tdata[23]
    F15                                                               r  m_axis_y_tdata[23] (OUT)
  -------------------------------------------------------------------    -------------------

                         (clock sys_clk rise edge)   10.000    10.000 r  
                         clock pessimism              0.000    10.000    
                         clock uncertainty           -0.035     9.965    
                         output delay                -0.100     9.865    
  -------------------------------------------------------------------
                         required time                          9.865    
                         arrival time                          -9.444    
  -------------------------------------------------------------------
                         slack                                  0.421    

Slack (MET) :             0.426ns  (required time - arrival time)
  Source:                 u_core/u_core/u_out_proj/final_vec_reg[1][18]/C
                            (rising edge-triggered cell FDRE clocked by sys_clk  {rise@0.000ns fall@5.000ns period=10.000ns})
  Destination:            m_axis_y_tdata[18]
                            (output port clocked by sys_clk  {rise@0.000ns fall@5.000ns period=10.000ns})
  Path Group:             sys_clk
  Path Type:              Max at Slow Process Corner
  Requirement:            10.000ns  (sys_clk rise@10.000ns - sys_clk rise@0.000ns)
  Data Path Delay:        6.399ns  (logic 3.107ns (48.549%)  route 3.293ns (51.451%))
  Logic Levels:           8  (CARRY8=5 LUT5=2 OBUF=1)
  Output Delay:           0.100ns
  Clock Path Skew:        -3.040ns (DCD - SCD + CPR)
    Destination Clock Delay (DCD):    0.000ns = ( 10.000 - 10.000 ) 
    Source Clock Delay      (SCD):    3.040ns
    Clock Pessimism Removal (CPR):    0.000ns
  Clock Uncertainty:      0.035ns  ((TSJ^2 + TIJ^2)^1/2 + DJ) / 2 + PE
    Total System Jitter     (TSJ):    0.071ns
    Total Input Jitter      (TIJ):    0.000ns
    Discrete Jitter          (DJ):    0.000ns
    Phase Error              (PE):    0.000ns
  Clock Net Delay (Source):      2.198ns (routing 1.047ns, distribution 1.151ns)

    Location             Delay type                Incr(ns)  Path(ns)    Netlist Resource(s)
  -------------------------------------------------------------------    -------------------
                         (clock sys_clk rise edge)    0.000     0.000 r  
    Y8                                                0.000     0.000 r  sys_clk (IN)
                         net (fo=0)                   0.000     0.000    sys_clk_IBUF_inst/I
    Y8                   INBUF (Prop_INBUF_HPIOB_M_PAD_O)
                                                      0.482     0.482 r  sys_clk_IBUF_inst/INBUF_INST/O
                         net (fo=1, routed)           0.000     0.482    sys_clk_IBUF_inst/OUT
    Y8                   IBUFCTRL (Prop_IBUFCTRL_HPIOB_M_I_O)
                                                      0.000     0.482 r  sys_clk_IBUF_inst/IBUFCTRL_INST/O
                         net (fo=1, routed)           0.332     0.814    sys_clk_IBUF
    BUFGCE_X0Y49         BUFGCE (Prop_BUFCE_BUFGCE_I_O)
                                                      0.028     0.842 r  sys_clk_IBUF_BUFG_inst/O
    X2Y1 (CLOCK_ROOT)    net (fo=19344, routed)       2.198     3.040    u_core/u_core/u_out_proj/sys_clk_IBUF_BUFG
    SLICE_X83Y58         FDRE                                         r  u_core/u_core/u_out_proj/final_vec_reg[1][18]/C
  -------------------------------------------------------------------    -------------------
    SLICE_X83Y58         FDRE (Prop_EFF2_SLICEL_C_Q)
                                                      0.081     3.121 r  u_core/u_core/u_out_proj/final_vec_reg[1][18]/Q
                         net (fo=2, routed)           0.308     3.429    u_core/u_core/u_out_proj/u_y_sram/u_vec_ip/m_axis_y_tdata_OBUF[31]_inst_i_72_0[18]
    SLICE_X83Y58         CARRY8 (Prop_CARRY8_SLICEL_S[1]_CO[7])
                                                      0.186     3.615 r  u_core/u_core/u_out_proj/u_y_sram/u_vec_ip/m_axis_y_tdata_OBUF[31]_inst_i_3/CO[7]
                         net (fo=1, routed)           0.026     3.641    u_core/u_core/u_out_proj/u_y_sram/u_vec_ip/m_axis_y_tdata_OBUF[31]_inst_i_3_n_0
    SLICE_X83Y59         CARRY8 (Prop_CARRY8_SLICEL_CI_O[6])
                                                      0.103     3.744 f  u_core/u_core/u_out_proj/u_y_sram/u_vec_ip/m_axis_y_tdata_OBUF[31]_inst_i_32/O[6]
                         net (fo=4, routed)           0.282     4.026    u_core/u_core/u_out_proj/u_y_sram/u_vec_ip/m_axis_y_tdata_OBUF[31]_inst_i_32_n_9
    SLICE_X84Y55         LUT5 (Prop_E6LUT_SLICEL_I4_O)
                                                      0.147     4.173 r  u_core/u_core/u_out_proj/u_y_sram/u_vec_ip/m_axis_y_tdata_OBUF[31]_inst_i_61/O
                         net (fo=1, routed)           0.007     4.180    u_core/u_core/u_out_proj/u_y_sram/u_vec_ip/m_axis_y_tdata_OBUF[31]_inst_i_61_n_0
    SLICE_X84Y55         CARRY8 (Prop_CARRY8_SLICEL_S[4]_CO[7])
                                                      0.153     4.333 r  u_core/u_core/u_out_proj/u_y_sram/u_vec_ip/m_axis_y_tdata_OBUF[31]_inst_i_15/CO[7]
                         net (fo=1, routed)           0.026     4.359    u_core/u_core/u_out_proj/u_y_sram/u_vec_ip/m_axis_y_tdata_OBUF[31]_inst_i_15_n_0
    SLICE_X84Y56         CARRY8 (Prop_CARRY8_SLICEL_CI_CO[7])
                                                      0.015     4.374 r  u_core/u_core/u_out_proj/u_y_sram/u_vec_ip/m_axis_y_tdata_OBUF[31]_inst_i_6/CO[7]
                         net (fo=1, routed)           0.026     4.400    u_core/u_core/u_out_proj/u_y_sram/u_vec_ip/m_axis_y_tdata_OBUF[31]_inst_i_6_n_0
    SLICE_X84Y57         CARRY8 (Prop_CARRY8_SLICEL_CI_CO[1])
                                                      0.042     4.442 r  u_core/u_core/u_out_proj/u_y_sram/u_vec_ip/m_axis_y_tdata_OBUF[31]_inst_i_2/CO[1]
                         net (fo=16, routed)          0.246     4.687    u_core/u_core/u_out_proj/u_y_sram/u_vec_ip/m_axis_y_tdata_OBUF[31]_inst_i_2_n_6
    SLICE_X85Y60         LUT5 (Prop_C6LUT_SLICEM_I2_O)
                                                      0.051     4.738 r  u_core/u_core/u_out_proj/u_y_sram/u_vec_ip/m_axis_y_tdata_OBUF[18]_inst_i_1/O
                         net (fo=1, routed)           2.372     7.110    m_axis_y_tdata_OBUF[18]
    B16                  OBUF (Prop_OUTBUF_HDIOB_M_I_O)
                                                      2.329     9.439 r  m_axis_y_tdata_OBUF[18]_inst/O
                         net (fo=0)                   0.000     9.439    m_axis_y_tdata[18]
    B16                                                               r  m_axis_y_tdata[18] (OUT)
  -------------------------------------------------------------------    -------------------

                         (clock sys_clk rise edge)   10.000    10.000 r  
                         clock pessimism              0.000    10.000    
                         clock uncertainty           -0.035     9.965    
                         output delay                -0.100     9.865    
  -------------------------------------------------------------------
                         required time                          9.865    
                         arrival time                          -9.439    
  -------------------------------------------------------------------
                         slack                                  0.426    

Slack (MET) :             0.445ns  (required time - arrival time)
  Source:                 u_core/u_core/u_out_proj/final_vec_reg[1][18]/C
                            (rising edge-triggered cell FDRE clocked by sys_clk  {rise@0.000ns fall@5.000ns period=10.000ns})
  Destination:            m_axis_y_tdata[21]
                            (output port clocked by sys_clk  {rise@0.000ns fall@5.000ns period=10.000ns})
  Path Group:             sys_clk
  Path Type:              Max at Slow Process Corner
  Requirement:            10.000ns  (sys_clk rise@10.000ns - sys_clk rise@0.000ns)
  Data Path Delay:        6.380ns  (logic 3.137ns (49.164%)  route 3.243ns (50.836%))
  Logic Levels:           8  (CARRY8=5 LUT5=2 OBUF=1)
  Output Delay:           0.100ns
  Clock Path Skew:        -3.040ns (DCD - SCD + CPR)
    Destination Clock Delay (DCD):    0.000ns = ( 10.000 - 10.000 ) 
    Source Clock Delay      (SCD):    3.040ns
    Clock Pessimism Removal (CPR):    0.000ns
  Clock Uncertainty:      0.035ns  ((TSJ^2 + TIJ^2)^1/2 + DJ) / 2 + PE
    Total System Jitter     (TSJ):    0.071ns
    Total Input Jitter      (TIJ):    0.000ns
    Discrete Jitter          (DJ):    0.000ns
    Phase Error              (PE):    0.000ns
  Clock Net Delay (Source):      2.198ns (routing 1.047ns, distribution 1.151ns)

    Location             Delay type                Incr(ns)  Path(ns)    Netlist Resource(s)
  -------------------------------------------------------------------    -------------------
                         (clock sys_clk rise edge)    0.000     0.000 r  
    Y8                                                0.000     0.000 r  sys_clk (IN)
                         net (fo=0)                   0.000     0.000    sys_clk_IBUF_inst/I
    Y8                   INBUF (Prop_INBUF_HPIOB_M_PAD_O)
                                                      0.482     0.482 r  sys_clk_IBUF_inst/INBUF_INST/O
                         net (fo=1, routed)           0.000     0.482    sys_clk_IBUF_inst/OUT
    Y8                   IBUFCTRL (Prop_IBUFCTRL_HPIOB_M_I_O)
                                                      0.000     0.482 r  sys_clk_IBUF_inst/IBUFCTRL_INST/O
                         net (fo=1, routed)           0.332     0.814    sys_clk_IBUF
    BUFGCE_X0Y49         BUFGCE (Prop_BUFCE_BUFGCE_I_O)
                                                      0.028     0.842 r  sys_clk_IBUF_BUFG_inst/O
    X2Y1 (CLOCK_ROOT)    net (fo=19344, routed)       2.198     3.040    u_core/u_core/u_out_proj/sys_clk_IBUF_BUFG
    SLICE_X83Y58         FDRE                                         r  u_core/u_core/u_out_proj/final_vec_reg[1][18]/C
  -------------------------------------------------------------------    -------------------
    SLICE_X83Y58         FDRE (Prop_EFF2_SLICEL_C_Q)
                                                      0.081     3.121 r  u_core/u_core/u_out_proj/final_vec_reg[1][18]/Q
                         net (fo=2, routed)           0.308     3.429    u_core/u_core/u_out_proj/u_y_sram/u_vec_ip/m_axis_y_tdata_OBUF[31]_inst_i_72_0[18]
    SLICE_X83Y58         CARRY8 (Prop_CARRY8_SLICEL_S[1]_CO[7])
                                                      0.186     3.615 r  u_core/u_core/u_out_proj/u_y_sram/u_vec_ip/m_axis_y_tdata_OBUF[31]_inst_i_3/CO[7]
                         net (fo=1, routed)           0.026     3.641    u_core/u_core/u_out_proj/u_y_sram/u_vec_ip/m_axis_y_tdata_OBUF[31]_inst_i_3_n_0
    SLICE_X83Y59         CARRY8 (Prop_CARRY8_SLICEL_CI_O[6])
                                                      0.103     3.744 f  u_core/u_core/u_out_proj/u_y_sram/u_vec_ip/m_axis_y_tdata_OBUF[31]_inst_i_32/O[6]
                         net (fo=4, routed)           0.282     4.026    u_core/u_core/u_out_proj/u_y_sram/u_vec_ip/m_axis_y_tdata_OBUF[31]_inst_i_32_n_9
    SLICE_X84Y55         LUT5 (Prop_E6LUT_SLICEL_I4_O)
                                                      0.147     4.173 r  u_core/u_core/u_out_proj/u_y_sram/u_vec_ip/m_axis_y_tdata_OBUF[31]_inst_i_61/O
                         net (fo=1, routed)           0.007     4.180    u_core/u_core/u_out_proj/u_y_sram/u_vec_ip/m_axis_y_tdata_OBUF[31]_inst_i_61_n_0
    SLICE_X84Y55         CARRY8 (Prop_CARRY8_SLICEL_S[4]_CO[7])
                                                      0.153     4.333 r  u_core/u_core/u_out_proj/u_y_sram/u_vec_ip/m_axis_y_tdata_OBUF[31]_inst_i_15/CO[7]
                         net (fo=1, routed)           0.026     4.359    u_core/u_core/u_out_proj/u_y_sram/u_vec_ip/m_axis_y_tdata_OBUF[31]_inst_i_15_n_0
    SLICE_X84Y56         CARRY8 (Prop_CARRY8_SLICEL_CI_CO[7])
                                                      0.015     4.374 r  u_core/u_core/u_out_proj/u_y_sram/u_vec_ip/m_axis_y_tdata_OBUF[31]_inst_i_6/CO[7]
                         net (fo=1, routed)           0.026     4.400    u_core/u_core/u_out_proj/u_y_sram/u_vec_ip/m_axis_y_tdata_OBUF[31]_inst_i_6_n_0
    SLICE_X84Y57         CARRY8 (Prop_CARRY8_SLICEL_CI_CO[1])
                                                      0.042     4.442 r  u_core/u_core/u_out_proj/u_y_sram/u_vec_ip/m_axis_y_tdata_OBUF[31]_inst_i_2/CO[1]
                         net (fo=16, routed)          0.203     4.645    u_core/u_core/u_out_proj/u_y_sram/u_vec_ip/m_axis_y_tdata_OBUF[31]_inst_i_2_n_6
    SLICE_X84Y57         LUT5 (Prop_G6LUT_SLICEL_I2_O)
                                                      0.089     4.734 r  u_core/u_core/u_out_proj/u_y_sram/u_vec_ip/m_axis_y_tdata_OBUF[21]_inst_i_1/O
                         net (fo=1, routed)           2.365     7.099    m_axis_y_tdata_OBUF[21]
    C16                  OBUF (Prop_OUTBUF_HDIOB_S_I_O)
                                                      2.321     9.420 r  m_axis_y_tdata_OBUF[21]_inst/O
                         net (fo=0)                   0.000     9.420    m_axis_y_tdata[21]
    C16                                                               r  m_axis_y_tdata[21] (OUT)
  -------------------------------------------------------------------    -------------------

                         (clock sys_clk rise edge)   10.000    10.000 r  
                         clock pessimism              0.000    10.000    
                         clock uncertainty           -0.035     9.965    
                         output delay                -0.100     9.865    
  -------------------------------------------------------------------
                         required time                          9.865    
                         arrival time                          -9.420    
  -------------------------------------------------------------------
                         slack                                  0.445    

Slack (MET) :             0.447ns  (required time - arrival time)
  Source:                 u_core/u_core/u_out_proj/final_vec_reg[1][18]/C
                            (rising edge-triggered cell FDRE clocked by sys_clk  {rise@0.000ns fall@5.000ns period=10.000ns})
  Destination:            m_axis_y_tdata[17]
                            (output port clocked by sys_clk  {rise@0.000ns fall@5.000ns period=10.000ns})
  Path Group:             sys_clk
  Path Type:              Max at Slow Process Corner
  Requirement:            10.000ns  (sys_clk rise@10.000ns - sys_clk rise@0.000ns)
  Data Path Delay:        6.378ns  (logic 3.108ns (48.721%)  route 3.271ns (51.279%))
  Logic Levels:           8  (CARRY8=5 LUT5=2 OBUF=1)
  Output Delay:           0.100ns
  Clock Path Skew:        -3.040ns (DCD - SCD + CPR)
    Destination Clock Delay (DCD):    0.000ns = ( 10.000 - 10.000 ) 
    Source Clock Delay      (SCD):    3.040ns
    Clock Pessimism Removal (CPR):    0.000ns
  Clock Uncertainty:      0.035ns  ((TSJ^2 + TIJ^2)^1/2 + DJ) / 2 + PE
    Total System Jitter     (TSJ):    0.071ns
    Total Input Jitter      (TIJ):    0.000ns
    Discrete Jitter          (DJ):    0.000ns
    Phase Error              (PE):    0.000ns
  Clock Net Delay (Source):      2.198ns (routing 1.047ns, distribution 1.151ns)

    Location             Delay type                Incr(ns)  Path(ns)    Netlist Resource(s)
  -------------------------------------------------------------------    -------------------
                         (clock sys_clk rise edge)    0.000     0.000 r  
    Y8                                                0.000     0.000 r  sys_clk (IN)
                         net (fo=0)                   0.000     0.000    sys_clk_IBUF_inst/I
    Y8                   INBUF (Prop_INBUF_HPIOB_M_PAD_O)
                                                      0.482     0.482 r  sys_clk_IBUF_inst/INBUF_INST/O
                         net (fo=1, routed)           0.000     0.482    sys_clk_IBUF_inst/OUT
    Y8                   IBUFCTRL (Prop_IBUFCTRL_HPIOB_M_I_O)
                                                      0.000     0.482 r  sys_clk_IBUF_inst/IBUFCTRL_INST/O
                         net (fo=1, routed)           0.332     0.814    sys_clk_IBUF
    BUFGCE_X0Y49         BUFGCE (Prop_BUFCE_BUFGCE_I_O)
                                                      0.028     0.842 r  sys_clk_IBUF_BUFG_inst/O
    X2Y1 (CLOCK_ROOT)    net (fo=19344, routed)       2.198     3.040    u_core/u_core/u_out_proj/sys_clk_IBUF_BUFG
    SLICE_X83Y58         FDRE                                         r  u_core/u_core/u_out_proj/final_vec_reg[1][18]/C
  -------------------------------------------------------------------    -------------------
    SLICE_X83Y58         FDRE (Prop_EFF2_SLICEL_C_Q)
                                                      0.081     3.121 r  u_core/u_core/u_out_proj/final_vec_reg[1][18]/Q
                         net (fo=2, routed)           0.308     3.429    u_core/u_core/u_out_proj/u_y_sram/u_vec_ip/m_axis_y_tdata_OBUF[31]_inst_i_72_0[18]
    SLICE_X83Y58         CARRY8 (Prop_CARRY8_SLICEL_S[1]_CO[7])
                                                      0.186     3.615 r  u_core/u_core/u_out_proj/u_y_sram/u_vec_ip/m_axis_y_tdata_OBUF[31]_inst_i_3/CO[7]
                         net (fo=1, routed)           0.026     3.641    u_core/u_core/u_out_proj/u_y_sram/u_vec_ip/m_axis_y_tdata_OBUF[31]_inst_i_3_n_0
    SLICE_X83Y59         CARRY8 (Prop_CARRY8_SLICEL_CI_O[6])
                                                      0.103     3.744 f  u_core/u_core/u_out_proj/u_y_sram/u_vec_ip/m_axis_y_tdata_OBUF[31]_inst_i_32/O[6]
                         net (fo=4, routed)           0.282     4.026    u_core/u_core/u_out_proj/u_y_sram/u_vec_ip/m_axis_y_tdata_OBUF[31]_inst_i_32_n_9
    SLICE_X84Y55         LUT5 (Prop_E6LUT_SLICEL_I4_O)
                                                      0.147     4.173 r  u_core/u_core/u_out_proj/u_y_sram/u_vec_ip/m_axis_y_tdata_OBUF[31]_inst_i_61/O
                         net (fo=1, routed)           0.007     4.180    u_core/u_core/u_out_proj/u_y_sram/u_vec_ip/m_axis_y_tdata_OBUF[31]_inst_i_61_n_0
    SLICE_X84Y55         CARRY8 (Prop_CARRY8_SLICEL_S[4]_CO[7])
                                                      0.153     4.333 r  u_core/u_core/u_out_proj/u_y_sram/u_vec_ip/m_axis_y_tdata_OBUF[31]_inst_i_15/CO[7]
                         net (fo=1, routed)           0.026     4.359    u_core/u_core/u_out_proj/u_y_sram/u_vec_ip/m_axis_y_tdata_OBUF[31]_inst_i_15_n_0
    SLICE_X84Y56         CARRY8 (Prop_CARRY8_SLICEL_CI_CO[7])
                                                      0.015     4.374 r  u_core/u_core/u_out_proj/u_y_sram/u_vec_ip/m_axis_y_tdata_OBUF[31]_inst_i_6/CO[7]
                         net (fo=1, routed)           0.026     4.400    u_core/u_core/u_out_proj/u_y_sram/u_vec_ip/m_axis_y_tdata_OBUF[31]_inst_i_6_n_0
    SLICE_X84Y57         CARRY8 (Prop_CARRY8_SLICEL_CI_CO[1])
                                                      0.042     4.442 r  u_core/u_core/u_out_proj/u_y_sram/u_vec_ip/m_axis_y_tdata_OBUF[31]_inst_i_2/CO[1]
                         net (fo=16, routed)          0.245     4.686    u_core/u_core/u_out_proj/u_y_sram/u_vec_ip/m_axis_y_tdata_OBUF[31]_inst_i_2_n_6
    SLICE_X85Y60         LUT5 (Prop_D6LUT_SLICEM_I2_O)
                                                      0.051     4.737 r  u_core/u_core/u_out_proj/u_y_sram/u_vec_ip/m_axis_y_tdata_OBUF[17]_inst_i_1/O
                         net (fo=1, routed)           2.351     7.088    m_axis_y_tdata_OBUF[17]
    A15                  OBUF (Prop_OUTBUF_HDIOB_S_I_O)
                                                      2.330     9.418 r  m_axis_y_tdata_OBUF[17]_inst/O
                         net (fo=0)                   0.000     9.418    m_axis_y_tdata[17]
    A15                                                               r  m_axis_y_tdata[17] (OUT)
  -------------------------------------------------------------------    -------------------

                         (clock sys_clk rise edge)   10.000    10.000 r  
                         clock pessimism              0.000    10.000    
                         clock uncertainty           -0.035     9.965    
                         output delay                -0.100     9.865    
  -------------------------------------------------------------------
                         required time                          9.865    
                         arrival time                          -9.418    
  -------------------------------------------------------------------
                         slack                                  0.447    

Slack (MET) :             0.447ns  (required time - arrival time)
  Source:                 u_core/u_core/u_out_proj/final_vec_reg[1][18]/C
                            (rising edge-triggered cell FDRE clocked by sys_clk  {rise@0.000ns fall@5.000ns period=10.000ns})
  Destination:            m_axis_y_tdata[20]
                            (output port clocked by sys_clk  {rise@0.000ns fall@5.000ns period=10.000ns})
  Path Group:             sys_clk
  Path Type:              Max at Slow Process Corner
  Requirement:            10.000ns  (sys_clk rise@10.000ns - sys_clk rise@0.000ns)
  Data Path Delay:        6.378ns  (logic 3.143ns (49.276%)  route 3.235ns (50.724%))
  Logic Levels:           8  (CARRY8=5 LUT5=2 OBUF=1)
  Output Delay:           0.100ns
  Clock Path Skew:        -3.040ns (DCD - SCD + CPR)
    Destination Clock Delay (DCD):    0.000ns = ( 10.000 - 10.000 ) 
    Source Clock Delay      (SCD):    3.040ns
    Clock Pessimism Removal (CPR):    0.000ns
  Clock Uncertainty:      0.035ns  ((TSJ^2 + TIJ^2)^1/2 + DJ) / 2 + PE
    Total System Jitter     (TSJ):    0.071ns
    Total Input Jitter      (TIJ):    0.000ns
    Discrete Jitter          (DJ):    0.000ns
    Phase Error              (PE):    0.000ns
  Clock Net Delay (Source):      2.198ns (routing 1.047ns, distribution 1.151ns)

    Location             Delay type                Incr(ns)  Path(ns)    Netlist Resource(s)
  -------------------------------------------------------------------    -------------------
                         (clock sys_clk rise edge)    0.000     0.000 r  
    Y8                                                0.000     0.000 r  sys_clk (IN)
                         net (fo=0)                   0.000     0.000    sys_clk_IBUF_inst/I
    Y8                   INBUF (Prop_INBUF_HPIOB_M_PAD_O)
                                                      0.482     0.482 r  sys_clk_IBUF_inst/INBUF_INST/O
                         net (fo=1, routed)           0.000     0.482    sys_clk_IBUF_inst/OUT
    Y8                   IBUFCTRL (Prop_IBUFCTRL_HPIOB_M_I_O)
                                                      0.000     0.482 r  sys_clk_IBUF_inst/IBUFCTRL_INST/O
                         net (fo=1, routed)           0.332     0.814    sys_clk_IBUF
    BUFGCE_X0Y49         BUFGCE (Prop_BUFCE_BUFGCE_I_O)
                                                      0.028     0.842 r  sys_clk_IBUF_BUFG_inst/O
    X2Y1 (CLOCK_ROOT)    net (fo=19344, routed)       2.198     3.040    u_core/u_core/u_out_proj/sys_clk_IBUF_BUFG
    SLICE_X83Y58         FDRE                                         r  u_core/u_core/u_out_proj/final_vec_reg[1][18]/C
  -------------------------------------------------------------------    -------------------
    SLICE_X83Y58         FDRE (Prop_EFF2_SLICEL_C_Q)
                                                      0.081     3.121 r  u_core/u_core/u_out_proj/final_vec_reg[1][18]/Q
                         net (fo=2, routed)           0.308     3.429    u_core/u_core/u_out_proj/u_y_sram/u_vec_ip/m_axis_y_tdata_OBUF[31]_inst_i_72_0[18]
    SLICE_X83Y58         CARRY8 (Prop_CARRY8_SLICEL_S[1]_CO[7])
                                                      0.186     3.615 r  u_core/u_core/u_out_proj/u_y_sram/u_vec_ip/m_axis_y_tdata_OBUF[31]_inst_i_3/CO[7]
                         net (fo=1, routed)           0.026     3.641    u_core/u_core/u_out_proj/u_y_sram/u_vec_ip/m_axis_y_tdata_OBUF[31]_inst_i_3_n_0
    SLICE_X83Y59         CARRY8 (Prop_CARRY8_SLICEL_CI_O[6])
                                                      0.103     3.744 f  u_core/u_core/u_out_proj/u_y_sram/u_vec_ip/m_axis_y_tdata_OBUF[31]_inst_i_32/O[6]
                         net (fo=4, routed)           0.282     4.026    u_core/u_core/u_out_proj/u_y_sram/u_vec_ip/m_axis_y_tdata_OBUF[31]_inst_i_32_n_9
    SLICE_X84Y55         LUT5 (Prop_E6LUT_SLICEL_I4_O)
                                                      0.147     4.173 r  u_core/u_core/u_out_proj/u_y_sram/u_vec_ip/m_axis_y_tdata_OBUF[31]_inst_i_61/O
                         net (fo=1, routed)           0.007     4.180    u_core/u_core/u_out_proj/u_y_sram/u_vec_ip/m_axis_y_tdata_OBUF[31]_inst_i_61_n_0
    SLICE_X84Y55         CARRY8 (Prop_CARRY8_SLICEL_S[4]_CO[7])
                                                      0.153     4.333 r  u_core/u_core/u_out_proj/u_y_sram/u_vec_ip/m_axis_y_tdata_OBUF[31]_inst_i_15/CO[7]
                         net (fo=1, routed)           0.026     4.359    u_core/u_core/u_out_proj/u_y_sram/u_vec_ip/m_axis_y_tdata_OBUF[31]_inst_i_15_n_0
    SLICE_X84Y56         CARRY8 (Prop_CARRY8_SLICEL_CI_CO[7])
                                                      0.015     4.374 r  u_core/u_core/u_out_proj/u_y_sram/u_vec_ip/m_axis_y_tdata_OBUF[31]_inst_i_6/CO[7]
                         net (fo=1, routed)           0.026     4.400    u_core/u_core/u_out_proj/u_y_sram/u_vec_ip/m_axis_y_tdata_OBUF[31]_inst_i_6_n_0
    SLICE_X84Y57         CARRY8 (Prop_CARRY8_SLICEL_CI_CO[1])
                                                      0.042     4.442 r  u_core/u_core/u_out_proj/u_y_sram/u_vec_ip/m_axis_y_tdata_OBUF[31]_inst_i_2/CO[1]
                         net (fo=16, routed)          2.065     6.507    u_core/u_core/u_out_proj/u_y_sram/u_vec_ip/m_axis_y_tdata_OBUF[31]_inst_i_2_n_6
    SLICE_X85Y304        LUT5 (Prop_E6LUT_SLICEM_I2_O)
                                                      0.100     6.607 r  u_core/u_core/u_out_proj/u_y_sram/u_vec_ip/m_axis_y_tdata_OBUF[20]_inst_i_1/O
                         net (fo=1, routed)           0.495     7.102    m_axis_y_tdata_OBUF[20]
    D16                  OBUF (Prop_OUTBUF_HDIOB_M_I_O)
                                                      2.316     9.418 r  m_axis_y_tdata_OBUF[20]_inst/O
                         net (fo=0)                   0.000     9.418    m_axis_y_tdata[20]
    D16                                                               r  m_axis_y_tdata[20] (OUT)
  -------------------------------------------------------------------    -------------------

                         (clock sys_clk rise edge)   10.000    10.000 r  
                         clock pessimism              0.000    10.000    
                         clock uncertainty           -0.035     9.965    
                         output delay                -0.100     9.865    
  -------------------------------------------------------------------
                         required time                          9.865    
                         arrival time                          -9.418    
  -------------------------------------------------------------------
                         slack                                  0.447    

Slack (MET) :             0.471ns  (required time - arrival time)
  Source:                 u_core/u_core/u_out_proj/final_vec_reg[1][18]/C
                            (rising edge-triggered cell FDRE clocked by sys_clk  {rise@0.000ns fall@5.000ns period=10.000ns})
  Destination:            m_axis_y_tdata[26]
                            (output port clocked by sys_clk  {rise@0.000ns fall@5.000ns period=10.000ns})
  Path Group:             sys_clk
  Path Type:              Max at Slow Process Corner
  Requirement:            10.000ns  (sys_clk rise@10.000ns - sys_clk rise@0.000ns)
  Data Path Delay:        6.354ns  (logic 3.152ns (49.597%)  route 3.203ns (50.403%))
  Logic Levels:           8  (CARRY8=5 LUT5=2 OBUF=1)
  Output Delay:           0.100ns
  Clock Path Skew:        -3.040ns (DCD - SCD + CPR)
    Destination Clock Delay (DCD):    0.000ns = ( 10.000 - 10.000 ) 
    Source Clock Delay      (SCD):    3.040ns
    Clock Pessimism Removal (CPR):    0.000ns
  Clock Uncertainty:      0.035ns  ((TSJ^2 + TIJ^2)^1/2 + DJ) / 2 + PE
    Total System Jitter     (TSJ):    0.071ns
    Total Input Jitter      (TIJ):    0.000ns
    Discrete Jitter          (DJ):    0.000ns
    Phase Error              (PE):    0.000ns
  Clock Net Delay (Source):      2.198ns (routing 1.047ns, distribution 1.151ns)

    Location             Delay type                Incr(ns)  Path(ns)    Netlist Resource(s)
  -------------------------------------------------------------------    -------------------
                         (clock sys_clk rise edge)    0.000     0.000 r  
    Y8                                                0.000     0.000 r  sys_clk (IN)
                         net (fo=0)                   0.000     0.000    sys_clk_IBUF_inst/I
    Y8                   INBUF (Prop_INBUF_HPIOB_M_PAD_O)
                                                      0.482     0.482 r  sys_clk_IBUF_inst/INBUF_INST/O
                         net (fo=1, routed)           0.000     0.482    sys_clk_IBUF_inst/OUT
    Y8                   IBUFCTRL (Prop_IBUFCTRL_HPIOB_M_I_O)
                                                      0.000     0.482 r  sys_clk_IBUF_inst/IBUFCTRL_INST/O
                         net (fo=1, routed)           0.332     0.814    sys_clk_IBUF
    BUFGCE_X0Y49         BUFGCE (Prop_BUFCE_BUFGCE_I_O)
                                                      0.028     0.842 r  sys_clk_IBUF_BUFG_inst/O
    X2Y1 (CLOCK_ROOT)    net (fo=19344, routed)       2.198     3.040    u_core/u_core/u_out_proj/sys_clk_IBUF_BUFG
    SLICE_X83Y58         FDRE                                         r  u_core/u_core/u_out_proj/final_vec_reg[1][18]/C
  -------------------------------------------------------------------    -------------------
    SLICE_X83Y58         FDRE (Prop_EFF2_SLICEL_C_Q)
                                                      0.081     3.121 r  u_core/u_core/u_out_proj/final_vec_reg[1][18]/Q
                         net (fo=2, routed)           0.308     3.429    u_core/u_core/u_out_proj/u_y_sram/u_vec_ip/m_axis_y_tdata_OBUF[31]_inst_i_72_0[18]
    SLICE_X83Y58         CARRY8 (Prop_CARRY8_SLICEL_S[1]_CO[7])
                                                      0.186     3.615 r  u_core/u_core/u_out_proj/u_y_sram/u_vec_ip/m_axis_y_tdata_OBUF[31]_inst_i_3/CO[7]
                         net (fo=1, routed)           0.026     3.641    u_core/u_core/u_out_proj/u_y_sram/u_vec_ip/m_axis_y_tdata_OBUF[31]_inst_i_3_n_0
    SLICE_X83Y59         CARRY8 (Prop_CARRY8_SLICEL_CI_O[6])
                                                      0.103     3.744 f  u_core/u_core/u_out_proj/u_y_sram/u_vec_ip/m_axis_y_tdata_OBUF[31]_inst_i_32/O[6]
                         net (fo=4, routed)           0.282     4.026    u_core/u_core/u_out_proj/u_y_sram/u_vec_ip/m_axis_y_tdata_OBUF[31]_inst_i_32_n_9
    SLICE_X84Y55         LUT5 (Prop_E6LUT_SLICEL_I4_O)
                                                      0.147     4.173 r  u_core/u_core/u_out_proj/u_y_sram/u_vec_ip/m_axis_y_tdata_OBUF[31]_inst_i_61/O
                         net (fo=1, routed)           0.007     4.180    u_core/u_core/u_out_proj/u_y_sram/u_vec_ip/m_axis_y_tdata_OBUF[31]_inst_i_61_n_0
    SLICE_X84Y55         CARRY8 (Prop_CARRY8_SLICEL_S[4]_CO[7])
                                                      0.153     4.333 r  u_core/u_core/u_out_proj/u_y_sram/u_vec_ip/m_axis_y_tdata_OBUF[31]_inst_i_15/CO[7]
                         net (fo=1, routed)           0.026     4.359    u_core/u_core/u_out_proj/u_y_sram/u_vec_ip/m_axis_y_tdata_OBUF[31]_inst_i_15_n_0
    SLICE_X84Y56         CARRY8 (Prop_CARRY8_SLICEL_CI_CO[7])
                                                      0.015     4.374 r  u_core/u_core/u_out_proj/u_y_sram/u_vec_ip/m_axis_y_tdata_OBUF[31]_inst_i_6/CO[7]
                         net (fo=1, routed)           0.026     4.400    u_core/u_core/u_out_proj/u_y_sram/u_vec_ip/m_axis_y_tdata_OBUF[31]_inst_i_6_n_0
    SLICE_X84Y57         CARRY8 (Prop_CARRY8_SLICEL_CI_CO[1])
                                                      0.042     4.442 r  u_core/u_core/u_out_proj/u_y_sram/u_vec_ip/m_axis_y_tdata_OBUF[31]_inst_i_2/CO[1]
                         net (fo=16, routed)          0.214     4.655    u_core/u_core/u_out_proj/u_y_sram/u_vec_ip/m_axis_y_tdata_OBUF[31]_inst_i_2_n_6
    SLICE_X84Y57         LUT5 (Prop_D6LUT_SLICEL_I2_O)
                                                      0.089     4.744 r  u_core/u_core/u_out_proj/u_y_sram/u_vec_ip/m_axis_y_tdata_OBUF[26]_inst_i_1/O
                         net (fo=1, routed)           2.314     7.058    m_axis_y_tdata_OBUF[26]
    C18                  OBUF (Prop_OUTBUF_HDIOB_M_I_O)
                                                      2.336     9.394 r  m_axis_y_tdata_OBUF[26]_inst/O
                         net (fo=0)                   0.000     9.394    m_axis_y_tdata[26]
    C18                                                               r  m_axis_y_tdata[26] (OUT)
  -------------------------------------------------------------------    -------------------

                         (clock sys_clk rise edge)   10.000    10.000 r  
                         clock pessimism              0.000    10.000    
                         clock uncertainty           -0.035     9.965    
                         output delay                -0.100     9.865    
  -------------------------------------------------------------------
                         required time                          9.865    
                         arrival time                          -9.394    
  -------------------------------------------------------------------
                         slack                                  0.471    





Min Delay Paths
--------------------------------------------------------------------------------------
Slack (MET) :             0.015ns  (arrival time - required time)
  Source:                 u_core/u_core/u_in_proj/B2_hold_reg[3][2][8]/C
                            (rising edge-triggered cell FDRE clocked by sys_clk  {rise@0.000ns fall@5.000ns period=10.000ns})
  Destination:            u_core/u_core/u_in_proj/B2_hold1_reg[2][2][8]/D
                            (rising edge-triggered cell FDRE clocked by sys_clk  {rise@0.000ns fall@5.000ns period=10.000ns})
  Path Group:             sys_clk
  Path Type:              Hold (Min at Slow Process Corner)
  Requirement:            0.000ns  (sys_clk rise@0.000ns - sys_clk rise@0.000ns)
  Data Path Delay:        0.130ns  (logic 0.060ns (46.154%)  route 0.070ns (53.846%))
  Logic Levels:           0  
  Clock Path Skew:        0.053ns (DCD - SCD - CPR)
    Destination Clock Delay (DCD):    3.036ns
    Source Clock Delay      (SCD):    2.486ns
    Clock Pessimism Removal (CPR):    0.497ns
  Clock Net Delay (Source):      1.937ns (routing 0.953ns, distribution 0.984ns)
  Clock Net Delay (Destination): 2.194ns (routing 1.047ns, distribution 1.147ns)

    Location             Delay type                Incr(ns)  Path(ns)    Netlist Resource(s)
  -------------------------------------------------------------------    -------------------
                         (clock sys_clk rise edge)    0.000     0.000 r  
    Y8                                                0.000     0.000 r  sys_clk (IN)
                         net (fo=0)                   0.000     0.000    sys_clk_IBUF_inst/I
    Y8                   INBUF (Prop_INBUF_HPIOB_M_PAD_O)
                                                      0.232     0.232 r  sys_clk_IBUF_inst/INBUF_INST/O
                         net (fo=1, routed)           0.000     0.232    sys_clk_IBUF_inst/OUT
    Y8                   IBUFCTRL (Prop_IBUFCTRL_HPIOB_M_I_O)
                                                      0.000     0.232 r  sys_clk_IBUF_inst/IBUFCTRL_INST/O
                         net (fo=1, routed)           0.293     0.525    sys_clk_IBUF
    BUFGCE_X0Y49         BUFGCE (Prop_BUFCE_BUFGCE_I_O)
                                                      0.024     0.549 r  sys_clk_IBUF_BUFG_inst/O
    X2Y1 (CLOCK_ROOT)    net (fo=19344, routed)       1.937     2.486    u_core/u_core/u_in_proj/sys_clk_IBUF_BUFG
    SLICE_X83Y45         FDRE                                         r  u_core/u_core/u_in_proj/B2_hold_reg[3][2][8]/C
  -------------------------------------------------------------------    -------------------
    SLICE_X83Y45         FDRE (Prop_AFF2_SLICEL_C_Q)
                                                      0.060     2.546 r  u_core/u_core/u_in_proj/B2_hold_reg[3][2][8]/Q
                         net (fo=1, routed)           0.070     2.616    u_core/u_core/u_in_proj/B2_hold_reg[3][2]_1071[8]
    SLICE_X83Y47         FDRE                                         r  u_core/u_core/u_in_proj/B2_hold1_reg[2][2][8]/D
  -------------------------------------------------------------------    -------------------

                         (clock sys_clk rise edge)    0.000     0.000 r  
    Y8                                                0.000     0.000 r  sys_clk (IN)
                         net (fo=0)                   0.000     0.000    sys_clk_IBUF_inst/I
    Y8                   INBUF (Prop_INBUF_HPIOB_M_PAD_O)
                                                      0.482     0.482 r  sys_clk_IBUF_inst/INBUF_INST/O
                         net (fo=1, routed)           0.000     0.482    sys_clk_IBUF_inst/OUT
    Y8                   IBUFCTRL (Prop_IBUFCTRL_HPIOB_M_I_O)
                                                      0.000     0.482 r  sys_clk_IBUF_inst/IBUFCTRL_INST/O
                         net (fo=1, routed)           0.332     0.814    sys_clk_IBUF
    BUFGCE_X0Y49         BUFGCE (Prop_BUFCE_BUFGCE_I_O)
                                                      0.028     0.842 r  sys_clk_IBUF_BUFG_inst/O
    X2Y1 (CLOCK_ROOT)    net (fo=19344, routed)       2.194     3.036    u_core/u_core/u_in_proj/sys_clk_IBUF_BUFG
    SLICE_X83Y47         FDRE                                         r  u_core/u_core/u_in_proj/B2_hold1_reg[2][2][8]/C
                         clock pessimism             -0.497     2.539    
    SLICE_X83Y47         FDRE (Hold_GFF2_SLICEL_C_D)
                                                      0.062     2.601    u_core/u_core/u_in_proj/B2_hold1_reg[2][2][8]
  -------------------------------------------------------------------
                         required time                         -2.601    
                         arrival time                           2.616    
  -------------------------------------------------------------------
                         slack                                  0.015    

Slack (MET) :             0.015ns  (arrival time - required time)
  Source:                 u_core/u_core/u_silu/u_sigmoid/out_reg_reg[1][6]/C
                            (rising edge-triggered cell FDRE clocked by sys_clk  {rise@0.000ns fall@5.000ns period=10.000ns})
  Destination:            u_core/u_core/u_silu/u_join/a_mem_reg[2][1][6]/D
                            (rising edge-triggered cell FDRE clocked by sys_clk  {rise@0.000ns fall@5.000ns period=10.000ns})
  Path Group:             sys_clk
  Path Type:              Hold (Min at Slow Process Corner)
  Requirement:            0.000ns  (sys_clk rise@0.000ns - sys_clk rise@0.000ns)
  Data Path Delay:        0.175ns  (logic 0.059ns (33.712%)  route 0.116ns (66.288%))
  Logic Levels:           0  
  Clock Path Skew:        0.100ns (DCD - SCD - CPR)
    Destination Clock Delay (DCD):    3.067ns
    Source Clock Delay      (SCD):    2.524ns
    Clock Pessimism Removal (CPR):    0.443ns
  Clock Net Delay (Source):      1.975ns (routing 0.953ns, distribution 1.022ns)
  Clock Net Delay (Destination): 2.225ns (routing 1.047ns, distribution 1.178ns)

    Location             Delay type                Incr(ns)  Path(ns)    Netlist Resource(s)
  -------------------------------------------------------------------    -------------------
                         (clock sys_clk rise edge)    0.000     0.000 r  
    Y8                                                0.000     0.000 r  sys_clk (IN)
                         net (fo=0)                   0.000     0.000    sys_clk_IBUF_inst/I
    Y8                   INBUF (Prop_INBUF_HPIOB_M_PAD_O)
                                                      0.232     0.232 r  sys_clk_IBUF_inst/INBUF_INST/O
                         net (fo=1, routed)           0.000     0.232    sys_clk_IBUF_inst/OUT
    Y8                   IBUFCTRL (Prop_IBUFCTRL_HPIOB_M_I_O)
                                                      0.000     0.232 r  sys_clk_IBUF_inst/IBUFCTRL_INST/O
                         net (fo=1, routed)           0.293     0.525    sys_clk_IBUF
    BUFGCE_X0Y49         BUFGCE (Prop_BUFCE_BUFGCE_I_O)
                                                      0.024     0.549 r  sys_clk_IBUF_BUFG_inst/O
    X2Y1 (CLOCK_ROOT)    net (fo=19344, routed)       1.975     2.524    u_core/u_core/u_silu/u_sigmoid/sys_clk_IBUF_BUFG
    SLICE_X94Y86         FDRE                                         r  u_core/u_core/u_silu/u_sigmoid/out_reg_reg[1][6]/C
  -------------------------------------------------------------------    -------------------
    SLICE_X94Y86         FDRE (Prop_GFF_SLICEL_C_Q)
                                                      0.059     2.583 r  u_core/u_core/u_silu/u_sigmoid/out_reg_reg[1][6]/Q
                         net (fo=4, routed)           0.116     2.699    u_core/u_core/u_silu/u_join/a_mem_reg[0][1][15]_0[6]
    SLICE_X92Y87         FDRE                                         r  u_core/u_core/u_silu/u_join/a_mem_reg[2][1][6]/D
  -------------------------------------------------------------------    -------------------

                         (clock sys_clk rise edge)    0.000     0.000 r  
    Y8                                                0.000     0.000 r  sys_clk (IN)
                         net (fo=0)                   0.000     0.000    sys_clk_IBUF_inst/I
    Y8                   INBUF (Prop_INBUF_HPIOB_M_PAD_O)
                                                      0.482     0.482 r  sys_clk_IBUF_inst/INBUF_INST/O
                         net (fo=1, routed)           0.000     0.482    sys_clk_IBUF_inst/OUT
    Y8                   IBUFCTRL (Prop_IBUFCTRL_HPIOB_M_I_O)
                                                      0.000     0.482 r  sys_clk_IBUF_inst/IBUFCTRL_INST/O
                         net (fo=1, routed)           0.332     0.814    sys_clk_IBUF
    BUFGCE_X0Y49         BUFGCE (Prop_BUFCE_BUFGCE_I_O)
                                                      0.028     0.842 r  sys_clk_IBUF_BUFG_inst/O
    X2Y1 (CLOCK_ROOT)    net (fo=19344, routed)       2.225     3.067    u_core/u_core/u_silu/u_join/sys_clk_IBUF_BUFG
    SLICE_X92Y87         FDRE                                         r  u_core/u_core/u_silu/u_join/a_mem_reg[2][1][6]/C
                         clock pessimism             -0.443     2.623    
    SLICE_X92Y87         FDRE (Hold_HFF_SLICEL_C_D)
                                                      0.060     2.683    u_core/u_core/u_silu/u_join/a_mem_reg[2][1][6]
  -------------------------------------------------------------------
                         required time                         -2.683    
                         arrival time                           2.699    
  -------------------------------------------------------------------
                         slack                                  0.015    

Slack (MET) :             0.016ns  (arrival time - required time)
  Source:                 u_core/u_core/u_u_silu/u_sigmoid/out_reg_reg[0][2]/C
                            (rising edge-triggered cell FDRE clocked by sys_clk  {rise@0.000ns fall@5.000ns period=10.000ns})
  Destination:            u_core/u_core/u_u_silu/u_join/a_mem_reg[1][0][2]/D
                            (rising edge-triggered cell FDRE clocked by sys_clk  {rise@0.000ns fall@5.000ns period=10.000ns})
  Path Group:             sys_clk
  Path Type:              Hold (Min at Slow Process Corner)
  Requirement:            0.000ns  (sys_clk rise@0.000ns - sys_clk rise@0.000ns)
  Data Path Delay:        0.132ns  (logic 0.059ns (44.833%)  route 0.073ns (55.168%))
  Logic Levels:           0  
  Clock Path Skew:        0.054ns (DCD - SCD - CPR)
    Destination Clock Delay (DCD):    3.102ns
    Source Clock Delay      (SCD):    2.545ns
    Clock Pessimism Removal (CPR):    0.503ns
  Clock Net Delay (Source):      1.996ns (routing 0.953ns, distribution 1.043ns)
  Clock Net Delay (Destination): 2.260ns (routing 1.047ns, distribution 1.213ns)

    Location             Delay type                Incr(ns)  Path(ns)    Netlist Resource(s)
  -------------------------------------------------------------------    -------------------
                         (clock sys_clk rise edge)    0.000     0.000 r  
    Y8                                                0.000     0.000 r  sys_clk (IN)
                         net (fo=0)                   0.000     0.000    sys_clk_IBUF_inst/I
    Y8                   INBUF (Prop_INBUF_HPIOB_M_PAD_O)
                                                      0.232     0.232 r  sys_clk_IBUF_inst/INBUF_INST/O
                         net (fo=1, routed)           0.000     0.232    sys_clk_IBUF_inst/OUT
    Y8                   IBUFCTRL (Prop_IBUFCTRL_HPIOB_M_I_O)
                                                      0.000     0.232 r  sys_clk_IBUF_inst/IBUFCTRL_INST/O
                         net (fo=1, routed)           0.293     0.525    sys_clk_IBUF
    BUFGCE_X0Y49         BUFGCE (Prop_BUFCE_BUFGCE_I_O)
                                                      0.024     0.549 r  sys_clk_IBUF_BUFG_inst/O
    X2Y1 (CLOCK_ROOT)    net (fo=19344, routed)       1.996     2.545    u_core/u_core/u_u_silu/u_sigmoid/sys_clk_IBUF_BUFG
    SLICE_X95Y40         FDRE                                         r  u_core/u_core/u_u_silu/u_sigmoid/out_reg_reg[0][2]/C
  -------------------------------------------------------------------    -------------------
    SLICE_X95Y40         FDRE (Prop_HFF2_SLICEL_C_Q)
                                                      0.059     2.604 r  u_core/u_core/u_u_silu/u_sigmoid/out_reg_reg[0][2]/Q
                         net (fo=4, routed)           0.073     2.676    u_core/u_core/u_u_silu/u_join/a_mem_reg[0][0][15]_0[2]
    SLICE_X95Y41         FDRE                                         r  u_core/u_core/u_u_silu/u_join/a_mem_reg[1][0][2]/D
  -------------------------------------------------------------------    -------------------

                         (clock sys_clk rise edge)    0.000     0.000 r  
    Y8                                                0.000     0.000 r  sys_clk (IN)
                         net (fo=0)                   0.000     0.000    sys_clk_IBUF_inst/I
    Y8                   INBUF (Prop_INBUF_HPIOB_M_PAD_O)
                                                      0.482     0.482 r  sys_clk_IBUF_inst/INBUF_INST/O
                         net (fo=1, routed)           0.000     0.482    sys_clk_IBUF_inst/OUT
    Y8                   IBUFCTRL (Prop_IBUFCTRL_HPIOB_M_I_O)
                                                      0.000     0.482 r  sys_clk_IBUF_inst/IBUFCTRL_INST/O
                         net (fo=1, routed)           0.332     0.814    sys_clk_IBUF
    BUFGCE_X0Y49         BUFGCE (Prop_BUFCE_BUFGCE_I_O)
                                                      0.028     0.842 r  sys_clk_IBUF_BUFG_inst/O
    X2Y1 (CLOCK_ROOT)    net (fo=19344, routed)       2.260     3.102    u_core/u_core/u_u_silu/u_join/sys_clk_IBUF_BUFG
    SLICE_X95Y41         FDRE                                         r  u_core/u_core/u_u_silu/u_join/a_mem_reg[1][0][2]/C
                         clock pessimism             -0.503     2.598    
    SLICE_X95Y41         FDRE (Hold_BFF2_SLICEL_C_D)
                                                      0.062     2.660    u_core/u_core/u_u_silu/u_join/a_mem_reg[1][0][2]
  -------------------------------------------------------------------
                         required time                         -2.660    
                         arrival time                           2.676    
  -------------------------------------------------------------------
                         slack                                  0.016    

Slack (MET) :             0.016ns  (arrival time - required time)
  Source:                 u_core/u_core/u_ssm_core/u_bias_add/z_pipe_reg[2][1][14]/C
                            (rising edge-triggered cell FDRE clocked by sys_clk  {rise@0.000ns fall@5.000ns period=10.000ns})
  Destination:            u_core/u_core/u_ssm_core/u_bias_add/z_pipe_reg[3][1][14]/D
                            (rising edge-triggered cell FDRE clocked by sys_clk  {rise@0.000ns fall@5.000ns period=10.000ns})
  Path Group:             sys_clk
  Path Type:              Hold (Min at Slow Process Corner)
  Requirement:            0.000ns  (sys_clk rise@0.000ns - sys_clk rise@0.000ns)
  Data Path Delay:        0.126ns  (logic 0.058ns (46.032%)  route 0.068ns (53.968%))
  Logic Levels:           0  
  Clock Path Skew:        0.048ns (DCD - SCD - CPR)
    Destination Clock Delay (DCD):    3.003ns
    Source Clock Delay      (SCD):    2.461ns
    Clock Pessimism Removal (CPR):    0.494ns
  Clock Net Delay (Source):      1.912ns (routing 0.953ns, distribution 0.959ns)
  Clock Net Delay (Destination): 2.161ns (routing 1.047ns, distribution 1.114ns)

    Location             Delay type                Incr(ns)  Path(ns)    Netlist Resource(s)
  -------------------------------------------------------------------    -------------------
                         (clock sys_clk rise edge)    0.000     0.000 r  
    Y8                                                0.000     0.000 r  sys_clk (IN)
                         net (fo=0)                   0.000     0.000    sys_clk_IBUF_inst/I
    Y8                   INBUF (Prop_INBUF_HPIOB_M_PAD_O)
                                                      0.232     0.232 r  sys_clk_IBUF_inst/INBUF_INST/O
                         net (fo=1, routed)           0.000     0.232    sys_clk_IBUF_inst/OUT
    Y8                   IBUFCTRL (Prop_IBUFCTRL_HPIOB_M_I_O)
                                                      0.000     0.232 r  sys_clk_IBUF_inst/IBUFCTRL_INST/O
                         net (fo=1, routed)           0.293     0.525    sys_clk_IBUF
    BUFGCE_X0Y49         BUFGCE (Prop_BUFCE_BUFGCE_I_O)
                                                      0.024     0.549 r  sys_clk_IBUF_BUFG_inst/O
    X2Y1 (CLOCK_ROOT)    net (fo=19344, routed)       1.912     2.461    u_core/u_core/u_ssm_core/u_bias_add/sys_clk_IBUF_BUFG
    SLICE_X80Y68         FDRE                                         r  u_core/u_core/u_ssm_core/u_bias_add/z_pipe_reg[2][1][14]/C
  -------------------------------------------------------------------    -------------------
    SLICE_X80Y68         FDRE (Prop_HFF_SLICEL_C_Q)
                                                      0.058     2.519 r  u_core/u_core/u_ssm_core/u_bias_add/z_pipe_reg[2][1][14]/Q
                         net (fo=1, routed)           0.068     2.587    u_core/u_core/u_ssm_core/u_bias_add/z_pipe_reg[2][1]_654[14]
    SLICE_X80Y69         FDRE                                         r  u_core/u_core/u_ssm_core/u_bias_add/z_pipe_reg[3][1][14]/D
  -------------------------------------------------------------------    -------------------

                         (clock sys_clk rise edge)    0.000     0.000 r  
    Y8                                                0.000     0.000 r  sys_clk (IN)
                         net (fo=0)                   0.000     0.000    sys_clk_IBUF_inst/I
    Y8                   INBUF (Prop_INBUF_HPIOB_M_PAD_O)
                                                      0.482     0.482 r  sys_clk_IBUF_inst/INBUF_INST/O
                         net (fo=1, routed)           0.000     0.482    sys_clk_IBUF_inst/OUT
    Y8                   IBUFCTRL (Prop_IBUFCTRL_HPIOB_M_I_O)
                                                      0.000     0.482 r  sys_clk_IBUF_inst/IBUFCTRL_INST/O
                         net (fo=1, routed)           0.332     0.814    sys_clk_IBUF
    BUFGCE_X0Y49         BUFGCE (Prop_BUFCE_BUFGCE_I_O)
                                                      0.028     0.842 r  sys_clk_IBUF_BUFG_inst/O
    X2Y1 (CLOCK_ROOT)    net (fo=19344, routed)       2.161     3.003    u_core/u_core/u_ssm_core/u_bias_add/sys_clk_IBUF_BUFG
    SLICE_X80Y69         FDRE                                         r  u_core/u_core/u_ssm_core/u_bias_add/z_pipe_reg[3][1][14]/C
                         clock pessimism             -0.494     2.509    
    SLICE_X80Y69         FDRE (Hold_HFF2_SLICEL_C_D)
                                                      0.062     2.571    u_core/u_core/u_ssm_core/u_bias_add/z_pipe_reg[3][1][14]
  -------------------------------------------------------------------
                         required time                         -2.571    
                         arrival time                           2.587    
  -------------------------------------------------------------------
                         slack                                  0.016    

Slack (MET) :             0.017ns  (arrival time - required time)
  Source:                 u_core/u_core/u_dt_sched/reduced_trunc_reg[1][6]/C
                            (rising edge-triggered cell FDRE clocked by sys_clk  {rise@0.000ns fall@5.000ns period=10.000ns})
  Destination:            u_core/u_core/u_ssm_core/u_p2s/out_vec_reg[1][6]/D
                            (rising edge-triggered cell FDRE clocked by sys_clk  {rise@0.000ns fall@5.000ns period=10.000ns})
  Path Group:             sys_clk
  Path Type:              Hold (Min at Slow Process Corner)
  Requirement:            0.000ns  (sys_clk rise@0.000ns - sys_clk rise@0.000ns)
  Data Path Delay:        0.225ns  (logic 0.058ns (25.778%)  route 0.167ns (74.222%))
  Logic Levels:           0  
  Clock Path Skew:        0.146ns (DCD - SCD - CPR)
    Destination Clock Delay (DCD):    3.022ns
    Source Clock Delay      (SCD):    2.485ns
    Clock Pessimism Removal (CPR):    0.391ns
  Clock Net Delay (Source):      1.936ns (routing 0.953ns, distribution 0.983ns)
  Clock Net Delay (Destination): 2.180ns (routing 1.047ns, distribution 1.133ns)

    Location             Delay type                Incr(ns)  Path(ns)    Netlist Resource(s)
  -------------------------------------------------------------------    -------------------
                         (clock sys_clk rise edge)    0.000     0.000 r  
    Y8                                                0.000     0.000 r  sys_clk (IN)
                         net (fo=0)                   0.000     0.000    sys_clk_IBUF_inst/I
    Y8                   INBUF (Prop_INBUF_HPIOB_M_PAD_O)
                                                      0.232     0.232 r  sys_clk_IBUF_inst/INBUF_INST/O
                         net (fo=1, routed)           0.000     0.232    sys_clk_IBUF_inst/OUT
    Y8                   IBUFCTRL (Prop_IBUFCTRL_HPIOB_M_I_O)
                                                      0.000     0.232 r  sys_clk_IBUF_inst/IBUFCTRL_INST/O
                         net (fo=1, routed)           0.293     0.525    sys_clk_IBUF
    BUFGCE_X0Y49         BUFGCE (Prop_BUFCE_BUFGCE_I_O)
                                                      0.024     0.549 r  sys_clk_IBUF_BUFG_inst/O
    X2Y1 (CLOCK_ROOT)    net (fo=19344, routed)       1.936     2.485    u_core/u_core/u_dt_sched/sys_clk_IBUF_BUFG
    SLICE_X82Y55         FDRE                                         r  u_core/u_core/u_dt_sched/reduced_trunc_reg[1][6]/C
  -------------------------------------------------------------------    -------------------
    SLICE_X82Y55         FDRE (Prop_EFF_SLICEM_C_Q)
                                                      0.058     2.543 r  u_core/u_core/u_dt_sched/reduced_trunc_reg[1][6]/Q
                         net (fo=1, routed)           0.167     2.710    u_core/u_core/u_ssm_core/u_p2s/out_vec_reg[1][15]_1[6]
    SLICE_X82Y63         FDRE                                         r  u_core/u_core/u_ssm_core/u_p2s/out_vec_reg[1][6]/D
  -------------------------------------------------------------------    -------------------

                         (clock sys_clk rise edge)    0.000     0.000 r  
    Y8                                                0.000     0.000 r  sys_clk (IN)
                         net (fo=0)                   0.000     0.000    sys_clk_IBUF_inst/I
    Y8                   INBUF (Prop_INBUF_HPIOB_M_PAD_O)
                                                      0.482     0.482 r  sys_clk_IBUF_inst/INBUF_INST/O
                         net (fo=1, routed)           0.000     0.482    sys_clk_IBUF_inst/OUT
    Y8                   IBUFCTRL (Prop_IBUFCTRL_HPIOB_M_I_O)
                                                      0.000     0.482 r  sys_clk_IBUF_inst/IBUFCTRL_INST/O
                         net (fo=1, routed)           0.332     0.814    sys_clk_IBUF
    BUFGCE_X0Y49         BUFGCE (Prop_BUFCE_BUFGCE_I_O)
                                                      0.028     0.842 r  sys_clk_IBUF_BUFG_inst/O
    X2Y1 (CLOCK_ROOT)    net (fo=19344, routed)       2.180     3.022    u_core/u_core/u_ssm_core/u_p2s/sys_clk_IBUF_BUFG
    SLICE_X82Y63         FDRE                                         r  u_core/u_core/u_ssm_core/u_p2s/out_vec_reg[1][6]/C
                         clock pessimism             -0.391     2.631    
    SLICE_X82Y63         FDRE (Hold_CFF2_SLICEM_C_D)
                                                      0.062     2.693    u_core/u_core/u_ssm_core/u_p2s/out_vec_reg[1][6]
  -------------------------------------------------------------------
                         required time                         -2.693    
                         arrival time                           2.710    
  -------------------------------------------------------------------
                         slack                                  0.017    

Slack (MET) :             0.018ns  (arrival time - required time)
  Source:                 u_core/u_core/u_ssm_core/u_ew/s_new_packed_reg[57]/C
                            (rising edge-triggered cell FDRE clocked by sys_clk  {rise@0.000ns fall@5.000ns period=10.000ns})
  Destination:            u_core/u_core/u_ssm_core/u_gate/u_sg_join/a_mem_reg[2][3][9]/D
                            (rising edge-triggered cell FDRE clocked by sys_clk  {rise@0.000ns fall@5.000ns period=10.000ns})
  Path Group:             sys_clk
  Path Type:              Hold (Min at Slow Process Corner)
  Requirement:            0.000ns  (sys_clk rise@0.000ns - sys_clk rise@0.000ns)
  Data Path Delay:        0.220ns  (logic 0.058ns (26.387%)  route 0.162ns (73.613%))
  Logic Levels:           0  
  Clock Path Skew:        0.140ns (DCD - SCD - CPR)
    Destination Clock Delay (DCD):    3.083ns
    Source Clock Delay      (SCD):    2.552ns
    Clock Pessimism Removal (CPR):    0.391ns
  Clock Net Delay (Source):      2.003ns (routing 0.953ns, distribution 1.050ns)
  Clock Net Delay (Destination): 2.241ns (routing 1.047ns, distribution 1.194ns)

    Location             Delay type                Incr(ns)  Path(ns)    Netlist Resource(s)
  -------------------------------------------------------------------    -------------------
                         (clock sys_clk rise edge)    0.000     0.000 r  
    Y8                                                0.000     0.000 r  sys_clk (IN)
                         net (fo=0)                   0.000     0.000    sys_clk_IBUF_inst/I
    Y8                   INBUF (Prop_INBUF_HPIOB_M_PAD_O)
                                                      0.232     0.232 r  sys_clk_IBUF_inst/INBUF_INST/O
                         net (fo=1, routed)           0.000     0.232    sys_clk_IBUF_inst/OUT
    Y8                   IBUFCTRL (Prop_IBUFCTRL_HPIOB_M_I_O)
                                                      0.000     0.232 r  sys_clk_IBUF_inst/IBUFCTRL_INST/O
                         net (fo=1, routed)           0.293     0.525    sys_clk_IBUF
    BUFGCE_X0Y49         BUFGCE (Prop_BUFCE_BUFGCE_I_O)
                                                      0.024     0.549 r  sys_clk_IBUF_BUFG_inst/O
    X2Y1 (CLOCK_ROOT)    net (fo=19344, routed)       2.003     2.552    u_core/u_core/u_ssm_core/u_ew/sys_clk_IBUF_BUFG
    SLICE_X88Y57         FDRE                                         r  u_core/u_core/u_ssm_core/u_ew/s_new_packed_reg[57]/C
  -------------------------------------------------------------------    -------------------
    SLICE_X88Y57         FDRE (Prop_AFF_SLICEM_C_Q)
                                                      0.058     2.610 r  u_core/u_core/u_ssm_core/u_ew/s_new_packed_reg[57]/Q
                         net (fo=6, routed)           0.162     2.772    u_core/u_core/u_ssm_core/u_gate/u_sg_join/D[57]
    SLICE_X88Y63         FDRE                                         r  u_core/u_core/u_ssm_core/u_gate/u_sg_join/a_mem_reg[2][3][9]/D
  -------------------------------------------------------------------    -------------------

                         (clock sys_clk rise edge)    0.000     0.000 r  
    Y8                                                0.000     0.000 r  sys_clk (IN)
                         net (fo=0)                   0.000     0.000    sys_clk_IBUF_inst/I
    Y8                   INBUF (Prop_INBUF_HPIOB_M_PAD_O)
                                                      0.482     0.482 r  sys_clk_IBUF_inst/INBUF_INST/O
                         net (fo=1, routed)           0.000     0.482    sys_clk_IBUF_inst/OUT
    Y8                   IBUFCTRL (Prop_IBUFCTRL_HPIOB_M_I_O)
                                                      0.000     0.482 r  sys_clk_IBUF_inst/IBUFCTRL_INST/O
                         net (fo=1, routed)           0.332     0.814    sys_clk_IBUF
    BUFGCE_X0Y49         BUFGCE (Prop_BUFCE_BUFGCE_I_O)
                                                      0.028     0.842 r  sys_clk_IBUF_BUFG_inst/O
    X2Y1 (CLOCK_ROOT)    net (fo=19344, routed)       2.241     3.083    u_core/u_core/u_ssm_core/u_gate/u_sg_join/sys_clk_IBUF_BUFG
    SLICE_X88Y63         FDRE                                         r  u_core/u_core/u_ssm_core/u_gate/u_sg_join/a_mem_reg[2][3][9]/C
                         clock pessimism             -0.391     2.692    
    SLICE_X88Y63         FDRE (Hold_BFF2_SLICEM_C_D)
                                                      0.062     2.754    u_core/u_core/u_ssm_core/u_gate/u_sg_join/a_mem_reg[2][3][9]
  -------------------------------------------------------------------
                         required time                         -2.754    
                         arrival time                           2.772    
  -------------------------------------------------------------------
                         slack                                  0.018    

Slack (MET) :             0.019ns  (arrival time - required time)
  Source:                 u_core/u_core/u_ssm_core/u_bias_add/z_pipe_reg[0][3][2]/C
                            (rising edge-triggered cell FDRE clocked by sys_clk  {rise@0.000ns fall@5.000ns period=10.000ns})
  Destination:            u_core/u_core/u_ssm_core/u_bias_add/z_pipe_reg[1][3][2]/D
                            (rising edge-triggered cell FDRE clocked by sys_clk  {rise@0.000ns fall@5.000ns period=10.000ns})
  Path Group:             sys_clk
  Path Type:              Hold (Min at Slow Process Corner)
  Requirement:            0.000ns  (sys_clk rise@0.000ns - sys_clk rise@0.000ns)
  Data Path Delay:        0.195ns  (logic 0.060ns (30.769%)  route 0.135ns (69.231%))
  Logic Levels:           0  
  Clock Path Skew:        0.114ns (DCD - SCD - CPR)
    Destination Clock Delay (DCD):    3.017ns
    Source Clock Delay      (SCD):    2.459ns
    Clock Pessimism Removal (CPR):    0.444ns
  Clock Net Delay (Source):      1.910ns (routing 0.953ns, distribution 0.957ns)
  Clock Net Delay (Destination): 2.175ns (routing 1.047ns, distribution 1.128ns)

    Location             Delay type                Incr(ns)  Path(ns)    Netlist Resource(s)
  -------------------------------------------------------------------    -------------------
                         (clock sys_clk rise edge)    0.000     0.000 r  
    Y8                                                0.000     0.000 r  sys_clk (IN)
                         net (fo=0)                   0.000     0.000    sys_clk_IBUF_inst/I
    Y8                   INBUF (Prop_INBUF_HPIOB_M_PAD_O)
                                                      0.232     0.232 r  sys_clk_IBUF_inst/INBUF_INST/O
                         net (fo=1, routed)           0.000     0.232    sys_clk_IBUF_inst/OUT
    Y8                   IBUFCTRL (Prop_IBUFCTRL_HPIOB_M_I_O)
                                                      0.000     0.232 r  sys_clk_IBUF_inst/IBUFCTRL_INST/O
                         net (fo=1, routed)           0.293     0.525    sys_clk_IBUF
    BUFGCE_X0Y49         BUFGCE (Prop_BUFCE_BUFGCE_I_O)
                                                      0.024     0.549 r  sys_clk_IBUF_BUFG_inst/O
    X2Y1 (CLOCK_ROOT)    net (fo=19344, routed)       1.910     2.459    u_core/u_core/u_ssm_core/u_bias_add/sys_clk_IBUF_BUFG
    SLICE_X81Y70         FDRE                                         r  u_core/u_core/u_ssm_core/u_bias_add/z_pipe_reg[0][3][2]/C
  -------------------------------------------------------------------    -------------------
    SLICE_X81Y70         FDRE (Prop_BFF2_SLICEL_C_Q)
                                                      0.060     2.519 r  u_core/u_core/u_ssm_core/u_bias_add/z_pipe_reg[0][3][2]/Q
                         net (fo=1, routed)           0.135     2.654    u_core/u_core/u_ssm_core/u_bias_add/z_pipe_reg[0][3]_640[2]
    SLICE_X82Y70         FDRE                                         r  u_core/u_core/u_ssm_core/u_bias_add/z_pipe_reg[1][3][2]/D
  -------------------------------------------------------------------    -------------------

                         (clock sys_clk rise edge)    0.000     0.000 r  
    Y8                                                0.000     0.000 r  sys_clk (IN)
                         net (fo=0)                   0.000     0.000    sys_clk_IBUF_inst/I
    Y8                   INBUF (Prop_INBUF_HPIOB_M_PAD_O)
                                                      0.482     0.482 r  sys_clk_IBUF_inst/INBUF_INST/O
                         net (fo=1, routed)           0.000     0.482    sys_clk_IBUF_inst/OUT
    Y8                   IBUFCTRL (Prop_IBUFCTRL_HPIOB_M_I_O)
                                                      0.000     0.482 r  sys_clk_IBUF_inst/IBUFCTRL_INST/O
                         net (fo=1, routed)           0.332     0.814    sys_clk_IBUF
    BUFGCE_X0Y49         BUFGCE (Prop_BUFCE_BUFGCE_I_O)
                                                      0.028     0.842 r  sys_clk_IBUF_BUFG_inst/O
    X2Y1 (CLOCK_ROOT)    net (fo=19344, routed)       2.175     3.017    u_core/u_core/u_ssm_core/u_bias_add/sys_clk_IBUF_BUFG
    SLICE_X82Y70         FDRE                                         r  u_core/u_core/u_ssm_core/u_bias_add/z_pipe_reg[1][3][2]/C
                         clock pessimism             -0.444     2.573    
    SLICE_X82Y70         FDRE (Hold_GFF2_SLICEM_C_D)
                                                      0.062     2.635    u_core/u_core/u_ssm_core/u_bias_add/z_pipe_reg[1][3][2]
  -------------------------------------------------------------------
                         required time                         -2.635    
                         arrival time                           2.654    
  -------------------------------------------------------------------
                         slack                                  0.019    

Slack (MET) :             0.019ns  (arrival time - required time)
  Source:                 u_core/u_core/u_in_proj/B2_hold_reg[3][1][7]/C
                            (rising edge-triggered cell FDRE clocked by sys_clk  {rise@0.000ns fall@5.000ns period=10.000ns})
  Destination:            u_core/u_core/u_in_proj/B2_hold1_reg[2][1][7]/D
                            (rising edge-triggered cell FDRE clocked by sys_clk  {rise@0.000ns fall@5.000ns period=10.000ns})
  Path Group:             sys_clk
  Path Type:              Hold (Min at Slow Process Corner)
  Requirement:            0.000ns  (sys_clk rise@0.000ns - sys_clk rise@0.000ns)
  Data Path Delay:        0.137ns  (logic 0.059ns (43.066%)  route 0.078ns (56.934%))
  Logic Levels:           0  
  Clock Path Skew:        0.058ns (DCD - SCD - CPR)
    Destination Clock Delay (DCD):    3.050ns
    Source Clock Delay      (SCD):    2.494ns
    Clock Pessimism Removal (CPR):    0.498ns
  Clock Net Delay (Source):      1.945ns (routing 0.953ns, distribution 0.992ns)
  Clock Net Delay (Destination): 2.208ns (routing 1.047ns, distribution 1.161ns)

    Location             Delay type                Incr(ns)  Path(ns)    Netlist Resource(s)
  -------------------------------------------------------------------    -------------------
                         (clock sys_clk rise edge)    0.000     0.000 r  
    Y8                                                0.000     0.000 r  sys_clk (IN)
                         net (fo=0)                   0.000     0.000    sys_clk_IBUF_inst/I
    Y8                   INBUF (Prop_INBUF_HPIOB_M_PAD_O)
                                                      0.232     0.232 r  sys_clk_IBUF_inst/INBUF_INST/O
                         net (fo=1, routed)           0.000     0.232    sys_clk_IBUF_inst/OUT
    Y8                   IBUFCTRL (Prop_IBUFCTRL_HPIOB_M_I_O)
                                                      0.000     0.232 r  sys_clk_IBUF_inst/IBUFCTRL_INST/O
                         net (fo=1, routed)           0.293     0.525    sys_clk_IBUF
    BUFGCE_X0Y49         BUFGCE (Prop_BUFCE_BUFGCE_I_O)
                                                      0.024     0.549 r  sys_clk_IBUF_BUFG_inst/O
    X2Y1 (CLOCK_ROOT)    net (fo=19344, routed)       1.945     2.494    u_core/u_core/u_in_proj/sys_clk_IBUF_BUFG
    SLICE_X84Y47         FDRE                                         r  u_core/u_core/u_in_proj/B2_hold_reg[3][1][7]/C
  -------------------------------------------------------------------    -------------------
    SLICE_X84Y47         FDRE (Prop_GFF_SLICEL_C_Q)
                                                      0.059     2.553 r  u_core/u_core/u_in_proj/B2_hold_reg[3][1][7]/Q
                         net (fo=1, routed)           0.078     2.631    u_core/u_core/u_in_proj/B2_hold_reg[3][1]_1074[7]
    SLICE_X84Y46         FDRE                                         r  u_core/u_core/u_in_proj/B2_hold1_reg[2][1][7]/D
  -------------------------------------------------------------------    -------------------

                         (clock sys_clk rise edge)    0.000     0.000 r  
    Y8                                                0.000     0.000 r  sys_clk (IN)
                         net (fo=0)                   0.000     0.000    sys_clk_IBUF_inst/I
    Y8                   INBUF (Prop_INBUF_HPIOB_M_PAD_O)
                                                      0.482     0.482 r  sys_clk_IBUF_inst/INBUF_INST/O
                         net (fo=1, routed)           0.000     0.482    sys_clk_IBUF_inst/OUT
    Y8                   IBUFCTRL (Prop_IBUFCTRL_HPIOB_M_I_O)
                                                      0.000     0.482 r  sys_clk_IBUF_inst/IBUFCTRL_INST/O
                         net (fo=1, routed)           0.332     0.814    sys_clk_IBUF
    BUFGCE_X0Y49         BUFGCE (Prop_BUFCE_BUFGCE_I_O)
                                                      0.028     0.842 r  sys_clk_IBUF_BUFG_inst/O
    X2Y1 (CLOCK_ROOT)    net (fo=19344, routed)       2.208     3.050    u_core/u_core/u_in_proj/sys_clk_IBUF_BUFG
    SLICE_X84Y46         FDRE                                         r  u_core/u_core/u_in_proj/B2_hold1_reg[2][1][7]/C
                         clock pessimism             -0.498     2.552    
    SLICE_X84Y46         FDRE (Hold_EFF_SLICEL_C_D)
                                                      0.060     2.612    u_core/u_core/u_in_proj/B2_hold1_reg[2][1][7]
  -------------------------------------------------------------------
                         required time                         -2.612    
                         arrival time                           2.631    
  -------------------------------------------------------------------
                         slack                                  0.019    

Slack (MET) :             0.019ns  (arrival time - required time)
  Source:                 s_axis_g_tdata[61]
                            (input port clocked by sys_clk  {rise@0.000ns fall@5.000ns period=10.000ns})
  Destination:            u_core/u_core/u_ssm_core/u_gate/u_sg_join/b_mem_reg[0][3][13]/D
                            (rising edge-triggered cell FDRE clocked by sys_clk  {rise@0.000ns fall@5.000ns period=10.000ns})
  Path Group:             sys_clk
  Path Type:              Hold (Min at Slow Process Corner)
  Requirement:            0.000ns  (sys_clk rise@0.000ns - sys_clk rise@0.000ns)
  Data Path Delay:        3.036ns  (logic 0.389ns (12.804%)  route 2.647ns (87.196%))
  Logic Levels:           3  (IBUFCTRL=1 INBUF=1 LUT3=1)
  Input Delay:            0.100ns
  Clock Path Skew:        3.055ns (DCD - SCD - CPR)
    Destination Clock Delay (DCD):    3.055ns
    Source Clock Delay      (SCD):    0.000ns
    Clock Pessimism Removal (CPR):    -0.000ns
  Clock Net Delay (Destination): 2.213ns (routing 1.047ns, distribution 1.166ns)

    Location             Delay type                Incr(ns)  Path(ns)    Netlist Resource(s)
  -------------------------------------------------------------------    -------------------
                         (clock sys_clk rise edge)    0.000     0.000 r  
                         input delay                  0.100     0.100    
    K10                                               0.000     0.100 r  s_axis_g_tdata[61] (IN)
                         net (fo=0)                   0.000     0.100    s_axis_g_tdata_IBUF[61]_inst/I
    K10                  INBUF (Prop_INBUF_HPIOB_SNGL_PAD_O)
                                                      0.294     0.394 r  s_axis_g_tdata_IBUF[61]_inst/INBUF_INST/O
                         net (fo=1, routed)           0.000     0.394    s_axis_g_tdata_IBUF[61]_inst/OUT
    K10                  IBUFCTRL (Prop_IBUFCTRL_HPIOB_SNGL_I_O)
                                                      0.000     0.394 r  s_axis_g_tdata_IBUF[61]_inst/IBUFCTRL_INST/O
                         net (fo=1, routed)           2.199     2.593    u_core/u_core/u_silu/u_silu_mul/s_axis_g_tdata_IBUF[61]
    SLICE_X91Y83         LUT3 (Prop_H5LUT_SLICEM_I2_O)
                                                      0.095     2.688 r  u_core/u_core/u_silu/u_silu_mul/b_mem[0][3][13]_i_1/O
                         net (fo=4, routed)           0.448     3.136    u_core/u_core/u_ssm_core/u_gate/u_sg_join/b_mem_reg[0][3][15]_0[13]
    SLICE_X88Y73         FDRE                                         r  u_core/u_core/u_ssm_core/u_gate/u_sg_join/b_mem_reg[0][3][13]/D
  -------------------------------------------------------------------    -------------------

                         (clock sys_clk rise edge)    0.000     0.000 r  
    Y8                                                0.000     0.000 r  sys_clk (IN)
                         net (fo=0)                   0.000     0.000    sys_clk_IBUF_inst/I
    Y8                   INBUF (Prop_INBUF_HPIOB_M_PAD_O)
                                                      0.482     0.482 r  sys_clk_IBUF_inst/INBUF_INST/O
                         net (fo=1, routed)           0.000     0.482    sys_clk_IBUF_inst/OUT
    Y8                   IBUFCTRL (Prop_IBUFCTRL_HPIOB_M_I_O)
                                                      0.000     0.482 r  sys_clk_IBUF_inst/IBUFCTRL_INST/O
                         net (fo=1, routed)           0.332     0.814    sys_clk_IBUF
    BUFGCE_X0Y49         BUFGCE (Prop_BUFCE_BUFGCE_I_O)
                                                      0.028     0.842 r  sys_clk_IBUF_BUFG_inst/O
    X2Y1 (CLOCK_ROOT)    net (fo=19344, routed)       2.213     3.055    u_core/u_core/u_ssm_core/u_gate/u_sg_join/sys_clk_IBUF_BUFG
    SLICE_X88Y73         FDRE                                         r  u_core/u_core/u_ssm_core/u_gate/u_sg_join/b_mem_reg[0][3][13]/C
                         clock pessimism              0.000     3.055    
    SLICE_X88Y73         FDRE (Hold_GFF2_SLICEM_C_D)
                                                      0.062     3.117    u_core/u_core/u_ssm_core/u_gate/u_sg_join/b_mem_reg[0][3][13]
  -------------------------------------------------------------------
                         required time                         -3.117    
                         arrival time                           3.136    
  -------------------------------------------------------------------
                         slack                                  0.019    

Slack (MET) :             0.019ns  (arrival time - required time)
  Source:                 u_core/u_core/u_ssm_core/u_ew/s_new_packed_reg[22]/C
                            (rising edge-triggered cell FDRE clocked by sys_clk  {rise@0.000ns fall@5.000ns period=10.000ns})
  Destination:            u_core/u_core/u_ssm_core/u_gate/u_sg_join/a_mem_reg[0][1][6]/D
                            (rising edge-triggered cell FDRE clocked by sys_clk  {rise@0.000ns fall@5.000ns period=10.000ns})
  Path Group:             sys_clk
  Path Type:              Hold (Min at Slow Process Corner)
  Requirement:            0.000ns  (sys_clk rise@0.000ns - sys_clk rise@0.000ns)
  Data Path Delay:        0.220ns  (logic 0.057ns (25.853%)  route 0.163ns (74.147%))
  Logic Levels:           0  
  Clock Path Skew:        0.139ns (DCD - SCD - CPR)
    Destination Clock Delay (DCD):    3.081ns
    Source Clock Delay      (SCD):    2.551ns
    Clock Pessimism Removal (CPR):    0.391ns
  Clock Net Delay (Source):      2.002ns (routing 0.953ns, distribution 1.049ns)
  Clock Net Delay (Destination): 2.239ns (routing 1.047ns, distribution 1.192ns)

    Location             Delay type                Incr(ns)  Path(ns)    Netlist Resource(s)
  -------------------------------------------------------------------    -------------------
                         (clock sys_clk rise edge)    0.000     0.000 r  
    Y8                                                0.000     0.000 r  sys_clk (IN)
                         net (fo=0)                   0.000     0.000    sys_clk_IBUF_inst/I
    Y8                   INBUF (Prop_INBUF_HPIOB_M_PAD_O)
                                                      0.232     0.232 r  sys_clk_IBUF_inst/INBUF_INST/O
                         net (fo=1, routed)           0.000     0.232    sys_clk_IBUF_inst/OUT
    Y8                   IBUFCTRL (Prop_IBUFCTRL_HPIOB_M_I_O)
                                                      0.000     0.232 r  sys_clk_IBUF_inst/IBUFCTRL_INST/O
                         net (fo=1, routed)           0.293     0.525    sys_clk_IBUF
    BUFGCE_X0Y49         BUFGCE (Prop_BUFCE_BUFGCE_I_O)
                                                      0.024     0.549 r  sys_clk_IBUF_BUFG_inst/O
    X2Y1 (CLOCK_ROOT)    net (fo=19344, routed)       2.002     2.551    u_core/u_core/u_ssm_core/u_ew/sys_clk_IBUF_BUFG
    SLICE_X88Y56         FDRE                                         r  u_core/u_core/u_ssm_core/u_ew/s_new_packed_reg[22]/C
  -------------------------------------------------------------------    -------------------
    SLICE_X88Y56         FDRE (Prop_FFF_SLICEM_C_Q)
                                                      0.057     2.608 r  u_core/u_core/u_ssm_core/u_ew/s_new_packed_reg[22]/Q
                         net (fo=6, routed)           0.163     2.771    u_core/u_core/u_ssm_core/u_gate/u_sg_join/D[22]
    SLICE_X88Y63         FDRE                                         r  u_core/u_core/u_ssm_core/u_gate/u_sg_join/a_mem_reg[0][1][6]/D
  -------------------------------------------------------------------    -------------------

                         (clock sys_clk rise edge)    0.000     0.000 r  
    Y8                                                0.000     0.000 r  sys_clk (IN)
                         net (fo=0)                   0.000     0.000    sys_clk_IBUF_inst/I
    Y8                   INBUF (Prop_INBUF_HPIOB_M_PAD_O)
                                                      0.482     0.482 r  sys_clk_IBUF_inst/INBUF_INST/O
                         net (fo=1, routed)           0.000     0.482    sys_clk_IBUF_inst/OUT
    Y8                   IBUFCTRL (Prop_IBUFCTRL_HPIOB_M_I_O)
                                                      0.000     0.482 r  sys_clk_IBUF_inst/IBUFCTRL_INST/O
                         net (fo=1, routed)           0.332     0.814    sys_clk_IBUF
    BUFGCE_X0Y49         BUFGCE (Prop_BUFCE_BUFGCE_I_O)
                                                      0.028     0.842 r  sys_clk_IBUF_BUFG_inst/O
    X2Y1 (CLOCK_ROOT)    net (fo=19344, routed)       2.239     3.081    u_core/u_core/u_ssm_core/u_gate/u_sg_join/sys_clk_IBUF_BUFG
    SLICE_X88Y63         FDRE                                         r  u_core/u_core/u_ssm_core/u_gate/u_sg_join/a_mem_reg[0][1][6]/C
                         clock pessimism             -0.391     2.690    
    SLICE_X88Y63         FDRE (Hold_HFF2_SLICEM_C_D)
                                                      0.062     2.752    u_core/u_core/u_ssm_core/u_gate/u_sg_join/a_mem_reg[0][1][6]
  -------------------------------------------------------------------
                         required time                         -2.752    
                         arrival time                           2.771    
  -------------------------------------------------------------------
                         slack                                  0.019    





Pulse Width Checks
--------------------------------------------------------------------------------------
Clock Name:         sys_clk
Waveform(ns):       { 0.000 5.000 }
Period(ns):         10.000
Sources:            { sys_clk }

Check Type        Corner  Lib Pin             Reference Pin  Required(ns)  Actual(ns)  Slack(ns)  Location       Pin
Min Period        n/a     RAMB36E2/CLKBWRCLK  n/a            1.569         10.000      8.431      RAMB36_X10Y4   u_core/u_core/u_in_proj/u_h_sram/u_ht_ip/u_copy0/U0/inst_blk_mem_gen/gnbram.gnativebmg.native_blk_mem_gen/valid.cstr/ramloop[0].ram.r/prim_noinit.ram/DEVICE_8SERIES.NO_BMM_INFO.TRUE_DP.SIMPLE_PRIM36.ram/CLKBWRCLK
Min Period        n/a     RAMB36E2/CLKBWRCLK  n/a            1.569         10.000      8.431      RAMB36_X10Y3   u_core/u_core/u_in_proj/u_h_sram/u_ht_ip/u_copy0/U0/inst_blk_mem_gen/gnbram.gnativebmg.native_blk_mem_gen/valid.cstr/ramloop[1].ram.r/prim_noinit.ram/DEVICE_8SERIES.NO_BMM_INFO.TRUE_DP.SIMPLE_PRIM36.ram/CLKBWRCLK
Min Period        n/a     RAMB36E2/CLKBWRCLK  n/a            1.569         10.000      8.431      RAMB36_X10Y5   u_core/u_core/u_in_proj/u_h_sram/u_ht_ip/u_copy1/U0/inst_blk_mem_gen/gnbram.gnativebmg.native_blk_mem_gen/valid.cstr/ramloop[0].ram.r/prim_noinit.ram/DEVICE_8SERIES.NO_BMM_INFO.TRUE_DP.SIMPLE_PRIM36.ram/CLKBWRCLK
Min Period        n/a     RAMB36E2/CLKBWRCLK  n/a            1.569         10.000      8.431      RAMB36_X11Y6   u_core/u_core/u_in_proj/u_h_sram/u_ht_ip/u_copy1/U0/inst_blk_mem_gen/gnbram.gnativebmg.native_blk_mem_gen/valid.cstr/ramloop[1].ram.r/prim_noinit.ram/DEVICE_8SERIES.NO_BMM_INFO.TRUE_DP.SIMPLE_PRIM36.ram/CLKBWRCLK
Min Period        n/a     RAMB36E2/CLKBWRCLK  n/a            1.569         10.000      8.431      RAMB36_X11Y9   u_core/u_core/u_in_proj/u_h_sram/u_ht_ip/u_copy2/U0/inst_blk_mem_gen/gnbram.gnativebmg.native_blk_mem_gen/valid.cstr/ramloop[0].ram.r/prim_noinit.ram/DEVICE_8SERIES.NO_BMM_INFO.TRUE_DP.SIMPLE_PRIM36.ram/CLKBWRCLK
Min Period        n/a     RAMB36E2/CLKBWRCLK  n/a            1.569         10.000      8.431      RAMB36_X11Y7   u_core/u_core/u_in_proj/u_h_sram/u_ht_ip/u_copy2/U0/inst_blk_mem_gen/gnbram.gnativebmg.native_blk_mem_gen/valid.cstr/ramloop[1].ram.r/prim_noinit.ram/DEVICE_8SERIES.NO_BMM_INFO.TRUE_DP.SIMPLE_PRIM36.ram/CLKBWRCLK
Min Period        n/a     RAMB36E2/CLKBWRCLK  n/a            1.569         10.000      8.431      RAMB36_X11Y10  u_core/u_core/u_in_proj/u_h_sram/u_ht_ip/u_copy3/U0/inst_blk_mem_gen/gnbram.gnativebmg.native_blk_mem_gen/valid.cstr/ramloop[0].ram.r/prim_noinit.ram/DEVICE_8SERIES.NO_BMM_INFO.TRUE_DP.SIMPLE_PRIM36.ram/CLKBWRCLK
Min Period        n/a     RAMB36E2/CLKBWRCLK  n/a            1.569         10.000      8.431      RAMB36_X11Y8   u_core/u_core/u_in_proj/u_h_sram/u_ht_ip/u_copy3/U0/inst_blk_mem_gen/gnbram.gnativebmg.native_blk_mem_gen/valid.cstr/ramloop[1].ram.r/prim_noinit.ram/DEVICE_8SERIES.NO_BMM_INFO.TRUE_DP.SIMPLE_PRIM36.ram/CLKBWRCLK
Min Period        n/a     RAMB36E2/CLKBWRCLK  n/a            1.569         10.000      8.431      RAMB36_X12Y7   u_core/u_core/u_in_proj/u_u_sram/u_vec_ip/u_copy0/U0/inst_blk_mem_gen/gnbram.gnativebmg.native_blk_mem_gen/valid.cstr/ramloop[0].ram.r/prim_noinit.ram/DEVICE_8SERIES.NO_BMM_INFO.TRUE_DP.SIMPLE_PRIM36.ram/CLKBWRCLK
Min Period        n/a     RAMB36E2/CLKBWRCLK  n/a            1.569         10.000      8.431      RAMB36_X12Y6   u_core/u_core/u_in_proj/u_u_sram/u_vec_ip/u_copy0/U0/inst_blk_mem_gen/gnbram.gnativebmg.native_blk_mem_gen/valid.cstr/ramloop[1].ram.r/prim_noinit.ram/DEVICE_8SERIES.NO_BMM_INFO.TRUE_DP.SIMPLE_PRIM36.ram/CLKBWRCLK
Low Pulse Width   Slow    RAMB18E2/CLKARDCLK  n/a            0.542         5.000       4.458      RAMB18_X6Y2    u_core/u_core/u_dt_sched/u_dt_wbuf_bank0/U0/inst_blk_mem_gen/gnbram.gnativebmg.native_blk_mem_gen/valid.cstr/ramloop[0].ram.r/prim_noinit.ram/DEVICE_8SERIES.NO_BMM_INFO.TRUE_DP.SIMPLE_PRIM18.ram/CLKARDCLK
Low Pulse Width   Fast    RAMB18E2/CLKARDCLK  n/a            0.542         5.000       4.458      RAMB18_X6Y2    u_core/u_core/u_dt_sched/u_dt_wbuf_bank0/U0/inst_blk_mem_gen/gnbram.gnativebmg.native_blk_mem_gen/valid.cstr/ramloop[0].ram.r/prim_noinit.ram/DEVICE_8SERIES.NO_BMM_INFO.TRUE_DP.SIMPLE_PRIM18.ram/CLKARDCLK
Low Pulse Width   Slow    RAMB18E2/CLKBWRCLK  n/a            0.542         5.000       4.458      RAMB18_X6Y2    u_core/u_core/u_dt_sched/u_dt_wbuf_bank0/U0/inst_blk_mem_gen/gnbram.gnativebmg.native_blk_mem_gen/valid.cstr/ramloop[0].ram.r/prim_noinit.ram/DEVICE_8SERIES.NO_BMM_INFO.TRUE_DP.SIMPLE_PRIM18.ram/CLKBWRCLK
Low Pulse Width   Fast    RAMB18E2/CLKBWRCLK  n/a            0.542         5.000       4.458      RAMB18_X6Y2    u_core/u_core/u_dt_sched/u_dt_wbuf_bank0/U0/inst_blk_mem_gen/gnbram.gnativebmg.native_blk_mem_gen/valid.cstr/ramloop[0].ram.r/prim_noinit.ram/DEVICE_8SERIES.NO_BMM_INFO.TRUE_DP.SIMPLE_PRIM18.ram/CLKBWRCLK
Low Pulse Width   Slow    RAMB36E2/CLKARDCLK  n/a            0.542         5.000       4.458      RAMB36_X9Y2    u_core/u_core/u_dt_sched/u_dt_wbuf_bank0/U0/inst_blk_mem_gen/gnbram.gnativebmg.native_blk_mem_gen/valid.cstr/ramloop[1].ram.r/prim_noinit.ram/DEVICE_8SERIES.NO_BMM_INFO.TRUE_DP.SIMPLE_PRIM36.ram/CLKARDCLK
Low Pulse Width   Fast    RAMB36E2/CLKARDCLK  n/a            0.542         5.000       4.458      RAMB36_X9Y2    u_core/u_core/u_dt_sched/u_dt_wbuf_bank0/U0/inst_blk_mem_gen/gnbram.gnativebmg.native_blk_mem_gen/valid.cstr/ramloop[1].ram.r/prim_noinit.ram/DEVICE_8SERIES.NO_BMM_INFO.TRUE_DP.SIMPLE_PRIM36.ram/CLKARDCLK
Low Pulse Width   Slow    RAMB36E2/CLKBWRCLK  n/a            0.542         5.000       4.458      RAMB36_X9Y2    u_core/u_core/u_dt_sched/u_dt_wbuf_bank0/U0/inst_blk_mem_gen/gnbram.gnativebmg.native_blk_mem_gen/valid.cstr/ramloop[1].ram.r/prim_noinit.ram/DEVICE_8SERIES.NO_BMM_INFO.TRUE_DP.SIMPLE_PRIM36.ram/CLKBWRCLK
Low Pulse Width   Fast    RAMB36E2/CLKBWRCLK  n/a            0.542         5.000       4.458      RAMB36_X9Y2    u_core/u_core/u_dt_sched/u_dt_wbuf_bank0/U0/inst_blk_mem_gen/gnbram.gnativebmg.native_blk_mem_gen/valid.cstr/ramloop[1].ram.r/prim_noinit.ram/DEVICE_8SERIES.NO_BMM_INFO.TRUE_DP.SIMPLE_PRIM36.ram/CLKBWRCLK
Low Pulse Width   Slow    RAMB36E2/CLKARDCLK  n/a            0.542         5.000       4.458      RAMB36_X8Y3    u_core/u_core/u_dt_sched/u_dt_wbuf_bank0/U0/inst_blk_mem_gen/gnbram.gnativebmg.native_blk_mem_gen/valid.cstr/ramloop[2].ram.r/prim_noinit.ram/DEVICE_8SERIES.NO_BMM_INFO.TRUE_DP.SIMPLE_PRIM36.ram/CLKARDCLK
Low Pulse Width   Fast    RAMB36E2/CLKARDCLK  n/a            0.542         5.000       4.458      RAMB36_X8Y3    u_core/u_core/u_dt_sched/u_dt_wbuf_bank0/U0/inst_blk_mem_gen/gnbram.gnativebmg.native_blk_mem_gen/valid.cstr/ramloop[2].ram.r/prim_noinit.ram/DEVICE_8SERIES.NO_BMM_INFO.TRUE_DP.SIMPLE_PRIM36.ram/CLKARDCLK
High Pulse Width  Slow    RAMB18E2/CLKARDCLK  n/a            0.542         5.000       4.458      RAMB18_X6Y2    u_core/u_core/u_dt_sched/u_dt_wbuf_bank0/U0/inst_blk_mem_gen/gnbram.gnativebmg.native_blk_mem_gen/valid.cstr/ramloop[0].ram.r/prim_noinit.ram/DEVICE_8SERIES.NO_BMM_INFO.TRUE_DP.SIMPLE_PRIM18.ram/CLKARDCLK
High Pulse Width  Fast    RAMB18E2/CLKARDCLK  n/a            0.542         5.000       4.458      RAMB18_X6Y2    u_core/u_core/u_dt_sched/u_dt_wbuf_bank0/U0/inst_blk_mem_gen/gnbram.gnativebmg.native_blk_mem_gen/valid.cstr/ramloop[0].ram.r/prim_noinit.ram/DEVICE_8SERIES.NO_BMM_INFO.TRUE_DP.SIMPLE_PRIM18.ram/CLKARDCLK
High Pulse Width  Slow    RAMB18E2/CLKBWRCLK  n/a            0.542         5.000       4.458      RAMB18_X6Y2    u_core/u_core/u_dt_sched/u_dt_wbuf_bank0/U0/inst_blk_mem_gen/gnbram.gnativebmg.native_blk_mem_gen/valid.cstr/ramloop[0].ram.r/prim_noinit.ram/DEVICE_8SERIES.NO_BMM_INFO.TRUE_DP.SIMPLE_PRIM18.ram/CLKBWRCLK
High Pulse Width  Fast    RAMB18E2/CLKBWRCLK  n/a            0.542         5.000       4.458      RAMB18_X6Y2    u_core/u_core/u_dt_sched/u_dt_wbuf_bank0/U0/inst_blk_mem_gen/gnbram.gnativebmg.native_blk_mem_gen/valid.cstr/ramloop[0].ram.r/prim_noinit.ram/DEVICE_8SERIES.NO_BMM_INFO.TRUE_DP.SIMPLE_PRIM18.ram/CLKBWRCLK
High Pulse Width  Slow    RAMB36E2/CLKARDCLK  n/a            0.542         5.000       4.458      RAMB36_X9Y2    u_core/u_core/u_dt_sched/u_dt_wbuf_bank0/U0/inst_blk_mem_gen/gnbram.gnativebmg.native_blk_mem_gen/valid.cstr/ramloop[1].ram.r/prim_noinit.ram/DEVICE_8SERIES.NO_BMM_INFO.TRUE_DP.SIMPLE_PRIM36.ram/CLKARDCLK
High Pulse Width  Fast    RAMB36E2/CLKARDCLK  n/a            0.542         5.000       4.458      RAMB36_X9Y2    u_core/u_core/u_dt_sched/u_dt_wbuf_bank0/U0/inst_blk_mem_gen/gnbram.gnativebmg.native_blk_mem_gen/valid.cstr/ramloop[1].ram.r/prim_noinit.ram/DEVICE_8SERIES.NO_BMM_INFO.TRUE_DP.SIMPLE_PRIM36.ram/CLKARDCLK
High Pulse Width  Slow    RAMB36E2/CLKBWRCLK  n/a            0.542         5.000       4.458      RAMB36_X9Y2    u_core/u_core/u_dt_sched/u_dt_wbuf_bank0/U0/inst_blk_mem_gen/gnbram.gnativebmg.native_blk_mem_gen/valid.cstr/ramloop[1].ram.r/prim_noinit.ram/DEVICE_8SERIES.NO_BMM_INFO.TRUE_DP.SIMPLE_PRIM36.ram/CLKBWRCLK
High Pulse Width  Fast    RAMB36E2/CLKBWRCLK  n/a            0.542         5.000       4.458      RAMB36_X9Y2    u_core/u_core/u_dt_sched/u_dt_wbuf_bank0/U0/inst_blk_mem_gen/gnbram.gnativebmg.native_blk_mem_gen/valid.cstr/ramloop[1].ram.r/prim_noinit.ram/DEVICE_8SERIES.NO_BMM_INFO.TRUE_DP.SIMPLE_PRIM36.ram/CLKBWRCLK
High Pulse Width  Slow    RAMB36E2/CLKARDCLK  n/a            0.542         5.000       4.458      RAMB36_X8Y3    u_core/u_core/u_dt_sched/u_dt_wbuf_bank0/U0/inst_blk_mem_gen/gnbram.gnativebmg.native_blk_mem_gen/valid.cstr/ramloop[2].ram.r/prim_noinit.ram/DEVICE_8SERIES.NO_BMM_INFO.TRUE_DP.SIMPLE_PRIM36.ram/CLKARDCLK
High Pulse Width  Fast    RAMB36E2/CLKARDCLK  n/a            0.542         5.000       4.458      RAMB36_X8Y3    u_core/u_core/u_dt_sched/u_dt_wbuf_bank0/U0/inst_blk_mem_gen/gnbram.gnativebmg.native_blk_mem_gen/valid.cstr/ramloop[2].ram.r/prim_noinit.ram/DEVICE_8SERIES.NO_BMM_INFO.TRUE_DP.SIMPLE_PRIM36.ram/CLKARDCLK



--------------------------------------------------------------------------------------
Path Group:  (none)
From Clock:  
  To Clock:  sys_clk

Max Delay           518 Endpoints
Min Delay           518 Endpoints
--------------------------------------------------------------------------------------


Max Delay Paths
--------------------------------------------------------------------------------------
Slack:                    inf
  Source:                 ext_reset_n
                            (input port)
  Destination:            u_regs/s_axi_rvalid_reg/R
                            (rising edge-triggered cell FDRE clocked by sys_clk  {rise@0.000ns fall@5.000ns period=10.000ns})
  Path Group:             (none)
  Path Type:              Setup (Max at Slow Process Corner)
  Data Path Delay:        4.629ns  (logic 1.128ns (24.365%)  route 3.501ns (75.635%))
  Logic Levels:           3  (IBUFCTRL=1 INBUF=1 LUT2=1)
  Clock Path Skew:        2.532ns (DCD - SCD + CPR)
    Destination Clock Delay (DCD):    2.532ns
    Source Clock Delay      (SCD):    0.000ns
    Clock Pessimism Removal (CPR):    0.000ns
  Clock Uncertainty:      0.025ns  ((TSJ^2 + TIJ^2)^1/2 + DJ) / 2 + PE
    Total System Jitter     (TSJ):    0.050ns
    Total Input Jitter      (TIJ):    0.000ns
    Discrete Jitter          (DJ):    0.000ns
    Phase Error              (PE):    0.000ns
  Clock Net Delay (Destination): 1.983ns (routing 0.953ns, distribution 1.030ns)
  Timing Exception:       False Path

    Location             Delay type                Incr(ns)  Path(ns)    Netlist Resource(s)
  -------------------------------------------------------------------    -------------------
    B20                                               0.000     0.000 f  ext_reset_n (IN)
                         net (fo=0)                   0.000     0.000    ext_reset_n_IBUF_inst/I
    B20                  INBUF (Prop_INBUF_HDIOB_M_PAD_O)
                                                      1.077     1.077 f  ext_reset_n_IBUF_inst/INBUF_INST/O
                         net (fo=1, routed)           0.000     1.077    ext_reset_n_IBUF_inst/OUT
    B20                  IBUFCTRL (Prop_IBUFCTRL_HDIOB_M_I_O)
                                                      0.000     1.077 f  ext_reset_n_IBUF_inst/IBUFCTRL_INST/O
                         net (fo=6, routed)           1.655     2.732    u_regs/ext_reset_n_IBUF
    SLICE_X88Y103        LUT2 (Prop_D6LUT_SLICEM_I1_O)
                                                      0.051     2.783 r  u_regs/h_src_addr[63]_i_1/O
                         net (fo=500, routed)         1.847     4.629    u_regs/SR[0]
    SLICE_X85Y206        FDRE                                         r  u_regs/s_axi_rvalid_reg/R
  -------------------------------------------------------------------    -------------------

                         (clock sys_clk rise edge)    0.000     0.000 r  
    Y8                                                0.000     0.000 r  sys_clk (IN)
                         net (fo=0)                   0.000     0.000    sys_clk_IBUF_inst/I
    Y8                   INBUF (Prop_INBUF_HPIOB_M_PAD_O)
                                                      0.232     0.232 r  sys_clk_IBUF_inst/INBUF_INST/O
                         net (fo=1, routed)           0.000     0.232    sys_clk_IBUF_inst/OUT
    Y8                   IBUFCTRL (Prop_IBUFCTRL_HPIOB_M_I_O)
                                                      0.000     0.232 r  sys_clk_IBUF_inst/IBUFCTRL_INST/O
                         net (fo=1, routed)           0.293     0.525    sys_clk_IBUF
    BUFGCE_X0Y49         BUFGCE (Prop_BUFCE_BUFGCE_I_O)
                                                      0.024     0.549 r  sys_clk_IBUF_BUFG_inst/O
    X2Y1 (CLOCK_ROOT)    net (fo=19344, routed)       1.983     2.532    u_regs/CLK
    SLICE_X85Y206        FDRE                                         r  u_regs/s_axi_rvalid_reg/C

Slack:                    inf
  Source:                 ext_reset_n
                            (input port)
  Destination:            u_regs/s_axi_bvalid_reg/R
                            (rising edge-triggered cell FDRE clocked by sys_clk  {rise@0.000ns fall@5.000ns period=10.000ns})
  Path Group:             (none)
  Path Type:              Setup (Max at Slow Process Corner)
  Data Path Delay:        4.347ns  (logic 1.128ns (25.946%)  route 3.219ns (74.054%))
  Logic Levels:           3  (IBUFCTRL=1 INBUF=1 LUT2=1)
  Clock Path Skew:        2.566ns (DCD - SCD + CPR)
    Destination Clock Delay (DCD):    2.566ns
    Source Clock Delay      (SCD):    0.000ns
    Clock Pessimism Removal (CPR):    0.000ns
  Clock Uncertainty:      0.025ns  ((TSJ^2 + TIJ^2)^1/2 + DJ) / 2 + PE
    Total System Jitter     (TSJ):    0.050ns
    Total Input Jitter      (TIJ):    0.000ns
    Discrete Jitter          (DJ):    0.000ns
    Phase Error              (PE):    0.000ns
  Clock Net Delay (Destination): 2.017ns (routing 0.953ns, distribution 1.064ns)
  Timing Exception:       False Path

    Location             Delay type                Incr(ns)  Path(ns)    Netlist Resource(s)
  -------------------------------------------------------------------    -------------------
    B20                                               0.000     0.000 f  ext_reset_n (IN)
                         net (fo=0)                   0.000     0.000    ext_reset_n_IBUF_inst/I
    B20                  INBUF (Prop_INBUF_HDIOB_M_PAD_O)
                                                      1.077     1.077 f  ext_reset_n_IBUF_inst/INBUF_INST/O
                         net (fo=1, routed)           0.000     1.077    ext_reset_n_IBUF_inst/OUT
    B20                  IBUFCTRL (Prop_IBUFCTRL_HDIOB_M_I_O)
                                                      0.000     1.077 f  ext_reset_n_IBUF_inst/IBUFCTRL_INST/O
                         net (fo=6, routed)           1.655     2.732    u_regs/ext_reset_n_IBUF
    SLICE_X88Y103        LUT2 (Prop_D6LUT_SLICEM_I1_O)
                                                      0.051     2.783 r  u_regs/h_src_addr[63]_i_1/O
                         net (fo=500, routed)         1.565     4.347    u_regs/SR[0]
    SLICE_X86Y200        FDRE                                         r  u_regs/s_axi_bvalid_reg/R
  -------------------------------------------------------------------    -------------------

                         (clock sys_clk rise edge)    0.000     0.000 r  
    Y8                                                0.000     0.000 r  sys_clk (IN)
                         net (fo=0)                   0.000     0.000    sys_clk_IBUF_inst/I
    Y8                   INBUF (Prop_INBUF_HPIOB_M_PAD_O)
                                                      0.232     0.232 r  sys_clk_IBUF_inst/INBUF_INST/O
                         net (fo=1, routed)           0.000     0.232    sys_clk_IBUF_inst/OUT
    Y8                   IBUFCTRL (Prop_IBUFCTRL_HPIOB_M_I_O)
                                                      0.000     0.232 r  sys_clk_IBUF_inst/IBUFCTRL_INST/O
                         net (fo=1, routed)           0.293     0.525    sys_clk_IBUF
    BUFGCE_X0Y49         BUFGCE (Prop_BUFCE_BUFGCE_I_O)
                                                      0.024     0.549 r  sys_clk_IBUF_BUFG_inst/O
    X2Y1 (CLOCK_ROOT)    net (fo=19344, routed)       2.017     2.566    u_regs/CLK
    SLICE_X86Y200        FDRE                                         r  u_regs/s_axi_bvalid_reg/C

Slack:                    inf
  Source:                 ext_reset_n
                            (input port)
  Destination:            u_h_loader/h_wr_addr_reg[0]/R
                            (rising edge-triggered cell FDRE clocked by sys_clk  {rise@0.000ns fall@5.000ns period=10.000ns})
  Path Group:             (none)
  Path Type:              Setup (Max at Slow Process Corner)
  Data Path Delay:        3.993ns  (logic 1.176ns (29.450%)  route 2.817ns (70.550%))
  Logic Levels:           3  (IBUFCTRL=1 INBUF=1 LUT4=1)
  Clock Path Skew:        2.504ns (DCD - SCD + CPR)
    Destination Clock Delay (DCD):    2.504ns
    Source Clock Delay      (SCD):    0.000ns
    Clock Pessimism Removal (CPR):    0.000ns
  Clock Uncertainty:      0.025ns  ((TSJ^2 + TIJ^2)^1/2 + DJ) / 2 + PE
    Total System Jitter     (TSJ):    0.050ns
    Total Input Jitter      (TIJ):    0.000ns
    Discrete Jitter          (DJ):    0.000ns
    Phase Error              (PE):    0.000ns
  Clock Net Delay (Destination): 1.955ns (routing 0.953ns, distribution 1.002ns)
  Timing Exception:       False Path

    Location             Delay type                Incr(ns)  Path(ns)    Netlist Resource(s)
  -------------------------------------------------------------------    -------------------
    B20                                               0.000     0.000 f  ext_reset_n (IN)
                         net (fo=0)                   0.000     0.000    ext_reset_n_IBUF_inst/I
    B20                  INBUF (Prop_INBUF_HDIOB_M_PAD_O)
                                                      1.077     1.077 f  ext_reset_n_IBUF_inst/INBUF_INST/O
                         net (fo=1, routed)           0.000     1.077    ext_reset_n_IBUF_inst/OUT
    B20                  IBUFCTRL (Prop_IBUFCTRL_HDIOB_M_I_O)
                                                      0.000     1.077 f  ext_reset_n_IBUF_inst/IBUFCTRL_INST/O
                         net (fo=6, routed)           1.812     2.889    u_regs/ext_reset_n_IBUF
    SLICE_X86Y99         LUT4 (Prop_D6LUT_SLICEL_I3_O)
                                                      0.099     2.988 r  u_regs/h_wr_addr[4]_i_1/O
                         net (fo=10, routed)          1.005     3.993    u_h_loader/h_wr_addr_reg[4]_1[0]
    SLICE_X84Y53         FDRE                                         r  u_h_loader/h_wr_addr_reg[0]/R
  -------------------------------------------------------------------    -------------------

                         (clock sys_clk rise edge)    0.000     0.000 r  
    Y8                                                0.000     0.000 r  sys_clk (IN)
                         net (fo=0)                   0.000     0.000    sys_clk_IBUF_inst/I
    Y8                   INBUF (Prop_INBUF_HPIOB_M_PAD_O)
                                                      0.232     0.232 r  sys_clk_IBUF_inst/INBUF_INST/O
                         net (fo=1, routed)           0.000     0.232    sys_clk_IBUF_inst/OUT
    Y8                   IBUFCTRL (Prop_IBUFCTRL_HPIOB_M_I_O)
                                                      0.000     0.232 r  sys_clk_IBUF_inst/IBUFCTRL_INST/O
                         net (fo=1, routed)           0.293     0.525    sys_clk_IBUF
    BUFGCE_X0Y49         BUFGCE (Prop_BUFCE_BUFGCE_I_O)
                                                      0.024     0.549 r  sys_clk_IBUF_BUFG_inst/O
    X2Y1 (CLOCK_ROOT)    net (fo=19344, routed)       1.955     2.504    u_h_loader/CLK
    SLICE_X84Y53         FDRE                                         r  u_h_loader/h_wr_addr_reg[0]/C

Slack:                    inf
  Source:                 ext_reset_n
                            (input port)
  Destination:            u_h_loader/h_wr_addr_reg[1]/R
                            (rising edge-triggered cell FDRE clocked by sys_clk  {rise@0.000ns fall@5.000ns period=10.000ns})
  Path Group:             (none)
  Path Type:              Setup (Max at Slow Process Corner)
  Data Path Delay:        3.993ns  (logic 1.176ns (29.450%)  route 2.817ns (70.550%))
  Logic Levels:           3  (IBUFCTRL=1 INBUF=1 LUT4=1)
  Clock Path Skew:        2.504ns (DCD - SCD + CPR)
    Destination Clock Delay (DCD):    2.504ns
    Source Clock Delay      (SCD):    0.000ns
    Clock Pessimism Removal (CPR):    0.000ns
  Clock Uncertainty:      0.025ns  ((TSJ^2 + TIJ^2)^1/2 + DJ) / 2 + PE
    Total System Jitter     (TSJ):    0.050ns
    Total Input Jitter      (TIJ):    0.000ns
    Discrete Jitter          (DJ):    0.000ns
    Phase Error              (PE):    0.000ns
  Clock Net Delay (Destination): 1.955ns (routing 0.953ns, distribution 1.002ns)
  Timing Exception:       False Path

    Location             Delay type                Incr(ns)  Path(ns)    Netlist Resource(s)
  -------------------------------------------------------------------    -------------------
    B20                                               0.000     0.000 f  ext_reset_n (IN)
                         net (fo=0)                   0.000     0.000    ext_reset_n_IBUF_inst/I
    B20                  INBUF (Prop_INBUF_HDIOB_M_PAD_O)
                                                      1.077     1.077 f  ext_reset_n_IBUF_inst/INBUF_INST/O
                         net (fo=1, routed)           0.000     1.077    ext_reset_n_IBUF_inst/OUT
    B20                  IBUFCTRL (Prop_IBUFCTRL_HDIOB_M_I_O)
                                                      0.000     1.077 f  ext_reset_n_IBUF_inst/IBUFCTRL_INST/O
                         net (fo=6, routed)           1.812     2.889    u_regs/ext_reset_n_IBUF
    SLICE_X86Y99         LUT4 (Prop_D6LUT_SLICEL_I3_O)
                                                      0.099     2.988 r  u_regs/h_wr_addr[4]_i_1/O
                         net (fo=10, routed)          1.005     3.993    u_h_loader/h_wr_addr_reg[4]_1[0]
    SLICE_X84Y53         FDRE                                         r  u_h_loader/h_wr_addr_reg[1]/R
  -------------------------------------------------------------------    -------------------

                         (clock sys_clk rise edge)    0.000     0.000 r  
    Y8                                                0.000     0.000 r  sys_clk (IN)
                         net (fo=0)                   0.000     0.000    sys_clk_IBUF_inst/I
    Y8                   INBUF (Prop_INBUF_HPIOB_M_PAD_O)
                                                      0.232     0.232 r  sys_clk_IBUF_inst/INBUF_INST/O
                         net (fo=1, routed)           0.000     0.232    sys_clk_IBUF_inst/OUT
    Y8                   IBUFCTRL (Prop_IBUFCTRL_HPIOB_M_I_O)
                                                      0.000     0.232 r  sys_clk_IBUF_inst/IBUFCTRL_INST/O
                         net (fo=1, routed)           0.293     0.525    sys_clk_IBUF
    BUFGCE_X0Y49         BUFGCE (Prop_BUFCE_BUFGCE_I_O)
                                                      0.024     0.549 r  sys_clk_IBUF_BUFG_inst/O
    X2Y1 (CLOCK_ROOT)    net (fo=19344, routed)       1.955     2.504    u_h_loader/CLK
    SLICE_X84Y53         FDRE                                         r  u_h_loader/h_wr_addr_reg[1]/C

Slack:                    inf
  Source:                 ext_reset_n
                            (input port)
  Destination:            u_h_loader/h_wr_addr_reg[2]/R
                            (rising edge-triggered cell FDRE clocked by sys_clk  {rise@0.000ns fall@5.000ns period=10.000ns})
  Path Group:             (none)
  Path Type:              Setup (Max at Slow Process Corner)
  Data Path Delay:        3.993ns  (logic 1.176ns (29.450%)  route 2.817ns (70.550%))
  Logic Levels:           3  (IBUFCTRL=1 INBUF=1 LUT4=1)
  Clock Path Skew:        2.504ns (DCD - SCD + CPR)
    Destination Clock Delay (DCD):    2.504ns
    Source Clock Delay      (SCD):    0.000ns
    Clock Pessimism Removal (CPR):    0.000ns
  Clock Uncertainty:      0.025ns  ((TSJ^2 + TIJ^2)^1/2 + DJ) / 2 + PE
    Total System Jitter     (TSJ):    0.050ns
    Total Input Jitter      (TIJ):    0.000ns
    Discrete Jitter          (DJ):    0.000ns
    Phase Error              (PE):    0.000ns
  Clock Net Delay (Destination): 1.955ns (routing 0.953ns, distribution 1.002ns)
  Timing Exception:       False Path

    Location             Delay type                Incr(ns)  Path(ns)    Netlist Resource(s)
  -------------------------------------------------------------------    -------------------
    B20                                               0.000     0.000 f  ext_reset_n (IN)
                         net (fo=0)                   0.000     0.000    ext_reset_n_IBUF_inst/I
    B20                  INBUF (Prop_INBUF_HDIOB_M_PAD_O)
                                                      1.077     1.077 f  ext_reset_n_IBUF_inst/INBUF_INST/O
                         net (fo=1, routed)           0.000     1.077    ext_reset_n_IBUF_inst/OUT
    B20                  IBUFCTRL (Prop_IBUFCTRL_HDIOB_M_I_O)
                                                      0.000     1.077 f  ext_reset_n_IBUF_inst/IBUFCTRL_INST/O
                         net (fo=6, routed)           1.812     2.889    u_regs/ext_reset_n_IBUF
    SLICE_X86Y99         LUT4 (Prop_D6LUT_SLICEL_I3_O)
                                                      0.099     2.988 r  u_regs/h_wr_addr[4]_i_1/O
                         net (fo=10, routed)          1.005     3.993    u_h_loader/h_wr_addr_reg[4]_1[0]
    SLICE_X84Y53         FDRE                                         r  u_h_loader/h_wr_addr_reg[2]/R
  -------------------------------------------------------------------    -------------------

                         (clock sys_clk rise edge)    0.000     0.000 r  
    Y8                                                0.000     0.000 r  sys_clk (IN)
                         net (fo=0)                   0.000     0.000    sys_clk_IBUF_inst/I
    Y8                   INBUF (Prop_INBUF_HPIOB_M_PAD_O)
                                                      0.232     0.232 r  sys_clk_IBUF_inst/INBUF_INST/O
                         net (fo=1, routed)           0.000     0.232    sys_clk_IBUF_inst/OUT
    Y8                   IBUFCTRL (Prop_IBUFCTRL_HPIOB_M_I_O)
                                                      0.000     0.232 r  sys_clk_IBUF_inst/IBUFCTRL_INST/O
                         net (fo=1, routed)           0.293     0.525    sys_clk_IBUF
    BUFGCE_X0Y49         BUFGCE (Prop_BUFCE_BUFGCE_I_O)
                                                      0.024     0.549 r  sys_clk_IBUF_BUFG_inst/O
    X2Y1 (CLOCK_ROOT)    net (fo=19344, routed)       1.955     2.504    u_h_loader/CLK
    SLICE_X84Y53         FDRE                                         r  u_h_loader/h_wr_addr_reg[2]/C

Slack:                    inf
  Source:                 ext_reset_n
                            (input port)
  Destination:            u_h_loader/h_wr_addr_reg[3]/R
                            (rising edge-triggered cell FDRE clocked by sys_clk  {rise@0.000ns fall@5.000ns period=10.000ns})
  Path Group:             (none)
  Path Type:              Setup (Max at Slow Process Corner)
  Data Path Delay:        3.993ns  (logic 1.176ns (29.450%)  route 2.817ns (70.550%))
  Logic Levels:           3  (IBUFCTRL=1 INBUF=1 LUT4=1)
  Clock Path Skew:        2.504ns (DCD - SCD + CPR)
    Destination Clock Delay (DCD):    2.504ns
    Source Clock Delay      (SCD):    0.000ns
    Clock Pessimism Removal (CPR):    0.000ns
  Clock Uncertainty:      0.025ns  ((TSJ^2 + TIJ^2)^1/2 + DJ) / 2 + PE
    Total System Jitter     (TSJ):    0.050ns
    Total Input Jitter      (TIJ):    0.000ns
    Discrete Jitter          (DJ):    0.000ns
    Phase Error              (PE):    0.000ns
  Clock Net Delay (Destination): 1.955ns (routing 0.953ns, distribution 1.002ns)
  Timing Exception:       False Path

    Location             Delay type                Incr(ns)  Path(ns)    Netlist Resource(s)
  -------------------------------------------------------------------    -------------------
    B20                                               0.000     0.000 f  ext_reset_n (IN)
                         net (fo=0)                   0.000     0.000    ext_reset_n_IBUF_inst/I
    B20                  INBUF (Prop_INBUF_HDIOB_M_PAD_O)
                                                      1.077     1.077 f  ext_reset_n_IBUF_inst/INBUF_INST/O
                         net (fo=1, routed)           0.000     1.077    ext_reset_n_IBUF_inst/OUT
    B20                  IBUFCTRL (Prop_IBUFCTRL_HDIOB_M_I_O)
                                                      0.000     1.077 f  ext_reset_n_IBUF_inst/IBUFCTRL_INST/O
                         net (fo=6, routed)           1.812     2.889    u_regs/ext_reset_n_IBUF
    SLICE_X86Y99         LUT4 (Prop_D6LUT_SLICEL_I3_O)
                                                      0.099     2.988 r  u_regs/h_wr_addr[4]_i_1/O
                         net (fo=10, routed)          1.005     3.993    u_h_loader/h_wr_addr_reg[4]_1[0]
    SLICE_X84Y53         FDRE                                         r  u_h_loader/h_wr_addr_reg[3]/R
  -------------------------------------------------------------------    -------------------

                         (clock sys_clk rise edge)    0.000     0.000 r  
    Y8                                                0.000     0.000 r  sys_clk (IN)
                         net (fo=0)                   0.000     0.000    sys_clk_IBUF_inst/I
    Y8                   INBUF (Prop_INBUF_HPIOB_M_PAD_O)
                                                      0.232     0.232 r  sys_clk_IBUF_inst/INBUF_INST/O
                         net (fo=1, routed)           0.000     0.232    sys_clk_IBUF_inst/OUT
    Y8                   IBUFCTRL (Prop_IBUFCTRL_HPIOB_M_I_O)
                                                      0.000     0.232 r  sys_clk_IBUF_inst/IBUFCTRL_INST/O
                         net (fo=1, routed)           0.293     0.525    sys_clk_IBUF
    BUFGCE_X0Y49         BUFGCE (Prop_BUFCE_BUFGCE_I_O)
                                                      0.024     0.549 r  sys_clk_IBUF_BUFG_inst/O
    X2Y1 (CLOCK_ROOT)    net (fo=19344, routed)       1.955     2.504    u_h_loader/CLK
    SLICE_X84Y53         FDRE                                         r  u_h_loader/h_wr_addr_reg[3]/C

Slack:                    inf
  Source:                 ext_reset_n
                            (input port)
  Destination:            u_h_loader/h_wr_addr_reg[4]/R
                            (rising edge-triggered cell FDRE clocked by sys_clk  {rise@0.000ns fall@5.000ns period=10.000ns})
  Path Group:             (none)
  Path Type:              Setup (Max at Slow Process Corner)
  Data Path Delay:        3.993ns  (logic 1.176ns (29.450%)  route 2.817ns (70.550%))
  Logic Levels:           3  (IBUFCTRL=1 INBUF=1 LUT4=1)
  Clock Path Skew:        2.504ns (DCD - SCD + CPR)
    Destination Clock Delay (DCD):    2.504ns
    Source Clock Delay      (SCD):    0.000ns
    Clock Pessimism Removal (CPR):    0.000ns
  Clock Uncertainty:      0.025ns  ((TSJ^2 + TIJ^2)^1/2 + DJ) / 2 + PE
    Total System Jitter     (TSJ):    0.050ns
    Total Input Jitter      (TIJ):    0.000ns
    Discrete Jitter          (DJ):    0.000ns
    Phase Error              (PE):    0.000ns
  Clock Net Delay (Destination): 1.955ns (routing 0.953ns, distribution 1.002ns)
  Timing Exception:       False Path

    Location             Delay type                Incr(ns)  Path(ns)    Netlist Resource(s)
  -------------------------------------------------------------------    -------------------
    B20                                               0.000     0.000 f  ext_reset_n (IN)
                         net (fo=0)                   0.000     0.000    ext_reset_n_IBUF_inst/I
    B20                  INBUF (Prop_INBUF_HDIOB_M_PAD_O)
                                                      1.077     1.077 f  ext_reset_n_IBUF_inst/INBUF_INST/O
                         net (fo=1, routed)           0.000     1.077    ext_reset_n_IBUF_inst/OUT
    B20                  IBUFCTRL (Prop_IBUFCTRL_HDIOB_M_I_O)
                                                      0.000     1.077 f  ext_reset_n_IBUF_inst/IBUFCTRL_INST/O
                         net (fo=6, routed)           1.812     2.889    u_regs/ext_reset_n_IBUF
    SLICE_X86Y99         LUT4 (Prop_D6LUT_SLICEL_I3_O)
                                                      0.099     2.988 r  u_regs/h_wr_addr[4]_i_1/O
                         net (fo=10, routed)          1.005     3.993    u_h_loader/h_wr_addr_reg[4]_1[0]
    SLICE_X84Y53         FDRE                                         r  u_h_loader/h_wr_addr_reg[4]/R
  -------------------------------------------------------------------    -------------------

                         (clock sys_clk rise edge)    0.000     0.000 r  
    Y8                                                0.000     0.000 r  sys_clk (IN)
                         net (fo=0)                   0.000     0.000    sys_clk_IBUF_inst/I
    Y8                   INBUF (Prop_INBUF_HPIOB_M_PAD_O)
                                                      0.232     0.232 r  sys_clk_IBUF_inst/INBUF_INST/O
                         net (fo=1, routed)           0.000     0.232    sys_clk_IBUF_inst/OUT
    Y8                   IBUFCTRL (Prop_IBUFCTRL_HPIOB_M_I_O)
                                                      0.000     0.232 r  sys_clk_IBUF_inst/IBUFCTRL_INST/O
                         net (fo=1, routed)           0.293     0.525    sys_clk_IBUF
    BUFGCE_X0Y49         BUFGCE (Prop_BUFCE_BUFGCE_I_O)
                                                      0.024     0.549 r  sys_clk_IBUF_BUFG_inst/O
    X2Y1 (CLOCK_ROOT)    net (fo=19344, routed)       1.955     2.504    u_h_loader/CLK
    SLICE_X84Y53         FDRE                                         r  u_h_loader/h_wr_addr_reg[4]/C

Slack:                    inf
  Source:                 ext_reset_n
                            (input port)
  Destination:            u_h_loader/wr_addr_q_reg[3]/R
                            (rising edge-triggered cell FDRE clocked by sys_clk  {rise@0.000ns fall@5.000ns period=10.000ns})
  Path Group:             (none)
  Path Type:              Setup (Max at Slow Process Corner)
  Data Path Delay:        3.993ns  (logic 1.176ns (29.450%)  route 2.817ns (70.550%))
  Logic Levels:           3  (IBUFCTRL=1 INBUF=1 LUT4=1)
  Clock Path Skew:        2.504ns (DCD - SCD + CPR)
    Destination Clock Delay (DCD):    2.504ns
    Source Clock Delay      (SCD):    0.000ns
    Clock Pessimism Removal (CPR):    0.000ns
  Clock Uncertainty:      0.025ns  ((TSJ^2 + TIJ^2)^1/2 + DJ) / 2 + PE
    Total System Jitter     (TSJ):    0.050ns
    Total Input Jitter      (TIJ):    0.000ns
    Discrete Jitter          (DJ):    0.000ns
    Phase Error              (PE):    0.000ns
  Clock Net Delay (Destination): 1.955ns (routing 0.953ns, distribution 1.002ns)
  Timing Exception:       False Path

    Location             Delay type                Incr(ns)  Path(ns)    Netlist Resource(s)
  -------------------------------------------------------------------    -------------------
    B20                                               0.000     0.000 f  ext_reset_n (IN)
                         net (fo=0)                   0.000     0.000    ext_reset_n_IBUF_inst/I
    B20                  INBUF (Prop_INBUF_HDIOB_M_PAD_O)
                                                      1.077     1.077 f  ext_reset_n_IBUF_inst/INBUF_INST/O
                         net (fo=1, routed)           0.000     1.077    ext_reset_n_IBUF_inst/OUT
    B20                  IBUFCTRL (Prop_IBUFCTRL_HDIOB_M_I_O)
                                                      0.000     1.077 f  ext_reset_n_IBUF_inst/IBUFCTRL_INST/O
                         net (fo=6, routed)           1.812     2.889    u_regs/ext_reset_n_IBUF
    SLICE_X86Y99         LUT4 (Prop_D6LUT_SLICEL_I3_O)
                                                      0.099     2.988 r  u_regs/h_wr_addr[4]_i_1/O
                         net (fo=10, routed)          1.005     3.993    u_h_loader/h_wr_addr_reg[4]_1[0]
    SLICE_X84Y53         FDRE                                         r  u_h_loader/wr_addr_q_reg[3]/R
  -------------------------------------------------------------------    -------------------

                         (clock sys_clk rise edge)    0.000     0.000 r  
    Y8                                                0.000     0.000 r  sys_clk (IN)
                         net (fo=0)                   0.000     0.000    sys_clk_IBUF_inst/I
    Y8                   INBUF (Prop_INBUF_HPIOB_M_PAD_O)
                                                      0.232     0.232 r  sys_clk_IBUF_inst/INBUF_INST/O
                         net (fo=1, routed)           0.000     0.232    sys_clk_IBUF_inst/OUT
    Y8                   IBUFCTRL (Prop_IBUFCTRL_HPIOB_M_I_O)
                                                      0.000     0.232 r  sys_clk_IBUF_inst/IBUFCTRL_INST/O
                         net (fo=1, routed)           0.293     0.525    sys_clk_IBUF
    BUFGCE_X0Y49         BUFGCE (Prop_BUFCE_BUFGCE_I_O)
                                                      0.024     0.549 r  sys_clk_IBUF_BUFG_inst/O
    X2Y1 (CLOCK_ROOT)    net (fo=19344, routed)       1.955     2.504    u_h_loader/CLK
    SLICE_X84Y53         FDRE                                         r  u_h_loader/wr_addr_q_reg[3]/C

Slack:                    inf
  Source:                 ext_reset_n
                            (input port)
  Destination:            u_h_loader/wr_addr_q_reg[4]/R
                            (rising edge-triggered cell FDRE clocked by sys_clk  {rise@0.000ns fall@5.000ns period=10.000ns})
  Path Group:             (none)
  Path Type:              Setup (Max at Slow Process Corner)
  Data Path Delay:        3.993ns  (logic 1.176ns (29.450%)  route 2.817ns (70.550%))
  Logic Levels:           3  (IBUFCTRL=1 INBUF=1 LUT4=1)
  Clock Path Skew:        2.504ns (DCD - SCD + CPR)
    Destination Clock Delay (DCD):    2.504ns
    Source Clock Delay      (SCD):    0.000ns
    Clock Pessimism Removal (CPR):    0.000ns
  Clock Uncertainty:      0.025ns  ((TSJ^2 + TIJ^2)^1/2 + DJ) / 2 + PE
    Total System Jitter     (TSJ):    0.050ns
    Total Input Jitter      (TIJ):    0.000ns
    Discrete Jitter          (DJ):    0.000ns
    Phase Error              (PE):    0.000ns
  Clock Net Delay (Destination): 1.955ns (routing 0.953ns, distribution 1.002ns)
  Timing Exception:       False Path

    Location             Delay type                Incr(ns)  Path(ns)    Netlist Resource(s)
  -------------------------------------------------------------------    -------------------
    B20                                               0.000     0.000 f  ext_reset_n (IN)
                         net (fo=0)                   0.000     0.000    ext_reset_n_IBUF_inst/I
    B20                  INBUF (Prop_INBUF_HDIOB_M_PAD_O)
                                                      1.077     1.077 f  ext_reset_n_IBUF_inst/INBUF_INST/O
                         net (fo=1, routed)           0.000     1.077    ext_reset_n_IBUF_inst/OUT
    B20                  IBUFCTRL (Prop_IBUFCTRL_HDIOB_M_I_O)
                                                      0.000     1.077 f  ext_reset_n_IBUF_inst/IBUFCTRL_INST/O
                         net (fo=6, routed)           1.812     2.889    u_regs/ext_reset_n_IBUF
    SLICE_X86Y99         LUT4 (Prop_D6LUT_SLICEL_I3_O)
                                                      0.099     2.988 r  u_regs/h_wr_addr[4]_i_1/O
                         net (fo=10, routed)          1.005     3.993    u_h_loader/h_wr_addr_reg[4]_1[0]
    SLICE_X84Y53         FDRE                                         r  u_h_loader/wr_addr_q_reg[4]/R
  -------------------------------------------------------------------    -------------------

                         (clock sys_clk rise edge)    0.000     0.000 r  
    Y8                                                0.000     0.000 r  sys_clk (IN)
                         net (fo=0)                   0.000     0.000    sys_clk_IBUF_inst/I
    Y8                   INBUF (Prop_INBUF_HPIOB_M_PAD_O)
                                                      0.232     0.232 r  sys_clk_IBUF_inst/INBUF_INST/O
                         net (fo=1, routed)           0.000     0.232    sys_clk_IBUF_inst/OUT
    Y8                   IBUFCTRL (Prop_IBUFCTRL_HPIOB_M_I_O)
                                                      0.000     0.232 r  sys_clk_IBUF_inst/IBUFCTRL_INST/O
                         net (fo=1, routed)           0.293     0.525    sys_clk_IBUF
    BUFGCE_X0Y49         BUFGCE (Prop_BUFCE_BUFGCE_I_O)
                                                      0.024     0.549 r  sys_clk_IBUF_BUFG_inst/O
    X2Y1 (CLOCK_ROOT)    net (fo=19344, routed)       1.955     2.504    u_h_loader/CLK
    SLICE_X84Y53         FDRE                                         r  u_h_loader/wr_addr_q_reg[4]/C

Slack:                    inf
  Source:                 ext_reset_n
                            (input port)
  Destination:            u_regs/inproj_w_addr_reg[13]/R
                            (rising edge-triggered cell FDRE clocked by sys_clk  {rise@0.000ns fall@5.000ns period=10.000ns})
  Path Group:             (none)
  Path Type:              Setup (Max at Slow Process Corner)
  Data Path Delay:        3.963ns  (logic 1.128ns (28.466%)  route 2.835ns (71.534%))
  Logic Levels:           3  (IBUFCTRL=1 INBUF=1 LUT2=1)
  Clock Path Skew:        2.520ns (DCD - SCD + CPR)
    Destination Clock Delay (DCD):    2.520ns
    Source Clock Delay      (SCD):    0.000ns
    Clock Pessimism Removal (CPR):    0.000ns
  Clock Uncertainty:      0.025ns  ((TSJ^2 + TIJ^2)^1/2 + DJ) / 2 + PE
    Total System Jitter     (TSJ):    0.050ns
    Total Input Jitter      (TIJ):    0.000ns
    Discrete Jitter          (DJ):    0.000ns
    Phase Error              (PE):    0.000ns
  Clock Net Delay (Destination): 1.971ns (routing 0.953ns, distribution 1.018ns)
  Timing Exception:       False Path

    Location             Delay type                Incr(ns)  Path(ns)    Netlist Resource(s)
  -------------------------------------------------------------------    -------------------
    B20                                               0.000     0.000 f  ext_reset_n (IN)
                         net (fo=0)                   0.000     0.000    ext_reset_n_IBUF_inst/I
    B20                  INBUF (Prop_INBUF_HDIOB_M_PAD_O)
                                                      1.077     1.077 f  ext_reset_n_IBUF_inst/INBUF_INST/O
                         net (fo=1, routed)           0.000     1.077    ext_reset_n_IBUF_inst/OUT
    B20                  IBUFCTRL (Prop_IBUFCTRL_HDIOB_M_I_O)
                                                      0.000     1.077 f  ext_reset_n_IBUF_inst/IBUFCTRL_INST/O
                         net (fo=6, routed)           1.655     2.732    u_regs/ext_reset_n_IBUF
    SLICE_X88Y103        LUT2 (Prop_D6LUT_SLICEM_I1_O)
                                                      0.051     2.783 r  u_regs/h_src_addr[63]_i_1/O
                         net (fo=500, routed)         1.180     3.963    u_regs/SR[0]
    SLICE_X93Y92         FDRE                                         r  u_regs/inproj_w_addr_reg[13]/R
  -------------------------------------------------------------------    -------------------

                         (clock sys_clk rise edge)    0.000     0.000 r  
    Y8                                                0.000     0.000 r  sys_clk (IN)
                         net (fo=0)                   0.000     0.000    sys_clk_IBUF_inst/I
    Y8                   INBUF (Prop_INBUF_HPIOB_M_PAD_O)
                                                      0.232     0.232 r  sys_clk_IBUF_inst/INBUF_INST/O
                         net (fo=1, routed)           0.000     0.232    sys_clk_IBUF_inst/OUT
    Y8                   IBUFCTRL (Prop_IBUFCTRL_HPIOB_M_I_O)
                                                      0.000     0.232 r  sys_clk_IBUF_inst/IBUFCTRL_INST/O
                         net (fo=1, routed)           0.293     0.525    sys_clk_IBUF
    BUFGCE_X0Y49         BUFGCE (Prop_BUFCE_BUFGCE_I_O)
                                                      0.024     0.549 r  sys_clk_IBUF_BUFG_inst/O
    X2Y1 (CLOCK_ROOT)    net (fo=19344, routed)       1.971     2.520    u_regs/CLK
    SLICE_X93Y92         FDRE                                         r  u_regs/inproj_w_addr_reg[13]/C





Min Delay Paths
--------------------------------------------------------------------------------------
Slack:                    inf
  Source:                 ext_reset_n
                            (input port)
  Destination:            u_core/rst_sync_ff_reg[0]/R
                            (rising edge-triggered cell FDRE clocked by sys_clk  {rise@0.000ns fall@5.000ns period=10.000ns})
  Path Group:             (none)
  Path Type:              Hold (Min at Fast Process Corner)
  Data Path Delay:        1.372ns  (logic 0.434ns (31.664%)  route 0.937ns (68.336%))
  Logic Levels:           3  (IBUFCTRL=1 INBUF=1 LUT2=1)
  Clock Path Skew:        1.876ns (DCD - SCD - CPR)
    Destination Clock Delay (DCD):    1.876ns
    Source Clock Delay      (SCD):    0.000ns
    Clock Pessimism Removal (CPR):    -0.000ns
  Clock Net Delay (Destination): 1.358ns (routing 0.639ns, distribution 0.719ns)
  Timing Exception:       False Path

    Location             Delay type                Incr(ns)  Path(ns)    Netlist Resource(s)
  -------------------------------------------------------------------    -------------------
    B20                                               0.000     0.000 f  ext_reset_n (IN)
                         net (fo=0)                   0.000     0.000    ext_reset_n_IBUF_inst/I
    B20                  INBUF (Prop_INBUF_HDIOB_M_PAD_O)
                                                      0.410     0.410 f  ext_reset_n_IBUF_inst/INBUF_INST/O
                         net (fo=1, routed)           0.000     0.410    ext_reset_n_IBUF_inst/OUT
    B20                  IBUFCTRL (Prop_IBUFCTRL_HDIOB_M_I_O)
                                                      0.000     0.410 f  ext_reset_n_IBUF_inst/IBUFCTRL_INST/O
                         net (fo=6, routed)           0.844     1.254    u_regs/ext_reset_n_IBUF
    SLICE_X88Y103        LUT2 (Prop_D5LUT_SLICEM_I0_O)
                                                      0.024     1.278 r  u_regs/rst_sync_ff[1]_i_1/O
                         net (fo=3, routed)           0.094     1.372    u_core/rst_sync_ff_reg[1]_0[0]
    SLICE_X88Y103        FDRE                                         r  u_core/rst_sync_ff_reg[0]/R
  -------------------------------------------------------------------    -------------------

                         (clock sys_clk rise edge)    0.000     0.000 r  
    Y8                                                0.000     0.000 r  sys_clk (IN)
                         net (fo=0)                   0.000     0.000    sys_clk_IBUF_inst/I
    Y8                   INBUF (Prop_INBUF_HPIOB_M_PAD_O)
                                                      0.302     0.302 r  sys_clk_IBUF_inst/INBUF_INST/O
                         net (fo=1, routed)           0.000     0.302    sys_clk_IBUF_inst/OUT
    Y8                   IBUFCTRL (Prop_IBUFCTRL_HPIOB_M_I_O)
                                                      0.000     0.302 r  sys_clk_IBUF_inst/IBUFCTRL_INST/O
                         net (fo=1, routed)           0.197     0.499    sys_clk_IBUF
    BUFGCE_X0Y49         BUFGCE (Prop_BUFCE_BUFGCE_I_O)
                                                      0.019     0.518 r  sys_clk_IBUF_BUFG_inst/O
    X2Y1 (CLOCK_ROOT)    net (fo=19344, routed)       1.358     1.876    u_core/sys_clk_IBUF_BUFG
    SLICE_X88Y103        FDRE                                         r  u_core/rst_sync_ff_reg[0]/C

Slack:                    inf
  Source:                 ext_reset_n
                            (input port)
  Destination:            u_core/rst_sync_ff_reg[1]/R
                            (rising edge-triggered cell FDRE clocked by sys_clk  {rise@0.000ns fall@5.000ns period=10.000ns})
  Path Group:             (none)
  Path Type:              Hold (Min at Fast Process Corner)
  Data Path Delay:        1.372ns  (logic 0.434ns (31.664%)  route 0.937ns (68.336%))
  Logic Levels:           3  (IBUFCTRL=1 INBUF=1 LUT2=1)
  Clock Path Skew:        1.876ns (DCD - SCD - CPR)
    Destination Clock Delay (DCD):    1.876ns
    Source Clock Delay      (SCD):    0.000ns
    Clock Pessimism Removal (CPR):    -0.000ns
  Clock Net Delay (Destination): 1.358ns (routing 0.639ns, distribution 0.719ns)
  Timing Exception:       False Path

    Location             Delay type                Incr(ns)  Path(ns)    Netlist Resource(s)
  -------------------------------------------------------------------    -------------------
    B20                                               0.000     0.000 f  ext_reset_n (IN)
                         net (fo=0)                   0.000     0.000    ext_reset_n_IBUF_inst/I
    B20                  INBUF (Prop_INBUF_HDIOB_M_PAD_O)
                                                      0.410     0.410 f  ext_reset_n_IBUF_inst/INBUF_INST/O
                         net (fo=1, routed)           0.000     0.410    ext_reset_n_IBUF_inst/OUT
    B20                  IBUFCTRL (Prop_IBUFCTRL_HDIOB_M_I_O)
                                                      0.000     0.410 f  ext_reset_n_IBUF_inst/IBUFCTRL_INST/O
                         net (fo=6, routed)           0.844     1.254    u_regs/ext_reset_n_IBUF
    SLICE_X88Y103        LUT2 (Prop_D5LUT_SLICEM_I0_O)
                                                      0.024     1.278 r  u_regs/rst_sync_ff[1]_i_1/O
                         net (fo=3, routed)           0.094     1.372    u_core/rst_sync_ff_reg[1]_0[0]
    SLICE_X88Y103        FDRE                                         r  u_core/rst_sync_ff_reg[1]/R
  -------------------------------------------------------------------    -------------------

                         (clock sys_clk rise edge)    0.000     0.000 r  
    Y8                                                0.000     0.000 r  sys_clk (IN)
                         net (fo=0)                   0.000     0.000    sys_clk_IBUF_inst/I
    Y8                   INBUF (Prop_INBUF_HPIOB_M_PAD_O)
                                                      0.302     0.302 r  sys_clk_IBUF_inst/INBUF_INST/O
                         net (fo=1, routed)           0.000     0.302    sys_clk_IBUF_inst/OUT
    Y8                   IBUFCTRL (Prop_IBUFCTRL_HPIOB_M_I_O)
                                                      0.000     0.302 r  sys_clk_IBUF_inst/IBUFCTRL_INST/O
                         net (fo=1, routed)           0.197     0.499    sys_clk_IBUF
    BUFGCE_X0Y49         BUFGCE (Prop_BUFCE_BUFGCE_I_O)
                                                      0.019     0.518 r  sys_clk_IBUF_BUFG_inst/O
    X2Y1 (CLOCK_ROOT)    net (fo=19344, routed)       1.358     1.876    u_core/sys_clk_IBUF_BUFG
    SLICE_X88Y103        FDRE                                         r  u_core/rst_sync_ff_reg[1]/C

Slack:                    inf
  Source:                 ext_reset_n
                            (input port)
  Destination:            u_regs/dt_w_addr_reg[35]/R
                            (rising edge-triggered cell FDRE clocked by sys_clk  {rise@0.000ns fall@5.000ns period=10.000ns})
  Path Group:             (none)
  Path Type:              Hold (Min at Fast Process Corner)
  Data Path Delay:        1.410ns  (logic 0.432ns (30.656%)  route 0.978ns (69.344%))
  Logic Levels:           3  (IBUFCTRL=1 INBUF=1 LUT2=1)
  Clock Path Skew:        1.887ns (DCD - SCD - CPR)
    Destination Clock Delay (DCD):    1.887ns
    Source Clock Delay      (SCD):    0.000ns
    Clock Pessimism Removal (CPR):    -0.000ns
  Clock Net Delay (Destination): 1.370ns (routing 0.639ns, distribution 0.731ns)
  Timing Exception:       False Path

    Location             Delay type                Incr(ns)  Path(ns)    Netlist Resource(s)
  -------------------------------------------------------------------    -------------------
    B20                                               0.000     0.000 f  ext_reset_n (IN)
                         net (fo=0)                   0.000     0.000    ext_reset_n_IBUF_inst/I
    B20                  INBUF (Prop_INBUF_HDIOB_M_PAD_O)
                                                      0.410     0.410 f  ext_reset_n_IBUF_inst/INBUF_INST/O
                         net (fo=1, routed)           0.000     0.410    ext_reset_n_IBUF_inst/OUT
    B20                  IBUFCTRL (Prop_IBUFCTRL_HDIOB_M_I_O)
                                                      0.000     0.410 f  ext_reset_n_IBUF_inst/IBUFCTRL_INST/O
                         net (fo=6, routed)           0.844     1.254    u_regs/ext_reset_n_IBUF
    SLICE_X88Y103        LUT2 (Prop_D6LUT_SLICEM_I1_O)
                                                      0.022     1.276 r  u_regs/h_src_addr[63]_i_1/O
                         net (fo=500, routed)         0.134     1.410    u_regs/SR[0]
    SLICE_X89Y99         FDRE                                         r  u_regs/dt_w_addr_reg[35]/R
  -------------------------------------------------------------------    -------------------

                         (clock sys_clk rise edge)    0.000     0.000 r  
    Y8                                                0.000     0.000 r  sys_clk (IN)
                         net (fo=0)                   0.000     0.000    sys_clk_IBUF_inst/I
    Y8                   INBUF (Prop_INBUF_HPIOB_M_PAD_O)
                                                      0.302     0.302 r  sys_clk_IBUF_inst/INBUF_INST/O
                         net (fo=1, routed)           0.000     0.302    sys_clk_IBUF_inst/OUT
    Y8                   IBUFCTRL (Prop_IBUFCTRL_HPIOB_M_I_O)
                                                      0.000     0.302 r  sys_clk_IBUF_inst/IBUFCTRL_INST/O
                         net (fo=1, routed)           0.197     0.499    sys_clk_IBUF
    BUFGCE_X0Y49         BUFGCE (Prop_BUFCE_BUFGCE_I_O)
                                                      0.019     0.518 r  sys_clk_IBUF_BUFG_inst/O
    X2Y1 (CLOCK_ROOT)    net (fo=19344, routed)       1.370     1.887    u_regs/CLK
    SLICE_X89Y99         FDRE                                         r  u_regs/dt_w_addr_reg[35]/C

Slack:                    inf
  Source:                 ext_reset_n
                            (input port)
  Destination:            u_regs/h_src_addr_reg[35]/R
                            (rising edge-triggered cell FDRE clocked by sys_clk  {rise@0.000ns fall@5.000ns period=10.000ns})
  Path Group:             (none)
  Path Type:              Hold (Min at Fast Process Corner)
  Data Path Delay:        1.410ns  (logic 0.432ns (30.656%)  route 0.978ns (69.344%))
  Logic Levels:           3  (IBUFCTRL=1 INBUF=1 LUT2=1)
  Clock Path Skew:        1.887ns (DCD - SCD - CPR)
    Destination Clock Delay (DCD):    1.887ns
    Source Clock Delay      (SCD):    0.000ns
    Clock Pessimism Removal (CPR):    -0.000ns
  Clock Net Delay (Destination): 1.370ns (routing 0.639ns, distribution 0.731ns)
  Timing Exception:       False Path

    Location             Delay type                Incr(ns)  Path(ns)    Netlist Resource(s)
  -------------------------------------------------------------------    -------------------
    B20                                               0.000     0.000 f  ext_reset_n (IN)
                         net (fo=0)                   0.000     0.000    ext_reset_n_IBUF_inst/I
    B20                  INBUF (Prop_INBUF_HDIOB_M_PAD_O)
                                                      0.410     0.410 f  ext_reset_n_IBUF_inst/INBUF_INST/O
                         net (fo=1, routed)           0.000     0.410    ext_reset_n_IBUF_inst/OUT
    B20                  IBUFCTRL (Prop_IBUFCTRL_HDIOB_M_I_O)
                                                      0.000     0.410 f  ext_reset_n_IBUF_inst/IBUFCTRL_INST/O
                         net (fo=6, routed)           0.844     1.254    u_regs/ext_reset_n_IBUF
    SLICE_X88Y103        LUT2 (Prop_D6LUT_SLICEM_I1_O)
                                                      0.022     1.276 r  u_regs/h_src_addr[63]_i_1/O
                         net (fo=500, routed)         0.134     1.410    u_regs/SR[0]
    SLICE_X89Y99         FDRE                                         r  u_regs/h_src_addr_reg[35]/R
  -------------------------------------------------------------------    -------------------

                         (clock sys_clk rise edge)    0.000     0.000 r  
    Y8                                                0.000     0.000 r  sys_clk (IN)
                         net (fo=0)                   0.000     0.000    sys_clk_IBUF_inst/I
    Y8                   INBUF (Prop_INBUF_HPIOB_M_PAD_O)
                                                      0.302     0.302 r  sys_clk_IBUF_inst/INBUF_INST/O
                         net (fo=1, routed)           0.000     0.302    sys_clk_IBUF_inst/OUT
    Y8                   IBUFCTRL (Prop_IBUFCTRL_HPIOB_M_I_O)
                                                      0.000     0.302 r  sys_clk_IBUF_inst/IBUFCTRL_INST/O
                         net (fo=1, routed)           0.197     0.499    sys_clk_IBUF
    BUFGCE_X0Y49         BUFGCE (Prop_BUFCE_BUFGCE_I_O)
                                                      0.019     0.518 r  sys_clk_IBUF_BUFG_inst/O
    X2Y1 (CLOCK_ROOT)    net (fo=19344, routed)       1.370     1.887    u_regs/CLK
    SLICE_X89Y99         FDRE                                         r  u_regs/h_src_addr_reg[35]/C

Slack:                    inf
  Source:                 ext_reset_n
                            (input port)
  Destination:            u_regs/y_dst_addr_reg[35]/R
                            (rising edge-triggered cell FDRE clocked by sys_clk  {rise@0.000ns fall@5.000ns period=10.000ns})
  Path Group:             (none)
  Path Type:              Hold (Min at Fast Process Corner)
  Data Path Delay:        1.410ns  (logic 0.432ns (30.656%)  route 0.978ns (69.344%))
  Logic Levels:           3  (IBUFCTRL=1 INBUF=1 LUT2=1)
  Clock Path Skew:        1.883ns (DCD - SCD - CPR)
    Destination Clock Delay (DCD):    1.883ns
    Source Clock Delay      (SCD):    0.000ns
    Clock Pessimism Removal (CPR):    -0.000ns
  Clock Net Delay (Destination): 1.366ns (routing 0.639ns, distribution 0.727ns)
  Timing Exception:       False Path

    Location             Delay type                Incr(ns)  Path(ns)    Netlist Resource(s)
  -------------------------------------------------------------------    -------------------
    B20                                               0.000     0.000 f  ext_reset_n (IN)
                         net (fo=0)                   0.000     0.000    ext_reset_n_IBUF_inst/I
    B20                  INBUF (Prop_INBUF_HDIOB_M_PAD_O)
                                                      0.410     0.410 f  ext_reset_n_IBUF_inst/INBUF_INST/O
                         net (fo=1, routed)           0.000     0.410    ext_reset_n_IBUF_inst/OUT
    B20                  IBUFCTRL (Prop_IBUFCTRL_HDIOB_M_I_O)
                                                      0.000     0.410 f  ext_reset_n_IBUF_inst/IBUFCTRL_INST/O
                         net (fo=6, routed)           0.844     1.254    u_regs/ext_reset_n_IBUF
    SLICE_X88Y103        LUT2 (Prop_D6LUT_SLICEM_I1_O)
                                                      0.022     1.276 r  u_regs/h_src_addr[63]_i_1/O
                         net (fo=500, routed)         0.134     1.410    u_regs/SR[0]
    SLICE_X89Y99         FDRE                                         r  u_regs/y_dst_addr_reg[35]/R
  -------------------------------------------------------------------    -------------------

                         (clock sys_clk rise edge)    0.000     0.000 r  
    Y8                                                0.000     0.000 r  sys_clk (IN)
                         net (fo=0)                   0.000     0.000    sys_clk_IBUF_inst/I
    Y8                   INBUF (Prop_INBUF_HPIOB_M_PAD_O)
                                                      0.302     0.302 r  sys_clk_IBUF_inst/INBUF_INST/O
                         net (fo=1, routed)           0.000     0.302    sys_clk_IBUF_inst/OUT
    Y8                   IBUFCTRL (Prop_IBUFCTRL_HPIOB_M_I_O)
                                                      0.000     0.302 r  sys_clk_IBUF_inst/IBUFCTRL_INST/O
                         net (fo=1, routed)           0.197     0.499    sys_clk_IBUF
    BUFGCE_X0Y49         BUFGCE (Prop_BUFCE_BUFGCE_I_O)
                                                      0.019     0.518 r  sys_clk_IBUF_BUFG_inst/O
    X2Y1 (CLOCK_ROOT)    net (fo=19344, routed)       1.366     1.883    u_regs/CLK
    SLICE_X89Y99         FDRE                                         r  u_regs/y_dst_addr_reg[35]/C

Slack:                    inf
  Source:                 ext_reset_n
                            (input port)
  Destination:            u_h_loader/busy_reg/R
                            (rising edge-triggered cell FDRE clocked by sys_clk  {rise@0.000ns fall@5.000ns period=10.000ns})
  Path Group:             (none)
  Path Type:              Hold (Min at Fast Process Corner)
  Data Path Delay:        1.417ns  (logic 0.432ns (30.505%)  route 0.985ns (69.495%))
  Logic Levels:           3  (IBUFCTRL=1 INBUF=1 LUT2=1)
  Clock Path Skew:        1.888ns (DCD - SCD - CPR)
    Destination Clock Delay (DCD):    1.888ns
    Source Clock Delay      (SCD):    0.000ns
    Clock Pessimism Removal (CPR):    -0.000ns
  Clock Net Delay (Destination): 1.371ns (routing 0.639ns, distribution 0.732ns)
  Timing Exception:       False Path

    Location             Delay type                Incr(ns)  Path(ns)    Netlist Resource(s)
  -------------------------------------------------------------------    -------------------
    B20                                               0.000     0.000 f  ext_reset_n (IN)
                         net (fo=0)                   0.000     0.000    ext_reset_n_IBUF_inst/I
    B20                  INBUF (Prop_INBUF_HDIOB_M_PAD_O)
                                                      0.410     0.410 f  ext_reset_n_IBUF_inst/INBUF_INST/O
                         net (fo=1, routed)           0.000     0.410    ext_reset_n_IBUF_inst/OUT
    B20                  IBUFCTRL (Prop_IBUFCTRL_HDIOB_M_I_O)
                                                      0.000     0.410 f  ext_reset_n_IBUF_inst/IBUFCTRL_INST/O
                         net (fo=6, routed)           0.844     1.254    u_regs/ext_reset_n_IBUF
    SLICE_X88Y103        LUT2 (Prop_D6LUT_SLICEM_I1_O)
                                                      0.022     1.276 r  u_regs/h_src_addr[63]_i_1/O
                         net (fo=500, routed)         0.141     1.417    u_h_loader/SR[0]
    SLICE_X88Y99         FDRE                                         r  u_h_loader/busy_reg/R
  -------------------------------------------------------------------    -------------------

                         (clock sys_clk rise edge)    0.000     0.000 r  
    Y8                                                0.000     0.000 r  sys_clk (IN)
                         net (fo=0)                   0.000     0.000    sys_clk_IBUF_inst/I
    Y8                   INBUF (Prop_INBUF_HPIOB_M_PAD_O)
                                                      0.302     0.302 r  sys_clk_IBUF_inst/INBUF_INST/O
                         net (fo=1, routed)           0.000     0.302    sys_clk_IBUF_inst/OUT
    Y8                   IBUFCTRL (Prop_IBUFCTRL_HPIOB_M_I_O)
                                                      0.000     0.302 r  sys_clk_IBUF_inst/IBUFCTRL_INST/O
                         net (fo=1, routed)           0.197     0.499    sys_clk_IBUF
    BUFGCE_X0Y49         BUFGCE (Prop_BUFCE_BUFGCE_I_O)
                                                      0.019     0.518 r  sys_clk_IBUF_BUFG_inst/O
    X2Y1 (CLOCK_ROOT)    net (fo=19344, routed)       1.371     1.888    u_h_loader/CLK
    SLICE_X88Y99         FDRE                                         r  u_h_loader/busy_reg/C

Slack:                    inf
  Source:                 ext_reset_n
                            (input port)
  Destination:            u_core/rst_sync_ff_reg[1]_replica/R
                            (rising edge-triggered cell FDRE clocked by sys_clk  {rise@0.000ns fall@5.000ns period=10.000ns})
  Path Group:             (none)
  Path Type:              Hold (Min at Fast Process Corner)
  Data Path Delay:        1.427ns  (logic 0.434ns (30.443%)  route 0.992ns (69.557%))
  Logic Levels:           3  (IBUFCTRL=1 INBUF=1 LUT2=1)
  Clock Path Skew:        1.879ns (DCD - SCD - CPR)
    Destination Clock Delay (DCD):    1.879ns
    Source Clock Delay      (SCD):    0.000ns
    Clock Pessimism Removal (CPR):    -0.000ns
  Clock Net Delay (Destination): 1.361ns (routing 0.639ns, distribution 0.722ns)
  Timing Exception:       False Path

    Location             Delay type                Incr(ns)  Path(ns)    Netlist Resource(s)
  -------------------------------------------------------------------    -------------------
    B20                                               0.000     0.000 f  ext_reset_n (IN)
                         net (fo=0)                   0.000     0.000    ext_reset_n_IBUF_inst/I
    B20                  INBUF (Prop_INBUF_HDIOB_M_PAD_O)
                                                      0.410     0.410 f  ext_reset_n_IBUF_inst/INBUF_INST/O
                         net (fo=1, routed)           0.000     0.410    ext_reset_n_IBUF_inst/OUT
    B20                  IBUFCTRL (Prop_IBUFCTRL_HDIOB_M_I_O)
                                                      0.000     0.410 f  ext_reset_n_IBUF_inst/IBUFCTRL_INST/O
                         net (fo=6, routed)           0.844     1.254    u_regs/ext_reset_n_IBUF
    SLICE_X88Y103        LUT2 (Prop_D5LUT_SLICEM_I0_O)
                                                      0.024     1.278 r  u_regs/rst_sync_ff[1]_i_1/O
                         net (fo=3, routed)           0.149     1.427    u_core/rst_sync_ff_reg[1]_0[0]
    SLICE_X90Y101        FDRE                                         r  u_core/rst_sync_ff_reg[1]_replica/R
  -------------------------------------------------------------------    -------------------

                         (clock sys_clk rise edge)    0.000     0.000 r  
    Y8                                                0.000     0.000 r  sys_clk (IN)
                         net (fo=0)                   0.000     0.000    sys_clk_IBUF_inst/I
    Y8                   INBUF (Prop_INBUF_HPIOB_M_PAD_O)
                                                      0.302     0.302 r  sys_clk_IBUF_inst/INBUF_INST/O
                         net (fo=1, routed)           0.000     0.302    sys_clk_IBUF_inst/OUT
    Y8                   IBUFCTRL (Prop_IBUFCTRL_HPIOB_M_I_O)
                                                      0.000     0.302 r  sys_clk_IBUF_inst/IBUFCTRL_INST/O
                         net (fo=1, routed)           0.197     0.499    sys_clk_IBUF
    BUFGCE_X0Y49         BUFGCE (Prop_BUFCE_BUFGCE_I_O)
                                                      0.019     0.518 r  sys_clk_IBUF_BUFG_inst/O
    X2Y1 (CLOCK_ROOT)    net (fo=19344, routed)       1.361     1.879    u_core/sys_clk_IBUF_BUFG
    SLICE_X90Y101        FDRE                                         r  u_core/rst_sync_ff_reg[1]_replica/C

Slack:                    inf
  Source:                 ext_reset_n
                            (input port)
  Destination:            u_h_loader/rows_left_reg[2]/R
                            (rising edge-triggered cell FDRE clocked by sys_clk  {rise@0.000ns fall@5.000ns period=10.000ns})
  Path Group:             (none)
  Path Type:              Hold (Min at Fast Process Corner)
  Data Path Delay:        1.436ns  (logic 0.432ns (30.105%)  route 1.004ns (69.895%))
  Logic Levels:           3  (IBUFCTRL=1 INBUF=1 LUT2=1)
  Clock Path Skew:        1.882ns (DCD - SCD - CPR)
    Destination Clock Delay (DCD):    1.882ns
    Source Clock Delay      (SCD):    0.000ns
    Clock Pessimism Removal (CPR):    -0.000ns
  Clock Net Delay (Destination): 1.365ns (routing 0.639ns, distribution 0.726ns)
  Timing Exception:       False Path

    Location             Delay type                Incr(ns)  Path(ns)    Netlist Resource(s)
  -------------------------------------------------------------------    -------------------
    B20                                               0.000     0.000 f  ext_reset_n (IN)
                         net (fo=0)                   0.000     0.000    ext_reset_n_IBUF_inst/I
    B20                  INBUF (Prop_INBUF_HDIOB_M_PAD_O)
                                                      0.410     0.410 f  ext_reset_n_IBUF_inst/INBUF_INST/O
                         net (fo=1, routed)           0.000     0.410    ext_reset_n_IBUF_inst/OUT
    B20                  IBUFCTRL (Prop_IBUFCTRL_HDIOB_M_I_O)
                                                      0.000     0.410 f  ext_reset_n_IBUF_inst/IBUFCTRL_INST/O
                         net (fo=6, routed)           0.844     1.254    u_regs/ext_reset_n_IBUF
    SLICE_X88Y103        LUT2 (Prop_D6LUT_SLICEM_I1_O)
                                                      0.022     1.276 r  u_regs/h_src_addr[63]_i_1/O
                         net (fo=500, routed)         0.160     1.436    u_h_loader/SR[0]
    SLICE_X89Y98         FDRE                                         r  u_h_loader/rows_left_reg[2]/R
  -------------------------------------------------------------------    -------------------

                         (clock sys_clk rise edge)    0.000     0.000 r  
    Y8                                                0.000     0.000 r  sys_clk (IN)
                         net (fo=0)                   0.000     0.000    sys_clk_IBUF_inst/I
    Y8                   INBUF (Prop_INBUF_HPIOB_M_PAD_O)
                                                      0.302     0.302 r  sys_clk_IBUF_inst/INBUF_INST/O
                         net (fo=1, routed)           0.000     0.302    sys_clk_IBUF_inst/OUT
    Y8                   IBUFCTRL (Prop_IBUFCTRL_HPIOB_M_I_O)
                                                      0.000     0.302 r  sys_clk_IBUF_inst/IBUFCTRL_INST/O
                         net (fo=1, routed)           0.197     0.499    sys_clk_IBUF
    BUFGCE_X0Y49         BUFGCE (Prop_BUFCE_BUFGCE_I_O)
                                                      0.019     0.518 r  sys_clk_IBUF_BUFG_inst/O
    X2Y1 (CLOCK_ROOT)    net (fo=19344, routed)       1.365     1.882    u_h_loader/CLK
    SLICE_X89Y98         FDRE                                         r  u_h_loader/rows_left_reg[2]/C

Slack:                    inf
  Source:                 ext_reset_n
                            (input port)
  Destination:            u_h_loader/rows_left_reg[5]/R
                            (rising edge-triggered cell FDRE clocked by sys_clk  {rise@0.000ns fall@5.000ns period=10.000ns})
  Path Group:             (none)
  Path Type:              Hold (Min at Fast Process Corner)
  Data Path Delay:        1.436ns  (logic 0.432ns (30.105%)  route 1.004ns (69.895%))
  Logic Levels:           3  (IBUFCTRL=1 INBUF=1 LUT2=1)
  Clock Path Skew:        1.886ns (DCD - SCD - CPR)
    Destination Clock Delay (DCD):    1.886ns
    Source Clock Delay      (SCD):    0.000ns
    Clock Pessimism Removal (CPR):    -0.000ns
  Clock Net Delay (Destination): 1.369ns (routing 0.639ns, distribution 0.730ns)
  Timing Exception:       False Path

    Location             Delay type                Incr(ns)  Path(ns)    Netlist Resource(s)
  -------------------------------------------------------------------    -------------------
    B20                                               0.000     0.000 f  ext_reset_n (IN)
                         net (fo=0)                   0.000     0.000    ext_reset_n_IBUF_inst/I
    B20                  INBUF (Prop_INBUF_HDIOB_M_PAD_O)
                                                      0.410     0.410 f  ext_reset_n_IBUF_inst/INBUF_INST/O
                         net (fo=1, routed)           0.000     0.410    ext_reset_n_IBUF_inst/OUT
    B20                  IBUFCTRL (Prop_IBUFCTRL_HDIOB_M_I_O)
                                                      0.000     0.410 f  ext_reset_n_IBUF_inst/IBUFCTRL_INST/O
                         net (fo=6, routed)           0.844     1.254    u_regs/ext_reset_n_IBUF
    SLICE_X88Y103        LUT2 (Prop_D6LUT_SLICEM_I1_O)
                                                      0.022     1.276 r  u_regs/h_src_addr[63]_i_1/O
                         net (fo=500, routed)         0.160     1.436    u_h_loader/SR[0]
    SLICE_X89Y98         FDRE                                         r  u_h_loader/rows_left_reg[5]/R
  -------------------------------------------------------------------    -------------------

                         (clock sys_clk rise edge)    0.000     0.000 r  
    Y8                                                0.000     0.000 r  sys_clk (IN)
                         net (fo=0)                   0.000     0.000    sys_clk_IBUF_inst/I
    Y8                   INBUF (Prop_INBUF_HPIOB_M_PAD_O)
                                                      0.302     0.302 r  sys_clk_IBUF_inst/INBUF_INST/O
                         net (fo=1, routed)           0.000     0.302    sys_clk_IBUF_inst/OUT
    Y8                   IBUFCTRL (Prop_IBUFCTRL_HPIOB_M_I_O)
                                                      0.000     0.302 r  sys_clk_IBUF_inst/IBUFCTRL_INST/O
                         net (fo=1, routed)           0.197     0.499    sys_clk_IBUF
    BUFGCE_X0Y49         BUFGCE (Prop_BUFCE_BUFGCE_I_O)
                                                      0.019     0.518 r  sys_clk_IBUF_BUFG_inst/O
    X2Y1 (CLOCK_ROOT)    net (fo=19344, routed)       1.369     1.886    u_h_loader/CLK
    SLICE_X89Y98         FDRE                                         r  u_h_loader/rows_left_reg[5]/C

Slack:                    inf
  Source:                 ext_reset_n
                            (input port)
  Destination:            u_h_loader/rows_left_reg[6]/R
                            (rising edge-triggered cell FDRE clocked by sys_clk  {rise@0.000ns fall@5.000ns period=10.000ns})
  Path Group:             (none)
  Path Type:              Hold (Min at Fast Process Corner)
  Data Path Delay:        1.436ns  (logic 0.432ns (30.105%)  route 1.004ns (69.895%))
  Logic Levels:           3  (IBUFCTRL=1 INBUF=1 LUT2=1)
  Clock Path Skew:        1.882ns (DCD - SCD - CPR)
    Destination Clock Delay (DCD):    1.882ns
    Source Clock Delay      (SCD):    0.000ns
    Clock Pessimism Removal (CPR):    -0.000ns
  Clock Net Delay (Destination): 1.365ns (routing 0.639ns, distribution 0.726ns)
  Timing Exception:       False Path

    Location             Delay type                Incr(ns)  Path(ns)    Netlist Resource(s)
  -------------------------------------------------------------------    -------------------
    B20                                               0.000     0.000 f  ext_reset_n (IN)
                         net (fo=0)                   0.000     0.000    ext_reset_n_IBUF_inst/I
    B20                  INBUF (Prop_INBUF_HDIOB_M_PAD_O)
                                                      0.410     0.410 f  ext_reset_n_IBUF_inst/INBUF_INST/O
                         net (fo=1, routed)           0.000     0.410    ext_reset_n_IBUF_inst/OUT
    B20                  IBUFCTRL (Prop_IBUFCTRL_HDIOB_M_I_O)
                                                      0.000     0.410 f  ext_reset_n_IBUF_inst/IBUFCTRL_INST/O
                         net (fo=6, routed)           0.844     1.254    u_regs/ext_reset_n_IBUF
    SLICE_X88Y103        LUT2 (Prop_D6LUT_SLICEM_I1_O)
                                                      0.022     1.276 r  u_regs/h_src_addr[63]_i_1/O
                         net (fo=500, routed)         0.160     1.436    u_h_loader/SR[0]
    SLICE_X89Y98         FDRE                                         r  u_h_loader/rows_left_reg[6]/R
  -------------------------------------------------------------------    -------------------

                         (clock sys_clk rise edge)    0.000     0.000 r  
    Y8                                                0.000     0.000 r  sys_clk (IN)
                         net (fo=0)                   0.000     0.000    sys_clk_IBUF_inst/I
    Y8                   INBUF (Prop_INBUF_HPIOB_M_PAD_O)
                                                      0.302     0.302 r  sys_clk_IBUF_inst/INBUF_INST/O
                         net (fo=1, routed)           0.000     0.302    sys_clk_IBUF_inst/OUT
    Y8                   IBUFCTRL (Prop_IBUFCTRL_HPIOB_M_I_O)
                                                      0.000     0.302 r  sys_clk_IBUF_inst/IBUFCTRL_INST/O
                         net (fo=1, routed)           0.197     0.499    sys_clk_IBUF
    BUFGCE_X0Y49         BUFGCE (Prop_BUFCE_BUFGCE_I_O)
                                                      0.019     0.518 r  sys_clk_IBUF_BUFG_inst/O
    X2Y1 (CLOCK_ROOT)    net (fo=19344, routed)       1.365     1.882    u_h_loader/CLK
    SLICE_X89Y98         FDRE                                         r  u_h_loader/rows_left_reg[6]/C





--------------------------------------------------------------------------------------
Path Group:  (none)
From Clock:  sys_clk
  To Clock:  sys_clk

Max Delay             4 Endpoints
Min Delay             4 Endpoints
--------------------------------------------------------------------------------------


Max Delay Paths
--------------------------------------------------------------------------------------
Slack:                    inf
  Source:                 u_core/rst_sync_ff_reg[1]_replica/C
                            (rising edge-triggered cell FDRE clocked by sys_clk  {rise@0.000ns fall@5.000ns period=10.000ns})
  Destination:            u_core/u_core/u_ssm_core/u_lam_fifo/u_fifo/U0/inst_fifo_gen/gaxis_fifo.gaxisf.axisf/gbi.bi/v8_fifo.gbi8s_axi_srst.srst_q_reg[0]/D
                            (rising edge-triggered cell FDRE clocked by sys_clk  {rise@0.000ns fall@5.000ns period=10.000ns})
  Path Group:             (none)
  Path Type:              Setup (Max at Slow Process Corner)
  Data Path Delay:        1.801ns  (logic 0.224ns (12.440%)  route 1.577ns (87.560%))
  Logic Levels:           1  (LUT1=1)
  Clock Path Skew:        -0.487ns (DCD - SCD + CPR)
    Destination Clock Delay (DCD):    2.552ns
    Source Clock Delay      (SCD):    3.039ns
    Clock Pessimism Removal (CPR):    0.000ns
  Clock Uncertainty:      0.035ns  ((TSJ^2 + TIJ^2)^1/2 + DJ) / 2 + PE
    Total System Jitter     (TSJ):    0.071ns
    Total Input Jitter      (TIJ):    0.000ns
    Discrete Jitter          (DJ):    0.000ns
    Phase Error              (PE):    0.000ns
  Clock Net Delay (Source):      2.197ns (routing 1.047ns, distribution 1.150ns)
  Clock Net Delay (Destination): 2.003ns (routing 0.953ns, distribution 1.050ns)
  Timing Exception:       False Path

    Location             Delay type                Incr(ns)  Path(ns)    Netlist Resource(s)
  -------------------------------------------------------------------    -------------------
                         (clock sys_clk rise edge)    0.000     0.000 r  
    Y8                                                0.000     0.000 r  sys_clk (IN)
                         net (fo=0)                   0.000     0.000    sys_clk_IBUF_inst/I
    Y8                   INBUF (Prop_INBUF_HPIOB_M_PAD_O)
                                                      0.482     0.482 r  sys_clk_IBUF_inst/INBUF_INST/O
                         net (fo=1, routed)           0.000     0.482    sys_clk_IBUF_inst/OUT
    Y8                   IBUFCTRL (Prop_IBUFCTRL_HPIOB_M_I_O)
                                                      0.000     0.482 r  sys_clk_IBUF_inst/IBUFCTRL_INST/O
                         net (fo=1, routed)           0.332     0.814    sys_clk_IBUF
    BUFGCE_X0Y49         BUFGCE (Prop_BUFCE_BUFGCE_I_O)
                                                      0.028     0.842 r  sys_clk_IBUF_BUFG_inst/O
    X2Y1 (CLOCK_ROOT)    net (fo=19344, routed)       2.197     3.039    u_core/sys_clk_IBUF_BUFG
    SLICE_X90Y101        FDRE                                         r  u_core/rst_sync_ff_reg[1]_replica/C
  -------------------------------------------------------------------    -------------------
    SLICE_X90Y101        FDRE (Prop_AFF_SLICEM_C_Q)
                                                      0.077     3.116 f  u_core/rst_sync_ff_reg[1]_replica/Q
                         net (fo=189, routed)         1.337     4.452    u_core/u_core/u_ssm_core/u_lam_fifo/u_fifo/U0/inst_fifo_gen/gaxis_fifo.gaxisf.axisf/gbi.bi/s_aresetn
    SLICE_X95Y55         LUT1 (Prop_E6LUT_SLICEL_I0_O)
                                                      0.147     4.599 r  u_core/u_core/u_ssm_core/u_lam_fifo/u_fifo/U0/inst_fifo_gen/gaxis_fifo.gaxisf.axisf/gbi.bi/v8_fifo.gbi8s_axi_srst.srst_q[0]_i_1/O
                         net (fo=1, routed)           0.240     4.839    u_core/u_core/u_ssm_core/u_lam_fifo/u_fifo/U0/inst_fifo_gen/gaxis_fifo.gaxisf.axisf/gbi.bi/p_0_in[0]
    SLICE_X95Y55         FDRE                                         r  u_core/u_core/u_ssm_core/u_lam_fifo/u_fifo/U0/inst_fifo_gen/gaxis_fifo.gaxisf.axisf/gbi.bi/v8_fifo.gbi8s_axi_srst.srst_q_reg[0]/D
  -------------------------------------------------------------------    -------------------

                         (clock sys_clk rise edge)    0.000     0.000 r  
    Y8                                                0.000     0.000 r  sys_clk (IN)
                         net (fo=0)                   0.000     0.000    sys_clk_IBUF_inst/I
    Y8                   INBUF (Prop_INBUF_HPIOB_M_PAD_O)
                                                      0.232     0.232 r  sys_clk_IBUF_inst/INBUF_INST/O
                         net (fo=1, routed)           0.000     0.232    sys_clk_IBUF_inst/OUT
    Y8                   IBUFCTRL (Prop_IBUFCTRL_HPIOB_M_I_O)
                                                      0.000     0.232 r  sys_clk_IBUF_inst/IBUFCTRL_INST/O
                         net (fo=1, routed)           0.293     0.525    sys_clk_IBUF
    BUFGCE_X0Y49         BUFGCE (Prop_BUFCE_BUFGCE_I_O)
                                                      0.024     0.549 r  sys_clk_IBUF_BUFG_inst/O
    X2Y1 (CLOCK_ROOT)    net (fo=19344, routed)       2.003     2.552    u_core/u_core/u_ssm_core/u_lam_fifo/u_fifo/U0/inst_fifo_gen/gaxis_fifo.gaxisf.axisf/gbi.bi/s_aclk
    SLICE_X95Y55         FDRE                                         r  u_core/u_core/u_ssm_core/u_lam_fifo/u_fifo/U0/inst_fifo_gen/gaxis_fifo.gaxisf.axisf/gbi.bi/v8_fifo.gbi8s_axi_srst.srst_q_reg[0]/C

Slack:                    inf
  Source:                 u_core/rst_sync_ff_reg[1]_replica/C
                            (rising edge-triggered cell FDRE clocked by sys_clk  {rise@0.000ns fall@5.000ns period=10.000ns})
  Destination:            u_core/u_core/u_u_silu/u_x_fifo/u_fifo/U0/inst_fifo_gen/gaxis_fifo.gaxisf.axisf/gbi.bi/v8_fifo.gbi8s_axi_srst.srst_q_reg[0]/D
                            (rising edge-triggered cell FDRE clocked by sys_clk  {rise@0.000ns fall@5.000ns period=10.000ns})
  Path Group:             (none)
  Path Type:              Setup (Max at Slow Process Corner)
  Data Path Delay:        1.590ns  (logic 0.114ns (7.168%)  route 1.476ns (92.832%))
  Logic Levels:           1  (LUT1=1)
  Clock Path Skew:        -0.487ns (DCD - SCD + CPR)
    Destination Clock Delay (DCD):    2.552ns
    Source Clock Delay      (SCD):    3.039ns
    Clock Pessimism Removal (CPR):    0.000ns
  Clock Uncertainty:      0.035ns  ((TSJ^2 + TIJ^2)^1/2 + DJ) / 2 + PE
    Total System Jitter     (TSJ):    0.071ns
    Total Input Jitter      (TIJ):    0.000ns
    Discrete Jitter          (DJ):    0.000ns
    Phase Error              (PE):    0.000ns
  Clock Net Delay (Source):      2.197ns (routing 1.047ns, distribution 1.150ns)
  Clock Net Delay (Destination): 2.003ns (routing 0.953ns, distribution 1.050ns)
  Timing Exception:       False Path

    Location             Delay type                Incr(ns)  Path(ns)    Netlist Resource(s)
  -------------------------------------------------------------------    -------------------
                         (clock sys_clk rise edge)    0.000     0.000 r  
    Y8                                                0.000     0.000 r  sys_clk (IN)
                         net (fo=0)                   0.000     0.000    sys_clk_IBUF_inst/I
    Y8                   INBUF (Prop_INBUF_HPIOB_M_PAD_O)
                                                      0.482     0.482 r  sys_clk_IBUF_inst/INBUF_INST/O
                         net (fo=1, routed)           0.000     0.482    sys_clk_IBUF_inst/OUT
    Y8                   IBUFCTRL (Prop_IBUFCTRL_HPIOB_M_I_O)
                                                      0.000     0.482 r  sys_clk_IBUF_inst/IBUFCTRL_INST/O
                         net (fo=1, routed)           0.332     0.814    sys_clk_IBUF
    BUFGCE_X0Y49         BUFGCE (Prop_BUFCE_BUFGCE_I_O)
                                                      0.028     0.842 r  sys_clk_IBUF_BUFG_inst/O
    X2Y1 (CLOCK_ROOT)    net (fo=19344, routed)       2.197     3.039    u_core/sys_clk_IBUF_BUFG
    SLICE_X90Y101        FDRE                                         r  u_core/rst_sync_ff_reg[1]_replica/C
  -------------------------------------------------------------------    -------------------
    SLICE_X90Y101        FDRE (Prop_AFF_SLICEM_C_Q)
                                                      0.077     3.116 f  u_core/rst_sync_ff_reg[1]_replica/Q
                         net (fo=189, routed)         1.296     4.412    u_core/u_core/u_u_silu/u_x_fifo/u_fifo/U0/inst_fifo_gen/gaxis_fifo.gaxisf.axisf/gbi.bi/s_aresetn
    SLICE_X96Y43         LUT1 (Prop_E6LUT_SLICEM_I0_O)
                                                      0.037     4.449 r  u_core/u_core/u_u_silu/u_x_fifo/u_fifo/U0/inst_fifo_gen/gaxis_fifo.gaxisf.axisf/gbi.bi/v8_fifo.gbi8s_axi_srst.srst_q[0]_i_1/O
                         net (fo=1, routed)           0.180     4.629    u_core/u_core/u_u_silu/u_x_fifo/u_fifo/U0/inst_fifo_gen/gaxis_fifo.gaxisf.axisf/gbi.bi/p_0_in[0]
    SLICE_X96Y43         FDRE                                         r  u_core/u_core/u_u_silu/u_x_fifo/u_fifo/U0/inst_fifo_gen/gaxis_fifo.gaxisf.axisf/gbi.bi/v8_fifo.gbi8s_axi_srst.srst_q_reg[0]/D
  -------------------------------------------------------------------    -------------------

                         (clock sys_clk rise edge)    0.000     0.000 r  
    Y8                                                0.000     0.000 r  sys_clk (IN)
                         net (fo=0)                   0.000     0.000    sys_clk_IBUF_inst/I
    Y8                   INBUF (Prop_INBUF_HPIOB_M_PAD_O)
                                                      0.232     0.232 r  sys_clk_IBUF_inst/INBUF_INST/O
                         net (fo=1, routed)           0.000     0.232    sys_clk_IBUF_inst/OUT
    Y8                   IBUFCTRL (Prop_IBUFCTRL_HPIOB_M_I_O)
                                                      0.000     0.232 r  sys_clk_IBUF_inst/IBUFCTRL_INST/O
                         net (fo=1, routed)           0.293     0.525    sys_clk_IBUF
    BUFGCE_X0Y49         BUFGCE (Prop_BUFCE_BUFGCE_I_O)
                                                      0.024     0.549 r  sys_clk_IBUF_BUFG_inst/O
    X2Y1 (CLOCK_ROOT)    net (fo=19344, routed)       2.003     2.552    u_core/u_core/u_u_silu/u_x_fifo/u_fifo/U0/inst_fifo_gen/gaxis_fifo.gaxisf.axisf/gbi.bi/s_aclk
    SLICE_X96Y43         FDRE                                         r  u_core/u_core/u_u_silu/u_x_fifo/u_fifo/U0/inst_fifo_gen/gaxis_fifo.gaxisf.axisf/gbi.bi/v8_fifo.gbi8s_axi_srst.srst_q_reg[0]/C

Slack:                    inf
  Source:                 u_core/rst_sync_ff_reg[1]_replica/C
                            (rising edge-triggered cell FDRE clocked by sys_clk  {rise@0.000ns fall@5.000ns period=10.000ns})
  Destination:            u_core/u_core/u_silu/u_x_fifo/u_fifo/U0/inst_fifo_gen/gaxis_fifo.gaxisf.axisf/gbi.bi/v8_fifo.gbi8s_axi_srst.srst_q_reg[0]/D
                            (rising edge-triggered cell FDRE clocked by sys_clk  {rise@0.000ns fall@5.000ns period=10.000ns})
  Path Group:             (none)
  Path Type:              Setup (Max at Slow Process Corner)
  Data Path Delay:        1.369ns  (logic 0.189ns (13.809%)  route 1.180ns (86.191%))
  Logic Levels:           1  (LUT1=1)
  Clock Path Skew:        -0.519ns (DCD - SCD + CPR)
    Destination Clock Delay (DCD):    2.519ns
    Source Clock Delay      (SCD):    3.039ns
    Clock Pessimism Removal (CPR):    0.000ns
  Clock Uncertainty:      0.035ns  ((TSJ^2 + TIJ^2)^1/2 + DJ) / 2 + PE
    Total System Jitter     (TSJ):    0.071ns
    Total Input Jitter      (TIJ):    0.000ns
    Discrete Jitter          (DJ):    0.000ns
    Phase Error              (PE):    0.000ns
  Clock Net Delay (Source):      2.197ns (routing 1.047ns, distribution 1.150ns)
  Clock Net Delay (Destination): 1.970ns (routing 0.953ns, distribution 1.017ns)
  Timing Exception:       False Path

    Location             Delay type                Incr(ns)  Path(ns)    Netlist Resource(s)
  -------------------------------------------------------------------    -------------------
                         (clock sys_clk rise edge)    0.000     0.000 r  
    Y8                                                0.000     0.000 r  sys_clk (IN)
                         net (fo=0)                   0.000     0.000    sys_clk_IBUF_inst/I
    Y8                   INBUF (Prop_INBUF_HPIOB_M_PAD_O)
                                                      0.482     0.482 r  sys_clk_IBUF_inst/INBUF_INST/O
                         net (fo=1, routed)           0.000     0.482    sys_clk_IBUF_inst/OUT
    Y8                   IBUFCTRL (Prop_IBUFCTRL_HPIOB_M_I_O)
                                                      0.000     0.482 r  sys_clk_IBUF_inst/IBUFCTRL_INST/O
                         net (fo=1, routed)           0.332     0.814    sys_clk_IBUF
    BUFGCE_X0Y49         BUFGCE (Prop_BUFCE_BUFGCE_I_O)
                                                      0.028     0.842 r  sys_clk_IBUF_BUFG_inst/O
    X2Y1 (CLOCK_ROOT)    net (fo=19344, routed)       2.197     3.039    u_core/sys_clk_IBUF_BUFG
    SLICE_X90Y101        FDRE                                         r  u_core/rst_sync_ff_reg[1]_replica/C
  -------------------------------------------------------------------    -------------------
    SLICE_X90Y101        FDRE (Prop_AFF_SLICEM_C_Q)
                                                      0.077     3.116 f  u_core/rst_sync_ff_reg[1]_replica/Q
                         net (fo=189, routed)         0.871     3.986    u_core/u_core/u_silu/u_x_fifo/u_fifo/U0/inst_fifo_gen/gaxis_fifo.gaxisf.axisf/gbi.bi/s_aresetn
    SLICE_X95Y88         LUT1 (Prop_A5LUT_SLICEL_I0_O)
                                                      0.112     4.098 r  u_core/u_core/u_silu/u_x_fifo/u_fifo/U0/inst_fifo_gen/gaxis_fifo.gaxisf.axisf/gbi.bi/v8_fifo.gbi8s_axi_srst.srst_q[0]_i_1/O
                         net (fo=1, routed)           0.309     4.407    u_core/u_core/u_silu/u_x_fifo/u_fifo/U0/inst_fifo_gen/gaxis_fifo.gaxisf.axisf/gbi.bi/p_0_in[0]
    SLICE_X95Y88         FDRE                                         r  u_core/u_core/u_silu/u_x_fifo/u_fifo/U0/inst_fifo_gen/gaxis_fifo.gaxisf.axisf/gbi.bi/v8_fifo.gbi8s_axi_srst.srst_q_reg[0]/D
  -------------------------------------------------------------------    -------------------

                         (clock sys_clk rise edge)    0.000     0.000 r  
    Y8                                                0.000     0.000 r  sys_clk (IN)
                         net (fo=0)                   0.000     0.000    sys_clk_IBUF_inst/I
    Y8                   INBUF (Prop_INBUF_HPIOB_M_PAD_O)
                                                      0.232     0.232 r  sys_clk_IBUF_inst/INBUF_INST/O
                         net (fo=1, routed)           0.000     0.232    sys_clk_IBUF_inst/OUT
    Y8                   IBUFCTRL (Prop_IBUFCTRL_HPIOB_M_I_O)
                                                      0.000     0.232 r  sys_clk_IBUF_inst/IBUFCTRL_INST/O
                         net (fo=1, routed)           0.293     0.525    sys_clk_IBUF
    BUFGCE_X0Y49         BUFGCE (Prop_BUFCE_BUFGCE_I_O)
                                                      0.024     0.549 r  sys_clk_IBUF_BUFG_inst/O
    X2Y1 (CLOCK_ROOT)    net (fo=19344, routed)       1.970     2.519    u_core/u_core/u_silu/u_x_fifo/u_fifo/U0/inst_fifo_gen/gaxis_fifo.gaxisf.axisf/gbi.bi/s_aclk
    SLICE_X95Y88         FDRE                                         r  u_core/u_core/u_silu/u_x_fifo/u_fifo/U0/inst_fifo_gen/gaxis_fifo.gaxisf.axisf/gbi.bi/v8_fifo.gbi8s_axi_srst.srst_q_reg[0]/C

Slack:                    inf
  Source:                 u_core/rst_sync_ff_reg[1]_replica/C
                            (rising edge-triggered cell FDRE clocked by sys_clk  {rise@0.000ns fall@5.000ns period=10.000ns})
  Destination:            u_core/u_core/u_ssm_core/u_bias_fifo/u_fifo/U0/inst_fifo_gen/gaxis_fifo.gaxisf.axisf/gbi.bi/v8_fifo.gbi8s_axi_srst.srst_q_reg[0]/D
                            (rising edge-triggered cell FDRE clocked by sys_clk  {rise@0.000ns fall@5.000ns period=10.000ns})
  Path Group:             (none)
  Path Type:              Setup (Max at Slow Process Corner)
  Data Path Delay:        1.192ns  (logic 0.200ns (16.784%)  route 0.992ns (83.216%))
  Logic Levels:           1  (LUT1=1)
  Clock Path Skew:        -0.510ns (DCD - SCD + CPR)
    Destination Clock Delay (DCD):    2.529ns
    Source Clock Delay      (SCD):    3.039ns
    Clock Pessimism Removal (CPR):    0.000ns
  Clock Uncertainty:      0.035ns  ((TSJ^2 + TIJ^2)^1/2 + DJ) / 2 + PE
    Total System Jitter     (TSJ):    0.071ns
    Total Input Jitter      (TIJ):    0.000ns
    Discrete Jitter          (DJ):    0.000ns
    Phase Error              (PE):    0.000ns
  Clock Net Delay (Source):      2.197ns (routing 1.047ns, distribution 1.150ns)
  Clock Net Delay (Destination): 1.980ns (routing 0.953ns, distribution 1.027ns)
  Timing Exception:       False Path

    Location             Delay type                Incr(ns)  Path(ns)    Netlist Resource(s)
  -------------------------------------------------------------------    -------------------
                         (clock sys_clk rise edge)    0.000     0.000 r  
    Y8                                                0.000     0.000 r  sys_clk (IN)
                         net (fo=0)                   0.000     0.000    sys_clk_IBUF_inst/I
    Y8                   INBUF (Prop_INBUF_HPIOB_M_PAD_O)
                                                      0.482     0.482 r  sys_clk_IBUF_inst/INBUF_INST/O
                         net (fo=1, routed)           0.000     0.482    sys_clk_IBUF_inst/OUT
    Y8                   IBUFCTRL (Prop_IBUFCTRL_HPIOB_M_I_O)
                                                      0.000     0.482 r  sys_clk_IBUF_inst/IBUFCTRL_INST/O
                         net (fo=1, routed)           0.332     0.814    sys_clk_IBUF
    BUFGCE_X0Y49         BUFGCE (Prop_BUFCE_BUFGCE_I_O)
                                                      0.028     0.842 r  sys_clk_IBUF_BUFG_inst/O
    X2Y1 (CLOCK_ROOT)    net (fo=19344, routed)       2.197     3.039    u_core/sys_clk_IBUF_BUFG
    SLICE_X90Y101        FDRE                                         r  u_core/rst_sync_ff_reg[1]_replica/C
  -------------------------------------------------------------------    -------------------
    SLICE_X90Y101        FDRE (Prop_AFF_SLICEM_C_Q)
                                                      0.077     3.116 f  u_core/rst_sync_ff_reg[1]_replica/Q
                         net (fo=189, routed)         0.843     3.958    u_core/u_core/u_ssm_core/u_bias_fifo/u_fifo/U0/inst_fifo_gen/gaxis_fifo.gaxisf.axisf/gbi.bi/s_aresetn
    SLICE_X95Y72         LUT1 (Prop_G6LUT_SLICEL_I0_O)
                                                      0.123     4.081 r  u_core/u_core/u_ssm_core/u_bias_fifo/u_fifo/U0/inst_fifo_gen/gaxis_fifo.gaxisf.axisf/gbi.bi/v8_fifo.gbi8s_axi_srst.srst_q[0]_i_1/O
                         net (fo=1, routed)           0.149     4.230    u_core/u_core/u_ssm_core/u_bias_fifo/u_fifo/U0/inst_fifo_gen/gaxis_fifo.gaxisf.axisf/gbi.bi/p_0_in[0]
    SLICE_X95Y72         FDRE                                         r  u_core/u_core/u_ssm_core/u_bias_fifo/u_fifo/U0/inst_fifo_gen/gaxis_fifo.gaxisf.axisf/gbi.bi/v8_fifo.gbi8s_axi_srst.srst_q_reg[0]/D
  -------------------------------------------------------------------    -------------------

                         (clock sys_clk rise edge)    0.000     0.000 r  
    Y8                                                0.000     0.000 r  sys_clk (IN)
                         net (fo=0)                   0.000     0.000    sys_clk_IBUF_inst/I
    Y8                   INBUF (Prop_INBUF_HPIOB_M_PAD_O)
                                                      0.232     0.232 r  sys_clk_IBUF_inst/INBUF_INST/O
                         net (fo=1, routed)           0.000     0.232    sys_clk_IBUF_inst/OUT
    Y8                   IBUFCTRL (Prop_IBUFCTRL_HPIOB_M_I_O)
                                                      0.000     0.232 r  sys_clk_IBUF_inst/IBUFCTRL_INST/O
                         net (fo=1, routed)           0.293     0.525    sys_clk_IBUF
    BUFGCE_X0Y49         BUFGCE (Prop_BUFCE_BUFGCE_I_O)
                                                      0.024     0.549 r  sys_clk_IBUF_BUFG_inst/O
    X2Y1 (CLOCK_ROOT)    net (fo=19344, routed)       1.980     2.529    u_core/u_core/u_ssm_core/u_bias_fifo/u_fifo/U0/inst_fifo_gen/gaxis_fifo.gaxisf.axisf/gbi.bi/s_aclk
    SLICE_X95Y72         FDRE                                         r  u_core/u_core/u_ssm_core/u_bias_fifo/u_fifo/U0/inst_fifo_gen/gaxis_fifo.gaxisf.axisf/gbi.bi/v8_fifo.gbi8s_axi_srst.srst_q_reg[0]/C





Min Delay Paths
--------------------------------------------------------------------------------------
Slack:                    inf
  Source:                 u_core/rst_sync_ff_reg[1]_replica/C
                            (rising edge-triggered cell FDRE clocked by sys_clk  {rise@0.000ns fall@5.000ns period=10.000ns})
  Destination:            u_core/u_core/u_ssm_core/u_bias_fifo/u_fifo/U0/inst_fifo_gen/gaxis_fifo.gaxisf.axisf/gbi.bi/v8_fifo.gbi8s_axi_srst.srst_q_reg[0]/D
                            (rising edge-triggered cell FDRE clocked by sys_clk  {rise@0.000ns fall@5.000ns period=10.000ns})
  Path Group:             (none)
  Path Type:              Hold (Min at Fast Process Corner)
  Data Path Delay:        0.599ns  (logic 0.088ns (14.700%)  route 0.511ns (85.300%))
  Logic Levels:           1  (LUT1=1)
  Clock Path Skew:        0.392ns (DCD - SCD - CPR)
    Destination Clock Delay (DCD):    1.890ns
    Source Clock Delay      (SCD):    1.498ns
    Clock Pessimism Removal (CPR):    -0.000ns
  Clock Uncertainty:      0.035ns  ((TSJ^2 + TIJ^2)^1/2 + DJ) / 2 + PE
    Total System Jitter     (TSJ):    0.071ns
    Total Input Jitter      (TIJ):    0.000ns
    Discrete Jitter          (DJ):    0.000ns
    Phase Error              (PE):    0.000ns
  Clock Net Delay (Source):      1.208ns (routing 0.573ns, distribution 0.635ns)
  Clock Net Delay (Destination): 1.372ns (routing 0.639ns, distribution 0.733ns)
  Timing Exception:       False Path

    Location             Delay type                Incr(ns)  Path(ns)    Netlist Resource(s)
  -------------------------------------------------------------------    -------------------
                         (clock sys_clk rise edge)    0.000     0.000 r  
    Y8                                                0.000     0.000 r  sys_clk (IN)
                         net (fo=0)                   0.000     0.000    sys_clk_IBUF_inst/I
    Y8                   INBUF (Prop_INBUF_HPIOB_M_PAD_O)
                                                      0.117     0.117 r  sys_clk_IBUF_inst/INBUF_INST/O
                         net (fo=1, routed)           0.000     0.117    sys_clk_IBUF_inst/OUT
    Y8                   IBUFCTRL (Prop_IBUFCTRL_HPIOB_M_I_O)
                                                      0.000     0.117 r  sys_clk_IBUF_inst/IBUFCTRL_INST/O
                         net (fo=1, routed)           0.156     0.273    sys_clk_IBUF
    BUFGCE_X0Y49         BUFGCE (Prop_BUFCE_BUFGCE_I_O)
                                                      0.017     0.290 r  sys_clk_IBUF_BUFG_inst/O
    X2Y1 (CLOCK_ROOT)    net (fo=19344, routed)       1.208     1.498    u_core/sys_clk_IBUF_BUFG
    SLICE_X90Y101        FDRE                                         r  u_core/rst_sync_ff_reg[1]_replica/C
  -------------------------------------------------------------------    -------------------
    SLICE_X90Y101        FDRE (Prop_AFF_SLICEM_C_Q)
                                                      0.038     1.536 f  u_core/rst_sync_ff_reg[1]_replica/Q
                         net (fo=189, routed)         0.459     1.995    u_core/u_core/u_ssm_core/u_bias_fifo/u_fifo/U0/inst_fifo_gen/gaxis_fifo.gaxisf.axisf/gbi.bi/s_aresetn
    SLICE_X95Y72         LUT1 (Prop_G6LUT_SLICEL_I0_O)
                                                      0.050     2.045 r  u_core/u_core/u_ssm_core/u_bias_fifo/u_fifo/U0/inst_fifo_gen/gaxis_fifo.gaxisf.axisf/gbi.bi/v8_fifo.gbi8s_axi_srst.srst_q[0]_i_1/O
                         net (fo=1, routed)           0.052     2.097    u_core/u_core/u_ssm_core/u_bias_fifo/u_fifo/U0/inst_fifo_gen/gaxis_fifo.gaxisf.axisf/gbi.bi/p_0_in[0]
    SLICE_X95Y72         FDRE                                         r  u_core/u_core/u_ssm_core/u_bias_fifo/u_fifo/U0/inst_fifo_gen/gaxis_fifo.gaxisf.axisf/gbi.bi/v8_fifo.gbi8s_axi_srst.srst_q_reg[0]/D
  -------------------------------------------------------------------    -------------------

                         (clock sys_clk rise edge)    0.000     0.000 r  
    Y8                                                0.000     0.000 r  sys_clk (IN)
                         net (fo=0)                   0.000     0.000    sys_clk_IBUF_inst/I
    Y8                   INBUF (Prop_INBUF_HPIOB_M_PAD_O)
                                                      0.302     0.302 r  sys_clk_IBUF_inst/INBUF_INST/O
                         net (fo=1, routed)           0.000     0.302    sys_clk_IBUF_inst/OUT
    Y8                   IBUFCTRL (Prop_IBUFCTRL_HPIOB_M_I_O)
                                                      0.000     0.302 r  sys_clk_IBUF_inst/IBUFCTRL_INST/O
                         net (fo=1, routed)           0.197     0.499    sys_clk_IBUF
    BUFGCE_X0Y49         BUFGCE (Prop_BUFCE_BUFGCE_I_O)
                                                      0.019     0.518 r  sys_clk_IBUF_BUFG_inst/O
    X2Y1 (CLOCK_ROOT)    net (fo=19344, routed)       1.372     1.890    u_core/u_core/u_ssm_core/u_bias_fifo/u_fifo/U0/inst_fifo_gen/gaxis_fifo.gaxisf.axisf/gbi.bi/s_aclk
    SLICE_X95Y72         FDRE                                         r  u_core/u_core/u_ssm_core/u_bias_fifo/u_fifo/U0/inst_fifo_gen/gaxis_fifo.gaxisf.axisf/gbi.bi/v8_fifo.gbi8s_axi_srst.srst_q_reg[0]/C

Slack:                    inf
  Source:                 u_core/rst_sync_ff_reg[1]_replica/C
                            (rising edge-triggered cell FDRE clocked by sys_clk  {rise@0.000ns fall@5.000ns period=10.000ns})
  Destination:            u_core/u_core/u_silu/u_x_fifo/u_fifo/U0/inst_fifo_gen/gaxis_fifo.gaxisf.axisf/gbi.bi/v8_fifo.gbi8s_axi_srst.srst_q_reg[0]/D
                            (rising edge-triggered cell FDRE clocked by sys_clk  {rise@0.000ns fall@5.000ns period=10.000ns})
  Path Group:             (none)
  Path Type:              Hold (Min at Fast Process Corner)
  Data Path Delay:        0.684ns  (logic 0.076ns (11.104%)  route 0.608ns (88.896%))
  Logic Levels:           1  (LUT1=1)
  Clock Path Skew:        0.386ns (DCD - SCD - CPR)
    Destination Clock Delay (DCD):    1.884ns
    Source Clock Delay      (SCD):    1.498ns
    Clock Pessimism Removal (CPR):    -0.000ns
  Clock Uncertainty:      0.035ns  ((TSJ^2 + TIJ^2)^1/2 + DJ) / 2 + PE
    Total System Jitter     (TSJ):    0.071ns
    Total Input Jitter      (TIJ):    0.000ns
    Discrete Jitter          (DJ):    0.000ns
    Phase Error              (PE):    0.000ns
  Clock Net Delay (Source):      1.208ns (routing 0.573ns, distribution 0.635ns)
  Clock Net Delay (Destination): 1.366ns (routing 0.639ns, distribution 0.727ns)
  Timing Exception:       False Path

    Location             Delay type                Incr(ns)  Path(ns)    Netlist Resource(s)
  -------------------------------------------------------------------    -------------------
                         (clock sys_clk rise edge)    0.000     0.000 r  
    Y8                                                0.000     0.000 r  sys_clk (IN)
                         net (fo=0)                   0.000     0.000    sys_clk_IBUF_inst/I
    Y8                   INBUF (Prop_INBUF_HPIOB_M_PAD_O)
                                                      0.117     0.117 r  sys_clk_IBUF_inst/INBUF_INST/O
                         net (fo=1, routed)           0.000     0.117    sys_clk_IBUF_inst/OUT
    Y8                   IBUFCTRL (Prop_IBUFCTRL_HPIOB_M_I_O)
                                                      0.000     0.117 r  sys_clk_IBUF_inst/IBUFCTRL_INST/O
                         net (fo=1, routed)           0.156     0.273    sys_clk_IBUF
    BUFGCE_X0Y49         BUFGCE (Prop_BUFCE_BUFGCE_I_O)
                                                      0.017     0.290 r  sys_clk_IBUF_BUFG_inst/O
    X2Y1 (CLOCK_ROOT)    net (fo=19344, routed)       1.208     1.498    u_core/sys_clk_IBUF_BUFG
    SLICE_X90Y101        FDRE                                         r  u_core/rst_sync_ff_reg[1]_replica/C
  -------------------------------------------------------------------    -------------------
    SLICE_X90Y101        FDRE (Prop_AFF_SLICEM_C_Q)
                                                      0.038     1.536 f  u_core/rst_sync_ff_reg[1]_replica/Q
                         net (fo=189, routed)         0.469     2.005    u_core/u_core/u_silu/u_x_fifo/u_fifo/U0/inst_fifo_gen/gaxis_fifo.gaxisf.axisf/gbi.bi/s_aresetn
    SLICE_X95Y88         LUT1 (Prop_A5LUT_SLICEL_I0_O)
                                                      0.038     2.043 r  u_core/u_core/u_silu/u_x_fifo/u_fifo/U0/inst_fifo_gen/gaxis_fifo.gaxisf.axisf/gbi.bi/v8_fifo.gbi8s_axi_srst.srst_q[0]_i_1/O
                         net (fo=1, routed)           0.139     2.182    u_core/u_core/u_silu/u_x_fifo/u_fifo/U0/inst_fifo_gen/gaxis_fifo.gaxisf.axisf/gbi.bi/p_0_in[0]
    SLICE_X95Y88         FDRE                                         r  u_core/u_core/u_silu/u_x_fifo/u_fifo/U0/inst_fifo_gen/gaxis_fifo.gaxisf.axisf/gbi.bi/v8_fifo.gbi8s_axi_srst.srst_q_reg[0]/D
  -------------------------------------------------------------------    -------------------

                         (clock sys_clk rise edge)    0.000     0.000 r  
    Y8                                                0.000     0.000 r  sys_clk (IN)
                         net (fo=0)                   0.000     0.000    sys_clk_IBUF_inst/I
    Y8                   INBUF (Prop_INBUF_HPIOB_M_PAD_O)
                                                      0.302     0.302 r  sys_clk_IBUF_inst/INBUF_INST/O
                         net (fo=1, routed)           0.000     0.302    sys_clk_IBUF_inst/OUT
    Y8                   IBUFCTRL (Prop_IBUFCTRL_HPIOB_M_I_O)
                                                      0.000     0.302 r  sys_clk_IBUF_inst/IBUFCTRL_INST/O
                         net (fo=1, routed)           0.197     0.499    sys_clk_IBUF
    BUFGCE_X0Y49         BUFGCE (Prop_BUFCE_BUFGCE_I_O)
                                                      0.019     0.518 r  sys_clk_IBUF_BUFG_inst/O
    X2Y1 (CLOCK_ROOT)    net (fo=19344, routed)       1.366     1.884    u_core/u_core/u_silu/u_x_fifo/u_fifo/U0/inst_fifo_gen/gaxis_fifo.gaxisf.axisf/gbi.bi/s_aclk
    SLICE_X95Y88         FDRE                                         r  u_core/u_core/u_silu/u_x_fifo/u_fifo/U0/inst_fifo_gen/gaxis_fifo.gaxisf.axisf/gbi.bi/v8_fifo.gbi8s_axi_srst.srst_q_reg[0]/C

Slack:                    inf
  Source:                 u_core/rst_sync_ff_reg[1]_replica/C
                            (rising edge-triggered cell FDRE clocked by sys_clk  {rise@0.000ns fall@5.000ns period=10.000ns})
  Destination:            u_core/u_core/u_u_silu/u_x_fifo/u_fifo/U0/inst_fifo_gen/gaxis_fifo.gaxisf.axisf/gbi.bi/v8_fifo.gbi8s_axi_srst.srst_q_reg[0]/D
                            (rising edge-triggered cell FDRE clocked by sys_clk  {rise@0.000ns fall@5.000ns period=10.000ns})
  Path Group:             (none)
  Path Type:              Hold (Min at Fast Process Corner)
  Data Path Delay:        0.787ns  (logic 0.052ns (6.611%)  route 0.735ns (93.389%))
  Logic Levels:           1  (LUT1=1)
  Clock Path Skew:        0.416ns (DCD - SCD - CPR)
    Destination Clock Delay (DCD):    1.914ns
    Source Clock Delay      (SCD):    1.498ns
    Clock Pessimism Removal (CPR):    -0.000ns
  Clock Uncertainty:      0.035ns  ((TSJ^2 + TIJ^2)^1/2 + DJ) / 2 + PE
    Total System Jitter     (TSJ):    0.071ns
    Total Input Jitter      (TIJ):    0.000ns
    Discrete Jitter          (DJ):    0.000ns
    Phase Error              (PE):    0.000ns
  Clock Net Delay (Source):      1.208ns (routing 0.573ns, distribution 0.635ns)
  Clock Net Delay (Destination): 1.396ns (routing 0.639ns, distribution 0.757ns)
  Timing Exception:       False Path

    Location             Delay type                Incr(ns)  Path(ns)    Netlist Resource(s)
  -------------------------------------------------------------------    -------------------
                         (clock sys_clk rise edge)    0.000     0.000 r  
    Y8                                                0.000     0.000 r  sys_clk (IN)
                         net (fo=0)                   0.000     0.000    sys_clk_IBUF_inst/I
    Y8                   INBUF (Prop_INBUF_HPIOB_M_PAD_O)
                                                      0.117     0.117 r  sys_clk_IBUF_inst/INBUF_INST/O
                         net (fo=1, routed)           0.000     0.117    sys_clk_IBUF_inst/OUT
    Y8                   IBUFCTRL (Prop_IBUFCTRL_HPIOB_M_I_O)
                                                      0.000     0.117 r  sys_clk_IBUF_inst/IBUFCTRL_INST/O
                         net (fo=1, routed)           0.156     0.273    sys_clk_IBUF
    BUFGCE_X0Y49         BUFGCE (Prop_BUFCE_BUFGCE_I_O)
                                                      0.017     0.290 r  sys_clk_IBUF_BUFG_inst/O
    X2Y1 (CLOCK_ROOT)    net (fo=19344, routed)       1.208     1.498    u_core/sys_clk_IBUF_BUFG
    SLICE_X90Y101        FDRE                                         r  u_core/rst_sync_ff_reg[1]_replica/C
  -------------------------------------------------------------------    -------------------
    SLICE_X90Y101        FDRE (Prop_AFF_SLICEM_C_Q)
                                                      0.038     1.536 f  u_core/rst_sync_ff_reg[1]_replica/Q
                         net (fo=189, routed)         0.672     2.207    u_core/u_core/u_u_silu/u_x_fifo/u_fifo/U0/inst_fifo_gen/gaxis_fifo.gaxisf.axisf/gbi.bi/s_aresetn
    SLICE_X96Y43         LUT1 (Prop_E6LUT_SLICEM_I0_O)
                                                      0.014     2.221 r  u_core/u_core/u_u_silu/u_x_fifo/u_fifo/U0/inst_fifo_gen/gaxis_fifo.gaxisf.axisf/gbi.bi/v8_fifo.gbi8s_axi_srst.srst_q[0]_i_1/O
                         net (fo=1, routed)           0.063     2.284    u_core/u_core/u_u_silu/u_x_fifo/u_fifo/U0/inst_fifo_gen/gaxis_fifo.gaxisf.axisf/gbi.bi/p_0_in[0]
    SLICE_X96Y43         FDRE                                         r  u_core/u_core/u_u_silu/u_x_fifo/u_fifo/U0/inst_fifo_gen/gaxis_fifo.gaxisf.axisf/gbi.bi/v8_fifo.gbi8s_axi_srst.srst_q_reg[0]/D
  -------------------------------------------------------------------    -------------------

                         (clock sys_clk rise edge)    0.000     0.000 r  
    Y8                                                0.000     0.000 r  sys_clk (IN)
                         net (fo=0)                   0.000     0.000    sys_clk_IBUF_inst/I
    Y8                   INBUF (Prop_INBUF_HPIOB_M_PAD_O)
                                                      0.302     0.302 r  sys_clk_IBUF_inst/INBUF_INST/O
                         net (fo=1, routed)           0.000     0.302    sys_clk_IBUF_inst/OUT
    Y8                   IBUFCTRL (Prop_IBUFCTRL_HPIOB_M_I_O)
                                                      0.000     0.302 r  sys_clk_IBUF_inst/IBUFCTRL_INST/O
                         net (fo=1, routed)           0.197     0.499    sys_clk_IBUF
    BUFGCE_X0Y49         BUFGCE (Prop_BUFCE_BUFGCE_I_O)
                                                      0.019     0.518 r  sys_clk_IBUF_BUFG_inst/O
    X2Y1 (CLOCK_ROOT)    net (fo=19344, routed)       1.396     1.914    u_core/u_core/u_u_silu/u_x_fifo/u_fifo/U0/inst_fifo_gen/gaxis_fifo.gaxisf.axisf/gbi.bi/s_aclk
    SLICE_X96Y43         FDRE                                         r  u_core/u_core/u_u_silu/u_x_fifo/u_fifo/U0/inst_fifo_gen/gaxis_fifo.gaxisf.axisf/gbi.bi/v8_fifo.gbi8s_axi_srst.srst_q_reg[0]/C

Slack:                    inf
  Source:                 u_core/rst_sync_ff_reg[1]_replica/C
                            (rising edge-triggered cell FDRE clocked by sys_clk  {rise@0.000ns fall@5.000ns period=10.000ns})
  Destination:            u_core/u_core/u_ssm_core/u_lam_fifo/u_fifo/U0/inst_fifo_gen/gaxis_fifo.gaxisf.axisf/gbi.bi/v8_fifo.gbi8s_axi_srst.srst_q_reg[0]/D
                            (rising edge-triggered cell FDRE clocked by sys_clk  {rise@0.000ns fall@5.000ns period=10.000ns})
  Path Group:             (none)
  Path Type:              Hold (Min at Fast Process Corner)
  Data Path Delay:        0.892ns  (logic 0.097ns (10.880%)  route 0.795ns (89.120%))
  Logic Levels:           1  (LUT1=1)
  Clock Path Skew:        0.414ns (DCD - SCD - CPR)
    Destination Clock Delay (DCD):    1.912ns
    Source Clock Delay      (SCD):    1.498ns
    Clock Pessimism Removal (CPR):    -0.000ns
  Clock Uncertainty:      0.035ns  ((TSJ^2 + TIJ^2)^1/2 + DJ) / 2 + PE
    Total System Jitter     (TSJ):    0.071ns
    Total Input Jitter      (TIJ):    0.000ns
    Discrete Jitter          (DJ):    0.000ns
    Phase Error              (PE):    0.000ns
  Clock Net Delay (Source):      1.208ns (routing 0.573ns, distribution 0.635ns)
  Clock Net Delay (Destination): 1.394ns (routing 0.639ns, distribution 0.755ns)
  Timing Exception:       False Path

    Location             Delay type                Incr(ns)  Path(ns)    Netlist Resource(s)
  -------------------------------------------------------------------    -------------------
                         (clock sys_clk rise edge)    0.000     0.000 r  
    Y8                                                0.000     0.000 r  sys_clk (IN)
                         net (fo=0)                   0.000     0.000    sys_clk_IBUF_inst/I
    Y8                   INBUF (Prop_INBUF_HPIOB_M_PAD_O)
                                                      0.117     0.117 r  sys_clk_IBUF_inst/INBUF_INST/O
                         net (fo=1, routed)           0.000     0.117    sys_clk_IBUF_inst/OUT
    Y8                   IBUFCTRL (Prop_IBUFCTRL_HPIOB_M_I_O)
                                                      0.000     0.117 r  sys_clk_IBUF_inst/IBUFCTRL_INST/O
                         net (fo=1, routed)           0.156     0.273    sys_clk_IBUF
    BUFGCE_X0Y49         BUFGCE (Prop_BUFCE_BUFGCE_I_O)
                                                      0.017     0.290 r  sys_clk_IBUF_BUFG_inst/O
    X2Y1 (CLOCK_ROOT)    net (fo=19344, routed)       1.208     1.498    u_core/sys_clk_IBUF_BUFG
    SLICE_X90Y101        FDRE                                         r  u_core/rst_sync_ff_reg[1]_replica/C
  -------------------------------------------------------------------    -------------------
    SLICE_X90Y101        FDRE (Prop_AFF_SLICEM_C_Q)
                                                      0.038     1.536 f  u_core/rst_sync_ff_reg[1]_replica/Q
                         net (fo=189, routed)         0.716     2.251    u_core/u_core/u_ssm_core/u_lam_fifo/u_fifo/U0/inst_fifo_gen/gaxis_fifo.gaxisf.axisf/gbi.bi/s_aresetn
    SLICE_X95Y55         LUT1 (Prop_E6LUT_SLICEL_I0_O)
                                                      0.059     2.310 r  u_core/u_core/u_ssm_core/u_lam_fifo/u_fifo/U0/inst_fifo_gen/gaxis_fifo.gaxisf.axisf/gbi.bi/v8_fifo.gbi8s_axi_srst.srst_q[0]_i_1/O
                         net (fo=1, routed)           0.079     2.389    u_core/u_core/u_ssm_core/u_lam_fifo/u_fifo/U0/inst_fifo_gen/gaxis_fifo.gaxisf.axisf/gbi.bi/p_0_in[0]
    SLICE_X95Y55         FDRE                                         r  u_core/u_core/u_ssm_core/u_lam_fifo/u_fifo/U0/inst_fifo_gen/gaxis_fifo.gaxisf.axisf/gbi.bi/v8_fifo.gbi8s_axi_srst.srst_q_reg[0]/D
  -------------------------------------------------------------------    -------------------

                         (clock sys_clk rise edge)    0.000     0.000 r  
    Y8                                                0.000     0.000 r  sys_clk (IN)
                         net (fo=0)                   0.000     0.000    sys_clk_IBUF_inst/I
    Y8                   INBUF (Prop_INBUF_HPIOB_M_PAD_O)
                                                      0.302     0.302 r  sys_clk_IBUF_inst/INBUF_INST/O
                         net (fo=1, routed)           0.000     0.302    sys_clk_IBUF_inst/OUT
    Y8                   IBUFCTRL (Prop_IBUFCTRL_HPIOB_M_I_O)
                                                      0.000     0.302 r  sys_clk_IBUF_inst/IBUFCTRL_INST/O
                         net (fo=1, routed)           0.197     0.499    sys_clk_IBUF
    BUFGCE_X0Y49         BUFGCE (Prop_BUFCE_BUFGCE_I_O)
                                                      0.019     0.518 r  sys_clk_IBUF_BUFG_inst/O
    X2Y1 (CLOCK_ROOT)    net (fo=19344, routed)       1.394     1.912    u_core/u_core/u_ssm_core/u_lam_fifo/u_fifo/U0/inst_fifo_gen/gaxis_fifo.gaxisf.axisf/gbi.bi/s_aclk
    SLICE_X95Y55         FDRE                                         r  u_core/u_core/u_ssm_core/u_lam_fifo/u_fifo/U0/inst_fifo_gen/gaxis_fifo.gaxisf.axisf/gbi.bi/v8_fifo.gbi8s_axi_srst.srst_q_reg[0]/C





