epoch,train_loss,eval_loss,epe_mean,epe_median,epe_p80,epe_p90,mae_x,mae_y
1,0.08259478088367436,0.029512011222452422,0.2892061173915863,0.2528725564479828,0.42738690972328186,0.5384929776191711,0.15434147417545319,0.20857973396778107
2,0.017577956612724262,0.019432561990398212,0.23644763231277466,0.2095525860786438,0.35024023056030273,0.4374150335788727,0.12105365842580795,0.17548349499702454
