epoch,train_loss,eval_loss,epe_mean,epe_median,epe_p80,epe_p90,mae_x,mae_y
1,0.09484059768824626,0.03416283169642105,0.3083007335662842,0.2593289613723755,0.46555355191230774,0.6006189584732056,0.1629219949245453,0.22496171295642853
2,0.01386549013247543,0.021825408646632287,0.24632127583026886,0.20539136230945587,0.3678656220436096,0.4705882966518402,0.13507555425167084,0.17371974885463715
3,0.005578982132711215,0.011500140413670394,0.18112240731716156,0.15396752953529358,0.26838061213493347,0.3415459096431732,0.08998873829841614,0.13818073272705078
4,0.0029425940517497904,0.01310507767258253,0.1888829618692398,0.15569230914115906,0.2860581576824188,0.3698756992816925,0.08470508456230164,0.150953471660614
5,0.0018149990447203727,0.011472512756179887,0.17330558598041534,0.13847224414348602,0.25914710760116577,0.3559366762638092,0.08001428842544556,0.13623692095279694
6,0.0013440958496371593,0.011166644505017864,0.17135639488697052,0.13810467720031738,0.25561797618865967,0.3514453172683716,0.07989780604839325,0.13395994901657104
